key,total_views
synth_1,8409097
synth_2,3660272
synth_3,2250110
synth_4,1593226
synth_5,1218948
synth_6,979417
synth_7,814014
synth_8,693492
synth_9,602086
synth_10,530578
synth_11,473236
synth_12,426316
synth_13,387273
synth_14,354320
synth_15,326167
synth_16,301860
synth_17,280679
synth_18,262073
synth_19,245609
synth_20,230948
synth_21,217814
synth_22,205988
synth_23,195288
synth_24,185565
synth_25,176694
synth_26,168570
synth_27,161106
synth_28,154227
synth_29,147867
synth_30,141972
synth_31,136495
synth_32,131392
synth_33,126629
synth_34,122173
synth_35,117996
synth_36,114074
synth_37,110384
synth_38,106908
synth_39,103627
synth_40,100526
synth_41,97591
synth_42,94809
synth_43,92169
synth_44,89662
synth_45,87276
synth_46,85004
synth_47,82838
synth_48,80772
synth_49,78798
synth_50,76910
synth_51,75104
synth_52,73375
synth_53,71716
synth_54,70126
synth_55,68598
synth_56,67131
synth_57,65720
synth_58,64363
synth_59,63056
synth_60,61797
synth_61,60583
synth_62,59413
synth_63,58283
synth_64,57192
synth_65,56138
synth_66,55118
synth_67,54133
synth_68,53179
synth_69,52255
synth_70,51361
synth_71,50494
synth_72,49654
synth_73,48838
synth_74,48048
synth_75,47280
synth_76,46534
synth_77,45810
synth_78,45106
synth_79,44422
synth_80,43756
synth_81,43109
synth_82,42479
synth_83,41865
synth_84,41268
synth_85,40686
synth_86,40119
synth_87,39566
synth_88,39027
synth_89,38502
synth_90,37989
synth_91,37489
synth_92,37000
synth_93,36523
synth_94,36058
synth_95,35603
synth_96,35158
synth_97,34723
synth_98,34299
synth_99,33883
synth_100,33477
synth_101,33080
synth_102,32691
synth_103,32311
synth_104,31938
synth_105,31573
synth_106,31216
synth_107,30867
synth_108,30524
synth_109,30188
synth_110,29859
synth_111,29537
synth_112,29221
synth_113,28910
synth_114,28606
synth_115,28308
synth_116,28016
synth_117,27728
synth_118,27447
synth_119,27170
synth_120,26899
synth_121,26632
synth_122,26370
synth_123,26113
synth_124,25861
synth_125,25613
synth_126,25369
synth_127,25130
synth_128,24894
synth_129,24663
synth_130,24435
synth_131,24212
synth_132,23992
synth_133,23775
synth_134,23563
synth_135,23353
synth_136,23147
synth_137,22945
synth_138,22745
synth_139,22549
synth_140,22356
synth_141,22166
synth_142,21979
synth_143,21794
synth_144,21613
synth_145,21434
synth_146,21258
synth_147,21085
synth_148,20914
synth_149,20746
synth_150,20580
synth_151,20416
synth_152,20255
synth_153,20096
synth_154,19940
synth_155,19786
synth_156,19634
synth_157,19484
synth_158,19336
synth_159,19190
synth_160,19046
synth_161,18904
synth_162,18764
synth_163,18626
synth_164,18490
synth_165,18356
synth_166,18223
synth_167,18092
synth_168,17963
synth_169,17836
synth_170,17710
synth_171,17585
synth_172,17463
synth_173,17342
synth_174,17222
synth_175,17104
synth_176,16988
synth_177,16873
synth_178,16759
synth_179,16647
synth_180,16536
synth_181,16426
synth_182,16318
synth_183,16211
synth_184,16105
synth_185,16001
synth_186,15898
synth_187,15796
synth_188,15695
synth_189,15595
synth_190,15497
synth_191,15400
synth_192,15303
synth_193,15208
synth_194,15114
synth_195,15021
synth_196,14929
synth_197,14838
synth_198,14749
synth_199,14660
synth_200,14572
synth_201,14485
synth_202,14399
synth_203,14314
synth_204,14230
synth_205,14146
synth_206,14064
synth_207,13983
synth_208,13902
synth_209,13822
synth_210,13743
synth_211,13665
synth_212,13588
synth_213,13511
synth_214,13435
synth_215,13361
synth_216,13286
synth_217,13213
synth_218,13140
synth_219,13068
synth_220,12997
synth_221,12926
synth_222,12857
synth_223,12787
synth_224,12719
synth_225,12651
synth_226,12584
synth_227,12518
synth_228,12452
synth_229,12386
synth_230,12322
synth_231,12258
synth_232,12194
synth_233,12132
synth_234,12070
synth_235,12008
synth_236,11947
synth_237,11886
synth_238,11827
synth_239,11767
synth_240,11708
synth_241,11650
synth_242,11592
synth_243,11535
synth_244,11478
synth_245,11422
synth_246,11367
synth_247,11311
synth_248,11257
synth_249,11202
synth_250,11149
synth_251,11095
synth_252,11043
synth_253,10990
synth_254,10938
synth_255,10887
synth_256,10836
synth_257,10785
synth_258,10735
synth_259,10685
synth_260,10636
synth_261,10587
synth_262,10539
synth_263,10491
synth_264,10443
synth_265,10396
synth_266,10349
synth_267,10302
synth_268,10256
synth_269,10210
synth_270,10165
synth_271,10120
synth_272,10076
synth_273,10031
synth_274,9987
synth_275,9944
synth_276,9901
synth_277,9858
synth_278,9815
synth_279,9773
synth_280,9731
synth_281,9690
synth_282,9648
synth_283,9607
synth_284,9567
synth_285,9527
synth_286,9487
synth_287,9447
synth_288,9408
synth_289,9369
synth_290,9330
synth_291,9291
synth_292,9253
synth_293,9215
synth_294,9178
synth_295,9140
synth_296,9103
synth_297,9067
synth_298,9030
synth_299,8994
synth_300,8958
synth_301,8922
synth_302,8887
synth_303,8852
synth_304,8817
synth_305,8782
synth_306,8747
synth_307,8713
synth_308,8679
synth_309,8646
synth_310,8612
synth_311,8579
synth_312,8546
synth_313,8513
synth_314,8481
synth_315,8448
synth_316,8416
synth_317,8385
synth_318,8353
synth_319,8321
synth_320,8290
synth_321,8259
synth_322,8229
synth_323,8198
synth_324,8168
synth_325,8137
synth_326,8108
synth_327,8078
synth_328,8048
synth_329,8019
synth_330,7990
synth_331,7961
synth_332,7932
synth_333,7903
synth_334,7875
synth_335,7847
synth_336,7819
synth_337,7791
synth_338,7763
synth_339,7736
synth_340,7709
synth_341,7681
synth_342,7655
synth_343,7628
synth_344,7601
synth_345,7575
synth_346,7548
synth_347,7522
synth_348,7496
synth_349,7471
synth_350,7445
synth_351,7420
synth_352,7394
synth_353,7369
synth_354,7344
synth_355,7319
synth_356,7295
synth_357,7270
synth_358,7246
synth_359,7222
synth_360,7198
synth_361,7174
synth_362,7150
synth_363,7126
synth_364,7103
synth_365,7079
synth_366,7056
synth_367,7033
synth_368,7010
synth_369,6987
synth_370,6965
synth_371,6942
synth_372,6920
synth_373,6898
synth_374,6875
synth_375,6853
synth_376,6832
synth_377,6810
synth_378,6788
synth_379,6767
synth_380,6745
synth_381,6724
synth_382,6703
synth_383,6682
synth_384,6661
synth_385,6640
synth_386,6620
synth_387,6599
synth_388,6579
synth_389,6559
synth_390,6538
synth_391,6518
synth_392,6498
synth_393,6479
synth_394,6459
synth_395,6439
synth_396,6420
synth_397,6400
synth_398,6381
synth_399,6362
synth_400,6343
synth_401,6324
synth_402,6305
synth_403,6286
synth_404,6267
synth_405,6249
synth_406,6230
synth_407,6212
synth_408,6194
synth_409,6176
synth_410,6158
synth_411,6140
synth_412,6122
synth_413,6104
synth_414,6086
synth_415,6069
synth_416,6051
synth_417,6034
synth_418,6016
synth_419,5999
synth_420,5982
synth_421,5965
synth_422,5948
synth_423,5931
synth_424,5914
synth_425,5898
synth_426,5881
synth_427,5865
synth_428,5848
synth_429,5832
synth_430,5816
synth_431,5799
synth_432,5783
synth_433,5767
synth_434,5751
synth_435,5735
synth_436,5720
synth_437,5704
synth_438,5688
synth_439,5673
synth_440,5657
synth_441,5642
synth_442,5627
synth_443,5611
synth_444,5596
synth_445,5581
synth_446,5566
synth_447,5551
synth_448,5536
synth_449,5521
synth_450,5507
synth_451,5492
synth_452,5478
synth_453,5463
synth_454,5449
synth_455,5434
synth_456,5420
synth_457,5406
synth_458,5392
synth_459,5377
synth_460,5363
synth_461,5349
synth_462,5336
synth_463,5322
synth_464,5308
synth_465,5294
synth_466,5281
synth_467,5267
synth_468,5254
synth_469,5240
synth_470,5227
synth_471,5213
synth_472,5200
synth_473,5187
synth_474,5174
synth_475,5161
synth_476,5148
synth_477,5135
synth_478,5122
synth_479,5109
synth_480,5096
synth_481,5084
synth_482,5071
synth_483,5058
synth_484,5046
synth_485,5033
synth_486,5021
synth_487,5009
synth_488,4996
synth_489,4984
synth_490,4972
synth_491,4960
synth_492,4948
synth_493,4936
synth_494,4924
synth_495,4912
synth_496,4900
synth_497,4888
synth_498,4876
synth_499,4864
synth_500,4853
synth_501,4841
synth_502,4830
synth_503,4818
synth_504,4807
synth_505,4795
synth_506,4784
synth_507,4772
synth_508,4761
synth_509,4750
synth_510,4739
synth_511,4728
synth_512,4717
synth_513,4706
synth_514,4695
synth_515,4684
synth_516,4673
synth_517,4662
synth_518,4651
synth_519,4640
synth_520,4630
synth_521,4619
synth_522,4608
synth_523,4598
synth_524,4587
synth_525,4577
synth_526,4566
synth_527,4556
synth_528,4546
synth_529,4535
synth_530,4525
synth_531,4515
synth_532,4505
synth_533,4494
synth_534,4484
synth_535,4474
synth_536,4464
synth_537,4454
synth_538,4444
synth_539,4434
synth_540,4425
synth_541,4415
synth_542,4405
synth_543,4395
synth_544,4386
synth_545,4376
synth_546,4366
synth_547,4357
synth_548,4347
synth_549,4338
synth_550,4328
synth_551,4319
synth_552,4309
synth_553,4300
synth_554,4291
synth_555,4282
synth_556,4272
synth_557,4263
synth_558,4254
synth_559,4245
synth_560,4236
synth_561,4227
synth_562,4218
synth_563,4209
synth_564,4200
synth_565,4191
synth_566,4182
synth_567,4173
synth_568,4164
synth_569,4155
synth_570,4147
synth_571,4138
synth_572,4129
synth_573,4121
synth_574,4112
synth_575,4103
synth_576,4095
synth_577,4086
synth_578,4078
synth_579,4069
synth_580,4061
synth_581,4053
synth_582,4044
synth_583,4036
synth_584,4028
synth_585,4019
synth_586,4011
synth_587,4003
synth_588,3995
synth_589,3987
synth_590,3979
synth_591,3970
synth_592,3962
synth_593,3954
synth_594,3946
synth_595,3938
synth_596,3931
synth_597,3923
synth_598,3915
synth_599,3907
synth_600,3899
synth_601,3891
synth_602,3884
synth_603,3876
synth_604,3868
synth_605,3860
synth_606,3853
synth_607,3845
synth_608,3838
synth_609,3830
synth_610,3823
synth_611,3815
synth_612,3808
synth_613,3800
synth_614,3793
synth_615,3785
synth_616,3778
synth_617,3771
synth_618,3763
synth_619,3756
synth_620,3749
synth_621,3741
synth_622,3734
synth_623,3727
synth_624,3720
synth_625,3713
synth_626,3706
synth_627,3699
synth_628,3691
synth_629,3684
synth_630,3677
synth_631,3670
synth_632,3663
synth_633,3656
synth_634,3650
synth_635,3643
synth_636,3636
synth_637,3629
synth_638,3622
synth_639,3615
synth_640,3609
synth_641,3602
synth_642,3595
synth_643,3588
synth_644,3582
synth_645,3575
synth_646,3568
synth_647,3562
synth_648,3555
synth_649,3549
synth_650,3542
synth_651,3536
synth_652,3529
synth_653,3523
synth_654,3516
synth_655,3510
synth_656,3503
synth_657,3497
synth_658,3490
synth_659,3484
synth_660,3478
synth_661,3471
synth_662,3465
synth_663,3459
synth_664,3453
synth_665,3446
synth_666,3440
synth_667,3434
synth_668,3428
synth_669,3422
synth_670,3416
synth_671,3409
synth_672,3403
synth_673,3397
synth_674,3391
synth_675,3385
synth_676,3379
synth_677,3373
synth_678,3367
synth_679,3361
synth_680,3355
synth_681,3349
synth_682,3344
synth_683,3338
synth_684,3332
synth_685,3326
synth_686,3320
synth_687,3314
synth_688,3309
synth_689,3303
synth_690,3297
synth_691,3291
synth_692,3286
synth_693,3280
synth_694,3274
synth_695,3269
synth_696,3263
synth_697,3257
synth_698,3252
synth_699,3246
synth_700,3241
synth_701,3235
synth_702,3230
synth_703,3224
synth_704,3219
synth_705,3213
synth_706,3208
synth_707,3202
synth_708,3197
synth_709,3191
synth_710,3186
synth_711,3181
synth_712,3175
synth_713,3170
synth_714,3165
synth_715,3159
synth_716,3154
synth_717,3149
synth_718,3143
synth_719,3138
synth_720,3133
synth_721,3128
synth_722,3123
synth_723,3117
synth_724,3112
synth_725,3107
synth_726,3102
synth_727,3097
synth_728,3092
synth_729,3087
synth_730,3081
synth_731,3076
synth_732,3071
synth_733,3066
synth_734,3061
synth_735,3056
synth_736,3051
synth_737,3046
synth_738,3041
synth_739,3037
synth_740,3032
synth_741,3027
synth_742,3022
synth_743,3017
synth_744,3012
synth_745,3007
synth_746,3002
synth_747,2998
synth_748,2993
synth_749,2988
synth_750,2983
synth_751,2978
synth_752,2974
synth_753,2969
synth_754,2964
synth_755,2959
synth_756,2955
synth_757,2950
synth_758,2945
synth_759,2941
synth_760,2936
synth_761,2931
synth_762,2927
synth_763,2922
synth_764,2918
synth_765,2913
synth_766,2909
synth_767,2904
synth_768,2899
synth_769,2895
synth_770,2890
synth_771,2886
synth_772,2881
synth_773,2877
synth_774,2873
synth_775,2868
synth_776,2864
synth_777,2859
synth_778,2855
synth_779,2850
synth_780,2846
synth_781,2842
synth_782,2837
synth_783,2833
synth_784,2829
synth_785,2824
synth_786,2820
synth_787,2816
synth_788,2811
synth_789,2807
synth_790,2803
synth_791,2799
synth_792,2794
synth_793,2790
synth_794,2786
synth_795,2782
synth_796,2777
synth_797,2773
synth_798,2769
synth_799,2765
synth_800,2761
synth_801,2757
synth_802,2753
synth_803,2748
synth_804,2744
synth_805,2740
synth_806,2736
synth_807,2732
synth_808,2728
synth_809,2724
synth_810,2720
synth_811,2716
synth_812,2712
synth_813,2708
synth_814,2704
synth_815,2700
synth_816,2696
synth_817,2692
synth_818,2688
synth_819,2684
synth_820,2680
synth_821,2676
synth_822,2672
synth_823,2669
synth_824,2665
synth_825,2661
synth_826,2657
synth_827,2653
synth_828,2649
synth_829,2645
synth_830,2642
synth_831,2638
synth_832,2634
synth_833,2630
synth_834,2626
synth_835,2623
synth_836,2619
synth_837,2615
synth_838,2611
synth_839,2608
synth_840,2604
synth_841,2600
synth_842,2596
synth_843,2593
synth_844,2589
synth_845,2585
synth_846,2582
synth_847,2578
synth_848,2574
synth_849,2571
synth_850,2567
synth_851,2564
synth_852,2560
synth_853,2556
synth_854,2553
synth_855,2549
synth_856,2546
synth_857,2542
synth_858,2538
synth_859,2535
synth_860,2531
synth_861,2528
synth_862,2524
synth_863,2521
synth_864,2517
synth_865,2514
synth_866,2510
synth_867,2507
synth_868,2503
synth_869,2500
synth_870,2496
synth_871,2493
synth_872,2490
synth_873,2486
synth_874,2483
synth_875,2479
synth_876,2476
synth_877,2473
synth_878,2469
synth_879,2466
synth_880,2462
synth_881,2459
synth_882,2456
synth_883,2452
synth_884,2449
synth_885,2446
synth_886,2442
synth_887,2439
synth_888,2436
synth_889,2433
synth_890,2429
synth_891,2426
synth_892,2423
synth_893,2420
synth_894,2416
synth_895,2413
synth_896,2410
synth_897,2407
synth_898,2403
synth_899,2400
synth_900,2397
synth_901,2394
synth_902,2391
synth_903,2387
synth_904,2384
synth_905,2381
synth_906,2378
synth_907,2375
synth_908,2372
synth_909,2368
synth_910,2365
synth_911,2362
synth_912,2359
synth_913,2356
synth_914,2353
synth_915,2350
synth_916,2347
synth_917,2344
synth_918,2341
synth_919,2338
synth_920,2335
synth_921,2332
synth_922,2328
synth_923,2325
synth_924,2322
synth_925,2319
synth_926,2316
synth_927,2313
synth_928,2310
synth_929,2307
synth_930,2304
synth_931,2301
synth_932,2299
synth_933,2296
synth_934,2293
synth_935,2290
synth_936,2287
synth_937,2284
synth_938,2281
synth_939,2278
synth_940,2275
synth_941,2272
synth_942,2269
synth_943,2266
synth_944,2264
synth_945,2261
synth_946,2258
synth_947,2255
synth_948,2252
synth_949,2249
synth_950,2246
synth_951,2244
synth_952,2241
synth_953,2238
synth_954,2235
synth_955,2232
synth_956,2229
synth_957,2227
synth_958,2224
synth_959,2221
synth_960,2218
synth_961,2216
synth_962,2213
synth_963,2210
synth_964,2207
synth_965,2205
synth_966,2202
synth_967,2199
synth_968,2196
synth_969,2194
synth_970,2191
synth_971,2188
synth_972,2185
synth_973,2183
synth_974,2180
synth_975,2177
synth_976,2175
synth_977,2172
synth_978,2169
synth_979,2167
synth_980,2164
synth_981,2161
synth_982,2159
synth_983,2156
synth_984,2154
synth_985,2151
synth_986,2148
synth_987,2146
synth_988,2143
synth_989,2140
synth_990,2138
synth_991,2135
synth_992,2133
synth_993,2130
synth_994,2128
synth_995,2125
synth_996,2122
synth_997,2120
synth_998,2117
synth_999,2115
synth_1000,2112
synth_1001,2110
synth_1002,2107
synth_1003,2105
synth_1004,2102
synth_1005,2100
synth_1006,2097
synth_1007,2095
synth_1008,2092
synth_1009,2090
synth_1010,2087
synth_1011,2085
synth_1012,2082
synth_1013,2080
synth_1014,2077
synth_1015,2075
synth_1016,2072
synth_1017,2070
synth_1018,2068
synth_1019,2065
synth_1020,2063
synth_1021,2060
synth_1022,2058
synth_1023,2055
synth_1024,2053
synth_1025,2051
synth_1026,2048
synth_1027,2046
synth_1028,2043
synth_1029,2041
synth_1030,2039
synth_1031,2036
synth_1032,2034
synth_1033,2032
synth_1034,2029
synth_1035,2027
synth_1036,2024
synth_1037,2022
synth_1038,2020
synth_1039,2017
synth_1040,2015
synth_1041,2013
synth_1042,2011
synth_1043,2008
synth_1044,2006
synth_1045,2004
synth_1046,2001
synth_1047,1999
synth_1048,1997
synth_1049,1994
synth_1050,1992
synth_1051,1990
synth_1052,1988
synth_1053,1985
synth_1054,1983
synth_1055,1981
synth_1056,1979
synth_1057,1976
synth_1058,1974
synth_1059,1972
synth_1060,1970
synth_1061,1967
synth_1062,1965
synth_1063,1963
synth_1064,1961
synth_1065,1959
synth_1066,1956
synth_1067,1954
synth_1068,1952
synth_1069,1950
synth_1070,1948
synth_1071,1945
synth_1072,1943
synth_1073,1941
synth_1074,1939
synth_1075,1937
synth_1076,1935
synth_1077,1932
synth_1078,1930
synth_1079,1928
synth_1080,1926
synth_1081,1924
synth_1082,1922
synth_1083,1920
synth_1084,1917
synth_1085,1915
synth_1086,1913
synth_1087,1911
synth_1088,1909
synth_1089,1907
synth_1090,1905
synth_1091,1903
synth_1092,1901
synth_1093,1898
synth_1094,1896
synth_1095,1894
synth_1096,1892
synth_1097,1890
synth_1098,1888
synth_1099,1886
synth_1100,1884
synth_1101,1882
synth_1102,1880
synth_1103,1878
synth_1104,1876
synth_1105,1874
synth_1106,1872
synth_1107,1870
synth_1108,1868
synth_1109,1866
synth_1110,1864
synth_1111,1862
synth_1112,1860
synth_1113,1858
synth_1114,1856
synth_1115,1854
synth_1116,1852
synth_1117,1850
synth_1118,1848
synth_1119,1846
synth_1120,1844
synth_1121,1842
synth_1122,1840
synth_1123,1838
synth_1124,1836
synth_1125,1834
synth_1126,1832
synth_1127,1830
synth_1128,1828
synth_1129,1826
synth_1130,1824
synth_1131,1822
synth_1132,1820
synth_1133,1818
synth_1134,1816
synth_1135,1814
synth_1136,1813
synth_1137,1811
synth_1138,1809
synth_1139,1807
synth_1140,1805
synth_1141,1803
synth_1142,1801
synth_1143,1799
synth_1144,1797
synth_1145,1795
synth_1146,1794
synth_1147,1792
synth_1148,1790
synth_1149,1788
synth_1150,1786
synth_1151,1784
synth_1152,1782
synth_1153,1781
synth_1154,1779
synth_1155,1777
synth_1156,1775
synth_1157,1773
synth_1158,1771
synth_1159,1769
synth_1160,1768
synth_1161,1766
synth_1162,1764
synth_1163,1762
synth_1164,1760
synth_1165,1759
synth_1166,1757
synth_1167,1755
synth_1168,1753
synth_1169,1751
synth_1170,1750
synth_1171,1748
synth_1172,1746
synth_1173,1744
synth_1174,1742
synth_1175,1741
synth_1176,1739
synth_1177,1737
synth_1178,1735
synth_1179,1734
synth_1180,1732
synth_1181,1730
synth_1182,1728
synth_1183,1727
synth_1184,1725
synth_1185,1723
synth_1186,1721
synth_1187,1720
synth_1188,1718
synth_1189,1716
synth_1190,1714
synth_1191,1713
synth_1192,1711
synth_1193,1709
synth_1194,1707
synth_1195,1706
synth_1196,1704
synth_1197,1702
synth_1198,1701
synth_1199,1699
synth_1200,1697
synth_1201,1695
synth_1202,1694
synth_1203,1692
synth_1204,1690
synth_1205,1689
synth_1206,1687
synth_1207,1685
synth_1208,1684
synth_1209,1682
synth_1210,1680
synth_1211,1679
synth_1212,1677
synth_1213,1675
synth_1214,1674
synth_1215,1672
synth_1216,1670
synth_1217,1669
synth_1218,1667
synth_1219,1666
synth_1220,1664
synth_1221,1662
synth_1222,1661
synth_1223,1659
synth_1224,1657
synth_1225,1656
synth_1226,1654
synth_1227,1652
synth_1228,1651
synth_1229,1649
synth_1230,1648
synth_1231,1646
synth_1232,1644
synth_1233,1643
synth_1234,1641
synth_1235,1640
synth_1236,1638
synth_1237,1636
synth_1238,1635
synth_1239,1633
synth_1240,1632
synth_1241,1630
synth_1242,1629
synth_1243,1627
synth_1244,1625
synth_1245,1624
synth_1246,1622
synth_1247,1621
synth_1248,1619
synth_1249,1618
synth_1250,1616
synth_1251,1615
synth_1252,1613
synth_1253,1611
synth_1254,1610
synth_1255,1608
synth_1256,1607
synth_1257,1605
synth_1258,1604
synth_1259,1602
synth_1260,1601
synth_1261,1599
synth_1262,1598
synth_1263,1596
synth_1264,1595
synth_1265,1593
synth_1266,1592
synth_1267,1590
synth_1268,1589
synth_1269,1587
synth_1270,1586
synth_1271,1584
synth_1272,1583
synth_1273,1581
synth_1274,1580
synth_1275,1578
synth_1276,1577
synth_1277,1575
synth_1278,1574
synth_1279,1572
synth_1280,1571
synth_1281,1569
synth_1282,1568
synth_1283,1566
synth_1284,1565
synth_1285,1563
synth_1286,1562
synth_1287,1560
synth_1288,1559
synth_1289,1558
synth_1290,1556
synth_1291,1555
synth_1292,1553
synth_1293,1552
synth_1294,1550
synth_1295,1549
synth_1296,1547
synth_1297,1546
synth_1298,1545
synth_1299,1543
synth_1300,1542
synth_1301,1540
synth_1302,1539
synth_1303,1538
synth_1304,1536
synth_1305,1535
synth_1306,1533
synth_1307,1532
synth_1308,1530
synth_1309,1529
synth_1310,1528
synth_1311,1526
synth_1312,1525
synth_1313,1523
synth_1314,1522
synth_1315,1521
synth_1316,1519
synth_1317,1518
synth_1318,1517
synth_1319,1515
synth_1320,1514
synth_1321,1512
synth_1322,1511
synth_1323,1510
synth_1324,1508
synth_1325,1507
synth_1326,1506
synth_1327,1504
synth_1328,1503
synth_1329,1501
synth_1330,1500
synth_1331,1499
synth_1332,1497
synth_1333,1496
synth_1334,1495
synth_1335,1493
synth_1336,1492
synth_1337,1491
synth_1338,1489
synth_1339,1488
synth_1340,1487
synth_1341,1485
synth_1342,1484
synth_1343,1483
synth_1344,1481
synth_1345,1480
synth_1346,1479
synth_1347,1477
synth_1348,1476
synth_1349,1475
synth_1350,1473
synth_1351,1472
synth_1352,1471
synth_1353,1470
synth_1354,1468
synth_1355,1467
synth_1356,1466
synth_1357,1464
synth_1358,1463
synth_1359,1462
synth_1360,1461
synth_1361,1459
synth_1362,1458
synth_1363,1457
synth_1364,1455
synth_1365,1454
synth_1366,1453
synth_1367,1452
synth_1368,1450
synth_1369,1449
synth_1370,1448
synth_1371,1446
synth_1372,1445
synth_1373,1444
synth_1374,1443
synth_1375,1441
synth_1376,1440
synth_1377,1439
synth_1378,1438
synth_1379,1436
synth_1380,1435
synth_1381,1434
synth_1382,1433
synth_1383,1431
synth_1384,1430
synth_1385,1429
synth_1386,1428
synth_1387,1426
synth_1388,1425
synth_1389,1424
synth_1390,1423
synth_1391,1422
synth_1392,1420
synth_1393,1419
synth_1394,1418
synth_1395,1417
synth_1396,1415
synth_1397,1414
synth_1398,1413
synth_1399,1412
synth_1400,1411
synth_1401,1409
synth_1402,1408
synth_1403,1407
synth_1404,1406
synth_1405,1405
synth_1406,1403
synth_1407,1402
synth_1408,1401
synth_1409,1400
synth_1410,1399
synth_1411,1397
synth_1412,1396
synth_1413,1395
synth_1414,1394
synth_1415,1393
synth_1416,1391
synth_1417,1390
synth_1418,1389
synth_1419,1388
synth_1420,1387
synth_1421,1386
synth_1422,1384
synth_1423,1383
synth_1424,1382
synth_1425,1381
synth_1426,1380
synth_1427,1379
synth_1428,1377
synth_1429,1376
synth_1430,1375
synth_1431,1374
synth_1432,1373
synth_1433,1372
synth_1434,1371
synth_1435,1369
synth_1436,1368
synth_1437,1367
synth_1438,1366
synth_1439,1365
synth_1440,1364
synth_1441,1363
synth_1442,1361
synth_1443,1360
synth_1444,1359
synth_1445,1358
synth_1446,1357
synth_1447,1356
synth_1448,1355
synth_1449,1354
synth_1450,1352
synth_1451,1351
synth_1452,1350
synth_1453,1349
synth_1454,1348
synth_1455,1347
synth_1456,1346
synth_1457,1345
synth_1458,1344
synth_1459,1342
synth_1460,1341
synth_1461,1340
synth_1462,1339
synth_1463,1338
synth_1464,1337
synth_1465,1336
synth_1466,1335
synth_1467,1334
synth_1468,1333
synth_1469,1331
synth_1470,1330
synth_1471,1329
synth_1472,1328
synth_1473,1327
synth_1474,1326
synth_1475,1325
synth_1476,1324
synth_1477,1323
synth_1478,1322
synth_1479,1321
synth_1480,1320
synth_1481,1319
synth_1482,1317
synth_1483,1316
synth_1484,1315
synth_1485,1314
synth_1486,1313
synth_1487,1312
synth_1488,1311
synth_1489,1310
synth_1490,1309
synth_1491,1308
synth_1492,1307
synth_1493,1306
synth_1494,1305
synth_1495,1304
synth_1496,1303
synth_1497,1302
synth_1498,1301
synth_1499,1300
synth_1500,1298
synth_1501,1297
synth_1502,1296
synth_1503,1295
synth_1504,1294
synth_1505,1293
synth_1506,1292
synth_1507,1291
synth_1508,1290
synth_1509,1289
synth_1510,1288
synth_1511,1287
synth_1512,1286
synth_1513,1285
synth_1514,1284
synth_1515,1283
synth_1516,1282
synth_1517,1281
synth_1518,1280
synth_1519,1279
synth_1520,1278
synth_1521,1277
synth_1522,1276
synth_1523,1275
synth_1524,1274
synth_1525,1273
synth_1526,1272
synth_1527,1271
synth_1528,1270
synth_1529,1269
synth_1530,1268
synth_1531,1267
synth_1532,1266
synth_1533,1265
synth_1534,1264
synth_1535,1263
synth_1536,1262
synth_1537,1261
synth_1538,1260
synth_1539,1259
synth_1540,1258
synth_1541,1257
synth_1542,1256
synth_1543,1255
synth_1544,1254
synth_1545,1253
synth_1546,1252
synth_1547,1251
synth_1548,1250
synth_1549,1249
synth_1550,1248
synth_1551,1247
synth_1552,1246
synth_1554,1245
synth_1553,1245
synth_1555,1244
synth_1556,1243
synth_1557,1242
synth_1558,1241
synth_1559,1240
synth_1560,1239
synth_1561,1238
synth_1562,1237
synth_1563,1236
synth_1564,1235
synth_1565,1234
synth_1566,1233
synth_1567,1232
synth_1568,1231
synth_1569,1230
synth_1570,1229
synth_1571,1228
synth_1573,1227
synth_1572,1227
synth_1574,1226
synth_1575,1225
synth_1576,1224
synth_1577,1223
synth_1578,1222
synth_1579,1221
synth_1580,1220
synth_1581,1219
synth_1582,1218
synth_1583,1217
synth_1584,1216
synth_1585,1215
synth_1587,1214
synth_1586,1214
synth_1588,1213
synth_1589,1212
synth_1590,1211
synth_1591,1210
synth_1592,1209
synth_1593,1208
synth_1594,1207
synth_1595,1206
synth_1596,1205
synth_1598,1204
synth_1597,1204
synth_1599,1203
synth_1600,1202
synth_1601,1201
synth_1602,1200
synth_1603,1199
synth_1604,1198
synth_1605,1197
synth_1606,1196
synth_1607,1195
synth_1608,1195
synth_1609,1194
synth_1610,1193
synth_1611,1192
synth_1612,1191
synth_1613,1190
synth_1614,1189
synth_1615,1188
synth_1616,1187
synth_1617,1187
synth_1618,1186
synth_1619,1185
synth_1620,1184
synth_1621,1183
synth_1622,1182
synth_1623,1181
synth_1625,1180
synth_1624,1180
synth_1626,1179
synth_1627,1178
synth_1628,1177
synth_1629,1176
synth_1630,1175
synth_1632,1174
synth_1631,1174
synth_1633,1173
synth_1634,1172
synth_1635,1171
synth_1636,1170
synth_1637,1169
synth_1638,1168
synth_1639,1167
synth_1640,1167
synth_1641,1166
synth_1642,1165
synth_1643,1164
synth_1644,1163
synth_1646,1162
synth_1645,1162
synth_1647,1161
synth_1648,1160
synth_1649,1159
synth_1650,1158
synth_1651,1157
synth_1652,1156
synth_1653,1156
synth_1654,1155
synth_1655,1154
synth_1656,1153
synth_1657,1152
synth_1658,1151
synth_1659,1151
synth_1660,1150
synth_1661,1149
synth_1662,1148
synth_1663,1147
synth_1664,1146
synth_1665,1146
synth_1666,1145
synth_1667,1144
synth_1668,1143
synth_1669,1142
synth_1670,1142
synth_1671,1141
synth_1672,1140
synth_1673,1139
synth_1674,1138
synth_1676,1137
synth_1675,1137
synth_1677,1136
synth_1678,1135
synth_1679,1134
synth_1681,1133
synth_1680,1133
synth_1682,1132
synth_1683,1131
synth_1684,1130
synth_1685,1129
synth_1686,1129
synth_1687,1128
synth_1688,1127
synth_1689,1126
synth_1691,1125
synth_1690,1125
synth_1692,1124
synth_1693,1123
synth_1694,1122
synth_1695,1121
synth_1696,1121
synth_1697,1120
synth_1698,1119
synth_1699,1118
synth_1700,1117
synth_1701,1117
synth_1702,1116
synth_1703,1115
synth_1704,1114
synth_1706,1113
synth_1705,1113
synth_1707,1112
synth_1708,1111
synth_1710,1110
synth_1709,1110
synth_1711,1109
synth_1712,1108
synth_1713,1107
synth_1714,1106
synth_1715,1106
synth_1716,1105
synth_1717,1104
synth_1719,1103
synth_1718,1103
synth_1720,1102
synth_1721,1101
synth_1723,1100
synth_1722,1100
synth_1724,1099
synth_1725,1098
synth_1726,1097
synth_1727,1096
synth_1728,1096
synth_1729,1095
synth_1730,1094
synth_1732,1093
synth_1731,1093
synth_1733,1092
synth_1734,1091
synth_1736,1090
synth_1735,1090
synth_1737,1089
synth_1738,1088
synth_1740,1087
synth_1739,1087
synth_1741,1086
synth_1742,1085
synth_1744,1084
synth_1743,1084
synth_1745,1083
synth_1746,1082
synth_1747,1081
synth_1748,1081
synth_1749,1080
synth_1750,1079
synth_1751,1078
synth_1752,1078
synth_1753,1077
synth_1755,1076
synth_1754,1076
synth_1756,1075
synth_1757,1074
synth_1759,1073
synth_1758,1073
synth_1760,1072
synth_1761,1071
synth_1762,1070
synth_1763,1070
synth_1764,1069
synth_1765,1068
synth_1767,1067
synth_1766,1067
synth_1768,1066
synth_1769,1065
synth_1770,1065
synth_1771,1064
synth_1772,1063
synth_1773,1062
synth_1774,1062
synth_1775,1061
synth_1777,1060
synth_1776,1060
synth_1778,1059
synth_1779,1058
synth_1780,1057
synth_1781,1057
synth_1782,1056
synth_1784,1055
synth_1783,1055
synth_1785,1054
synth_1786,1053
synth_1788,1052
synth_1787,1052
synth_1789,1051
synth_1791,1050
synth_1790,1050
synth_1792,1049
synth_1794,1048
synth_1793,1048
synth_1795,1047
synth_1796,1046
synth_1797,1045
synth_1798,1045
synth_1799,1044
synth_1800,1043
synth_1801,1043
synth_1802,1042
synth_1804,1041
synth_1803,1041
synth_1805,1040
synth_1806,1039
synth_1808,1038
synth_1807,1038
synth_1809,1037
synth_1810,1036
synth_1811,1036
synth_1812,1035
synth_1813,1034
synth_1814,1034
synth_1815,1033
synth_1817,1032
synth_1816,1032
synth_1818,1031
synth_1820,1030
synth_1819,1030
synth_1821,1029
synth_1823,1028
synth_1822,1028
synth_1824,1027
synth_1825,1026
synth_1826,1026
synth_1827,1025
synth_1829,1024
synth_1828,1024
synth_1830,1023
synth_1831,1022
synth_1832,1022
synth_1833,1021
synth_1834,1020
synth_1836,1019
synth_1835,1019
synth_1838,1018
synth_1837,1018
synth_1839,1017
synth_1841,1016
synth_1840,1016
synth_1842,1015
synth_1844,1014
synth_1843,1014
synth_1845,1013
synth_1847,1012
synth_1846,1012
synth_1848,1011
synth_1850,1010
synth_1849,1010
synth_1851,1009
synth_1852,1008
synth_1853,1008
synth_1854,1007
synth_1856,1006
synth_1855,1006
synth_1857,1005
synth_1858,1004
synth_1859,1004
synth_1860,1003
synth_1861,1002
synth_1862,1002
synth_1863,1001
synth_1864,1000
synth_1865,1000
synth_1867,999
synth_1866,999
synth_1868,998
synth_1870,997
synth_1869,997
synth_1871,996
synth_1872,995
synth_1873,995
synth_1874,994
synth_1876,993
synth_1875,993
synth_1878,992
synth_1877,992
synth_1879,991
synth_1880,990
synth_1881,990
synth_1882,989
synth_1883,988
synth_1884,988
synth_1885,987
synth_1886,987
synth_1887,986
synth_1888,985
synth_1889,985
synth_1890,984
synth_1891,983
synth_1892,983
synth_1893,982
synth_1894,982
synth_1895,981
synth_1896,980
synth_1897,980
synth_1898,979
synth_1899,978
synth_1900,978
synth_1901,977
synth_1902,977
synth_1903,976
synth_1905,975
synth_1904,975
synth_1906,974
synth_1907,973
synth_1908,973
synth_1909,972
synth_1910,972
synth_1911,971
synth_1913,970
synth_1912,970
synth_1915,969
synth_1914,969
synth_1916,968
synth_1917,967
synth_1918,967
synth_1920,966
synth_1919,966
synth_1921,965
synth_1922,964
synth_1923,964
synth_1924,963
synth_1925,963
synth_1926,962
synth_1927,961
synth_1928,961
synth_1930,960
synth_1929,960
synth_1931,959
synth_1933,958
synth_1932,958
synth_1934,957
synth_1935,957
synth_1936,956
synth_1938,955
synth_1937,955
synth_1939,954
synth_1940,954
synth_1941,953
synth_1943,952
synth_1942,952
synth_1945,951
synth_1944,951
synth_1946,950
synth_1947,950
synth_1948,949
synth_1950,948
synth_1949,948
synth_1952,947
synth_1951,947
synth_1953,946
synth_1954,945
synth_1955,945
synth_1956,944
synth_1957,944
synth_1958,943
synth_1959,943
synth_1960,942
synth_1962,941
synth_1961,941
synth_1964,940
synth_1963,940
synth_1966,939
synth_1965,939
synth_1967,938
synth_1969,937
synth_1968,937
synth_1971,936
synth_1970,936
synth_1973,935
synth_1972,935
synth_1974,934
synth_1976,933
synth_1975,933
synth_1977,932
synth_1978,932
synth_1979,931
synth_1980,931
synth_1981,930
synth_1982,929
synth_1983,929
synth_1985,928
synth_1984,928
synth_1987,927
synth_1986,927
synth_1989,926
synth_1988,926
synth_1990,925
synth_1991,924
synth_1992,924
synth_1994,923
synth_1993,923
synth_1996,922
synth_1995,922
synth_1997,921
synth_1998,921
synth_1999,920
synth_2000,919
synth_2001,919
synth_2003,918
synth_2002,918
synth_2004,917
synth_2005,917
synth_2007,916
synth_2006,916
synth_2008,915
synth_2010,914
synth_2009,914
synth_2012,913
synth_2011,913
synth_2013,912
synth_2014,912
synth_2016,911
synth_2015,911
synth_2017,910
synth_2018,910
synth_2019,909
synth_2020,909
synth_2021,908
synth_2023,907
synth_2022,907
synth_2024,906
synth_2025,906
synth_2026,905
synth_2027,905
synth_2029,904
synth_2028,904
synth_2031,903
synth_2030,903
synth_2032,902
synth_2033,902
synth_2034,901
synth_2035,900
synth_2036,900
synth_2038,899
synth_2037,899
synth_2040,898
synth_2039,898
synth_2042,897
synth_2041,897
synth_2043,896
synth_2044,896
synth_2046,895
synth_2045,895
synth_2047,894
synth_2048,894
synth_2050,893
synth_2049,893
synth_2052,892
synth_2051,892
synth_2053,891
synth_2054,890
synth_2055,890
synth_2057,889
synth_2056,889
synth_2058,888
synth_2059,888
synth_2060,887
synth_2061,887
synth_2062,886
synth_2063,886
synth_2064,885
synth_2065,885
synth_2067,884
synth_2066,884
synth_2069,883
synth_2068,883
synth_2070,882
synth_2071,882
synth_2072,881
synth_2073,881
synth_2075,880
synth_2074,880
synth_2077,879
synth_2076,879
synth_2079,878
synth_2078,878
synth_2080,877
synth_2081,877
synth_2082,876
synth_2083,876
synth_2085,875
synth_2084,875
synth_2087,874
synth_2086,874
synth_2089,873
synth_2088,873
synth_2091,872
synth_2090,872
synth_2092,871
synth_2093,871
synth_2094,870
synth_2095,870
synth_2096,869
synth_2097,869
synth_2098,868
synth_2099,868
synth_2100,867
synth_2101,867
synth_2102,866
synth_2103,866
synth_2104,865
synth_2105,865
synth_2106,864
synth_2107,864
synth_2108,863
synth_2109,863
synth_2110,862
synth_2111,862
synth_2112,861
synth_2113,861
synth_2115,860
synth_2114,860
synth_2116,859
synth_2117,859
synth_2118,858
synth_2119,858
synth_2121,857
synth_2120,857
synth_2122,856
synth_2123,856
synth_2124,855
synth_2125,855
synth_2126,854
synth_2127,854
synth_2129,853
synth_2128,853
synth_2131,852
synth_2130,852
synth_2132,852
synth_2133,851
synth_2134,851
synth_2136,850
synth_2135,850
synth_2137,849
synth_2138,849
synth_2139,848
synth_2140,848
synth_2141,847
synth_2142,847
synth_2144,846
synth_2143,846
synth_2146,845
synth_2145,845
synth_2148,844
synth_2147,844
synth_2151,843
synth_2150,843
synth_2149,843
synth_2152,842
synth_2153,842
synth_2154,841
synth_2155,841
synth_2156,840
synth_2157,840
synth_2158,839
synth_2159,839
synth_2161,838
synth_2160,838
synth_2162,837
synth_2163,837
synth_2166,836
synth_2165,836
synth_2164,836
synth_2168,835
synth_2167,835
synth_2170,834
synth_2169,834
synth_2171,833
synth_2172,833
synth_2174,832
synth_2173,832
synth_2176,831
synth_2175,831
synth_2178,830
synth_2177,830
synth_2179,830
synth_2180,829
synth_2181,829
synth_2182,828
synth_2183,828
synth_2184,827
synth_2185,827
synth_2187,826
synth_2186,826
synth_2190,825
synth_2189,825
synth_2188,825
synth_2191,824
synth_2192,824
synth_2194,823
synth_2193,823
synth_2195,822
synth_2196,822
synth_2197,821
synth_2199,821
synth_2198,821
synth_2201,820
synth_2200,820
synth_2202,819
synth_2203,819
synth_2204,818
synth_2205,818
synth_2207,817
synth_2206,817
synth_2208,816
synth_2209,816
synth_2210,816
synth_2212,815
synth_2211,815
synth_2213,814
synth_2214,814
synth_2216,813
synth_2215,813
synth_2217,813
synth_2218,812
synth_2219,812
synth_2221,811
synth_2220,811
synth_2222,810
synth_2223,810
synth_2226,809
synth_2224,809
synth_2225,809
synth_2228,808
synth_2227,808
synth_2230,807
synth_2229,807
synth_2232,806
synth_2231,806
synth_2233,806
synth_2234,805
synth_2235,805
synth_2237,804
synth_2236,804
synth_2240,803
synth_2239,803
synth_2238,803
synth_2242,802
synth_2241,802
synth_2243,801
synth_2244,801
synth_2246,800
synth_2245,800
synth_2247,800
synth_2248,799
synth_2249,799
synth_2251,798
synth_2250,798
synth_2253,797
synth_2254,797
synth_2252,797
synth_2256,796
synth_2255,796
synth_2257,795
synth_2258,795
synth_2261,794
synth_2260,794
synth_2259,794
synth_2263,793
synth_2262,793
synth_2264,792
synth_2265,792
synth_2267,791
synth_2266,791
synth_2268,791
synth_2270,790
synth_2269,790
synth_2271,789
synth_2272,789
synth_2273,789
synth_2275,788
synth_2274,788
synth_2277,787
synth_2276,787
synth_2280,786
synth_2278,786
synth_2279,786
synth_2281,785
synth_2282,785
synth_2283,784
synth_2285,784
synth_2284,784
synth_2286,783
synth_2287,783
synth_2289,782
synth_2290,782
synth_2288,782
synth_2291,781
synth_2292,781
synth_2294,780
synth_2293,780
synth_2297,779
synth_2296,779
synth_2295,779
synth_2299,778
synth_2298,778
synth_2301,777
synth_2302,777
synth_2300,777
synth_2304,776
synth_2303,776
synth_2306,775
synth_2305,775
synth_2307,775
synth_2309,774
synth_2308,774
synth_2312,773
synth_2310,773
synth_2311,773
synth_2313,772
synth_2314,772
synth_2316,771
synth_2315,771
synth_2317,771
synth_2318,770
synth_2319,770
synth_2321,769
synth_2322,769
synth_2320,769
synth_2323,768
synth_2324,768
synth_2327,767
synth_2325,767
synth_2326,767
synth_2329,766
synth_2328,766
synth_2330,765
synth_2332,765
synth_2331,765
synth_2333,764
synth_2334,764
synth_2335,763
synth_2337,763
synth_2336,763
synth_2338,762
synth_2339,762
synth_2340,762
synth_2341,761
synth_2342,761
synth_2344,760
synth_2345,760
synth_2343,760
synth_2347,759
synth_2346,759
synth_2348,758
synth_2350,758
synth_2349,758
synth_2351,757
synth_2352,757
synth_2355,756
synth_2354,756
synth_2353,756
synth_2356,755
synth_2358,755
synth_2357,755
synth_2359,754
synth_2360,754
synth_2361,753
synth_2362,753
synth_2363,753
synth_2364,752
synth_2366,752
synth_2365,752
synth_2367,751
synth_2368,751
synth_2370,750
synth_2369,750
synth_2371,750
synth_2373,749
synth_2372,749
synth_2374,748
synth_2376,748
synth_2375,748
synth_2378,747
synth_2379,747
synth_2377,747
synth_2381,746
synth_2380,746
synth_2383,745
synth_2382,745
synth_2384,745
synth_2385,744
synth_2386,744
synth_2387,744
synth_2389,743
synth_2388,743
synth_2391,742
synth_2392,742
synth_2390,742
synth_2395,741
synth_2394,741
synth_2393,741
synth_2397,740
synth_2396,740
synth_2399,739
synth_2398,739
synth_2400,739
synth_2402,738
synth_2401,738
synth_2403,738
synth_2405,737
synth_2406,737
synth_2404,737
synth_2408,736
synth_2407,736
synth_2411,735
synth_2410,735
synth_2409,735
synth_2413,734
synth_2414,734
synth_2412,734
synth_2415,733
synth_2417,733
synth_2416,733
synth_2419,732
synth_2418,732
synth_2420,731
synth_2422,731
synth_2421,731
synth_2423,730
synth_2424,730
synth_2425,730
synth_2428,729
synth_2426,729
synth_2427,729
synth_2430,728
synth_2429,728
synth_2433,727
synth_2432,727
synth_2431,727
synth_2436,726
synth_2435,726
synth_2434,726
synth_2437,725
synth_2439,725
synth_2438,725
synth_2440,724
synth_2442,724
synth_2441,724
synth_2443,723
synth_2444,723
synth_2446,722
synth_2445,722
synth_2447,722
synth_2448,721
synth_2449,721
synth_2450,721
synth_2453,720
synth_2451,720
synth_2452,720
synth_2454,719
synth_2455,719
synth_2456,719
synth_2458,718
synth_2457,718
synth_2459,718
synth_2460,717
synth_2461,717
synth_2462,716
synth_2464,716
synth_2463,716
synth_2467,715
synth_2466,715
synth_2465,715
synth_2469,714
synth_2468,714
synth_2470,714
synth_2471,713
synth_2473,713
synth_2472,713
synth_2476,712
synth_2474,712
synth_2475,712
synth_2478,711
synth_2479,711
synth_2477,711
synth_2481,710
synth_2480,710
synth_2482,710
synth_2484,709
synth_2483,709
synth_2485,709
synth_2488,708
synth_2487,708
synth_2486,708
synth_2489,707
synth_2490,707
synth_2492,706
synth_2491,706
synth_2493,706
synth_2496,705
synth_2494,705
synth_2495,705
synth_2497,704
synth_2499,704
synth_2498,704
synth_2500,703
synth_2501,703
synth_2502,703
synth_2503,702
synth_2504,702
synth_2505,702
synth_2507,701
synth_2506,701
synth_2508,701
synth_2511,700
synth_2510,700
synth_2509,700
synth_2514,699
synth_2513,699
synth_2512,699
synth_2517,698
synth_2516,698
synth_2515,698
synth_2520,697
synth_2518,697
synth_2519,697
synth_2522,696
synth_2521,696
synth_2523,696
synth_2526,695
synth_2525,695
synth_2524,695
synth_2529,694
synth_2527,694
synth_2528,694
synth_2532,693
synth_2531,693
synth_2530,693
synth_2534,692
synth_2535,692
synth_2533,692
synth_2538,691
synth_2537,691
synth_2536,691
synth_2540,690
synth_2542,690
synth_2539,690
synth_2541,690
synth_2544,689
synth_2545,689
synth_2543,689
synth_2546,688
synth_2548,688
synth_2547,688
synth_2549,687
synth_2551,687
synth_2550,687
synth_2552,686
synth_2553,686
synth_2554,686
synth_2556,685
synth_2557,685
synth_2555,685
synth_2560,684
synth_2558,684
synth_2559,684
synth_2561,683
synth_2562,683
synth_2563,683
synth_2566,682
synth_2564,682
synth_2565,682
synth_2568,681
synth_2567,681
synth_2569,681
synth_2570,681
synth_2572,680
synth_2571,680
synth_2573,680
synth_2574,679
synth_2575,679
synth_2576,679
synth_2577,678
synth_2578,678
synth_2579,678
synth_2581,677
synth_2582,677
synth_2580,677
synth_2585,676
synth_2584,676
synth_2583,676
synth_2587,675
synth_2588,675
synth_2586,675
synth_2589,675
synth_2591,674
synth_2592,674
synth_2590,674
synth_2595,673
synth_2594,673
synth_2593,673
synth_2597,672
synth_2598,672
synth_2596,672
synth_2600,671
synth_2599,671
synth_2601,671
synth_2604,670
synth_2605,670
synth_2602,670
synth_2603,670
synth_2606,669
synth_2607,669
synth_2608,669
synth_2609,668
synth_2610,668
synth_2611,668
synth_2613,667
synth_2612,667
synth_2614,667
synth_2617,666
synth_2616,666
synth_2615,666
synth_2618,666
synth_2619,665
synth_2620,665
synth_2621,665
synth_2624,664
synth_2622,664
synth_2623,664
synth_2628,663
synth_2625,663
synth_2626,663
synth_2627,663
synth_2631,662
synth_2630,662
synth_2629,662
synth_2632,661
synth_2633,661
synth_2634,661
synth_2635,660
synth_2637,660
synth_2636,660
synth_2638,660
synth_2640,659
synth_2641,659
synth_2639,659
synth_2642,658
synth_2643,658
synth_2644,658
synth_2646,657
synth_2647,657
synth_2645,657
synth_2648,657
synth_2651,656
synth_2650,656
synth_2649,656
synth_2652,655
synth_2653,655
synth_2654,655
synth_2657,654
synth_2656,654
synth_2658,654
synth_2655,654
synth_2661,653
synth_2660,653
synth_2659,653
synth_2662,652
synth_2664,652
synth_2663,652
synth_2665,651
synth_2667,651
synth_2666,651
synth_2668,651
synth_2671,650
synth_2670,650
synth_2669,650
synth_2672,649
synth_2673,649
synth_2675,649
synth_2674,649
synth_2678,648
synth_2676,648
synth_2677,648
synth_2682,647
synth_2680,647
synth_2681,647
synth_2679,647
synth_2684,646
synth_2685,646
synth_2683,646
synth_2688,645
synth_2689,645
synth_2687,645
synth_2686,645
synth_2692,644
synth_2690,644
synth_2691,644
synth_2696,643
synth_2695,643
synth_2693,643
synth_2694,643
synth_2697,642
synth_2698,642
synth_2699,642
synth_2701,641
synth_2703,641
synth_2702,641
synth_2700,641
synth_2704,640
synth_2706,640
synth_2705,640
synth_2709,639
synth_2710,639
synth_2708,639
synth_2707,639
synth_2711,638
synth_2712,638
synth_2713,638
synth_2716,637
synth_2717,637
synth_2714,637
synth_2715,637
synth_2719,636
synth_2718,636
synth_2720,636
synth_2723,635
synth_2724,635
synth_2721,635
synth_2722,635
synth_2726,634
synth_2727,634
synth_2725,634
synth_2728,633
synth_2731,633
synth_2729,633
synth_2730,633
synth_2734,632
synth_2735,632
synth_2733,632
synth_2732,632
synth_2738,631
synth_2736,631
synth_2737,631
synth_2742,630
synth_2739,630
synth_2740,630
synth_2741,630
synth_2746,629
synth_2743,629
synth_2744,629
synth_2745,629
synth_2748,628
synth_2749,628
synth_2747,628
synth_2750,627
synth_2753,627
synth_2752,627
synth_2751,627
synth_2755,626
synth_2754,626
synth_2756,626
synth_2759,625
synth_2758,625
synth_2760,625
synth_2757,625
synth_2761,624
synth_2762,624
synth_2764,624
synth_2763,624
synth_2766,623
synth_2765,623
synth_2767,623
synth_2768,623
synth_2769,622
synth_2771,622
synth_2770,622
synth_2775,621
synth_2773,621
synth_2774,621
synth_2772,621
synth_2776,620
synth_2777,620
synth_2779,620
synth_2778,620
synth_2781,619
synth_2782,619
synth_2780,619
synth_2783,618
synth_2786,618
synth_2785,618
synth_2784,618
synth_2789,617
synth_2788,617
synth_2787,617
synth_2790,617
synth_2793,616
synth_2791,616
synth_2794,616
synth_2792,616
synth_2796,615
synth_2797,615
synth_2798,615
synth_2795,615
synth_2801,614
synth_2800,614
synth_2799,614
synth_2805,613
synth_2802,613
synth_2803,613
synth_2804,613
synth_2806,612
synth_2808,612
synth_2807,612
synth_2809,612
synth_2810,611
synth_2812,611
synth_2813,611
synth_2811,611
synth_2816,610
synth_2817,610
synth_2815,610
synth_2814,610
synth_2819,609
synth_2821,609
synth_2818,609
synth_2820,609
synth_2824,608
synth_2822,608
synth_2823,608
synth_2825,607
synth_2828,607
synth_2826,607
synth_2827,607
synth_2830,606
synth_2831,606
synth_2832,606
synth_2829,606
synth_2833,605
synth_2834,605
synth_2836,605
synth_2835,605
synth_2838,604
synth_2840,604
synth_2839,604
synth_2837,604
synth_2844,603
synth_2843,603
synth_2842,603
synth_2841,603
synth_2848,602
synth_2847,602
synth_2846,602
synth_2845,602
synth_2849,601
synth_2851,601
synth_2852,601
synth_2850,601
synth_2853,600
synth_2856,600
synth_2854,600
synth_2855,600
synth_2860,599
synth_2857,599
synth_2858,599
synth_2859,599
synth_2862,598
synth_2863,598
synth_2861,598
synth_2864,598
synth_2866,597
synth_2865,597
synth_2868,597
synth_2867,597
synth_2870,596
synth_2872,596
synth_2871,596
synth_2869,596
synth_2875,595
synth_2874,595
synth_2876,595
synth_2873,595
synth_2879,594
synth_2878,594
synth_2877,594
synth_2880,594
synth_2884,593
synth_2883,593
synth_2881,593
synth_2882,593
synth_2887,592
synth_2888,592
synth_2885,592
synth_2886,592
synth_2889,591
synth_2890,591
synth_2891,591
synth_2892,591
synth_2893,590
synth_2896,590
synth_2894,590
synth_2895,590
synth_2897,589
synth_2899,589
synth_2900,589
synth_2898,589
synth_2901,588
synth_2903,588
synth_2902,588
synth_2904,588
synth_2905,587
synth_2908,587
synth_2907,587
synth_2906,587
synth_2912,586
synth_2911,586
synth_2909,586
synth_2910,586
synth_2913,586
synth_2916,585
synth_2917,585
synth_2915,585
synth_2914,585
synth_2918,584
synth_2921,584
synth_2919,584
synth_2920,584
synth_2925,583
synth_2922,583
synth_2923,583
synth_2924,583
synth_2927,582
synth_2929,582
synth_2928,582
synth_2926,582
synth_2932,581
synth_2933,581
synth_2931,581
synth_2930,581
synth_2937,580
synth_2936,580
synth_2935,580
synth_2934,580
synth_2938,580
synth_2942,579
synth_2941,579
synth_2940,579
synth_2939,579
synth_2945,578
synth_2943,578
synth_2946,578
synth_2944,578
synth_2947,577
synth_2950,577
synth_2949,577
synth_2948,577
synth_2955,576
synth_2954,576
synth_2953,576
synth_2951,576
synth_2952,576
synth_2958,575
synth_2959,575
synth_2956,575
synth_2957,575
synth_2962,574
synth_2963,574
synth_2960,574
synth_2961,574
synth_2968,573
synth_2964,573
synth_2966,573
synth_2965,573
synth_2967,573
synth_2972,572
synth_2971,572
synth_2970,572
synth_2969,572
synth_2975,571
synth_2973,571
synth_2976,571
synth_2974,571
synth_2977,570
synth_2978,570
synth_2979,570
synth_2981,570
synth_2980,570
synth_2983,569
synth_2985,569
synth_2982,569
synth_2984,569
synth_2989,568
synth_2986,568
synth_2987,568
synth_2988,568
synth_2992,567
synth_2994,567
synth_2990,567
synth_2991,567
synth_2993,567
synth_2998,566
synth_2996,566
synth_2997,566
synth_2995,566
synth_3002,565
synth_2999,565
synth_3000,565
synth_3001,565
synth_3003,565
synth_3006,564
synth_3004,564
synth_3005,564
synth_3007,564
synth_3012,563
synth_3009,563
synth_3010,563
synth_3011,563
synth_3008,563
synth_3013,562
synth_3014,562
synth_3016,562
synth_3015,562
synth_3018,561
synth_3017,561
synth_3019,561
synth_3020,561
synth_3022,560
synth_3024,560
synth_3021,560
synth_3025,560
synth_3023,560
synth_3026,559
synth_3027,559
synth_3028,559
synth_3029,559
synth_3033,558
synth_3034,558
synth_3032,558
synth_3030,558
synth_3031,558
synth_3038,557
synth_3036,557
synth_3037,557
synth_3039,557
synth_3035,557
synth_3041,556
synth_3040,556
synth_3043,556
synth_3042,556
synth_3047,555
synth_3045,555
synth_3044,555
synth_3048,555
synth_3046,555
synth_3050,554
synth_3049,554
synth_3051,554
synth_3052,554
synth_3055,553
synth_3057,553
synth_3054,553
synth_3056,553
synth_3053,553
synth_3058,552
synth_3059,552
synth_3061,552
synth_3060,552
synth_3063,551
synth_3066,551
synth_3065,551
synth_3062,551
synth_3064,551
synth_3069,550
synth_3070,550
synth_3068,550
synth_3071,550
synth_3067,550
synth_3073,549
synth_3072,549
synth_3075,549
synth_3074,549
synth_3079,548
synth_3080,548
synth_3076,548
synth_3078,548
synth_3077,548
synth_3085,547
synth_3082,547
synth_3081,547
synth_3084,547
synth_3083,547
synth_3088,546
synth_3090,546
synth_3087,546
synth_3089,546
synth_3086,546
synth_3094,545
synth_3092,545
synth_3091,545
synth_3093,545
synth_3096,544
synth_3098,544
synth_3099,544
synth_3095,544
synth_3097,544
synth_3102,543
synth_3100,543
synth_3104,543
synth_3103,543
synth_3101,543
synth_3107,542
synth_3108,542
synth_3109,542
synth_3106,542
synth_3105,542
synth_3113,541
synth_3112,541
synth_3111,541
synth_3110,541
synth_3116,540
synth_3118,540
synth_3117,540
synth_3115,540
synth_3114,540
synth_3120,539
synth_3122,539
synth_3119,539
synth_3121,539
synth_3123,539
synth_3127,538
synth_3125,538
synth_3124,538
synth_3126,538
synth_3128,538
synth_3133,537
synth_3132,537
synth_3131,537
synth_3130,537
synth_3129,537
synth_3134,536
synth_3136,536
synth_3137,536
synth_3138,536
synth_3135,536
synth_3141,535
synth_3140,535
synth_3142,535
synth_3139,535
synth_3146,534
synth_3147,534
synth_3144,534
synth_3145,534
synth_3143,534
synth_3151,533
synth_3152,533
synth_3149,533
synth_3150,533
synth_3148,533
synth_3154,532
synth_3155,532
synth_3153,532
synth_3156,532
synth_3157,532
synth_3162,531
synth_3159,531
synth_3158,531
synth_3160,531
synth_3161,531
synth_3166,530
synth_3167,530
synth_3164,530
synth_3165,530
synth_3163,530
synth_3171,529
synth_3172,529
synth_3168,529
synth_3170,529
synth_3169,529
synth_3177,528
synth_3173,528
synth_3176,528
synth_3175,528
synth_3174,528
synth_3180,527
synth_3182,527
synth_3181,527
synth_3178,527
synth_3179,527
synth_3187,526
synth_3186,526
synth_3185,526
synth_3183,526
synth_3184,526
synth_3189,525
synth_3192,525
synth_3191,525
synth_3188,525
synth_3190,525
synth_3194,524
synth_3193,524
synth_3195,524
synth_3197,524
synth_3196,524
synth_3198,523
synth_3202,523
synth_3199,523
synth_3200,523
synth_3201,523
synth_3207,522
synth_3203,522
synth_3204,522
synth_3208,522
synth_3205,522
synth_3206,522
synth_3212,521
synth_3211,521
synth_3209,521
synth_3210,521
synth_3213,521
synth_3217,520
synth_3216,520
synth_3214,520
synth_3215,520
synth_3218,520
synth_3222,519
synth_3220,519
synth_3223,519
synth_3219,519
synth_3221,519
synth_3228,518
synth_3224,518
synth_3225,518
synth_3227,518
synth_3226,518
synth_3231,517
synth_3229,517
synth_3230,517
synth_3233,517
synth_3232,517
synth_3234,516
synth_3238,516
synth_3235,516
synth_3236,516
synth_3239,516
synth_3237,516
synth_3243,515
synth_3242,515
synth_3240,515
synth_3241,515
synth_3244,515
synth_3247,514
synth_3245,514
synth_3249,514
synth_3248,514
synth_3246,514
synth_3251,513
synth_3250,513
synth_3252,513
synth_3253,513
synth_3254,513
synth_3255,512
synth_3258,512
synth_3257,512
synth_3256,512
synth_3259,512
synth_3260,512
synth_3261,511
synth_3264,511
synth_3263,511
synth_3265,511
synth_3262,511
synth_3270,510
synth_3266,510
synth_3269,510
synth_3267,510
synth_3268,510
synth_3271,509
synth_3275,509
synth_3276,509
synth_3272,509
synth_3274,509
synth_3273,509
synth_3278,508
synth_3279,508
synth_3281,508
synth_3277,508
synth_3280,508
synth_3284,507
synth_3285,507
synth_3287,507
synth_3286,507
synth_3283,507
synth_3282,507
synth_3288,506
synth_3291,506
synth_3290,506
synth_3292,506
synth_3289,506
synth_3296,505
synth_3294,505
synth_3293,505
synth_3295,505
synth_3297,505
synth_3298,504
synth_3302,504
synth_3299,504
synth_3300,504
synth_3301,504
synth_3303,504
synth_3308,503
synth_3305,503
synth_3304,503
synth_3307,503
synth_3306,503
synth_3309,502
synth_3313,502
synth_3312,502
synth_3314,502
synth_3311,502
synth_3310,502
synth_3319,501
synth_3317,501
synth_3318,501
synth_3316,501
synth_3315,501
synth_3324,500
synth_3322,500
synth_3325,500
synth_3323,500
synth_3320,500
synth_3321,500
synth_3328,499
synth_3330,499
synth_3326,499
synth_3329,499
synth_3327,499
synth_3333,498
synth_3336,498
synth_3332,498
synth_3334,498
synth_3335,498
synth_3331,498
synth_3338,497
synth_3342,497
synth_3339,497
synth_3340,497
synth_3337,497
synth_3341,497
synth_3346,496
synth_3343,496
synth_3347,496
synth_3344,496
synth_3345,496
synth_3353,495
synth_3351,495
synth_3350,495
synth_3348,495
synth_3352,495
synth_3349,495
synth_3356,494
synth_3358,494
synth_3354,494
synth_3355,494
synth_3357,494
synth_3359,494
synth_3361,493
synth_3364,493
synth_3363,493
synth_3362,493
synth_3360,493
synth_3369,492
synth_3366,492
synth_3365,492
synth_3367,492
synth_3370,492
synth_3368,492
synth_3376,491
synth_3371,491
synth_3373,491
synth_3375,491
synth_3372,491
synth_3374,491
synth_3378,490
synth_3381,490
synth_3380,490
synth_3379,490
synth_3377,490
synth_3385,489
synth_3387,489
synth_3384,489
synth_3383,489
synth_3386,489
synth_3382,489
synth_3392,488
synth_3389,488
synth_3393,488
synth_3390,488
synth_3388,488
synth_3391,488
synth_3394,487
synth_3399,487
synth_3398,487
synth_3396,487
synth_3397,487
synth_3395,487
synth_3402,486
synth_3400,486
synth_3405,486
synth_3403,486
synth_3401,486
synth_3404,486
synth_3409,485
synth_3408,485
synth_3406,485
synth_3407,485
synth_3410,485
synth_3414,484
synth_3411,484
synth_3412,484
synth_3413,484
synth_3415,484
synth_3416,484
synth_3418,483
synth_3422,483
synth_3420,483
synth_3421,483
synth_3417,483
synth_3419,483
synth_3426,482
synth_3425,482
synth_3424,482
synth_3423,482
synth_3427,482
synth_3428,482
synth_3430,481
synth_3432,481
synth_3434,481
synth_3429,481
synth_3431,481
synth_3433,481
synth_3436,480
synth_3440,480
synth_3438,480
synth_3435,480
synth_3437,480
synth_3439,480
synth_3445,479
synth_3446,479
synth_3442,479
synth_3443,479
synth_3444,479
synth_3441,479
synth_3449,478
synth_3448,478
synth_3452,478
synth_3447,478
synth_3450,478
synth_3451,478
synth_3456,477
synth_3458,477
synth_3457,477
synth_3453,477
synth_3454,477
synth_3455,477
synth_3459,476
synth_3461,476
synth_3462,476
synth_3460,476
synth_3464,476
synth_3463,476
synth_3470,475
synth_3466,475
synth_3469,475
synth_3465,475
synth_3468,475
synth_3467,475
synth_3473,474
synth_3471,474
synth_3474,474
synth_3472,474
synth_3476,474
synth_3475,474
synth_3478,473
synth_3481,473
synth_3477,473
synth_3483,473
synth_3482,473
synth_3479,473
synth_3480,473
synth_3486,472
synth_3484,472
synth_3487,472
synth_3488,472
synth_3489,472
synth_3485,472
synth_3490,471
synth_3494,471
synth_3495,471
synth_3492,471
synth_3491,471
synth_3493,471
synth_3496,470
synth_3497,470
synth_3499,470
synth_3500,470
synth_3498,470
synth_3501,470
synth_3507,469
synth_3503,469
synth_3506,469
synth_3505,469
synth_3502,469
synth_3504,469
synth_3513,468
synth_3509,468
synth_3511,468
synth_3510,468
synth_3514,468
synth_3508,468
synth_3512,468
synth_3516,467
synth_3519,467
synth_3515,467
synth_3518,467
synth_3517,467
synth_3520,467
synth_3524,466
synth_3525,466
synth_3521,466
synth_3522,466
synth_3526,466
synth_3523,466
synth_3528,465
synth_3527,465
synth_3531,465
synth_3532,465
synth_3530,465
synth_3529,465
synth_3537,464
synth_3533,464
synth_3536,464
synth_3538,464
synth_3535,464
synth_3539,464
synth_3534,464
synth_3540,463
synth_3544,463
synth_3542,463
synth_3541,463
synth_3545,463
synth_3543,463
synth_3546,462
synth_3552,462
synth_3548,462
synth_3549,462
synth_3551,462
synth_3547,462
synth_3550,462
synth_3554,461
synth_3555,461
synth_3553,461
synth_3558,461
synth_3556,461
synth_3557,461
synth_3560,460
synth_3562,460
synth_3563,460
synth_3559,460
synth_3561,460
synth_3564,460
synth_3568,459
synth_3566,459
synth_3571,459
synth_3569,459
synth_3567,459
synth_3570,459
synth_3565,459
synth_3575,458
synth_3573,458
synth_3576,458
synth_3572,458
synth_3577,458
synth_3574,458
synth_3584,457
synth_3583,457
synth_3581,457
synth_3582,457
synth_3578,457
synth_3580,457
synth_3579,457
synth_3589,456
synth_3590,456
synth_3585,456
synth_3587,456
synth_3586,456
synth_3591,456
synth_3588,456
synth_3596,455
synth_3594,455
synth_3595,455
synth_3597,455
synth_3592,455
synth_3593,455
synth_3598,454
synth_3601,454
synth_3604,454
synth_3602,454
synth_3600,454
synth_3599,454
synth_3603,454
synth_3605,453
synth_3609,453
synth_3606,453
synth_3607,453
synth_3608,453
synth_3610,453
synth_3615,452
synth_3616,452
synth_3614,452
synth_3613,452
synth_3612,452
synth_3617,452
synth_3611,452
synth_3620,451
synth_3624,451
synth_3619,451
synth_3623,451
synth_3618,451
synth_3622,451
synth_3621,451
synth_3626,450
synth_3630,450
synth_3628,450
synth_3629,450
synth_3625,450
synth_3627,450
synth_3635,449
synth_3631,449
synth_3633,449
synth_3636,449
synth_3632,449
synth_3637,449
synth_3634,449
synth_3639,448
synth_3640,448
synth_3641,448
synth_3644,448
synth_3643,448
synth_3642,448
synth_3638,448
synth_3651,447
synth_3645,447
synth_3646,447
synth_3648,447
synth_3647,447
synth_3649,447
synth_3650,447
synth_3652,446
synth_3654,446
synth_3658,446
synth_3653,446
synth_3655,446
synth_3657,446
synth_3656,446
synth_3661,445
synth_3664,445
synth_3659,445
synth_3660,445
synth_3662,445
synth_3663,445
synth_3670,444
synth_3669,444
synth_3667,444
synth_3671,444
synth_3668,444
synth_3665,444
synth_3666,444
synth_3673,443
synth_3678,443
synth_3675,443
synth_3674,443
synth_3677,443
synth_3676,443
synth_3672,443
synth_3679,442
synth_3685,442
synth_3683,442
synth_3681,442
synth_3680,442
synth_3682,442
synth_3684,442
synth_3690,441
synth_3686,441
synth_3689,441
synth_3688,441
synth_3691,441
synth_3692,441
synth_3687,441
synth_3694,440
synth_3699,440
synth_3697,440
synth_3698,440
synth_3696,440
synth_3693,440
synth_3695,440
synth_3704,439
synth_3701,439
synth_3706,439
synth_3702,439
synth_3703,439
synth_3700,439
synth_3705,439
synth_3710,438
synth_3713,438
synth_3708,438
synth_3709,438
synth_3712,438
synth_3711,438
synth_3707,438
synth_3714,437
synth_3715,437
synth_3718,437
synth_3717,437
synth_3716,437
synth_3720,437
synth_3719,437
synth_3724,436
synth_3721,436
synth_3725,436
synth_3726,436
synth_3727,436
synth_3723,436
synth_3722,436
synth_3734,435
synth_3729,435
synth_3728,435
synth_3733,435
synth_3732,435
synth_3731,435
synth_3735,435
synth_3730,435
synth_3739,434
synth_3738,434
synth_3736,434
synth_3741,434
synth_3742,434
synth_3740,434
synth_3737,434
synth_3743,433
synth_3744,433
synth_3745,433
synth_3748,433
synth_3746,433
synth_3749,433
synth_3747,433
synth_3756,432
synth_3754,432
synth_3753,432
synth_3750,432
synth_3751,432
synth_3755,432
synth_3752,432
synth_3758,431
synth_3760,431
synth_3763,431
synth_3759,431
synth_3761,431
synth_3757,431
synth_3762,431
synth_3768,430
synth_3766,430
synth_3771,430
synth_3767,430
synth_3769,430
synth_3765,430
synth_3770,430
synth_3764,430
synth_3775,429
synth_3774,429
synth_3778,429
synth_3772,429
synth_3773,429
synth_3776,429
synth_3777,429
synth_3785,428
synth_3780,428
synth_3783,428
synth_3781,428
synth_3784,428
synth_3782,428
synth_3779,428
synth_3789,427
synth_3790,427
synth_3786,427
synth_3791,427
synth_3788,427
synth_3792,427
synth_3787,427
synth_3793,427
synth_3795,426
synth_3799,426
synth_3798,426
synth_3797,426
synth_3800,426
synth_3796,426
synth_3794,426
synth_3801,425
synth_3804,425
synth_3808,425
synth_3806,425
synth_3807,425
synth_3803,425
synth_3802,425
synth_3805,425
synth_3811,424
synth_3809,424
synth_3810,424
synth_3812,424
synth_3814,424
synth_3813,424
synth_3815,424
synth_3817,423
synth_3821,423
synth_3818,423
synth_3816,423
synth_3820,423
synth_3819,423
synth_3822,423
synth_3823,423
synth_3830,422
synth_3825,422
synth_3828,422
synth_3829,422
synth_3826,422
synth_3824,422
synth_3827,422
synth_3837,421
synth_3831,421
synth_3838,421
synth_3835,421
synth_3836,421
synth_3834,421
synth_3832,421
synth_3833,421
synth_3843,420
synth_3842,420
synth_3845,420
synth_3840,420
synth_3839,420
synth_3841,420
synth_3846,420
synth_3844,420
synth_3850,419
synth_3849,419
synth_3847,419
synth_3853,419
synth_3851,419
synth_3852,419
synth_3848,419
synth_3855,418
synth_3861,418
synth_3860,418
synth_3856,418
synth_3857,418
synth_3859,418
synth_3854,418
synth_3858,418
synth_3868,417
synth_3869,417
synth_3866,417
synth_3862,417
synth_3867,417
synth_3864,417
synth_3865,417
synth_3863,417
synth_3870,416
synth_3872,416
synth_3874,416
synth_3875,416
synth_3876,416
synth_3871,416
synth_3873,416
synth_3880,415
synth_3878,415
synth_3879,415
synth_3883,415
synth_3881,415
synth_3882,415
synth_3877,415
synth_3884,415
synth_3892,414
synth_3889,414
synth_3885,414
synth_3886,414
synth_3887,414
synth_3890,414
synth_3891,414
synth_3888,414
synth_3900,413
synth_3896,413
synth_3898,413
synth_3899,413
synth_3895,413
synth_3894,413
synth_3893,413
synth_3897,413
synth_3905,412
synth_3901,412
synth_3902,412
synth_3906,412
synth_3903,412
synth_3908,412
synth_3904,412
synth_3907,412
synth_3915,411
synth_3910,411
synth_3912,411
synth_3911,411
synth_3914,411
synth_3909,411
synth_3916,411
synth_3913,411
synth_3920,410
synth_3921,410
synth_3918,410
synth_3923,410
synth_3919,410
synth_3917,410
synth_3924,410
synth_3922,410
synth_3930,409
synth_3931,409
synth_3925,409
synth_3927,409
synth_3932,409
synth_3929,409
synth_3926,409
synth_3928,409
synth_3933,408
synth_3940,408
synth_3936,408
synth_3938,408
synth_3937,408
synth_3934,408
synth_3939,408
synth_3935,408
synth_3941,407
synth_3944,407
synth_3945,407
synth_3946,407
synth_3948,407
synth_3943,407
synth_3947,407
synth_3942,407
synth_3949,406
synth_3951,406
synth_3956,406
synth_3955,406
synth_3950,406
synth_3954,406
synth_3952,406
synth_3953,406
synth_3957,405
synth_3961,405
synth_3960,405
synth_3962,405
synth_3959,405
synth_3958,405
synth_3964,405
synth_3963,405
synth_3972,404
synth_3970,404
synth_3967,404
synth_3971,404
synth_3966,404
synth_3969,404
synth_3965,404
synth_3968,404
synth_3976,403
synth_3977,403
synth_3979,403
synth_3978,403
synth_3973,403
synth_3975,403
synth_3980,403
synth_3974,403
synth_3988,402
synth_3986,402
synth_3981,402
synth_3987,402
synth_3989,402
synth_3985,402
synth_3984,402
synth_3983,402
synth_3982,402
synth_3995,401
synth_3996,401
synth_3993,401
synth_3994,401
synth_3990,401
synth_3991,401
synth_3997,401
synth_3992,401
synth_4005,400
synth_3998,400
synth_4000,400
synth_3999,400
synth_4001,400
synth_4003,400
synth_4002,400
synth_4004,400
synth_4009,399
synth_4010,399
synth_4011,399
synth_4008,399
synth_4012,399
synth_4007,399
synth_4013,399
synth_4014,399
synth_4006,399
synth_4019,398
synth_4022,398
synth_4015,398
synth_4018,398
synth_4021,398
synth_4017,398
synth_4016,398
synth_4020,398
synth_4030,397
synth_4031,397
synth_4025,397
synth_4028,397
synth_4026,397
synth_4023,397
synth_4027,397
synth_4029,397
synth_4024,397
synth_4034,396
synth_4036,396
synth_4038,396
synth_4039,396
synth_4032,396
synth_4035,396
synth_4033,396
synth_4037,396
synth_4042,395
synth_4046,395
synth_4040,395
synth_4045,395
synth_4047,395
synth_4048,395
synth_4044,395
synth_4041,395
synth_4043,395
synth_4055,394
synth_4049,394
synth_4050,394
synth_4056,394
synth_4053,394
synth_4054,394
synth_4051,394
synth_4052,394
synth_4063,393
synth_4057,393
synth_4062,393
synth_4061,393
synth_4060,393
synth_4059,393
synth_4058,393
synth_4064,393
synth_4065,393
synth_4066,392
synth_4072,392
synth_4071,392
synth_4070,392
synth_4068,392
synth_4069,392
synth_4073,392
synth_4067,392
synth_4079,391
synth_4081,391
synth_4074,391
synth_4075,391
synth_4082,391
synth_4077,391
synth_4080,391
synth_4078,391
synth_4076,391
synth_4086,390
synth_4084,390
synth_4083,390
synth_4085,390
synth_4088,390
synth_4087,390
synth_4090,390
synth_4091,390
synth_4089,390
synth_4092,389
synth_4093,389
synth_4096,389
synth_4097,389
synth_4100,389
synth_4094,389
synth_4099,389
synth_4095,389
synth_4098,389
synth_4101,388
synth_4104,388
synth_4106,388
synth_4103,388
synth_4105,388
synth_4107,388
synth_4108,388
synth_4102,388
synth_4113,387
synth_4110,387
synth_4115,387
synth_4109,387
synth_4117,387
synth_4114,387
synth_4111,387
synth_4112,387
synth_4116,387
synth_4123,386
synth_4122,386
synth_4124,386
synth_4118,386
synth_4126,386
synth_4121,386
synth_4120,386
synth_4119,386
synth_4125,386
synth_4135,385
synth_4128,385
synth_4127,385
synth_4133,385
synth_4130,385
synth_4129,385
synth_4131,385
synth_4134,385
synth_4132,385
synth_4139,384
synth_4136,384
synth_4144,384
synth_4142,384
synth_4143,384
synth_4137,384
synth_4141,384
synth_4140,384
synth_4138,384
synth_4150,383
synth_4146,383
synth_4149,383
synth_4145,383
synth_4151,383
synth_4147,383
synth_4152,383
synth_4148,383
synth_4153,383
synth_4154,382
synth_4155,382
synth_4157,382
synth_4160,382
synth_4156,382
synth_4162,382
synth_4159,382
synth_4161,382
synth_4158,382
synth_4165,381
synth_4169,381
synth_4171,381
synth_4167,381
synth_4163,381
synth_4166,381
synth_4170,381
synth_4164,381
synth_4168,381
synth_4175,380
synth_4172,380
synth_4180,380
synth_4179,380
synth_4181,380
synth_4178,380
synth_4174,380
synth_4173,380
synth_4177,380
synth_4176,380
synth_4187,379
synth_4188,379
synth_4186,379
synth_4189,379
synth_4183,379
synth_4184,379
synth_4190,379
synth_4182,379
synth_4185,379
synth_4193,378
synth_4198,378
synth_4195,378
synth_4191,378
synth_4199,378
synth_4197,378
synth_4192,378
synth_4196,378
synth_4194,378
synth_4201,377
synth_4206,377
synth_4204,377
synth_4200,377
synth_4203,377
synth_4205,377
synth_4202,377
synth_4207,377
synth_4208,377
synth_4218,376
synth_4213,376
synth_4216,376
synth_4210,376
synth_4214,376
synth_4215,376
synth_4212,376
synth_4217,376
synth_4211,376
synth_4209,376
synth_4221,375
synth_4220,375
synth_4227,375
synth_4226,375
synth_4225,375
synth_4219,375
synth_4223,375
synth_4222,375
synth_4224,375
synth_4231,374
synth_4235,374
synth_4228,374
synth_4236,374
synth_4229,374
synth_4234,374
synth_4233,374
synth_4230,374
synth_4232,374
synth_4240,373
synth_4244,373
synth_4238,373
synth_4243,373
synth_4237,373
synth_4242,373
synth_4246,373
synth_4245,373
synth_4241,373
synth_4239,373
synth_4251,372
synth_4255,372
synth_4250,372
synth_4253,372
synth_4252,372
synth_4254,372
synth_4248,372
synth_4247,372
synth_4249,372
synth_4264,371
synth_4261,371
synth_4263,371
synth_4256,371
synth_4257,371
synth_4262,371
synth_4258,371
synth_4265,371
synth_4259,371
synth_4260,371
synth_4275,370
synth_4266,370
synth_4270,370
synth_4268,370
synth_4272,370
synth_4274,370
synth_4267,370
synth_4269,370
synth_4273,370
synth_4271,370
synth_4276,369
synth_4282,369
synth_4278,369
synth_4280,369
synth_4279,369
synth_4283,369
synth_4277,369
synth_4284,369
synth_4281,369
synth_4293,368
synth_4287,368
synth_4289,368
synth_4291,368
synth_4292,368
synth_4294,368
synth_4286,368
synth_4288,368
synth_4285,368
synth_4290,368
synth_4300,367
synth_4299,367
synth_4298,367
synth_4304,367
synth_4297,367
synth_4302,367
synth_4301,367
synth_4296,367
synth_4295,367
synth_4303,367
synth_4306,366
synth_4314,366
synth_4313,366
synth_4305,366
synth_4310,366
synth_4309,366
synth_4311,366
synth_4312,366
synth_4308,366
synth_4307,366
synth_4323,365
synth_4319,365
synth_4320,365
synth_4322,365
synth_4317,365
synth_4318,365
synth_4316,365
synth_4315,365
synth_4321,365
synth_4326,364
synth_4325,364
synth_4332,364
synth_4328,364
synth_4329,364
synth_4331,364
synth_4324,364
synth_4330,364
synth_4333,364
synth_4327,364
synth_4339,363
synth_4335,363
synth_4343,363
synth_4340,363
synth_4341,363
synth_4334,363
synth_4342,363
synth_4336,363
synth_4338,363
synth_4337,363
synth_4350,362
synth_4344,362
synth_4351,362
synth_4348,362
synth_4353,362
synth_4345,362
synth_4346,362
synth_4347,362
synth_4352,362
synth_4349,362
synth_4354,361
synth_4357,361
synth_4356,361
synth_4361,361
synth_4358,361
synth_4355,361
synth_4362,361
synth_4363,361
synth_4359,361
synth_4360,361
synth_4364,360
synth_4372,360
synth_4371,360
synth_4368,360
synth_4366,360
synth_4373,360
synth_4369,360
synth_4367,360
synth_4370,360
synth_4365,360
synth_4376,359
synth_4377,359
synth_4379,359
synth_4375,359
synth_4383,359
synth_4374,359
synth_4378,359
synth_4380,359
synth_4381,359
synth_4384,359
synth_4382,359
synth_4393,358
synth_4388,358
synth_4392,358
synth_4385,358
synth_4389,358
synth_4390,358
synth_4391,358
synth_4387,358
synth_4394,358
synth_4386,358
synth_4401,357
synth_4395,357
synth_4400,357
synth_4397,357
synth_4399,357
synth_4403,357
synth_4404,357
synth_4402,357
synth_4396,357
synth_4398,357
synth_4406,356
synth_4405,356
synth_4411,356
synth_4408,356
synth_4413,356
synth_4410,356
synth_4412,356
synth_4409,356
synth_4407,356
synth_4414,356
synth_4418,355
synth_4425,355
synth_4416,355
synth_4417,355
synth_4419,355
synth_4415,355
synth_4422,355
synth_4424,355
synth_4420,355
synth_4423,355
synth_4421,355
synth_4427,354
synth_4432,354
synth_4434,354
synth_4433,354
synth_4428,354
synth_4429,354
synth_4431,354
synth_4430,354
synth_4426,354
synth_4435,354
synth_4440,353
synth_4437,353
synth_4436,353
synth_4439,353
synth_4438,353
synth_4446,353
synth_4444,353
synth_4445,353
synth_4443,353
synth_4441,353
synth_4442,353
synth_4450,352
synth_4447,352
synth_4454,352
synth_4448,352
synth_4452,352
synth_4453,352
synth_4449,352
synth_4451,352
synth_4455,352
synth_4456,352
synth_4463,351
synth_4459,351
synth_4457,351
synth_4464,351
synth_4460,351
synth_4458,351
synth_4466,351
synth_4461,351
synth_4462,351
synth_4467,351
synth_4465,351
synth_4469,350
synth_4478,350
synth_4471,350
synth_4474,350
synth_4476,350
synth_4473,350
synth_4468,350
synth_4470,350
synth_4472,350
synth_4477,350
synth_4475,350
synth_4482,349
synth_4480,349
synth_4488,349
synth_4479,349
synth_4487,349
synth_4484,349
synth_4485,349
synth_4483,349
synth_4486,349
synth_4481,349
synth_4495,348
synth_4496,348
synth_4499,348
synth_4497,348
synth_4492,348
synth_4489,348
synth_4493,348
synth_4490,348
synth_4491,348
synth_4498,348
synth_4494,348
synth_4501,347
synth_4508,347
synth_4500,347
synth_4502,347
synth_4509,347
synth_4503,347
synth_4505,347
synth_4507,347
synth_4510,347
synth_4504,347
synth_4506,347
synth_4514,346
synth_4518,346
synth_4520,346
synth_4521,346
synth_4519,346
synth_4513,346
synth_4517,346
synth_4511,346
synth_4515,346
synth_4512,346
synth_4516,346
synth_4522,345
synth_4524,345
synth_4528,345
synth_4527,345
synth_4523,345
synth_4531,345
synth_4532,345
synth_4530,345
synth_4526,345
synth_4525,345
synth_4529,345
synth_4535,344
synth_4534,344
synth_4536,344
synth_4533,344
synth_4543,344
synth_4539,344
synth_4541,344
synth_4540,344
synth_4538,344
synth_4542,344
synth_4537,344
synth_4547,343
synth_4550,343
synth_4552,343
synth_4551,343
synth_4553,343
synth_4549,343
synth_4548,343
synth_4545,343
synth_4544,343
synth_4546,343
synth_4554,343
synth_4559,342
synth_4563,342
synth_4561,342
synth_4555,342
synth_4565,342
synth_4558,342
synth_4560,342
synth_4556,342
synth_4564,342
synth_4557,342
synth_4562,342
synth_4568,341
synth_4571,341
synth_4566,341
synth_4576,341
synth_4569,341
synth_4567,341
synth_4572,341
synth_4574,341
synth_4573,341
synth_4575,341
synth_4570,341
synth_4583,340
synth_4580,340
synth_4581,340
synth_4587,340
synth_4585,340
synth_4586,340
synth_4584,340
synth_4582,340
synth_4578,340
synth_4577,340
synth_4579,340
synth_4593,339
synth_4594,339
synth_4591,339
synth_4588,339
synth_4589,339
synth_4590,339
synth_4595,339
synth_4598,339
synth_4597,339
synth_4592,339
synth_4596,339
synth_4606,338
synth_4602,338
synth_4608,338
synth_4603,338
synth_4609,338
synth_4601,338
synth_4607,338
synth_4604,338
synth_4610,338
synth_4600,338
synth_4599,338
synth_4605,338
synth_4613,337
synth_4616,337
synth_4615,337
synth_4611,337
synth_4621,337
synth_4620,337
synth_4614,337
synth_4617,337
synth_4612,337
synth_4618,337
synth_4619,337
synth_4629,336
synth_4631,336
synth_4628,336
synth_4632,336
synth_4623,336
synth_4630,336
synth_4622,336
synth_4626,336
synth_4625,336
synth_4624,336
synth_4633,336
synth_4627,336
synth_4644,335
synth_4642,335
synth_4635,335
synth_4643,335
synth_4636,335
synth_4639,335
synth_4640,335
synth_4641,335
synth_4634,335
synth_4637,335
synth_4638,335
synth_4649,334
synth_4653,334
synth_4654,334
synth_4656,334
synth_4652,334
synth_4646,334
synth_4647,334
synth_4648,334
synth_4650,334
synth_4645,334
synth_4651,334
synth_4655,334
synth_4665,333
synth_4663,333
synth_4657,333
synth_4664,333
synth_4662,333
synth_4661,333
synth_4667,333
synth_4658,333
synth_4666,333
synth_4668,333
synth_4660,333
synth_4659,333
synth_4671,332
synth_4676,332
synth_4673,332
synth_4670,332
synth_4679,332
synth_4677,332
synth_4675,332
synth_4669,332
synth_4672,332
synth_4674,332
synth_4678,332
synth_4689,331
synth_4690,331
synth_4686,331
synth_4691,331
synth_4680,331
synth_4683,331
synth_4688,331
synth_4682,331
synth_4685,331
synth_4687,331
synth_4684,331
synth_4681,331
synth_4692,330
synth_4701,330
synth_4700,330
synth_4702,330
synth_4698,330
synth_4696,330
synth_4697,330
synth_4703,330
synth_4695,330
synth_4699,330
synth_4694,330
synth_4693,330
synth_4708,329
synth_4714,329
synth_4710,329
synth_4712,329
synth_4715,329
synth_4705,329
synth_4709,329
synth_4711,329
synth_4706,329
synth_4707,329
synth_4704,329
synth_4713,329
synth_4723,328
synth_4716,328
synth_4725,328
synth_4722,328
synth_4718,328
synth_4719,328
synth_4726,328
synth_4717,328
synth_4721,328
synth_4724,328
synth_4720,328
synth_4727,328
synth_4737,327
synth_4738,327
synth_4732,327
synth_4733,327
synth_4730,327
synth_4739,327
synth_4735,327
synth_4736,327
synth_4731,327
synth_4728,327
synth_4734,327
synth_4729,327
synth_4741,326
synth_4742,326
synth_4740,326
synth_4749,326
synth_4748,326
synth_4747,326
synth_4743,326
synth_4746,326
synth_4745,326
synth_4744,326
synth_4750,326
synth_4751,326
synth_4756,325
synth_4762,325
synth_4753,325
synth_4763,325
synth_4759,325
synth_4755,325
synth_4761,325
synth_4760,325
synth_4757,325
synth_4754,325
synth_4758,325
synth_4752,325
synth_4773,324
synth_4770,324
synth_4771,324
synth_4774,324
synth_4768,324
synth_4769,324
synth_4766,324
synth_4765,324
synth_4764,324
synth_4772,324
synth_4767,324
synth_4775,324
synth_4778,323
synth_4782,323
synth_4787,323
synth_4786,323
synth_4781,323
synth_4784,323
synth_4777,323
synth_4788,323
synth_4776,323
synth_4779,323
synth_4785,323
synth_4783,323
synth_4780,323
synth_4799,322
synth_4791,322
synth_4798,322
synth_4800,322
synth_4795,322
synth_4793,322
synth_4796,322
synth_4790,322
synth_4792,322
synth_4794,322
synth_4789,322
synth_4797,322
synth_4813,321
synth_4810,321
synth_4811,321
synth_4812,321
synth_4807,321
synth_4808,321
synth_4806,321
synth_4804,321
synth_4801,321
synth_4805,321
synth_4809,321
synth_4803,321
synth_4802,321
synth_4823,320
synth_4818,320
synth_4824,320
synth_4816,320
synth_4817,320
synth_4820,320
synth_4821,320
synth_4822,320
synth_4815,320
synth_4814,320
synth_4825,320
synth_4819,320
synth_4827,319
synth_4837,319
synth_4838,319
synth_4826,319
synth_4832,319
synth_4836,319
synth_4835,319
synth_4829,319
synth_4828,319
synth_4830,319
synth_4831,319
synth_4834,319
synth_4833,319
synth_4843,318
synth_4845,318
synth_4842,318
synth_4846,318
synth_4844,318
synth_4841,318
synth_4851,318
synth_4848,318
synth_4840,318
synth_4847,318
synth_4849,318
synth_4850,318
synth_4839,318
synth_4853,317
synth_4859,317
synth_4852,317
synth_4861,317
synth_4863,317
synth_4858,317
synth_4856,317
synth_4854,317
synth_4857,317
synth_4862,317
synth_4855,317
synth_4860,317
synth_4867,316
synth_4876,316
synth_4868,316
synth_4865,316
synth_4874,316
synth_4870,316
synth_4875,316
synth_4869,316
synth_4864,316
synth_4873,316
synth_4866,316
synth_4872,316
synth_4871,316
synth_4889,315
synth_4881,315
synth_4883,315
synth_4879,315
synth_4886,315
synth_4882,315
synth_4884,315
synth_4878,315
synth_4888,315
synth_4877,315
synth_4887,315
synth_4880,315
synth_4885,315
synth_4901,314
synth_4902,314
synth_4894,314
synth_4898,314
synth_4892,314
synth_4896,314
synth_4899,314
synth_4891,314
synth_4893,314
synth_4897,314
synth_4900,314
synth_4890,314
synth_4895,314
synth_4911,313
synth_4908,313
synth_4907,313
synth_4913,313
synth_4905,313
synth_4914,313
synth_4903,313
synth_4910,313
synth_4915,313
synth_4909,313
synth_4912,313
synth_4906,313
synth_4904,313
synth_4928,312
synth_4919,312
synth_4918,312
synth_4922,312
synth_4917,312
synth_4921,312
synth_4927,312
synth_4925,312
synth_4923,312
synth_4924,312
synth_4916,312
synth_4926,312
synth_4920,312
synth_4937,311
synth_4929,311
synth_4932,311
synth_4941,311
synth_4934,311
synth_4930,311
synth_4942,311
synth_4933,311
synth_4935,311
synth_4938,311
synth_4940,311
synth_4939,311
synth_4936,311
synth_4931,311
synth_4947,310
synth_4946,310
synth_4948,310
synth_4952,310
synth_4949,310
synth_4950,310
synth_4944,310
synth_4945,310
synth_4953,310
synth_4943,310
synth_4954,310
synth_4955,310
synth_4951,310
synth_4962,309
synth_4967,309
synth_4958,309
synth_4961,309
synth_4966,309
synth_4963,309
synth_4960,309
synth_4956,309
synth_4957,309
synth_4964,309
synth_4968,309
synth_4959,309
synth_4965,309
synth_4977,308
synth_4972,308
synth_4975,308
synth_4976,308
synth_4978,308
synth_4981,308
synth_4982,308
synth_4970,308
synth_4971,308
synth_4980,308
synth_4979,308
synth_4974,308
synth_4973,308
synth_4969,308
synth_4987,307
synth_4988,307
synth_4989,307
synth_4986,307
synth_4985,307
synth_4983,307
synth_4992,307
synth_4993,307
synth_4990,307
synth_4991,307
synth_4994,307
synth_4984,307
synth_4995,307
synth_5000,306
synth_5003,306
synth_5006,306
synth_5009,306
synth_4998,306
synth_5004,306
synth_4997,306
synth_5002,306
synth_5007,306
synth_4996,306
synth_5001,306
synth_5008,306
synth_4999,306
synth_5005,306
synth_5010,305
synth_5017,305
synth_5011,305
synth_5018,305
synth_5016,305
synth_5015,305
synth_5023,305
synth_5021,305
synth_5012,305
synth_5019,305
synth_5022,305
synth_5020,305
synth_5014,305
synth_5013,305
synth_5030,304
synth_5024,304
synth_5027,304
synth_5025,304
synth_5035,304
synth_5036,304
synth_5031,304
synth_5032,304
synth_5033,304
synth_5029,304
synth_5026,304
synth_5034,304
synth_5028,304
synth_5049,303
synth_5038,303
synth_5044,303
synth_5042,303
synth_5039,303
synth_5048,303
synth_5041,303
synth_5043,303
synth_5037,303
synth_5047,303
synth_5045,303
synth_5046,303
synth_5040,303
synth_5050,303
synth_5052,302
synth_5064,302
synth_5055,302
synth_5054,302
synth_5060,302
synth_5059,302
synth_5061,302
synth_5057,302
synth_5056,302
synth_5058,302
synth_5051,302
synth_5053,302
synth_5063,302
synth_5062,302
synth_5072,301
synth_5069,301
synth_5073,301
synth_5070,301
synth_5074,301
synth_5065,301
synth_5066,301
synth_5077,301
synth_5071,301
synth_5067,301
synth_5078,301
synth_5076,301
synth_5068,301
synth_5075,301
synth_5089,300
synth_5087,300
synth_5091,300
synth_5090,300
synth_5088,300
synth_5080,300
synth_5083,300
synth_5092,300
synth_5086,300
synth_5079,300
synth_5082,300
synth_5084,300
synth_5085,300
synth_5081,300
synth_5105,299
synth_5101,299
synth_5097,299
synth_5100,299
synth_5098,299
synth_5102,299
synth_5093,299
synth_5094,299
synth_5095,299
synth_5099,299
synth_5103,299
synth_5096,299
synth_5107,299
synth_5106,299
synth_5104,299
synth_5116,298
synth_5113,298
synth_5119,298
synth_5115,298
synth_5109,298
synth_5111,298
synth_5117,298
synth_5120,298
synth_5108,298
synth_5114,298
synth_5110,298
synth_5112,298
synth_5118,298
synth_5121,298
synth_5124,297
synth_5122,297
synth_5123,297
synth_5134,297
synth_5131,297
synth_5130,297
synth_5126,297
synth_5127,297
synth_5133,297
synth_5135,297
synth_5128,297
synth_5132,297
synth_5129,297
synth_5125,297
synth_5147,296
synth_5136,296
synth_5144,296
synth_5138,296
synth_5137,296
synth_5143,296
synth_5150,296
synth_5140,296
synth_5142,296
synth_5149,296
synth_5141,296
synth_5148,296
synth_5139,296
synth_5146,296
synth_5145,296
synth_5154,295
synth_5161,295
synth_5151,295
synth_5159,295
synth_5156,295
synth_5153,295
synth_5157,295
synth_5158,295
synth_5160,295
synth_5152,295
synth_5155,295
synth_5162,295
synth_5163,295
synth_5164,295
synth_5169,294
synth_5166,294
synth_5174,294
synth_5170,294
synth_5167,294
synth_5172,294
synth_5171,294
synth_5175,294
synth_5177,294
synth_5179,294
synth_5173,294
synth_5176,294
synth_5165,294
synth_5178,294
synth_5168,294
synth_5183,293
synth_5189,293
synth_5191,293
synth_5180,293
synth_5184,293
synth_5185,293
synth_5193,293
synth_5182,293
synth_5190,293
synth_5188,293
synth_5194,293
synth_5186,293
synth_5192,293
synth_5181,293
synth_5187,293
synth_5197,292
synth_5209,292
synth_5208,292
synth_5199,292
synth_5203,292
synth_5200,292
synth_5201,292
synth_5205,292
synth_5207,292
synth_5196,292
synth_5202,292
synth_5198,292
synth_5204,292
synth_5206,292
synth_5195,292
synth_5215,291
synth_5220,291
synth_5216,291
synth_5219,291
synth_5222,291
synth_5218,291
synth_5217,291
synth_5211,291
synth_5221,291
synth_5213,291
synth_5212,291
synth_5210,291
synth_5214,291
synth_5223,291
synth_5227,290
synth_5229,290
synth_5225,290
synth_5224,290
synth_5236,290
synth_5239,290
synth_5233,290
synth_5238,290
synth_5228,290
synth_5230,290
synth_5231,290
synth_5232,290
synth_5226,290
synth_5235,290
synth_5237,290
synth_5234,290
synth_5243,289
synth_5248,289
synth_5245,289
synth_5250,289
synth_5253,289
synth_5241,289
synth_5242,289
synth_5244,289
synth_5249,289
synth_5246,289
synth_5251,289
synth_5254,289
synth_5247,289
synth_5240,289
synth_5252,289
synth_5267,288
synth_5256,288
synth_5262,288
synth_5260,288
synth_5261,288
synth_5265,288
synth_5264,288
synth_5255,288
synth_5268,288
synth_5258,288
synth_5257,288
synth_5269,288
synth_5263,288
synth_5259,288
synth_5266,288
synth_5273,287
synth_5284,287
synth_5278,287
synth_5272,287
synth_5270,287
synth_5279,287
synth_5271,287
synth_5283,287
synth_5275,287
synth_5277,287
synth_5281,287
synth_5282,287
synth_5274,287
synth_5276,287
synth_5280,287
synth_5290,286
synth_5299,286
synth_5289,286
synth_5287,286
synth_5291,286
synth_5298,286
synth_5286,286
synth_5293,286
synth_5300,286
synth_5285,286
synth_5288,286
synth_5292,286
synth_5295,286
synth_5294,286
synth_5297,286
synth_5296,286
synth_5310,285
synth_5309,285
synth_5303,285
synth_5306,285
synth_5311,285
synth_5314,285
synth_5304,285
synth_5313,285
synth_5307,285
synth_5305,285
synth_5312,285
synth_5308,285
synth_5301,285
synth_5315,285
synth_5302,285
synth_5316,284
synth_5323,284
synth_5329,284
synth_5320,284
synth_5322,284
synth_5331,284
synth_5325,284
synth_5318,284
synth_5330,284
synth_5317,284
synth_5319,284
synth_5326,284
synth_5324,284
synth_5321,284
synth_5327,284
synth_5328,284
synth_5345,283
synth_5339,283
synth_5344,283
synth_5337,283
synth_5346,283
synth_5332,283
synth_5336,283
synth_5341,283
synth_5343,283
synth_5333,283
synth_5340,283
synth_5342,283
synth_5335,283
synth_5334,283
synth_5338,283
synth_5355,282
synth_5362,282
synth_5354,282
synth_5353,282
synth_5357,282
synth_5348,282
synth_5356,282
synth_5360,282
synth_5351,282
synth_5358,282
synth_5350,282
synth_5349,282
synth_5359,282
synth_5361,282
synth_5352,282
synth_5347,282
synth_5371,281
synth_5365,281
synth_5367,281
synth_5377,281
synth_5372,281
synth_5363,281
synth_5375,281
synth_5366,281
synth_5364,281
synth_5378,281
synth_5369,281
synth_5376,281
synth_5374,281
synth_5370,281
synth_5368,281
synth_5373,281
synth_5392,280
synth_5384,280
synth_5388,280
synth_5387,280
synth_5381,280
synth_5383,280
synth_5391,280
synth_5393,280
synth_5380,280
synth_5385,280
synth_5389,280
synth_5390,280
synth_5382,280
synth_5379,280
synth_5394,280
synth_5386,280
synth_5408,279
synth_5397,279
synth_5400,279
synth_5403,279
synth_5398,279
synth_5402,279
synth_5404,279
synth_5405,279
synth_5409,279
synth_5401,279
synth_5406,279
synth_5407,279
synth_5395,279
synth_5410,279
synth_5399,279
synth_5396,279
synth_5412,278
synth_5413,278
synth_5426,278
synth_5425,278
synth_5423,278
synth_5417,278
synth_5420,278
synth_5418,278
synth_5414,278
synth_5415,278
synth_5419,278
synth_5427,278
synth_5422,278
synth_5416,278
synth_5424,278
synth_5411,278
synth_5421,278
synth_5431,277
synth_5440,277
synth_5434,277
synth_5442,277
synth_5432,277
synth_5435,277
synth_5441,277
synth_5428,277
synth_5443,277
synth_5439,277
synth_5430,277
synth_5436,277
synth_5433,277
synth_5438,277
synth_5429,277
synth_5437,277
synth_5452,276
synth_5453,276
synth_5447,276
synth_5448,276
synth_5449,276
synth_5456,276
synth_5451,276
synth_5450,276
synth_5455,276
synth_5444,276
synth_5454,276
synth_5457,276
synth_5459,276
synth_5446,276
synth_5458,276
synth_5445,276
synth_5469,275
synth_5463,275
synth_5474,275
synth_5473,275
synth_5466,275
synth_5472,275
synth_5465,275
synth_5470,275
synth_5468,275
synth_5461,275
synth_5467,275
synth_5464,275
synth_5475,275
synth_5476,275
synth_5460,275
synth_5462,275
synth_5471,275
synth_5491,274
synth_5493,274
synth_5481,274
synth_5482,274
synth_5478,274
synth_5479,274
synth_5487,274
synth_5483,274
synth_5485,274
synth_5480,274
synth_5489,274
synth_5490,274
synth_5492,274
synth_5486,274
synth_5477,274
synth_5484,274
synth_5488,274
synth_5508,273
synth_5504,273
synth_5500,273
synth_5502,273
synth_5495,273
synth_5505,273
synth_5498,273
synth_5509,273
synth_5497,273
synth_5506,273
synth_5507,273
synth_5510,273
synth_5496,273
synth_5499,273
synth_5503,273
synth_5494,273
synth_5501,273
synth_5515,272
synth_5525,272
synth_5519,272
synth_5516,272
synth_5518,272
synth_5522,272
synth_5523,272
synth_5517,272
synth_5526,272
synth_5520,272
synth_5511,272
synth_5524,272
synth_5521,272
synth_5512,272
synth_5513,272
synth_5514,272
synth_5543,271
synth_5536,271
synth_5527,271
synth_5532,271
synth_5542,271
synth_5535,271
synth_5534,271
synth_5529,271
synth_5541,271
synth_5533,271
synth_5540,271
synth_5539,271
synth_5531,271
synth_5530,271
synth_5537,271
synth_5528,271
synth_5538,271
synth_5552,270
synth_5550,270
synth_5557,270
synth_5561,270
synth_5556,270
synth_5545,270
synth_5551,270
synth_5558,270
synth_5548,270
synth_5559,270
synth_5554,270
synth_5547,270
synth_5549,270
synth_5546,270
synth_5553,270
synth_5544,270
synth_5560,270
synth_5555,270
synth_5570,269
synth_5562,269
synth_5577,269
synth_5568,269
synth_5569,269
synth_5571,269
synth_5564,269
synth_5572,269
synth_5566,269
synth_5576,269
synth_5575,269
synth_5563,269
synth_5578,269
synth_5565,269
synth_5573,269
synth_5567,269
synth_5574,269
synth_5583,268
synth_5594,268
synth_5592,268
synth_5589,268
synth_5591,268
synth_5584,268
synth_5593,268
synth_5587,268
synth_5581,268
synth_5582,268
synth_5586,268
synth_5580,268
synth_5579,268
synth_5585,268
synth_5588,268
synth_5595,268
synth_5590,268
synth_5613,267
synth_5606,267
synth_5612,267
synth_5605,267
synth_5603,267
synth_5611,267
synth_5597,267
synth_5601,267
synth_5609,267
synth_5599,267
synth_5600,267
synth_5598,267
synth_5607,267
synth_5610,267
synth_5604,267
synth_5596,267
synth_5602,267
synth_5608,267
synth_5628,266
synth_5624,266
synth_5629,266
synth_5625,266
synth_5615,266
synth_5618,266
synth_5621,266
synth_5630,266
synth_5623,266
synth_5622,266
synth_5616,266
synth_5626,266
synth_5617,266
synth_5614,266
synth_5619,266
synth_5620,266
synth_5627,266
synth_5634,265
synth_5644,265
synth_5633,265
synth_5638,265
synth_5641,265
synth_5647,265
synth_5636,265
synth_5646,265
synth_5635,265
synth_5632,265
synth_5645,265
synth_5642,265
synth_5631,265
synth_5640,265
synth_5648,265
synth_5643,265
synth_5639,265
synth_5637,265
synth_5660,264
synth_5666,264
synth_5654,264
synth_5665,264
synth_5662,264
synth_5661,264
synth_5656,264
synth_5663,264
synth_5655,264
synth_5650,264
synth_5657,264
synth_5649,264
synth_5659,264
synth_5652,264
synth_5653,264
synth_5664,264
synth_5651,264
synth_5658,264
synth_5681,263
synth_5670,263
synth_5672,263
synth_5678,263
synth_5671,263
synth_5683,263
synth_5679,263
synth_5684,263
synth_5667,263
synth_5675,263
synth_5680,263
synth_5668,263
synth_5673,263
synth_5674,263
synth_5677,263
synth_5669,263
synth_5676,263
synth_5682,263
synth_5700,262
synth_5689,262
synth_5687,262
synth_5698,262
synth_5701,262
synth_5694,262
synth_5699,262
synth_5686,262
synth_5702,262
synth_5696,262
synth_5685,262
synth_5697,262
synth_5692,262
synth_5691,262
synth_5695,262
synth_5690,262
synth_5693,262
synth_5688,262
synth_5715,261
synth_5709,261
synth_5703,261
synth_5706,261
synth_5716,261
synth_5713,261
synth_5705,261
synth_5708,261
synth_5711,261
synth_5718,261
synth_5710,261
synth_5719,261
synth_5720,261
synth_5717,261
synth_5714,261
synth_5707,261
synth_5712,261
synth_5704,261
synth_5725,260
synth_5724,260
synth_5726,260
synth_5729,260
synth_5730,260
synth_5739,260
synth_5731,260
synth_5732,260
synth_5735,260
synth_5736,260
synth_5738,260
synth_5728,260
synth_5737,260
synth_5721,260
synth_5722,260
synth_5733,260
synth_5734,260
synth_5727,260
synth_5723,260
synth_5746,259
synth_5752,259
synth_5751,259
synth_5756,259
synth_5740,259
synth_5754,259
synth_5757,259
synth_5749,259
synth_5755,259
synth_5745,259
synth_5743,259
synth_5742,259
synth_5748,259
synth_5753,259
synth_5744,259
synth_5747,259
synth_5741,259
synth_5750,259
synth_5760,258
synth_5776,258
synth_5766,258
synth_5759,258
synth_5758,258
synth_5761,258
synth_5774,258
synth_5770,258
synth_5772,258
synth_5773,258
synth_5764,258
synth_5767,258
synth_5762,258
synth_5768,258
synth_5769,258
synth_5763,258
synth_5765,258
synth_5775,258
synth_5771,258
synth_5780,257
synth_5782,257
synth_5788,257
synth_5785,257
synth_5794,257
synth_5787,257
synth_5793,257
synth_5791,257
synth_5777,257
synth_5790,257
synth_5792,257
synth_5779,257
synth_5781,257
synth_5786,257
synth_5789,257
synth_5784,257
synth_5783,257
synth_5778,257
synth_5805,256
synth_5795,256
synth_5809,256
synth_5812,256
synth_5803,256
synth_5799,256
synth_5810,256
synth_5800,256
synth_5811,256
synth_5796,256
synth_5798,256
synth_5813,256
synth_5807,256
synth_5802,256
synth_5808,256
synth_5801,256
synth_5806,256
synth_5804,256
synth_5797,256
synth_5832,255
synth_5825,255
synth_5828,255
synth_5819,255
synth_5830,255
synth_5820,255
synth_5815,255
synth_5816,255
synth_5823,255
synth_5817,255
synth_5814,255
synth_5831,255
synth_5824,255
synth_5827,255
synth_5822,255
synth_5818,255
synth_5826,255
synth_5821,255
synth_5829,255
synth_5849,254
synth_5837,254
synth_5839,254
synth_5851,254
synth_5833,254
synth_5848,254
synth_5835,254
synth_5836,254
synth_5840,254
synth_5838,254
synth_5844,254
synth_5846,254
synth_5852,254
synth_5842,254
synth_5845,254
synth_5841,254
synth_5847,254
synth_5843,254
synth_5834,254
synth_5850,254
synth_5867,253
synth_5868,253
synth_5869,253
synth_5860,253
synth_5862,253
synth_5859,253
synth_5866,253
synth_5854,253
synth_5861,253
synth_5853,253
synth_5857,253
synth_5865,253
synth_5856,253
synth_5864,253
synth_5870,253
synth_5858,253
synth_5855,253
synth_5871,253
synth_5863,253
synth_5889,252
synth_5876,252
synth_5883,252
synth_5878,252
synth_5875,252
synth_5882,252
synth_5885,252
synth_5886,252
synth_5874,252
synth_5880,252
synth_5872,252
synth_5884,252
synth_5890,252
synth_5873,252
synth_5877,252
synth_5879,252
synth_5887,252
synth_5881,252
synth_5888,252
synth_5904,251
synth_5910,251
synth_5899,251
synth_5894,251
synth_5897,251
synth_5900,251
synth_5893,251
synth_5895,251
synth_5907,251
synth_5908,251
synth_5892,251
synth_5896,251
synth_5902,251
synth_5906,251
synth_5891,251
synth_5903,251
synth_5905,251
synth_5909,251
synth_5901,251
synth_5898,251
synth_5913,250
synth_5919,250
synth_5922,250
synth_5912,250
synth_5918,250
synth_5917,250
synth_5911,250
synth_5924,250
synth_5929,250
synth_5930,250
synth_5921,250
synth_5923,250
synth_5928,250
synth_5925,250
synth_5914,250
synth_5927,250
synth_5926,250
synth_5920,250
synth_5915,250
synth_5916,250
synth_5933,249
synth_5946,249
synth_5941,249
synth_5949,249
synth_5931,249
synth_5945,249
synth_5950,249
synth_5939,249
synth_5940,249
synth_5934,249
synth_5937,249
synth_5948,249
synth_5932,249
synth_5938,249
synth_5943,249
synth_5947,249
synth_5944,249
synth_5935,249
synth_5942,249
synth_5936,249
synth_5961,248
synth_5958,248
synth_5963,248
synth_5952,248
synth_5954,248
synth_5966,248
synth_5962,248
synth_5956,248
synth_5960,248
synth_5967,248
synth_5957,248
synth_5953,248
synth_5969,248
synth_5965,248
synth_5955,248
synth_5959,248
synth_5964,248
synth_5970,248
synth_5951,248
synth_5968,248
synth_5990,247
synth_5989,247
synth_5975,247
synth_5973,247
synth_5980,247
synth_5985,247
synth_5972,247
synth_5982,247
synth_5984,247
synth_5974,247
synth_5981,247
synth_5976,247
synth_5979,247
synth_5983,247
synth_5977,247
synth_5971,247
synth_5986,247
synth_5978,247
synth_5988,247
synth_5987,247
synth_6000,246
synth_5991,246
synth_5994,246
synth_6009,246
synth_6008,246
synth_6005,246
synth_5993,246
synth_5996,246
synth_6006,246
synth_6003,246
synth_6007,246
synth_5995,246
synth_5999,246
synth_6004,246
synth_5997,246
synth_6010,246
synth_5998,246
synth_6001,246
synth_6002,246
synth_5992,246
synth_6027,245
synth_6028,245
synth_6019,245
synth_6011,245
synth_6030,245
synth_6018,245
synth_6025,245
synth_6026,245
synth_6020,245
synth_6016,245
synth_6014,245
synth_6024,245
synth_6023,245
synth_6017,245
synth_6021,245
synth_6015,245
synth_6031,245
synth_6022,245
synth_6029,245
synth_6013,245
synth_6012,245
synth_6043,244
synth_6051,244
synth_6037,244
synth_6042,244
synth_6039,244
synth_6045,244
synth_6035,244
synth_6040,244
synth_6033,244
synth_6044,244
synth_6034,244
synth_6049,244
synth_6036,244
synth_6047,244
synth_6046,244
synth_6032,244
synth_6041,244
synth_6038,244
synth_6048,244
synth_6050,244
synth_6068,243
synth_6060,243
synth_6055,243
synth_6056,243
synth_6064,243
synth_6053,243
synth_6059,243
synth_6063,243
synth_6071,243
synth_6058,243
synth_6052,243
synth_6065,243
synth_6070,243
synth_6062,243
synth_6057,243
synth_6066,243
synth_6061,243
synth_6067,243
synth_6072,243
synth_6069,243
synth_6054,243
synth_6076,242
synth_6092,242
synth_6091,242
synth_6074,242
synth_6084,242
synth_6082,242
synth_6081,242
synth_6087,242
synth_6075,242
synth_6077,242
synth_6078,242
synth_6088,242
synth_6086,242
synth_6080,242
synth_6089,242
synth_6090,242
synth_6079,242
synth_6093,242
synth_6073,242
synth_6085,242
synth_6083,242
synth_6096,241
synth_6114,241
synth_6098,241
synth_6094,241
synth_6107,241
synth_6111,241
synth_6099,241
synth_6113,241
synth_6110,241
synth_6105,241
synth_6103,241
synth_6104,241
synth_6097,241
synth_6112,241
synth_6100,241
synth_6101,241
synth_6106,241
synth_6095,241
synth_6102,241
synth_6108,241
synth_6109,241
synth_6117,240
synth_6120,240
synth_6126,240
synth_6127,240
synth_6122,240
synth_6123,240
synth_6131,240
synth_6130,240
synth_6124,240
synth_6133,240
synth_6115,240
synth_6118,240
synth_6116,240
synth_6132,240
synth_6135,240
synth_6125,240
synth_6134,240
synth_6129,240
synth_6119,240
synth_6128,240
synth_6121,240
synth_6141,239
synth_6153,239
synth_6138,239
synth_6157,239
synth_6154,239
synth_6156,239
synth_6145,239
synth_6147,239
synth_6151,239
synth_6140,239
synth_6137,239
synth_6152,239
synth_6144,239
synth_6139,239
synth_6146,239
synth_6149,239
synth_6142,239
synth_6143,239
synth_6148,239
synth_6150,239
synth_6136,239
synth_6155,239
synth_6172,238
synth_6169,238
synth_6170,238
synth_6165,238
synth_6160,238
synth_6176,238
synth_6177,238
synth_6166,238
synth_6167,238
synth_6161,238
synth_6168,238
synth_6174,238
synth_6171,238
synth_6173,238
synth_6162,238
synth_6159,238
synth_6158,238
synth_6178,238
synth_6164,238
synth_6175,238
synth_6163,238
synth_6180,237
synth_6198,237
synth_6189,237
synth_6193,237
synth_6200,237
synth_6187,237
synth_6183,237
synth_6181,237
synth_6194,237
synth_6191,237
synth_6184,237
synth_6196,237
synth_6179,237
synth_6192,237
synth_6197,237
synth_6186,237
synth_6182,237
synth_6199,237
synth_6188,237
synth_6185,237
synth_6190,237
synth_6195,237
synth_6219,236
synth_6204,236
synth_6206,236
synth_6210,236
synth_6209,236
synth_6215,236
synth_6202,236
synth_6222,236
synth_6205,236
synth_6207,236
synth_6220,236
synth_6201,236
synth_6218,236
synth_6221,236
synth_6203,236
synth_6211,236
synth_6217,236
synth_6212,236
synth_6213,236
synth_6208,236
synth_6216,236
synth_6214,236
synth_6239,235
synth_6233,235
synth_6230,235
synth_6236,235
synth_6224,235
synth_6229,235
synth_6235,235
synth_6226,235
synth_6231,235
synth_6243,235
synth_6225,235
synth_6232,235
synth_6228,235
synth_6227,235
synth_6238,235
synth_6242,235
synth_6223,235
synth_6237,235
synth_6234,235
synth_6241,235
synth_6244,235
synth_6240,235
synth_6266,234
synth_6245,234
synth_6262,234
synth_6259,234
synth_6247,234
synth_6246,234
synth_6254,234
synth_6250,234
synth_6252,234
synth_6257,234
synth_6264,234
synth_6256,234
synth_6260,234
synth_6258,234
synth_6249,234
synth_6251,234
synth_6248,234
synth_6263,234
synth_6255,234
synth_6253,234
synth_6265,234
synth_6261,234
synth_6279,233
synth_6289,233
synth_6276,233
synth_6273,233
synth_6271,233
synth_6272,233
synth_6267,233
synth_6269,233
synth_6270,233
synth_6287,233
synth_6282,233
synth_6274,233
synth_6284,233
synth_6268,233
synth_6277,233
synth_6275,233
synth_6286,233
synth_6280,233
synth_6288,233
synth_6285,233
synth_6278,233
synth_6283,233
synth_6281,233
synth_6309,232
synth_6292,232
synth_6297,232
synth_6298,232
synth_6300,232
synth_6310,232
synth_6305,232
synth_6291,232
synth_6308,232
synth_6303,232
synth_6307,232
synth_6311,232
synth_6296,232
synth_6293,232
synth_6290,232
synth_6302,232
synth_6306,232
synth_6301,232
synth_6295,232
synth_6299,232
synth_6294,232
synth_6304,232
synth_6318,231
synth_6322,231
synth_6325,231
synth_6320,231
synth_6326,231
synth_6330,231
synth_6324,231
synth_6312,231
synth_6329,231
synth_6323,231
synth_6333,231
synth_6315,231
synth_6331,231
synth_6334,231
synth_6321,231
synth_6327,231
synth_6316,231
synth_6328,231
synth_6319,231
synth_6313,231
synth_6314,231
synth_6317,231
synth_6332,231
synth_6338,230
synth_6353,230
synth_6348,230
synth_6356,230
synth_6340,230
synth_6350,230
synth_6342,230
synth_6335,230
synth_6343,230
synth_6336,230
synth_6345,230
synth_6341,230
synth_6355,230
synth_6344,230
synth_6354,230
synth_6339,230
synth_6337,230
synth_6352,230
synth_6347,230
synth_6349,230
synth_6351,230
synth_6346,230
synth_6357,230
synth_6373,229
synth_6378,229
synth_6366,229
synth_6380,229
synth_6374,229
synth_6379,229
synth_6376,229
synth_6361,229
synth_6372,229
synth_6377,229
synth_6359,229
synth_6358,229
synth_6367,229
synth_6375,229
synth_6364,229
synth_6369,229
synth_6370,229
synth_6365,229
synth_6371,229
synth_6360,229
synth_6363,229
synth_6368,229
synth_6362,229
synth_6392,228
synth_6385,228
synth_6402,228
synth_6399,228
synth_6395,228
synth_6383,228
synth_6381,228
synth_6400,228
synth_6393,228
synth_6387,228
synth_6390,228
synth_6386,228
synth_6384,228
synth_6403,228
synth_6404,228
synth_6396,228
synth_6388,228
synth_6401,228
synth_6389,228
synth_6397,228
synth_6398,228
synth_6382,228
synth_6394,228
synth_6391,228
synth_6416,227
synth_6418,227
synth_6407,227
synth_6405,227
synth_6408,227
synth_6406,227
synth_6415,227
synth_6420,227
synth_6421,227
synth_6423,227
synth_6419,227
synth_6410,227
synth_6427,227
synth_6414,227
synth_6412,227
synth_6426,227
synth_6411,227
synth_6425,227
synth_6409,227
synth_6413,227
synth_6424,227
synth_6422,227
synth_6417,227
synth_6434,226
synth_6448,226
synth_6439,226
synth_6447,226
synth_6446,226
synth_6429,226
synth_6428,226
synth_6451,226
synth_6438,226
synth_6430,226
synth_6445,226
synth_6443,226
synth_6442,226
synth_6433,226
synth_6436,226
synth_6440,226
synth_6432,226
synth_6431,226
synth_6450,226
synth_6437,226
synth_6435,226
synth_6449,226
synth_6441,226
synth_6444,226
synth_6460,225
synth_6466,225
synth_6474,225
synth_6465,225
synth_6473,225
synth_6457,225
synth_6469,225
synth_6468,225
synth_6471,225
synth_6453,225
synth_6461,225
synth_6475,225
synth_6458,225
synth_6472,225
synth_6464,225
synth_6454,225
synth_6463,225
synth_6455,225
synth_6459,225
synth_6470,225
synth_6467,225
synth_6452,225
synth_6456,225
synth_6462,225
synth_6492,224
synth_6485,224
synth_6488,224
synth_6490,224
synth_6484,224
synth_6487,224
synth_6494,224
synth_6479,224
synth_6480,224
synth_6486,224
synth_6498,224
synth_6482,224
synth_6496,224
synth_6489,224
synth_6476,224
synth_6483,224
synth_6495,224
synth_6478,224
synth_6491,224
synth_6497,224
synth_6477,224
synth_6493,224
synth_6499,224
synth_6481,224
synth_6519,223
synth_6518,223
synth_6501,223
synth_6522,223
synth_6510,223
synth_6523,223
synth_6517,223
synth_6511,223
synth_6521,223
synth_6509,223
synth_6507,223
synth_6503,223
synth_6502,223
synth_6515,223
synth_6514,223
synth_6524,223
synth_6516,223
synth_6508,223
synth_6504,223
synth_6505,223
synth_6506,223
synth_6520,223
synth_6500,223
synth_6512,223
synth_6513,223
synth_6547,222
synth_6533,222
synth_6541,222
synth_6543,222
synth_6529,222
synth_6534,222
synth_6530,222
synth_6538,222
synth_6536,222
synth_6545,222
synth_6525,222
synth_6528,222
synth_6532,222
synth_6535,222
synth_6537,222
synth_6548,222
synth_6539,222
synth_6544,222
synth_6540,222
synth_6527,222
synth_6546,222
synth_6531,222
synth_6526,222
synth_6542,222
synth_6569,221
synth_6566,221
synth_6553,221
synth_6554,221
synth_6568,221
synth_6562,221
synth_6552,221
synth_6560,221
synth_6549,221
synth_6571,221
synth_6551,221
synth_6570,221
synth_6567,221
synth_6557,221
synth_6559,221
synth_6556,221
synth_6561,221
synth_6565,221
synth_6550,221
synth_6558,221
synth_6564,221
synth_6573,221
synth_6563,221
synth_6555,221
synth_6572,221
synth_6590,220
synth_6586,220
synth_6595,220
synth_6581,220
synth_6589,220
synth_6583,220
synth_6574,220
synth_6591,220
synth_6588,220
synth_6576,220
synth_6592,220
synth_6587,220
synth_6597,220
synth_6579,220
synth_6575,220
synth_6598,220
synth_6580,220
synth_6596,220
synth_6584,220
synth_6593,220
synth_6582,220
synth_6585,220
synth_6577,220
synth_6578,220
synth_6594,220
synth_6605,219
synth_6621,219
synth_6607,219
synth_6610,219
synth_6599,219
synth_6609,219
synth_6618,219
synth_6622,219
synth_6604,219
synth_6623,219
synth_6619,219
synth_6615,219
synth_6603,219
synth_6614,219
synth_6616,219
synth_6600,219
synth_6601,219
synth_6612,219
synth_6606,219
synth_6617,219
synth_6611,219
synth_6620,219
synth_6602,219
synth_6608,219
synth_6613,219
synth_6647,218
synth_6637,218
synth_6645,218
synth_6627,218
synth_6640,218
synth_6644,218
synth_6624,218
synth_6636,218
synth_6646,218
synth_6629,218
synth_6628,218
synth_6638,218
synth_6643,218
synth_6632,218
synth_6625,218
synth_6634,218
synth_6630,218
synth_6648,218
synth_6633,218
synth_6639,218
synth_6635,218
synth_6631,218
synth_6641,218
synth_6642,218
synth_6626,218
synth_6661,217
synth_6669,217
synth_6653,217
synth_6673,217
synth_6667,217
synth_6655,217
synth_6650,217
synth_6658,217
synth_6664,217
synth_6654,217
synth_6671,217
synth_6656,217
synth_6662,217
synth_6659,217
synth_6651,217
synth_6668,217
synth_6649,217
synth_6672,217
synth_6665,217
synth_6670,217
synth_6660,217
synth_6674,217
synth_6657,217
synth_6652,217
synth_6666,217
synth_6663,217
synth_6698,216
synth_6691,216
synth_6697,216
synth_6676,216
synth_6693,216
synth_6680,216
synth_6675,216
synth_6700,216
synth_6688,216
synth_6685,216
synth_6689,216
synth_6699,216
synth_6679,216
synth_6694,216
synth_6696,216
synth_6681,216
synth_6678,216
synth_6677,216
synth_6692,216
synth_6695,216
synth_6682,216
synth_6690,216
synth_6687,216
synth_6686,216
synth_6684,216
synth_6683,216
synth_6706,215
synth_6719,215
synth_6707,215
synth_6718,215
synth_6714,215
synth_6725,215
synth_6724,215
synth_6717,215
synth_6702,215
synth_6723,215
synth_6726,215
synth_6708,215
synth_6712,215
synth_6722,215
synth_6711,215
synth_6703,215
synth_6716,215
synth_6701,215
synth_6715,215
synth_6721,215
synth_6710,215
synth_6713,215
synth_6709,215
synth_6720,215
synth_6704,215
synth_6705,215
synth_6727,214
synth_6736,214
synth_6737,214
synth_6751,214
synth_6748,214
synth_6728,214
synth_6749,214
synth_6752,214
synth_6743,214
synth_6740,214
synth_6741,214
synth_6742,214
synth_6734,214
synth_6739,214
synth_6747,214
synth_6746,214
synth_6733,214
synth_6738,214
synth_6745,214
synth_6735,214
synth_6729,214
synth_6744,214
synth_6730,214
synth_6731,214
synth_6732,214
synth_6750,214
synth_6766,213
synth_6773,213
synth_6769,213
synth_6753,213
synth_6757,213
synth_6777,213
synth_6759,213
synth_6768,213
synth_6755,213
synth_6770,213
synth_6774,213
synth_6761,213
synth_6776,213
synth_6767,213
synth_6758,213
synth_6760,213
synth_6754,213
synth_6778,213
synth_6762,213
synth_6771,213
synth_6764,213
synth_6763,213
synth_6775,213
synth_6756,213
synth_6772,213
synth_6765,213
synth_6783,212
synth_6801,212
synth_6802,212
synth_6790,212
synth_6796,212
synth_6785,212
synth_6786,212
synth_6800,212
synth_6803,212
synth_6799,212
synth_6798,212
synth_6795,212
synth_6779,212
synth_6797,212
synth_6794,212
synth_6781,212
synth_6784,212
synth_6780,212
synth_6788,212
synth_6793,212
synth_6791,212
synth_6787,212
synth_6804,212
synth_6789,212
synth_6792,212
synth_6782,212
synth_6805,212
synth_6814,211
synth_6808,211
synth_6811,211
synth_6827,211
synth_6809,211
synth_6831,211
synth_6810,211
synth_6817,211
synth_6826,211
synth_6832,211
synth_6806,211
synth_6816,211
synth_6830,211
synth_6813,211
synth_6823,211
synth_6819,211
synth_6820,211
synth_6828,211
synth_6815,211
synth_6824,211
synth_6825,211
synth_6807,211
synth_6821,211
synth_6818,211
synth_6812,211
synth_6822,211
synth_6829,211
synth_6847,210
synth_6845,210
synth_6850,210
synth_6859,210
synth_6835,210
synth_6852,210
synth_6849,210
synth_6856,210
synth_6844,210
synth_6838,210
synth_6853,210
synth_6839,210
synth_6854,210
synth_6843,210
synth_6855,210
synth_6851,210
synth_6841,210
synth_6834,210
synth_6840,210
synth_6837,210
synth_6848,210
synth_6846,210
synth_6857,210
synth_6858,210
synth_6842,210
synth_6833,210
synth_6836,210
synth_6886,209
synth_6867,209
synth_6879,209
synth_6862,209
synth_6863,209
synth_6877,209
synth_6878,209
synth_6860,209
synth_6874,209
synth_6872,209
synth_6861,209
synth_6870,209
synth_6873,209
synth_6869,209
synth_6881,209
synth_6885,209
synth_6864,209
synth_6865,209
synth_6883,209
synth_6887,209
synth_6884,209
synth_6875,209
synth_6880,209
synth_6871,209
synth_6876,209
synth_6868,209
synth_6866,209
synth_6882,209
synth_6905,208
synth_6900,208
synth_6889,208
synth_6901,208
synth_6899,208
synth_6896,208
synth_6895,208
synth_6907,208
synth_6912,208
synth_6888,208
synth_6906,208
synth_6898,208
synth_6903,208
synth_6893,208
synth_6894,208
synth_6908,208
synth_6910,208
synth_6914,208
synth_6890,208
synth_6891,208
synth_6897,208
synth_6909,208
synth_6892,208
synth_6904,208
synth_6911,208
synth_6913,208
synth_6902,208
synth_6941,207
synth_6938,207
synth_6928,207
synth_6915,207
synth_6940,207
synth_6917,207
synth_6926,207
synth_6924,207
synth_6916,207
synth_6920,207
synth_6925,207
synth_6932,207
synth_6927,207
synth_6923,207
synth_6922,207
synth_6931,207
synth_6930,207
synth_6919,207
synth_6921,207
synth_6939,207
synth_6937,207
synth_6936,207
synth_6918,207
synth_6935,207
synth_6942,207
synth_6933,207
synth_6929,207
synth_6934,207
synth_6964,206
synth_6944,206
synth_6943,206
synth_6965,206
synth_6952,206
synth_6948,206
synth_6947,206
synth_6962,206
synth_6969,206
synth_6967,206
synth_6955,206
synth_6945,206
synth_6959,206
synth_6950,206
synth_6951,206
synth_6949,206
synth_6970,206
synth_6956,206
synth_6966,206
synth_6953,206
synth_6960,206
synth_6957,206
synth_6968,206
synth_6954,206
synth_6961,206
synth_6963,206
synth_6958,206
synth_6946,206
synth_6998,205
synth_6972,205
synth_6989,205
synth_6982,205
synth_6990,205
synth_6993,205
synth_6973,205
synth_6971,205
synth_6984,205
synth_6995,205
synth_6975,205
synth_6991,205
synth_6987,205
synth_6983,205
synth_6978,205
synth_6997,205
synth_6986,205
synth_6980,205
synth_6981,205
synth_6999,205
synth_6996,205
synth_6979,205
synth_6992,205
synth_6985,205
synth_6974,205
synth_6994,205
synth_6977,205
synth_6988,205
synth_6976,205
synth_7014,204
synth_7015,204
synth_7022,204
synth_7002,204
synth_7007,204
synth_7004,204
synth_7016,204
synth_7011,204
synth_7020,204
synth_7008,204
synth_7024,204
synth_7026,204
synth_7023,204
synth_7012,204
synth_7027,204
synth_7000,204
synth_7003,204
synth_7010,204
synth_7019,204
synth_7021,204
synth_7006,204
synth_7005,204
synth_7001,204
synth_7009,204
synth_7017,204
synth_7013,204
synth_7018,204
synth_7025,204
synth_7034,203
synth_7056,203
synth_7039,203
synth_7055,203
synth_7054,203
synth_7044,203
synth_7042,203
synth_7045,203
synth_7038,203
synth_7032,203
synth_7029,203
synth_7048,203
synth_7049,203
synth_7041,203
synth_7028,203
synth_7046,203
synth_7040,203
synth_7047,203
synth_7050,203
synth_7035,203
synth_7036,203
synth_7051,203
synth_7037,203
synth_7043,203
synth_7052,203
synth_7031,203
synth_7053,203
synth_7030,203
synth_7033,203
synth_7064,202
synth_7057,202
synth_7069,202
synth_7061,202
synth_7063,202
synth_7082,202
synth_7084,202
synth_7073,202
synth_7083,202
synth_7060,202
synth_7065,202
synth_7077,202
synth_7080,202
synth_7067,202
synth_7085,202
synth_7058,202
synth_7081,202
synth_7059,202
synth_7071,202
synth_7072,202
synth_7066,202
synth_7070,202
synth_7075,202
synth_7074,202
synth_7079,202
synth_7078,202
synth_7076,202
synth_7062,202
synth_7068,202
synth_7107,201
synth_7097,201
synth_7090,201
synth_7086,201
synth_7115,201
synth_7111,201
synth_7112,201
synth_7098,201
synth_7108,201
synth_7114,201
synth_7105,201
synth_7103,201
synth_7106,201
synth_7087,201
synth_7095,201
synth_7089,201
synth_7094,201
synth_7100,201
synth_7109,201
synth_7092,201
synth_7099,201
synth_7088,201
synth_7096,201
synth_7102,201
synth_7093,201
synth_7101,201
synth_7113,201
synth_7104,201
synth_7091,201
synth_7110,201
synth_7116,200
synth_7133,200
synth_7119,200
synth_7124,200
synth_7128,200
synth_7127,200
synth_7137,200
synth_7125,200
synth_7145,200
synth_7117,200
synth_7139,200
synth_7142,200
synth_7122,200
synth_7132,200
synth_7130,200
synth_7144,200
synth_7140,200
synth_7135,200
synth_7136,200
synth_7134,200
synth_7118,200
synth_7120,200
synth_7121,200
synth_7131,200
synth_7138,200
synth_7141,200
synth_7126,200
synth_7143,200
synth_7129,200
synth_7123,200
synth_7163,199
synth_7174,199
synth_7153,199
synth_7151,199
synth_7166,199
synth_7168,199
synth_7157,199
synth_7162,199
synth_7169,199
synth_7161,199
synth_7172,199
synth_7164,199
synth_7149,199
synth_7147,199
synth_7158,199
synth_7167,199
synth_7173,199
synth_7171,199
synth_7159,199
synth_7150,199
synth_7148,199
synth_7146,199
synth_7175,199
synth_7156,199
synth_7170,199
synth_7155,199
synth_7160,199
synth_7152,199
synth_7154,199
synth_7165,199
synth_7187,198
synth_7183,198
synth_7195,198
synth_7189,198
synth_7177,198
synth_7199,198
synth_7201,198
synth_7185,198
synth_7180,198
synth_7204,198
synth_7182,198
synth_7193,198
synth_7191,198
synth_7192,198
synth_7202,198
synth_7184,198
synth_7200,198
synth_7205,198
synth_7194,198
synth_7197,198
synth_7190,198
synth_7179,198
synth_7188,198
synth_7196,198
synth_7198,198
synth_7178,198
synth_7203,198
synth_7176,198
synth_7186,198
synth_7181,198
synth_7220,197
synth_7208,197
synth_7222,197
synth_7207,197
synth_7209,197
synth_7228,197
synth_7231,197
synth_7215,197
synth_7223,197
synth_7211,197
synth_7210,197
synth_7233,197
synth_7213,197
synth_7218,197
synth_7234,197
synth_7225,197
synth_7226,197
synth_7221,197
synth_7206,197
synth_7224,197
synth_7229,197
synth_7232,197
synth_7214,197
synth_7219,197
synth_7235,197
synth_7212,197
synth_7217,197
synth_7227,197
synth_7230,197
synth_7216,197
synth_7266,196
synth_7265,196
synth_7250,196
synth_7245,196
synth_7264,196
synth_7256,196
synth_7261,196
synth_7241,196
synth_7237,196
synth_7244,196
synth_7259,196
synth_7246,196
synth_7248,196
synth_7253,196
synth_7251,196
synth_7252,196
synth_7258,196
synth_7240,196
synth_7263,196
synth_7255,196
synth_7238,196
synth_7236,196
synth_7247,196
synth_7254,196
synth_7260,196
synth_7257,196
synth_7243,196
synth_7249,196
synth_7242,196
synth_7262,196
synth_7239,196
synth_7288,195
synth_7293,195
synth_7276,195
synth_7294,195
synth_7271,195
synth_7292,195
synth_7281,195
synth_7274,195
synth_7290,195
synth_7296,195
synth_7284,195
synth_7291,195
synth_7279,195
synth_7280,195
synth_7295,195
synth_7267,195
synth_7273,195
synth_7269,195
synth_7289,195
synth_7287,195
synth_7268,195
synth_7283,195
synth_7270,195
synth_7297,195
synth_7286,195
synth_7282,195
synth_7278,195
synth_7272,195
synth_7285,195
synth_7275,195
synth_7277,195
synth_7306,194
synth_7316,194
synth_7310,194
synth_7298,194
synth_7317,194
synth_7327,194
synth_7303,194
synth_7319,194
synth_7314,194
synth_7323,194
synth_7302,194
synth_7320,194
synth_7326,194
synth_7305,194
synth_7311,194
synth_7301,194
synth_7299,194
synth_7313,194
synth_7315,194
synth_7307,194
synth_7329,194
synth_7321,194
synth_7328,194
synth_7304,194
synth_7318,194
synth_7308,194
synth_7300,194
synth_7312,194
synth_7324,194
synth_7309,194
synth_7322,194
synth_7325,194
synth_7350,193
synth_7359,193
synth_7338,193
synth_7340,193
synth_7354,193
synth_7333,193
synth_7358,193
synth_7342,193
synth_7343,193
synth_7356,193
synth_7335,193
synth_7348,193
synth_7336,193
synth_7349,193
synth_7353,193
synth_7347,193
synth_7330,193
synth_7331,193
synth_7355,193
synth_7334,193
synth_7360,193
synth_7341,193
synth_7351,193
synth_7352,193
synth_7337,193
synth_7332,193
synth_7345,193
synth_7357,193
synth_7346,193
synth_7344,193
synth_7339,193
synth_7368,192
synth_7369,192
synth_7365,192
synth_7376,192
synth_7374,192
synth_7363,192
synth_7361,192
synth_7383,192
synth_7388,192
synth_7381,192
synth_7372,192
synth_7387,192
synth_7370,192
synth_7377,192
synth_7385,192
synth_7373,192
synth_7379,192
synth_7384,192
synth_7364,192
synth_7366,192
synth_7378,192
synth_7362,192
synth_7386,192
synth_7380,192
synth_7392,192
synth_7382,192
synth_7391,192
synth_7367,192
synth_7375,192
synth_7389,192
synth_7371,192
synth_7390,192
synth_7414,191
synth_7398,191
synth_7403,191
synth_7424,191
synth_7418,191
synth_7396,191
synth_7393,191
synth_7411,191
synth_7406,191
synth_7413,191
synth_7422,191
synth_7417,191
synth_7423,191
synth_7402,191
synth_7407,191
synth_7405,191
synth_7425,191
synth_7397,191
synth_7399,191
synth_7404,191
synth_7420,191
synth_7400,191
synth_7401,191
synth_7416,191
synth_7410,191
synth_7421,191
synth_7419,191
synth_7415,191
synth_7409,191
synth_7408,191
synth_7395,191
synth_7412,191
synth_7394,191
synth_7447,190
synth_7446,190
synth_7437,190
synth_7452,190
synth_7454,190
synth_7432,190
synth_7439,190
synth_7430,190
synth_7442,190
synth_7429,190
synth_7451,190
synth_7433,190
synth_7443,190
synth_7440,190
synth_7441,190
synth_7428,190
synth_7444,190
synth_7453,190
synth_7436,190
synth_7456,190
synth_7449,190
synth_7427,190
synth_7455,190
synth_7434,190
synth_7450,190
synth_7438,190
synth_7445,190
synth_7426,190
synth_7448,190
synth_7435,190
synth_7431,190
synth_7457,190
synth_7486,189
synth_7478,189
synth_7469,189
synth_7467,189
synth_7490,189
synth_7460,189
synth_7482,189
synth_7476,189
synth_7464,189
synth_7481,189
synth_7473,189
synth_7458,189
synth_7488,189
synth_7468,189
synth_7463,189
synth_7475,189
synth_7465,189
synth_7479,189
synth_7487,189
synth_7461,189
synth_7471,189
synth_7485,189
synth_7466,189
synth_7484,189
synth_7472,189
synth_7477,189
synth_7480,189
synth_7483,189
synth_7459,189
synth_7470,189
synth_7489,189
synth_7474,189
synth_7462,189
synth_7511,188
synth_7498,188
synth_7509,188
synth_7518,188
synth_7500,188
synth_7497,188
synth_7496,188
synth_7503,188
synth_7510,188
synth_7505,188
synth_7507,188
synth_7524,188
synth_7515,188
synth_7495,188
synth_7502,188
synth_7506,188
synth_7504,188
synth_7513,188
synth_7522,188
synth_7493,188
synth_7519,188
synth_7491,188
synth_7501,188
synth_7520,188
synth_7517,188
synth_7492,188
synth_7512,188
synth_7521,188
synth_7508,188
synth_7516,188
synth_7514,188
synth_7499,188
synth_7494,188
synth_7523,188
synth_7528,187
synth_7551,187
synth_7527,187
synth_7538,187
synth_7529,187
synth_7534,187
synth_7530,187
synth_7533,187
synth_7550,187
synth_7556,187
synth_7526,187
synth_7541,187
synth_7543,187
synth_7540,187
synth_7547,187
synth_7539,187
synth_7545,187
synth_7531,187
synth_7546,187
synth_7525,187
synth_7542,187
synth_7554,187
synth_7555,187
synth_7535,187
synth_7536,187
synth_7544,187
synth_7532,187
synth_7557,187
synth_7552,187
synth_7537,187
synth_7549,187
synth_7553,187
synth_7548,187
synth_7583,186
synth_7572,186
synth_7584,186
synth_7565,186
synth_7580,186
synth_7560,186
synth_7579,186
synth_7570,186
synth_7585,186
synth_7574,186
synth_7587,186
synth_7573,186
synth_7563,186
synth_7561,186
synth_7569,186
synth_7564,186
synth_7576,186
synth_7581,186
synth_7582,186
synth_7568,186
synth_7562,186
synth_7578,186
synth_7566,186
synth_7591,186
synth_7588,186
synth_7558,186
synth_7590,186
synth_7577,186
synth_7575,186
synth_7586,186
synth_7559,186
synth_7589,186
synth_7571,186
synth_7567,186
synth_7597,185
synth_7618,185
synth_7593,185
synth_7608,185
synth_7594,185
synth_7613,185
synth_7605,185
synth_7624,185
synth_7619,185
synth_7614,185
synth_7625,185
synth_7612,185
synth_7622,185
synth_7592,185
synth_7599,185
synth_7623,185
synth_7603,185
synth_7600,185
synth_7601,185
synth_7596,185
synth_7620,185
synth_7598,185
synth_7602,185
synth_7609,185
synth_7604,185
synth_7621,185
synth_7607,185
synth_7617,185
synth_7606,185
synth_7595,185
synth_7611,185
synth_7615,185
synth_7610,185
synth_7616,185
synth_7634,184
synth_7647,184
synth_7659,184
synth_7643,184
synth_7651,184
synth_7649,184
synth_7635,184
synth_7657,184
synth_7640,184
synth_7629,184
synth_7641,184
synth_7636,184
synth_7656,184
synth_7642,184
synth_7639,184
synth_7632,184
synth_7631,184
synth_7646,184
synth_7652,184
synth_7660,184
synth_7655,184
synth_7658,184
synth_7626,184
synth_7633,184
synth_7644,184
synth_7648,184
synth_7645,184
synth_7638,184
synth_7627,184
synth_7630,184
synth_7653,184
synth_7637,184
synth_7650,184
synth_7654,184
synth_7628,184
synth_7687,183
synth_7661,183
synth_7675,183
synth_7680,183
synth_7666,183
synth_7678,183
synth_7689,183
synth_7674,183
synth_7690,183
synth_7693,183
synth_7685,183
synth_7682,183
synth_7676,183
synth_7688,183
synth_7673,183
synth_7694,183
synth_7669,183
synth_7684,183
synth_7663,183
synth_7665,183
synth_7691,183
synth_7672,183
synth_7692,183
synth_7667,183
synth_7686,183
synth_7681,183
synth_7679,183
synth_7695,183
synth_7662,183
synth_7671,183
synth_7668,183
synth_7677,183
synth_7670,183
synth_7664,183
synth_7683,183
synth_7718,182
synth_7728,182
synth_7723,182
synth_7708,182
synth_7730,182
synth_7729,182
synth_7706,182
synth_7721,182
synth_7725,182
synth_7705,182
synth_7726,182
synth_7698,182
synth_7712,182
synth_7711,182
synth_7714,182
synth_7727,182
synth_7703,182
synth_7709,182
synth_7707,182
synth_7697,182
synth_7715,182
synth_7699,182
synth_7696,182
synth_7720,182
synth_7710,182
synth_7713,182
synth_7701,182
synth_7719,182
synth_7704,182
synth_7702,182
synth_7700,182
synth_7717,182
synth_7716,182
synth_7722,182
synth_7724,182
synth_7745,181
synth_7757,181
synth_7752,181
synth_7734,181
synth_7749,181
synth_7736,181
synth_7764,181
synth_7761,181
synth_7755,181
synth_7756,181
synth_7758,181
synth_7740,181
synth_7744,181
synth_7746,181
synth_7743,181
synth_7742,181
synth_7763,181
synth_7732,181
synth_7747,181
synth_7748,181
synth_7766,181
synth_7739,181
synth_7759,181
synth_7733,181
synth_7741,181
synth_7762,181
synth_7765,181
synth_7760,181
synth_7754,181
synth_7751,181
synth_7738,181
synth_7753,181
synth_7735,181
synth_7731,181
synth_7750,181
synth_7737,181
synth_7774,180
synth_7785,180
synth_7768,180
synth_7776,180
synth_7791,180
synth_7788,180
synth_7787,180
synth_7784,180
synth_7781,180
synth_7777,180
synth_7782,180
synth_7790,180
synth_7797,180
synth_7786,180
synth_7796,180
synth_7798,180
synth_7772,180
synth_7789,180
synth_7770,180
synth_7799,180
synth_7769,180
synth_7780,180
synth_7773,180
synth_7778,180
synth_7794,180
synth_7802,180
synth_7767,180
synth_7779,180
synth_7795,180
synth_7775,180
synth_7801,180
synth_7792,180
synth_7771,180
synth_7793,180
synth_7783,180
synth_7800,180
synth_7820,179
synth_7819,179
synth_7832,179
synth_7824,179
synth_7838,179
synth_7807,179
synth_7834,179
synth_7825,179
synth_7836,179
synth_7816,179
synth_7811,179
synth_7815,179
synth_7822,179
synth_7812,179
synth_7821,179
synth_7828,179
synth_7804,179
synth_7837,179
synth_7805,179
synth_7814,179
synth_7823,179
synth_7817,179
synth_7809,179
synth_7829,179
synth_7813,179
synth_7833,179
synth_7830,179
synth_7831,179
synth_7810,179
synth_7827,179
synth_7808,179
synth_7826,179
synth_7835,179
synth_7803,179
synth_7818,179
synth_7806,179
synth_7859,178
synth_7870,178
synth_7858,178
synth_7871,178
synth_7860,178
synth_7855,178
synth_7845,178
synth_7853,178
synth_7842,178
synth_7844,178
synth_7861,178
synth_7841,178
synth_7851,178
synth_7874,178
synth_7846,178
synth_7854,178
synth_7843,178
synth_7847,178
synth_7852,178
synth_7875,178
synth_7849,178
synth_7868,178
synth_7862,178
synth_7864,178
synth_7839,178
synth_7863,178
synth_7865,178
synth_7857,178
synth_7866,178
synth_7873,178
synth_7867,178
synth_7850,178
synth_7869,178
synth_7848,178
synth_7856,178
synth_7872,178
synth_7840,178
synth_7882,177
synth_7878,177
synth_7877,177
synth_7896,177
synth_7884,177
synth_7899,177
synth_7881,177
synth_7886,177
synth_7889,177
synth_7905,177
synth_7888,177
synth_7912,177
synth_7876,177
synth_7892,177
synth_7904,177
synth_7910,177
synth_7887,177
synth_7906,177
synth_7900,177
synth_7909,177
synth_7885,177
synth_7902,177
synth_7894,177
synth_7907,177
synth_7897,177
synth_7895,177
synth_7890,177
synth_7883,177
synth_7891,177
synth_7911,177
synth_7879,177
synth_7880,177
synth_7901,177
synth_7903,177
synth_7893,177
synth_7908,177
synth_7898,177
synth_7924,176
synth_7948,176
synth_7929,176
synth_7945,176
synth_7923,176
synth_7914,176
synth_7926,176
synth_7947,176
synth_7936,176
synth_7937,176
synth_7944,176
synth_7917,176
synth_7916,176
synth_7940,176
synth_7928,176
synth_7927,176
synth_7932,176
synth_7933,176
synth_7913,176
synth_7939,176
synth_7918,176
synth_7943,176
synth_7934,176
synth_7938,176
synth_7931,176
synth_7925,176
synth_7919,176
synth_7930,176
synth_7950,176
synth_7935,176
synth_7941,176
synth_7942,176
synth_7921,176
synth_7946,176
synth_7915,176
synth_7949,176
synth_7920,176
synth_7922,176
synth_7971,175
synth_7952,175
synth_7960,175
synth_7959,175
synth_7979,175
synth_7972,175
synth_7970,175
synth_7953,175
synth_7969,175
synth_7981,175
synth_7986,175
synth_7958,175
synth_7988,175
synth_7956,175
synth_7967,175
synth_7985,175
synth_7955,175
synth_7983,175
synth_7963,175
synth_7976,175
synth_7961,175
synth_7973,175
synth_7951,175
synth_7980,175
synth_7962,175
synth_7978,175
synth_7964,175
synth_7982,175
synth_7957,175
synth_7977,175
synth_7975,175
synth_7974,175
synth_7966,175
synth_7968,175
synth_7954,175
synth_7984,175
synth_7987,175
synth_7965,175
synth_8024,174
synth_8003,174
synth_8014,174
synth_8008,174
synth_8002,174
synth_8022,174
synth_7997,174
synth_8009,174
synth_7998,174
synth_8019,174
synth_7999,174
synth_8018,174
synth_7994,174
synth_8026,174
synth_8000,174
synth_8025,174
synth_7993,174
synth_7990,174
synth_7991,174
synth_8013,174
synth_8016,174
synth_8006,174
synth_8005,174
synth_7989,174
synth_8020,174
synth_8001,174
synth_8004,174
synth_7995,174
synth_8015,174
synth_7996,174
synth_7992,174
synth_8011,174
synth_8012,174
synth_8021,174
synth_8010,174
synth_8017,174
synth_8023,174
synth_8007,174
synth_8037,173
synth_8064,173
synth_8058,173
synth_8044,173
synth_8027,173
synth_8038,173
synth_8063,173
synth_8049,173
synth_8051,173
synth_8059,173
synth_8062,173
synth_8042,173
synth_8055,173
synth_8039,173
synth_8061,173
synth_8048,173
synth_8050,173
synth_8041,173
synth_8043,173
synth_8057,173
synth_8046,173
synth_8031,173
synth_8040,173
synth_8033,173
synth_8056,173
synth_8032,173
synth_8045,173
synth_8036,173
synth_8053,173
synth_8065,173
synth_8028,173
synth_8052,173
synth_8047,173
synth_8029,173
synth_8035,173
synth_8054,173
synth_8034,173
synth_8060,173
synth_8030,173
synth_8069,172
synth_8076,172
synth_8087,172
synth_8075,172
synth_8080,172
synth_8073,172
synth_8092,172
synth_8067,172
synth_8066,172
synth_8086,172
synth_8091,172
synth_8081,172
synth_8085,172
synth_8072,172
synth_8099,172
synth_8096,172
synth_8077,172
synth_8100,172
synth_8101,172
synth_8098,172
synth_8082,172
synth_8103,172
synth_8097,172
synth_8074,172
synth_8083,172
synth_8093,172
synth_8090,172
synth_8079,172
synth_8071,172
synth_8102,172
synth_8070,172
synth_8095,172
synth_8084,172
synth_8089,172
synth_8078,172
synth_8104,172
synth_8088,172
synth_8094,172
synth_8068,172
synth_8107,171
synth_8121,171
synth_8138,171
synth_8124,171
synth_8109,171
synth_8123,171
synth_8126,171
synth_8114,171
synth_8120,171
synth_8122,171
synth_8112,171
synth_8129,171
synth_8135,171
synth_8136,171
synth_8117,171
synth_8128,171
synth_8137,171
synth_8132,171
synth_8125,171
synth_8119,171
synth_8106,171
synth_8118,171
synth_8111,171
synth_8113,171
synth_8143,171
synth_8131,171
synth_8144,171
synth_8134,171
synth_8116,171
synth_8140,171
synth_8115,171
synth_8105,171
synth_8127,171
synth_8142,171
synth_8130,171
synth_8139,171
synth_8133,171
synth_8141,171
synth_8108,171
synth_8110,171
synth_8161,170
synth_8183,170
synth_8154,170
synth_8146,170
synth_8160,170
synth_8173,170
synth_8167,170
synth_8174,170
synth_8171,170
synth_8148,170
synth_8149,170
synth_8179,170
synth_8170,170
synth_8178,170
synth_8156,170
synth_8157,170
synth_8166,170
synth_8172,170
synth_8150,170
synth_8153,170
synth_8182,170
synth_8164,170
synth_8184,170
synth_8145,170
synth_8162,170
synth_8180,170
synth_8147,170
synth_8151,170
synth_8152,170
synth_8158,170
synth_8159,170
synth_8168,170
synth_8181,170
synth_8165,170
synth_8176,170
synth_8177,170
synth_8169,170
synth_8155,170
synth_8163,170
synth_8175,170
synth_8197,169
synth_8221,169
synth_8209,169
synth_8190,169
synth_8217,169
synth_8196,169
synth_8211,169
synth_8199,169
synth_8189,169
synth_8210,169
synth_8186,169
synth_8220,169
synth_8207,169
synth_8194,169
synth_8206,169
synth_8204,169
synth_8188,169
synth_8195,169
synth_8224,169
synth_8212,169
synth_8215,169
synth_8201,169
synth_8200,169
synth_8219,169
synth_8185,169
synth_8223,169
synth_8191,169
synth_8203,169
synth_8187,169
synth_8213,169
synth_8202,169
synth_8208,169
synth_8214,169
synth_8193,169
synth_8222,169
synth_8205,169
synth_8216,169
synth_8198,169
synth_8218,169
synth_8192,169
synth_8262,168
synth_8250,168
synth_8244,168
synth_8233,168
synth_8264,168
synth_8265,168
synth_8253,168
synth_8257,168
synth_8260,168
synth_8239,168
synth_8259,168
synth_8234,168
synth_8246,168
synth_8235,168
synth_8229,168
synth_8241,168
synth_8240,168
synth_8263,168
synth_8236,168
synth_8242,168
synth_8252,168
synth_8251,168
synth_8237,168
synth_8256,168
synth_8228,168
synth_8243,168
synth_8225,168
synth_8231,168
synth_8245,168
synth_8258,168
synth_8249,168
synth_8254,168
synth_8255,168
synth_8247,168
synth_8232,168
synth_8261,168
synth_8230,168
synth_8227,168
synth_8226,168
synth_8248,168
synth_8238,168
synth_8283,167
synth_8285,167
synth_8306,167
synth_8288,167
synth_8280,167
synth_8270,167
synth_8303,167
synth_8268,167
synth_8282,167
synth_8279,167
synth_8287,167
synth_8272,167
synth_8274,167
synth_8301,167
synth_8273,167
synth_8291,167
synth_8266,167
synth_8267,167
synth_8305,167
synth_8275,167
synth_8276,167
synth_8297,167
synth_8281,167
synth_8278,167
synth_8307,167
synth_8277,167
synth_8294,167
synth_8269,167
synth_8290,167
synth_8295,167
synth_8299,167
synth_8298,167
synth_8271,167
synth_8300,167
synth_8296,167
synth_8302,167
synth_8293,167
synth_8304,167
synth_8284,167
synth_8289,167
synth_8292,167
synth_8286,167
synth_8338,166
synth_8336,166
synth_8337,166
synth_8319,166
synth_8328,166
synth_8333,166
synth_8334,166
synth_8345,166
synth_8331,166
synth_8348,166
synth_8324,166
synth_8316,166
synth_8317,166
synth_8321,166
synth_8318,166
synth_8339,166
synth_8309,166
synth_8308,166
synth_8325,166
synth_8326,166
synth_8322,166
synth_8344,166
synth_8320,166
synth_8340,166
synth_8311,166
synth_8314,166
synth_8343,166
synth_8335,166
synth_8342,166
synth_8315,166
synth_8330,166
synth_8313,166
synth_8327,166
synth_8310,166
synth_8329,166
synth_8323,166
synth_8341,166
synth_8312,166
synth_8346,166
synth_8347,166
synth_8332,166
synth_8379,165
synth_8358,165
synth_8354,165
synth_8360,165
synth_8362,165
synth_8368,165
synth_8387,165
synth_8382,165
synth_8385,165
synth_8371,165
synth_8373,165
synth_8350,165
synth_8353,165
synth_8372,165
synth_8364,165
synth_8386,165
synth_8351,165
synth_8369,165
synth_8349,165
synth_8357,165
synth_8378,165
synth_8391,165
synth_8352,165
synth_8381,165
synth_8363,165
synth_8366,165
synth_8376,165
synth_8388,165
synth_8374,165
synth_8356,165
synth_8389,165
synth_8355,165
synth_8375,165
synth_8359,165
synth_8377,165
synth_8361,165
synth_8390,165
synth_8380,165
synth_8370,165
synth_8384,165
synth_8383,165
synth_8365,165
synth_8367,165
synth_8403,164
synth_8393,164
synth_8414,164
synth_8432,164
synth_8401,164
synth_8394,164
synth_8423,164
synth_8396,164
synth_8415,164
synth_8431,164
synth_8399,164
synth_8425,164
synth_8427,164
synth_8419,164
synth_8395,164
synth_8406,164
synth_8412,164
synth_8417,164
synth_8400,164
synth_8424,164
synth_8428,164
synth_8422,164
synth_8407,164
synth_8420,164
synth_8429,164
synth_8398,164
synth_8421,164
synth_8410,164
synth_8392,164
synth_8408,164
synth_8418,164
synth_8402,164
synth_8397,164
synth_8411,164
synth_8404,164
synth_8426,164
synth_8433,164
synth_8430,164
synth_8405,164
synth_8409,164
synth_8413,164
synth_8416,164
synth_8458,163
synth_8465,163
synth_8449,163
synth_8472,163
synth_8455,163
synth_8459,163
synth_8454,163
synth_8457,163
synth_8451,163
synth_8450,163
synth_8471,163
synth_8476,163
synth_8439,163
synth_8475,163
synth_8461,163
synth_8440,163
synth_8444,163
synth_8464,163
synth_8466,163
synth_8467,163
synth_8462,163
synth_8442,163
synth_8447,163
synth_8434,163
synth_8438,163
synth_8435,163
synth_8437,163
synth_8460,163
synth_8470,163
synth_8443,163
synth_8448,163
synth_8436,163
synth_8463,163
synth_8473,163
synth_8456,163
synth_8453,163
synth_8441,163
synth_8452,163
synth_8445,163
synth_8468,163
synth_8474,163
synth_8446,163
synth_8477,163
synth_8469,163
synth_8507,162
synth_8490,162
synth_8519,162
synth_8481,162
synth_8479,162
synth_8495,162
synth_8503,162
synth_8504,162
synth_8506,162
synth_8509,162
synth_8514,162
synth_8484,162
synth_8501,162
synth_8520,162
synth_8515,162
synth_8498,162
synth_8489,162
synth_8497,162
synth_8505,162
synth_8485,162
synth_8496,162
synth_8517,162
synth_8499,162
synth_8494,162
synth_8510,162
synth_8518,162
synth_8500,162
synth_8483,162
synth_8488,162
synth_8513,162
synth_8478,162
synth_8482,162
synth_8511,162
synth_8512,162
synth_8487,162
synth_8480,162
synth_8508,162
synth_8493,162
synth_8486,162
synth_8502,162
synth_8516,162
synth_8492,162
synth_8491,162
synth_8551,161
synth_8553,161
synth_8534,161
synth_8538,161
synth_8546,161
synth_8560,161
synth_8536,161
synth_8544,161
synth_8549,161
synth_8531,161
synth_8541,161
synth_8540,161
synth_8548,161
synth_8524,161
synth_8535,161
synth_8556,161
synth_8537,161
synth_8529,161
synth_8562,161
synth_8565,161
synth_8564,161
synth_8561,161
synth_8563,161
synth_8525,161
synth_8559,161
synth_8545,161
synth_8522,161
synth_8539,161
synth_8533,161
synth_8558,161
synth_8554,161
synth_8528,161
synth_8552,161
synth_8521,161
synth_8542,161
synth_8547,161
synth_8530,161
synth_8532,161
synth_8527,161
synth_8523,161
synth_8526,161
synth_8555,161
synth_8557,161
synth_8550,161
synth_8543,161
synth_8583,160
synth_8572,160
synth_8606,160
synth_8590,160
synth_8605,160
synth_8569,160
synth_8591,160
synth_8584,160
synth_8594,160
synth_8589,160
synth_8599,160
synth_8576,160
synth_8596,160
synth_8608,160
synth_8566,160
synth_8577,160
synth_8567,160
synth_8574,160
synth_8609,160
synth_8582,160
synth_8604,160
synth_8579,160
synth_8598,160
synth_8575,160
synth_8581,160
synth_8585,160
synth_8587,160
synth_8603,160
synth_8570,160
synth_8580,160
synth_8571,160
synth_8600,160
synth_8597,160
synth_8602,160
synth_8588,160
synth_8601,160
synth_8578,160
synth_8593,160
synth_8595,160
synth_8586,160
synth_8607,160
synth_8573,160
synth_8592,160
synth_8568,160
synth_8649,159
synth_8637,159
synth_8617,159
synth_8611,159
synth_8642,159
synth_8628,159
synth_8616,159
synth_8630,159
synth_8645,159
synth_8625,159
synth_8648,159
synth_8638,159
synth_8610,159
synth_8626,159
synth_8646,159
synth_8631,159
synth_8654,159
synth_8620,159
synth_8639,159
synth_8614,159
synth_8653,159
synth_8629,159
synth_8636,159
synth_8624,159
synth_8621,159
synth_8635,159
synth_8643,159
synth_8627,159
synth_8618,159
synth_8647,159
synth_8622,159
synth_8632,159
synth_8650,159
synth_8612,159
synth_8652,159
synth_8623,159
synth_8633,159
synth_8613,159
synth_8644,159
synth_8619,159
synth_8640,159
synth_8634,159
synth_8615,159
synth_8651,159
synth_8641,159
synth_8662,158
synth_8676,158
synth_8697,158
synth_8675,158
synth_8661,158
synth_8687,158
synth_8664,158
synth_8680,158
synth_8695,158
synth_8660,158
synth_8682,158
synth_8692,158
synth_8674,158
synth_8685,158
synth_8656,158
synth_8684,158
synth_8655,158
synth_8659,158
synth_8683,158
synth_8663,158
synth_8700,158
synth_8658,158
synth_8689,158
synth_8691,158
synth_8679,158
synth_8686,158
synth_8657,158
synth_8666,158
synth_8668,158
synth_8699,158
synth_8665,158
synth_8681,158
synth_8670,158
synth_8688,158
synth_8696,158
synth_8690,158
synth_8673,158
synth_8693,158
synth_8669,158
synth_8667,158
synth_8677,158
synth_8671,158
synth_8694,158
synth_8698,158
synth_8672,158
synth_8678,158
synth_8705,157
synth_8722,157
synth_8738,157
synth_8727,157
synth_8721,157
synth_8740,157
synth_8746,157
synth_8747,157
synth_8736,157
synth_8725,157
synth_8711,157
synth_8739,157
synth_8734,157
synth_8723,157
synth_8704,157
synth_8729,157
synth_8737,157
synth_8710,157
synth_8715,157
synth_8726,157
synth_8707,157
synth_8717,157
synth_8745,157
synth_8716,157
synth_8719,157
synth_8714,157
synth_8703,157
synth_8709,157
synth_8732,157
synth_8718,157
synth_8730,157
synth_8741,157
synth_8712,157
synth_8733,157
synth_8744,157
synth_8728,157
synth_8706,157
synth_8720,157
synth_8742,157
synth_8735,157
synth_8701,157
synth_8702,157
synth_8724,157
synth_8708,157
synth_8713,157
synth_8743,157
synth_8731,157
synth_8788,156
synth_8790,156
synth_8758,156
synth_8793,156
synth_8759,156
synth_8763,156
synth_8761,156
synth_8769,156
synth_8755,156
synth_8771,156
synth_8780,156
synth_8776,156
synth_8775,156
synth_8783,156
synth_8777,156
synth_8774,156
synth_8784,156
synth_8757,156
synth_8787,156
synth_8762,156
synth_8764,156
synth_8768,156
synth_8778,156
synth_8748,156
synth_8785,156
synth_8756,156
synth_8786,156
synth_8750,156
synth_8773,156
synth_8782,156
synth_8752,156
synth_8779,156
synth_8770,156
synth_8765,156
synth_8791,156
synth_8760,156
synth_8772,156
synth_8781,156
synth_8789,156
synth_8766,156
synth_8751,156
synth_8754,156
synth_8767,156
synth_8792,156
synth_8753,156
synth_8749,156
synth_8803,155
synth_8838,155
synth_8829,155
synth_8813,155
synth_8840,155
synth_8831,155
synth_8799,155
synth_8805,155
synth_8822,155
synth_8817,155
synth_8836,155
synth_8798,155
synth_8807,155
synth_8832,155
synth_8825,155
synth_8810,155
synth_8837,155
synth_8827,155
synth_8833,155
synth_8802,155
synth_8841,155
synth_8808,155
synth_8794,155
synth_8806,155
synth_8800,155
synth_8834,155
synth_8814,155
synth_8796,155
synth_8826,155
synth_8820,155
synth_8795,155
synth_8816,155
synth_8835,155
synth_8797,155
synth_8812,155
synth_8828,155
synth_8801,155
synth_8821,155
synth_8818,155
synth_8811,155
synth_8823,155
synth_8830,155
synth_8804,155
synth_8809,155
synth_8824,155
synth_8815,155
synth_8839,155
synth_8819,155
synth_8843,154
synth_8887,154
synth_8878,154
synth_8884,154
synth_8857,154
synth_8861,154
synth_8877,154
synth_8845,154
synth_8862,154
synth_8876,154
synth_8871,154
synth_8854,154
synth_8847,154
synth_8886,154
synth_8856,154
synth_8849,154
synth_8850,154
synth_8844,154
synth_8846,154
synth_8868,154
synth_8852,154
synth_8883,154
synth_8867,154
synth_8874,154
synth_8848,154
synth_8881,154
synth_8888,154
synth_8882,154
synth_8885,154
synth_8873,154
synth_8851,154
synth_8870,154
synth_8859,154
synth_8858,154
synth_8860,154
synth_8879,154
synth_8842,154
synth_8889,154
synth_8865,154
synth_8853,154
synth_8869,154
synth_8880,154
synth_8872,154
synth_8866,154
synth_8875,154
synth_8863,154
synth_8864,154
synth_8855,154
synth_8907,153
synth_8896,153
synth_8920,153
synth_8932,153
synth_8918,153
synth_8900,153
synth_8931,153
synth_8928,153
synth_8909,153
synth_8901,153
synth_8894,153
synth_8929,153
synth_8893,153
synth_8926,153
synth_8898,153
synth_8892,153
synth_8908,153
synth_8895,153
synth_8913,153
synth_8930,153
synth_8915,153
synth_8924,153
synth_8921,153
synth_8906,153
synth_8923,153
synth_8916,153
synth_8905,153
synth_8917,153
synth_8935,153
synth_8936,153
synth_8897,153
synth_8890,153
synth_8911,153
synth_8904,153
synth_8899,153
synth_8927,153
synth_8902,153
synth_8933,153
synth_8937,153
synth_8912,153
synth_8922,153
synth_8934,153
synth_8919,153
synth_8910,153
synth_8891,153
synth_8903,153
synth_8925,153
synth_8914,153
synth_8961,152
synth_8976,152
synth_8953,152
synth_8939,152
synth_8942,152
synth_8958,152
synth_8947,152
synth_8944,152
synth_8977,152
synth_8962,152
synth_8965,152
synth_8983,152
synth_8967,152
synth_8970,152
synth_8945,152
synth_8979,152
synth_8938,152
synth_8966,152
synth_8964,152
synth_8973,152
synth_8951,152
synth_8975,152
synth_8943,152
synth_8978,152
synth_8954,152
synth_8969,152
synth_8946,152
synth_8972,152
synth_8959,152
synth_8981,152
synth_8955,152
synth_8963,152
synth_8968,152
synth_8980,152
synth_8940,152
synth_8941,152
synth_8971,152
synth_8985,152
synth_8984,152
synth_8948,152
synth_8956,152
synth_8982,152
synth_8949,152
synth_8950,152
synth_8952,152
synth_8974,152
synth_8960,152
synth_8986,152
synth_8957,152
synth_9003,151
synth_9027,151
synth_8989,151
synth_8992,151
synth_9028,151
synth_9029,151
synth_9006,151
synth_9013,151
synth_9024,151
synth_9032,151
synth_9000,151
synth_8995,151
synth_9012,151
synth_8990,151
synth_9019,151
synth_9034,151
synth_9023,151
synth_8999,151
synth_9020,151
synth_8988,151
synth_9014,151
synth_8996,151
synth_9004,151
synth_9001,151
synth_8998,151
synth_9007,151
synth_9009,151
synth_9005,151
synth_9031,151
synth_9026,151
synth_9025,151
synth_9002,151
synth_9030,151
synth_8994,151
synth_9018,151
synth_8993,151
synth_9021,151
synth_9008,151
synth_9016,151
synth_9017,151
synth_8997,151
synth_9015,151
synth_8991,151
synth_9036,151
synth_9011,151
synth_9022,151
synth_9035,151
synth_9033,151
synth_9010,151
synth_8987,151
synth_9042,150
synth_9071,150
synth_9049,150
synth_9050,150
synth_9053,150
synth_9043,150
synth_9041,150
synth_9040,150
synth_9064,150
synth_9039,150
synth_9083,150
synth_9048,150
synth_9058,150
synth_9057,150
synth_9085,150
synth_9046,150
synth_9066,150
synth_9076,150
synth_9067,150
synth_9086,150
synth_9082,150
synth_9074,150
synth_9061,150
synth_9072,150
synth_9052,150
synth_9055,150
synth_9073,150
synth_9044,150
synth_9051,150
synth_9080,150
synth_9038,150
synth_9068,150
synth_9087,150
synth_9063,150
synth_9060,150
synth_9054,150
synth_9079,150
synth_9062,150
synth_9045,150
synth_9084,150
synth_9037,150
synth_9077,150
synth_9059,150
synth_9081,150
synth_9075,150
synth_9065,150
synth_9078,150
synth_9056,150
synth_9070,150
synth_9069,150
synth_9047,150
synth_9091,149
synth_9105,149
synth_9092,149
synth_9121,149
synth_9106,149
synth_9112,149
synth_9125,149
synth_9134,149
synth_9094,149
synth_9131,149
synth_9122,149
synth_9132,149
synth_9100,149
synth_9128,149
synth_9114,149
synth_9129,149
synth_9116,149
synth_9119,149
synth_9127,149
synth_9096,149
synth_9109,149
synth_9108,149
synth_9101,149
synth_9120,149
synth_9117,149
synth_9115,149
synth_9104,149
synth_9123,149
synth_9097,149
synth_9090,149
synth_9138,149
synth_9102,149
synth_9099,149
synth_9107,149
synth_9126,149
synth_9130,149
synth_9098,149
synth_9124,149
synth_9089,149
synth_9136,149
synth_9111,149
synth_9103,149
synth_9118,149
synth_9113,149
synth_9093,149
synth_9088,149
synth_9137,149
synth_9133,149
synth_9135,149
synth_9095,149
synth_9110,149
synth_9156,148
synth_9173,148
synth_9183,148
synth_9188,148
synth_9140,148
synth_9169,148
synth_9186,148
synth_9152,148
synth_9153,148
synth_9158,148
synth_9144,148
synth_9185,148
synth_9162,148
synth_9166,148
synth_9161,148
synth_9187,148
synth_9176,148
synth_9164,148
synth_9180,148
synth_9147,148
synth_9146,148
synth_9184,148
synth_9159,148
synth_9149,148
synth_9142,148
synth_9189,148
synth_9154,148
synth_9171,148
synth_9148,148
synth_9168,148
synth_9160,148
synth_9163,148
synth_9175,148
synth_9145,148
synth_9165,148
synth_9181,148
synth_9151,148
synth_9182,148
synth_9178,148
synth_9177,148
synth_9155,148
synth_9139,148
synth_9179,148
synth_9143,148
synth_9157,148
synth_9150,148
synth_9141,148
synth_9170,148
synth_9174,148
synth_9167,148
synth_9172,148
synth_9217,147
synth_9218,147
synth_9235,147
synth_9226,147
synth_9197,147
synth_9198,147
synth_9222,147
synth_9224,147
synth_9240,147
synth_9190,147
synth_9209,147
synth_9191,147
synth_9211,147
synth_9192,147
synth_9230,147
synth_9196,147
synth_9200,147
synth_9229,147
synth_9221,147
synth_9233,147
synth_9241,147
synth_9213,147
synth_9232,147
synth_9212,147
synth_9236,147
synth_9206,147
synth_9208,147
synth_9238,147
synth_9203,147
synth_9214,147
synth_9215,147
synth_9201,147
synth_9219,147
synth_9202,147
synth_9194,147
synth_9237,147
synth_9195,147
synth_9210,147
synth_9220,147
synth_9204,147
synth_9228,147
synth_9231,147
synth_9234,147
synth_9239,147
synth_9223,147
synth_9199,147
synth_9225,147
synth_9205,147
synth_9207,147
synth_9227,147
synth_9216,147
synth_9193,147
synth_9254,146
synth_9259,146
synth_9285,146
synth_9293,146
synth_9271,146
synth_9244,146
synth_9289,146
synth_9242,146
synth_9245,146
synth_9288,146
synth_9291,146
synth_9275,146
synth_9255,146
synth_9294,146
synth_9248,146
synth_9278,146
synth_9258,146
synth_9277,146
synth_9287,146
synth_9282,146
synth_9251,146
synth_9273,146
synth_9281,146
synth_9256,146
synth_9267,146
synth_9274,146
synth_9266,146
synth_9257,146
synth_9249,146
synth_9268,146
synth_9290,146
synth_9272,146
synth_9286,146
synth_9263,146
synth_9269,146
synth_9270,146
synth_9264,146
synth_9280,146
synth_9243,146
synth_9247,146
synth_9283,146
synth_9265,146
synth_9246,146
synth_9252,146
synth_9284,146
synth_9262,146
synth_9279,146
synth_9253,146
synth_9261,146
synth_9276,146
synth_9292,146
synth_9250,146
synth_9260,146
synth_9335,145
synth_9330,145
synth_9333,145
synth_9308,145
synth_9297,145
synth_9321,145
synth_9313,145
synth_9325,145
synth_9336,145
synth_9337,145
synth_9346,145
synth_9312,145
synth_9310,145
synth_9315,145
synth_9328,145
synth_9318,145
synth_9342,145
synth_9323,145
synth_9314,145
synth_9324,145
synth_9300,145
synth_9309,145
synth_9340,145
synth_9343,145
synth_9305,145
synth_9322,145
synth_9338,145
synth_9327,145
synth_9331,145
synth_9316,145
synth_9319,145
synth_9298,145
synth_9302,145
synth_9329,145
synth_9332,145
synth_9345,145
synth_9303,145
synth_9306,145
synth_9311,145
synth_9320,145
synth_9299,145
synth_9304,145
synth_9301,145
synth_9317,145
synth_9307,145
synth_9334,145
synth_9295,145
synth_9296,145
synth_9326,145
synth_9347,145
synth_9344,145
synth_9341,145
synth_9339,145
synth_9348,145
synth_9370,144
synth_9401,144
synth_9390,144
synth_9388,144
synth_9363,144
synth_9385,144
synth_9397,144
synth_9353,144
synth_9392,144
synth_9379,144
synth_9402,144
synth_9380,144
synth_9354,144
synth_9365,144
synth_9367,144
synth_9362,144
synth_9375,144
synth_9393,144
synth_9351,144
synth_9361,144
synth_9386,144
synth_9377,144
synth_9350,144
synth_9364,144
synth_9399,144
synth_9366,144
synth_9368,144
synth_9378,144
synth_9400,144
synth_9357,144
synth_9356,144
synth_9383,144
synth_9359,144
synth_9391,144
synth_9355,144
synth_9381,144
synth_9376,144
synth_9384,144
synth_9358,144
synth_9389,144
synth_9382,144
synth_9394,144
synth_9349,144
synth_9360,144
synth_9395,144
synth_9374,144
synth_9352,144
synth_9372,144
synth_9398,144
synth_9387,144
synth_9373,144
synth_9371,144
synth_9369,144
synth_9396,144
synth_9420,143
synth_9438,143
synth_9410,143
synth_9422,143
synth_9442,143
synth_9412,143
synth_9409,143
synth_9432,143
synth_9425,143
synth_9448,143
synth_9452,143
synth_9449,143
synth_9407,143
synth_9451,143
synth_9457,143
synth_9418,143
synth_9413,143
synth_9405,143
synth_9440,143
synth_9434,143
synth_9411,143
synth_9433,143
synth_9454,143
synth_9443,143
synth_9416,143
synth_9436,143
synth_9431,143
synth_9441,143
synth_9426,143
synth_9447,143
synth_9445,143
synth_9414,143
synth_9417,143
synth_9439,143
synth_9446,143
synth_9435,143
synth_9415,143
synth_9429,143
synth_9428,143
synth_9406,143
synth_9403,143
synth_9437,143
synth_9423,143
synth_9408,143
synth_9424,143
synth_9444,143
synth_9404,143
synth_9427,143
synth_9450,143
synth_9456,143
synth_9430,143
synth_9453,143
synth_9455,143
synth_9419,143
synth_9421,143
synth_9459,142
synth_9484,142
synth_9487,142
synth_9464,142
synth_9489,142
synth_9495,142
synth_9473,142
synth_9491,142
synth_9499,142
synth_9471,142
synth_9502,142
synth_9476,142
synth_9460,142
synth_9461,142
synth_9462,142
synth_9477,142
synth_9505,142
synth_9497,142
synth_9458,142
synth_9483,142
synth_9486,142
synth_9494,142
synth_9482,142
synth_9501,142
synth_9481,142
synth_9511,142
synth_9478,142
synth_9474,142
synth_9463,142
synth_9513,142
synth_9479,142
synth_9507,142
synth_9504,142
synth_9493,142
synth_9469,142
synth_9510,142
synth_9508,142
synth_9470,142
synth_9488,142
synth_9492,142
synth_9506,142
synth_9466,142
synth_9465,142
synth_9480,142
synth_9509,142
synth_9490,142
synth_9500,142
synth_9503,142
synth_9475,142
synth_9496,142
synth_9485,142
synth_9467,142
synth_9472,142
synth_9512,142
synth_9468,142
synth_9498,142
synth_9553,141
synth_9542,141
synth_9566,141
synth_9569,141
synth_9552,141
synth_9564,141
synth_9524,141
synth_9568,141
synth_9532,141
synth_9531,141
synth_9518,141
synth_9540,141
synth_9514,141
synth_9561,141
synth_9557,141
synth_9515,141
synth_9543,141
synth_9549,141
synth_9544,141
synth_9558,141
synth_9535,141
synth_9545,141
synth_9548,141
synth_9560,141
synth_9528,141
synth_9519,141
synth_9554,141
synth_9550,141
synth_9546,141
synth_9516,141
synth_9563,141
synth_9530,141
synth_9539,141
synth_9562,141
synth_9565,141
synth_9529,141
synth_9533,141
synth_9534,141
synth_9559,141
synth_9536,141
synth_9525,141
synth_9547,141
synth_9517,141
synth_9537,141
synth_9567,141
synth_9538,141
synth_9551,141
synth_9521,141
synth_9556,141
synth_9555,141
synth_9526,141
synth_9523,141
synth_9541,141
synth_9527,141
synth_9522,141
synth_9520,141
synth_9587,140
synth_9584,140
synth_9600,140
synth_9578,140
synth_9606,140
synth_9576,140
synth_9586,140
synth_9611,140
synth_9612,140
synth_9572,140
synth_9617,140
synth_9601,140
synth_9604,140
synth_9623,140
synth_9589,140
synth_9588,140
synth_9597,140
synth_9626,140
synth_9590,140
synth_9624,140
synth_9621,140
synth_9607,140
synth_9608,140
synth_9609,140
synth_9579,140
synth_9595,140
synth_9616,140
synth_9625,140
synth_9610,140
synth_9573,140
synth_9580,140
synth_9574,140
synth_9594,140
synth_9570,140
synth_9585,140
synth_9577,140
synth_9581,140
synth_9618,140
synth_9620,140
synth_9613,140
synth_9619,140
synth_9602,140
synth_9591,140
synth_9622,140
synth_9582,140
synth_9614,140
synth_9596,140
synth_9575,140
synth_9598,140
synth_9605,140
synth_9615,140
synth_9583,140
synth_9593,140
synth_9571,140
synth_9603,140
synth_9599,140
synth_9592,140
synth_9652,139
synth_9656,139
synth_9646,139
synth_9627,139
synth_9629,139
synth_9663,139
synth_9680,139
synth_9668,139
synth_9631,139
synth_9683,139
synth_9657,139
synth_9634,139
synth_9635,139
synth_9682,139
synth_9660,139
synth_9654,139
synth_9662,139
synth_9674,139
synth_9675,139
synth_9684,139
synth_9669,139
synth_9672,139
synth_9643,139
synth_9650,139
synth_9661,139
synth_9664,139
synth_9673,139
synth_9658,139
synth_9648,139
synth_9671,139
synth_9653,139
synth_9666,139
synth_9651,139
synth_9667,139
synth_9670,139
synth_9642,139
synth_9665,139
synth_9638,139
synth_9637,139
synth_9677,139
synth_9649,139
synth_9676,139
synth_9655,139
synth_9679,139
synth_9681,139
synth_9632,139
synth_9633,139
synth_9628,139
synth_9644,139
synth_9647,139
synth_9645,139
synth_9636,139
synth_9639,139
synth_9659,139
synth_9640,139
synth_9641,139
synth_9678,139
synth_9630,139
synth_9718,138
synth_9724,138
synth_9729,138
synth_9710,138
synth_9688,138
synth_9692,138
synth_9733,138
synth_9706,138
synth_9723,138
synth_9735,138
synth_9715,138
synth_9686,138
synth_9730,138
synth_9687,138
synth_9737,138
synth_9743,138
synth_9713,138
synth_9700,138
synth_9708,138
synth_9694,138
synth_9739,138
synth_9690,138
synth_9698,138
synth_9703,138
synth_9701,138
synth_9736,138
synth_9726,138
synth_9711,138
synth_9712,138
synth_9693,138
synth_9732,138
synth_9717,138
synth_9699,138
synth_9704,138
synth_9714,138
synth_9742,138
synth_9719,138
synth_9705,138
synth_9697,138
synth_9738,138
synth_9695,138
synth_9689,138
synth_9702,138
synth_9716,138
synth_9721,138
synth_9696,138
synth_9734,138
synth_9685,138
synth_9731,138
synth_9725,138
synth_9741,138
synth_9727,138
synth_9709,138
synth_9707,138
synth_9740,138
synth_9720,138
synth_9722,138
synth_9728,138
synth_9691,138
synth_9788,137
synth_9754,137
synth_9794,137
synth_9745,137
synth_9757,137
synth_9800,137
synth_9790,137
synth_9759,137
synth_9778,137
synth_9799,137
synth_9751,137
synth_9785,137
synth_9744,137
synth_9795,137
synth_9747,137
synth_9783,137
synth_9797,137
synth_9766,137
synth_9791,137
synth_9765,137
synth_9750,137
synth_9793,137
synth_9773,137
synth_9798,137
synth_9796,137
synth_9746,137
synth_9786,137
synth_9755,137
synth_9787,137
synth_9802,137
synth_9770,137
synth_9784,137
synth_9767,137
synth_9758,137
synth_9774,137
synth_9752,137
synth_9763,137
synth_9753,137
synth_9789,137
synth_9801,137
synth_9772,137
synth_9762,137
synth_9777,137
synth_9760,137
synth_9782,137
synth_9792,137
synth_9768,137
synth_9756,137
synth_9779,137
synth_9775,137
synth_9749,137
synth_9776,137
synth_9780,137
synth_9761,137
synth_9771,137
synth_9781,137
synth_9748,137
synth_9764,137
synth_9769,137
synth_9827,136
synth_9816,136
synth_9841,136
synth_9829,136
synth_9812,136
synth_9804,136
synth_9809,136
synth_9830,136
synth_9851,136
synth_9821,136
synth_9862,136
synth_9849,136
synth_9832,136
synth_9848,136
synth_9835,136
synth_9856,136
synth_9845,136
synth_9843,136
synth_9840,136
synth_9819,136
synth_9820,136
synth_9811,136
synth_9837,136
synth_9822,136
synth_9859,136
synth_9857,136
synth_9803,136
synth_9824,136
synth_9847,136
synth_9825,136
synth_9860,136
synth_9818,136
synth_9817,136
synth_9844,136
synth_9842,136
synth_9823,136
synth_9846,136
synth_9805,136
synth_9834,136
synth_9858,136
synth_9807,136
synth_9853,136
synth_9814,136
synth_9826,136
synth_9806,136
synth_9839,136
synth_9838,136
synth_9808,136
synth_9815,136
synth_9828,136
synth_9850,136
synth_9810,136
synth_9833,136
synth_9861,136
synth_9852,136
synth_9855,136
synth_9836,136
synth_9854,136
synth_9813,136
synth_9831,136
synth_9908,135
synth_9863,135
synth_9910,135
synth_9882,135
synth_9914,135
synth_9871,135
synth_9889,135
synth_9916,135
synth_9917,135
synth_9904,135
synth_9890,135
synth_9919,135
synth_9868,135
synth_9870,135
synth_9886,135
synth_9920,135
synth_9875,135
synth_9865,135
synth_9872,135
synth_9906,135
synth_9878,135
synth_9907,135
synth_9898,135
synth_9877,135
synth_9915,135
synth_9923,135
synth_9892,135
synth_9864,135
synth_9897,135
synth_9884,135
synth_9903,135
synth_9905,135
synth_9901,135
synth_9902,135
synth_9887,135
synth_9912,135
synth_9911,135
synth_9866,135
synth_9896,135
synth_9883,135
synth_9880,135
synth_9876,135
synth_9900,135
synth_9874,135
synth_9899,135
synth_9893,135
synth_9921,135
synth_9867,135
synth_9894,135
synth_9924,135
synth_9891,135
synth_9879,135
synth_9895,135
synth_9888,135
synth_9873,135
synth_9885,135
synth_9922,135
synth_9909,135
synth_9913,135
synth_9869,135
synth_9918,135
synth_9881,135
synth_9926,134
synth_9985,134
synth_9958,134
synth_9950,134
synth_9972,134
synth_9939,134
synth_9981,134
synth_9980,134
synth_9957,134
synth_9946,134
synth_9944,134
synth_9953,134
synth_9929,134
synth_9938,134
synth_9936,134
synth_9982,134
synth_9961,134
synth_9977,134
synth_9930,134
synth_9948,134
synth_9928,134
synth_9974,134
synth_9963,134
synth_9967,134
synth_9970,134
synth_9984,134
synth_9966,134
synth_9931,134
synth_9962,134
synth_9941,134
synth_9979,134
synth_9964,134
synth_9925,134
synth_9954,134
synth_9933,134
synth_9976,134
synth_9945,134
synth_9949,134
synth_9947,134
synth_9952,134
synth_9975,134
synth_9955,134
synth_9943,134
synth_9927,134
synth_9969,134
synth_9942,134
synth_9973,134
synth_9937,134
synth_9978,134
synth_9951,134
synth_9960,134
synth_9956,134
synth_9934,134
synth_9932,134
synth_9965,134
synth_9959,134
synth_9971,134
synth_9983,134
synth_9968,134
synth_9940,134
synth_9935,134
synth_10033,133
synth_9994,133
synth_9989,133
synth_10016,133
synth_10022,133
synth_10013,133
synth_10036,133
synth_10028,133
synth_10023,133
synth_10047,133
synth_10006,133
synth_10027,133
synth_10041,133
synth_10003,133
synth_9998,133
synth_10004,133
synth_10038,133
synth_10043,133
synth_9988,133
synth_10021,133
synth_10009,133
synth_10001,133
synth_10046,133
synth_9986,133
synth_10002,133
synth_10011,133
synth_10042,133
synth_9987,133
synth_10031,133
synth_9992,133
synth_9996,133
synth_10007,133
synth_10035,133
synth_10015,133
synth_9991,133
synth_10039,133
synth_10045,133
synth_10010,133
synth_10037,133
synth_10005,133
synth_10048,133
synth_10029,133
synth_10017,133
synth_9990,133
synth_10000,133
synth_10044,133
synth_10034,133
synth_10008,133
synth_9993,133
synth_9995,133
synth_9997,133
synth_10026,133
synth_10012,133
synth_10030,133
synth_10032,133
synth_10014,133
synth_10025,133
synth_10020,133
synth_9999,133
synth_10040,133
synth_10018,133
synth_10024,133
synth_10019,133
synth_10079,132
synth_10070,132
synth_10059,132
synth_10066,132
synth_10077,132
synth_10050,132
synth_10089,132
synth_10093,132
synth_10057,132
synth_10062,132
synth_10084,132
synth_10087,132
synth_10105,132
synth_10060,132
synth_10072,132
synth_10055,132
synth_10088,132
synth_10102,132
synth_10081,132
synth_10096,132
synth_10056,132
synth_10054,132
synth_10086,132
synth_10061,132
synth_10092,132
synth_10101,132
synth_10080,132
synth_10073,132
synth_10051,132
synth_10112,132
synth_10082,132
synth_10097,132
synth_10067,132
synth_10063,132
synth_10049,132
synth_10083,132
synth_10085,132
synth_10064,132
synth_10069,132
synth_10094,132
synth_10103,132
synth_10104,132
synth_10071,132
synth_10107,132
synth_10052,132
synth_10075,132
synth_10100,132
synth_10074,132
synth_10053,132
synth_10110,132
synth_10095,132
synth_10076,132
synth_10090,132
synth_10106,132
synth_10109,132
synth_10099,132
synth_10098,132
synth_10068,132
synth_10065,132
synth_10078,132
synth_10108,132
synth_10091,132
synth_10111,132
synth_10058,132
synth_10140,131
synth_10163,131
synth_10145,131
synth_10115,131
synth_10146,131
synth_10150,131
synth_10125,131
synth_10132,131
synth_10118,131
synth_10172,131
synth_10170,131
synth_10128,131
synth_10159,131
synth_10155,131
synth_10135,131
synth_10137,131
synth_10171,131
synth_10117,131
synth_10142,131
synth_10147,131
synth_10173,131
synth_10113,131
synth_10114,131
synth_10143,131
synth_10144,131
synth_10176,131
synth_10148,131
synth_10175,131
synth_10139,131
synth_10119,131
synth_10120,131
synth_10166,131
synth_10133,131
synth_10131,131
synth_10157,131
synth_10154,131
synth_10116,131
synth_10160,131
synth_10122,131
synth_10124,131
synth_10167,131
synth_10158,131
synth_10156,131
synth_10153,131
synth_10141,131
synth_10174,131
synth_10165,131
synth_10149,131
synth_10134,131
synth_10121,131
synth_10127,131
synth_10169,131
synth_10126,131
synth_10130,131
synth_10151,131
synth_10161,131
synth_10168,131
synth_10129,131
synth_10138,131
synth_10136,131
synth_10152,131
synth_10162,131
synth_10164,131
synth_10123,131
synth_10229,130
synth_10198,130
synth_10232,130
synth_10217,130
synth_10236,130
synth_10181,130
synth_10203,130
synth_10208,130
synth_10197,130
synth_10178,130
synth_10211,130
synth_10214,130
synth_10223,130
synth_10195,130
synth_10228,130
synth_10230,130
synth_10201,130
synth_10209,130
synth_10191,130
synth_10242,130
synth_10184,130
synth_10204,130
synth_10180,130
synth_10240,130
synth_10189,130
synth_10225,130
synth_10210,130
synth_10190,130
synth_10185,130
synth_10212,130
synth_10231,130
synth_10241,130
synth_10221,130
synth_10234,130
synth_10188,130
synth_10222,130
synth_10193,130
synth_10215,130
synth_10186,130
synth_10196,130
synth_10183,130
synth_10239,130
synth_10194,130
synth_10182,130
synth_10207,130
synth_10227,130
synth_10206,130
synth_10216,130
synth_10213,130
synth_10218,130
synth_10187,130
synth_10220,130
synth_10224,130
synth_10192,130
synth_10233,130
synth_10237,130
synth_10219,130
synth_10205,130
synth_10226,130
synth_10179,130
synth_10200,130
synth_10235,130
synth_10199,130
synth_10202,130
synth_10238,130
synth_10177,130
synth_10301,129
synth_10281,129
synth_10268,129
synth_10305,129
synth_10255,129
synth_10261,129
synth_10269,129
synth_10279,129
synth_10278,129
synth_10304,129
synth_10246,129
synth_10263,129
synth_10257,129
synth_10296,129
synth_10307,129
synth_10270,129
synth_10272,129
synth_10276,129
synth_10277,129
synth_10306,129
synth_10297,129
synth_10289,129
synth_10273,129
synth_10282,129
synth_10267,129
synth_10287,129
synth_10298,129
synth_10252,129
synth_10284,129
synth_10264,129
synth_10249,129
synth_10253,129
synth_10286,129
synth_10265,129
synth_10295,129
synth_10275,129
synth_10258,129
synth_10245,129
synth_10290,129
synth_10303,129
synth_10256,129
synth_10247,129
synth_10274,129
synth_10300,129
synth_10294,129
synth_10293,129
synth_10288,129
synth_10262,129
synth_10283,129
synth_10280,129
synth_10292,129
synth_10243,129
synth_10244,129
synth_10285,129
synth_10291,129
synth_10266,129
synth_10259,129
synth_10248,129
synth_10251,129
synth_10271,129
synth_10302,129
synth_10299,129
synth_10250,129
synth_10308,129
synth_10260,129
synth_10254,129
synth_10345,128
synth_10361,128
synth_10309,128
synth_10355,128
synth_10346,128
synth_10365,128
synth_10366,128
synth_10332,128
synth_10356,128
synth_10370,128
synth_10375,128
synth_10343,128
synth_10358,128
synth_10373,128
synth_10348,128
synth_10359,128
synth_10369,128
synth_10353,128
synth_10314,128
synth_10318,128
synth_10338,128
synth_10360,128
synth_10368,128
synth_10334,128
synth_10357,128
synth_10324,128
synth_10351,128
synth_10320,128
synth_10312,128
synth_10374,128
synth_10342,128
synth_10352,128
synth_10325,128
synth_10310,128
synth_10311,128
synth_10319,128
synth_10326,128
synth_10339,128
synth_10328,128
synth_10335,128
synth_10354,128
synth_10321,128
synth_10363,128
synth_10344,128
synth_10337,128
synth_10313,128
synth_10330,128
synth_10349,128
synth_10340,128
synth_10376,128
synth_10350,128
synth_10329,128
synth_10347,128
synth_10371,128
synth_10362,128
synth_10333,128
synth_10367,128
synth_10323,128
synth_10327,128
synth_10322,128
synth_10372,128
synth_10331,128
synth_10341,128
synth_10336,128
synth_10317,128
synth_10315,128
synth_10364,128
synth_10316,128
synth_10392,127
synth_10410,127
synth_10433,127
synth_10412,127
synth_10400,127
synth_10384,127
synth_10414,127
synth_10379,127
synth_10382,127
synth_10437,127
synth_10431,127
synth_10427,127
synth_10390,127
synth_10402,127
synth_10440,127
synth_10378,127
synth_10394,127
synth_10377,127
synth_10387,127
synth_10415,127
synth_10411,127
synth_10432,127
synth_10423,127
synth_10424,127
synth_10404,127
synth_10380,127
synth_10381,127
synth_10405,127
synth_10441,127
synth_10409,127
synth_10438,127
synth_10420,127
synth_10406,127
synth_10422,127
synth_10395,127
synth_10444,127
synth_10393,127
synth_10435,127
synth_10421,127
synth_10389,127
synth_10397,127
synth_10383,127
synth_10443,127
synth_10430,127
synth_10418,127
synth_10408,127
synth_10442,127
synth_10391,127
synth_10401,127
synth_10385,127
synth_10403,127
synth_10388,127
synth_10396,127
synth_10436,127
synth_10417,127
synth_10413,127
synth_10386,127
synth_10419,127
synth_10407,127
synth_10439,127
synth_10425,127
synth_10428,127
synth_10399,127
synth_10429,127
synth_10434,127
synth_10398,127
synth_10416,127
synth_10426,127
synth_10452,126
synth_10478,126
synth_10451,126
synth_10447,126
synth_10488,126
synth_10493,126
synth_10459,126
synth_10500,126
synth_10508,126
synth_10510,126
synth_10501,126
synth_10466,126
synth_10492,126
synth_10471,126
synth_10448,126
synth_10465,126
synth_10458,126
synth_10481,126
synth_10457,126
synth_10460,126
synth_10473,126
synth_10450,126
synth_10456,126
synth_10449,126
synth_10491,126
synth_10461,126
synth_10494,126
synth_10487,126
synth_10474,126
synth_10482,126
synth_10495,126
synth_10504,126
synth_10513,126
synth_10446,126
synth_10475,126
synth_10497,126
synth_10445,126
synth_10484,126
synth_10485,126
synth_10496,126
synth_10499,126
synth_10505,126
synth_10480,126
synth_10469,126
synth_10470,126
synth_10467,126
synth_10507,126
synth_10453,126
synth_10462,126
synth_10468,126
synth_10489,126
synth_10512,126
synth_10502,126
synth_10479,126
synth_10498,126
synth_10511,126
synth_10490,126
synth_10506,126
synth_10483,126
synth_10464,126
synth_10477,126
synth_10454,126
synth_10486,126
synth_10455,126
synth_10463,126
synth_10503,126
synth_10472,126
synth_10509,126
synth_10476,126
synth_10560,125
synth_10572,125
synth_10552,125
synth_10514,125
synth_10556,125
synth_10525,125
synth_10546,125
synth_10541,125
synth_10584,125
synth_10542,125
synth_10553,125
synth_10520,125
synth_10522,125
synth_10577,125
synth_10554,125
synth_10529,125
synth_10537,125
synth_10545,125
synth_10547,125
synth_10535,125
synth_10562,125
synth_10568,125
synth_10539,125
synth_10550,125
synth_10549,125
synth_10567,125
synth_10583,125
synth_10551,125
synth_10517,125
synth_10527,125
synth_10532,125
synth_10530,125
synth_10524,125
synth_10534,125
synth_10557,125
synth_10536,125
synth_10565,125
synth_10559,125
synth_10526,125
synth_10543,125
synth_10576,125
synth_10533,125
synth_10540,125
synth_10561,125
synth_10569,125
synth_10544,125
synth_10574,125
synth_10570,125
synth_10558,125
synth_10521,125
synth_10538,125
synth_10573,125
synth_10571,125
synth_10578,125
synth_10531,125
synth_10516,125
synth_10548,125
synth_10579,125
synth_10563,125
synth_10515,125
synth_10575,125
synth_10566,125
synth_10564,125
synth_10555,125
synth_10580,125
synth_10528,125
synth_10581,125
synth_10582,125
synth_10519,125
synth_10518,125
synth_10523,125
synth_10610,124
synth_10624,124
synth_10621,124
synth_10589,124
synth_10645,124
synth_10587,124
synth_10619,124
synth_10640,124
synth_10631,124
synth_10646,124
synth_10652,124
synth_10596,124
synth_10588,124
synth_10591,124
synth_10634,124
synth_10615,124
synth_10590,124
synth_10625,124
synth_10642,124
synth_10600,124
synth_10585,124
synth_10605,124
synth_10613,124
synth_10638,124
synth_10598,124
synth_10650,124
synth_10620,124
synth_10648,124
synth_10617,124
synth_10643,124
synth_10604,124
synth_10586,124
synth_10632,124
synth_10644,124
synth_10628,124
synth_10627,124
synth_10601,124
synth_10608,124
synth_10606,124
synth_10623,124
synth_10595,124
synth_10597,124
synth_10602,124
synth_10653,124
synth_10626,124
synth_10612,124
synth_10616,124
synth_10633,124
synth_10651,124
synth_10636,124
synth_10594,124
synth_10614,124
synth_10637,124
synth_10611,124
synth_10655,124
synth_10592,124
synth_10618,124
synth_10599,124
synth_10654,124
synth_10649,124
synth_10630,124
synth_10647,124
synth_10593,124
synth_10641,124
synth_10622,124
synth_10639,124
synth_10635,124
synth_10607,124
synth_10603,124
synth_10629,124
synth_10609,124
synth_10699,123
synth_10673,123
synth_10677,123
synth_10660,123
synth_10693,123
synth_10710,123
synth_10666,123
synth_10703,123
synth_10700,123
synth_10665,123
synth_10679,123
synth_10706,123
synth_10683,123
synth_10720,123
synth_10670,123
synth_10702,123
synth_10662,123
synth_10725,123
synth_10711,123
synth_10690,123
synth_10682,123
synth_10696,123
synth_10672,123
synth_10675,123
synth_10658,123
synth_10721,123
synth_10686,123
synth_10692,123
synth_10695,123
synth_10714,123
synth_10712,123
synth_10716,123
synth_10681,123
synth_10687,123
synth_10708,123
synth_10713,123
synth_10676,123
synth_10719,123
synth_10657,123
synth_10671,123
synth_10680,123
synth_10707,123
synth_10668,123
synth_10697,123
synth_10688,123
synth_10698,123
synth_10684,123
synth_10722,123
synth_10689,123
synth_10659,123
synth_10656,123
synth_10685,123
synth_10709,123
synth_10664,123
synth_10691,123
synth_10678,123
synth_10661,123
synth_10727,123
synth_10704,123
synth_10726,123
synth_10667,123
synth_10674,123
synth_10701,123
synth_10723,123
synth_10715,123
synth_10718,123
synth_10669,123
synth_10705,123
synth_10717,123
synth_10724,123
synth_10663,123
synth_10694,123
synth_10754,122
synth_10753,122
synth_10748,122
synth_10774,122
synth_10800,122
synth_10759,122
synth_10736,122
synth_10731,122
synth_10730,122
synth_10733,122
synth_10743,122
synth_10771,122
synth_10786,122
synth_10792,122
synth_10793,122
synth_10728,122
synth_10780,122
synth_10767,122
synth_10741,122
synth_10791,122
synth_10797,122
synth_10732,122
synth_10772,122
synth_10766,122
synth_10765,122
synth_10799,122
synth_10750,122
synth_10769,122
synth_10776,122
synth_10763,122
synth_10746,122
synth_10778,122
synth_10783,122
synth_10798,122
synth_10770,122
synth_10737,122
synth_10758,122
synth_10781,122
synth_10782,122
synth_10789,122
synth_10773,122
synth_10755,122
synth_10768,122
synth_10777,122
synth_10775,122
synth_10744,122
synth_10762,122
synth_10735,122
synth_10757,122
synth_10761,122
synth_10784,122
synth_10747,122
synth_10788,122
synth_10785,122
synth_10739,122
synth_10794,122
synth_10742,122
synth_10740,122
synth_10779,122
synth_10764,122
synth_10734,122
synth_10790,122
synth_10756,122
synth_10745,122
synth_10795,122
synth_10787,122
synth_10738,122
synth_10751,122
synth_10752,122
synth_10801,122
synth_10729,122
synth_10796,122
synth_10749,122
synth_10760,122
synth_10804,121
synth_10872,121
synth_10856,121
synth_10831,121
synth_10828,121
synth_10834,121
synth_10865,121
synth_10811,121
synth_10824,121
synth_10806,121
synth_10838,121
synth_10829,121
synth_10870,121
synth_10844,121
synth_10842,121
synth_10816,121
synth_10836,121
synth_10807,121
synth_10864,121
synth_10843,121
synth_10810,121
synth_10869,121
synth_10849,121
synth_10850,121
synth_10822,121
synth_10841,121
synth_10852,121
synth_10808,121
synth_10860,121
synth_10845,121
synth_10826,121
synth_10813,121
synth_10821,121
synth_10858,121
synth_10873,121
synth_10853,121
synth_10830,121
synth_10802,121
synth_10867,121
synth_10837,121
synth_10847,121
synth_10814,121
synth_10819,121
synth_10871,121
synth_10803,121
synth_10818,121
synth_10863,121
synth_10809,121
synth_10833,121
synth_10859,121
synth_10866,121
synth_10815,121
synth_10848,121
synth_10839,121
synth_10820,121
synth_10875,121
synth_10823,121
synth_10868,121
synth_10827,121
synth_10857,121
synth_10835,121
synth_10825,121
synth_10846,121
synth_10874,121
synth_10862,121
synth_10854,121
synth_10805,121
synth_10840,121
synth_10817,121
synth_10861,121
synth_10855,121
synth_10832,121
synth_10812,121
synth_10851,121
synth_10881,120
synth_10905,120
synth_10908,120
synth_10914,120
synth_10935,120
synth_10927,120
synth_10946,120
synth_10898,120
synth_10896,120
synth_10915,120
synth_10951,120
synth_10909,120
synth_10928,120
synth_10916,120
synth_10923,120
synth_10890,120
synth_10922,120
synth_10876,120
synth_10891,120
synth_10924,120
synth_10912,120
synth_10943,120
synth_10901,120
synth_10879,120
synth_10883,120
synth_10899,120
synth_10926,120
synth_10906,120
synth_10903,120
synth_10925,120
synth_10944,120
synth_10950,120
synth_10947,120
synth_10921,120
synth_10936,120
synth_10911,120
synth_10931,120
synth_10918,120
synth_10930,120
synth_10932,120
synth_10885,120
synth_10892,120
synth_10919,120
synth_10878,120
synth_10937,120
synth_10880,120
synth_10934,120
synth_10945,120
synth_10886,120
synth_10920,120
synth_10938,120
synth_10910,120
synth_10884,120
synth_10948,120
synth_10888,120
synth_10882,120
synth_10939,120
synth_10929,120
synth_10917,120
synth_10902,120
synth_10913,120
synth_10942,120
synth_10894,120
synth_10940,120
synth_10887,120
synth_10877,120
synth_10900,120
synth_10949,120
synth_10941,120
synth_10933,120
synth_10907,120
synth_10897,120
synth_10889,120
synth_10904,120
synth_10895,120
synth_10893,120
synth_11005,119
synth_10959,119
synth_10985,119
synth_11025,119
synth_10989,119
synth_10955,119
synth_11017,119
synth_10997,119
synth_10967,119
synth_10996,119
synth_10953,119
synth_10994,119
synth_11012,119
synth_11010,119
synth_11022,119
synth_11007,119
synth_11026,119
synth_10991,119
synth_10979,119
synth_10990,119
synth_10987,119
synth_11015,119
synth_10986,119
synth_10977,119
synth_11014,119
synth_10971,119
synth_11003,119
synth_10978,119
synth_11002,119
synth_10962,119
synth_10981,119
synth_10992,119
synth_10983,119
synth_11009,119
synth_11008,119
synth_10975,119
synth_10984,119
synth_10961,119
synth_11001,119
synth_11018,119
synth_10999,119
synth_11019,119
synth_11021,119
synth_10993,119
synth_10963,119
synth_10972,119
synth_10957,119
synth_11006,119
synth_10976,119
synth_10964,119
synth_10965,119
synth_11004,119
synth_11000,119
synth_11024,119
synth_10970,119
synth_10998,119
synth_10980,119
synth_10956,119
synth_10968,119
synth_10969,119
synth_11020,119
synth_10966,119
synth_11011,119
synth_11013,119
synth_11016,119
synth_10960,119
synth_10958,119
synth_10988,119
synth_11028,119
synth_10952,119
synth_11023,119
synth_10954,119
synth_10974,119
synth_10995,119
synth_11027,119
synth_10973,119
synth_10982,119
synth_11082,118
synth_11085,118
synth_11043,118
synth_11047,118
synth_11060,118
synth_11067,118
synth_11056,118
synth_11052,118
synth_11054,118
synth_11099,118
synth_11058,118
synth_11103,118
synth_11083,118
synth_11101,118
synth_11030,118
synth_11042,118
synth_11087,118
synth_11055,118
synth_11092,118
synth_11074,118
synth_11069,118
synth_11106,118
synth_11057,118
synth_11048,118
synth_11088,118
synth_11031,118
synth_11038,118
synth_11065,118
synth_11066,118
synth_11039,118
synth_11040,118
synth_11095,118
synth_11089,118
synth_11053,118
synth_11104,118
synth_11093,118
synth_11097,118
synth_11077,118
synth_11029,118
synth_11033,118
synth_11090,118
synth_11098,118
synth_11036,118
synth_11075,118
synth_11100,118
synth_11061,118
synth_11081,118
synth_11059,118
synth_11062,118
synth_11094,118
synth_11044,118
synth_11045,118
synth_11086,118
synth_11041,118
synth_11080,118
synth_11078,118
synth_11035,118
synth_11072,118
synth_11050,118
synth_11051,118
synth_11032,118
synth_11037,118
synth_11091,118
synth_11102,118
synth_11034,118
synth_11049,118
synth_11096,118
synth_11079,118
synth_11076,118
synth_11046,118
synth_11105,118
synth_11070,118
synth_11071,118
synth_11073,118
synth_11068,118
synth_11084,118
synth_11063,118
synth_11064,118
synth_11162,117
synth_11177,117
synth_11179,117
synth_11120,117
synth_11170,117
synth_11149,117
synth_11145,117
synth_11128,117
synth_11151,117
synth_11113,117
synth_11108,117
synth_11158,117
synth_11176,117
synth_11132,117
synth_11159,117
synth_11117,117
synth_11118,117
synth_11160,117
synth_11112,117
synth_11126,117
synth_11146,117
synth_11172,117
synth_11143,117
synth_11152,117
synth_11163,117
synth_11111,117
synth_11166,117
synth_11178,117
synth_11161,117
synth_11182,117
synth_11141,117
synth_11124,117
synth_11115,117
synth_11142,117
synth_11129,117
synth_11140,117
synth_11134,117
synth_11136,117
synth_11157,117
synth_11174,117
synth_11167,117
synth_11137,117
synth_11169,117
synth_11119,117
synth_11116,117
synth_11130,117
synth_11168,117
synth_11127,117
synth_11186,117
synth_11122,117
synth_11175,117
synth_11109,117
synth_11110,117
synth_11114,117
synth_11148,117
synth_11183,117
synth_11123,117
synth_11153,117
synth_11121,117
synth_11171,117
synth_11133,117
synth_11139,117
synth_11147,117
synth_11181,117
synth_11138,117
synth_11144,117
synth_11185,117
synth_11150,117
synth_11184,117
synth_11135,117
synth_11131,117
synth_11173,117
synth_11180,117
synth_11165,117
synth_11107,117
synth_11125,117
synth_11164,117
synth_11156,117
synth_11154,117
synth_11155,117
synth_11197,116
synth_11261,116
synth_11187,116
synth_11236,116
synth_11226,116
synth_11191,116
synth_11193,116
synth_11265,116
synth_11194,116
synth_11235,116
synth_11249,116
synth_11229,116
synth_11202,116
synth_11211,116
synth_11242,116
synth_11208,116
synth_11237,116
synth_11253,116
synth_11189,116
synth_11260,116
synth_11218,116
synth_11228,116
synth_11200,116
synth_11213,116
synth_11217,116
synth_11195,116
synth_11223,116
synth_11198,116
synth_11240,116
synth_11190,116
synth_11209,116
synth_11252,116
synth_11212,116
synth_11227,116
synth_11230,116
synth_11266,116
synth_11256,116
synth_11241,116
synth_11220,116
synth_11244,116
synth_11205,116
synth_11262,116
synth_11254,116
synth_11203,116
synth_11214,116
synth_11206,116
synth_11196,116
synth_11221,116
synth_11264,116
synth_11233,116
synth_11225,116
synth_11257,116
synth_11251,116
synth_11192,116
synth_11263,116
synth_11199,116
synth_11238,116
synth_11259,116
synth_11246,116
synth_11207,116
synth_11232,116
synth_11258,116
synth_11201,116
synth_11215,116
synth_11188,116
synth_11239,116
synth_11231,116
synth_11248,116
synth_11210,116
synth_11216,116
synth_11245,116
synth_11204,116
synth_11250,116
synth_11255,116
synth_11222,116
synth_11243,116
synth_11224,116
synth_11247,116
synth_11219,116
synth_11234,116
synth_11272,115
synth_11275,115
synth_11287,115
synth_11276,115
synth_11302,115
synth_11342,115
synth_11283,115
synth_11308,115
synth_11289,115
synth_11300,115
synth_11310,115
synth_11278,115
synth_11307,115
synth_11273,115
synth_11312,115
synth_11339,115
synth_11274,115
synth_11311,115
synth_11279,115
synth_11346,115
synth_11340,115
synth_11294,115
synth_11286,115
synth_11301,115
synth_11296,115
synth_11304,115
synth_11321,115
synth_11335,115
synth_11327,115
synth_11333,115
synth_11270,115
synth_11269,115
synth_11293,115
synth_11331,115
synth_11337,115
synth_11268,115
synth_11313,115
synth_11324,115
synth_11285,115
synth_11326,115
synth_11338,115
synth_11292,115
synth_11281,115
synth_11320,115
synth_11288,115
synth_11271,115
synth_11297,115
synth_11345,115
synth_11305,115
synth_11303,115
synth_11319,115
synth_11334,115
synth_11309,115
synth_11344,115
synth_11316,115
synth_11318,115
synth_11330,115
synth_11325,115
synth_11347,115
synth_11317,115
synth_11343,115
synth_11267,115
synth_11306,115
synth_11328,115
synth_11290,115
synth_11295,115
synth_11341,115
synth_11348,115
synth_11336,115
synth_11299,115
synth_11315,115
synth_11280,115
synth_11332,115
synth_11282,115
synth_11291,115
synth_11323,115
synth_11329,115
synth_11298,115
synth_11314,115
synth_11277,115
synth_11322,115
synth_11284,115
synth_11405,114
synth_11404,114
synth_11352,114
synth_11401,114
synth_11426,114
synth_11406,114
synth_11349,114
synth_11380,114
synth_11351,114
synth_11409,114
synth_11350,114
synth_11392,114
synth_11374,114
synth_11377,114
synth_11407,114
synth_11354,114
synth_11375,114
synth_11412,114
synth_11425,114
synth_11389,114
synth_11371,114
synth_11384,114
synth_11398,114
synth_11422,114
synth_11424,114
synth_11359,114
synth_11394,114
synth_11408,114
synth_11413,114
synth_11378,114
synth_11411,114
synth_11381,114
synth_11415,114
synth_11423,114
synth_11414,114
synth_11431,114
synth_11403,114
synth_11387,114
synth_11370,114
synth_11365,114
synth_11391,114
synth_11432,114
synth_11428,114
synth_11385,114
synth_11386,114
synth_11388,114
synth_11366,114
synth_11396,114
synth_11402,114
synth_11379,114
synth_11353,114
synth_11383,114
synth_11367,114
synth_11416,114
synth_11417,114
synth_11355,114
synth_11368,114
synth_11420,114
synth_11373,114
synth_11419,114
synth_11361,114
synth_11358,114
synth_11369,114
synth_11357,114
synth_11393,114
synth_11397,114
synth_11427,114
synth_11430,114
synth_11421,114
synth_11400,114
synth_11399,114
synth_11395,114
synth_11410,114
synth_11356,114
synth_11360,114
synth_11429,114
synth_11362,114
synth_11372,114
synth_11418,114
synth_11363,114
synth_11382,114
synth_11390,114
synth_11364,114
synth_11376,114
synth_11445,113
synth_11516,113
synth_11470,113
synth_11507,113
synth_11457,113
synth_11473,113
synth_11476,113
synth_11458,113
synth_11487,113
synth_11455,113
synth_11468,113
synth_11452,113
synth_11513,113
synth_11500,113
synth_11484,113
synth_11483,113
synth_11467,113
synth_11437,113
synth_11456,113
synth_11508,113
synth_11512,113
synth_11475,113
synth_11477,113
synth_11509,113
synth_11495,113
synth_11482,113
synth_11469,113
synth_11511,113
synth_11441,113
synth_11510,113
synth_11453,113
synth_11505,113
synth_11496,113
synth_11499,113
synth_11449,113
synth_11494,113
synth_11434,113
synth_11433,113
synth_11439,113
synth_11465,113
synth_11472,113
synth_11486,113
synth_11492,113
synth_11497,113
synth_11504,113
synth_11480,113
synth_11485,113
synth_11466,113
synth_11462,113
synth_11488,113
synth_11436,113
synth_11438,113
synth_11451,113
synth_11443,113
synth_11471,113
synth_11479,113
synth_11514,113
synth_11447,113
synth_11448,113
synth_11450,113
synth_11502,113
synth_11459,113
synth_11491,113
synth_11461,113
synth_11490,113
synth_11435,113
synth_11442,113
synth_11464,113
synth_11481,113
synth_11463,113
synth_11444,113
synth_11454,113
synth_11493,113
synth_11478,113
synth_11460,113
synth_11498,113
synth_11440,113
synth_11506,113
synth_11489,113
synth_11503,113
synth_11515,113
synth_11501,113
synth_11446,113
synth_11474,113
synth_11596,112
synth_11552,112
synth_11600,112
synth_11562,112
synth_11573,112
synth_11524,112
synth_11579,112
synth_11561,112
synth_11593,112
synth_11598,112
synth_11567,112
synth_11527,112
synth_11557,112
synth_11582,112
synth_11571,112
synth_11547,112
synth_11575,112
synth_11592,112
synth_11521,112
synth_11551,112
synth_11532,112
synth_11529,112
synth_11525,112
synth_11584,112
synth_11597,112
synth_11539,112
synth_11530,112
synth_11540,112
synth_11519,112
synth_11517,112
synth_11548,112
synth_11602,112
synth_11523,112
synth_11536,112
synth_11538,112
synth_11585,112
synth_11588,112
synth_11549,112
synth_11578,112
synth_11595,112
synth_11520,112
synth_11586,112
synth_11518,112
synth_11559,112
synth_11576,112
synth_11550,112
synth_11546,112
synth_11580,112
synth_11590,112
synth_11553,112
synth_11535,112
synth_11537,112
synth_11555,112
synth_11568,112
synth_11565,112
synth_11563,112
synth_11554,112
synth_11581,112
synth_11528,112
synth_11564,112
synth_11560,112
synth_11589,112
synth_11522,112
synth_11545,112
synth_11569,112
synth_11566,112
synth_11599,112
synth_11544,112
synth_11542,112
synth_11541,112
synth_11583,112
synth_11534,112
synth_11577,112
synth_11591,112
synth_11594,112
synth_11556,112
synth_11533,112
synth_11572,112
synth_11558,112
synth_11543,112
synth_11587,112
synth_11531,112
synth_11526,112
synth_11570,112
synth_11601,112
synth_11574,112
synth_11625,111
synth_11659,111
synth_11629,111
synth_11614,111
synth_11622,111
synth_11655,111
synth_11606,111
synth_11618,111
synth_11662,111
synth_11611,111
synth_11654,111
synth_11635,111
synth_11678,111
synth_11632,111
synth_11637,111
synth_11686,111
synth_11605,111
synth_11689,111
synth_11646,111
synth_11609,111
synth_11619,111
synth_11675,111
synth_11663,111
synth_11621,111
synth_11649,111
synth_11642,111
synth_11615,111
synth_11687,111
synth_11616,111
synth_11630,111
synth_11617,111
synth_11645,111
synth_11634,111
synth_11667,111
synth_11603,111
synth_11650,111
synth_11664,111
synth_11673,111
synth_11607,111
synth_11684,111
synth_11670,111
synth_11674,111
synth_11613,111
synth_11661,111
synth_11666,111
synth_11623,111
synth_11636,111
synth_11672,111
synth_11633,111
synth_11644,111
synth_11627,111
synth_11677,111
synth_11665,111
synth_11624,111
synth_11648,111
synth_11640,111
synth_11676,111
synth_11680,111
synth_11628,111
synth_11620,111
synth_11641,111
synth_11668,111
synth_11610,111
synth_11656,111
synth_11657,111
synth_11639,111
synth_11631,111
synth_11612,111
synth_11653,111
synth_11626,111
synth_11658,111
synth_11688,111
synth_11638,111
synth_11681,111
synth_11690,111
synth_11660,111
synth_11682,111
synth_11683,111
synth_11652,111
synth_11669,111
synth_11651,111
synth_11679,111
synth_11647,111
synth_11604,111
synth_11685,111
synth_11671,111
synth_11643,111
synth_11608,111
synth_11723,110
synth_11693,110
synth_11720,110
synth_11700,110
synth_11764,110
synth_11773,110
synth_11715,110
synth_11737,110
synth_11774,110
synth_11717,110
synth_11726,110
synth_11765,110
synth_11776,110
synth_11768,110
synth_11711,110
synth_11725,110
synth_11742,110
synth_11762,110
synth_11763,110
synth_11744,110
synth_11777,110
synth_11749,110
synth_11770,110
synth_11775,110
synth_11695,110
synth_11716,110
synth_11750,110
synth_11735,110
synth_11771,110
synth_11698,110
synth_11701,110
synth_11704,110
synth_11694,110
synth_11696,110
synth_11714,110
synth_11748,110
synth_11736,110
synth_11745,110
synth_11760,110
synth_11752,110
synth_11751,110
synth_11743,110
synth_11709,110
synth_11727,110
synth_11738,110
synth_11731,110
synth_11759,110
synth_11712,110
synth_11761,110
synth_11713,110
synth_11740,110
synth_11705,110
synth_11755,110
synth_11703,110
synth_11772,110
synth_11747,110
synth_11710,110
synth_11702,110
synth_11707,110
synth_11728,110
synth_11754,110
synth_11778,110
synth_11753,110
synth_11722,110
synth_11732,110
synth_11729,110
synth_11746,110
synth_11721,110
synth_11756,110
synth_11706,110
synth_11692,110
synth_11779,110
synth_11757,110
synth_11699,110
synth_11758,110
synth_11719,110
synth_11718,110
synth_11741,110
synth_11697,110
synth_11733,110
synth_11730,110
synth_11767,110
synth_11766,110
synth_11691,110
synth_11739,110
synth_11708,110
synth_11724,110
synth_11734,110
synth_11769,110
synth_11811,109
synth_11830,109
synth_11861,109
synth_11862,109
synth_11826,109
synth_11856,109
synth_11809,109
synth_11823,109
synth_11808,109
synth_11818,109
synth_11785,109
synth_11827,109
synth_11802,109
synth_11834,109
synth_11858,109
synth_11852,109
synth_11863,109
synth_11867,109
synth_11841,109
synth_11853,109
synth_11795,109
synth_11860,109
synth_11850,109
synth_11840,109
synth_11851,109
synth_11865,109
synth_11790,109
synth_11789,109
synth_11793,109
synth_11828,109
synth_11833,109
synth_11845,109
synth_11847,109
synth_11787,109
synth_11792,109
synth_11788,109
synth_11822,109
synth_11843,109
synth_11854,109
synth_11794,109
synth_11796,109
synth_11869,109
synth_11803,109
synth_11839,109
synth_11849,109
synth_11864,109
synth_11813,109
synth_11806,109
synth_11804,109
synth_11820,109
synth_11836,109
synth_11824,109
synth_11846,109
synth_11819,109
synth_11810,109
synth_11831,109
synth_11848,109
synth_11866,109
synth_11800,109
synth_11868,109
synth_11801,109
synth_11855,109
synth_11812,109
synth_11799,109
synth_11782,109
synth_11815,109
synth_11816,109
synth_11844,109
synth_11838,109
synth_11791,109
synth_11814,109
synth_11786,109
synth_11797,109
synth_11805,109
synth_11829,109
synth_11821,109
synth_11807,109
synth_11825,109
synth_11835,109
synth_11783,109
synth_11780,109
synth_11859,109
synth_11857,109
synth_11798,109
synth_11817,109
synth_11842,109
synth_11781,109
synth_11784,109
synth_11832,109
synth_11837,109
synth_11874,108
synth_11929,108
synth_11959,108
synth_11930,108
synth_11956,108
synth_11911,108
synth_11912,108
synth_11949,108
synth_11943,108
synth_11905,108
synth_11931,108
synth_11939,108
synth_11900,108
synth_11884,108
synth_11946,108
synth_11888,108
synth_11882,108
synth_11878,108
synth_11890,108
synth_11873,108
synth_11916,108
synth_11881,108
synth_11908,108
synth_11936,108
synth_11941,108
synth_11876,108
synth_11952,108
synth_11887,108
synth_11921,108
synth_11922,108
synth_11907,108
synth_11925,108
synth_11928,108
synth_11885,108
synth_11960,108
synth_11948,108
synth_11937,108
synth_11945,108
synth_11917,108
synth_11870,108
synth_11910,108
synth_11897,108
synth_11903,108
synth_11915,108
synth_11934,108
synth_11938,108
synth_11891,108
synth_11954,108
synth_11904,108
synth_11906,108
synth_11893,108
synth_11957,108
synth_11933,108
synth_11919,108
synth_11951,108
synth_11901,108
synth_11940,108
synth_11898,108
synth_11958,108
synth_11889,108
synth_11895,108
synth_11923,108
synth_11944,108
synth_11920,108
synth_11909,108
synth_11872,108
synth_11883,108
synth_11924,108
synth_11879,108
synth_11871,108
synth_11896,108
synth_11880,108
synth_11886,108
synth_11892,108
synth_11899,108
synth_11935,108
synth_11942,108
synth_11932,108
synth_11902,108
synth_11914,108
synth_11955,108
synth_11926,108
synth_11918,108
synth_11913,108
synth_11947,108
synth_11877,108
synth_11961,108
synth_11894,108
synth_11927,108
synth_11875,108
synth_11950,108
synth_11953,108
synth_12012,107
synth_12019,107
synth_12005,107
synth_12039,107
synth_12041,107
synth_12008,107
synth_11984,107
synth_11991,107
synth_12022,107
synth_11972,107
synth_11998,107
synth_12045,107
synth_11986,107
synth_11963,107
synth_11985,107
synth_12001,107
synth_12043,107
synth_12053,107
synth_11962,107
synth_11967,107
synth_12030,107
synth_11989,107
synth_12014,107
synth_12015,107
synth_11974,107
synth_11979,107
synth_12032,107
synth_12021,107
synth_12026,107
synth_11969,107
synth_12006,107
synth_11977,107
synth_11964,107
synth_12007,107
synth_12049,107
synth_12004,107
synth_11968,107
synth_12035,107
synth_11990,107
synth_11987,107
synth_12040,107
synth_11997,107
synth_12048,107
synth_11971,107
synth_12018,107
synth_11970,107
synth_12033,107
synth_12047,107
synth_12002,107
synth_12038,107
synth_11982,107
synth_12023,107
synth_12029,107
synth_12042,107
synth_11978,107
synth_12013,107
synth_12044,107
synth_12054,107
synth_11966,107
synth_11994,107
synth_12051,107
synth_12000,107
synth_12050,107
synth_11976,107
synth_11988,107
synth_12003,107
synth_11981,107
synth_12046,107
synth_11999,107
synth_12016,107
synth_12025,107
synth_11995,107
synth_12031,107
synth_12034,107
synth_12024,107
synth_11973,107
synth_11983,107
synth_12027,107
synth_12052,107
synth_11980,107
synth_12010,107
synth_11992,107
synth_12036,107
synth_12020,107
synth_12037,107
synth_11996,107
synth_12011,107
synth_11993,107
synth_12017,107
synth_11975,107
synth_11965,107
synth_12009,107
synth_12028,107
synth_12120,106
synth_12079,106
synth_12136,106
synth_12137,106
synth_12125,106
synth_12098,106
synth_12127,106
synth_12139,106
synth_12082,106
synth_12065,106
synth_12078,106
synth_12110,106
synth_12111,106
synth_12133,106
synth_12068,106
synth_12090,106
synth_12129,106
synth_12106,106
synth_12117,106
synth_12087,106
synth_12116,106
synth_12122,106
synth_12075,106
synth_12108,106
synth_12081,106
synth_12143,106
synth_12100,106
synth_12150,106
synth_12062,106
synth_12145,106
synth_12126,106
synth_12092,106
synth_12107,106
synth_12123,106
synth_12059,106
synth_12142,106
synth_12076,106
synth_12073,106
synth_12063,106
synth_12077,106
synth_12146,106
synth_12124,106
synth_12067,106
synth_12134,106
synth_12085,106
synth_12084,106
synth_12128,106
synth_12093,106
synth_12097,106
synth_12121,106
synth_12103,106
synth_12071,106
synth_12132,106
synth_12144,106
synth_12140,106
synth_12113,106
synth_12141,106
synth_12057,106
synth_12114,106
synth_12115,106
synth_12091,106
synth_12148,106
synth_12066,106
synth_12080,106
synth_12095,106
synth_12088,106
synth_12118,106
synth_12072,106
synth_12130,106
synth_12083,106
synth_12099,106
synth_12147,106
synth_12094,106
synth_12112,106
synth_12138,106
synth_12089,106
synth_12104,106
synth_12061,106
synth_12058,106
synth_12064,106
synth_12060,106
synth_12101,106
synth_12131,106
synth_12105,106
synth_12135,106
synth_12119,106
synth_12074,106
synth_12056,106
synth_12086,106
synth_12070,106
synth_12055,106
synth_12109,106
synth_12149,106
synth_12069,106
synth_12096,106
synth_12102,106
synth_12234,105
synth_12187,105
synth_12206,105
synth_12243,105
synth_12197,105
synth_12225,105
synth_12191,105
synth_12229,105
synth_12174,105
synth_12207,105
synth_12219,105
synth_12179,105
synth_12189,105
synth_12218,105
synth_12161,105
synth_12216,105
synth_12222,105
synth_12193,105
synth_12241,105
synth_12230,105
synth_12170,105
synth_12190,105
synth_12200,105
synth_12223,105
synth_12231,105
synth_12185,105
synth_12181,105
synth_12192,105
synth_12240,105
synth_12164,105
synth_12157,105
synth_12217,105
synth_12208,105
synth_12202,105
synth_12183,105
synth_12162,105
synth_12172,105
synth_12173,105
synth_12246,105
synth_12180,105
synth_12205,105
synth_12175,105
synth_12201,105
synth_12188,105
synth_12213,105
synth_12215,105
synth_12235,105
synth_12237,105
synth_12163,105
synth_12171,105
synth_12244,105
synth_12186,105
synth_12154,105
synth_12198,105
synth_12153,105
synth_12203,105
synth_12169,105
synth_12168,105
synth_12209,105
synth_12156,105
synth_12184,105
synth_12236,105
synth_12167,105
synth_12176,105
synth_12220,105
synth_12221,105
synth_12210,105
synth_12212,105
synth_12232,105
synth_12158,105
synth_12159,105
synth_12204,105
synth_12165,105
synth_12238,105
synth_12195,105
synth_12182,105
synth_12178,105
synth_12211,105
synth_12194,105
synth_12226,105
synth_12242,105
synth_12196,105
synth_12227,105
synth_12160,105
synth_12228,105
synth_12224,105
synth_12245,105
synth_12233,105
synth_12151,105
synth_12177,105
synth_12152,105
synth_12155,105
synth_12199,105
synth_12214,105
synth_12239,105
synth_12166,105
synth_12335,104
synth_12341,104
synth_12313,104
synth_12268,104
synth_12258,104
synth_12307,104
synth_12252,104
synth_12327,104
synth_12309,104
synth_12295,104
synth_12279,104
synth_12321,104
synth_12320,104
synth_12342,104
synth_12273,104
synth_12308,104
synth_12333,104
synth_12255,104
synth_12322,104
synth_12259,104
synth_12287,104
synth_12344,104
synth_12266,104
synth_12334,104
synth_12260,104
synth_12267,104
synth_12297,104
synth_12301,104
synth_12329,104
synth_12314,104
synth_12328,104
synth_12305,104
synth_12292,104
synth_12312,104
synth_12290,104
synth_12249,104
synth_12282,104
synth_12248,104
synth_12265,104
synth_12286,104
synth_12299,104
synth_12318,104
synth_12324,104
synth_12340,104
synth_12272,104
synth_12336,104
synth_12304,104
synth_12269,104
synth_12326,104
synth_12300,104
synth_12277,104
synth_12254,104
synth_12288,104
synth_12284,104
synth_12283,104
synth_12294,104
synth_12256,104
synth_12251,104
synth_12261,104
synth_12271,104
synth_12250,104
synth_12303,104
synth_12316,104
synth_12281,104
synth_12293,104
synth_12325,104
synth_12253,104
synth_12302,104
synth_12315,104
synth_12337,104
synth_12278,104
synth_12306,104
synth_12330,104
synth_12247,104
synth_12289,104
synth_12311,104
synth_12323,104
synth_12343,104
synth_12262,104
synth_12263,104
synth_12298,104
synth_12331,104
synth_12275,104
synth_12310,104
synth_12319,104
synth_12339,104
synth_12280,104
synth_12332,104
synth_12291,104
synth_12345,104
synth_12274,104
synth_12264,104
synth_12285,104
synth_12296,104
synth_12270,104
synth_12257,104
synth_12338,104
synth_12317,104
synth_12276,104
synth_12409,103
synth_12367,103
synth_12402,103
synth_12431,103
synth_12405,103
synth_12355,103
synth_12391,103
synth_12400,103
synth_12374,103
synth_12425,103
synth_12349,103
synth_12365,103
synth_12363,103
synth_12399,103
synth_12420,103
synth_12436,103
synth_12394,103
synth_12428,103
synth_12352,103
synth_12408,103
synth_12439,103
synth_12416,103
synth_12438,103
synth_12372,103
synth_12411,103
synth_12434,103
synth_12413,103
synth_12427,103
synth_12445,103
synth_12422,103
synth_12417,103
synth_12377,103
synth_12406,103
synth_12369,103
synth_12388,103
synth_12385,103
synth_12373,103
synth_12350,103
synth_12386,103
synth_12407,103
synth_12368,103
synth_12354,103
synth_12410,103
synth_12404,103
synth_12395,103
synth_12435,103
synth_12382,103
synth_12346,103
synth_12379,103
synth_12361,103
synth_12441,103
synth_12437,103
synth_12378,103
synth_12397,103
synth_12419,103
synth_12371,103
synth_12366,103
synth_12387,103
synth_12403,103
synth_12423,103
synth_12383,103
synth_12396,103
synth_12424,103
synth_12351,103
synth_12359,103
synth_12384,103
synth_12360,103
synth_12440,103
synth_12412,103
synth_12444,103
synth_12429,103
synth_12389,103
synth_12364,103
synth_12414,103
synth_12401,103
synth_12442,103
synth_12370,103
synth_12421,103
synth_12433,103
synth_12380,103
synth_12390,103
synth_12393,103
synth_12398,103
synth_12432,103
synth_12353,103
synth_12357,103
synth_12381,103
synth_12443,103
synth_12347,103
synth_12392,103
synth_12415,103
synth_12430,103
synth_12375,103
synth_12356,103
synth_12376,103
synth_12418,103
synth_12348,103
synth_12362,103
synth_12426,103
synth_12358,103
synth_12546,102
synth_12537,102
synth_12486,102
synth_12520,102
synth_12547,102
synth_12511,102
synth_12515,102
synth_12544,102
synth_12514,102
synth_12517,102
synth_12474,102
synth_12493,102
synth_12536,102
synth_12459,102
synth_12466,102
synth_12492,102
synth_12494,102
synth_12541,102
synth_12478,102
synth_12510,102
synth_12448,102
synth_12458,102
synth_12488,102
synth_12539,102
synth_12538,102
synth_12480,102
synth_12518,102
synth_12453,102
synth_12496,102
synth_12526,102
synth_12533,102
synth_12457,102
synth_12487,102
synth_12535,102
synth_12484,102
synth_12461,102
synth_12475,102
synth_12534,102
synth_12489,102
synth_12509,102
synth_12481,102
synth_12498,102
synth_12501,102
synth_12542,102
synth_12447,102
synth_12500,102
synth_12467,102
synth_12476,102
synth_12497,102
synth_12455,102
synth_12523,102
synth_12477,102
synth_12468,102
synth_12473,102
synth_12503,102
synth_12506,102
synth_12528,102
synth_12446,102
synth_12454,102
synth_12499,102
synth_12531,102
synth_12462,102
synth_12513,102
synth_12483,102
synth_12470,102
synth_12464,102
synth_12519,102
synth_12532,102
synth_12529,102
synth_12516,102
synth_12482,102
synth_12465,102
synth_12479,102
synth_12451,102
synth_12530,102
synth_12472,102
synth_12545,102
synth_12522,102
synth_12521,102
synth_12450,102
synth_12527,102
synth_12471,102
synth_12504,102
synth_12524,102
synth_12469,102
synth_12452,102
synth_12463,102
synth_12507,102
synth_12495,102
synth_12505,102
synth_12460,102
synth_12512,102
synth_12502,102
synth_12456,102
synth_12540,102
synth_12508,102
synth_12490,102
synth_12491,102
synth_12449,102
synth_12485,102
synth_12525,102
synth_12543,102
synth_12590,101
synth_12605,101
synth_12554,101
synth_12627,101
synth_12583,101
synth_12621,101
synth_12647,101
synth_12623,101
synth_12551,101
synth_12648,101
synth_12548,101
synth_12629,101
synth_12592,101
synth_12566,101
synth_12585,101
synth_12645,101
synth_12596,101
synth_12553,101
synth_12562,101
synth_12604,101
synth_12570,101
synth_12601,101
synth_12565,101
synth_12579,101
synth_12614,101
synth_12600,101
synth_12598,101
synth_12558,101
synth_12560,101
synth_12568,101
synth_12624,101
synth_12595,101
synth_12640,101
synth_12567,101
synth_12569,101
synth_12552,101
synth_12610,101
synth_12619,101
synth_12564,101
synth_12636,101
synth_12576,101
synth_12586,101
synth_12603,101
synth_12609,101
synth_12577,101
synth_12580,101
synth_12649,101
synth_12612,101
synth_12630,101
synth_12584,101
synth_12594,101
synth_12617,101
synth_12620,101
synth_12549,101
synth_12572,101
synth_12634,101
synth_12632,101
synth_12555,101
synth_12650,101
synth_12591,101
synth_12608,101
synth_12635,101
synth_12602,101
synth_12615,101
synth_12641,101
synth_12588,101
synth_12599,101
synth_12589,101
synth_12651,101
synth_12639,101
synth_12557,101
synth_12643,101
synth_12646,101
synth_12626,101
synth_12597,101
synth_12607,101
synth_12638,101
synth_12559,101
synth_12573,101
synth_12563,101
synth_12637,101
synth_12581,101
synth_12550,101
synth_12622,101
synth_12556,101
synth_12642,101
synth_12616,101
synth_12613,101
synth_12593,101
synth_12633,101
synth_12611,101
synth_12587,101
synth_12575,101
synth_12628,101
synth_12631,101
synth_12571,101
synth_12582,101
synth_12625,101
synth_12644,101
synth_12578,101
synth_12574,101
synth_12618,101
synth_12561,101
synth_12606,101
synth_12729,100
synth_12749,100
synth_12690,100
synth_12674,100
synth_12730,100
synth_12748,100
synth_12710,100
synth_12664,100
synth_12652,100
synth_12655,100
synth_12711,100
synth_12738,100
synth_12757,100
synth_12755,100
synth_12676,100
synth_12658,100
synth_12681,100
synth_12751,100
synth_12702,100
synth_12706,100
synth_12734,100
synth_12726,100
synth_12657,100
synth_12656,100
synth_12688,100
synth_12697,100
synth_12689,100
synth_12653,100
synth_12718,100
synth_12699,100
synth_12705,100
synth_12695,100
synth_12723,100
synth_12694,100
synth_12744,100
synth_12712,100
synth_12707,100
synth_12660,100
synth_12719,100
synth_12724,100
synth_12685,100
synth_12675,100
synth_12691,100
synth_12721,100
synth_12668,100
synth_12747,100
synth_12745,100
synth_12737,100
synth_12677,100
synth_12680,100
synth_12671,100
synth_12672,100
synth_12665,100
synth_12698,100
synth_12714,100
synth_12684,100
synth_12669,100
synth_12673,100
synth_12743,100
synth_12693,100
synth_12682,100
synth_12752,100
synth_12700,100
synth_12683,100
synth_12736,100
synth_12756,100
synth_12704,100
synth_12678,100
synth_12740,100
synth_12661,100
synth_12750,100
synth_12659,100
synth_12709,100
synth_12733,100
synth_12731,100
synth_12708,100
synth_12686,100
synth_12746,100
synth_12735,100
synth_12667,100
synth_12654,100
synth_12720,100
synth_12722,100
synth_12742,100
synth_12670,100
synth_12663,100
synth_12715,100
synth_12739,100
synth_12703,100
synth_12753,100
synth_12687,100
synth_12741,100
synth_12692,100
synth_12701,100
synth_12732,100
synth_12713,100
synth_12679,100
synth_12728,100
synth_12717,100
synth_12662,100
synth_12727,100
synth_12725,100
synth_12696,100
synth_12716,100
synth_12754,100
synth_12666,100
synth_12832,99
synth_12840,99
synth_12854,99
synth_12818,99
synth_12820,99
synth_12828,99
synth_12779,99
synth_12772,99
synth_12794,99
synth_12863,99
synth_12793,99
synth_12771,99
synth_12846,99
synth_12774,99
synth_12804,99
synth_12792,99
synth_12837,99
synth_12778,99
synth_12767,99
synth_12864,99
synth_12860,99
synth_12833,99
synth_12824,99
synth_12784,99
synth_12795,99
synth_12844,99
synth_12825,99
synth_12845,99
synth_12834,99
synth_12842,99
synth_12762,99
synth_12849,99
synth_12822,99
synth_12780,99
synth_12817,99
synth_12859,99
synth_12810,99
synth_12829,99
synth_12819,99
synth_12765,99
synth_12798,99
synth_12836,99
synth_12786,99
synth_12839,99
synth_12827,99
synth_12811,99
synth_12773,99
synth_12768,99
synth_12803,99
synth_12766,99
synth_12787,99
synth_12775,99
synth_12848,99
synth_12781,99
synth_12857,99
synth_12777,99
synth_12799,99
synth_12823,99
synth_12843,99
synth_12850,99
synth_12853,99
synth_12759,99
synth_12796,99
synth_12800,99
synth_12769,99
synth_12838,99
synth_12865,99
synth_12770,99
synth_12856,99
synth_12807,99
synth_12808,99
synth_12791,99
synth_12758,99
synth_12809,99
synth_12821,99
synth_12760,99
synth_12785,99
synth_12813,99
synth_12788,99
synth_12830,99
synth_12861,99
synth_12835,99
synth_12847,99
synth_12776,99
synth_12782,99
synth_12816,99
synth_12812,99
synth_12806,99
synth_12814,99
synth_12783,99
synth_12761,99
synth_12851,99
synth_12862,99
synth_12790,99
synth_12858,99
synth_12855,99
synth_12789,99
synth_12805,99
synth_12831,99
synth_12841,99
synth_12764,99
synth_12797,99
synth_12763,99
synth_12826,99
synth_12852,99
synth_12815,99
synth_12801,99
synth_12802,99
synth_12911,98
synth_12961,98
synth_12960,98
synth_12954,98
synth_12934,98
synth_12885,98
synth_12914,98
synth_12948,98
synth_12924,98
synth_12929,98
synth_12896,98
synth_12964,98
synth_12915,98
synth_12919,98
synth_12955,98
synth_12878,98
synth_12901,98
synth_12922,98
synth_12892,98
synth_12893,98
synth_12912,98
synth_12936,98
synth_12902,98
synth_12958,98
synth_12932,98
synth_12916,98
synth_12899,98
synth_12872,98
synth_12894,98
synth_12882,98
synth_12950,98
synth_12890,98
synth_12927,98
synth_12945,98
synth_12867,98
synth_12953,98
synth_12939,98
synth_12873,98
synth_12952,98
synth_12937,98
synth_12942,98
synth_12875,98
synth_12904,98
synth_12930,98
synth_12881,98
synth_12967,98
synth_12970,98
synth_12874,98
synth_12884,98
synth_12951,98
synth_12868,98
synth_12869,98
synth_12870,98
synth_12963,98
synth_12946,98
synth_12880,98
synth_12968,98
synth_12969,98
synth_12895,98
synth_12866,98
synth_12972,98
synth_12910,98
synth_12965,98
synth_12886,98
synth_12887,98
synth_12944,98
synth_12928,98
synth_12889,98
synth_12973,98
synth_12974,98
synth_12897,98
synth_12918,98
synth_12917,98
synth_12957,98
synth_12962,98
synth_12906,98
synth_12931,98
synth_12876,98
synth_12956,98
synth_12913,98
synth_12971,98
synth_12921,98
synth_12940,98
synth_12898,98
synth_12925,98
synth_12883,98
synth_12926,98
synth_12909,98
synth_12871,98
synth_12903,98
synth_12947,98
synth_12966,98
synth_12938,98
synth_12941,98
synth_12959,98
synth_12879,98
synth_12935,98
synth_12908,98
synth_12905,98
synth_12933,98
synth_12975,98
synth_12891,98
synth_12877,98
synth_12943,98
synth_12920,98
synth_12907,98
synth_12949,98
synth_12923,98
synth_12888,98
synth_12900,98
synth_12995,97
synth_13049,97
synth_13014,97
synth_13017,97
synth_12987,97
synth_13068,97
synth_13087,97
synth_13042,97
synth_13039,97
synth_12994,97
synth_12991,97
synth_12997,97
synth_13009,97
synth_13071,97
synth_12990,97
synth_12999,97
synth_13052,97
synth_12981,97
synth_13053,97
synth_13050,97
synth_13045,97
synth_13002,97
synth_13040,97
synth_13073,97
synth_13044,97
synth_13081,97
synth_13077,97
synth_12985,97
synth_13022,97
synth_13058,97
synth_13029,97
synth_12986,97
synth_13024,97
synth_13005,97
synth_13054,97
synth_13056,97
synth_13016,97
synth_13067,97
synth_13041,97
synth_13062,97
synth_13084,97
synth_13028,97
synth_13027,97
synth_13026,97
synth_13033,97
synth_13059,97
synth_12978,97
synth_13086,97
synth_13020,97
synth_13063,97
synth_13031,97
synth_12998,97
synth_12984,97
synth_13004,97
synth_12996,97
synth_13001,97
synth_13035,97
synth_13082,97
synth_12989,97
synth_13010,97
synth_13085,97
synth_12988,97
synth_13075,97
synth_13008,97
synth_13003,97
synth_13064,97
synth_12993,97
synth_13012,97
synth_13078,97
synth_13069,97
synth_13080,97
synth_13061,97
synth_13006,97
synth_13018,97
synth_13065,97
synth_13079,97
synth_13047,97
synth_13043,97
synth_13083,97
synth_13048,97
synth_13036,97
synth_13007,97
synth_13038,97
synth_13055,97
synth_13076,97
synth_13021,97
synth_13066,97
synth_12979,97
synth_13072,97
synth_13015,97
synth_13060,97
synth_13037,97
synth_13032,97
synth_13034,97
synth_13000,97
synth_12983,97
synth_12982,97
synth_13023,97
synth_13046,97
synth_13051,97
synth_13074,97
synth_12980,97
synth_12977,97
synth_13011,97
synth_13070,97
synth_13025,97
synth_13030,97
synth_13013,97
synth_13019,97
synth_13057,97
synth_12992,97
synth_12976,97
synth_13163,96
synth_13103,96
synth_13150,96
synth_13102,96
synth_13094,96
synth_13108,96
synth_13189,96
synth_13106,96
synth_13183,96
synth_13128,96
synth_13199,96
synth_13097,96
synth_13178,96
synth_13180,96
synth_13143,96
synth_13184,96
synth_13145,96
synth_13114,96
synth_13160,96
synth_13166,96
synth_13201,96
synth_13132,96
synth_13149,96
synth_13147,96
synth_13177,96
synth_13186,96
synth_13113,96
synth_13131,96
synth_13091,96
synth_13099,96
synth_13127,96
synth_13093,96
synth_13152,96
synth_13175,96
synth_13123,96
synth_13193,96
synth_13197,96
synth_13124,96
synth_13126,96
synth_13134,96
synth_13129,96
synth_13165,96
synth_13191,96
synth_13101,96
synth_13111,96
synth_13116,96
synth_13138,96
synth_13170,96
synth_13133,96
synth_13140,96
synth_13188,96
synth_13169,96
synth_13190,96
synth_13196,96
synth_13090,96
synth_13146,96
synth_13095,96
synth_13157,96
synth_13104,96
synth_13117,96
synth_13176,96
synth_13156,96
synth_13161,96
synth_13100,96
synth_13105,96
synth_13164,96
synth_13118,96
synth_13122,96
synth_13144,96
synth_13185,96
synth_13187,96
synth_13194,96
synth_13137,96
synth_13179,96
synth_13130,96
synth_13107,96
synth_13135,96
synth_13115,96
synth_13200,96
synth_13198,96
synth_13089,96
synth_13096,96
synth_13125,96
synth_13109,96
synth_13173,96
synth_13195,96
synth_13159,96
synth_13110,96
synth_13088,96
synth_13151,96
synth_13192,96
synth_13092,96
synth_13121,96
synth_13158,96
synth_13141,96
synth_13142,96
synth_13172,96
synth_13162,96
synth_13182,96
synth_13155,96
synth_13181,96
synth_13167,96
synth_13136,96
synth_13148,96
synth_13153,96
synth_13174,96
synth_13112,96
synth_13171,96
synth_13168,96
synth_13098,96
synth_13154,96
synth_13139,96
synth_13119,96
synth_13120,96
synth_13218,95
synth_13296,95
synth_13282,95
synth_13301,95
synth_13210,95
synth_13250,95
synth_13263,95
synth_13313,95
synth_13317,95
synth_13228,95
synth_13289,95
synth_13241,95
synth_13265,95
synth_13273,95
synth_13283,95
synth_13264,95
synth_13312,95
synth_13277,95
synth_13214,95
synth_13216,95
synth_13270,95
synth_13298,95
synth_13281,95
synth_13274,95
synth_13206,95
synth_13304,95
synth_13294,95
synth_13290,95
synth_13205,95
synth_13209,95
synth_13261,95
synth_13220,95
synth_13316,95
synth_13252,95
synth_13308,95
synth_13256,95
synth_13240,95
synth_13244,95
synth_13309,95
synth_13253,95
synth_13260,95
synth_13226,95
synth_13248,95
synth_13235,95
synth_13300,95
synth_13208,95
synth_13243,95
synth_13291,95
synth_13306,95
synth_13203,95
synth_13215,95
synth_13227,95
synth_13311,95
synth_13247,95
synth_13272,95
synth_13307,95
synth_13288,95
synth_13234,95
synth_13222,95
synth_13231,95
synth_13230,95
synth_13266,95
synth_13297,95
synth_13299,95
synth_13257,95
synth_13269,95
synth_13246,95
synth_13249,95
synth_13219,95
synth_13271,95
synth_13224,95
synth_13225,95
synth_13258,95
synth_13221,95
synth_13238,95
synth_13287,95
synth_13310,95
synth_13315,95
synth_13207,95
synth_13229,95
synth_13295,95
synth_13251,95
synth_13302,95
synth_13233,95
synth_13255,95
synth_13276,95
synth_13305,95
synth_13303,95
synth_13280,95
synth_13212,95
synth_13223,95
synth_13232,95
synth_13237,95
synth_13284,95
synth_13293,95
synth_13254,95
synth_13268,95
synth_13292,95
synth_13286,95
synth_13213,95
synth_13242,95
synth_13202,95
synth_13285,95
synth_13275,95
synth_13278,95
synth_13239,95
synth_13204,95
synth_13262,95
synth_13211,95
synth_13245,95
synth_13267,95
synth_13236,95
synth_13279,95
synth_13217,95
synth_13259,95
synth_13314,95
synth_13381,94
synth_13343,94
synth_13339,94
synth_13323,94
synth_13416,94
synth_13336,94
synth_13373,94
synth_13378,94
synth_13363,94
synth_13421,94
synth_13340,94
synth_13405,94
synth_13411,94
synth_13400,94
synth_13367,94
synth_13403,94
synth_13365,94
synth_13419,94
synth_13432,94
synth_13332,94
synth_13355,94
synth_13422,94
synth_13350,94
synth_13429,94
synth_13391,94
synth_13333,94
synth_13404,94
synth_13379,94
synth_13344,94
synth_13357,94
synth_13337,94
synth_13370,94
synth_13412,94
synth_13408,94
synth_13359,94
synth_13318,94
synth_13352,94
synth_13335,94
synth_13341,94
synth_13377,94
synth_13389,94
synth_13394,94
synth_13351,94
synth_13369,94
synth_13356,94
synth_13383,94
synth_13388,94
synth_13348,94
synth_13409,94
synth_13364,94
synth_13338,94
synth_13407,94
synth_13417,94
synth_13321,94
synth_13428,94
synth_13420,94
synth_13402,94
synth_13414,94
synth_13424,94
synth_13425,94
synth_13360,94
synth_13426,94
synth_13345,94
synth_13434,94
synth_13433,94
synth_13435,94
synth_13362,94
synth_13326,94
synth_13342,94
synth_13390,94
synth_13398,94
synth_13361,94
synth_13331,94
synth_13387,94
synth_13413,94
synth_13374,94
synth_13395,94
synth_13368,94
synth_13375,94
synth_13406,94
synth_13347,94
synth_13324,94
synth_13371,94
synth_13384,94
synth_13397,94
synth_13319,94
synth_13386,94
synth_13431,94
synth_13320,94
synth_13372,94
synth_13399,94
synth_13358,94
synth_13328,94
synth_13436,94
synth_13410,94
synth_13418,94
synth_13325,94
synth_13346,94
synth_13401,94
synth_13349,94
synth_13330,94
synth_13423,94
synth_13380,94
synth_13322,94
synth_13376,94
synth_13382,94
synth_13393,94
synth_13353,94
synth_13415,94
synth_13354,94
synth_13334,94
synth_13396,94
synth_13329,94
synth_13392,94
synth_13327,94
synth_13385,94
synth_13427,94
synth_13366,94
synth_13430,94
synth_13535,93
synth_13530,93
synth_13465,93
synth_13444,93
synth_13477,93
synth_13502,93
synth_13539,93
synth_13454,93
synth_13490,93
synth_13450,93
synth_13557,93
synth_13452,93
synth_13478,93
synth_13514,93
synth_13451,93
synth_13543,93
synth_13468,93
synth_13515,93
synth_13470,93
synth_13461,93
synth_13482,93
synth_13553,93
synth_13484,93
synth_13531,93
synth_13489,93
synth_13540,93
synth_13555,93
synth_13437,93
synth_13556,93
synth_13440,93
synth_13487,93
synth_13480,93
synth_13511,93
synth_13498,93
synth_13529,93
synth_13547,93
synth_13494,93
synth_13497,93
synth_13532,93
synth_13520,93
synth_13458,93
synth_13438,93
synth_13509,93
synth_13538,93
synth_13475,93
synth_13485,93
synth_13505,93
synth_13516,93
synth_13483,93
synth_13548,93
synth_13455,93
synth_13466,93
synth_13462,93
synth_13542,93
synth_13443,93
synth_13491,93
synth_13439,93
synth_13518,93
synth_13526,93
synth_13464,93
synth_13541,93
synth_13442,93
synth_13504,93
synth_13446,93
synth_13524,93
synth_13474,93
synth_13441,93
synth_13512,93
synth_13479,93
synth_13544,93
synth_13545,93
synth_13536,93
synth_13476,93
synth_13499,93
synth_13534,93
synth_13467,93
synth_13523,93
synth_13554,93
synth_13533,93
synth_13513,93
synth_13495,93
synth_13546,93
synth_13552,93
synth_13501,93
synth_13549,93
synth_13459,93
synth_13463,93
synth_13471,93
synth_13448,93
synth_13527,93
synth_13456,93
synth_13473,93
synth_13472,93
synth_13445,93
synth_13447,93
synth_13449,93
synth_13486,93
synth_13469,93
synth_13500,93
synth_13551,93
synth_13508,93
synth_13550,93
synth_13496,93
synth_13506,93
synth_13453,93
synth_13517,93
synth_13503,93
synth_13519,93
synth_13460,93
synth_13492,93
synth_13525,93
synth_13522,93
synth_13507,93
synth_13510,93
synth_13457,93
synth_13521,93
synth_13488,93
synth_13481,93
synth_13493,93
synth_13537,93
synth_13528,93
synth_13644,92
synth_13626,92
synth_13658,92
synth_13596,92
synth_13635,92
synth_13559,92
synth_13602,92
synth_13575,92
synth_13579,92
synth_13672,92
synth_13605,92
synth_13663,92
synth_13580,92
synth_13653,92
synth_13676,92
synth_13558,92
synth_13562,92
synth_13570,92
synth_13593,92
synth_13584,92
synth_13599,92
synth_13662,92
synth_13582,92
synth_13600,92
synth_13629,92
synth_13598,92
synth_13613,92
synth_13647,92
synth_13641,92
synth_13679,92
synth_13656,92
synth_13674,92
synth_13636,92
synth_13619,92
synth_13621,92
synth_13566,92
synth_13583,92
synth_13606,92
synth_13567,92
synth_13630,92
synth_13563,92
synth_13614,92
synth_13595,92
synth_13609,92
synth_13665,92
synth_13678,92
synth_13638,92
synth_13622,92
synth_13568,92
synth_13640,92
synth_13639,92
synth_13657,92
synth_13650,92
synth_13649,92
synth_13569,92
synth_13591,92
synth_13648,92
synth_13677,92
synth_13627,92
synth_13615,92
synth_13585,92
synth_13651,92
synth_13632,92
synth_13571,92
synth_13581,92
synth_13637,92
synth_13576,92
synth_13603,92
synth_13625,92
synth_13577,92
synth_13664,92
synth_13668,92
synth_13586,92
synth_13588,92
synth_13589,92
synth_13661,92
synth_13612,92
synth_13655,92
synth_13671,92
synth_13620,92
synth_13616,92
synth_13561,92
synth_13680,92
synth_13643,92
synth_13673,92
synth_13578,92
synth_13592,92
synth_13645,92
synth_13608,92
synth_13654,92
synth_13560,92
synth_13670,92
synth_13633,92
synth_13631,92
synth_13642,92
synth_13601,92
synth_13607,92
synth_13564,92
synth_13604,92
synth_13659,92
synth_13666,92
synth_13667,92
synth_13628,92
synth_13634,92
synth_13565,92
synth_13652,92
synth_13572,92
synth_13610,92
synth_13646,92
synth_13669,92
synth_13618,92
synth_13587,92
synth_13611,92
synth_13623,92
synth_13617,92
synth_13660,92
synth_13574,92
synth_13573,92
synth_13590,92
synth_13624,92
synth_13597,92
synth_13675,92
synth_13594,92
synth_13765,91
synth_13751,91
synth_13804,91
synth_13701,91
synth_13711,91
synth_13689,91
synth_13737,91
synth_13690,91
synth_13696,91
synth_13735,91
synth_13692,91
synth_13712,91
synth_13790,91
synth_13800,91
synth_13785,91
synth_13749,91
synth_13724,91
synth_13710,91
synth_13703,91
synth_13745,91
synth_13802,91
synth_13805,91
synth_13684,91
synth_13781,91
synth_13720,91
synth_13750,91
synth_13767,91
synth_13725,91
synth_13695,91
synth_13769,91
synth_13771,91
synth_13793,91
synth_13760,91
synth_13791,91
synth_13698,91
synth_13704,91
synth_13708,91
synth_13694,91
synth_13709,91
synth_13775,91
synth_13766,91
synth_13788,91
synth_13756,91
synth_13761,91
synth_13794,91
synth_13719,91
synth_13697,91
synth_13718,91
synth_13699,91
synth_13685,91
synth_13741,91
synth_13746,91
synth_13715,91
synth_13797,91
synth_13799,91
synth_13722,91
synth_13728,91
synth_13770,91
synth_13687,91
synth_13774,91
synth_13688,91
synth_13707,91
synth_13772,91
synth_13780,91
synth_13778,91
synth_13796,91
synth_13714,91
synth_13787,91
synth_13732,91
synth_13779,91
synth_13731,91
synth_13753,91
synth_13702,91
synth_13730,91
synth_13755,91
synth_13757,91
synth_13717,91
synth_13738,91
synth_13705,91
synth_13754,91
synth_13744,91
synth_13740,91
synth_13798,91
synth_13686,91
synth_13768,91
synth_13773,91
synth_13786,91
synth_13763,91
synth_13681,91
synth_13743,91
synth_13716,91
synth_13789,91
synth_13721,91
synth_13747,91
synth_13727,91
synth_13682,91
synth_13723,91
synth_13783,91
synth_13803,91
synth_13748,91
synth_13729,91
synth_13752,91
synth_13776,91
synth_13784,91
synth_13758,91
synth_13706,91
synth_13764,91
synth_13726,91
synth_13733,91
synth_13759,91
synth_13795,91
synth_13700,91
synth_13734,91
synth_13782,91
synth_13792,91
synth_13713,91
synth_13693,91
synth_13777,91
synth_13742,91
synth_13683,91
synth_13691,91
synth_13801,91
synth_13739,91
synth_13762,91
synth_13806,91
synth_13736,91
synth_13816,90
synth_13883,90
synth_13881,90
synth_13912,90
synth_13887,90
synth_13896,90
synth_13882,90
synth_13807,90
synth_13820,90
synth_13822,90
synth_13852,90
synth_13905,90
synth_13834,90
synth_13862,90
synth_13906,90
synth_13919,90
synth_13833,90
synth_13929,90
synth_13932,90
synth_13845,90
synth_13827,90
synth_13871,90
synth_13927,90
synth_13902,90
synth_13924,90
synth_13848,90
synth_13878,90
synth_13909,90
synth_13918,90
synth_13884,90
synth_13865,90
synth_13897,90
synth_13819,90
synth_13931,90
synth_13917,90
synth_13857,90
synth_13858,90
synth_13825,90
synth_13914,90
synth_13831,90
synth_13875,90
synth_13854,90
synth_13872,90
synth_13879,90
synth_13870,90
synth_13891,90
synth_13890,90
synth_13904,90
synth_13841,90
synth_13925,90
synth_13867,90
synth_13877,90
synth_13809,90
synth_13821,90
synth_13886,90
synth_13889,90
synth_13928,90
synth_13851,90
synth_13899,90
synth_13923,90
synth_13859,90
synth_13830,90
synth_13817,90
synth_13812,90
synth_13843,90
synth_13861,90
synth_13815,90
synth_13840,90
synth_13921,90
synth_13894,90
synth_13900,90
synth_13907,90
synth_13853,90
synth_13908,90
synth_13866,90
synth_13850,90
synth_13903,90
synth_13868,90
synth_13847,90
synth_13915,90
synth_13810,90
synth_13916,90
synth_13910,90
synth_13839,90
synth_13824,90
synth_13864,90
synth_13892,90
synth_13874,90
synth_13911,90
synth_13893,90
synth_13814,90
synth_13837,90
synth_13860,90
synth_13846,90
synth_13913,90
synth_13869,90
synth_13863,90
synth_13811,90
synth_13828,90
synth_13838,90
synth_13876,90
synth_13808,90
synth_13885,90
synth_13873,90
synth_13813,90
synth_13933,90
synth_13926,90
synth_13934,90
synth_13920,90
synth_13922,90
synth_13880,90
synth_13826,90
synth_13835,90
synth_13844,90
synth_13895,90
synth_13832,90
synth_13901,90
synth_13829,90
synth_13888,90
synth_13855,90
synth_13842,90
synth_13898,90
synth_13818,90
synth_13849,90
synth_13856,90
synth_13836,90
synth_13823,90
synth_13930,90
synth_14040,89
synth_13974,89
synth_13992,89
synth_13937,89
synth_14030,89
synth_13987,89
synth_13965,89
synth_14029,89
synth_13959,89
synth_14017,89
synth_14033,89
synth_13963,89
synth_14014,89
synth_14039,89
synth_13970,89
synth_13973,89
synth_13950,89
synth_14051,89
synth_13942,89
synth_13968,89
synth_13990,89
synth_13982,89
synth_13967,89
synth_13985,89
synth_14042,89
synth_14057,89
synth_14053,89
synth_13945,89
synth_14050,89
synth_14018,89
synth_13980,89
synth_14002,89
synth_13946,89
synth_14045,89
synth_13995,89
synth_13997,89
synth_14016,89
synth_14035,89
synth_13955,89
synth_14019,89
synth_14056,89
synth_14006,89
synth_14047,89
synth_14049,89
synth_13949,89
synth_14063,89
synth_14011,89
synth_14024,89
synth_13996,89
synth_13981,89
synth_14052,89
synth_14036,89
synth_14008,89
synth_13943,89
synth_14038,89
synth_14031,89
synth_13951,89
synth_13936,89
synth_14013,89
synth_13941,89
synth_14065,89
synth_14055,89
synth_13984,89
synth_14001,89
synth_13999,89
synth_13998,89
synth_14012,89
synth_13944,89
synth_13966,89
synth_14007,89
synth_13954,89
synth_14058,89
synth_14025,89
synth_14005,89
synth_13958,89
synth_13971,89
synth_14015,89
synth_14046,89
synth_14054,89
synth_13964,89
synth_14061,89
synth_14059,89
synth_14021,89
synth_13972,89
synth_13991,89
synth_13935,89
synth_13961,89
synth_13976,89
synth_13994,89
synth_14027,89
synth_14020,89
synth_13948,89
synth_14064,89
synth_14003,89
synth_14048,89
synth_14023,89
synth_13957,89
synth_13969,89
synth_14062,89
synth_13979,89
synth_14037,89
synth_13953,89
synth_13975,89
synth_13960,89
synth_14000,89
synth_14022,89
synth_14041,89
synth_14032,89
synth_13986,89
synth_14010,89
synth_14028,89
synth_13988,89
synth_13989,89
synth_13993,89
synth_14009,89
synth_14034,89
synth_14004,89
synth_13956,89
synth_14060,89
synth_13978,89
synth_13939,89
synth_13962,89
synth_14066,89
synth_13977,89
synth_14043,89
synth_13947,89
synth_14044,89
synth_13983,89
synth_14026,89
synth_13938,89
synth_13952,89
synth_13940,89
synth_14143,88
synth_14071,88
synth_14155,88
synth_14164,88
synth_14080,88
synth_14108,88
synth_14169,88
synth_14105,88
synth_14135,88
synth_14094,88
synth_14124,88
synth_14193,88
synth_14118,88
synth_14142,88
synth_14146,88
synth_14158,88
synth_14141,88
synth_14188,88
synth_14130,88
synth_14197,88
synth_14098,88
synth_14186,88
synth_14083,88
synth_14191,88
synth_14195,88
synth_14154,88
synth_14074,88
synth_14081,88
synth_14092,88
synth_14106,88
synth_14123,88
synth_14151,88
synth_14120,88
synth_14192,88
synth_14163,88
synth_14085,88
synth_14178,88
synth_14184,88
synth_14127,88
synth_14152,88
synth_14194,88
synth_14131,88
synth_14137,88
synth_14145,88
synth_14078,88
synth_14088,88
synth_14099,88
synth_14129,88
synth_14181,88
synth_14095,88
synth_14125,88
synth_14189,88
synth_14117,88
synth_14132,88
synth_14119,88
synth_14097,88
synth_14136,88
synth_14167,88
synth_14104,88
synth_14128,88
synth_14126,88
synth_14185,88
synth_14115,88
synth_14182,88
synth_14157,88
synth_14084,88
synth_14068,88
synth_14102,88
synth_14112,88
synth_14139,88
synth_14150,88
synth_14168,88
synth_14162,88
synth_14103,88
synth_14087,88
synth_14082,88
synth_14183,88
synth_14109,88
synth_14180,88
synth_14067,88
synth_14144,88
synth_14140,88
synth_14179,88
synth_14107,88
synth_14138,88
synth_14161,88
synth_14070,88
synth_14170,88
synth_14199,88
synth_14165,88
synth_14147,88
synth_14134,88
synth_14160,88
synth_14101,88
synth_14116,88
synth_14121,88
synth_14198,88
synth_14133,88
synth_14113,88
synth_14177,88
synth_14187,88
synth_14156,88
synth_14089,88
synth_14171,88
synth_14176,88
synth_14075,88
synth_14086,88
synth_14111,88
synth_14114,88
synth_14148,88
synth_14196,88
synth_14149,88
synth_14093,88
synth_14190,88
synth_14100,88
synth_14166,88
synth_14077,88
synth_14069,88
synth_14174,88
synth_14159,88
synth_14091,88
synth_14076,88
synth_14110,88
synth_14072,88
synth_14153,88
synth_14090,88
synth_14096,88
synth_14079,88
synth_14073,88
synth_14173,88
synth_14172,88
synth_14175,88
synth_14122,88
synth_14316,87
synth_14312,87
synth_14321,87
synth_14306,87
synth_14237,87
synth_14334,87
synth_14217,87
synth_14239,87
synth_14292,87
synth_14326,87
synth_14289,87
synth_14317,87
synth_14332,87
synth_14260,87
synth_14303,87
synth_14208,87
synth_14325,87
synth_14225,87
synth_14276,87
synth_14320,87
synth_14251,87
synth_14324,87
synth_14271,87
synth_14280,87
synth_14287,87
synth_14298,87
synth_14335,87
synth_14207,87
synth_14238,87
synth_14333,87
synth_14222,87
synth_14249,87
synth_14221,87
synth_14200,87
synth_14296,87
synth_14305,87
synth_14261,87
synth_14279,87
synth_14291,87
synth_14308,87
synth_14240,87
synth_14307,87
synth_14201,87
synth_14267,87
synth_14274,87
synth_14284,87
synth_14323,87
synth_14293,87
synth_14319,87
synth_14311,87
synth_14301,87
synth_14252,87
synth_14230,87
synth_14250,87
synth_14268,87
synth_14231,87
synth_14264,87
synth_14282,87
synth_14245,87
synth_14300,87
synth_14269,87
synth_14281,87
synth_14248,87
synth_14226,87
synth_14210,87
synth_14236,87
synth_14256,87
synth_14223,87
synth_14202,87
synth_14299,87
synth_14295,87
synth_14228,87
synth_14263,87
synth_14327,87
synth_14204,87
synth_14213,87
synth_14286,87
synth_14283,87
synth_14259,87
synth_14330,87
synth_14203,87
synth_14262,87
synth_14294,87
synth_14309,87
synth_14288,87
synth_14315,87
synth_14242,87
synth_14322,87
synth_14265,87
synth_14302,87
synth_14313,87
synth_14246,87
synth_14278,87
synth_14247,87
synth_14224,87
synth_14257,87
synth_14235,87
synth_14266,87
synth_14232,87
synth_14328,87
synth_14234,87
synth_14206,87
synth_14220,87
synth_14244,87
synth_14285,87
synth_14318,87
synth_14209,87
synth_14275,87
synth_14273,87
synth_14297,87
synth_14211,87
synth_14336,87
synth_14214,87
synth_14272,87
synth_14258,87
synth_14331,87
synth_14270,87
synth_14290,87
synth_14215,87
synth_14241,87
synth_14205,87
synth_14304,87
synth_14229,87
synth_14219,87
synth_14243,87
synth_14314,87
synth_14329,87
synth_14233,87
synth_14255,87
synth_14277,87
synth_14212,87
synth_14253,87
synth_14254,87
synth_14216,87
synth_14218,87
synth_14310,87
synth_14227,87
synth_14435,86
synth_14452,86
synth_14471,86
synth_14351,86
synth_14441,86
synth_14437,86
synth_14453,86
synth_14427,86
synth_14460,86
synth_14372,86
synth_14423,86
synth_14368,86
synth_14472,86
synth_14417,86
synth_14449,86
synth_14458,86
synth_14382,86
synth_14416,86
synth_14446,86
synth_14375,86
synth_14455,86
synth_14342,86
synth_14354,86
synth_14415,86
synth_14444,86
synth_14450,86
synth_14462,86
synth_14359,86
synth_14363,86
synth_14468,86
synth_14463,86
synth_14345,86
synth_14360,86
synth_14466,86
synth_14420,86
synth_14447,86
synth_14379,86
synth_14443,86
synth_14390,86
synth_14350,86
synth_14367,86
synth_14411,86
synth_14364,86
synth_14366,86
synth_14456,86
synth_14376,86
synth_14457,86
synth_14418,86
synth_14383,86
synth_14459,86
synth_14397,86
synth_14431,86
synth_14406,86
synth_14338,86
synth_14341,86
synth_14378,86
synth_14396,86
synth_14429,86
synth_14454,86
synth_14439,86
synth_14402,86
synth_14432,86
synth_14361,86
synth_14412,86
synth_14389,86
synth_14346,86
synth_14469,86
synth_14403,86
synth_14461,86
synth_14433,86
synth_14386,86
synth_14401,86
synth_14470,86
synth_14404,86
synth_14475,86
synth_14337,86
synth_14353,86
synth_14358,86
synth_14365,86
synth_14407,86
synth_14393,86
synth_14410,86
synth_14421,86
synth_14371,86
synth_14434,86
synth_14369,86
synth_14428,86
synth_14370,86
synth_14352,86
synth_14391,86
synth_14400,86
synth_14377,86
synth_14448,86
synth_14413,86
synth_14438,86
synth_14380,86
synth_14422,86
synth_14374,86
synth_14408,86
synth_14399,86
synth_14344,86
synth_14440,86
synth_14442,86
synth_14387,86
synth_14405,86
synth_14467,86
synth_14409,86
synth_14388,86
synth_14381,86
synth_14347,86
synth_14476,86
synth_14385,86
synth_14340,86
synth_14384,86
synth_14414,86
synth_14419,86
synth_14356,86
synth_14451,86
synth_14473,86
synth_14425,86
synth_14362,86
synth_14373,86
synth_14392,86
synth_14398,86
synth_14424,86
synth_14464,86
synth_14474,86
synth_14426,86
synth_14430,86
synth_14445,86
synth_14357,86
synth_14349,86
synth_14394,86
synth_14465,86
synth_14395,86
synth_14436,86
synth_14348,86
synth_14355,86
synth_14339,86
synth_14343,86
synth_14568,85
synth_14529,85
synth_14560,85
synth_14518,85
synth_14536,85
synth_14563,85
synth_14509,85
synth_14484,85
synth_14506,85
synth_14533,85
synth_14564,85
synth_14538,85
synth_14485,85
synth_14491,85
synth_14609,85
synth_14487,85
synth_14566,85
synth_14583,85
synth_14498,85
synth_14571,85
synth_14603,85
synth_14500,85
synth_14497,85
synth_14502,85
synth_14515,85
synth_14574,85
synth_14504,85
synth_14511,85
synth_14481,85
synth_14510,85
synth_14593,85
synth_14596,85
synth_14595,85
synth_14608,85
synth_14545,85
synth_14586,85
synth_14482,85
synth_14613,85
synth_14478,85
synth_14501,85
synth_14531,85
synth_14558,85
synth_14615,85
synth_14585,85
synth_14617,85
synth_14584,85
synth_14546,85
synth_14548,85
synth_14577,85
synth_14600,85
synth_14602,85
synth_14575,85
synth_14580,85
synth_14516,85
synth_14607,85
synth_14544,85
synth_14565,85
synth_14594,85
synth_14530,85
synth_14550,85
synth_14496,85
synth_14517,85
synth_14507,85
synth_14556,85
synth_14616,85
synth_14479,85
synth_14591,85
synth_14499,85
synth_14582,85
synth_14612,85
synth_14522,85
synth_14486,85
synth_14525,85
synth_14562,85
synth_14589,85
synth_14488,85
synth_14495,85
synth_14553,85
synth_14537,85
synth_14521,85
synth_14508,85
synth_14532,85
synth_14540,85
synth_14599,85
synth_14573,85
synth_14483,85
synth_14526,85
synth_14492,85
synth_14542,85
synth_14523,85
synth_14524,85
synth_14581,85
synth_14554,85
synth_14541,85
synth_14572,85
synth_14514,85
synth_14493,85
synth_14527,85
synth_14551,85
synth_14535,85
synth_14590,85
synth_14552,85
synth_14559,85
synth_14601,85
synth_14578,85
synth_14513,85
synth_14539,85
synth_14588,85
synth_14610,85
synth_14605,85
synth_14512,85
synth_14570,85
synth_14549,85
synth_14543,85
synth_14587,85
synth_14592,85
synth_14598,85
synth_14505,85
synth_14606,85
synth_14555,85
synth_14477,85
synth_14557,85
synth_14614,85
synth_14519,85
synth_14567,85
synth_14503,85
synth_14579,85
synth_14597,85
synth_14520,85
synth_14604,85
synth_14494,85
synth_14569,85
synth_14561,85
synth_14618,85
synth_14480,85
synth_14490,85
synth_14528,85
synth_14576,85
synth_14534,85
synth_14547,85
synth_14611,85
synth_14489,85
synth_14730,84
synth_14737,84
synth_14661,84
synth_14700,84
synth_14697,84
synth_14672,84
synth_14679,84
synth_14740,84
synth_14644,84
synth_14721,84
synth_14748,84
synth_14662,84
synth_14728,84
synth_14632,84
synth_14676,84
synth_14693,84
synth_14634,84
synth_14658,84
synth_14649,84
synth_14736,84
synth_14726,84
synth_14745,84
synth_14656,84
synth_14723,84
synth_14755,84
synth_14621,84
synth_14756,84
synth_14725,84
synth_14741,84
synth_14751,84
synth_14754,84
synth_14678,84
synth_14759,84
synth_14717,84
synth_14665,84
synth_14739,84
synth_14675,84
synth_14762,84
synth_14746,84
synth_14671,84
synth_14735,84
synth_14635,84
synth_14619,84
synth_14638,84
synth_14622,84
synth_14719,84
synth_14729,84
synth_14645,84
synth_14673,84
synth_14624,84
synth_14763,84
synth_14636,84
synth_14639,84
synth_14708,84
synth_14749,84
synth_14640,84
synth_14699,84
synth_14654,84
synth_14703,84
synth_14738,84
synth_14664,84
synth_14668,84
synth_14669,84
synth_14623,84
synth_14628,84
synth_14646,84
synth_14643,84
synth_14625,84
synth_14712,84
synth_14629,84
synth_14709,84
synth_14691,84
synth_14695,84
synth_14631,84
synth_14704,84
synth_14667,84
synth_14710,84
synth_14633,84
synth_14681,84
synth_14724,84
synth_14620,84
synth_14653,84
synth_14659,84
synth_14716,84
synth_14744,84
synth_14666,84
synth_14743,84
synth_14734,84
synth_14732,84
synth_14670,84
synth_14651,84
synth_14655,84
synth_14731,84
synth_14715,84
synth_14657,84
synth_14747,84
synth_14689,84
synth_14764,84
synth_14652,84
synth_14685,84
synth_14720,84
synth_14727,84
synth_14690,84
synth_14692,84
synth_14752,84
synth_14687,84
synth_14702,84
synth_14722,84
synth_14696,84
synth_14757,84
synth_14660,84
synth_14688,84
synth_14686,84
synth_14733,84
synth_14626,84
synth_14680,84
synth_14711,84
synth_14682,84
synth_14760,84
synth_14647,84
synth_14694,84
synth_14718,84
synth_14758,84
synth_14742,84
synth_14753,84
synth_14630,84
synth_14683,84
synth_14627,84
synth_14641,84
synth_14750,84
synth_14674,84
synth_14761,84
synth_14698,84
synth_14706,84
synth_14650,84
synth_14648,84
synth_14705,84
synth_14642,84
synth_14663,84
synth_14677,84
synth_14701,84
synth_14707,84
synth_14713,84
synth_14714,84
synth_14684,84
synth_14637,84
synth_14808,83
synth_14865,83
synth_14871,83
synth_14805,83
synth_14774,83
synth_14845,83
synth_14872,83
synth_14904,83
synth_14789,83
synth_14851,83
synth_14911,83
synth_14897,83
synth_14797,83
synth_14883,83
synth_14835,83
synth_14809,83
synth_14860,83
synth_14896,83
synth_14861,83
synth_14836,83
synth_14803,83
synth_14899,83
synth_14882,83
synth_14858,83
synth_14833,83
synth_14890,83
synth_14864,83
synth_14884,83
synth_14852,83
synth_14886,83
synth_14869,83
synth_14766,83
synth_14795,83
synth_14831,83
synth_14787,83
synth_14900,83
synth_14801,83
synth_14837,83
synth_14874,83
synth_14779,83
synth_14894,83
synth_14771,83
synth_14807,83
synth_14773,83
synth_14777,83
synth_14781,83
synth_14791,83
synth_14838,83
synth_14812,83
synth_14830,83
synth_14796,83
synth_14767,83
synth_14850,83
synth_14892,83
synth_14913,83
synth_14817,83
synth_14820,83
synth_14786,83
synth_14905,83
synth_14849,83
synth_14828,83
synth_14912,83
synth_14827,83
synth_14782,83
synth_14810,83
synth_14887,83
synth_14903,83
synth_14794,83
synth_14857,83
synth_14901,83
synth_14814,83
synth_14776,83
synth_14839,83
synth_14802,83
synth_14811,83
synth_14834,83
synth_14798,83
synth_14823,83
synth_14792,83
synth_14895,83
synth_14902,83
synth_14876,83
synth_14848,83
synth_14855,83
synth_14906,83
synth_14832,83
synth_14863,83
synth_14870,83
synth_14866,83
synth_14875,83
synth_14824,83
synth_14778,83
synth_14867,83
synth_14770,83
synth_14859,83
synth_14907,83
synth_14841,83
synth_14775,83
synth_14768,83
synth_14854,83
synth_14826,83
synth_14819,83
synth_14844,83
synth_14780,83
synth_14879,83
synth_14893,83
synth_14880,83
synth_14788,83
synth_14822,83
synth_14825,83
synth_14769,83
synth_14881,83
synth_14889,83
synth_14784,83
synth_14818,83
synth_14843,83
synth_14856,83
synth_14862,83
synth_14853,83
synth_14888,83
synth_14840,83
synth_14908,83
synth_14804,83
synth_14910,83
synth_14813,83
synth_14785,83
synth_14898,83
synth_14868,83
synth_14885,83
synth_14909,83
synth_14799,83
synth_14772,83
synth_14790,83
synth_14842,83
synth_14800,83
synth_14821,83
synth_14793,83
synth_14829,83
synth_14847,83
synth_14873,83
synth_14877,83
synth_14783,83
synth_14878,83
synth_14891,83
synth_14806,83
synth_14815,83
synth_14816,83
synth_14765,83
synth_14846,83
synth_15018,82
synth_15023,82
synth_14968,82
synth_14933,82
synth_14926,82
synth_14935,82
synth_14983,82
synth_14949,82
synth_14965,82
synth_15039,82
synth_14934,82
synth_14915,82
synth_14914,82
synth_15011,82
synth_15050,82
synth_14921,82
synth_14970,82
synth_14962,82
synth_15033,82
synth_15047,82
synth_15001,82
synth_15003,82
synth_14957,82
synth_15035,82
synth_15057,82
synth_14919,82
synth_14952,82
synth_14943,82
synth_15007,82
synth_15029,82
synth_14937,82
synth_14939,82
synth_14947,82
synth_14927,82
synth_14941,82
synth_15038,82
synth_14920,82
synth_15065,82
synth_15040,82
synth_15024,82
synth_15032,82
synth_14953,82
synth_14960,82
synth_14963,82
synth_14984,82
synth_14972,82
synth_15056,82
synth_14991,82
synth_14922,82
synth_15017,82
synth_15061,82
synth_14942,82
synth_14955,82
synth_14948,82
synth_14917,82
synth_14976,82
synth_14924,82
synth_15058,82
synth_14930,82
synth_15009,82
synth_15049,82
synth_14945,82
synth_14954,82
synth_14971,82
synth_15025,82
synth_14959,82
synth_14986,82
synth_15005,82
synth_14918,82
synth_14969,82
synth_15015,82
synth_14994,82
synth_14961,82
synth_14932,82
synth_14975,82
synth_15031,82
synth_14929,82
synth_14946,82
synth_15060,82
synth_14990,82
synth_15054,82
synth_14974,82
synth_15028,82
synth_14997,82
synth_15013,82
synth_15052,82
synth_14964,82
synth_14988,82
synth_14951,82
synth_14966,82
synth_14980,82
synth_14995,82
synth_15012,82
synth_14989,82
synth_15062,82
synth_14985,82
synth_15002,82
synth_15041,82
synth_14938,82
synth_14958,82
synth_15030,82
synth_14992,82
synth_15051,82
synth_15010,82
synth_14950,82
synth_15022,82
synth_14923,82
synth_14931,82
synth_15053,82
synth_14982,82
synth_14999,82
synth_15036,82
synth_14973,82
synth_15043,82
synth_14936,82
synth_14993,82
synth_15000,82
synth_15042,82
synth_14956,82
synth_15027,82
synth_15021,82
synth_14928,82
synth_14977,82
synth_15004,82
synth_15020,82
synth_15037,82
synth_15044,82
synth_14925,82
synth_14944,82
synth_14967,82
synth_14987,82
synth_14998,82
synth_15046,82
synth_15059,82
synth_14981,82
synth_15006,82
synth_14978,82
synth_14916,82
synth_15045,82
synth_14940,82
synth_14996,82
synth_15016,82
synth_15034,82
synth_14979,82
synth_15014,82
synth_15055,82
synth_15048,82
synth_15019,82
synth_15064,82
synth_15008,82
synth_15026,82
synth_15063,82
synth_15077,81
synth_15104,81
synth_15203,81
synth_15201,81
synth_15107,81
synth_15139,81
synth_15147,81
synth_15206,81
synth_15176,81
synth_15174,81
synth_15166,81
synth_15167,81
synth_15103,81
synth_15161,81
synth_15084,81
synth_15186,81
synth_15125,81
synth_15211,81
synth_15189,81
synth_15101,81
synth_15182,81
synth_15196,81
synth_15209,81
synth_15187,81
synth_15165,81
synth_15142,81
synth_15118,81
synth_15071,81
synth_15112,81
synth_15158,81
synth_15076,81
synth_15170,81
synth_15141,81
synth_15133,81
synth_15210,81
synth_15217,81
synth_15179,81
synth_15110,81
synth_15129,81
synth_15195,81
synth_15171,81
synth_15091,81
synth_15083,81
synth_15068,81
synth_15205,81
synth_15215,81
synth_15157,81
synth_15093,81
synth_15173,81
synth_15080,81
synth_15089,81
synth_15115,81
synth_15153,81
synth_15087,81
synth_15148,81
synth_15149,81
synth_15138,81
synth_15151,81
synth_15134,81
synth_15162,81
synth_15088,81
synth_15177,81
synth_15194,81
synth_15092,81
synth_15081,81
synth_15160,81
synth_15202,81
synth_15090,81
synth_15073,81
synth_15136,81
synth_15154,81
synth_15096,81
synth_15111,81
synth_15131,81
synth_15105,81
synth_15116,81
synth_15178,81
synth_15184,81
synth_15069,81
synth_15132,81
synth_15114,81
synth_15120,81
synth_15221,81
synth_15159,81
synth_15200,81
synth_15219,81
synth_15072,81
synth_15086,81
synth_15220,81
synth_15216,81
synth_15137,81
synth_15146,81
synth_15163,81
synth_15212,81
synth_15150,81
synth_15140,81
synth_15082,81
synth_15102,81
synth_15119,81
synth_15164,81
synth_15208,81
synth_15197,81
synth_15130,81
synth_15127,81
synth_15117,81
synth_15074,81
synth_15143,81
synth_15123,81
synth_15169,81
synth_15066,81
synth_15172,81
synth_15070,81
synth_15079,81
synth_15183,81
synth_15078,81
synth_15145,81
synth_15199,81
synth_15185,81
synth_15144,81
synth_15214,81
synth_15204,81
synth_15188,81
synth_15155,81
synth_15121,81
synth_15067,81
synth_15152,81
synth_15175,81
synth_15124,81
synth_15191,81
synth_15085,81
synth_15099,81
synth_15218,81
synth_15113,81
synth_15181,81
synth_15100,81
synth_15193,81
synth_15095,81
synth_15122,81
synth_15098,81
synth_15075,81
synth_15106,81
synth_15156,81
synth_15168,81
synth_15190,81
synth_15135,81
synth_15198,81
synth_15097,81
synth_15192,81
synth_15108,81
synth_15128,81
synth_15180,81
synth_15126,81
synth_15109,81
synth_15207,81
synth_15094,81
synth_15213,81
synth_15325,80
synth_15266,80
synth_15281,80
synth_15230,80
synth_15340,80
synth_15306,80
synth_15329,80
synth_15295,80
synth_15351,80
synth_15307,80
synth_15275,80
synth_15318,80
synth_15236,80
synth_15292,80
synth_15366,80
synth_15375,80
synth_15373,80
synth_15222,80
synth_15362,80
synth_15223,80
synth_15248,80
synth_15276,80
synth_15338,80
synth_15267,80
synth_15322,80
synth_15274,80
synth_15369,80
synth_15255,80
synth_15235,80
synth_15342,80
synth_15327,80
synth_15300,80
synth_15377,80
synth_15320,80
synth_15231,80
synth_15349,80
synth_15285,80
synth_15328,80
synth_15237,80
synth_15234,80
synth_15348,80
synth_15357,80
synth_15361,80
synth_15243,80
synth_15273,80
synth_15317,80
synth_15254,80
synth_15319,80
synth_15228,80
synth_15261,80
synth_15302,80
synth_15345,80
synth_15303,80
synth_15333,80
synth_15315,80
synth_15352,80
synth_15343,80
synth_15269,80
synth_15371,80
synth_15326,80
synth_15312,80
synth_15242,80
synth_15263,80
synth_15283,80
synth_15335,80
synth_15247,80
synth_15378,80
synth_15379,80
synth_15279,80
synth_15330,80
synth_15268,80
synth_15376,80
synth_15353,80
synth_15265,80
synth_15264,80
synth_15282,80
synth_15311,80
synth_15365,80
synth_15238,80
synth_15368,80
synth_15226,80
synth_15360,80
synth_15374,80
synth_15251,80
synth_15363,80
synth_15241,80
synth_15332,80
synth_15380,80
synth_15233,80
synth_15370,80
synth_15381,80
synth_15339,80
synth_15294,80
synth_15316,80
synth_15246,80
synth_15296,80
synth_15354,80
synth_15305,80
synth_15244,80
synth_15277,80
synth_15334,80
synth_15336,80
synth_15290,80
synth_15321,80
synth_15346,80
synth_15257,80
synth_15253,80
synth_15358,80
synth_15232,80
synth_15271,80
synth_15245,80
synth_15280,80
synth_15284,80
synth_15225,80
synth_15252,80
synth_15287,80
synth_15301,80
synth_15359,80
synth_15304,80
synth_15278,80
synth_15341,80
synth_15256,80
synth_15298,80
synth_15355,80
synth_15240,80
synth_15289,80
synth_15337,80
synth_15229,80
synth_15297,80
synth_15314,80
synth_15344,80
synth_15331,80
synth_15249,80
synth_15258,80
synth_15299,80
synth_15308,80
synth_15262,80
synth_15323,80
synth_15250,80
synth_15239,80
synth_15293,80
synth_15227,80
synth_15259,80
synth_15288,80
synth_15356,80
synth_15224,80
synth_15272,80
synth_15286,80
synth_15350,80
synth_15260,80
synth_15367,80
synth_15291,80
synth_15364,80
synth_15324,80
synth_15347,80
synth_15313,80
synth_15310,80
synth_15372,80
synth_15309,80
synth_15270,80
synth_15468,79
synth_15451,79
synth_15488,79
synth_15447,79
synth_15434,79
synth_15386,79
synth_15398,79
synth_15415,79
synth_15416,79
synth_15424,79
synth_15466,79
synth_15502,79
synth_15515,79
synth_15444,79
synth_15455,79
synth_15496,79
synth_15497,79
synth_15420,79
synth_15501,79
synth_15426,79
synth_15391,79
synth_15530,79
synth_15533,79
synth_15433,79
synth_15450,79
synth_15485,79
synth_15432,79
synth_15475,79
synth_15493,79
synth_15396,79
synth_15442,79
synth_15387,79
synth_15393,79
synth_15437,79
synth_15539,79
synth_15414,79
synth_15459,79
synth_15510,79
synth_15528,79
synth_15418,79
synth_15511,79
synth_15412,79
synth_15427,79
synth_15456,79
synth_15431,79
synth_15458,79
synth_15537,79
synth_15410,79
synth_15473,79
synth_15498,79
synth_15529,79
synth_15382,79
synth_15522,79
synth_15383,79
synth_15519,79
synth_15524,79
synth_15507,79
synth_15436,79
synth_15542,79
synth_15385,79
synth_15499,79
synth_15478,79
synth_15484,79
synth_15506,79
synth_15465,79
synth_15439,79
synth_15495,79
synth_15407,79
synth_15486,79
synth_15446,79
synth_15512,79
synth_15453,79
synth_15544,79
synth_15449,79
synth_15469,79
synth_15481,79
synth_15411,79
synth_15472,79
synth_15494,79
synth_15429,79
synth_15454,79
synth_15406,79
synth_15408,79
synth_15490,79
synth_15462,79
synth_15538,79
synth_15443,79
synth_15445,79
synth_15523,79
synth_15463,79
synth_15470,79
synth_15479,79
synth_15534,79
synth_15518,79
synth_15452,79
synth_15460,79
synth_15403,79
synth_15505,79
synth_15482,79
synth_15526,79
synth_15509,79
synth_15471,79
synth_15543,79
synth_15461,79
synth_15435,79
synth_15527,79
synth_15477,79
synth_15400,79
synth_15413,79
synth_15448,79
synth_15397,79
synth_15401,79
synth_15474,79
synth_15514,79
synth_15464,79
synth_15441,79
synth_15467,79
synth_15395,79
synth_15483,79
synth_15428,79
synth_15422,79
synth_15535,79
synth_15508,79
synth_15536,79
synth_15409,79
synth_15392,79
synth_15421,79
synth_15476,79
synth_15525,79
synth_15388,79
synth_15394,79
synth_15500,79
synth_15532,79
synth_15438,79
synth_15531,79
synth_15425,79
synth_15417,79
synth_15423,79
synth_15504,79
synth_15440,79
synth_15491,79
synth_15516,79
synth_15503,79
synth_15521,79
synth_15492,79
synth_15404,79
synth_15457,79
synth_15384,79
synth_15402,79
synth_15405,79
synth_15520,79
synth_15540,79
synth_15517,79
synth_15390,79
synth_15480,79
synth_15399,79
synth_15487,79
synth_15389,79
synth_15430,79
synth_15489,79
synth_15513,79
synth_15419,79
synth_15541,79
synth_15656,78
synth_15578,78
synth_15700,78
synth_15609,78
synth_15663,78
synth_15552,78
synth_15586,78
synth_15595,78
synth_15603,78
synth_15567,78
synth_15591,78
synth_15661,78
synth_15690,78
synth_15572,78
synth_15569,78
synth_15555,78
synth_15673,78
synth_15648,78
synth_15704,78
synth_15676,78
synth_15666,78
synth_15662,78
synth_15581,78
synth_15597,78
synth_15585,78
synth_15671,78
synth_15688,78
synth_15624,78
synth_15686,78
synth_15627,78
synth_15610,78
synth_15636,78
synth_15553,78
synth_15588,78
synth_15658,78
synth_15571,78
synth_15705,78
synth_15565,78
synth_15699,78
synth_15710,78
synth_15547,78
synth_15667,78
synth_15614,78
synth_15677,78
synth_15576,78
synth_15637,78
synth_15655,78
synth_15604,78
synth_15625,78
synth_15706,78
synth_15680,78
synth_15681,78
synth_15682,78
synth_15563,78
synth_15657,78
synth_15594,78
synth_15635,78
synth_15598,78
synth_15669,78
synth_15659,78
synth_15568,78
synth_15592,78
synth_15630,78
synth_15649,78
synth_15587,78
synth_15668,78
synth_15599,78
synth_15626,78
synth_15644,78
synth_15550,78
synth_15619,78
synth_15629,78
synth_15617,78
synth_15548,78
synth_15653,78
synth_15596,78
synth_15554,78
synth_15703,78
synth_15651,78
synth_15691,78
synth_15634,78
synth_15622,78
synth_15652,78
synth_15694,78
synth_15697,78
synth_15601,78
synth_15612,78
synth_15600,78
synth_15633,78
synth_15590,78
synth_15692,78
synth_15584,78
synth_15665,78
synth_15646,78
synth_15613,78
synth_15577,78
synth_15689,78
synth_15693,78
synth_15696,78
synth_15707,78
synth_15545,78
synth_15639,78
synth_15602,78
synth_15641,78
synth_15556,78
synth_15561,78
synth_15695,78
synth_15709,78
synth_15551,78
synth_15654,78
synth_15623,78
synth_15698,78
synth_15583,78
synth_15620,78
synth_15632,78
synth_15678,78
synth_15702,78
synth_15672,78
synth_15549,78
synth_15647,78
synth_15643,78
synth_15589,78
synth_15708,78
synth_15562,78
synth_15560,78
synth_15664,78
synth_15687,78
synth_15582,78
synth_15660,78
synth_15570,78
synth_15611,78
synth_15546,78
synth_15593,78
synth_15711,78
synth_15683,78
synth_15559,78
synth_15679,78
synth_15574,78
synth_15701,78
synth_15684,78
synth_15573,78
synth_15631,78
synth_15606,78
synth_15557,78
synth_15566,78
synth_15628,78
synth_15640,78
synth_15605,78
synth_15579,78
synth_15642,78
synth_15558,78
synth_15618,78
synth_15564,78
synth_15607,78
synth_15608,78
synth_15685,78
synth_15575,78
synth_15645,78
synth_15675,78
synth_15615,78
synth_15580,78
synth_15650,78
synth_15670,78
synth_15674,78
synth_15621,78
synth_15616,78
synth_15638,78
synth_15740,77
synth_15804,77
synth_15797,77
synth_15798,77
synth_15800,77
synth_15799,77
synth_15749,77
synth_15784,77
synth_15818,77
synth_15868,77
synth_15771,77
synth_15796,77
synth_15752,77
synth_15858,77
synth_15806,77
synth_15717,77
synth_15758,77
synth_15785,77
synth_15861,77
synth_15880,77
synth_15772,77
synth_15852,77
synth_15807,77
synth_15864,77
synth_15718,77
synth_15841,77
synth_15722,77
synth_15724,77
synth_15733,77
synth_15744,77
synth_15788,77
synth_15834,77
synth_15874,77
synth_15792,77
synth_15846,77
synth_15759,77
synth_15802,77
synth_15761,77
synth_15830,77
synth_15768,77
synth_15791,77
synth_15730,77
synth_15737,77
synth_15809,77
synth_15746,77
synth_15831,77
synth_15713,77
synth_15821,77
synth_15827,77
synth_15837,77
synth_15822,77
synth_15876,77
synth_15823,77
synth_15860,77
synth_15820,77
synth_15882,77
synth_15766,77
synth_15775,77
synth_15776,77
synth_15845,77
synth_15854,77
synth_15801,77
synth_15878,77
synth_15865,77
synth_15866,77
synth_15754,77
synth_15795,77
synth_15738,77
synth_15869,77
synth_15789,77
synth_15747,77
synth_15857,77
synth_15743,77
synth_15751,77
synth_15715,77
synth_15872,77
synth_15839,77
synth_15721,77
synth_15723,77
synth_15767,77
synth_15808,77
synth_15813,77
synth_15832,77
synth_15833,77
synth_15741,77
synth_15762,77
synth_15787,77
synth_15794,77
synth_15838,77
synth_15731,77
synth_15753,77
synth_15735,77
synth_15786,77
synth_15811,77
synth_15793,77
synth_15728,77
synth_15825,77
synth_15850,77
synth_15712,77
synth_15755,77
synth_15756,77
synth_15817,77
synth_15870,77
synth_15875,77
synth_15778,77
synth_15779,77
synth_15853,77
synth_15750,77
synth_15849,77
synth_15729,77
synth_15855,77
synth_15859,77
synth_15843,77
synth_15803,77
synth_15732,77
synth_15726,77
synth_15844,77
synth_15770,77
synth_15748,77
synth_15816,77
synth_15780,77
synth_15848,77
synth_15782,77
synth_15835,77
synth_15847,77
synth_15871,77
synth_15742,77
synth_15725,77
synth_15764,77
synth_15842,77
synth_15810,77
synth_15819,77
synth_15812,77
synth_15727,77
synth_15879,77
synth_15714,77
synth_15757,77
synth_15773,77
synth_15760,77
synth_15765,77
synth_15783,77
synth_15829,77
synth_15881,77
synth_15826,77
synth_15873,77
synth_15745,77
synth_15851,77
synth_15856,77
synth_15719,77
synth_15877,77
synth_15777,77
synth_15840,77
synth_15824,77
synth_15774,77
synth_15736,77
synth_15739,77
synth_15805,77
synth_15781,77
synth_15716,77
synth_15814,77
synth_15763,77
synth_15862,77
synth_15769,77
synth_15828,77
synth_15815,77
synth_15836,77
synth_15867,77
synth_15720,77
synth_15863,77
synth_15734,77
synth_15790,77
synth_15972,76
synth_16026,76
synth_15961,76
synth_15892,76
synth_15893,76
synth_15949,76
synth_15888,76
synth_15906,76
synth_15953,76
synth_15982,76
synth_15984,76
synth_15978,76
synth_15911,76
synth_15966,76
synth_16003,76
synth_15931,76
synth_15959,76
synth_16039,76
synth_15942,76
synth_15944,76
synth_16017,76
synth_15903,76
synth_15993,76
synth_15945,76
synth_15913,76
synth_15971,76
synth_16000,76
synth_15970,76
synth_15920,76
synth_15981,76
synth_15955,76
synth_16006,76
synth_15960,76
synth_15987,76
synth_15934,76
synth_15999,76
synth_15962,76
synth_16043,76
synth_16049,76
synth_15898,76
synth_16020,76
synth_15963,76
synth_16036,76
synth_16018,76
synth_16021,76
synth_15904,76
synth_16011,76
synth_16030,76
synth_16007,76
synth_16031,76
synth_15912,76
synth_16048,76
synth_16010,76
synth_15992,76
synth_16052,76
synth_15930,76
synth_16042,76
synth_16032,76
synth_15976,76
synth_15923,76
synth_16002,76
synth_16013,76
synth_16001,76
synth_15916,76
synth_15921,76
synth_16051,76
synth_15979,76
synth_15938,76
synth_15957,76
synth_15897,76
synth_16057,76
synth_15908,76
synth_15910,76
synth_15983,76
synth_16023,76
synth_16055,76
synth_15885,76
synth_16012,76
synth_15883,76
synth_16004,76
synth_16028,76
synth_16056,76
synth_15936,76
synth_15991,76
synth_15889,76
synth_15929,76
synth_15950,76
synth_15990,76
synth_16027,76
synth_15915,76
synth_15926,76
synth_15951,76
synth_16033,76
synth_16037,76
synth_15918,76
synth_15919,76
synth_15967,76
synth_15986,76
synth_15901,76
synth_15937,76
synth_16025,76
synth_15980,76
synth_16046,76
synth_15985,76
synth_15975,76
synth_16054,76
synth_16029,76
synth_15928,76
synth_15969,76
synth_16019,76
synth_15891,76
synth_15954,76
synth_15948,76
synth_15940,76
synth_16038,76
synth_15914,76
synth_15952,76
synth_16035,76
synth_15884,76
synth_15886,76
synth_15956,76
synth_16009,76
synth_16034,76
synth_16008,76
synth_15890,76
synth_16014,76
synth_16053,76
synth_15917,76
synth_15927,76
synth_15941,76
synth_15989,76
synth_15900,76
synth_15965,76
synth_16050,76
synth_15973,76
synth_15988,76
synth_16015,76
synth_16005,76
synth_16016,76
synth_16024,76
synth_16022,76
synth_16047,76
synth_16041,76
synth_15995,76
synth_15998,76
synth_15887,76
synth_15943,76
synth_15958,76
synth_15977,76
synth_15907,76
synth_15946,76
synth_15974,76
synth_15896,76
synth_15964,76
synth_15997,76
synth_16045,76
synth_15996,76
synth_15933,76
synth_15925,76
synth_15932,76
synth_16040,76
synth_15894,76
synth_15939,76
synth_15899,76
synth_15902,76
synth_15905,76
synth_15895,76
synth_15922,76
synth_16044,76
synth_15935,76
synth_15909,76
synth_15924,76
synth_15947,76
synth_15968,76
synth_15994,76
synth_16105,75
synth_16152,75
synth_16096,75
synth_16232,75
synth_16078,75
synth_16079,75
synth_16184,75
synth_16073,75
synth_16165,75
synth_16230,75
synth_16090,75
synth_16177,75
synth_16097,75
synth_16155,75
synth_16082,75
synth_16219,75
synth_16227,75
synth_16223,75
synth_16089,75
synth_16229,75
synth_16062,75
synth_16217,75
synth_16130,75
synth_16068,75
synth_16139,75
synth_16220,75
synth_16127,75
synth_16131,75
synth_16136,75
synth_16137,75
synth_16172,75
synth_16174,75
synth_16207,75
synth_16154,75
synth_16212,75
synth_16225,75
synth_16102,75
synth_16138,75
synth_16111,75
synth_16124,75
synth_16114,75
synth_16153,75
synth_16115,75
synth_16226,75
synth_16166,75
synth_16072,75
synth_16070,75
synth_16214,75
synth_16104,75
synth_16206,75
synth_16168,75
synth_16188,75
synth_16234,75
synth_16129,75
synth_16162,75
synth_16169,75
synth_16065,75
synth_16088,75
synth_16058,75
synth_16135,75
synth_16164,75
synth_16175,75
synth_16060,75
synth_16150,75
synth_16098,75
synth_16176,75
synth_16118,75
synth_16147,75
synth_16190,75
synth_16205,75
synth_16161,75
synth_16192,75
synth_16121,75
synth_16171,75
synth_16103,75
synth_16163,75
synth_16186,75
synth_16133,75
synth_16109,75
synth_16120,75
synth_16128,75
synth_16091,75
synth_16101,75
synth_16142,75
synth_16158,75
synth_16221,75
synth_16108,75
synth_16149,75
synth_16084,75
synth_16216,75
synth_16100,75
synth_16145,75
synth_16224,75
synth_16059,75
synth_16071,75
synth_16204,75
synth_16193,75
synth_16201,75
synth_16099,75
synth_16178,75
synth_16140,75
synth_16196,75
synth_16202,75
synth_16066,75
synth_16080,75
synth_16151,75
synth_16185,75
synth_16076,75
synth_16191,75
synth_16236,75
synth_16122,75
synth_16170,75
synth_16159,75
synth_16113,75
synth_16198,75
synth_16116,75
synth_16173,75
synth_16195,75
synth_16197,75
synth_16199,75
synth_16167,75
synth_16179,75
synth_16210,75
synth_16211,75
synth_16183,75
synth_16222,75
synth_16107,75
synth_16077,75
synth_16095,75
synth_16160,75
synth_16209,75
synth_16187,75
synth_16061,75
synth_16126,75
synth_16157,75
synth_16181,75
synth_16235,75
synth_16085,75
synth_16123,75
synth_16148,75
synth_16189,75
synth_16180,75
synth_16203,75
synth_16110,75
synth_16182,75
synth_16231,75
synth_16075,75
synth_16064,75
synth_16218,75
synth_16208,75
synth_16228,75
synth_16233,75
synth_16087,75
synth_16094,75
synth_16132,75
synth_16213,75
synth_16143,75
synth_16063,75
synth_16117,75
synth_16146,75
synth_16093,75
synth_16081,75
synth_16083,75
synth_16074,75
synth_16194,75
synth_16106,75
synth_16112,75
synth_16141,75
synth_16125,75
synth_16134,75
synth_16069,75
synth_16215,75
synth_16144,75
synth_16092,75
synth_16119,75
synth_16156,75
synth_16200,75
synth_16067,75
synth_16086,75
synth_16319,74
synth_16325,74
synth_16264,74
synth_16370,74
synth_16290,74
synth_16302,74
synth_16400,74
synth_16339,74
synth_16291,74
synth_16316,74
synth_16257,74
synth_16252,74
synth_16318,74
synth_16259,74
synth_16254,74
synth_16353,74
synth_16386,74
synth_16396,74
synth_16241,74
synth_16381,74
synth_16256,74
synth_16282,74
synth_16385,74
synth_16275,74
synth_16328,74
synth_16309,74
synth_16313,74
synth_16378,74
synth_16327,74
synth_16363,74
synth_16279,74
synth_16289,74
synth_16258,74
synth_16263,74
synth_16240,74
synth_16368,74
synth_16303,74
synth_16336,74
synth_16352,74
synth_16345,74
synth_16298,74
synth_16392,74
synth_16280,74
synth_16374,74
synth_16287,74
synth_16414,74
synth_16293,74
synth_16305,74
synth_16338,74
synth_16382,74
synth_16415,74
synth_16281,74
synth_16401,74
synth_16300,74
synth_16393,74
synth_16331,74
synth_16342,74
synth_16399,74
synth_16340,74
synth_16372,74
synth_16273,74
synth_16288,74
synth_16326,74
synth_16418,74
synth_16411,74
synth_16301,74
synth_16317,74
synth_16362,74
synth_16294,74
synth_16359,74
synth_16249,74
synth_16278,74
synth_16299,74
synth_16321,74
synth_16320,74
synth_16334,74
synth_16344,74
synth_16311,74
synth_16346,74
synth_16366,74
synth_16341,74
synth_16306,74
synth_16416,74
synth_16268,74
synth_16417,74
synth_16304,74
synth_16380,74
synth_16394,74
synth_16403,74
synth_16335,74
synth_16377,74
synth_16420,74
synth_16308,74
synth_16245,74
synth_16271,74
synth_16267,74
synth_16250,74
synth_16379,74
synth_16255,74
synth_16262,74
synth_16323,74
synth_16333,74
synth_16419,74
synth_16251,74
synth_16284,74
synth_16404,74
synth_16237,74
synth_16247,74
synth_16295,74
synth_16351,74
synth_16355,74
synth_16242,74
synth_16324,74
synth_16407,74
synth_16343,74
synth_16375,74
synth_16296,74
synth_16365,74
synth_16384,74
synth_16244,74
synth_16310,74
synth_16409,74
synth_16260,74
synth_16349,74
synth_16307,74
synth_16246,74
synth_16272,74
synth_16405,74
synth_16270,74
synth_16283,74
synth_16387,74
synth_16406,74
synth_16248,74
synth_16329,74
synth_16408,74
synth_16410,74
synth_16413,74
synth_16285,74
synth_16367,74
synth_16402,74
synth_16348,74
synth_16238,74
synth_16330,74
synth_16292,74
synth_16369,74
synth_16286,74
synth_16357,74
synth_16383,74
synth_16347,74
synth_16332,74
synth_16269,74
synth_16239,74
synth_16391,74
synth_16388,74
synth_16358,74
synth_16337,74
synth_16389,74
synth_16253,74
synth_16312,74
synth_16297,74
synth_16243,74
synth_16364,74
synth_16261,74
synth_16274,74
synth_16397,74
synth_16265,74
synth_16373,74
synth_16398,74
synth_16412,74
synth_16356,74
synth_16315,74
synth_16361,74
synth_16376,74
synth_16350,74
synth_16390,74
synth_16276,74
synth_16354,74
synth_16322,74
synth_16371,74
synth_16360,74
synth_16266,74
synth_16277,74
synth_16395,74
synth_16314,74
synth_16543,73
synth_16588,73
synth_16600,73
synth_16493,73
synth_16538,73
synth_16473,73
synth_16470,73
synth_16514,73
synth_16438,73
synth_16576,73
synth_16467,73
synth_16449,73
synth_16469,73
synth_16458,73
synth_16505,73
synth_16440,73
synth_16453,73
synth_16437,73
synth_16501,73
synth_16486,73
synth_16433,73
synth_16555,73
synth_16508,73
synth_16593,73
synth_16549,73
synth_16492,73
synth_16435,73
synth_16515,73
synth_16494,73
synth_16509,73
synth_16521,73
synth_16497,73
synth_16446,73
synth_16498,73
synth_16504,73
synth_16566,73
synth_16571,73
synth_16487,73
synth_16556,73
synth_16545,73
synth_16599,73
synth_16429,73
synth_16485,73
synth_16535,73
synth_16445,73
synth_16430,73
synth_16540,73
synth_16481,73
synth_16431,73
synth_16450,73
synth_16442,73
synth_16604,73
synth_16568,73
synth_16573,73
synth_16471,73
synth_16544,73
synth_16608,73
synth_16503,73
synth_16455,73
synth_16601,73
synth_16510,73
synth_16516,73
synth_16596,73
synth_16597,73
synth_16592,73
synth_16534,73
synth_16552,73
synth_16477,73
synth_16472,73
synth_16519,73
synth_16461,73
synth_16523,73
synth_16427,73
synth_16518,73
synth_16607,73
synth_16594,73
synth_16439,73
synth_16454,73
synth_16423,73
synth_16432,73
synth_16585,73
synth_16524,73
synth_16475,73
synth_16448,73
synth_16522,73
synth_16536,73
synth_16554,73
synth_16459,73
synth_16463,73
synth_16476,73
synth_16478,73
synth_16426,73
synth_16466,73
synth_16533,73
synth_16527,73
synth_16428,73
synth_16496,73
synth_16462,73
synth_16564,73
synth_16489,73
synth_16512,73
synth_16591,73
synth_16560,73
synth_16587,73
synth_16558,73
synth_16574,73
synth_16572,73
synth_16590,73
synth_16447,73
synth_16586,73
synth_16495,73
synth_16541,73
synth_16603,73
synth_16561,73
synth_16479,73
synth_16460,73
synth_16575,73
synth_16506,73
synth_16537,73
synth_16546,73
synth_16602,73
synth_16425,73
synth_16457,73
synth_16499,73
synth_16605,73
synth_16584,73
synth_16529,73
synth_16539,73
synth_16563,73
synth_16452,73
synth_16530,73
synth_16531,73
synth_16421,73
synth_16583,73
synth_16434,73
synth_16577,73
synth_16606,73
synth_16551,73
synth_16532,73
synth_16424,73
synth_16579,73
synth_16598,73
synth_16542,73
synth_16567,73
synth_16491,73
synth_16526,73
synth_16520,73
synth_16595,73
synth_16456,73
synth_16443,73
synth_16570,73
synth_16511,73
synth_16582,73
synth_16581,73
synth_16559,73
synth_16565,73
synth_16580,73
synth_16488,73
synth_16557,73
synth_16441,73
synth_16550,73
synth_16553,73
synth_16465,73
synth_16548,73
synth_16562,73
synth_16444,73
synth_16528,73
synth_16589,73
synth_16422,73
synth_16451,73
synth_16517,73
synth_16490,73
synth_16578,73
synth_16436,73
synth_16464,73
synth_16502,73
synth_16474,73
synth_16513,73
synth_16500,73
synth_16507,73
synth_16482,73
synth_16483,73
synth_16468,73
synth_16525,73
synth_16569,73
synth_16480,73
synth_16484,73
synth_16547,73
synth_16651,72
synth_16649,72
synth_16768,72
synth_16625,72
synth_16632,72
synth_16697,72
synth_16715,72
synth_16772,72
synth_16624,72
synth_16732,72
synth_16767,72
synth_16679,72
synth_16756,72
synth_16677,72
synth_16702,72
synth_16650,72
synth_16759,72
synth_16785,72
synth_16695,72
synth_16620,72
synth_16666,72
synth_16731,72
synth_16757,72
synth_16791,72
synth_16634,72
synth_16708,72
synth_16733,72
synth_16637,72
synth_16681,72
synth_16766,72
synth_16609,72
synth_16709,72
synth_16750,72
synth_16628,72
synth_16693,72
synth_16623,72
synth_16761,72
synth_16723,72
synth_16648,72
synth_16776,72
synth_16777,72
synth_16689,72
synth_16720,72
synth_16741,72
synth_16725,72
synth_16782,72
synth_16668,72
synth_16675,72
synth_16707,72
synth_16729,72
synth_16704,72
synth_16643,72
synth_16680,72
synth_16790,72
synth_16734,72
synth_16797,72
synth_16728,72
synth_16747,72
synth_16774,72
synth_16683,72
synth_16749,72
synth_16688,72
synth_16763,72
synth_16764,72
synth_16690,72
synth_16653,72
synth_16703,72
synth_16612,72
synth_16686,72
synth_16792,72
synth_16621,72
synth_16737,72
synth_16717,72
synth_16627,72
synth_16787,72
synth_16795,72
synth_16667,72
synth_16746,72
synth_16638,72
synth_16616,72
synth_16617,72
synth_16656,72
synth_16662,72
synth_16611,72
synth_16644,72
synth_16696,72
synth_16789,72
synth_16802,72
synth_16641,72
synth_16775,72
synth_16726,72
synth_16630,72
synth_16769,72
synth_16727,72
synth_16716,72
synth_16752,72
synth_16784,72
synth_16685,72
synth_16692,72
synth_16622,72
synth_16629,72
synth_16754,72
synth_16652,72
synth_16657,72
synth_16678,72
synth_16799,72
synth_16682,72
synth_16788,72
synth_16676,72
synth_16736,72
synth_16801,72
synth_16633,72
synth_16783,72
synth_16739,72
synth_16642,72
synth_16714,72
synth_16786,72
synth_16700,72
synth_16730,72
synth_16724,72
synth_16660,72
synth_16673,72
synth_16701,72
synth_16687,72
synth_16691,72
synth_16743,72
synth_16698,72
synth_16669,72
synth_16672,72
synth_16765,72
synth_16684,72
synth_16646,72
synth_16671,72
synth_16751,72
synth_16779,72
synth_16722,72
synth_16735,72
synth_16771,72
synth_16781,72
synth_16615,72
synth_16631,72
synth_16647,72
synth_16794,72
synth_16614,72
synth_16710,72
synth_16640,72
synth_16670,72
synth_16639,72
synth_16626,72
synth_16778,72
synth_16635,72
synth_16742,72
synth_16645,72
synth_16748,72
synth_16655,72
synth_16755,72
synth_16618,72
synth_16713,72
synth_16718,72
synth_16798,72
synth_16658,72
synth_16663,72
synth_16740,72
synth_16712,72
synth_16800,72
synth_16674,72
synth_16721,72
synth_16711,72
synth_16719,72
synth_16661,72
synth_16664,72
synth_16745,72
synth_16636,72
synth_16753,72
synth_16659,72
synth_16694,72
synth_16613,72
synth_16770,72
synth_16619,72
synth_16744,72
synth_16758,72
synth_16610,72
synth_16705,72
synth_16706,72
synth_16773,72
synth_16654,72
synth_16699,72
synth_16738,72
synth_16796,72
synth_16780,72
synth_16793,72
synth_16762,72
synth_16665,72
synth_16760,72
synth_16951,71
synth_16987,71
synth_16812,71
synth_16902,71
synth_16859,71
synth_16852,71
synth_16810,71
synth_16959,71
synth_16983,71
synth_16833,71
synth_16863,71
synth_16966,71
synth_16926,71
synth_16948,71
synth_16829,71
synth_16845,71
synth_16844,71
synth_16990,71
synth_16997,71
synth_16830,71
synth_16871,71
synth_16934,71
synth_16906,71
synth_16879,71
synth_16989,71
synth_16900,71
synth_16962,71
synth_16818,71
synth_16827,71
synth_16821,71
synth_16971,71
synth_16898,71
synth_16925,71
synth_16947,71
synth_16846,71
synth_16903,71
synth_16992,71
synth_16915,71
synth_16837,71
synth_16862,71
synth_16878,71
synth_16956,71
synth_16991,71
synth_16912,71
synth_16928,71
synth_16974,71
synth_16839,71
synth_16937,71
synth_16809,71
synth_16866,71
synth_16919,71
synth_16824,71
synth_16891,71
synth_16820,71
synth_16897,71
synth_16952,71
synth_16904,71
synth_17000,71
synth_16972,71
synth_16913,71
synth_16842,71
synth_16813,71
synth_16895,71
synth_16975,71
synth_16921,71
synth_16806,71
synth_16805,71
synth_16864,71
synth_16890,71
synth_16861,71
synth_16823,71
synth_16894,71
synth_16868,71
synth_16939,71
synth_16851,71
synth_16957,71
synth_16993,71
synth_16882,71
synth_16946,71
synth_16940,71
synth_16955,71
synth_16998,71
synth_16965,71
synth_16976,71
synth_16816,71
synth_16995,71
synth_16836,71
synth_16835,71
synth_16874,71
synth_16985,71
synth_16867,71
synth_16963,71
synth_16834,71
synth_16804,71
synth_16892,71
synth_16828,71
synth_16817,71
synth_16886,71
synth_16920,71
synth_16981,71
synth_16909,71
synth_16811,71
synth_16994,71
synth_16880,71
synth_16973,71
synth_16941,71
synth_16945,71
synth_16914,71
synth_16931,71
synth_16814,71
synth_16832,71
synth_16873,71
synth_16884,71
synth_16953,71
synth_16854,71
synth_16872,71
synth_16831,71
synth_16943,71
synth_16935,71
synth_16858,71
synth_16936,71
synth_16803,71
synth_16822,71
synth_16847,71
synth_16888,71
synth_16969,71
synth_16980,71
synth_16841,71
synth_16869,71
synth_16849,71
synth_16853,71
synth_16918,71
synth_16942,71
synth_16979,71
synth_16984,71
synth_16819,71
synth_16848,71
synth_16949,71
synth_16808,71
synth_16978,71
synth_16986,71
synth_16881,71
synth_16889,71
synth_16999,71
synth_16977,71
synth_16932,71
synth_16954,71
synth_16899,71
synth_16857,71
synth_16876,71
synth_16968,71
synth_16988,71
synth_16855,71
synth_16865,71
synth_16877,71
synth_16924,71
synth_16930,71
synth_16850,71
synth_16970,71
synth_16883,71
synth_16938,71
synth_16843,71
synth_16887,71
synth_16896,71
synth_16916,71
synth_16960,71
synth_16826,71
synth_16840,71
synth_16996,71
synth_16910,71
synth_16905,71
synth_16958,71
synth_16961,71
synth_16815,71
synth_16875,71
synth_16923,71
synth_16885,71
synth_16901,71
synth_16922,71
synth_16933,71
synth_16950,71
synth_16964,71
synth_16838,71
synth_16911,71
synth_16982,71
synth_16908,71
synth_16860,71
synth_16917,71
synth_16870,71
synth_16929,71
synth_16967,71
synth_16944,71
synth_16825,71
synth_16907,71
synth_16856,71
synth_16893,71
synth_16807,71
synth_16927,71
synth_17105,70
synth_17016,70
synth_17175,70
synth_17100,70
synth_17146,70
synth_17023,70
synth_17183,70
synth_17193,70
synth_17025,70
synth_17058,70
synth_17085,70
synth_17180,70
synth_17128,70
synth_17161,70
synth_17064,70
synth_17095,70
synth_17145,70
synth_17163,70
synth_17188,70
synth_17049,70
synth_17094,70
synth_17117,70
synth_17106,70
synth_17093,70
synth_17101,70
synth_17111,70
synth_17039,70
synth_17162,70
synth_17177,70
synth_17033,70
synth_17091,70
synth_17103,70
synth_17164,70
synth_17007,70
synth_17123,70
synth_17141,70
synth_17166,70
synth_17001,70
synth_17032,70
synth_17028,70
synth_17079,70
synth_17176,70
synth_17137,70
synth_17185,70
synth_17201,70
synth_17099,70
synth_17112,70
synth_17143,70
synth_17178,70
synth_17005,70
synth_17018,70
synth_17140,70
synth_17063,70
synth_17170,70
synth_17108,70
synth_17053,70
synth_17076,70
synth_17203,70
synth_17040,70
synth_17154,70
synth_17061,70
synth_17186,70
synth_17173,70
synth_17010,70
synth_17167,70
synth_17131,70
synth_17172,70
synth_17174,70
synth_17158,70
synth_17087,70
synth_17070,70
synth_17156,70
synth_17171,70
synth_17062,70
synth_17115,70
synth_17008,70
synth_17125,70
synth_17142,70
synth_17060,70
synth_17068,70
synth_17088,70
synth_17096,70
synth_17139,70
synth_17004,70
synth_17067,70
synth_17037,70
synth_17110,70
synth_17078,70
synth_17114,70
synth_17015,70
synth_17022,70
synth_17109,70
synth_17014,70
synth_17003,70
synth_17081,70
synth_17189,70
synth_17017,70
synth_17074,70
synth_17104,70
synth_17098,70
synth_17118,70
synth_17012,70
synth_17144,70
synth_17196,70
synth_17065,70
synth_17002,70
synth_17069,70
synth_17084,70
synth_17138,70
synth_17150,70
synth_17048,70
synth_17050,70
synth_17052,70
synth_17157,70
synth_17011,70
synth_17038,70
synth_17006,70
synth_17082,70
synth_17113,70
synth_17122,70
synth_17160,70
synth_17151,70
synth_17009,70
synth_17184,70
synth_17024,70
synth_17021,70
synth_17083,70
synth_17119,70
synth_17120,70
synth_17107,70
synth_17080,70
synth_17134,70
synth_17132,70
synth_17019,70
synth_17097,70
synth_17202,70
synth_17057,70
synth_17198,70
synth_17204,70
synth_17155,70
synth_17027,70
synth_17045,70
synth_17152,70
synth_17169,70
synth_17056,70
synth_17197,70
synth_17031,70
synth_17072,70
synth_17066,70
synth_17130,70
synth_17199,70
synth_17200,70
synth_17013,70
synth_17153,70
synth_17051,70
synth_17149,70
synth_17092,70
synth_17195,70
synth_17055,70
synth_17159,70
synth_17042,70
synth_17124,70
synth_17133,70
synth_17129,70
synth_17165,70
synth_17190,70
synth_17077,70
synth_17116,70
synth_17194,70
synth_17044,70
synth_17135,70
synth_17191,70
synth_17047,70
synth_17127,70
synth_17030,70
synth_17102,70
synth_17179,70
synth_17036,70
synth_17054,70
synth_17147,70
synth_17029,70
synth_17041,70
synth_17035,70
synth_17046,70
synth_17182,70
synth_17059,70
synth_17075,70
synth_17192,70
synth_17073,70
synth_17089,70
synth_17136,70
synth_17181,70
synth_17026,70
synth_17034,70
synth_17187,70
synth_17126,70
synth_17071,70
synth_17121,70
synth_17020,70
synth_17090,70
synth_17148,70
synth_17168,70
synth_17043,70
synth_17086,70
synth_17304,69
synth_17322,69
synth_17234,69
synth_17301,69
synth_17257,69
synth_17380,69
synth_17341,69
synth_17321,69
synth_17408,69
synth_17364,69
synth_17239,69
synth_17297,69
synth_17293,69
synth_17236,69
synth_17313,69
synth_17371,69
synth_17295,69
synth_17400,69
synth_17317,69
synth_17369,69
synth_17366,69
synth_17243,69
synth_17383,69
synth_17213,69
synth_17332,69
synth_17349,69
synth_17385,69
synth_17319,69
synth_17242,69
synth_17288,69
synth_17303,69
synth_17396,69
synth_17384,69
synth_17286,69
synth_17252,69
synth_17350,69
synth_17376,69
synth_17205,69
synth_17405,69
synth_17281,69
synth_17318,69
synth_17276,69
synth_17340,69
synth_17300,69
synth_17407,69
synth_17307,69
synth_17266,69
synth_17238,69
synth_17342,69
synth_17229,69
synth_17361,69
synth_17337,69
synth_17224,69
synth_17299,69
synth_17347,69
synth_17267,69
synth_17268,69
synth_17223,69
synth_17382,69
synth_17225,69
synth_17375,69
synth_17310,69
synth_17325,69
synth_17211,69
synth_17399,69
synth_17315,69
synth_17259,69
synth_17372,69
synth_17237,69
synth_17232,69
synth_17274,69
synth_17222,69
synth_17308,69
synth_17413,69
synth_17247,69
synth_17285,69
synth_17362,69
synth_17231,69
synth_17314,69
synth_17390,69
synth_17381,69
synth_17249,69
synth_17327,69
synth_17363,69
synth_17353,69
synth_17273,69
synth_17248,69
synth_17309,69
synth_17283,69
synth_17411,69
synth_17255,69
synth_17282,69
synth_17343,69
synth_17374,69
synth_17208,69
synth_17269,69
synth_17284,69
synth_17311,69
synth_17370,69
synth_17227,69
synth_17305,69
synth_17240,69
synth_17244,69
synth_17258,69
synth_17392,69
synth_17316,69
synth_17226,69
synth_17406,69
synth_17228,69
synth_17292,69
synth_17216,69
synth_17397,69
synth_17217,69
synth_17241,69
synth_17221,69
synth_17357,69
synth_17335,69
synth_17355,69
synth_17324,69
synth_17331,69
synth_17306,69
synth_17279,69
synth_17352,69
synth_17389,69
synth_17329,69
synth_17401,69
synth_17287,69
synth_17265,69
synth_17272,69
synth_17291,69
synth_17220,69
synth_17251,69
synth_17391,69
synth_17359,69
synth_17245,69
synth_17409,69
synth_17270,69
synth_17280,69
synth_17264,69
synth_17393,69
synth_17294,69
synth_17360,69
synth_17336,69
synth_17348,69
synth_17312,69
synth_17320,69
synth_17351,69
synth_17398,69
synth_17387,69
synth_17346,69
synth_17386,69
synth_17378,69
synth_17298,69
synth_17214,69
synth_17379,69
synth_17333,69
synth_17207,69
synth_17206,69
synth_17354,69
synth_17290,69
synth_17388,69
synth_17215,69
synth_17278,69
synth_17373,69
synth_17404,69
synth_17271,69
synth_17302,69
synth_17289,69
synth_17253,69
synth_17330,69
synth_17395,69
synth_17261,69
synth_17338,69
synth_17260,69
synth_17275,69
synth_17356,69
synth_17367,69
synth_17334,69
synth_17402,69
synth_17323,69
synth_17365,69
synth_17412,69
synth_17246,69
synth_17219,69
synth_17210,69
synth_17250,69
synth_17209,69
synth_17339,69
synth_17263,69
synth_17218,69
synth_17328,69
synth_17262,69
synth_17345,69
synth_17277,69
synth_17358,69
synth_17394,69
synth_17212,69
synth_17233,69
synth_17254,69
synth_17230,69
synth_17256,69
synth_17326,69
synth_17235,69
synth_17403,69
synth_17377,69
synth_17296,69
synth_17368,69
synth_17344,69
synth_17410,69
synth_17432,68
synth_17454,68
synth_17470,68
synth_17463,68
synth_17505,68
synth_17552,68
synth_17520,68
synth_17483,68
synth_17498,68
synth_17532,68
synth_17488,68
synth_17551,68
synth_17619,68
synth_17451,68
synth_17475,68
synth_17439,68
synth_17491,68
synth_17525,68
synth_17449,68
synth_17500,68
synth_17584,68
synth_17437,68
synth_17495,68
synth_17456,68
synth_17466,68
synth_17474,68
synth_17557,68
synth_17575,68
synth_17587,68
synth_17560,68
synth_17533,68
synth_17598,68
synth_17576,68
synth_17422,68
synth_17510,68
synth_17469,68
synth_17521,68
synth_17603,68
synth_17467,68
synth_17617,68
synth_17444,68
synth_17468,68
synth_17626,68
synth_17485,68
synth_17435,68
synth_17595,68
synth_17588,68
synth_17472,68
synth_17556,68
synth_17545,68
synth_17608,68
synth_17461,68
synth_17613,68
synth_17436,68
synth_17567,68
synth_17573,68
synth_17514,68
synth_17577,68
synth_17504,68
synth_17484,68
synth_17501,68
synth_17447,68
synth_17506,68
synth_17554,68
synth_17446,68
synth_17515,68
synth_17599,68
synth_17519,68
synth_17606,68
synth_17628,68
synth_17430,68
synth_17443,68
synth_17590,68
synth_17531,68
synth_17569,68
synth_17438,68
synth_17618,68
synth_17561,68
synth_17612,68
synth_17570,68
synth_17457,68
synth_17464,68
synth_17507,68
synth_17548,68
synth_17471,68
synth_17535,68
synth_17585,68
synth_17593,68
synth_17600,68
synth_17609,68
synth_17583,68
synth_17601,68
synth_17611,68
synth_17564,68
synth_17462,68
synth_17589,68
synth_17440,68
synth_17594,68
synth_17572,68
synth_17582,68
synth_17624,68
synth_17493,68
synth_17513,68
synth_17620,68
synth_17425,68
synth_17434,68
synth_17429,68
synth_17540,68
synth_17549,68
synth_17615,68
synth_17524,68
synth_17445,68
synth_17452,68
synth_17586,68
synth_17610,68
synth_17420,68
synth_17442,68
synth_17558,68
synth_17511,68
synth_17489,68
synth_17571,68
synth_17623,68
synth_17458,68
synth_17481,68
synth_17528,68
synth_17550,68
synth_17480,68
synth_17494,68
synth_17418,68
synth_17490,68
synth_17542,68
synth_17543,68
synth_17421,68
synth_17459,68
synth_17574,68
synth_17553,68
synth_17431,68
synth_17496,68
synth_17503,68
synth_17616,68
synth_17465,68
synth_17566,68
synth_17534,68
synth_17536,68
synth_17487,68
synth_17605,68
synth_17622,68
synth_17565,68
synth_17448,68
synth_17486,68
synth_17497,68
synth_17578,68
synth_17523,68
synth_17426,68
synth_17547,68
synth_17476,68
synth_17526,68
synth_17477,68
synth_17527,68
synth_17591,68
synth_17478,68
synth_17581,68
synth_17580,68
synth_17604,68
synth_17627,68
synth_17621,68
synth_17516,68
synth_17416,68
synth_17441,68
synth_17602,68
synth_17417,68
synth_17530,68
synth_17538,68
synth_17508,68
synth_17509,68
synth_17473,68
synth_17579,68
synth_17522,68
synth_17502,68
synth_17424,68
synth_17450,68
synth_17423,68
synth_17546,68
synth_17414,68
synth_17419,68
synth_17433,68
synth_17460,68
synth_17563,68
synth_17544,68
synth_17537,68
synth_17555,68
synth_17529,68
synth_17539,68
synth_17517,68
synth_17415,68
synth_17559,68
synth_17597,68
synth_17518,68
synth_17427,68
synth_17568,68
synth_17625,68
synth_17482,68
synth_17499,68
synth_17455,68
synth_17541,68
synth_17562,68
synth_17453,68
synth_17492,68
synth_17428,68
synth_17596,68
synth_17607,68
synth_17479,68
synth_17512,68
synth_17614,68
synth_17592,68
synth_17675,67
synth_17706,67
synth_17778,67
synth_17745,67
synth_17770,67
synth_17721,67
synth_17678,67
synth_17693,67
synth_17812,67
synth_17846,67
synth_17676,67
synth_17663,67
synth_17672,67
synth_17810,67
synth_17818,67
synth_17815,67
synth_17646,67
synth_17650,67
synth_17723,67
synth_17848,67
synth_17689,67
synth_17774,67
synth_17773,67
synth_17658,67
synth_17761,67
synth_17809,67
synth_17840,67
synth_17669,67
synth_17768,67
synth_17833,67
synth_17739,67
synth_17647,67
synth_17756,67
synth_17834,67
synth_17698,67
synth_17629,67
synth_17633,67
synth_17742,67
synth_17703,67
synth_17819,67
synth_17789,67
synth_17816,67
synth_17697,67
synth_17786,67
synth_17711,67
synth_17725,67
synth_17763,67
synth_17709,67
synth_17769,67
synth_17766,67
synth_17718,67
synth_17662,67
synth_17787,67
synth_17656,67
synth_17671,67
synth_17710,67
synth_17685,67
synth_17677,67
synth_17835,67
synth_17639,67
synth_17822,67
synth_17799,67
synth_17630,67
synth_17757,67
synth_17825,67
synth_17687,67
synth_17776,67
synth_17804,67
synth_17666,67
synth_17760,67
synth_17807,67
synth_17762,67
synth_17702,67
synth_17722,67
synth_17641,67
synth_17695,67
synth_17808,67
synth_17753,67
synth_17636,67
synth_17821,67
synth_17788,67
synth_17841,67
synth_17735,67
synth_17811,67
synth_17643,67
synth_17638,67
synth_17712,67
synth_17746,67
synth_17755,67
synth_17661,67
synth_17748,67
synth_17696,67
synth_17743,67
synth_17790,67
synth_17683,67
synth_17780,67
synth_17679,67
synth_17634,67
synth_17660,67
synth_17844,67
synth_17715,67
synth_17670,67
synth_17782,67
synth_17707,67
synth_17744,67
synth_17785,67
synth_17793,67
synth_17648,67
synth_17686,67
synth_17801,67
synth_17726,67
synth_17777,67
synth_17843,67
synth_17798,67
synth_17740,67
synth_17838,67
synth_17667,67
synth_17817,67
synth_17716,67
synth_17802,67
synth_17635,67
synth_17665,67
synth_17733,67
synth_17699,67
synth_17845,67
synth_17632,67
synth_17681,67
synth_17682,67
synth_17738,67
synth_17831,67
synth_17797,67
synth_17828,67
synth_17732,67
synth_17832,67
synth_17813,67
synth_17847,67
synth_17765,67
synth_17781,67
synth_17651,67
synth_17775,67
synth_17758,67
synth_17796,67
synth_17800,67
synth_17727,67
synth_17631,67
synth_17694,67
synth_17644,67
synth_17803,67
synth_17684,67
synth_17736,67
synth_17794,67
synth_17704,67
synth_17645,67
synth_17653,67
synth_17714,67
synth_17752,67
synth_17729,67
synth_17680,67
synth_17779,67
synth_17664,67
synth_17688,67
synth_17771,67
synth_17837,67
synth_17637,67
synth_17754,67
synth_17750,67
synth_17820,67
synth_17640,67
synth_17652,67
synth_17751,67
synth_17759,67
synth_17654,67
synth_17700,67
synth_17720,67
synth_17655,67
synth_17692,67
synth_17795,67
synth_17824,67
synth_17730,67
synth_17731,67
synth_17674,67
synth_17741,67
synth_17792,67
synth_17839,67
synth_17842,67
synth_17791,67
synth_17690,67
synth_17784,67
synth_17805,67
synth_17734,67
synth_17659,67
synth_17749,67
synth_17668,67
synth_17717,67
synth_17708,67
synth_17747,67
synth_17724,67
synth_17826,67
synth_17827,67
synth_17657,67
synth_17673,67
synth_17814,67
synth_17719,67
synth_17728,67
synth_17713,67
synth_17737,67
synth_17701,67
synth_17649,67
synth_17767,67
synth_17642,67
synth_17806,67
synth_17830,67
synth_17772,67
synth_17829,67
synth_17705,67
synth_17836,67
synth_17823,67
synth_17783,67
synth_17691,67
synth_17764,67
synth_17923,66
synth_17980,66
synth_18024,66
synth_17946,66
synth_17873,66
synth_18053,66
synth_17875,66
synth_17979,66
synth_17953,66
synth_17987,66
synth_17955,66
synth_17994,66
synth_18032,66
synth_18033,66
synth_17894,66
synth_18017,66
synth_17984,66
synth_18049,66
synth_18037,66
synth_18057,66
synth_18066,66
synth_17901,66
synth_17931,66
synth_17863,66
synth_18003,66
synth_17927,66
synth_17849,66
synth_18061,66
synth_17887,66
synth_17971,66
synth_18040,66
synth_17860,66
synth_18019,66
synth_18041,66
synth_18044,66
synth_17978,66
synth_18012,66
synth_18069,66
synth_17889,66
synth_18046,66
synth_17857,66
synth_17960,66
synth_17995,66
synth_17949,66
synth_18028,66
synth_18072,66
synth_17896,66
synth_17908,66
synth_17989,66
synth_18042,66
synth_17933,66
synth_17932,66
synth_18027,66
synth_17959,66
synth_17973,66
synth_17856,66
synth_17892,66
synth_17930,66
synth_17868,66
synth_17937,66
synth_17952,66
synth_17944,66
synth_18021,66
synth_17928,66
synth_17867,66
synth_17936,66
synth_17941,66
synth_17999,66
synth_17880,66
synth_18016,66
synth_17891,66
synth_17993,66
synth_17962,66
synth_17926,66
synth_17982,66
synth_18070,66
synth_17997,66
synth_18007,66
synth_18052,66
synth_17876,66
synth_18038,66
synth_17950,66
synth_17917,66
synth_17996,66
synth_18059,66
synth_17881,66
synth_17954,66
synth_17915,66
synth_17988,66
synth_18022,66
synth_18036,66
synth_18009,66
synth_17968,66
synth_17865,66
synth_17951,66
synth_18020,66
synth_17991,66
synth_18054,66
synth_18050,66
synth_17981,66
synth_17921,66
synth_18064,66
synth_18071,66
synth_18063,66
synth_17916,66
synth_18068,66
synth_18067,66
synth_17983,66
synth_18018,66
synth_17942,66
synth_17871,66
synth_18031,66
synth_18030,66
synth_17977,66
synth_17919,66
synth_17913,66
synth_18010,66
synth_17893,66
synth_18005,66
synth_17858,66
synth_17877,66
synth_17886,66
synth_17964,66
synth_17970,66
synth_18015,66
synth_17866,66
synth_17879,66
synth_17945,66
synth_17966,66
synth_17899,66
synth_18062,66
synth_17974,66
synth_17920,66
synth_17922,66
synth_17862,66
synth_17961,66
synth_17907,66
synth_17947,66
synth_18026,66
synth_17898,66
synth_17851,66
synth_17878,66
synth_18056,66
synth_18035,66
synth_18002,66
synth_17958,66
synth_17888,66
synth_18000,66
synth_17870,66
synth_17948,66
synth_17943,66
synth_18006,66
synth_17934,66
synth_17895,66
synth_18013,66
synth_18045,66
synth_18029,66
synth_18055,66
synth_17967,66
synth_17885,66
synth_17911,66
synth_18043,66
synth_17861,66
synth_17890,66
synth_18048,66
synth_17864,66
synth_17904,66
synth_18001,66
synth_17985,66
synth_17912,66
synth_17906,66
synth_18065,66
synth_17902,66
synth_17972,66
synth_17874,66
synth_17910,66
synth_17900,66
synth_18011,66
synth_18051,66
synth_18058,66
synth_17850,66
synth_17940,66
synth_17965,66
synth_18047,66
synth_18039,66
synth_17963,66
synth_17897,66
synth_18073,66
synth_17957,66
synth_18060,66
synth_17986,66
synth_17998,66
synth_17990,66
synth_17882,66
synth_17939,66
synth_17883,66
synth_17855,66
synth_17976,66
synth_17935,66
synth_17992,66
synth_18023,66
synth_17929,66
synth_18025,66
synth_17859,66
synth_17905,66
synth_17909,66
synth_17914,66
synth_17925,66
synth_17924,66
synth_18075,66
synth_18014,66
synth_18034,66
synth_17869,66
synth_17853,66
synth_17854,66
synth_17918,66
synth_17975,66
synth_18004,66
synth_17969,66
synth_18074,66
synth_17956,66
synth_17903,66
synth_17938,66
synth_17884,66
synth_17852,66
synth_17872,66
synth_18008,66
synth_18083,65
synth_18116,65
synth_18191,65
synth_18122,65
synth_18176,65
synth_18178,65
synth_18151,65
synth_18085,65
synth_18265,65
synth_18257,65
synth_18216,65
synth_18225,65
synth_18277,65
synth_18080,65
synth_18102,65
synth_18200,65
synth_18266,65
synth_18118,65
synth_18201,65
synth_18285,65
synth_18114,65
synth_18150,65
synth_18231,65
synth_18300,65
synth_18251,65
synth_18120,65
synth_18187,65
synth_18219,65
synth_18228,65
synth_18104,65
synth_18301,65
synth_18077,65
synth_18174,65
synth_18213,65
synth_18087,65
synth_18255,65
synth_18207,65
synth_18260,65
synth_18217,65
synth_18280,65
synth_18245,65
synth_18253,65
synth_18089,65
synth_18153,65
synth_18249,65
synth_18244,65
synth_18247,65
synth_18135,65
synth_18142,65
synth_18136,65
synth_18188,65
synth_18232,65
synth_18100,65
synth_18155,65
synth_18227,65
synth_18288,65
synth_18090,65
synth_18236,65
synth_18295,65
synth_18235,65
synth_18097,65
synth_18081,65
synth_18164,65
synth_18172,65
synth_18283,65
synth_18214,65
synth_18149,65
synth_18184,65
synth_18170,65
synth_18189,65
synth_18078,65
synth_18096,65
synth_18143,65
synth_18264,65
synth_18124,65
synth_18103,65
synth_18263,65
synth_18240,65
synth_18238,65
synth_18302,65
synth_18250,65
synth_18192,65
synth_18221,65
synth_18112,65
synth_18157,65
synth_18290,65
synth_18141,65
synth_18269,65
synth_18281,65
synth_18222,65
synth_18088,65
synth_18237,65
synth_18076,65
synth_18169,65
synth_18197,65
synth_18223,65
synth_18092,65
synth_18259,65
synth_18137,65
synth_18206,65
synth_18161,65
synth_18275,65
synth_18082,65
synth_18229,65
synth_18287,65
synth_18134,65
synth_18107,65
synth_18306,65
synth_18270,65
synth_18186,65
synth_18271,65
synth_18279,65
synth_18109,65
synth_18272,65
synth_18194,65
synth_18299,65
synth_18086,65
synth_18127,65
synth_18274,65
synth_18111,65
synth_18193,65
synth_18181,65
synth_18308,65
synth_18168,65
synth_18099,65
synth_18284,65
synth_18113,65
synth_18234,65
synth_18129,65
synth_18117,65
synth_18293,65
synth_18243,65
synth_18091,65
synth_18294,65
synth_18195,65
synth_18268,65
synth_18292,65
synth_18304,65
synth_18139,65
synth_18106,65
synth_18298,65
synth_18138,65
synth_18183,65
synth_18248,65
synth_18273,65
synth_18079,65
synth_18305,65
synth_18101,65
synth_18165,65
synth_18286,65
synth_18095,65
synth_18239,65
synth_18205,65
synth_18267,65
synth_18230,65
synth_18131,65
synth_18246,65
synth_18226,65
synth_18297,65
synth_18175,65
synth_18212,65
synth_18261,65
synth_18133,65
synth_18241,65
synth_18094,65
synth_18115,65
synth_18182,65
synth_18196,65
synth_18289,65
synth_18173,65
synth_18276,65
synth_18177,65
synth_18121,65
synth_18132,65
synth_18202,65
synth_18204,65
synth_18126,65
synth_18167,65
synth_18147,65
synth_18296,65
synth_18105,65
synth_18125,65
synth_18128,65
synth_18252,65
synth_18199,65
synth_18224,65
synth_18156,65
synth_18215,65
synth_18233,65
synth_18148,65
synth_18258,65
synth_18160,65
synth_18291,65
synth_18185,65
synth_18203,65
synth_18093,65
synth_18159,65
synth_18262,65
synth_18145,65
synth_18198,65
synth_18282,65
synth_18256,65
synth_18123,65
synth_18211,65
synth_18146,65
synth_18254,65
synth_18179,65
synth_18110,65
synth_18166,65
synth_18190,65
synth_18307,65
synth_18130,65
synth_18144,65
synth_18162,65
synth_18303,65
synth_18152,65
synth_18208,65
synth_18242,65
synth_18140,65
synth_18158,65
synth_18163,65
synth_18210,65
synth_18218,65
synth_18180,65
synth_18209,65
synth_18154,65
synth_18084,65
synth_18119,65
synth_18171,65
synth_18278,65
synth_18108,65
synth_18220,65
synth_18098,65
synth_18463,64
synth_18535,64
synth_18330,64
synth_18343,64
synth_18319,64
synth_18327,64
synth_18344,64
synth_18419,64
synth_18420,64
synth_18453,64
synth_18413,64
synth_18421,64
synth_18389,64
synth_18354,64
synth_18443,64
synth_18402,64
synth_18543,64
synth_18311,64
synth_18339,64
synth_18379,64
synth_18491,64
synth_18454,64
synth_18470,64
synth_18310,64
synth_18342,64
synth_18398,64
synth_18501,64
synth_18370,64
synth_18378,64
synth_18385,64
synth_18496,64
synth_18457,64
synth_18465,64
synth_18484,64
synth_18382,64
synth_18452,64
synth_18336,64
synth_18488,64
synth_18364,64
synth_18312,64
synth_18407,64
synth_18534,64
synth_18388,64
synth_18489,64
synth_18507,64
synth_18403,64
synth_18498,64
synth_18417,64
synth_18414,64
synth_18422,64
synth_18442,64
synth_18523,64
synth_18328,64
synth_18355,64
synth_18473,64
synth_18487,64
synth_18548,64
synth_18325,64
synth_18547,64
synth_18357,64
synth_18309,64
synth_18313,64
synth_18546,64
synth_18418,64
synth_18475,64
synth_18493,64
synth_18384,64
synth_18441,64
synth_18394,64
synth_18522,64
synth_18525,64
synth_18374,64
synth_18429,64
synth_18410,64
synth_18375,64
synth_18508,64
synth_18459,64
synth_18462,64
synth_18406,64
synth_18363,64
synth_18404,64
synth_18518,64
synth_18367,64
synth_18517,64
synth_18480,64
synth_18505,64
synth_18320,64
synth_18436,64
synth_18466,64
synth_18516,64
synth_18424,64
synth_18536,64
synth_18360,64
synth_18511,64
synth_18437,64
synth_18503,64
synth_18362,64
synth_18455,64
synth_18512,64
synth_18397,64
synth_18400,64
synth_18440,64
synth_18519,64
synth_18366,64
synth_18528,64
synth_18335,64
synth_18390,64
synth_18456,64
synth_18345,64
synth_18408,64
synth_18338,64
synth_18372,64
synth_18446,64
synth_18477,64
synth_18439,64
synth_18542,64
synth_18483,64
synth_18340,64
synth_18464,64
synth_18529,64
synth_18361,64
synth_18368,64
synth_18521,64
synth_18395,64
synth_18409,64
synth_18495,64
synth_18520,64
synth_18352,64
synth_18377,64
synth_18434,64
synth_18472,64
synth_18458,64
synth_18537,64
synth_18490,64
synth_18545,64
synth_18386,64
synth_18393,64
synth_18425,64
synth_18423,64
synth_18492,64
synth_18415,64
synth_18502,64
synth_18316,64
synth_18448,64
synth_18481,64
synth_18322,64
synth_18430,64
synth_18509,64
synth_18532,64
synth_18331,64
synth_18405,64
synth_18510,64
synth_18438,64
synth_18315,64
synth_18494,64
synth_18541,64
synth_18428,64
synth_18533,64
synth_18451,64
synth_18469,64
synth_18478,64
synth_18435,64
synth_18321,64
synth_18317,64
synth_18540,64
synth_18538,64
synth_18346,64
synth_18504,64
synth_18445,64
synth_18497,64
synth_18391,64
synth_18431,64
synth_18476,64
synth_18348,64
synth_18353,64
synth_18544,64
synth_18333,64
synth_18530,64
synth_18371,64
synth_18427,64
synth_18447,64
synth_18396,64
synth_18399,64
synth_18380,64
synth_18531,64
synth_18347,64
synth_18426,64
synth_18432,64
synth_18506,64
synth_18373,64
synth_18449,64
synth_18358,64
synth_18323,64
synth_18349,64
synth_18392,64
synth_18387,64
synth_18334,64
synth_18376,64
synth_18514,64
synth_18324,64
synth_18332,64
synth_18381,64
synth_18526,64
synth_18474,64
synth_18433,64
synth_18412,64
synth_18365,64
synth_18350,64
synth_18499,64
synth_18356,64
synth_18479,64
synth_18482,64
synth_18411,64
synth_18337,64
synth_18351,64
synth_18329,64
synth_18318,64
synth_18444,64
synth_18486,64
synth_18359,64
synth_18341,64
synth_18468,64
synth_18500,64
synth_18467,64
synth_18450,64
synth_18314,64
synth_18369,64
synth_18383,64
synth_18513,64
synth_18326,64
synth_18471,64
synth_18401,64
synth_18485,64
synth_18524,64
synth_18515,64
synth_18539,64
synth_18527,64
synth_18416,64
synth_18461,64
synth_18460,64
synth_18738,63
synth_18741,63
synth_18666,63
synth_18651,63
synth_18759,63
synth_18558,63
synth_18732,63
synth_18639,63
synth_18670,63
synth_18761,63
synth_18724,63
synth_18565,63
synth_18595,63
synth_18685,63
synth_18704,63
synth_18721,63
synth_18697,63
synth_18593,63
synth_18710,63
synth_18764,63
synth_18720,63
synth_18641,63
synth_18646,63
synth_18571,63
synth_18750,63
synth_18561,63
synth_18584,63
synth_18679,63
synth_18580,63
synth_18671,63
synth_18699,63
synth_18735,63
synth_18630,63
synth_18623,63
synth_18744,63
synth_18754,63
synth_18620,63
synth_18660,63
synth_18789,63
synth_18552,63
synth_18784,63
synth_18785,63
synth_18691,63
synth_18762,63
synth_18774,63
synth_18712,63
synth_18767,63
synth_18781,63
synth_18760,63
synth_18605,63
synth_18622,63
synth_18648,63
synth_18659,63
synth_18763,63
synth_18782,63
synth_18748,63
synth_18792,63
synth_18664,63
synth_18776,63
synth_18700,63
synth_18653,63
synth_18786,63
synth_18621,63
synth_18703,63
synth_18765,63
synth_18642,63
synth_18567,63
synth_18629,63
synth_18752,63
synth_18619,63
synth_18727,63
synth_18662,63
synth_18731,63
synth_18645,63
synth_18656,63
synth_18665,63
synth_18667,63
synth_18715,63
synth_18608,63
synth_18578,63
synth_18572,63
synth_18698,63
synth_18644,63
synth_18583,63
synth_18783,63
synth_18568,63
synth_18564,63
synth_18788,63
synth_18694,63
synth_18696,63
synth_18780,63
synth_18591,63
synth_18677,63
synth_18551,63
synth_18791,63
synth_18562,63
synth_18598,63
synth_18617,63
synth_18577,63
synth_18610,63
synth_18563,63
synth_18680,63
synth_18795,63
synth_18709,63
synth_18737,63
synth_18676,63
synth_18596,63
synth_18602,63
synth_18751,63
synth_18589,63
synth_18628,63
synth_18668,63
synth_18570,63
synth_18757,63
synth_18672,63
synth_18769,63
synth_18669,63
synth_18549,63
synth_18612,63
synth_18647,63
synth_18601,63
synth_18768,63
synth_18637,63
synth_18772,63
synth_18734,63
synth_18756,63
synth_18592,63
synth_18743,63
synth_18682,63
synth_18554,63
synth_18695,63
synth_18566,63
synth_18658,63
synth_18749,63
synth_18673,63
synth_18701,63
synth_18711,63
synth_18794,63
synth_18775,63
synth_18553,63
synth_18686,63
synth_18730,63
synth_18615,63
synth_18663,63
synth_18742,63
synth_18631,63
synth_18693,63
synth_18681,63
synth_18719,63
synth_18649,63
synth_18560,63
synth_18626,63
synth_18586,63
synth_18638,63
synth_18713,63
synth_18717,63
synth_18569,63
synth_18746,63
synth_18597,63
synth_18770,63
synth_18635,63
synth_18550,63
synth_18581,63
synth_18609,63
synth_18684,63
synth_18616,63
synth_18661,63
synth_18739,63
synth_18758,63
synth_18689,63
synth_18755,63
synth_18575,63
synth_18718,63
synth_18557,63
synth_18714,63
synth_18604,63
synth_18559,63
synth_18690,63
synth_18793,63
synth_18678,63
synth_18606,63
synth_18745,63
synth_18728,63
synth_18574,63
synth_18687,63
synth_18779,63
synth_18613,63
synth_18573,63
synth_18576,63
synth_18790,63
synth_18688,63
synth_18705,63
synth_18603,63
synth_18624,63
synth_18633,63
synth_18747,63
synth_18652,63
synth_18654,63
synth_18625,63
synth_18787,63
synth_18618,63
synth_18599,63
synth_18614,63
synth_18702,63
synth_18600,63
synth_18634,63
synth_18716,63
synth_18607,63
synth_18771,63
synth_18655,63
synth_18590,63
synth_18683,63
synth_18587,63
synth_18708,63
synth_18725,63
synth_18627,63
synth_18733,63
synth_18740,63
synth_18585,63
synth_18555,63
synth_18675,63
synth_18766,63
synth_18594,63
synth_18777,63
synth_18722,63
synth_18773,63
synth_18643,63
synth_18650,63
synth_18636,63
synth_18707,63
synth_18723,63
synth_18726,63
synth_18556,63
synth_18582,63
synth_18588,63
synth_18640,63
synth_18611,63
synth_18706,63
synth_18657,63
synth_18674,63
synth_18579,63
synth_18729,63
synth_18692,63
synth_18632,63
synth_18778,63
synth_18736,63
synth_18753,63
synth_18826,62
synth_18951,62
synth_18848,62
synth_18976,62
synth_19044,62
synth_18871,62
synth_18828,62
synth_18846,62
synth_18999,62
synth_19021,62
synth_18806,62
synth_18811,62
synth_19026,62
synth_19048,62
synth_18921,62
synth_18952,62
synth_18965,62
synth_18982,62
synth_18985,62
synth_18804,62
synth_18980,62
synth_18825,62
synth_18925,62
synth_19037,62
synth_19049,62
synth_18854,62
synth_18885,62
synth_19004,62
synth_18872,62
synth_19031,62
synth_18836,62
synth_18842,62
synth_18865,62
synth_18937,62
synth_19016,62
synth_18897,62
synth_18901,62
synth_18879,62
synth_18941,62
synth_19030,62
synth_19050,62
synth_18907,62
synth_19001,62
synth_18877,62
synth_18973,62
synth_18818,62
synth_18908,62
synth_18938,62
synth_18949,62
synth_18801,62
synth_18814,62
synth_18992,62
synth_18994,62
synth_18969,62
synth_18893,62
synth_18904,62
synth_18870,62
synth_18844,62
synth_18868,62
synth_18912,62
synth_18913,62
synth_18948,62
synth_18950,62
synth_18991,62
synth_18974,62
synth_19010,62
synth_18798,62
synth_19015,62
synth_18822,62
synth_18884,62
synth_18843,62
synth_19014,62
synth_18911,62
synth_18962,62
synth_18984,62
synth_18862,62
synth_18883,62
synth_18878,62
synth_19013,62
synth_19024,62
synth_18853,62
synth_18863,62
synth_19034,62
synth_18881,62
synth_18971,62
synth_19038,62
synth_18915,62
synth_18888,62
synth_18812,62
synth_18916,62
synth_18959,62
synth_18831,62
synth_18930,62
synth_18817,62
synth_18866,62
synth_18966,62
synth_18873,62
synth_18953,62
synth_18981,62
synth_18849,62
synth_18983,62
synth_18995,62
synth_18864,62
synth_18940,62
synth_19022,62
synth_18799,62
synth_18902,62
synth_19039,62
synth_19025,62
synth_19000,62
synth_19011,62
synth_19033,62
synth_18889,62
synth_18808,62
synth_19017,62
synth_19035,62
synth_18833,62
synth_18876,62
synth_18856,62
synth_18803,62
synth_19027,62
synth_18832,62
synth_18847,62
synth_18858,62
synth_18850,62
synth_18975,62
synth_18807,62
synth_18819,62
synth_18841,62
synth_18892,62
synth_18815,62
synth_18823,62
synth_18933,62
synth_18963,62
synth_18926,62
synth_18988,62
synth_18900,62
synth_18972,62
synth_18923,62
synth_18955,62
synth_18932,62
synth_18935,62
synth_19002,62
synth_18845,62
synth_18891,62
synth_18978,62
synth_18928,62
synth_18996,62
synth_18990,62
synth_18906,62
synth_18922,62
synth_18961,62
synth_18852,62
synth_18939,62
synth_19008,62
synth_19041,62
synth_18942,62
synth_18979,62
synth_19012,62
synth_18934,62
synth_18968,62
synth_18837,62
synth_18851,62
synth_18945,62
synth_18894,62
synth_18987,62
synth_19020,62
synth_19028,62
synth_18800,62
synth_18810,62
synth_18839,62
synth_19007,62
synth_18927,62
synth_18910,62
synth_18954,62
synth_19045,62
synth_18958,62
synth_18835,62
synth_19036,62
synth_18887,62
synth_18821,62
synth_18944,62
synth_18917,62
synth_18936,62
synth_18805,62
synth_18875,62
synth_18914,62
synth_18997,62
synth_18809,62
synth_18834,62
synth_18880,62
synth_18898,62
synth_18890,62
synth_18918,62
synth_18964,62
synth_19006,62
synth_19032,62
synth_18896,62
synth_18986,62
synth_18909,62
synth_18967,62
synth_18919,62
synth_18869,62
synth_18920,62
synth_18857,62
synth_18905,62
synth_18943,62
synth_18977,62
synth_19040,62
synth_19003,62
synth_18813,62
synth_18924,62
synth_18796,62
synth_18886,62
synth_19043,62
synth_19046,62
synth_18956,62
synth_18802,62
synth_18797,62
synth_18859,62
synth_18903,62
synth_18861,62
synth_18989,62
synth_19005,62
synth_18824,62
synth_19018,62
synth_18947,62
synth_18827,62
synth_18829,62
synth_18860,62
synth_18998,62
synth_19047,62
synth_18993,62
synth_19023,62
synth_18874,62
synth_18855,62
synth_19029,62
synth_18867,62
synth_18882,62
synth_18929,62
synth_18957,62
synth_18895,62
synth_19009,62
synth_19042,62
synth_18931,62
synth_18838,62
synth_18899,62
synth_18960,62
synth_18830,62
synth_18816,62
synth_18820,62
synth_18840,62
synth_18970,62
synth_18946,62
synth_19019,62
synth_19141,61
synth_19170,61
synth_19306,61
synth_19145,61
synth_19150,61
synth_19181,61
synth_19196,61
synth_19197,61
synth_19216,61
synth_19082,61
synth_19110,61
synth_19168,61
synth_19305,61
synth_19052,61
synth_19067,61
synth_19232,61
synth_19236,61
synth_19095,61
synth_19104,61
synth_19237,61
synth_19089,61
synth_19226,61
synth_19079,61
synth_19183,61
synth_19200,61
synth_19297,61
synth_19092,61
synth_19253,61
synth_19227,61
synth_19113,61
synth_19173,61
synth_19106,61
synth_19203,61
synth_19255,61
synth_19259,61
synth_19167,61
synth_19201,61
synth_19223,61
synth_19266,61
synth_19143,61
synth_19107,61
synth_19225,61
synth_19248,61
synth_19289,61
synth_19115,61
synth_19234,61
synth_19063,61
synth_19184,61
synth_19117,61
synth_19144,61
synth_19147,61
synth_19098,61
synth_19182,61
synth_19303,61
synth_19285,61
synth_19065,61
synth_19073,61
synth_19264,61
synth_19202,61
synth_19308,61
synth_19051,61
synth_19133,61
synth_19151,61
synth_19132,61
synth_19188,61
synth_19271,61
synth_19127,61
synth_19309,61
synth_19075,61
synth_19260,61
synth_19267,61
synth_19062,61
synth_19224,61
synth_19228,61
synth_19189,61
synth_19080,61
synth_19246,61
synth_19102,61
synth_19125,61
synth_19156,61
synth_19280,61
synth_19205,61
synth_19288,61
synth_19054,61
synth_19230,61
synth_19263,61
synth_19055,61
synth_19137,61
synth_19070,61
synth_19091,61
synth_19164,61
synth_19165,61
synth_19241,61
synth_19174,61
synth_19277,61
synth_19119,61
synth_19161,61
synth_19240,61
synth_19078,61
synth_19252,61
synth_19229,61
synth_19231,61
synth_19088,61
synth_19134,61
synth_19169,61
synth_19243,61
synth_19301,61
synth_19153,61
synth_19270,61
synth_19262,61
synth_19300,61
synth_19140,61
synth_19058,61
synth_19195,61
synth_19128,61
synth_19238,61
synth_19209,61
synth_19296,61
synth_19157,61
synth_19053,61
synth_19198,61
synth_19214,61
synth_19222,61
synth_19257,61
synth_19069,61
synth_19273,61
synth_19109,61
synth_19279,61
synth_19154,61
synth_19084,61
synth_19160,61
synth_19176,61
synth_19206,61
synth_19218,61
synth_19221,61
synth_19233,61
synth_19311,61
synth_19057,61
synth_19250,61
synth_19278,61
synth_19254,61
synth_19272,61
synth_19190,61
synth_19066,61
synth_19103,61
synth_19249,61
synth_19152,61
synth_19247,61
synth_19094,61
synth_19269,61
synth_19121,61
synth_19180,61
synth_19126,61
synth_19175,61
synth_19281,61
synth_19304,61
synth_19101,61
synth_19130,61
synth_19142,61
synth_19149,61
synth_19172,61
synth_19086,61
synth_19135,61
synth_19193,61
synth_19312,61
synth_19100,61
synth_19207,61
synth_19275,61
synth_19077,61
synth_19179,61
synth_19064,61
synth_19239,61
synth_19087,61
synth_19124,61
synth_19187,61
synth_19139,61
synth_19274,61
synth_19284,61
synth_19293,61
synth_19060,61
synth_19076,61
synth_19307,61
synth_19215,61
synth_19123,61
synth_19166,61
synth_19199,61
synth_19235,61
synth_19083,61
synth_19108,61
synth_19295,61
synth_19090,61
synth_19163,61
synth_19085,61
synth_19136,61
synth_19287,61
synth_19162,61
synth_19256,61
synth_19283,61
synth_19302,61
synth_19192,61
synth_19112,61
synth_19213,61
synth_19282,61
synth_19291,61
synth_19122,61
synth_19286,61
synth_19118,61
synth_19251,61
synth_19096,61
synth_19185,61
synth_19204,61
synth_19186,61
synth_19114,61
synth_19129,61
synth_19211,61
synth_19061,61
synth_19258,61
synth_19245,61
synth_19268,61
synth_19074,61
synth_19105,61
synth_19116,61
synth_19056,61
synth_19148,61
synth_19292,61
synth_19299,61
synth_19120,61
synth_19131,61
synth_19171,61
synth_19191,61
synth_19194,61
synth_19265,61
synth_19276,61
synth_19155,61
synth_19208,61
synth_19244,61
synth_19219,61
synth_19111,61
synth_19071,61
synth_19261,61
synth_19220,61
synth_19212,61
synth_19290,61
synth_19158,61
synth_19310,61
synth_19159,61
synth_19093,61
synth_19068,61
synth_19059,61
synth_19298,61
synth_19146,61
synth_19081,61
synth_19097,61
synth_19099,61
synth_19138,61
synth_19242,61
synth_19217,61
synth_19178,61
synth_19210,61
synth_19072,61
synth_19177,61
synth_19294,61
synth_19355,60
synth_19321,60
synth_19382,60
synth_19460,60
synth_19568,60
synth_19341,60
synth_19342,60
synth_19369,60
synth_19384,60
synth_19358,60
synth_19515,60
synth_19427,60
synth_19494,60
synth_19501,60
synth_19543,60
synth_19368,60
synth_19554,60
synth_19473,60
synth_19511,60
synth_19429,60
synth_19478,60
synth_19531,60
synth_19573,60
synth_19347,60
synth_19377,60
synth_19417,60
synth_19576,60
synth_19313,60
synth_19571,60
synth_19385,60
synth_19453,60
synth_19488,60
synth_19579,60
synth_19359,60
synth_19510,60
synth_19580,60
synth_19438,60
synth_19505,60
synth_19534,60
synth_19560,60
synth_19348,60
synth_19367,60
synth_19325,60
synth_19320,60
synth_19356,60
synth_19361,60
synth_19336,60
synth_19428,60
synth_19426,60
synth_19495,60
synth_19449,60
synth_19483,60
synth_19487,60
synth_19535,60
synth_19499,60
synth_19485,60
synth_19506,60
synth_19497,60
synth_19482,60
synth_19381,60
synth_19433,60
synth_19474,60
synth_19365,60
synth_19335,60
synth_19379,60
synth_19395,60
synth_19490,60
synth_19486,60
synth_19516,60
synth_19519,60
synth_19333,60
synth_19434,60
synth_19555,60
synth_19450,60
synth_19523,60
synth_19565,60
synth_19354,60
synth_19446,60
synth_19536,60
synth_19563,60
synth_19410,60
synth_19400,60
synth_19451,60
synth_19541,60
synth_19484,60
synth_19464,60
synth_19394,60
synth_19491,60
synth_19577,60
synth_19582,60
synth_19371,60
synth_19403,60
synth_19423,60
synth_19437,60
synth_19562,60
synth_19456,60
synth_19513,60
synth_19521,60
synth_19558,60
synth_19540,60
synth_19503,60
synth_19517,60
synth_19375,60
synth_19458,60
synth_19393,60
synth_19548,60
synth_19352,60
synth_19353,60
synth_19553,60
synth_19380,60
synth_19364,60
synth_19425,60
synth_19430,60
synth_19564,60
synth_19459,60
synth_19349,60
synth_19362,60
synth_19465,60
synth_19409,60
synth_19549,60
synth_19561,60
synth_19322,60
synth_19378,60
synth_19334,60
synth_19388,60
synth_19552,60
synth_19472,60
synth_19481,60
synth_19324,60
synth_19557,60
synth_19391,60
synth_19578,60
synth_19526,60
synth_19383,60
synth_19466,60
synth_19467,60
synth_19345,60
synth_19462,60
synth_19316,60
synth_19454,60
synth_19329,60
synth_19556,60
synth_19332,60
synth_19413,60
synth_19445,60
synth_19581,60
synth_19480,60
synth_19532,60
synth_19318,60
synth_19566,60
synth_19420,60
synth_19338,60
synth_19386,60
synth_19389,60
synth_19567,60
synth_19343,60
synth_19398,60
synth_19569,60
synth_19570,60
synth_19340,60
synth_19522,60
synth_19492,60
synth_19530,60
synth_19406,60
synth_19412,60
synth_19439,60
synth_19479,60
synth_19502,60
synth_19376,60
synth_19498,60
synth_19463,60
synth_19374,60
synth_19539,60
synth_19419,60
synth_19533,60
synth_19545,60
synth_19509,60
synth_19344,60
synth_19447,60
synth_19366,60
synth_19404,60
synth_19475,60
synth_19537,60
synth_19372,60
synth_19424,60
synth_19408,60
synth_19436,60
synth_19544,60
synth_19547,60
synth_19468,60
synth_19504,60
synth_19357,60
synth_19432,60
synth_19407,60
synth_19452,60
synth_19339,60
synth_19370,60
synth_19396,60
synth_19496,60
synth_19493,60
synth_19444,60
synth_19330,60
synth_19524,60
synth_19538,60
synth_19489,60
synth_19328,60
synth_19508,60
synth_19351,60
synth_19414,60
synth_19546,60
synth_19392,60
synth_19470,60
synth_19422,60
synth_19512,60
synth_19418,60
synth_19507,60
synth_19476,60
synth_19477,60
synth_19337,60
synth_19443,60
synth_19440,60
synth_19542,60
synth_19327,60
synth_19518,60
synth_19401,60
synth_19469,60
synth_19527,60
synth_19559,60
synth_19457,60
synth_19471,60
synth_19317,60
synth_19435,60
synth_19448,60
synth_19315,60
synth_19441,60
synth_19528,60
synth_19551,60
synth_19363,60
synth_19331,60
synth_19455,60
synth_19514,60
synth_19387,60
synth_19574,60
synth_19500,60
synth_19442,60
synth_19550,60
synth_19323,60
synth_19575,60
synth_19314,60
synth_19399,60
synth_19416,60
synth_19360,60
synth_19525,60
synth_19529,60
synth_19572,60
synth_19326,60
synth_19421,60
synth_19346,60
synth_19402,60
synth_19415,60
synth_19350,60
synth_19319,60
synth_19461,60
synth_19373,60
synth_19397,60
synth_19405,60
synth_19390,60
synth_19431,60
synth_19520,60
synth_19411,60
synth_19730,59
synth_19732,59
synth_19729,59
synth_19788,59
synth_19590,59
synth_19619,59
synth_19792,59
synth_19673,59
synth_19600,59
synth_19720,59
synth_19723,59
synth_19840,59
synth_19741,59
synth_19811,59
synth_19640,59
synth_19857,59
synth_19778,59
synth_19787,59
synth_19853,59
synth_19627,59
synth_19668,59
synth_19776,59
synth_19589,59
synth_19831,59
synth_19614,59
synth_19623,59
synth_19661,59
synth_19662,59
synth_19764,59
synth_19613,59
synth_19595,59
synth_19603,59
synth_19621,59
synth_19644,59
synth_19763,59
synth_19768,59
synth_19784,59
synth_19667,59
synth_19827,59
synth_19761,59
synth_19830,59
synth_19638,59
synth_19702,59
synth_19789,59
synth_19834,59
synth_19735,59
synth_19727,59
synth_19758,59
synth_19677,59
synth_19769,59
synth_19754,59
synth_19646,59
synth_19705,59
synth_19583,59
synth_19652,59
synth_19656,59
synth_19721,59
synth_19726,59
synth_19846,59
synth_19665,59
synth_19671,59
synth_19675,59
synth_19659,59
synth_19688,59
synth_19815,59
synth_19777,59
synth_19593,59
synth_19586,59
synth_19703,59
synth_19615,59
synth_19801,59
synth_19607,59
synth_19796,59
synth_19756,59
synth_19616,59
synth_19826,59
synth_19588,59
synth_19645,59
synth_19736,59
synth_19798,59
synth_19602,59
synth_19786,59
synth_19632,59
synth_19823,59
synth_19708,59
synth_19812,59
synth_19737,59
synth_19780,59
synth_19686,59
synth_19829,59
synth_19718,59
synth_19594,59
synth_19674,59
synth_19683,59
synth_19733,59
synth_19704,59
synth_19825,59
synth_19684,59
synth_19658,59
synth_19719,59
synth_19647,59
synth_19657,59
synth_19709,59
synth_19722,59
synth_19676,59
synth_19654,59
synth_19706,59
synth_19679,59
synth_19666,59
synth_19781,59
synth_19799,59
synth_19849,59
synth_19738,59
synth_19855,59
synth_19697,59
synth_19833,59
synth_19740,59
synth_19817,59
synth_19585,59
synth_19598,59
synth_19746,59
synth_19648,59
synth_19819,59
synth_19767,59
synth_19771,59
synth_19858,59
synth_19856,59
synth_19680,59
synth_19748,59
synth_19699,59
synth_19841,59
synth_19820,59
synth_19710,59
synth_19649,59
synth_19670,59
synth_19604,59
synth_19695,59
synth_19843,59
synth_19601,59
synth_19694,59
synth_19848,59
synth_19687,59
synth_19682,59
synth_19642,59
synth_19689,59
synth_19717,59
synth_19690,59
synth_19747,59
synth_19766,59
synth_19785,59
synth_19650,59
synth_19773,59
synth_19663,59
synth_19838,59
synth_19804,59
synth_19814,59
synth_19610,59
synth_19617,59
synth_19724,59
synth_19800,59
synth_19678,59
synth_19734,59
synth_19751,59
synth_19739,59
synth_19664,59
synth_19844,59
synth_19753,59
synth_19782,59
synth_19745,59
synth_19701,59
synth_19605,59
synth_19731,59
synth_19818,59
synth_19660,59
synth_19691,59
synth_19790,59
synth_19611,59
synth_19630,59
synth_19828,59
synth_19850,59
synth_19639,59
synth_19711,59
synth_19596,59
synth_19802,59
synth_19809,59
synth_19633,59
synth_19712,59
synth_19793,59
synth_19707,59
synth_19681,59
synth_19759,59
synth_19795,59
synth_19821,59
synth_19715,59
synth_19716,59
synth_19651,59
synth_19808,59
synth_19842,59
synth_19591,59
synth_19762,59
synth_19816,59
synth_19634,59
synth_19618,59
synth_19608,59
synth_19757,59
synth_19685,59
synth_19612,59
synth_19807,59
synth_19624,59
synth_19779,59
synth_19810,59
synth_19854,59
synth_19625,59
synth_19714,59
synth_19859,59
synth_19643,59
synth_19772,59
synth_19837,59
synth_19839,59
synth_19692,59
synth_19672,59
synth_19794,59
synth_19592,59
synth_19725,59
synth_19743,59
synth_19597,59
synth_19713,59
synth_19832,59
synth_19629,59
synth_19797,59
synth_19587,59
synth_19584,59
synth_19775,59
synth_19635,59
synth_19836,59
synth_19655,59
synth_19822,59
synth_19637,59
synth_19693,59
synth_19847,59
synth_19728,59
synth_19742,59
synth_19805,59
synth_19806,59
synth_19824,59
synth_19765,59
synth_19669,59
synth_19783,59
synth_19628,59
synth_19606,59
synth_19622,59
synth_19755,59
synth_19835,59
synth_19860,59
synth_19698,59
synth_19631,59
synth_19750,59
synth_19599,59
synth_19845,59
synth_19752,59
synth_19852,59
synth_19760,59
synth_19774,59
synth_19626,59
synth_19749,59
synth_19791,59
synth_19744,59
synth_19803,59
synth_19851,59
synth_19700,59
synth_19813,59
synth_19636,59
synth_19620,59
synth_19696,59
synth_19641,59
synth_19653,59
synth_19770,59
synth_19609,59
synth_19941,58
synth_19964,58
synth_19933,58
synth_20080,58
synth_20102,58
synth_20077,58
synth_19877,58
synth_19991,58
synth_20087,58
synth_19986,58
synth_20057,58
synth_20098,58
synth_20132,58
synth_20027,58
synth_20124,58
synth_20029,58
synth_20137,58
synth_19888,58
synth_20069,58
synth_20144,58
synth_19928,58
synth_20051,58
synth_20139,58
synth_19989,58
synth_20066,58
synth_20117,58
synth_19906,58
synth_20011,58
synth_20145,58
synth_19943,58
synth_20141,58
synth_19882,58
synth_19884,58
synth_20130,58
synth_19949,58
synth_19975,58
synth_20035,58
synth_19946,58
synth_19872,58
synth_19891,58
synth_20071,58
synth_20006,58
synth_20108,58
synth_20047,58
synth_20053,58
synth_20026,58
synth_19889,58
synth_20015,58
synth_19886,58
synth_19897,58
synth_20129,58
synth_19900,58
synth_20089,58
synth_20062,58
synth_20073,58
synth_19885,58
synth_20134,58
synth_19875,58
synth_20010,58
synth_20046,58
synth_19927,58
synth_20072,58
synth_19865,58
synth_20002,58
synth_20140,58
synth_19910,58
synth_19932,58
synth_19960,58
synth_20103,58
synth_19903,58
synth_20023,58
synth_20017,58
synth_19915,58
synth_19974,58
synth_19994,58
synth_20045,58
synth_19869,58
synth_19950,58
synth_20094,58
synth_19873,58
synth_19917,58
synth_19968,58
synth_20055,58
synth_20016,58
synth_20084,58
synth_19898,58
synth_19993,58
synth_20125,58
synth_20049,58
synth_20082,58
synth_20090,58
synth_20075,58
synth_19902,58
synth_19908,58
synth_20037,58
synth_19878,58
synth_19937,58
synth_20061,58
synth_20122,58
synth_19921,58
synth_20119,58
synth_20042,58
synth_20009,58
synth_19976,58
synth_20067,58
synth_20113,58
synth_20131,58
synth_20050,58
synth_19925,58
synth_20081,58
synth_20107,58
synth_20123,58
synth_19879,58
synth_19952,58
synth_19866,58
synth_20001,58
synth_20048,58
synth_19972,58
synth_19963,58
synth_19995,58
synth_20031,58
synth_20127,58
synth_20126,58
synth_19973,58
synth_19880,58
synth_19966,58
synth_19929,58
synth_20056,58
synth_20112,58
synth_19874,58
synth_19896,58
synth_19967,58
synth_20020,58
synth_20148,58
synth_19965,58
synth_20005,58
synth_20028,58
synth_19904,58
synth_20068,58
synth_20111,58
synth_19951,58
synth_19913,58
synth_20109,58
synth_20135,58
synth_19919,58
synth_20079,58
synth_20116,58
synth_19977,58
synth_20115,58
synth_19969,58
synth_19953,58
synth_20099,58
synth_19981,58
synth_20065,58
synth_20032,58
synth_19887,58
synth_19957,58
synth_19918,58
synth_19861,58
synth_20036,58
synth_19959,58
synth_19992,58
synth_19895,58
synth_19978,58
synth_19997,58
synth_20043,58
synth_20138,58
synth_19998,58
synth_20133,58
synth_19899,58
synth_19938,58
synth_19867,58
synth_19935,58
synth_19945,58
synth_20018,58
synth_20033,58
synth_19948,58
synth_19979,58
synth_19926,58
synth_20118,58
synth_20076,58
synth_19890,58
synth_19912,58
synth_20070,58
synth_19962,58
synth_19920,58
synth_19954,58
synth_19980,58
synth_19988,58
synth_20034,58
synth_20121,58
synth_19901,58
synth_20088,58
synth_20105,58
synth_20106,58
synth_20128,58
synth_19883,58
synth_19893,58
synth_19983,58
synth_20019,58
synth_19907,58
synth_20085,58
synth_20091,58
synth_19909,58
synth_19931,58
synth_20004,58
synth_20114,58
synth_19947,58
synth_20064,58
synth_20078,58
synth_19881,58
synth_19923,58
synth_20097,58
synth_20063,58
synth_20100,58
synth_20142,58
synth_20012,58
synth_20041,58
synth_20096,58
synth_19982,58
synth_19939,58
synth_19863,58
synth_19911,58
synth_19940,58
synth_20021,58
synth_19936,58
synth_19971,58
synth_19905,58
synth_19930,58
synth_20147,58
synth_19956,58
synth_20110,58
synth_20120,58
synth_19916,58
synth_19996,58
synth_19942,58
synth_20083,58
synth_20093,58
synth_20104,58
synth_20044,58
synth_19871,58
synth_20086,58
synth_20007,58
synth_19914,58
synth_20040,58
synth_20022,58
synth_19990,58
synth_19892,58
synth_19868,58
synth_20074,58
synth_20095,58
synth_20038,58
synth_19876,58
synth_19970,58
synth_19985,58
synth_20059,58
synth_19862,58
synth_19922,58
synth_19987,58
synth_20058,58
synth_19944,58
synth_19958,58
synth_19894,58
synth_19870,58
synth_20030,58
synth_19864,58
synth_20000,58
synth_19955,58
synth_19961,58
synth_19999,58
synth_20024,58
synth_20039,58
synth_20054,58
synth_20013,58
synth_19934,58
synth_20052,58
synth_20136,58
synth_20146,58
synth_20025,58
synth_20003,58
synth_20092,58
synth_20101,58
synth_20143,58
synth_20014,58
synth_19984,58
synth_20008,58
synth_19924,58
synth_20060,58
synth_20241,57
synth_20254,57
synth_20424,57
synth_20287,57
synth_20165,57
synth_20367,57
synth_20415,57
synth_20162,57
synth_20226,57
synth_20385,57
synth_20397,57
synth_20261,57
synth_20302,57
synth_20242,57
synth_20183,57
synth_20379,57
synth_20414,57
synth_20157,57
synth_20272,57
synth_20350,57
synth_20288,57
synth_20313,57
synth_20340,57
synth_20310,57
synth_20387,57
synth_20427,57
synth_20170,57
synth_20276,57
synth_20351,57
synth_20396,57
synth_20220,57
synth_20332,57
synth_20187,57
synth_20314,57
synth_20208,57
synth_20425,57
synth_20406,57
synth_20178,57
synth_20422,57
synth_20267,57
synth_20331,57
synth_20383,57
synth_20393,57
synth_20258,57
synth_20308,57
synth_20325,57
synth_20407,57
synth_20300,57
synth_20324,57
synth_20190,57
synth_20213,57
synth_20361,57
synth_20405,57
synth_20184,57
synth_20278,57
synth_20303,57
synth_20437,57
synth_20210,57
synth_20222,57
synth_20394,57
synth_20418,57
synth_20174,57
synth_20214,57
synth_20317,57
synth_20192,57
synth_20234,57
synth_20237,57
synth_20434,57
synth_20339,57
synth_20293,57
synth_20252,57
synth_20253,57
synth_20221,57
synth_20248,57
synth_20259,57
synth_20378,57
synth_20412,57
synth_20270,57
synth_20384,57
synth_20334,57
synth_20439,57
synth_20171,57
synth_20246,57
synth_20150,57
synth_20285,57
synth_20182,57
synth_20228,57
synth_20175,57
synth_20279,57
synth_20391,57
synth_20155,57
synth_20212,57
synth_20292,57
synth_20344,57
synth_20209,57
synth_20348,57
synth_20166,57
synth_20363,57
synth_20219,57
synth_20275,57
synth_20388,57
synth_20167,57
synth_20381,57
synth_20402,57
synth_20229,57
synth_20386,57
synth_20408,57
synth_20320,57
synth_20337,57
synth_20176,57
synth_20255,57
synth_20327,57
synth_20211,57
synth_20243,57
synth_20442,57
synth_20245,57
synth_20205,57
synth_20250,57
synth_20280,57
synth_20436,57
synth_20153,57
synth_20281,57
synth_20349,57
synth_20429,57
synth_20203,57
synth_20368,57
synth_20444,57
synth_20410,57
synth_20311,57
synth_20377,57
synth_20401,57
synth_20315,57
synth_20161,57
synth_20177,57
synth_20277,57
synth_20400,57
synth_20239,57
synth_20356,57
synth_20358,57
synth_20323,57
synth_20346,57
synth_20262,57
synth_20413,57
synth_20307,57
synth_20416,57
synth_20330,57
synth_20207,57
synth_20265,57
synth_20366,57
synth_20304,57
synth_20409,57
synth_20312,57
synth_20373,57
synth_20321,57
synth_20333,57
synth_20343,57
synth_20180,57
synth_20283,57
synth_20201,57
synth_20301,57
synth_20354,57
synth_20392,57
synth_20357,57
synth_20319,57
synth_20156,57
synth_20251,57
synth_20294,57
synth_20359,57
synth_20189,57
synth_20403,57
synth_20298,57
synth_20352,57
synth_20426,57
synth_20341,57
synth_20355,57
synth_20376,57
synth_20433,57
synth_20398,57
synth_20168,57
synth_20374,57
synth_20256,57
synth_20282,57
synth_20291,57
synth_20218,57
synth_20296,57
synth_20238,57
synth_20306,57
synth_20163,57
synth_20181,57
synth_20271,57
synth_20360,57
synth_20389,57
synth_20399,57
synth_20230,57
synth_20309,57
synth_20347,57
synth_20158,57
synth_20260,57
synth_20159,57
synth_20179,57
synth_20290,57
synth_20431,57
synth_20188,57
synth_20236,57
synth_20380,57
synth_20417,57
synth_20169,57
synth_20197,57
synth_20232,57
synth_20286,57
synth_20231,57
synth_20247,57
synth_20257,57
synth_20196,57
synth_20173,57
synth_20322,57
synth_20318,57
synth_20233,57
synth_20390,57
synth_20370,57
synth_20441,57
synth_20411,57
synth_20336,57
synth_20404,57
synth_20297,57
synth_20395,57
synth_20249,57
synth_20284,57
synth_20328,57
synth_20216,57
synth_20269,57
synth_20365,57
synth_20268,57
synth_20435,57
synth_20382,57
synth_20223,57
synth_20305,57
synth_20421,57
synth_20432,57
synth_20164,57
synth_20194,57
synth_20362,57
synth_20191,57
synth_20195,57
synth_20289,57
synth_20326,57
synth_20172,57
synth_20342,57
synth_20329,57
synth_20345,57
synth_20369,57
synth_20353,57
synth_20371,57
synth_20273,57
synth_20186,57
synth_20295,57
synth_20217,57
synth_20338,57
synth_20274,57
synth_20198,57
synth_20316,57
synth_20438,57
synth_20266,57
synth_20202,57
synth_20151,57
synth_20263,57
synth_20264,57
synth_20215,57
synth_20428,57
synth_20199,57
synth_20335,57
synth_20244,57
synth_20227,57
synth_20149,57
synth_20224,57
synth_20240,57
synth_20299,57
synth_20420,57
synth_20154,57
synth_20364,57
synth_20430,57
synth_20440,57
synth_20152,57
synth_20375,57
synth_20200,57
synth_20423,57
synth_20443,57
synth_20235,57
synth_20160,57
synth_20193,57
synth_20372,57
synth_20225,57
synth_20419,57
synth_20204,57
synth_20185,57
synth_20206,57
synth_20446,56
synth_20643,56
synth_20549,56
synth_20570,56
synth_20553,56
synth_20655,56
synth_20450,56
synth_20672,56
synth_20713,56
synth_20487,56
synth_20566,56
synth_20656,56
synth_20649,56
synth_20721,56
synth_20460,56
synth_20493,56
synth_20644,56
synth_20626,56
synth_20528,56
synth_20665,56
synth_20681,56
synth_20749,56
synth_20635,56
synth_20690,56
synth_20464,56
synth_20705,56
synth_20474,56
synth_20484,56
synth_20657,56
synth_20714,56
synth_20485,56
synth_20500,56
synth_20471,56
synth_20673,56
synth_20743,56
synth_20503,56
synth_20717,56
synth_20609,56
synth_20466,56
synth_20625,56
synth_20736,56
synth_20664,56
synth_20530,56
synth_20565,56
synth_20747,56
synth_20610,56
synth_20559,56
synth_20645,56
synth_20668,56
synth_20745,56
synth_20510,56
synth_20538,56
synth_20648,56
synth_20706,56
synth_20572,56
synth_20600,56
synth_20701,56
synth_20712,56
synth_20585,56
synth_20521,56
synth_20624,56
synth_20719,56
synth_20552,56
synth_20750,56
synth_20595,56
synth_20456,56
synth_20532,56
synth_20592,56
synth_20603,56
synth_20475,56
synth_20578,56
synth_20659,56
synth_20677,56
synth_20633,56
synth_20661,56
synth_20741,56
synth_20708,56
synth_20725,56
synth_20512,56
synth_20599,56
synth_20591,56
synth_20720,56
synth_20482,56
synth_20739,56
synth_20519,56
synth_20716,56
synth_20480,56
synth_20667,56
synth_20548,56
synth_20727,56
synth_20504,56
synth_20555,56
synth_20556,56
synth_20678,56
synth_20526,56
synth_20554,56
synth_20686,56
synth_20700,56
synth_20584,56
synth_20658,56
synth_20571,56
synth_20453,56
synth_20699,56
synth_20563,56
synth_20514,56
synth_20710,56
synth_20612,56
synth_20718,56
synth_20515,56
synth_20682,56
synth_20704,56
synth_20751,56
synth_20593,56
synth_20742,56
synth_20489,56
synth_20533,56
synth_20693,56
synth_20730,56
synth_20449,56
synth_20640,56
synth_20542,56
synth_20703,56
synth_20711,56
synth_20481,56
synth_20550,56
synth_20685,56
synth_20445,56
synth_20636,56
synth_20468,56
synth_20580,56
synth_20606,56
synth_20535,56
synth_20611,56
synth_20639,56
synth_20597,56
synth_20564,56
synth_20587,56
synth_20567,56
synth_20663,56
synth_20695,56
synth_20589,56
synth_20651,56
synth_20653,56
synth_20675,56
synth_20619,56
synth_20598,56
synth_20524,56
synth_20605,56
synth_20669,56
synth_20569,56
synth_20688,56
synth_20709,56
synth_20691,56
synth_20696,56
synth_20734,56
synth_20744,56
synth_20543,56
synth_20615,56
synth_20679,56
synth_20534,56
synth_20702,56
synth_20454,56
synth_20498,56
synth_20628,56
synth_20641,56
synth_20457,56
synth_20540,56
synth_20731,56
synth_20687,56
synth_20724,56
synth_20520,56
synth_20478,56
synth_20507,56
synth_20596,56
synth_20622,56
synth_20748,56
synth_20539,56
synth_20607,56
synth_20642,56
synth_20586,56
synth_20602,56
synth_20689,56
synth_20508,56
synth_20513,56
synth_20551,56
synth_20568,56
synth_20448,56
synth_20617,56
synth_20723,56
synth_20477,56
synth_20740,56
synth_20746,56
synth_20537,56
synth_20729,56
synth_20544,56
synth_20459,56
synth_20497,56
synth_20654,56
synth_20516,56
synth_20523,56
synth_20728,56
synth_20732,56
synth_20476,56
synth_20494,56
synth_20517,56
synth_20506,56
synth_20637,56
synth_20529,56
synth_20680,56
synth_20469,56
synth_20472,56
synth_20447,56
synth_20646,56
synth_20525,56
synth_20652,56
synth_20562,56
synth_20518,56
synth_20545,56
synth_20488,56
synth_20496,56
synth_20733,56
synth_20492,56
synth_20613,56
synth_20541,56
synth_20666,56
synth_20490,56
synth_20634,56
synth_20547,56
synth_20561,56
synth_20608,56
synth_20694,56
synth_20463,56
synth_20509,56
synth_20577,56
synth_20501,56
synth_20575,56
synth_20522,56
synth_20735,56
synth_20715,56
synth_20511,56
synth_20581,56
synth_20614,56
synth_20631,56
synth_20662,56
synth_20470,56
synth_20697,56
synth_20491,56
synth_20594,56
synth_20479,56
synth_20670,56
synth_20527,56
synth_20582,56
synth_20632,56
synth_20583,56
synth_20531,56
synth_20627,56
synth_20683,56
synth_20738,56
synth_20452,56
synth_20621,56
synth_20601,56
synth_20483,56
synth_20737,56
synth_20574,56
synth_20638,56
synth_20546,56
synth_20707,56
synth_20467,56
synth_20647,56
synth_20462,56
synth_20558,56
synth_20671,56
synth_20698,56
synth_20495,56
synth_20692,56
synth_20465,56
synth_20684,56
synth_20676,56
synth_20630,56
synth_20726,56
synth_20604,56
synth_20623,56
synth_20579,56
synth_20576,56
synth_20499,56
synth_20588,56
synth_20455,56
synth_20536,56
synth_20620,56
synth_20629,56
synth_20650,56
synth_20618,56
synth_20722,56
synth_20451,56
synth_20473,56
synth_20560,56
synth_20616,56
synth_20505,56
synth_20557,56
synth_20660,56
synth_20590,56
synth_20573,56
synth_20486,56
synth_20458,56
synth_20674,56
synth_20461,56
synth_20502,56
synth_20788,55
synth_20822,55
synth_21040,55
synth_20825,55
synth_20815,55
synth_20799,55
synth_20768,55
synth_21029,55
synth_20912,55
synth_20989,55
synth_21054,55
synth_20792,55
synth_20798,55
synth_20826,55
synth_20859,55
synth_21014,55
synth_20867,55
synth_21039,55
synth_20996,55
synth_21016,55
synth_20775,55
synth_20942,55
synth_20914,55
synth_20946,55
synth_21026,55
synth_20965,55
synth_20809,55
synth_20986,55
synth_20795,55
synth_20886,55
synth_20964,55
synth_20976,55
synth_21036,55
synth_21038,55
synth_20763,55
synth_20926,55
synth_21015,55
synth_20781,55
synth_20811,55
synth_20838,55
synth_21050,55
synth_20860,55
synth_21019,55
synth_21046,55
synth_20839,55
synth_20872,55
synth_20884,55
synth_21064,55
synth_20919,55
synth_20771,55
synth_20960,55
synth_20971,55
synth_20987,55
synth_21003,55
synth_21027,55
synth_20764,55
synth_20950,55
synth_21055,55
synth_20953,55
synth_20790,55
synth_20896,55
synth_20824,55
synth_20945,55
synth_20957,55
synth_20796,55
synth_20757,55
synth_20767,55
synth_20906,55
synth_20785,55
synth_20851,55
synth_21007,55
synth_21032,55
synth_20862,55
synth_21011,55
synth_20784,55
synth_20803,55
synth_20889,55
synth_20812,55
synth_21004,55
synth_21066,55
synth_20893,55
synth_21010,55
synth_20952,55
synth_21056,55
synth_20813,55
synth_20920,55
synth_20934,55
synth_21047,55
synth_20937,55
synth_20948,55
synth_20951,55
synth_20969,55
synth_21017,55
synth_20793,55
synth_20874,55
synth_20754,55
synth_20761,55
synth_20895,55
synth_20959,55
synth_20766,55
synth_20841,55
synth_20752,55
synth_21033,55
synth_20836,55
synth_20991,55
synth_21058,55
synth_20876,55
synth_20756,55
synth_21030,55
synth_20769,55
synth_20894,55
synth_20843,55
synth_20917,55
synth_20999,55
synth_20842,55
synth_20899,55
synth_20978,55
synth_20852,55
synth_20905,55
synth_20933,55
synth_20940,55
synth_20875,55
synth_20762,55
synth_20954,55
synth_21062,55
synth_20773,55
synth_20777,55
synth_20898,55
synth_20782,55
synth_20783,55
synth_20908,55
synth_20994,55
synth_21006,55
synth_20807,55
synth_20853,55
synth_20806,55
synth_21041,55
synth_20779,55
synth_20863,55
synth_21044,55
synth_21045,55
synth_20891,55
synth_21018,55
synth_20998,55
synth_20865,55
synth_20877,55
synth_20943,55
synth_21037,55
synth_21002,55
synth_21005,55
synth_20868,55
synth_20995,55
synth_20907,55
synth_20903,55
synth_20797,55
synth_20900,55
synth_20909,55
synth_20921,55
synth_20938,55
synth_20961,55
synth_20776,55
synth_20904,55
synth_20982,55
synth_21059,55
synth_20774,55
synth_20864,55
synth_20830,55
synth_20834,55
synth_20878,55
synth_21061,55
synth_20848,55
synth_20857,55
synth_20924,55
synth_20791,55
synth_20881,55
synth_21065,55
synth_20802,55
synth_20939,55
synth_20988,55
synth_20837,55
synth_21009,55
synth_20925,55
synth_20984,55
synth_21049,55
synth_20970,55
synth_21035,55
synth_20854,55
synth_20922,55
synth_21043,55
synth_20930,55
synth_20789,55
synth_20973,55
synth_20772,55
synth_20963,55
synth_20847,55
synth_20778,55
synth_20913,55
synth_21000,55
synth_20962,55
synth_20827,55
synth_20850,55
synth_20758,55
synth_20833,55
synth_20879,55
synth_20887,55
synth_20911,55
synth_20993,55
synth_20972,55
synth_21034,55
synth_21024,55
synth_20770,55
synth_20823,55
synth_20873,55
synth_21020,55
synth_21060,55
synth_21051,55
synth_20835,55
synth_21068,55
synth_20901,55
synth_20979,55
synth_20990,55
synth_20759,55
synth_20932,55
synth_21048,55
synth_20794,55
synth_20985,55
synth_21008,55
synth_20819,55
synth_20849,55
synth_20808,55
synth_20955,55
synth_20844,55
synth_20915,55
synth_20983,55
synth_20992,55
synth_21057,55
synth_20845,55
synth_20820,55
synth_21022,55
synth_20949,55
synth_20967,55
synth_21053,55
synth_20753,55
synth_20760,55
synth_20916,55
synth_20765,55
synth_20829,55
synth_20923,55
synth_21021,55
synth_21042,55
synth_20902,55
synth_21025,55
synth_20928,55
synth_20846,55
synth_20897,55
synth_21052,55
synth_20805,55
synth_20818,55
synth_20866,55
synth_20883,55
synth_21031,55
synth_20966,55
synth_20980,55
synth_21067,55
synth_20888,55
synth_21063,55
synth_20832,55
synth_20981,55
synth_20929,55
synth_20931,55
synth_20800,55
synth_20974,55
synth_20786,55
synth_20892,55
synth_20910,55
synth_20975,55
synth_20880,55
synth_20882,55
synth_21001,55
synth_20858,55
synth_20828,55
synth_20941,55
synth_20814,55
synth_21013,55
synth_20787,55
synth_20855,55
synth_20869,55
synth_20935,55
synth_20958,55
synth_20821,55
synth_20944,55
synth_20870,55
synth_20810,55
synth_20890,55
synth_20871,55
synth_20936,55
synth_20997,55
synth_20977,55
synth_20755,55
synth_20856,55
synth_20817,55
synth_21012,55
synth_20840,55
synth_20780,55
synth_20831,55
synth_20918,55
synth_20947,55
synth_21028,55
synth_20816,55
synth_20861,55
synth_20801,55
synth_20804,55
synth_20885,55
synth_20968,55
synth_20927,55
synth_21023,55
synth_20956,55
synth_21118,54
synth_21193,54
synth_21294,54
synth_21227,54
synth_21252,54
synth_21370,54
synth_21352,54
synth_21183,54
synth_21080,54
synth_21301,54
synth_21123,54
synth_21300,54
synth_21248,54
synth_21285,54
synth_21153,54
synth_21162,54
synth_21353,54
synth_21090,54
synth_21374,54
synth_21238,54
synth_21311,54
synth_21077,54
synth_21205,54
synth_21229,54
synth_21148,54
synth_21216,54
synth_21358,54
synth_21146,54
synth_21309,54
synth_21371,54
synth_21133,54
synth_21157,54
synth_21271,54
synth_21159,54
synth_21318,54
synth_21195,54
synth_21342,54
synth_21154,54
synth_21175,54
synth_21378,54
synth_21192,54
synth_21089,54
synth_21130,54
synth_21247,54
synth_21113,54
synth_21122,54
synth_21257,54
synth_21316,54
synth_21297,54
synth_21158,54
synth_21197,54
synth_21169,54
synth_21179,54
synth_21108,54
synth_21149,54
synth_21156,54
synth_21222,54
synth_21268,54
synth_21076,54
synth_21201,54
synth_21393,54
synth_21258,54
synth_21368,54
synth_21114,54
synth_21302,54
synth_21172,54
synth_21150,54
synth_21367,54
synth_21384,54
synth_21109,54
synth_21142,54
synth_21164,54
synth_21234,54
synth_21315,54
synth_21340,54
synth_21305,54
synth_21085,54
synth_21180,54
synth_21395,54
synth_21136,54
synth_21141,54
synth_21308,54
synth_21333,54
synth_21356,54
synth_21220,54
synth_21075,54
synth_21145,54
synth_21279,54
synth_21112,54
synth_21173,54
synth_21354,54
synth_21095,54
synth_21219,54
synth_21226,54
synth_21107,54
synth_21131,54
synth_21348,54
synth_21191,54
synth_21070,54
synth_21073,54
synth_21211,54
synth_21224,54
synth_21281,54
synth_21098,54
synth_21132,54
synth_21321,54
synth_21360,54
synth_21362,54
synth_21093,54
synth_21161,54
synth_21174,54
synth_21212,54
synth_21338,54
synth_21091,54
synth_21200,54
synth_21320,54
synth_21263,54
synth_21167,54
synth_21188,54
synth_21310,54
synth_21213,54
synth_21242,54
synth_21081,54
synth_21259,54
synth_21160,54
synth_21198,54
synth_21253,54
synth_21272,54
synth_21086,54
synth_21094,54
synth_21124,54
synth_21151,54
synth_21303,54
synth_21336,54
synth_21083,54
synth_21390,54
synth_21103,54
synth_21206,54
synth_21237,54
synth_21138,54
synth_21168,54
synth_21292,54
synth_21350,54
synth_21334,54
synth_21357,54
synth_21341,54
synth_21208,54
synth_21347,54
synth_21359,54
synth_21377,54
synth_21140,54
synth_21170,54
synth_21293,54
synth_21186,54
synth_21274,54
synth_21203,54
synth_21128,54
synth_21299,54
synth_21235,54
synth_21307,54
synth_21312,54
synth_21111,54
synth_21088,54
synth_21163,54
synth_21323,54
synth_21379,54
synth_21255,54
synth_21240,54
synth_21250,54
synth_21288,54
synth_21339,54
synth_21280,54
synth_21217,54
synth_21284,54
synth_21147,54
synth_21361,54
synth_21325,54
synth_21364,54
synth_21215,54
synth_21087,54
synth_21165,54
synth_21355,54
synth_21218,54
synth_21223,54
synth_21324,54
synth_21196,54
synth_21204,54
synth_21221,54
synth_21327,54
synth_21394,54
synth_21346,54
synth_21267,54
synth_21137,54
synth_21144,54
synth_21343,54
synth_21314,54
synth_21116,54
synth_21241,54
synth_21127,54
synth_21166,54
synth_21296,54
synth_21115,54
synth_21381,54
synth_21363,54
synth_21254,54
synth_21335,54
synth_21074,54
synth_21139,54
synth_21171,54
synth_21194,54
synth_21207,54
synth_21286,54
synth_21287,54
synth_21199,54
synth_21126,54
synth_21270,54
synth_21306,54
synth_21328,54
synth_21100,54
synth_21190,54
synth_21291,54
synth_21155,54
synth_21269,54
synth_21262,54
synth_21106,54
synth_21134,54
synth_21277,54
synth_21331,54
synth_21110,54
synth_21178,54
synth_21337,54
synth_21380,54
synth_21382,54
synth_21099,54
synth_21233,54
synth_21185,54
synth_21289,54
synth_21365,54
synth_21391,54
synth_21071,54
synth_21232,54
synth_21187,54
synth_21236,54
synth_21243,54
synth_21385,54
synth_21275,54
synth_21069,54
synth_21082,54
synth_21078,54
synth_21102,54
synth_21244,54
synth_21256,54
synth_21322,54
synth_21349,54
synth_21278,54
synth_21177,54
synth_21264,54
synth_21228,54
synth_21266,54
synth_21372,54
synth_21135,54
synth_21290,54
synth_21184,54
synth_21376,54
synth_21129,54
synth_21189,54
synth_21246,54
synth_21319,54
synth_21375,54
synth_21387,54
synth_21298,54
synth_21125,54
synth_21202,54
synth_21120,54
synth_21330,54
synth_21105,54
synth_21143,54
synth_21119,54
synth_21261,54
synth_21283,54
synth_21096,54
synth_21214,54
synth_21383,54
synth_21084,54
synth_21282,54
synth_21225,54
synth_21245,54
synth_21329,54
synth_21326,54
synth_21121,54
synth_21265,54
synth_21273,54
synth_21276,54
synth_21176,54
synth_21389,54
synth_21092,54
synth_21182,54
synth_21209,54
synth_21249,54
synth_21251,54
synth_21304,54
synth_21366,54
synth_21181,54
synth_21260,54
synth_21373,54
synth_21101,54
synth_21231,54
synth_21386,54
synth_21351,54
synth_21152,54
synth_21369,54
synth_21344,54
synth_21210,54
synth_21392,54
synth_21072,54
synth_21079,54
synth_21104,54
synth_21117,54
synth_21317,54
synth_21388,54
synth_21230,54
synth_21097,54
synth_21313,54
synth_21332,54
synth_21295,54
synth_21239,54
synth_21345,54
synth_21616,53
synth_21673,53
synth_21693,53
synth_21483,53
synth_21557,53
synth_21520,53
synth_21529,53
synth_21663,53
synth_21706,53
synth_21461,53
synth_21733,53
synth_21478,53
synth_21563,53
synth_21734,53
synth_21527,53
synth_21709,53
synth_21572,53
synth_21474,53
synth_21401,53
synth_21569,53
synth_21698,53
synth_21523,53
synth_21452,53
synth_21615,53
synth_21508,53
synth_21521,53
synth_21671,53
synth_21664,53
synth_21530,53
synth_21397,53
synth_21430,53
synth_21577,53
synth_21608,53
synth_21597,53
synth_21598,53
synth_21414,53
synth_21486,53
synth_21428,53
synth_21607,53
synth_21636,53
synth_21642,53
synth_21578,53
synth_21722,53
synth_21423,53
synth_21501,53
synth_21556,53
synth_21713,53
synth_21715,53
synth_21476,53
synth_21707,53
synth_21408,53
synth_21442,53
synth_21467,53
synth_21645,53
synth_21457,53
synth_21576,53
synth_21634,53
synth_21400,53
synth_21411,53
synth_21720,53
synth_21436,53
synth_21657,53
synth_21730,53
synth_21484,53
synth_21724,53
synth_21591,53
synth_21424,53
synth_21676,53
synth_21472,53
synth_21548,53
synth_21553,53
synth_21639,53
synth_21669,53
synth_21418,53
synth_21624,53
synth_21434,53
synth_21682,53
synth_21613,53
synth_21689,53
synth_21643,53
synth_21444,53
synth_21547,53
synth_21623,53
synth_21705,53
synth_21560,53
synth_21655,53
synth_21661,53
synth_21415,53
synth_21458,53
synth_21651,53
synth_21425,53
synth_21586,53
synth_21646,53
synth_21398,53
synth_21729,53
synth_21433,53
synth_21665,53
synth_21674,53
synth_21432,53
synth_21555,53
synth_21559,53
synth_21566,53
synth_21659,53
synth_21700,53
synth_21691,53
synth_21445,53
synth_21487,53
synth_21601,53
synth_21426,53
synth_21717,53
synth_21519,53
synth_21621,53
synth_21507,53
synth_21546,53
synth_21699,53
synth_21492,53
synth_21568,53
synth_21647,53
synth_21672,53
synth_21498,53
synth_21679,53
synth_21532,53
synth_21463,53
synth_21549,53
synth_21680,53
synth_21619,53
synth_21678,53
synth_21727,53
synth_21496,53
synth_21526,53
synth_21531,53
synth_21618,53
synth_21719,53
synth_21399,53
synth_21567,53
synth_21652,53
synth_21684,53
synth_21456,53
synth_21588,53
synth_21640,53
synth_21431,53
synth_21606,53
synth_21641,53
synth_21658,53
synth_21683,53
synth_21696,53
synth_21534,53
synth_21710,53
synth_21728,53
synth_21528,53
synth_21573,53
synth_21581,53
synth_21511,53
synth_21626,53
synth_21500,53
synth_21649,53
synth_21485,53
synth_21516,53
synth_21694,53
synth_21505,53
synth_21596,53
synth_21617,53
synth_21732,53
synth_21407,53
synth_21466,53
synth_21544,53
synth_21571,53
synth_21574,53
synth_21723,53
synth_21726,53
synth_21471,53
synth_21620,53
synth_21447,53
synth_21441,53
synth_21536,53
synth_21688,53
synth_21502,53
synth_21459,53
synth_21589,53
synth_21614,53
synth_21627,53
synth_21633,53
synth_21438,53
synth_21650,53
synth_21449,53
synth_21670,53
synth_21545,53
synth_21403,53
synth_21437,53
synth_21513,53
synth_21635,53
synth_21495,53
synth_21593,53
synth_21402,53
synth_21687,53
synth_21412,53
synth_21599,53
synth_21525,53
synth_21443,53
synth_21654,53
synth_21565,53
synth_21662,53
synth_21668,53
synth_21404,53
synth_21575,53
synth_21448,53
synth_21417,53
synth_21718,53
synth_21406,53
synth_21462,53
synth_21509,53
synth_21582,53
synth_21460,53
synth_21493,53
synth_21446,53
synth_21561,53
synth_21396,53
synth_21522,53
synth_21481,53
synth_21512,53
synth_21625,53
synth_21721,53
synth_21491,53
synth_21656,53
synth_21714,53
synth_21419,53
synth_21470,53
synth_21517,53
synth_21622,53
synth_21603,53
synth_21454,53
synth_21405,53
synth_21695,53
synth_21712,53
synth_21631,53
synth_21701,53
synth_21477,53
synth_21711,53
synth_21503,53
synth_21435,53
synth_21510,53
synth_21604,53
synth_21611,53
synth_21468,53
synth_21630,53
synth_21453,53
synth_21609,53
synth_21562,53
synth_21594,53
synth_21602,53
synth_21716,53
synth_21421,53
synth_21499,53
synth_21410,53
synth_21440,53
synth_21469,53
synth_21482,53
synth_21524,53
synth_21465,53
synth_21558,53
synth_21666,53
synth_21455,53
synth_21610,53
synth_21690,53
synth_21450,53
synth_21464,53
synth_21489,53
synth_21554,53
synth_21595,53
synth_21685,53
synth_21600,53
synth_21667,53
synth_21605,53
synth_21580,53
synth_21490,53
synth_21518,53
synth_21515,53
synth_21681,53
synth_21708,53
synth_21479,53
synth_21543,53
synth_21550,53
synth_21632,53
synth_21637,53
synth_21533,53
synth_21542,53
synth_21644,53
synth_21648,53
synth_21420,53
synth_21583,53
synth_21686,53
synth_21451,53
synth_21564,53
synth_21570,53
synth_21638,53
synth_21675,53
synth_21702,53
synth_21494,53
synth_21538,53
synth_21504,53
synth_21429,53
synth_21514,53
synth_21552,53
synth_21537,53
synth_21653,53
synth_21409,53
synth_21541,53
synth_21731,53
synth_21677,53
synth_21540,53
synth_21475,53
synth_21579,53
synth_21413,53
synth_21422,53
synth_21473,53
synth_21584,53
synth_21585,53
synth_21488,53
synth_21725,53
synth_21416,53
synth_21592,53
synth_21539,53
synth_21587,53
synth_21704,53
synth_21628,53
synth_21480,53
synth_21660,53
synth_21506,53
synth_21497,53
synth_21629,53
synth_21590,53
synth_21692,53
synth_21439,53
synth_21535,53
synth_21697,53
synth_21612,53
synth_21427,53
synth_21551,53
synth_21703,53
synth_22047,52
synth_21932,52
synth_21753,52
synth_21888,52
synth_21946,52
synth_22041,52
synth_22053,52
synth_21768,52
synth_21983,52
synth_22026,52
synth_21755,52
synth_21760,52
synth_21795,52
synth_21863,52
synth_22014,52
synth_21897,52
synth_22079,52
synth_21841,52
synth_22050,52
synth_22037,52
synth_21968,52
synth_21887,52
synth_21941,52
synth_21943,52
synth_21995,52
synth_22020,52
synth_22052,52
synth_21800,52
synth_21872,52
synth_21847,52
synth_21933,52
synth_21775,52
synth_21910,52
synth_21989,52
synth_21823,52
synth_22001,52
synth_21756,52
synth_21742,52
synth_21881,52
synth_21765,52
synth_22012,52
synth_22045,52
synth_21788,52
synth_21825,52
synth_21944,52
synth_21864,52
synth_21917,52
synth_21953,52
synth_21971,52
synth_22008,52
synth_22080,52
synth_22010,52
synth_21750,52
synth_21754,52
synth_21922,52
synth_22016,52
synth_21964,52
synth_22032,52
synth_21883,52
synth_21876,52
synth_21961,52
synth_21976,52
synth_21896,52
synth_22051,52
synth_21840,52
synth_22034,52
synth_22038,52
synth_21779,52
synth_21873,52
synth_21899,52
synth_21900,52
synth_22006,52
synth_22025,52
synth_22029,52
synth_22072,52
synth_21948,52
synth_22059,52
synth_21776,52
synth_21857,52
synth_22018,52
synth_22031,52
synth_21988,52
synth_22036,52
synth_21925,52
synth_21773,52
synth_21955,52
synth_21799,52
synth_21936,52
synth_21828,52
synth_21942,52
synth_21735,52
synth_22009,52
synth_21928,52
synth_21967,52
synth_21801,52
synth_21831,52
synth_21810,52
synth_21868,52
synth_21919,52
synth_21965,52
synth_22039,52
synth_21764,52
synth_21966,52
synth_21822,52
synth_21816,52
synth_21778,52
synth_21851,52
synth_21880,52
synth_21890,52
synth_21763,52
synth_21927,52
synth_21874,52
synth_21882,52
synth_21960,52
synth_21804,52
synth_21918,52
synth_21797,52
synth_21794,52
synth_21815,52
synth_21818,52
synth_21860,52
synth_21991,52
synth_21861,52
synth_21902,52
synth_21921,52
synth_21958,52
synth_21757,52
synth_21769,52
synth_21782,52
synth_21972,52
synth_21771,52
synth_21906,52
synth_21770,52
synth_21784,52
synth_21747,52
synth_21970,52
synth_22030,52
synth_21834,52
synth_21982,52
synth_22066,52
synth_21935,52
synth_22022,52
synth_22058,52
synth_21856,52
synth_21879,52
synth_22071,52
synth_21977,52
synth_22002,52
synth_21854,52
synth_21914,52
synth_21939,52
synth_21878,52
synth_21937,52
synth_21791,52
synth_21839,52
synth_21827,52
synth_21792,52
synth_21901,52
synth_21867,52
synth_21950,52
synth_22027,52
synth_21846,52
synth_21891,52
synth_22068,52
synth_22049,52
synth_21740,52
synth_21802,52
synth_21893,52
synth_22024,52
synth_22077,52
synth_21796,52
synth_21929,52
synth_22063,52
synth_21748,52
synth_21811,52
synth_21813,52
synth_22076,52
synth_21743,52
synth_21855,52
synth_21974,52
synth_22023,52
synth_21980,52
synth_21842,52
synth_22046,52
synth_22065,52
synth_21911,52
synth_21985,52
synth_21803,52
synth_22085,52
synth_21793,52
synth_21829,52
synth_21940,52
synth_22060,52
synth_21767,52
synth_22057,52
synth_21759,52
synth_21845,52
synth_21875,52
synth_21998,52
synth_22040,52
synth_21838,52
synth_22075,52
synth_22061,52
synth_22086,52
synth_21835,52
synth_21981,52
synth_21987,52
synth_21777,52
synth_21848,52
synth_21744,52
synth_21947,52
synth_22083,52
synth_22003,52
synth_22055,52
synth_21843,52
synth_21990,52
synth_22035,52
synth_21745,52
synth_21951,52
synth_22007,52
synth_21833,52
synth_21979,52
synth_22073,52
synth_21963,52
synth_21844,52
synth_22005,52
synth_21761,52
synth_21865,52
synth_21907,52
synth_21926,52
synth_21931,52
synth_22028,52
synth_21886,52
synth_22017,52
synth_22019,52
synth_21746,52
synth_21824,52
synth_21862,52
synth_21909,52
synth_21912,52
synth_21975,52
synth_22021,52
synth_21992,52
synth_21812,52
synth_21852,52
synth_21956,52
synth_21892,52
synth_21895,52
synth_21780,52
synth_22056,52
synth_21762,52
synth_21817,52
synth_21903,52
synth_21996,52
synth_21923,52
synth_21934,52
synth_21957,52
synth_21774,52
synth_21850,52
synth_21978,52
synth_22042,52
synth_21772,52
synth_21969,52
synth_22044,52
synth_21945,52
synth_21738,52
synth_22011,52
synth_22015,52
synth_22078,52
synth_21837,52
synth_21898,52
synth_21962,52
synth_22074,52
synth_21999,52
synth_22000,52
synth_22013,52
synth_22048,52
synth_22054,52
synth_21741,52
synth_21798,52
synth_21858,52
synth_21905,52
synth_22070,52
synth_21809,52
synth_21853,52
synth_21924,52
synth_21994,52
synth_22033,52
synth_22081,52
synth_21877,52
synth_21986,52
synth_21739,52
synth_21789,52
synth_21849,52
synth_21870,52
synth_21938,52
synth_21908,52
synth_21984,52
synth_21805,52
synth_21808,52
synth_21885,52
synth_22064,52
synth_21736,52
synth_21783,52
synth_21916,52
synth_21766,52
synth_21859,52
synth_21787,52
synth_21954,52
synth_21930,52
synth_21751,52
synth_21758,52
synth_21826,52
synth_22069,52
synth_22084,52
synth_21737,52
synth_21814,52
synth_21915,52
synth_22082,52
synth_21781,52
synth_21819,52
synth_21973,52
synth_22062,52
synth_21821,52
synth_21884,52
synth_22043,52
synth_22067,52
synth_21752,52
synth_21866,52
synth_21913,52
synth_21920,52
synth_21952,52
synth_21949,52
synth_21786,52
synth_21820,52
synth_21806,52
synth_21785,52
synth_21790,52
synth_21830,52
synth_22004,52
synth_21836,52
synth_21993,52
synth_21894,52
synth_21832,52
synth_21871,52
synth_21904,52
synth_21997,52
synth_21807,52
synth_21959,52
synth_21749,52
synth_21869,52
synth_21889,52
synth_22177,51
synth_22181,51
synth_22211,51
synth_22336,51
synth_22380,51
synth_22263,51
synth_22393,51
synth_22332,51
synth_22414,51
synth_22186,51
synth_22200,51
synth_22443,51
synth_22222,51
synth_22114,51
synth_22183,51
synth_22188,51
synth_22360,51
synth_22428,51
synth_22367,51
synth_22116,51
synth_22283,51
synth_22096,51
synth_22102,51
synth_22168,51
synth_22094,51
synth_22137,51
synth_22219,51
synth_22270,51
synth_22104,51
synth_22166,51
synth_22160,51
synth_22195,51
synth_22271,51
synth_22362,51
synth_22185,51
synth_22197,51
synth_22410,51
synth_22352,51
synth_22258,51
synth_22143,51
synth_22266,51
synth_22291,51
synth_22363,51
synth_22132,51
synth_22171,51
synth_22435,51
synth_22318,51
synth_22417,51
synth_22287,51
synth_22346,51
synth_22385,51
synth_22416,51
synth_22121,51
synth_22260,51
synth_22388,51
synth_22321,51
synth_22305,51
synth_22101,51
synth_22224,51
synth_22256,51
synth_22092,51
synth_22150,51
synth_22371,51
synth_22361,51
synth_22442,51
synth_22331,51
synth_22358,51
synth_22280,51
synth_22359,51
synth_22267,51
synth_22178,51
synth_22302,51
synth_22221,51
synth_22277,51
synth_22323,51
synth_22387,51
synth_22095,51
synth_22210,51
synth_22337,51
synth_22392,51
synth_22308,51
synth_22252,51
synth_22249,51
synth_22122,51
synth_22123,51
synth_22379,51
synth_22113,51
synth_22338,51
synth_22409,51
synth_22124,51
synth_22399,51
synth_22281,51
synth_22355,51
synth_22319,51
synth_22422,51
synth_22398,51
synth_22228,51
synth_22152,51
synth_22301,51
synth_22329,51
synth_22351,51
synth_22162,51
synth_22192,51
synth_22278,51
synth_22372,51
synth_22248,51
synth_22257,51
synth_22141,51
synth_22223,51
synth_22320,51
synth_22317,51
synth_22406,51
synth_22268,51
synth_22119,51
synth_22312,51
synth_22100,51
synth_22110,51
synth_22118,51
synth_22241,51
synth_22353,51
synth_22357,51
synth_22374,51
synth_22376,51
synth_22238,51
synth_22117,51
synth_22133,51
synth_22149,51
synth_22445,51
synth_22138,51
synth_22230,51
synth_22279,51
synth_22350,51
synth_22311,51
synth_22429,51
synth_22213,51
synth_22307,51
synth_22144,51
synth_22413,51
synth_22088,51
synth_22412,51
synth_22227,51
synth_22282,51
synth_22182,51
synth_22255,51
synth_22430,51
synth_22245,51
synth_22402,51
synth_22115,51
synth_22212,51
synth_22290,51
synth_22382,51
synth_22235,51
synth_22369,51
synth_22201,51
synth_22220,51
synth_22444,51
synth_22172,51
synth_22203,51
synth_22239,51
synth_22390,51
synth_22407,51
synth_22155,51
synth_22250,51
synth_22243,51
synth_22381,51
synth_22175,51
synth_22373,51
synth_22404,51
synth_22164,51
synth_22314,51
synth_22300,51
synth_22131,51
synth_22269,51
synth_22091,51
synth_22446,51
synth_22229,51
synth_22295,51
synth_22174,51
synth_22293,51
synth_22325,51
synth_22215,51
synth_22327,51
synth_22396,51
synth_22163,51
synth_22296,51
synth_22365,51
synth_22233,51
synth_22356,51
synth_22401,51
synth_22127,51
synth_22198,51
synth_22341,51
synth_22097,51
synth_22347,51
synth_22431,51
synth_22161,51
synth_22087,51
synth_22313,51
synth_22154,51
synth_22204,51
synth_22436,51
synth_22106,51
synth_22158,51
synth_22285,51
synth_22370,51
synth_22103,51
synth_22156,51
synth_22199,51
synth_22216,51
synth_22440,51
synth_22165,51
synth_22242,51
synth_22391,51
synth_22384,51
synth_22134,51
synth_22099,51
synth_22434,51
synth_22157,51
synth_22276,51
synth_22090,51
synth_22368,51
synth_22405,51
synth_22310,51
synth_22176,51
synth_22236,51
synth_22125,51
synth_22378,51
synth_22421,51
synth_22397,51
synth_22196,51
synth_22447,51
synth_22272,51
synth_22286,51
synth_22408,51
synth_22247,51
synth_22254,51
synth_22142,51
synth_22180,51
synth_22129,51
synth_22297,51
synth_22315,51
synth_22403,51
synth_22415,51
synth_22191,51
synth_22202,51
synth_22193,51
synth_22386,51
synth_22105,51
synth_22366,51
synth_22139,51
synth_22330,51
synth_22173,51
synth_22089,51
synth_22108,51
synth_22328,51
synth_22364,51
synth_22205,51
synth_22275,51
synth_22389,51
synth_22109,51
synth_22231,51
synth_22335,51
synth_22342,51
synth_22234,51
synth_22343,51
synth_22433,51
synth_22449,51
synth_22194,51
synth_22377,51
synth_22273,51
synth_22334,51
synth_22400,51
synth_22420,51
synth_22184,51
synth_22169,51
synth_22244,51
synth_22292,51
synth_22246,51
synth_22349,51
synth_22140,51
synth_22147,51
synth_22298,51
synth_22170,51
synth_22395,51
synth_22425,51
synth_22153,51
synth_22214,51
synth_22339,51
synth_22411,51
synth_22426,51
synth_22303,51
synth_22340,51
synth_22423,51
synth_22218,51
synth_22107,51
synth_22306,51
synth_22098,51
synth_22288,51
synth_22148,51
synth_22240,51
synth_22265,51
synth_22112,51
synth_22159,51
synth_22189,51
synth_22190,51
synth_22304,51
synth_22232,51
synth_22419,51
synth_22151,51
synth_22136,51
synth_22432,51
synth_22126,51
synth_22207,51
synth_22093,51
synth_22354,51
synth_22348,51
synth_22146,51
synth_22145,51
synth_22167,51
synth_22438,51
synth_22264,51
synth_22299,51
synth_22394,51
synth_22284,51
synth_22326,51
synth_22418,51
synth_22333,51
synth_22225,51
synth_22226,51
synth_22345,51
synth_22424,51
synth_22322,51
synth_22209,51
synth_22294,51
synth_22135,51
synth_22187,51
synth_22206,51
synth_22344,51
synth_22259,51
synth_22111,51
synth_22217,51
synth_22253,51
synth_22437,51
synth_22120,51
synth_22128,51
synth_22383,51
synth_22441,51
synth_22309,51
synth_22448,51
synth_22274,51
synth_22316,51
synth_22179,51
synth_22130,51
synth_22262,51
synth_22237,51
synth_22261,51
synth_22208,51
synth_22324,51
synth_22289,51
synth_22427,51
synth_22375,51
synth_22251,51
synth_22439,51
synth_22754,50
synth_22788,50
synth_22600,50
synth_22519,50
synth_22805,50
synth_22624,50
synth_22673,50
synth_22713,50
synth_22735,50
synth_22463,50
synth_22707,50
synth_22498,50
synth_22556,50
synth_22565,50
synth_22658,50
synth_22674,50
synth_22708,50
synth_22779,50
synth_22797,50
synth_22675,50
synth_22676,50
synth_22575,50
synth_22745,50
synth_22628,50
synth_22572,50
synth_22694,50
synth_22590,50
synth_22496,50
synth_22544,50
synth_22700,50
synth_22785,50
synth_22522,50
synth_22540,50
synth_22548,50
synth_22706,50
synth_22817,50
synth_22819,50
synth_22510,50
synth_22687,50
synth_22611,50
synth_22466,50
synth_22632,50
synth_22666,50
synth_22721,50
synth_22722,50
synth_22729,50
synth_22502,50
synth_22539,50
synth_22613,50
synth_22714,50
synth_22765,50
synth_22608,50
synth_22731,50
synth_22621,50
synth_22803,50
synth_22571,50
synth_22712,50
synth_22772,50
synth_22787,50
synth_22609,50
synth_22456,50
synth_22633,50
synth_22656,50
synth_22485,50
synth_22561,50
synth_22796,50
synth_22566,50
synth_22474,50
synth_22780,50
synth_22827,50
synth_22464,50
synth_22718,50
synth_22671,50
synth_22696,50
synth_22563,50
synth_22554,50
synth_22465,50
synth_22698,50
synth_22459,50
synth_22462,50
synth_22506,50
synth_22668,50
synth_22704,50
synth_22815,50
synth_22486,50
synth_22504,50
synth_22771,50
synth_22709,50
synth_22631,50
synth_22574,50
synth_22705,50
synth_22723,50
synth_22767,50
synth_22584,50
synth_22730,50
synth_22500,50
synth_22518,50
synth_22593,50
synth_22648,50
synth_22492,50
synth_22595,50
synth_22642,50
synth_22781,50
synth_22703,50
synth_22677,50
synth_22454,50
synth_22604,50
synth_22742,50
synth_22649,50
synth_22764,50
synth_22469,50
synth_22545,50
synth_22591,50
synth_22786,50
synth_22690,50
synth_22497,50
synth_22807,50
synth_22603,50
synth_22528,50
synth_22555,50
synth_22567,50
synth_22477,50
synth_22798,50
synth_22683,50
synth_22516,50
synth_22770,50
synth_22501,50
synth_22482,50
synth_22525,50
synth_22737,50
synth_22532,50
synth_22623,50
synth_22483,50
synth_22814,50
synth_22686,50
synth_22719,50
synth_22776,50
synth_22458,50
synth_22746,50
synth_22472,50
synth_22585,50
synth_22716,50
synth_22494,50
synth_22793,50
synth_22507,50
synth_22597,50
synth_22592,50
synth_22468,50
synth_22599,50
synth_22533,50
synth_22577,50
synth_22678,50
synth_22689,50
synth_22602,50
synth_22551,50
synth_22795,50
synth_22570,50
synth_22651,50
synth_22777,50
synth_22476,50
synth_22626,50
synth_22524,50
synth_22549,50
synth_22644,50
synth_22701,50
synth_22784,50
synth_22650,50
synth_22664,50
synth_22761,50
synth_22622,50
synth_22643,50
synth_22769,50
synth_22791,50
synth_22682,50
synth_22489,50
synth_22495,50
synth_22553,50
synth_22695,50
synth_22720,50
synth_22752,50
synth_22581,50
synth_22618,50
synth_22635,50
synth_22455,50
synth_22587,50
synth_22667,50
synth_22825,50
synth_22499,50
synth_22606,50
synth_22619,50
synth_22490,50
synth_22670,50
synth_22646,50
synth_22509,50
synth_22479,50
synth_22657,50
synth_22763,50
synth_22579,50
synth_22727,50
synth_22758,50
synth_22471,50
synth_22617,50
synth_22655,50
synth_22757,50
synth_22775,50
synth_22612,50
synth_22541,50
synth_22734,50
synth_22768,50
synth_22559,50
synth_22520,50
synth_22578,50
synth_22804,50
synth_22636,50
synth_22568,50
synth_22582,50
synth_22637,50
synth_22491,50
synth_22821,50
synth_22753,50
synth_22627,50
synth_22638,50
synth_22515,50
synth_22751,50
synth_22774,50
synth_22652,50
synth_22511,50
synth_22697,50
synth_22605,50
synth_22594,50
synth_22521,50
synth_22661,50
synth_22732,50
synth_22531,50
synth_22663,50
synth_22478,50
synth_22620,50
synth_22634,50
synth_22669,50
synth_22728,50
synth_22806,50
synth_22691,50
synth_22801,50
synth_22823,50
synth_22467,50
synth_22484,50
synth_22685,50
synth_22799,50
synth_22503,50
synth_22589,50
synth_22508,50
synth_22736,50
synth_22550,50
synth_22576,50
synth_22453,50
synth_22460,50
synth_22558,50
synth_22692,50
synth_22457,50
synth_22740,50
synth_22629,50
synth_22739,50
synth_22526,50
synth_22741,50
synth_22480,50
synth_22557,50
synth_22724,50
synth_22451,50
synth_22538,50
synth_22679,50
synth_22748,50
synth_22607,50
synth_22452,50
synth_22514,50
synth_22588,50
synth_22744,50
synth_22488,50
synth_22653,50
synth_22493,50
synth_22523,50
synth_22645,50
synth_22530,50
synth_22792,50
synth_22816,50
synth_22820,50
synth_22639,50
synth_22647,50
synth_22662,50
synth_22762,50
synth_22826,50
synth_22693,50
synth_22783,50
synth_22790,50
synth_22810,50
synth_22680,50
synth_22726,50
synth_22546,50
synth_22756,50
synth_22812,50
synth_22822,50
synth_22537,50
synth_22808,50
synth_22534,50
synth_22699,50
synth_22750,50
synth_22547,50
synth_22684,50
synth_22598,50
synth_22711,50
synth_22569,50
synth_22573,50
synth_22596,50
synth_22601,50
synth_22583,50
synth_22733,50
synth_22759,50
synth_22672,50
synth_22461,50
synth_22755,50
synth_22542,50
synth_22773,50
synth_22789,50
synth_22562,50
synth_22715,50
synth_22824,50
synth_22560,50
synth_22473,50
synth_22586,50
synth_22747,50
synth_22809,50
synth_22659,50
synth_22610,50
synth_22450,50
synth_22543,50
synth_22818,50
synth_22517,50
synth_22552,50
synth_22778,50
synth_22688,50
synth_22615,50
synth_22513,50
synth_22536,50
synth_22614,50
synth_22640,50
synth_22654,50
synth_22616,50
synth_22512,50
synth_22527,50
synth_22641,50
synth_22681,50
synth_22470,50
synth_22802,50
synth_22800,50
synth_22811,50
synth_22665,50
synth_22738,50
synth_22743,50
synth_22529,50
synth_22717,50
synth_22782,50
synth_22580,50
synth_22505,50
synth_22630,50
synth_22794,50
synth_22625,50
synth_22660,50
synth_22813,50
synth_22564,50
synth_22749,50
synth_22487,50
synth_22481,50
synth_22710,50
synth_22766,50
synth_22475,50
synth_22535,50
synth_22702,50
synth_22760,50
synth_22725,50
synth_22885,49
synth_22946,49
synth_22948,49
synth_23103,49
synth_23026,49
synth_23076,49
synth_22962,49
synth_22982,49
synth_23199,49
synth_23197,49
synth_23011,49
synth_23162,49
synth_23016,49
synth_23126,49
synth_22955,49
synth_22934,49
synth_23216,49
synth_23097,49
synth_23124,49
synth_22855,49
synth_23042,49
synth_23069,49
synth_22848,49
synth_23107,49
synth_22833,49
synth_22876,49
synth_23060,49
synth_23132,49
synth_23135,49
synth_23190,49
synth_23106,49
synth_23065,49
synth_22849,49
synth_22888,49
synth_22857,49
synth_23063,49
synth_22894,49
synth_23091,49
synth_23133,49
synth_23034,49
synth_22860,49
synth_23003,49
synth_22869,49
synth_22840,49
synth_22935,49
synth_22939,49
synth_22856,49
synth_22907,49
synth_23002,49
synth_22975,49
synth_23131,49
synth_22868,49
synth_23205,49
synth_23206,49
synth_22970,49
synth_22851,49
synth_23175,49
synth_22866,49
synth_23006,49
synth_23021,49
synth_23043,49
synth_23101,49
synth_22859,49
synth_22890,49
synth_23182,49
synth_23072,49
synth_22967,49
synth_23122,49
synth_22899,49
synth_23120,49
synth_23179,49
synth_23115,49
synth_22878,49
synth_23212,49
synth_22931,49
synth_23051,49
synth_23061,49
synth_23114,49
synth_22918,49
synth_22987,49
synth_23012,49
synth_23136,49
synth_23169,49
synth_23005,49
synth_23028,49
synth_23029,49
synth_22953,49
synth_23089,49
synth_23130,49
synth_22873,49
synth_22896,49
synth_22951,49
synth_22959,49
synth_22954,49
synth_23157,49
synth_23172,49
synth_22928,49
synth_23040,49
synth_22842,49
synth_23189,49
synth_22936,49
synth_22958,49
synth_23045,49
synth_22977,49
synth_22999,49
synth_23168,49
synth_22945,49
synth_23022,49
synth_22895,49
synth_22996,49
synth_22839,49
synth_22915,49
synth_23009,49
synth_23030,49
synth_23057,49
synth_23118,49
synth_22917,49
synth_22912,49
synth_22950,49
synth_23204,49
synth_22978,49
synth_22998,49
synth_23007,49
synth_23004,49
synth_23058,49
synth_23096,49
synth_23104,49
synth_23185,49
synth_23151,49
synth_23213,49
synth_22892,49
synth_23152,49
synth_22922,49
synth_23013,49
synth_22989,49
synth_22905,49
synth_23024,49
synth_22837,49
synth_23144,49
synth_23108,49
synth_23163,49
synth_22971,49
synth_23184,49
synth_23071,49
synth_22965,49
synth_23046,49
synth_23048,49
synth_23137,49
synth_23165,49
synth_23019,49
synth_23174,49
synth_22963,49
synth_23208,49
synth_23018,49
synth_23023,49
synth_23183,49
synth_22834,49
synth_22941,49
synth_23080,49
synth_23217,49
synth_22891,49
synth_22861,49
synth_22921,49
synth_22966,49
synth_23088,49
synth_23134,49
synth_22973,49
synth_23146,49
synth_23039,49
synth_23044,49
synth_23113,49
synth_22850,49
synth_22964,49
synth_23100,49
synth_23171,49
synth_23198,49
synth_23200,49
synth_22981,49
synth_23098,49
synth_23139,49
synth_23121,49
synth_23145,49
synth_22902,49
synth_22923,49
synth_23066,49
synth_23110,49
synth_22990,49
synth_23112,49
synth_22919,49
synth_23017,49
synth_23035,49
synth_23186,49
synth_22863,49
synth_22867,49
synth_23020,49
synth_23194,49
synth_22972,49
synth_23033,49
synth_22828,49
synth_23117,49
synth_23177,49
synth_22864,49
synth_23119,49
synth_23218,49
synth_22882,49
synth_23158,49
synth_22976,49
synth_23176,49
synth_23188,49
synth_22906,49
synth_23140,49
synth_23215,49
synth_22886,49
synth_23041,49
synth_23062,49
synth_23164,49
synth_23211,49
synth_22832,49
synth_22938,49
synth_23055,49
synth_23180,49
synth_22880,49
synth_23073,49
synth_23147,49
synth_22897,49
synth_22932,49
synth_22909,49
synth_23207,49
synth_23031,49
synth_23079,49
synth_22874,49
synth_23111,49
synth_23049,49
synth_23070,49
synth_22893,49
synth_22925,49
synth_22879,49
synth_22992,49
synth_22841,49
synth_22901,49
synth_23050,49
synth_22853,49
synth_23092,49
synth_23109,49
synth_22914,49
synth_22960,49
synth_23038,49
synth_22985,49
synth_22845,49
synth_23143,49
synth_23159,49
synth_23093,49
synth_23123,49
synth_23125,49
synth_23181,49
synth_22900,49
synth_23085,49
synth_22997,49
synth_23170,49
synth_23173,49
synth_22961,49
synth_23099,49
synth_22829,49
synth_22995,49
synth_23195,49
synth_22838,49
synth_22913,49
synth_22944,49
synth_23037,49
synth_23153,49
synth_22924,49
synth_23067,49
synth_23090,49
synth_23128,49
synth_23138,49
synth_23075,49
synth_23081,49
synth_22836,49
synth_23192,49
synth_22920,49
synth_22980,49
synth_23178,49
synth_23083,49
synth_22926,49
synth_23094,49
synth_22943,49
synth_23095,49
synth_23102,49
synth_22952,49
synth_23127,49
synth_22870,49
synth_22884,49
synth_22979,49
synth_23214,49
synth_22974,49
synth_23187,49
synth_22844,49
synth_23082,49
synth_22947,49
synth_23150,49
synth_22846,49
synth_22835,49
synth_22933,49
synth_22991,49
synth_23010,49
synth_23142,49
synth_23201,49
synth_23141,49
synth_22847,49
synth_23161,49
synth_22858,49
synth_22986,49
synth_23191,49
synth_22937,49
synth_23074,49
synth_23116,49
synth_22984,49
synth_23210,49
synth_22930,49
synth_23025,49
synth_22927,49
synth_22854,49
synth_22898,49
synth_22994,49
synth_23052,49
synth_23053,49
synth_23008,49
synth_23087,49
synth_23105,49
synth_22929,49
synth_22887,49
synth_22968,49
synth_23056,49
synth_23027,49
synth_22969,49
synth_23078,49
synth_22871,49
synth_22957,49
synth_22872,49
synth_22904,49
synth_22949,49
synth_23086,49
synth_23068,49
synth_22831,49
synth_22910,49
synth_23196,49
synth_22889,49
synth_23054,49
synth_23064,49
synth_23084,49
synth_23167,49
synth_23193,49
synth_23203,49
synth_22942,49
synth_23148,49
synth_23209,49
synth_22983,49
synth_22883,49
synth_23001,49
synth_23149,49
synth_22843,49
synth_23129,49
synth_23154,49
synth_22903,49
synth_22916,49
synth_23014,49
synth_23077,49
synth_23032,49
synth_23156,49
synth_23166,49
synth_22956,49
synth_22852,49
synth_22830,49
synth_23000,49
synth_23160,49
synth_22908,49
synth_22988,49
synth_22993,49
synth_22877,49
synth_23202,49
synth_22881,49
synth_22940,49
synth_22862,49
synth_22911,49
synth_23036,49
synth_22875,49
synth_23155,49
synth_23015,49
synth_23047,49
synth_23059,49
synth_22865,49
synth_23568,48
synth_23261,48
synth_23307,48
synth_23219,48
synth_23451,48
synth_23468,48
synth_23500,48
synth_23288,48
synth_23463,48
synth_23556,48
synth_23365,48
synth_23530,48
synth_23339,48
synth_23348,48
synth_23573,48
synth_23576,48
synth_23621,48
synth_23494,48
synth_23578,48
synth_23439,48
synth_23442,48
synth_23297,48
synth_23574,48
synth_23328,48
synth_23400,48
synth_23447,48
synth_23310,48
synth_23565,48
synth_23318,48
synth_23223,48
synth_23278,48
synth_23381,48
synth_23338,48
synth_23274,48
synth_23423,48
synth_23560,48
synth_23235,48
synth_23401,48
synth_23276,48
synth_23382,48
synth_23443,48
synth_23466,48
synth_23469,48
synth_23335,48
synth_23518,48
synth_23326,48
synth_23255,48
synth_23340,48
synth_23291,48
synth_23230,48
synth_23396,48
synth_23483,48
synth_23355,48
synth_23384,48
synth_23430,48
synth_23586,48
synth_23438,48
synth_23498,48
synth_23567,48
synth_23616,48
synth_23395,48
synth_23561,48
synth_23460,48
synth_23548,48
synth_23602,48
synth_23485,48
synth_23376,48
synth_23225,48
synth_23317,48
synth_23546,48
synth_23304,48
synth_23425,48
synth_23505,48
synth_23432,48
synth_23385,48
synth_23415,48
synth_23515,48
synth_23527,48
synth_23387,48
synth_23583,48
synth_23362,48
synth_23282,48
synth_23399,48
synth_23524,48
synth_23389,48
synth_23569,48
synth_23329,48
synth_23353,48
synth_23529,48
synth_23406,48
synth_23465,48
synth_23346,48
synth_23528,48
synth_23558,48
synth_23444,48
synth_23239,48
synth_23251,48
synth_23516,48
synth_23336,48
synth_23431,48
synth_23459,48
synth_23615,48
synth_23224,48
synth_23321,48
synth_23246,48
synth_23475,48
synth_23538,48
synth_23226,48
synth_23429,48
synth_23452,48
synth_23555,48
synth_23519,48
synth_23263,48
synth_23517,48
synth_23587,48
synth_23597,48
synth_23319,48
synth_23434,48
synth_23536,48
synth_23344,48
synth_23352,48
synth_23229,48
synth_23236,48
synth_23237,48
synth_23449,48
synth_23501,48
synth_23508,48
synth_23581,48
synth_23244,48
synth_23572,48
synth_23271,48
synth_23259,48
synth_23457,48
synth_23409,48
synth_23511,48
synth_23257,48
synth_23296,48
synth_23605,48
synth_23269,48
synth_23289,48
synth_23591,48
synth_23435,48
synth_23445,48
synth_23462,48
synth_23513,48
synth_23575,48
synth_23345,48
synth_23368,48
synth_23313,48
synth_23477,48
synth_23566,48
synth_23388,48
synth_23334,48
synth_23448,48
synth_23489,48
synth_23394,48
synth_23559,48
synth_23412,48
synth_23268,48
synth_23473,48
synth_23375,48
synth_23241,48
synth_23305,48
synth_23428,48
synth_23539,48
synth_23603,48
synth_23254,48
synth_23470,48
synth_23495,48
synth_23606,48
synth_23265,48
synth_23478,48
synth_23240,48
synth_23248,48
synth_23301,48
synth_23272,48
synth_23456,48
synth_23625,48
synth_23232,48
synth_23343,48
synth_23582,48
synth_23359,48
synth_23366,48
synth_23234,48
synth_23437,48
synth_23618,48
synth_23370,48
synth_23383,48
synth_23619,48
synth_23247,48
synth_23393,48
synth_23623,48
synth_23379,48
synth_23422,48
synth_23525,48
synth_23607,48
synth_23397,48
synth_23545,48
synth_23323,48
synth_23374,48
synth_23554,48
synth_23612,48
synth_23256,48
synth_23312,48
synth_23595,48
synth_23320,48
synth_23608,48
synth_23488,48
synth_23523,48
synth_23306,48
synth_23402,48
synth_23220,48
synth_23302,48
synth_23356,48
synth_23472,48
synth_23535,48
synth_23464,48
synth_23347,48
synth_23377,48
synth_23604,48
synth_23330,48
synth_23273,48
synth_23471,48
synth_23479,48
synth_23552,48
synth_23299,48
synth_23507,48
synth_23331,48
synth_23358,48
synth_23599,48
synth_23260,48
synth_23441,48
synth_23550,48
synth_23610,48
synth_23277,48
synth_23309,48
synth_23327,48
synth_23298,48
synth_23414,48
synth_23499,48
synth_23589,48
synth_23227,48
synth_23238,48
synth_23454,48
synth_23504,48
synth_23242,48
synth_23418,48
synth_23521,48
synth_23520,48
synth_23531,48
synth_23391,48
synth_23522,48
synth_23532,48
synth_23405,48
synth_23590,48
synth_23350,48
synth_23453,48
synth_23474,48
synth_23509,48
synth_23245,48
synth_23287,48
synth_23416,48
synth_23585,48
synth_23408,48
synth_23258,48
synth_23491,48
synth_23533,48
synth_23281,48
synth_23594,48
synth_23617,48
synth_23514,48
synth_23601,48
synth_23285,48
synth_23446,48
synth_23484,48
synth_23378,48
synth_23264,48
synth_23332,48
synth_23371,48
synth_23398,48
synth_23461,48
synth_23433,48
synth_23577,48
synth_23480,48
synth_23308,48
synth_23407,48
synth_23386,48
synth_23476,48
synth_23544,48
synth_23503,48
synth_23551,48
synth_23341,48
synth_23303,48
synth_23492,48
synth_23502,48
synth_23284,48
synth_23571,48
synth_23419,48
synth_23436,48
synth_23598,48
synth_23450,48
synth_23490,48
synth_23342,48
synth_23360,48
synth_23367,48
synth_23588,48
synth_23609,48
synth_23275,48
synth_23403,48
synth_23427,48
synth_23424,48
synth_23267,48
synth_23390,48
synth_23592,48
synth_23279,48
synth_23311,48
synth_23547,48
synth_23373,48
synth_23333,48
synth_23364,48
synth_23526,48
synth_23611,48
synth_23337,48
synth_23410,48
synth_23579,48
synth_23315,48
synth_23349,48
synth_23420,48
synth_23252,48
synth_23458,48
synth_23534,48
synth_23584,48
synth_23620,48
synth_23596,48
synth_23322,48
synth_23361,48
synth_23562,48
synth_23486,48
synth_23570,48
synth_23613,48
synth_23510,48
synth_23497,48
synth_23421,48
synth_23286,48
synth_23300,48
synth_23243,48
synth_23593,48
synth_23506,48
synth_23540,48
synth_23614,48
synth_23228,48
synth_23417,48
synth_23481,48
synth_23316,48
synth_23369,48
synth_23231,48
synth_23553,48
synth_23233,48
synth_23253,48
synth_23467,48
synth_23487,48
synth_23600,48
synth_23250,48
synth_23493,48
synth_23549,48
synth_23557,48
synth_23314,48
synth_23372,48
synth_23290,48
synth_23380,48
synth_23280,48
synth_23512,48
synth_23295,48
synth_23482,48
synth_23283,48
synth_23455,48
synth_23351,48
synth_23542,48
synth_23270,48
synth_23293,48
synth_23496,48
synth_23363,48
synth_23426,48
synth_23266,48
synth_23325,48
synth_23221,48
synth_23624,48
synth_23249,48
synth_23222,48
synth_23541,48
synth_23543,48
synth_23563,48
synth_23357,48
synth_23580,48
synth_23404,48
synth_23411,48
synth_23413,48
synth_23622,48
synth_23262,48
synth_23294,48
synth_23324,48
synth_23440,48
synth_23392,48
synth_23354,48
synth_23292,48
synth_23537,48
synth_23564,48
synth_23659,47
synth_23690,47
synth_23767,47
synth_23794,47
synth_23882,47
synth_23920,47
synth_24035,47
synth_23962,47
synth_23966,47
synth_23683,47
synth_23714,47
synth_23760,47
synth_23941,47
synth_23762,47
synth_23845,47
synth_23853,47
synth_23869,47
synth_23892,47
synth_23965,47
synth_23783,47
synth_24033,47
synth_23638,47
synth_23772,47
synth_23828,47
synth_23660,47
synth_23829,47
synth_23939,47
synth_23992,47
synth_24001,47
synth_23677,47
synth_23685,47
synth_23738,47
synth_23834,47
synth_23792,47
synth_23734,47
synth_24009,47
synth_23811,47
synth_23633,47
synth_23815,47
synth_23771,47
synth_23896,47
synth_24048,47
synth_23803,47
synth_23926,47
synth_23841,47
synth_23812,47
synth_23875,47
synth_23960,47
synth_23669,47
synth_23831,47
synth_24016,47
synth_23809,47
synth_23827,47
synth_24046,47
synth_23733,47
synth_23650,47
synth_23971,47
synth_23648,47
synth_23799,47
synth_24030,47
synth_23784,47
synth_23865,47
synth_24002,47
synth_24003,47
synth_23894,47
synth_23904,47
synth_23951,47
synth_23750,47
synth_23903,47
synth_23632,47
synth_23928,47
synth_23662,47
synth_23906,47
synth_23872,47
synth_23895,47
synth_23819,47
synth_23930,47
synth_23807,47
synth_23696,47
synth_23774,47
synth_23645,47
synth_23806,47
synth_23689,47
synth_23855,47
synth_23857,47
synth_23805,47
synth_23641,47
synth_23695,47
synth_23748,47
synth_23848,47
synth_23833,47
synth_23968,47
synth_24014,47
synth_23858,47
synth_23888,47
synth_23838,47
synth_23705,47
synth_23769,47
synth_23681,47
synth_23776,47
synth_24026,47
synth_23850,47
synth_23969,47
synth_23754,47
synth_23718,47
synth_23667,47
synth_23687,47
synth_23720,47
synth_23909,47
synth_23910,47
synth_23972,47
synth_23701,47
synth_23724,47
synth_23830,47
synth_23802,47
synth_23779,47
synth_23847,47
synth_23719,47
synth_23753,47
synth_23933,47
synth_23959,47
synth_23722,47
synth_23639,47
synth_23737,47
synth_23763,47
synth_23777,47
synth_23873,47
synth_23961,47
synth_24018,47
synth_23739,47
synth_23923,47
synth_23759,47
synth_23801,47
synth_23963,47
synth_23990,47
synth_23636,47
synth_23752,47
synth_23864,47
synth_23991,47
synth_23908,47
synth_23925,47
synth_23657,47
synth_24015,47
synth_23905,47
synth_23635,47
synth_24020,47
synth_24040,47
synth_23661,47
synth_23899,47
synth_23881,47
synth_23937,47
synth_23728,47
synth_24044,47
synth_23932,47
synth_23957,47
synth_23993,47
synth_23994,47
synth_23647,47
synth_23851,47
synth_23674,47
synth_23786,47
synth_24039,47
synth_23860,47
synth_23956,47
synth_23804,47
synth_23844,47
synth_23694,47
synth_23967,47
synth_23744,47
synth_23880,47
synth_23710,47
synth_23927,47
synth_23654,47
synth_23644,47
synth_23671,47
synth_23676,47
synth_24024,47
synth_23877,47
synth_23885,47
synth_24045,47
synth_23747,47
synth_23758,47
synth_23879,47
synth_23897,47
synth_23755,47
synth_23709,47
synth_23670,47
synth_23699,47
synth_23936,47
synth_23948,47
synth_23977,47
synth_24010,47
synth_24017,47
synth_23986,47
synth_24028,47
synth_23900,47
synth_23692,47
synth_23849,47
synth_23788,47
synth_23797,47
synth_23938,47
synth_24006,47
synth_23821,47
synth_24042,47
synth_23757,47
synth_23997,47
synth_23717,47
synth_23911,47
synth_23749,47
synth_23820,47
synth_23756,47
synth_23922,47
synth_23649,47
synth_23678,47
synth_23868,47
synth_23914,47
synth_23953,47
synth_23886,47
synth_23672,47
synth_23679,47
synth_23684,47
synth_23984,47
synth_23730,47
synth_23964,47
synth_24005,47
synth_23787,47
synth_23999,47
synth_23863,47
synth_23913,47
synth_24031,47
synth_23741,47
synth_23907,47
synth_24023,47
synth_23826,47
synth_23836,47
synth_23862,47
synth_23946,47
synth_23715,47
synth_23852,47
synth_23866,47
synth_24004,47
synth_23980,47
synth_23998,47
synth_23637,47
synth_23691,47
synth_23775,47
synth_23634,47
synth_23731,47
synth_23742,47
synth_23917,47
synth_23898,47
synth_23740,47
synth_23901,47
synth_23655,47
synth_23702,47
synth_23782,47
synth_23796,47
synth_23893,47
synth_23915,47
synth_23663,47
synth_23761,47
synth_24011,47
synth_23653,47
synth_23874,47
synth_23825,47
synth_24008,47
synth_23643,47
synth_23943,47
synth_23955,47
synth_23988,47
synth_23766,47
synth_23704,47
synth_23978,47
synth_23816,47
synth_23664,47
synth_23682,47
synth_23945,47
synth_23947,47
synth_24012,47
synth_23780,47
synth_23854,47
synth_23876,47
synth_23814,47
synth_24041,47
synth_23700,47
synth_23703,47
synth_23745,47
synth_23798,47
synth_23781,47
synth_23698,47
synth_23751,47
synth_23989,47
synth_23970,47
synth_23656,47
synth_23867,47
synth_23883,47
synth_23711,47
synth_23823,47
synth_23675,47
synth_23708,47
synth_23861,47
synth_23949,47
synth_23995,47
synth_23818,47
synth_24022,47
synth_23808,47
synth_24047,47
synth_23652,47
synth_23713,47
synth_23839,47
synth_23837,47
synth_23627,47
synth_23651,47
synth_23630,47
synth_23840,47
synth_23800,47
synth_23856,47
synth_23996,47
synth_23764,47
synth_23918,47
synth_24025,47
synth_23721,47
synth_23987,47
synth_23727,47
synth_23890,47
synth_23778,47
synth_23921,47
synth_23765,47
synth_23944,47
synth_24007,47
synth_23870,47
synth_23631,47
synth_23773,47
synth_23640,47
synth_23716,47
synth_23813,47
synth_23981,47
synth_24032,47
synth_23628,47
synth_23789,47
synth_23697,47
synth_23871,47
synth_23878,47
synth_23934,47
synth_23668,47
synth_23887,47
synth_24038,47
synth_23658,47
synth_23950,47
synth_23686,47
synth_23790,47
synth_23916,47
synth_23642,47
synth_23680,47
synth_23688,47
synth_23736,47
synth_23859,47
synth_23732,47
synth_23832,47
synth_23846,47
synth_23810,47
synth_23712,47
synth_23817,47
synth_23835,47
synth_23940,47
synth_23958,47
synth_24000,47
synth_23743,47
synth_23924,47
synth_23929,47
synth_23725,47
synth_23785,47
synth_23884,47
synth_24036,47
synth_23706,47
synth_23824,47
synth_23912,47
synth_23983,47
synth_23629,47
synth_23768,47
synth_23979,47
synth_23985,47
synth_23707,47
synth_23843,47
synth_23729,47
synth_23626,47
synth_23770,47
synth_23791,47
synth_24027,47
synth_23942,47
synth_24034,47
synth_23673,47
synth_23793,47
synth_23954,47
synth_24013,47
synth_23665,47
synth_23842,47
synth_23975,47
synth_24029,47
synth_23795,47
synth_23952,47
synth_23746,47
synth_23822,47
synth_23735,47
synth_23976,47
synth_23902,47
synth_24021,47
synth_24043,47
synth_23889,47
synth_24037,47
synth_23723,47
synth_23935,47
synth_24019,47
synth_23973,47
synth_23919,47
synth_23646,47
synth_23974,47
synth_23726,47
synth_23931,47
synth_23666,47
synth_23693,47
synth_23891,47
synth_23982,47
synth_24099,46
synth_24300,46
synth_24469,46
synth_24237,46
synth_24349,46
synth_24234,46
synth_24326,46
synth_24101,46
synth_24301,46
synth_24478,46
synth_24086,46
synth_24154,46
synth_24278,46
synth_24123,46
synth_24283,46
synth_24462,46
synth_24463,46
synth_24471,46
synth_24439,46
synth_24323,46
synth_24309,46
synth_24144,46
synth_24178,46
synth_24227,46
synth_24107,46
synth_24368,46
synth_24307,46
synth_24075,46
synth_24184,46
synth_24344,46
synth_24205,46
synth_24486,46
synth_24157,46
synth_24446,46
synth_24104,46
synth_24138,46
synth_24348,46
synth_24432,46
synth_24458,46
synth_24223,46
synth_24256,46
synth_24477,46
synth_24064,46
synth_24172,46
synth_24361,46
synth_24128,46
synth_24207,46
synth_24175,46
synth_24195,46
synth_24314,46
synth_24452,46
synth_24485,46
synth_24289,46
synth_24438,46
synth_24331,46
synth_24159,46
synth_24288,46
synth_24191,46
synth_24338,46
synth_24437,46
synth_24134,46
synth_24151,46
synth_24353,46
synth_24287,46
synth_24129,46
synth_24395,46
synth_24413,46
synth_24282,46
synth_24303,46
synth_24460,46
synth_24414,46
synth_24150,46
synth_24329,46
synth_24416,46
synth_24243,46
synth_24376,46
synth_24297,46
synth_24443,46
synth_24222,46
synth_24246,46
synth_24271,46
synth_24385,46
synth_24055,46
synth_24403,46
synth_24116,46
synth_24145,46
synth_24459,46
synth_24148,46
synth_24239,46
synth_24259,46
synth_24408,46
synth_24063,46
synth_24346,46
synth_24113,46
synth_24277,46
synth_24479,46
synth_24180,46
synth_24322,46
synth_24350,46
synth_24146,46
synth_24197,46
synth_24476,46
synth_24252,46
synth_24213,46
synth_24445,46
synth_24240,46
synth_24404,46
synth_24296,46
synth_24177,46
synth_24208,46
synth_24209,46
synth_24051,46
synth_24158,46
synth_24174,46
synth_24245,46
synth_24363,46
synth_24217,46
synth_24276,46
synth_24255,46
synth_24076,46
synth_24187,46
synth_24203,46
synth_24135,46
synth_24371,46
synth_24454,46
synth_24080,46
synth_24194,46
synth_24072,46
synth_24110,46
synth_24318,46
synth_24409,46
synth_24447,46
synth_24162,46
synth_24241,46
synth_24401,46
synth_24117,46
synth_24225,46
synth_24193,46
synth_24230,46
synth_24465,46
synth_24250,46
synth_24081,46
synth_24186,46
synth_24411,46
synth_24340,46
synth_24122,46
synth_24052,46
synth_24176,46
synth_24336,46
synth_24202,46
synth_24220,46
synth_24103,46
synth_24351,46
synth_24285,46
synth_24464,46
synth_24475,46
synth_24079,46
synth_24118,46
synth_24310,46
synth_24434,46
synth_24108,46
synth_24400,46
synth_24442,46
synth_24466,46
synth_24173,46
synth_24244,46
synth_24384,46
synth_24167,46
synth_24430,46
synth_24273,46
synth_24316,46
synth_24380,46
synth_24109,46
synth_24060,46
synth_24386,46
synth_24125,46
synth_24343,46
synth_24405,46
synth_24073,46
synth_24229,46
synth_24357,46
synth_24392,46
synth_24328,46
synth_24333,46
synth_24472,46
synth_24391,46
synth_24056,46
synth_24398,46
synth_24232,46
synth_24284,46
synth_24059,46
synth_24396,46
synth_24094,46
synth_24369,46
synth_24461,46
synth_24068,46
synth_24077,46
synth_24136,46
synth_24327,46
synth_24268,46
synth_24233,46
synth_24279,46
synth_24387,46
synth_24065,46
synth_24105,46
synth_24131,46
synth_24295,46
synth_24373,46
synth_24444,46
synth_24484,46
synth_24089,46
synth_24347,46
synth_24257,46
synth_24431,46
synth_24436,46
synth_24161,46
synth_24164,46
synth_24251,46
synth_24422,46
synth_24456,46
synth_24390,46
synth_24093,46
synth_24153,46
synth_24137,46
synth_24339,46
synth_24388,46
synth_24170,46
synth_24071,46
synth_24156,46
synth_24200,46
synth_24112,46
synth_24415,46
synth_24185,46
synth_24088,46
synth_24121,46
synth_24450,46
synth_24417,46
synth_24098,46
synth_24407,46
synth_24332,46
synth_24070,46
synth_24085,46
synth_24238,46
synth_24308,46
synth_24315,46
synth_24419,46
synth_24054,46
synth_24183,46
synth_24360,46
synth_24382,46
synth_24058,46
synth_24163,46
synth_24090,46
synth_24379,46
synth_24140,46
synth_24441,46
synth_24188,46
synth_24324,46
synth_24468,46
synth_24487,46
synth_24206,46
synth_24182,46
synth_24139,46
synth_24120,46
synth_24274,46
synth_24311,46
synth_24325,46
synth_24067,46
synth_24219,46
synth_24367,46
synth_24402,46
synth_24142,46
synth_24451,46
synth_24087,46
synth_24169,46
synth_24215,46
synth_24221,46
synth_24352,46
synth_24133,46
synth_24236,46
synth_24242,46
synth_24420,46
synth_24155,46
synth_24160,46
synth_24355,46
synth_24114,46
synth_24083,46
synth_24448,46
synth_24254,46
synth_24429,46
synth_24389,46
synth_24092,46
synth_24100,46
synth_24377,46
synth_24473,46
synth_24341,46
synth_24214,46
synth_24062,46
synth_24275,46
synth_24091,46
synth_24290,46
synth_24292,46
synth_24211,46
synth_24111,46
synth_24265,46
synth_24141,46
synth_24291,46
synth_24428,46
synth_24440,46
synth_24189,46
synth_24418,46
synth_24424,46
synth_24168,46
synth_24165,46
synth_24097,46
synth_24435,46
synth_24166,46
synth_24171,46
synth_24320,46
synth_24249,46
synth_24201,46
synth_24261,46
synth_24192,46
synth_24359,46
synth_24049,46
synth_24433,46
synth_24231,46
synth_24426,46
synth_24455,46
synth_24106,46
synth_24226,46
synth_24258,46
synth_24399,46
synth_24421,46
synth_24449,46
synth_24321,46
synth_24057,46
synth_24216,46
synth_24427,46
synth_24317,46
synth_24366,46
synth_24365,46
synth_24218,46
synth_24362,46
synth_24262,46
synth_24061,46
synth_24102,46
synth_24298,46
synth_24312,46
synth_24381,46
synth_24130,46
synth_24272,46
synth_24425,46
synth_24457,46
synth_24364,46
synth_24453,46
synth_24480,46
synth_24084,46
synth_24482,46
synth_24147,46
synth_24253,46
synth_24095,46
synth_24313,46
synth_24358,46
synth_24280,46
synth_24179,46
synth_24210,46
synth_24330,46
synth_24378,46
synth_24410,46
synth_24124,46
synth_24126,46
synth_24190,46
synth_24423,46
synth_24199,46
synth_24337,46
synth_24397,46
synth_24053,46
synth_24483,46
synth_24299,46
synth_24394,46
synth_24224,46
synth_24345,46
synth_24481,46
synth_24260,46
synth_24069,46
synth_24247,46
synth_24270,46
synth_24342,46
synth_24082,46
synth_24119,46
synth_24066,46
synth_24196,46
synth_24354,46
synth_24228,46
synth_24198,46
synth_24406,46
synth_24412,46
synth_24269,46
synth_24335,46
synth_24383,46
synth_24204,46
synth_24248,46
synth_24263,46
synth_24266,46
synth_24267,46
synth_24470,46
synth_24115,46
synth_24235,46
synth_24078,46
synth_24286,46
synth_24149,46
synth_24264,46
synth_24393,46
synth_24375,46
synth_24467,46
synth_24474,46
synth_24074,46
synth_24132,46
synth_24304,46
synth_24374,46
synth_24127,46
synth_24050,46
synth_24212,46
synth_24302,46
synth_24096,46
synth_24281,46
synth_24306,46
synth_24334,46
synth_24372,46
synth_24152,46
synth_24293,46
synth_24294,46
synth_24356,46
synth_24143,46
synth_24181,46
synth_24305,46
synth_24319,46
synth_24370,46
synth_24540,45
synth_24717,45
synth_24719,45
synth_24843,45
synth_24895,45
synth_24600,45
synth_24722,45
synth_24746,45
synth_24758,45
synth_24829,45
synth_24603,45
synth_24803,45
synth_24816,45
synth_24547,45
synth_24823,45
synth_24848,45
synth_24529,45
synth_24691,45
synth_24893,45
synth_24615,45
synth_24749,45
synth_24808,45
synth_24606,45
synth_24514,45
synth_24675,45
synth_24635,45
synth_24699,45
synth_24861,45
synth_24864,45
synth_24721,45
synth_24500,45
synth_24858,45
synth_24866,45
synth_24874,45
synth_24908,45
synth_24697,45
synth_24533,45
synth_24614,45
synth_24850,45
synth_24552,45
synth_24741,45
synth_24509,45
synth_24539,45
synth_24757,45
synth_24862,45
synth_24667,45
synth_24683,45
synth_24490,45
synth_24554,45
synth_24931,45
synth_24732,45
synth_24502,45
synth_24767,45
synth_24853,45
synth_24804,45
synth_24678,45
synth_24551,45
synth_24562,45
synth_24774,45
synth_24885,45
synth_24610,45
synth_24693,45
synth_24845,45
synth_24939,45
synth_24681,45
synth_24731,45
synth_24679,45
synth_24617,45
synth_24711,45
synth_24715,45
synth_24571,45
synth_24498,45
synth_24755,45
synth_24501,45
synth_24597,45
synth_24659,45
synth_24662,45
synth_24912,45
synth_24588,45
synth_24940,45
synth_24518,45
synth_24532,45
synth_24576,45
synth_24616,45
synth_24747,45
synth_24791,45
synth_24914,45
synth_24651,45
synth_24801,45
synth_24709,45
synth_24896,45
synth_24607,45
synth_24626,45
synth_24585,45
synth_24889,45
synth_24673,45
synth_24811,45
synth_24574,45
synth_24664,45
synth_24877,45
synth_24642,45
synth_24835,45
synth_24842,45
synth_24633,45
synth_24883,45
synth_24917,45
synth_24936,45
synth_24707,45
synth_24790,45
synth_24846,45
synth_24504,45
synth_24672,45
synth_24702,45
synth_24943,45
synth_24619,45
synth_24764,45
synth_24495,45
synth_24531,45
synth_24543,45
synth_24913,45
synth_24496,45
synth_24492,45
synth_24927,45
synth_24771,45
synth_24938,45
synth_24545,45
synth_24578,45
synth_24723,45
synth_24851,45
synth_24536,45
synth_24566,45
synth_24915,45
synth_24590,45
synth_24714,45
synth_24776,45
synth_24494,45
synth_24680,45
synth_24530,45
synth_24685,45
synth_24689,45
synth_24815,45
synth_24784,45
synth_24563,45
synth_24625,45
synth_24860,45
synth_24894,45
synth_24503,45
synth_24639,45
synth_24766,45
synth_24516,45
synth_24884,45
synth_24828,45
synth_24871,45
synth_24787,45
synth_24796,45
synth_24924,45
synth_24692,45
synth_24841,45
synth_24819,45
synth_24779,45
synth_24863,45
synth_24941,45
synth_24570,45
synth_24727,45
synth_24670,45
synth_24618,45
synth_24696,45
synth_24676,45
synth_24797,45
synth_24838,45
synth_24541,45
synth_24872,45
synth_24942,45
synth_24653,45
synth_24768,45
synth_24827,45
synth_24589,45
synth_24725,45
synth_24919,45
synth_24572,45
synth_24754,45
synth_24761,45
synth_24836,45
synth_24907,45
synth_24922,45
synth_24729,45
synth_24854,45
synth_24899,45
synth_24901,45
synth_24526,45
synth_24656,45
synth_24512,45
synth_24921,45
synth_24742,45
synth_24781,45
synth_24814,45
synth_24833,45
synth_24535,45
synth_24945,45
synth_24602,45
synth_24652,45
synth_24688,45
synth_24739,45
synth_24818,45
synth_24821,45
synth_24805,45
synth_24581,45
synth_24730,45
synth_24881,45
synth_24802,45
synth_24923,45
synth_24792,45
synth_24527,45
synth_24744,45
synth_24752,45
synth_24582,45
synth_24579,45
synth_24695,45
synth_24698,45
synth_24661,45
synth_24748,45
synth_24560,45
synth_24623,45
synth_24647,45
synth_24865,45
synth_24911,45
synth_24553,45
synth_24608,45
synth_24630,45
synth_24904,45
synth_24906,45
synth_24726,45
synth_24736,45
synth_24807,45
synth_24648,45
synth_24847,45
synth_24507,45
synth_24772,45
synth_24920,45
synth_24932,45
synth_24684,45
synth_24743,45
synth_24786,45
synth_24825,45
synth_24905,45
synth_24935,45
synth_24511,45
synth_24663,45
synth_24773,45
synth_24568,45
synth_24775,45
synth_24868,45
synth_24596,45
synth_24859,45
synth_24930,45
synth_24569,45
synth_24822,45
synth_24497,45
synth_24880,45
synth_24937,45
synth_24852,45
synth_24555,45
synth_24654,45
synth_24785,45
synth_24857,45
synth_24573,45
synth_24660,45
synth_24826,45
synth_24830,45
synth_24832,45
synth_24918,45
synth_24929,45
synth_24584,45
synth_24795,45
synth_24878,45
synth_24799,45
synth_24839,45
synth_24910,45
synth_24508,45
synth_24682,45
synth_24686,45
synth_24687,45
synth_24903,45
synth_24575,45
synth_24909,45
synth_24928,45
synth_24613,45
synth_24668,45
synth_24733,45
synth_24550,45
synth_24794,45
synth_24489,45
synth_24559,45
synth_24800,45
synth_24650,45
synth_24544,45
synth_24708,45
synth_24517,45
synth_24655,45
synth_24840,45
synth_24870,45
synth_24506,45
synth_24519,45
synth_24706,45
synth_24810,45
synth_24834,45
synth_24592,45
synth_24538,45
synth_24640,45
synth_24499,45
synth_24558,45
synth_24632,45
synth_24634,45
synth_24700,45
synth_24528,45
synth_24609,45
synth_24900,45
synth_24677,45
synth_24759,45
synth_24520,45
synth_24605,45
synth_24705,45
synth_24765,45
synth_24780,45
synth_24926,45
synth_24611,45
synth_24720,45
synth_24869,45
synth_24892,45
synth_24534,45
synth_24587,45
synth_24591,45
synth_24537,45
synth_24798,45
synth_24745,45
synth_24763,45
synth_24782,45
synth_24521,45
synth_24598,45
synth_24888,45
synth_24644,45
synth_24523,45
synth_24875,45
synth_24593,45
synth_24488,45
synth_24735,45
synth_24812,45
synth_24886,45
synth_24612,45
synth_24657,45
synth_24712,45
synth_24546,45
synth_24601,45
synth_24820,45
synth_24583,45
synth_24524,45
synth_24636,45
synth_24658,45
synth_24703,45
synth_24876,45
synth_24879,45
synth_24567,45
synth_24638,45
synth_24505,45
synth_24564,45
synth_24728,45
synth_24770,45
synth_24891,45
synth_24944,45
synth_24549,45
synth_24777,45
synth_24778,45
synth_24621,45
synth_24750,45
synth_24813,45
synth_24513,45
synth_24594,45
synth_24788,45
synth_24824,45
synth_24844,45
synth_24849,45
synth_24631,45
synth_24724,45
synth_24817,45
synth_24831,45
synth_24856,45
synth_24897,45
synth_24580,45
synth_24557,45
synth_24756,45
synth_24925,45
synth_24493,45
synth_24577,45
synth_24595,45
synth_24620,45
synth_24669,45
synth_24740,45
synth_24751,45
synth_24760,45
synth_24806,45
synth_24887,45
synth_24627,45
synth_24666,45
synth_24694,45
synth_24737,45
synth_24622,45
synth_24710,45
synth_24933,45
synth_24645,45
synth_24649,45
synth_24738,45
synth_24561,45
synth_24890,45
synth_24898,45
synth_24753,45
synth_24809,45
synth_24674,45
synth_24515,45
synth_24704,45
synth_24510,45
synth_24586,45
synth_24690,45
synth_24789,45
synth_24873,45
synth_24665,45
synth_24793,45
synth_24867,45
synth_24624,45
synth_24902,45
synth_24556,45
synth_24604,45
synth_24671,45
synth_24542,45
synth_24713,45
synth_24882,45
synth_24565,45
synth_24637,45
synth_24646,45
synth_24629,45
synth_24916,45
synth_24701,45
synth_24718,45
synth_24769,45
synth_24599,45
synth_24628,45
synth_24641,45
synth_24643,45
synth_24734,45
synth_24783,45
synth_24762,45
synth_24837,45
synth_24855,45
synth_24491,45
synth_24522,45
synth_24934,45
synth_24525,45
synth_24548,45
synth_24716,45
synth_25121,44
synth_25221,44
synth_25259,44
synth_25038,44
synth_25215,44
synth_25087,44
synth_25143,44
synth_25016,44
synth_25390,44
synth_25024,44
synth_25025,44
synth_25290,44
synth_25346,44
synth_25119,44
synth_25301,44
synth_25355,44
synth_25363,44
synth_25364,44
synth_25385,44
synth_25337,44
synth_25396,44
synth_25419,44
synth_25022,44
synth_25326,44
synth_25163,44
synth_25395,44
synth_25415,44
synth_25345,44
synth_24974,44
synth_24998,44
synth_25117,44
synth_25309,44
synth_25164,44
synth_25295,44
synth_25401,44
synth_25257,44
synth_25068,44
synth_25210,44
synth_25247,44
synth_25092,44
synth_25213,44
synth_25242,44
synth_25412,44
synth_24973,44
synth_25200,44
synth_25212,44
synth_25020,44
synth_25317,44
synth_25002,44
synth_25011,44
synth_25325,44
synth_25225,44
synth_25079,44
synth_24965,44
synth_24996,44
synth_25260,44
synth_25331,44
synth_25369,44
synth_25417,44
synth_25084,44
synth_25353,44
synth_25361,44
synth_25191,44
synth_25193,44
synth_25235,44
synth_24967,44
synth_25132,44
synth_25056,44
synth_25133,44
synth_25251,44
synth_25365,44
synth_25262,44
synth_25086,44
synth_24972,44
synth_25043,44
synth_25201,44
synth_25048,44
synth_24961,44
synth_25027,44
synth_25238,44
synth_25287,44
synth_25360,44
synth_24950,44
synth_25386,44
synth_25089,44
synth_25316,44
synth_25162,44
synth_25294,44
synth_25343,44
synth_25209,44
synth_25311,44
synth_25320,44
synth_25421,44
synth_24958,44
synth_25128,44
synth_25278,44
synth_25321,44
synth_25039,44
synth_25341,44
synth_25305,44
synth_25319,44
synth_24959,44
synth_25138,44
synth_24969,44
synth_25099,44
synth_25045,44
synth_25071,44
synth_25134,44
synth_25151,44
synth_25006,44
synth_25228,44
synth_25172,44
synth_25180,44
synth_25222,44
synth_25139,44
synth_25123,44
synth_25276,44
synth_25300,44
synth_25322,44
synth_25135,44
synth_25003,44
synth_25012,44
synth_25285,44
synth_25410,44
synth_24962,44
synth_25075,44
synth_25338,44
synth_25349,44
synth_25387,44
synth_25229,44
synth_25348,44
synth_25118,44
synth_25362,44
synth_24964,44
synth_25067,44
synth_25070,44
synth_25399,44
synth_25145,44
synth_25146,44
synth_25393,44
synth_25044,44
synth_25352,44
synth_25398,44
synth_25112,44
synth_25375,44
synth_25384,44
synth_25205,44
synth_25248,44
synth_25100,44
synth_25241,44
synth_25400,44
synth_25315,44
synth_25318,44
synth_25381,44
synth_25394,44
synth_25066,44
synth_25046,44
synth_24991,44
synth_25029,44
synth_25280,44
synth_25148,44
synth_25197,44
synth_25307,44
synth_24977,44
synth_25211,44
synth_25347,44
synth_25058,44
synth_25379,44
synth_25017,44
synth_25109,44
synth_25310,44
synth_25344,44
synth_25189,44
synth_25230,44
synth_25327,44
synth_25179,44
synth_24946,44
synth_24948,44
synth_24949,44
synth_24957,44
synth_25111,44
synth_25368,44
synth_25405,44
synth_25140,44
synth_25286,44
synth_25194,44
synth_24988,44
synth_25166,44
synth_25167,44
synth_25082,44
synth_24999,44
synth_25281,44
synth_25372,44
synth_25170,44
synth_25047,44
synth_25049,44
synth_25054,44
synth_25105,44
synth_24994,44
synth_25040,44
synth_25076,44
synth_25159,44
synth_25220,44
synth_25085,44
synth_25392,44
synth_24960,44
synth_25030,44
synth_25064,44
synth_25178,44
synth_25249,44
synth_25055,44
synth_25124,44
synth_25144,44
synth_25204,44
synth_25010,44
synth_25142,44
synth_25005,44
synth_25190,44
synth_25062,44
synth_25035,44
synth_25090,44
synth_25114,44
synth_25214,44
synth_25377,44
synth_25277,44
synth_25373,44
synth_25088,44
synth_25184,44
synth_25232,44
synth_25411,44
synth_25036,44
synth_25233,44
synth_25407,44
synth_25408,44
synth_25282,44
synth_25185,44
synth_24978,44
synth_25013,44
synth_25023,44
synth_25358,44
synth_24979,44
synth_25098,44
synth_25237,44
synth_25404,44
synth_25328,44
synth_25150,44
synth_25371,44
synth_25129,44
synth_25256,44
synth_25416,44
synth_25095,44
synth_25266,44
synth_25195,44
synth_25107,44
synth_24970,44
synth_25113,44
synth_25370,44
synth_25177,44
synth_24997,44
synth_24971,44
synth_25378,44
synth_25125,44
synth_25313,44
synth_25021,44
synth_25141,44
synth_25157,44
synth_25014,44
synth_25388,44
synth_25175,44
synth_24975,44
synth_25183,44
synth_25216,44
synth_24986,44
synth_25042,44
synth_25291,44
synth_25102,44
synth_25115,44
synth_25323,44
synth_25402,44
synth_24992,44
synth_25288,44
synth_25330,44
synth_25414,44
synth_25127,44
synth_25264,44
synth_25350,44
synth_25033,44
synth_25000,44
synth_25041,44
synth_25063,44
synth_25152,44
synth_25268,44
synth_25279,44
synth_25031,44
synth_25334,44
synth_25009,44
synth_25397,44
synth_25050,44
synth_25289,44
synth_25196,44
synth_25383,44
synth_25239,44
synth_25272,44
synth_24985,44
synth_25219,44
synth_25252,44
synth_25299,44
synth_25351,44
synth_24976,44
synth_25234,44
synth_25332,44
synth_25116,44
synth_25333,44
synth_25155,44
synth_25037,44
synth_25073,44
synth_25165,44
synth_25106,44
synth_25376,44
synth_25420,44
synth_25198,44
synth_25120,44
synth_25081,44
synth_25097,44
synth_25418,44
synth_24984,44
synth_25103,44
synth_24980,44
synth_25069,44
synth_25224,44
synth_25267,44
synth_25297,44
synth_25357,44
synth_25218,44
synth_25340,44
synth_24987,44
synth_25060,44
synth_25093,44
synth_25126,44
synth_25202,44
synth_25236,44
synth_25187,44
synth_25122,44
synth_25227,44
synth_24956,44
synth_25283,44
synth_25158,44
synth_25245,44
synth_25034,44
synth_25161,44
synth_25173,44
synth_24947,44
synth_24951,44
synth_25094,44
synth_25110,44
synth_25261,44
synth_24966,44
synth_25274,44
synth_25312,44
synth_25083,44
synth_25181,44
synth_25244,44
synth_25303,44
synth_25253,44
synth_25015,44
synth_25192,44
synth_24952,44
synth_24990,44
synth_25208,44
synth_25335,44
synth_25409,44
synth_25308,44
synth_25270,44
synth_25382,44
synth_24982,44
synth_25302,44
synth_25057,44
synth_25078,44
synth_25130,44
synth_25217,44
synth_25265,44
synth_25008,44
synth_25186,44
synth_25336,44
synth_25028,44
synth_25080,44
synth_25091,44
synth_25174,44
synth_25206,44
synth_25391,44
synth_24989,44
synth_25154,44
synth_25273,44
synth_24993,44
synth_25240,44
synth_25292,44
synth_25061,44
synth_25275,44
synth_25367,44
synth_25406,44
synth_24968,44
synth_25254,44
synth_25136,44
synth_25077,44
synth_25271,44
synth_25374,44
synth_25329,44
synth_25101,44
synth_25131,44
synth_25269,44
synth_25019,44
synth_24953,44
synth_25153,44
synth_25137,44
synth_25304,44
synth_25354,44
synth_25149,44
synth_25074,44
synth_25258,44
synth_25032,44
synth_25293,44
synth_25413,44
synth_25203,44
synth_25182,44
synth_25389,44
synth_25001,44
synth_25004,44
synth_25243,44
synth_25051,44
synth_25169,44
synth_25096,44
synth_25168,44
synth_25284,44
synth_25018,44
synth_25380,44
synth_24963,44
synth_25223,44
synth_25059,44
synth_25250,44
synth_25403,44
synth_25255,44
synth_25207,44
synth_25298,44
synth_25324,44
synth_25199,44
synth_25366,44
synth_25052,44
synth_25072,44
synth_25231,44
synth_25026,44
synth_25065,44
synth_25422,44
synth_24983,44
synth_25314,44
synth_25342,44
synth_25359,44
synth_24954,44
synth_25246,44
synth_25306,44
synth_25160,44
synth_25007,44
synth_24981,44
synth_25156,44
synth_24995,44
synth_25053,44
synth_25176,44
synth_25171,44
synth_25226,44
synth_25108,44
synth_25188,44
synth_25356,44
synth_25339,44
synth_24955,44
synth_25296,44
synth_25147,44
synth_25263,44
synth_25104,44
synth_25643,43
synth_25730,43
synth_25781,43
synth_25502,43
synth_25641,43
synth_25912,43
synth_25429,43
synth_25475,43
synth_25787,43
synth_25776,43
synth_25621,43
synth_25647,43
synth_25824,43
synth_25597,43
synth_25579,43
synth_25571,43
synth_25696,43
synth_25784,43
synth_25868,43
synth_25613,43
synth_25639,43
synth_25692,43
synth_25882,43
synth_25543,43
synth_25547,43
synth_25843,43
synth_25851,43
synth_25617,43
synth_25758,43
synth_25657,43
synth_25577,43
synth_25456,43
synth_25466,43
synth_25496,43
synth_25688,43
synth_25771,43
synth_25854,43
synth_25491,43
synth_25432,43
synth_25504,43
synth_25680,43
synth_25830,43
synth_25863,43
synth_25559,43
synth_25701,43
synth_25763,43
synth_25870,43
synth_25717,43
synth_25918,43
synth_25534,43
synth_25655,43
synth_25772,43
synth_25785,43
synth_25623,43
synth_25630,43
synth_25599,43
synth_25642,43
synth_25650,43
synth_25660,43
synth_25691,43
synth_25793,43
synth_25495,43
synth_25607,43
synth_25916,43
synth_25733,43
synth_25486,43
synth_25886,43
synth_25615,43
synth_25786,43
synth_25832,43
synth_25512,43
synth_25738,43
synth_25750,43
synth_25838,43
synth_25839,43
synth_25498,43
synth_25555,43
synth_25747,43
synth_25715,43
synth_25576,43
synth_25673,43
synth_25714,43
synth_25848,43
synth_25880,43
synth_25492,43
synth_25625,43
synth_25770,43
synth_25573,43
synth_25462,43
synth_25670,43
synth_25720,43
synth_25860,43
synth_25618,43
synth_25823,43
synth_25915,43
synth_25811,43
synth_25765,43
synth_25847,43
synth_25716,43
synth_25451,43
synth_25464,43
synth_25523,43
synth_25658,43
synth_25752,43
synth_25651,43
synth_25901,43
synth_25906,43
synth_25687,43
synth_25736,43
synth_25794,43
synth_25468,43
synth_25565,43
synth_25796,43
synth_25789,43
synth_25453,43
synth_25538,43
synth_25560,43
synth_25586,43
synth_25835,43
synth_25636,43
synth_25820,43
synth_25878,43
synth_25682,43
synth_25801,43
synth_25489,43
synth_25664,43
synth_25740,43
synth_25902,43
synth_25499,43
synth_25913,43
synth_25779,43
synth_25619,43
synth_25711,43
synth_25861,43
synth_25477,43
synth_25537,43
synth_25553,43
synth_25821,43
synth_25896,43
synth_25728,43
synth_25742,43
synth_25862,43
synth_25764,43
synth_25888,43
synth_25606,43
synth_25905,43
synth_25455,43
synth_25435,43
synth_25445,43
synth_25430,43
synth_25433,43
synth_25903,43
synth_25629,43
synth_25841,43
synth_25461,43
synth_25662,43
synth_25767,43
synth_25436,43
synth_25693,43
synth_25697,43
synth_25890,43
synth_25516,43
synth_25488,43
synth_25790,43
synth_25884,43
synth_25889,43
synth_25732,43
synth_25783,43
synth_25814,43
synth_25532,43
synth_25773,43
synth_25469,43
synth_25587,43
synth_25656,43
synth_25661,43
synth_25827,43
synth_25595,43
synth_25566,43
synth_25601,43
synth_25865,43
synth_25472,43
synth_25487,43
synth_25529,43
synth_25444,43
synth_25459,43
synth_25470,43
synth_25552,43
synth_25431,43
synth_25500,43
synth_25524,43
synth_25842,43
synth_25857,43
synth_25897,43
synth_25594,43
synth_25506,43
synth_25497,43
synth_25721,43
synth_25864,43
synth_25892,43
synth_25578,43
synth_25749,43
synth_25724,43
synth_25856,43
synth_25726,43
synth_25744,43
synth_25879,43
synth_25678,43
synth_25557,43
synth_25825,43
synth_25507,43
synth_25627,43
synth_25476,43
synth_25564,43
synth_25828,43
synth_25768,43
synth_25829,43
synth_25719,43
synth_25806,43
synth_25551,43
synth_25554,43
synth_25582,43
synth_25727,43
synth_25734,43
synth_25813,43
synth_25919,43
synth_25649,43
synth_25679,43
synth_25731,43
synth_25822,43
synth_25591,43
synth_25440,43
synth_25645,43
synth_25816,43
synth_25438,43
synth_25448,43
synth_25659,43
synth_25706,43
synth_25600,43
synth_25602,43
synth_25668,43
synth_25505,43
synth_25596,43
synth_25802,43
synth_25452,43
synth_25609,43
synth_25698,43
synth_25541,43
synth_25855,43
synth_25911,43
synth_25677,43
synth_25690,43
synth_25815,43
synth_25718,43
synth_25511,43
synth_25704,43
synth_25754,43
synth_25891,43
synth_25604,43
synth_25562,43
synth_25622,43
synth_25780,43
synth_25485,43
synth_25703,43
synth_25614,43
synth_25817,43
synth_25831,43
synth_25788,43
synth_25849,43
synth_25508,43
synth_25528,43
synth_25556,43
synth_25561,43
synth_25570,43
synth_25686,43
synth_25700,43
synth_25852,43
synth_25792,43
synth_25533,43
synth_25633,43
synth_25654,43
synth_25808,43
synth_25836,43
synth_25799,43
synth_25819,43
synth_25447,43
synth_25572,43
synth_25437,43
synth_25574,43
synth_25844,43
synth_25644,43
synth_25887,43
synth_25510,43
synth_25482,43
synth_25826,43
synth_25585,43
synth_25846,43
synth_25425,43
synth_25550,43
synth_25441,43
synth_25638,43
synth_25666,43
synth_25917,43
synth_25569,43
synth_25460,43
synth_25603,43
synth_25713,43
synth_25426,43
synth_25509,43
synth_25757,43
synth_25612,43
synth_25745,43
synth_25457,43
synth_25725,43
synth_25481,43
synth_25535,43
synth_25685,43
synth_25563,43
synth_25653,43
synth_25746,43
synth_25809,43
synth_25580,43
synth_25804,43
synth_25517,43
synth_25503,43
synth_25592,43
synth_25709,43
synth_25484,43
synth_25428,43
synth_25775,43
synth_25635,43
synth_25810,43
synth_25589,43
synth_25769,43
synth_25423,43
synth_25689,43
synth_25800,43
synth_25867,43
synth_25480,43
synth_25536,43
synth_25671,43
synth_25699,43
synth_25519,43
synth_25567,43
synth_25442,43
synth_25761,43
synth_25881,43
synth_25518,43
synth_25608,43
synth_25743,43
synth_25762,43
synth_25845,43
synth_25877,43
synth_25598,43
synth_25521,43
synth_25833,43
synth_25850,43
synth_25874,43
synth_25777,43
synth_25675,43
synth_25735,43
synth_25737,43
synth_25646,43
synth_25454,43
synth_25637,43
synth_25837,43
synth_25873,43
synth_25684,43
synth_25540,43
synth_25434,43
synth_25760,43
synth_25853,43
synth_25683,43
synth_25739,43
synth_25900,43
synth_25558,43
synth_25616,43
synth_25729,43
synth_25531,43
synth_25782,43
synth_25583,43
synth_25899,43
synth_25568,43
synth_25663,43
synth_25766,43
synth_25795,43
synth_25812,43
synth_25908,43
synth_25774,43
synth_25581,43
synth_25895,43
synth_25620,43
synth_25648,43
synth_25741,43
synth_25840,43
synth_25883,43
synth_25515,43
synth_25611,43
synth_25712,43
synth_25753,43
synth_25872,43
synth_25876,43
synth_25478,43
synth_25667,43
synth_25751,43
synth_25797,43
synth_25859,43
synth_25424,43
synth_25885,43
synth_25904,43
synth_25450,43
synth_25463,43
synth_25465,43
synth_25632,43
synth_25665,43
synth_25791,43
synth_25708,43
synth_25520,43
synth_25575,43
synth_25439,43
synth_25493,43
synth_25755,43
synth_25907,43
synth_25590,43
synth_25549,43
synth_25834,43
synth_25875,43
synth_25893,43
synth_25458,43
synth_25695,43
synth_25526,43
synth_25652,43
synth_25694,43
synth_25866,43
synth_25628,43
synth_25871,43
synth_25542,43
synth_25605,43
synth_25756,43
synth_25584,43
synth_25610,43
synth_25710,43
synth_25723,43
synth_25427,43
synth_25494,43
synth_25798,43
synth_25483,43
synth_25634,43
synth_25702,43
synth_25914,43
synth_25443,43
synth_25869,43
synth_25894,43
synth_25910,43
synth_25748,43
synth_25631,43
synth_25490,43
synth_25446,43
synth_25513,43
synth_25522,43
synth_25624,43
synth_25707,43
synth_25545,43
synth_25626,43
synth_25681,43
synth_25473,43
synth_25530,43
synth_25778,43
synth_25803,43
synth_25818,43
synth_25672,43
synth_25467,43
synth_25539,43
synth_25705,43
synth_25909,43
synth_25449,43
synth_25479,43
synth_25640,43
synth_25474,43
synth_25544,43
synth_25546,43
synth_25548,43
synth_25805,43
synth_25593,43
synth_25471,43
synth_25514,43
synth_25501,43
synth_25588,43
synth_25527,43
synth_25674,43
synth_25722,43
synth_25807,43
synth_25858,43
synth_25525,43
synth_25669,43
synth_25676,43
synth_25898,43
synth_25759,43
synth_25965,42
synth_26007,42
synth_26191,42
synth_26327,42
synth_26352,42
synth_26045,42
synth_26385,42
synth_26411,42
synth_26429,42
synth_26033,42
synth_26064,42
synth_26228,42
synth_25937,42
synth_26128,42
synth_26329,42
synth_26402,42
synth_25964,42
synth_25981,42
synth_26328,42
synth_26416,42
synth_25971,42
synth_26387,42
synth_25997,42
synth_26018,42
synth_26034,42
synth_26181,42
synth_26321,42
synth_26408,42
synth_26426,42
synth_25959,42
synth_26070,42
synth_26345,42
synth_26156,42
synth_26212,42
synth_26388,42
synth_26435,42
synth_26004,42
synth_25960,42
synth_26099,42
synth_26198,42
synth_25974,42
synth_26130,42
synth_26370,42
synth_26006,42
synth_26420,42
synth_26114,42
synth_26167,42
synth_26376,42
synth_25942,42
synth_26009,42
synth_26043,42
synth_26166,42
synth_26202,42
synth_26210,42
synth_26278,42
synth_25921,42
synth_26058,42
synth_26338,42
synth_25996,42
synth_26155,42
synth_26171,42
synth_26040,42
synth_26177,42
synth_26315,42
synth_26016,42
synth_26022,42
synth_26062,42
synth_26111,42
synth_26190,42
synth_26308,42
synth_25985,42
synth_26142,42
synth_26312,42
synth_25925,42
synth_26069,42
synth_26216,42
synth_26254,42
synth_26418,42
synth_26366,42
synth_26394,42
synth_25977,42
synth_26081,42
synth_26358,42
synth_26399,42
synth_26027,42
synth_26056,42
synth_26154,42
synth_26028,42
synth_25949,42
synth_25995,42
synth_26010,42
synth_26067,42
synth_26017,42
synth_25962,42
synth_26077,42
synth_26186,42
synth_26131,42
synth_26365,42
synth_26049,42
synth_26291,42
synth_26029,42
synth_25927,42
synth_25930,42
synth_26087,42
synth_26101,42
synth_26217,42
synth_26218,42
synth_26146,42
synth_26316,42
synth_26342,42
synth_26005,42
synth_26060,42
synth_26094,42
synth_26184,42
synth_26203,42
synth_26032,42
synth_25958,42
synth_25943,42
synth_26149,42
synth_26407,42
synth_26133,42
synth_26180,42
synth_26290,42
synth_26293,42
synth_26359,42
synth_25944,42
synth_25989,42
synth_26369,42
synth_25983,42
synth_26042,42
synth_26173,42
synth_26277,42
synth_25922,42
synth_26092,42
synth_26204,42
synth_26272,42
synth_26259,42
synth_26294,42
synth_26384,42
synth_26410,42
synth_26127,42
synth_26281,42
synth_26375,42
synth_26419,42
synth_26079,42
synth_26270,42
synth_26336,42
synth_25934,42
synth_26014,42
synth_26125,42
synth_26169,42
synth_26346,42
synth_26373,42
synth_26428,42
synth_26296,42
synth_26304,42
synth_25926,42
synth_25950,42
synth_25987,42
synth_26050,42
synth_26405,42
synth_26412,42
synth_26076,42
synth_26078,42
synth_26197,42
synth_25947,42
synth_26332,42
synth_26423,42
synth_25982,42
synth_26193,42
synth_25945,42
synth_25998,42
synth_26266,42
synth_25992,42
synth_26136,42
synth_26139,42
synth_26434,42
synth_26438,42
synth_26036,42
synth_26189,42
synth_26355,42
synth_26389,42
synth_26159,42
synth_26093,42
synth_26288,42
synth_26035,42
synth_25923,42
synth_26063,42
synth_26248,42
synth_26011,42
synth_26246,42
synth_26339,42
synth_26382,42
synth_26427,42
synth_26044,42
synth_26075,42
synth_26247,42
synth_26334,42
synth_26238,42
synth_26300,42
synth_26134,42
synth_26192,42
synth_25972,42
synth_25935,42
synth_26303,42
synth_26400,42
synth_26307,42
synth_26421,42
synth_25953,42
synth_26164,42
synth_26263,42
synth_26280,42
synth_26381,42
synth_25967,42
synth_26151,42
synth_26265,42
synth_26289,42
synth_26025,42
synth_26302,42
synth_25991,42
synth_26201,42
synth_26219,42
synth_26287,42
synth_26380,42
synth_26393,42
synth_26129,42
synth_26361,42
synth_26205,42
synth_26395,42
synth_26051,42
synth_26126,42
synth_25968,42
synth_26041,42
synth_26430,42
synth_25978,42
synth_26048,42
synth_26168,42
synth_26364,42
synth_26059,42
synth_25979,42
synth_25999,42
synth_26097,42
synth_26120,42
synth_26262,42
synth_26409,42
synth_26415,42
synth_26088,42
synth_26160,42
synth_26066,42
synth_26377,42
synth_26391,42
synth_26138,42
synth_26231,42
synth_26273,42
synth_26199,42
synth_26083,42
synth_26229,42
synth_26297,42
synth_26439,42
synth_25924,42
synth_25994,42
synth_26267,42
synth_26354,42
synth_26386,42
synth_26214,42
synth_26292,42
synth_25976,42
synth_26021,42
synth_26013,42
synth_26251,42
synth_26311,42
synth_26357,42
synth_25931,42
synth_26135,42
synth_26057,42
synth_26285,42
synth_26368,42
synth_26245,42
synth_26283,42
synth_26295,42
synth_26433,42
synth_25966,42
synth_26153,42
synth_26250,42
synth_26333,42
synth_25975,42
synth_26002,42
synth_26378,42
synth_26392,42
synth_25928,42
synth_26240,42
synth_26244,42
synth_26261,42
synth_26324,42
synth_26397,42
synth_26362,42
synth_26039,42
synth_26195,42
synth_26225,42
synth_26148,42
synth_26398,42
synth_26174,42
synth_26425,42
synth_26158,42
synth_26061,42
synth_26096,42
synth_26337,42
synth_26161,42
synth_26309,42
synth_25951,42
synth_26162,42
synth_26157,42
synth_26116,42
synth_26348,42
synth_25954,42
synth_26065,42
synth_26104,42
synth_26107,42
synth_26313,42
synth_26037,42
synth_26179,42
synth_26145,42
synth_26353,42
synth_26363,42
synth_26080,42
synth_26187,42
synth_26326,42
synth_26349,42
synth_26112,42
synth_26269,42
synth_26098,42
synth_26183,42
synth_26220,42
synth_26236,42
synth_26437,42
synth_26122,42
synth_26206,42
synth_26221,42
synth_26255,42
synth_25973,42
synth_26084,42
synth_26413,42
synth_26414,42
synth_26132,42
synth_26360,42
synth_25940,42
synth_25986,42
synth_25990,42
synth_26241,42
synth_26242,42
synth_26306,42
synth_26117,42
synth_26008,42
synth_26298,42
synth_25936,42
synth_26001,42
synth_26211,42
synth_26239,42
synth_26371,42
synth_25952,42
synth_26152,42
synth_26253,42
synth_26194,42
synth_26196,42
synth_26422,42
synth_26015,42
synth_26091,42
synth_26323,42
synth_26100,42
synth_26275,42
synth_26284,42
synth_26113,42
synth_26182,42
synth_26223,42
synth_26318,42
synth_26406,42
synth_25932,42
synth_25993,42
synth_26030,42
synth_26086,42
synth_26301,42
synth_26350,42
synth_26227,42
synth_26230,42
synth_26258,42
synth_26271,42
synth_26276,42
synth_26299,42
synth_26356,42
synth_26110,42
synth_26310,42
synth_26372,42
synth_26123,42
synth_26124,42
synth_26089,42
synth_26118,42
synth_26249,42
synth_25957,42
synth_26054,42
synth_26344,42
synth_25933,42
synth_26322,42
synth_26404,42
synth_26436,42
synth_26082,42
synth_26260,42
synth_26317,42
synth_25961,42
synth_26071,42
synth_26367,42
synth_26256,42
synth_26105,42
synth_26121,42
synth_26268,42
synth_26351,42
synth_26000,42
synth_26109,42
synth_26330,42
synth_26106,42
synth_26286,42
synth_26047,42
synth_25970,42
synth_26396,42
synth_26417,42
synth_26185,42
synth_26003,42
synth_26178,42
synth_26019,42
synth_25938,42
synth_26119,42
synth_26141,42
synth_26020,42
synth_26252,42
synth_25929,42
synth_26314,42
synth_26379,42
synth_26347,42
synth_26390,42
synth_26072,42
synth_26053,42
synth_26095,42
synth_26143,42
synth_26023,42
synth_26163,42
synth_26115,42
synth_26215,42
synth_26150,42
synth_26282,42
synth_26343,42
synth_25963,42
synth_26222,42
synth_26188,42
synth_26024,42
synth_26074,42
synth_26103,42
synth_26224,42
synth_26424,42
synth_26102,42
synth_26279,42
synth_25969,42
synth_26207,42
synth_26031,42
synth_26226,42
synth_26325,42
synth_26012,42
synth_25948,42
synth_26176,42
synth_26052,42
synth_26055,42
synth_26144,42
synth_26257,42
synth_26335,42
synth_26073,42
synth_26046,42
synth_26401,42
synth_26085,42
synth_26172,42
synth_26038,42
synth_26137,42
synth_26147,42
synth_26232,42
synth_25984,42
synth_26234,42
synth_26208,42
synth_25920,42
synth_25939,42
synth_26068,42
synth_26140,42
synth_26340,42
synth_26341,42
synth_26319,42
synth_25941,42
synth_26090,42
synth_26108,42
synth_26175,42
synth_26237,42
synth_26274,42
synth_26305,42
synth_26383,42
synth_26431,42
synth_26026,42
synth_25946,42
synth_26331,42
synth_26170,42
synth_26209,42
synth_26213,42
synth_26264,42
synth_26374,42
synth_26403,42
synth_26432,42
synth_25988,42
synth_26235,42
synth_26165,42
synth_26233,42
synth_25955,42
synth_25956,42
synth_25980,42
synth_26200,42
synth_26243,42
synth_26320,42
synth_26618,41
synth_26900,41
synth_26943,41
synth_26960,41
synth_26623,41
synth_26645,41
synth_26676,41
synth_26697,41
synth_26786,41
synth_26671,41
synth_26764,41
synth_26814,41
synth_26774,41
synth_26857,41
synth_26575,41
synth_26499,41
synth_26679,41
synth_26838,41
synth_26895,41
synth_26468,41
synth_26637,41
synth_26779,41
synth_26828,41
synth_26502,41
synth_26512,41
synth_26738,41
synth_26535,41
synth_26668,41
synth_26710,41
synth_26737,41
synth_26804,41
synth_26812,41
synth_26939,41
synth_26644,41
synth_26740,41
synth_26467,41
synth_26887,41
synth_26947,41
synth_26596,41
synth_26796,41
synth_26846,41
synth_26510,41
synth_26646,41
synth_26443,41
synth_26581,41
synth_26681,41
synth_26861,41
synth_26964,41
synth_26493,41
synth_26536,41
synth_26617,41
synth_26821,41
synth_26629,41
synth_26642,41
synth_26604,41
synth_26616,41
synth_26682,41
synth_26798,41
synth_26478,41
synth_26663,41
synth_26976,41
synth_26498,41
synth_26543,41
synth_26725,41
synth_26759,41
synth_26600,41
synth_26700,41
synth_26711,41
synth_26732,41
synth_26773,41
synth_26845,41
synth_26905,41
synth_26953,41
synth_26461,41
synth_26530,41
synth_26893,41
synth_26941,41
synth_26504,41
synth_26808,41
synth_26975,41
synth_26722,41
synth_26791,41
synth_26859,41
synth_26630,41
synth_26966,41
synth_26464,41
synth_26709,41
synth_26769,41
synth_26831,41
synth_26555,41
synth_26570,41
synth_26614,41
synth_26733,41
synth_26891,41
synth_26465,41
synth_26930,41
synth_26566,41
synth_26979,41
synth_26598,41
synth_26800,41
synth_26691,41
synth_26899,41
synth_26486,41
synth_26915,41
synth_26591,41
synth_26606,41
synth_26655,41
synth_26496,41
synth_26743,41
synth_26777,41
synth_26799,41
synth_26481,41
synth_26517,41
synth_26451,41
synth_26627,41
synth_26491,41
synth_26495,41
synth_26532,41
synth_26699,41
synth_26776,41
synth_26803,41
synth_26626,41
synth_26829,41
synth_26849,41
synth_26954,41
synth_26684,41
synth_26729,41
synth_26587,41
synth_26592,41
synth_26638,41
synth_26863,41
synth_26921,41
synth_26639,41
synth_26820,41
synth_26955,41
synth_26501,41
synth_26775,41
synth_26471,41
synth_26492,41
synth_26746,41
synth_26513,41
synth_26882,41
synth_26961,41
synth_26728,41
synth_26523,41
synth_26613,41
synth_26651,41
synth_26661,41
synth_26706,41
synth_26835,41
synth_26965,41
synth_26441,41
synth_26696,41
synth_26901,41
synth_26973,41
synth_26522,41
synth_26539,41
synth_26890,41
synth_26896,41
synth_26453,41
synth_26494,41
synth_26544,41
synth_26736,41
synth_26945,41
synth_26479,41
synth_26546,41
synth_26721,41
synth_26730,41
synth_26525,41
synth_26612,41
synth_26714,41
synth_26822,41
synth_26521,41
synth_26582,41
synth_26619,41
synth_26526,41
synth_26527,41
synth_26744,41
synth_26666,41
synth_26864,41
synth_26547,41
synth_26557,41
synth_26929,41
synth_26459,41
synth_26675,41
synth_26688,41
synth_26870,41
synth_26940,41
synth_26445,41
synth_26548,41
synth_26549,41
synth_26607,41
synth_26723,41
synth_26749,41
synth_26922,41
synth_26852,41
synth_26789,41
synth_26790,41
synth_26490,41
synth_26680,41
synth_26739,41
synth_26970,41
synth_26542,41
synth_26605,41
synth_26708,41
synth_26648,41
synth_26672,41
synth_26735,41
synth_26816,41
synth_26850,41
synth_26608,41
synth_26556,41
synth_26624,41
synth_26635,41
synth_26703,41
synth_26701,41
synth_26856,41
synth_26551,41
synth_26754,41
synth_26841,41
synth_26906,41
synth_26665,41
synth_26805,41
synth_26474,41
synth_26508,41
synth_26704,41
synth_26766,41
synth_26869,41
synth_26908,41
synth_26702,41
synth_26584,41
synth_26634,41
synth_26653,41
synth_26580,41
synth_26695,41
synth_26788,41
synth_26751,41
synth_26632,41
synth_26980,41
synth_26726,41
synth_26806,41
synth_26855,41
synth_26860,41
synth_26483,41
synth_26585,41
synth_26748,41
synth_26912,41
synth_26473,41
synth_26552,41
synth_26569,41
synth_26578,41
synth_26450,41
synth_26586,41
synth_26959,41
synth_26506,41
synth_26564,41
synth_26783,41
synth_26879,41
synth_26565,41
synth_26631,41
synth_26452,41
synth_26717,41
synth_26579,41
synth_26636,41
synth_26963,41
synth_26763,41
synth_26854,41
synth_26910,41
synth_26456,41
synth_26865,41
synth_26643,41
synth_26888,41
synth_26589,41
synth_26649,41
synth_26652,41
synth_26658,41
synth_26914,41
synth_26731,41
synth_26974,41
synth_26466,41
synth_26689,41
synth_26692,41
synth_26719,41
synth_26755,41
synth_26794,41
synth_26745,41
synth_26982,41
synth_26577,41
synth_26685,41
synth_26972,41
synth_26572,41
synth_26678,41
synth_26944,41
synth_26457,41
synth_26472,41
synth_26561,41
synth_26862,41
synth_26603,41
synth_26797,41
synth_26942,41
synth_26454,41
synth_26568,41
synth_26716,41
synth_26516,41
synth_26650,41
synth_26677,41
synth_26756,41
synth_26767,41
synth_26819,41
synth_26919,41
synth_26633,41
synth_26902,41
synth_26463,41
synth_26712,41
synth_26771,41
synth_26920,41
synth_26935,41
synth_26878,41
synth_26705,41
synth_26781,41
synth_26802,41
synth_26936,41
synth_26440,41
synth_26949,41
synth_26760,41
synth_26971,41
synth_26978,41
synth_26832,41
synth_26843,41
synth_26707,41
synth_26765,41
synth_26818,41
synth_26967,41
synth_26515,41
synth_26528,41
synth_26813,41
synth_26824,41
synth_26576,41
synth_26602,41
synth_26625,41
synth_26810,41
synth_26833,41
synth_26924,41
synth_26476,41
synth_26647,41
synth_26886,41
synth_26907,41
synth_26489,41
synth_26534,41
synth_26753,41
synth_26518,41
synth_26533,41
synth_26590,41
synth_26741,41
synth_26817,41
synth_26840,41
synth_26923,41
synth_26482,41
synth_26839,41
synth_26511,41
synth_26897,41
synth_26519,41
synth_26667,41
synth_26503,41
synth_26641,41
synth_26782,41
synth_26844,41
synth_26487,41
synth_26597,41
synth_26611,41
synth_26768,41
synth_26447,41
synth_26560,41
synth_26720,41
synth_26889,41
synth_26488,41
synth_26529,41
synth_26674,41
synth_26951,41
synth_26952,41
synth_26837,41
synth_26475,41
synth_26524,41
synth_26876,41
synth_26948,41
synth_26460,41
synth_26462,41
synth_26540,41
synth_26610,41
synth_26877,41
synth_26926,41
synth_26659,41
synth_26762,41
synth_26497,41
synth_26545,41
synth_26724,41
synth_26690,41
synth_26853,41
synth_26883,41
synth_26442,41
synth_26742,41
synth_26446,41
synth_26640,41
synth_26455,41
synth_26553,41
synth_26968,41
synth_26734,41
synth_26795,41
synth_26809,41
synth_26594,41
synth_26595,41
synth_26933,41
synth_26538,41
synth_26567,41
synth_26670,41
synth_26834,41
synth_26559,41
synth_26847,41
synth_26928,41
synth_26588,41
synth_26880,41
synth_26932,41
synth_26969,41
synth_26977,41
synth_26558,41
synth_26662,41
synth_26752,41
synth_26761,41
synth_26448,41
synth_26938,41
synth_26593,41
synth_26657,41
synth_26686,41
synth_26505,41
synth_26500,41
synth_26571,41
synth_26851,41
synth_26875,41
synth_26903,41
synth_26911,41
synth_26916,41
synth_26958,41
synth_26660,41
synth_26718,41
synth_26917,41
synth_26509,41
synth_26563,41
synth_26780,41
synth_26931,41
synth_26698,41
synth_26925,41
synth_26956,41
synth_26826,41
synth_26848,41
synth_26868,41
synth_26654,41
synth_26750,41
synth_26793,41
synth_26484,41
synth_26573,41
synth_26574,41
synth_26601,41
synth_26673,41
synth_26872,41
synth_26894,41
synth_26934,41
synth_26620,41
synth_26811,41
synth_26981,41
synth_26827,41
synth_26885,41
synth_26866,41
synth_26892,41
synth_26909,41
synth_26957,41
synth_26962,41
synth_26470,41
synth_26485,41
synth_26867,41
synth_26874,41
synth_26599,41
synth_26770,41
synth_26778,41
synth_26898,41
synth_26683,41
synth_26946,41
synth_26541,41
synth_26694,41
synth_26873,41
synth_26927,41
synth_26537,41
synth_26687,41
synth_26830,41
synth_26881,41
synth_26458,41
synth_26562,41
synth_26823,41
synth_26628,41
synth_26449,41
synth_26514,41
synth_26609,41
synth_26785,41
synth_26787,41
synth_26520,41
synth_26444,41
synth_26622,41
synth_26937,41
synth_26713,41
synth_26664,41
synth_26747,41
synth_26801,41
synth_26815,41
synth_26842,41
synth_26583,41
synth_26758,41
synth_26858,41
synth_26884,41
synth_26469,41
synth_26554,41
synth_26784,41
synth_26904,41
synth_26913,41
synth_26918,41
synth_26950,41
synth_26477,41
synth_26480,41
synth_26757,41
synth_26531,41
synth_26693,41
synth_26807,41
synth_26550,41
synth_26669,41
synth_26715,41
synth_26507,41
synth_26615,41
synth_26656,41
synth_26621,41
synth_26772,41
synth_26727,41
synth_26825,41
synth_26871,41
synth_26792,41
synth_26836,41
synth_27033,40
synth_27109,40
synth_27274,40
synth_27038,40
synth_27355,40
synth_27433,40
synth_27477,40
synth_27525,40
synth_27107,40
synth_27124,40
synth_27280,40
synth_27381,40
synth_27384,40
synth_27198,40
synth_27007,40
synth_27023,40
synth_27157,40
synth_27303,40
synth_27436,40
synth_27245,40
synth_27517,40
synth_27028,40
synth_27367,40
synth_27369,40
synth_27416,40
synth_27537,40
synth_27093,40
synth_27097,40
synth_27301,40
synth_27440,40
synth_27524,40
synth_27080,40
synth_27243,40
synth_27298,40
synth_27397,40
synth_27426,40
synth_27490,40
synth_27008,40
synth_27076,40
synth_27323,40
synth_27403,40
synth_27330,40
synth_27405,40
synth_27383,40
synth_27540,40
synth_27044,40
synth_27185,40
synth_27492,40
synth_27501,40
synth_27193,40
synth_27329,40
synth_27017,40
synth_27021,40
synth_27156,40
synth_27217,40
synth_27222,40
synth_27250,40
synth_27268,40
synth_27322,40
synth_27371,40
synth_27402,40
synth_27485,40
synth_27494,40
synth_26992,40
synth_27010,40
synth_27013,40
synth_27019,40
synth_27062,40
synth_27098,40
synth_27216,40
synth_27239,40
synth_27300,40
synth_27125,40
synth_27349,40
synth_27063,40
synth_27214,40
synth_27060,40
synth_27404,40
synth_27481,40
synth_27262,40
synth_27270,40
synth_27399,40
synth_27022,40
synth_27218,40
synth_27505,40
synth_27106,40
synth_27130,40
synth_27288,40
synth_27526,40
synth_27546,40
synth_27154,40
synth_27176,40
synth_27448,40
synth_27459,40
synth_26997,40
synth_27030,40
synth_27219,40
synth_27117,40
synth_27123,40
synth_27143,40
synth_27421,40
synth_27316,40
synth_26990,40
synth_27042,40
synth_27191,40
synth_27538,40
synth_27005,40
synth_27118,40
synth_27161,40
synth_27114,40
synth_27164,40
synth_27251,40
synth_27248,40
synth_27307,40
synth_27507,40
synth_27102,40
synth_27235,40
synth_27429,40
synth_27046,40
synth_27134,40
synth_27071,40
synth_27092,40
synth_27260,40
synth_27095,40
synth_27257,40
synth_27012,40
synth_27408,40
synth_27438,40
synth_27210,40
synth_27319,40
synth_27236,40
synth_26986,40
synth_27255,40
synth_27261,40
synth_27468,40
synth_27177,40
synth_27354,40
synth_27018,40
synth_27432,40
synth_27133,40
synth_27291,40
synth_27372,40
synth_27503,40
synth_27165,40
synth_27339,40
synth_27382,40
synth_27201,40
synth_27361,40
synth_27015,40
synth_27457,40
synth_27519,40
synth_27147,40
synth_27174,40
synth_27258,40
synth_27160,40
synth_27335,40
synth_27530,40
synth_27205,40
synth_27006,40
synth_27086,40
synth_27141,40
synth_27443,40
synth_27075,40
synth_27085,40
synth_27187,40
synth_27452,40
synth_27068,40
synth_27310,40
synth_27528,40
synth_27320,40
synth_27491,40
synth_27506,40
synth_27527,40
synth_27049,40
synth_27120,40
synth_27031,40
synth_27181,40
synth_27184,40
synth_27266,40
synth_27539,40
synth_27072,40
synth_27146,40
synth_27338,40
synth_27373,40
synth_27548,40
synth_27407,40
synth_27364,40
synth_27480,40
synth_27045,40
synth_27036,40
synth_27132,40
synth_27346,40
synth_27549,40
synth_27128,40
synth_27168,40
synth_27318,40
synth_27362,40
synth_27487,40
synth_27488,40
synth_27206,40
synth_27313,40
synth_27096,40
synth_27127,40
synth_27215,40
synth_27363,40
synth_27376,40
synth_27484,40
synth_26984,40
synth_26989,40
synth_27211,40
synth_27115,40
synth_27359,40
synth_27395,40
synth_27428,40
synth_27472,40
synth_27083,40
synth_27340,40
synth_27221,40
synth_27040,40
synth_27108,40
synth_27228,40
synth_27299,40
synth_27543,40
synth_27495,40
synth_27065,40
synth_27100,40
synth_27186,40
synth_27016,40
synth_27410,40
synth_27499,40
synth_27039,40
synth_27212,40
synth_27073,40
synth_27101,40
synth_27136,40
synth_27357,40
synth_27014,40
synth_27180,40
synth_27334,40
synth_27064,40
synth_27256,40
synth_27241,40
synth_27037,40
synth_27263,40
synth_27535,40
synth_26999,40
synth_27079,40
synth_27232,40
synth_27437,40
synth_27409,40
synth_27343,40
synth_27534,40
synth_27078,40
synth_27244,40
synth_27430,40
synth_27502,40
synth_27351,40
synth_27332,40
synth_27345,40
synth_27122,40
synth_27276,40
synth_27293,40
synth_27138,40
synth_27153,40
synth_27226,40
synth_27435,40
synth_27449,40
synth_27479,40
synth_27511,40
synth_27545,40
synth_27509,40
synth_27020,40
synth_27034,40
synth_27295,40
synth_27324,40
synth_27497,40
synth_27500,40
synth_27513,40
synth_26996,40
synth_27067,40
synth_27081,40
synth_27131,40
synth_27314,40
synth_27458,40
synth_27536,40
synth_26993,40
synth_27089,40
synth_27110,40
synth_27166,40
synth_27520,40
synth_27178,40
synth_27032,40
synth_27139,40
synth_27328,40
synth_27001,40
synth_26988,40
synth_27462,40
synth_27302,40
synth_27360,40
synth_27375,40
synth_27203,40
synth_27052,40
synth_27297,40
synth_27333,40
synth_27419,40
synth_27074,40
synth_27289,40
synth_27394,40
synth_27401,40
synth_27207,40
synth_27077,40
synth_27112,40
synth_27246,40
synth_27273,40
synth_27325,40
synth_27148,40
synth_27386,40
synth_27380,40
synth_27423,40
synth_27027,40
synth_27422,40
synth_27281,40
synth_27047,40
synth_27009,40
synth_27144,40
synth_27406,40
synth_27420,40
synth_27026,40
synth_27035,40
synth_27043,40
synth_27292,40
synth_27041,40
synth_27090,40
synth_27331,40
synth_27350,40
synth_27169,40
synth_27171,40
synth_27311,40
synth_27024,40
synth_27247,40
synth_27390,40
synth_27025,40
synth_27342,40
synth_26985,40
synth_27431,40
synth_27547,40
synth_27029,40
synth_27308,40
synth_27411,40
synth_27532,40
synth_26994,40
synth_27199,40
synth_27461,40
synth_27344,40
synth_27473,40
synth_27252,40
synth_27425,40
synth_27542,40
synth_26983,40
synth_27439,40
synth_27460,40
synth_27275,40
synth_27465,40
synth_27521,40
synth_27195,40
synth_27312,40
synth_27417,40
synth_27278,40
synth_27229,40
synth_27471,40
synth_27474,40
synth_27126,40
synth_27162,40
synth_27478,40
synth_27058,40
synth_27470,40
synth_27061,40
synth_27445,40
synth_27259,40
synth_27271,40
synth_27456,40
synth_27224,40
synth_27352,40
synth_27389,40
synth_27434,40
synth_27231,40
synth_27269,40
synth_27455,40
synth_27149,40
synth_27282,40
synth_27294,40
synth_27418,40
synth_27512,40
synth_27515,40
synth_27003,40
synth_27175,40
synth_27188,40
synth_27230,40
synth_27413,40
synth_27441,40
synth_27454,40
synth_27055,40
synth_27348,40
synth_27531,40
synth_27208,40
synth_27253,40
synth_27353,40
synth_27286,40
synth_27365,40
synth_27048,40
synth_27105,40
synth_27237,40
synth_27385,40
synth_27496,40
synth_27306,40
synth_27377,40
synth_27249,40
synth_27341,40
synth_27056,40
synth_27197,40
synth_27267,40
synth_27309,40
synth_27467,40
synth_27202,40
synth_27508,40
synth_27189,40
synth_27464,40
synth_27541,40
synth_27002,40
synth_27057,40
synth_27170,40
synth_27069,40
synth_27087,40
synth_27190,40
synth_27304,40
synth_27374,40
synth_27427,40
synth_27446,40
synth_27466,40
synth_27296,40
synth_27463,40
synth_27516,40
synth_27529,40
synth_27000,40
synth_27142,40
synth_27145,40
synth_27358,40
synth_27238,40
synth_27378,40
synth_27392,40
synth_27321,40
synth_27414,40
synth_27523,40
synth_27140,40
synth_27183,40
synth_27277,40
synth_27379,40
synth_27088,40
synth_27522,40
synth_27113,40
synth_27489,40
synth_27121,40
synth_27327,40
synth_27510,40
synth_27094,40
synth_27103,40
synth_27284,40
synth_27391,40
synth_27444,40
synth_27476,40
synth_27204,40
synth_27514,40
synth_27082,40
synth_27111,40
synth_27137,40
synth_26991,40
synth_27004,40
synth_27084,40
synth_27172,40
synth_27196,40
synth_27272,40
synth_27453,40
synth_27050,40
synth_27059,40
synth_27150,40
synth_27283,40
synth_26998,40
synth_27424,40
synth_27279,40
synth_27099,40
synth_27223,40
synth_27415,40
synth_27011,40
synth_27054,40
synth_27158,40
synth_27182,40
synth_27533,40
synth_27518,40
synth_27163,40
synth_27290,40
synth_27451,40
synth_27498,40
synth_27066,40
synth_27315,40
synth_27368,40
synth_27398,40
synth_27475,40
synth_27209,40
synth_27240,40
synth_27336,40
synth_27234,40
synth_27396,40
synth_27412,40
synth_27129,40
synth_27200,40
synth_27317,40
synth_26987,40
synth_27265,40
synth_27366,40
synth_27242,40
synth_27264,40
synth_27227,40
synth_27287,40
synth_27119,40
synth_27220,40
synth_27152,40
synth_27192,40
synth_27544,40
synth_27442,40
synth_27447,40
synth_27483,40
synth_27104,40
synth_27213,40
synth_27305,40
synth_27347,40
synth_27469,40
synth_27504,40
synth_26995,40
synth_27053,40
synth_27179,40
synth_27194,40
synth_27393,40
synth_27450,40
synth_27482,40
synth_27285,40
synth_27155,40
synth_27254,40
synth_27388,40
synth_27116,40
synth_27550,40
synth_27051,40
synth_27159,40
synth_27233,40
synth_27167,40
synth_27356,40
synth_27151,40
synth_27326,40
synth_27387,40
synth_27486,40
synth_27493,40
synth_27070,40
synth_27135,40
synth_27173,40
synth_27225,40
synth_27091,40
synth_27337,40
synth_27370,40
synth_27400,40
synth_27655,39
synth_27722,39
synth_27747,39
synth_27843,39
synth_27700,39
synth_28072,39
synth_28123,39
synth_28125,39
synth_27604,39
synth_27780,39
synth_27976,39
synth_27578,39
synth_27912,39
synth_28003,39
synth_27801,39
synth_27920,39
synth_27613,39
synth_27676,39
synth_27663,39
synth_27664,39
synth_27726,39
synth_27890,39
synth_28031,39
synth_27711,39
synth_27810,39
synth_27559,39
synth_27634,39
synth_28127,39
synth_27811,39
synth_27971,39
synth_28033,39
synth_27919,39
synth_27958,39
synth_27795,39
synth_27911,39
synth_27922,39
synth_27981,39
synth_28082,39
synth_27782,39
synth_27996,39
synth_27672,39
synth_28075,39
synth_27836,39
synth_27999,39
synth_27705,39
synth_28096,39
synth_27632,39
synth_27741,39
synth_27799,39
synth_27879,39
synth_27606,39
synth_27794,39
synth_27880,39
synth_28138,39
synth_27594,39
synth_27806,39
synth_28017,39
synth_28020,39
synth_27642,39
synth_27858,39
synth_28074,39
synth_28083,39
synth_28131,39
synth_27622,39
synth_27927,39
synth_28042,39
synth_27657,39
synth_27876,39
synth_27647,39
synth_27686,39
synth_27745,39
synth_27797,39
synth_27825,39
synth_27844,39
synth_27889,39
synth_27892,39
synth_27930,39
synth_27940,39
synth_27982,39
synth_27659,39
synth_27868,39
synth_28014,39
synth_28024,39
synth_27644,39
synth_27695,39
synth_27732,39
synth_27788,39
synth_27882,39
synth_27965,39
synth_28021,39
synth_28069,39
synth_27591,39
synth_27608,39
synth_27662,39
synth_27862,39
synth_27963,39
synth_28065,39
synth_27755,39
synth_27884,39
synth_27690,39
synth_27781,39
synth_27839,39
synth_28067,39
synth_27753,39
synth_27853,39
synth_27637,39
synth_27656,39
synth_28035,39
synth_28109,39
synth_28132,39
synth_28049,39
synth_28053,39
synth_27595,39
synth_27683,39
synth_28016,39
synth_28077,39
synth_27870,39
synth_27557,39
synth_27573,39
synth_27582,39
synth_27710,39
synth_27758,39
synth_27939,39
synth_27972,39
synth_28103,39
synth_27552,39
synth_27572,39
synth_28005,39
synth_27937,39
synth_27598,39
synth_27696,39
synth_27869,39
synth_28028,39
synth_28064,39
synth_28007,39
synth_28027,39
synth_28039,39
synth_28071,39
synth_28139,39
synth_27793,39
synth_28044,39
synth_28048,39
synth_28051,39
synth_28099,39
synth_27599,39
synth_27616,39
synth_27596,39
synth_27914,39
synth_27926,39
synth_27932,39
synth_28015,39
synth_28050,39
synth_27579,39
synth_27646,39
synth_27666,39
synth_27883,39
synth_28098,39
synth_27601,39
synth_27669,39
synth_27670,39
synth_27888,39
synth_28052,39
synth_27584,39
synth_27629,39
synth_27739,39
synth_27597,39
synth_27621,39
synth_27631,39
synth_27816,39
synth_27903,39
synth_27907,39
synth_27640,39
synth_27987,39
synth_27566,39
synth_27569,39
synth_27694,39
synth_27709,39
synth_27767,39
synth_27834,39
synth_28080,39
synth_27623,39
synth_27724,39
synth_27865,39
synth_28010,39
synth_27636,39
synth_27809,39
synth_27875,39
synth_28085,39
synth_27624,39
synth_27627,39
synth_27902,39
synth_27728,39
synth_28059,39
synth_28122,39
synth_27749,39
synth_28034,39
synth_27983,39
synth_27772,39
synth_27855,39
synth_28126,39
synth_27682,39
synth_27859,39
synth_27893,39
synth_27980,39
synth_28112,39
synth_27554,39
synth_27771,39
synth_28114,39
synth_27733,39
synth_27648,39
synth_27681,39
synth_27867,39
synth_28054,39
synth_27833,39
synth_27840,39
synth_27986,39
synth_28060,39
synth_27847,39
synth_28087,39
synth_28140,39
synth_27590,39
synth_27900,39
synth_27585,39
synth_27702,39
synth_27885,39
synth_27904,39
synth_27674,39
synth_27693,39
synth_27819,39
synth_28078,39
synth_27846,39
synth_28025,39
synth_28041,39
synth_27617,39
synth_27734,39
synth_27698,39
synth_27704,39
synth_27851,39
synth_28142,39
synth_27736,39
synth_28045,39
synth_27861,39
synth_27776,39
synth_27838,39
synth_27574,39
synth_27775,39
synth_27845,39
synth_27938,39
synth_28002,39
synth_28120,39
synth_28144,39
synth_27783,39
synth_27928,39
synth_28057,39
synth_27814,39
synth_27906,39
synth_27916,39
synth_27759,39
synth_28022,39
synth_28070,39
synth_27609,39
synth_27614,39
synth_27727,39
synth_27828,39
synth_27848,39
synth_27931,39
synth_28063,39
synth_27592,39
synth_27899,39
synth_28092,39
synth_27998,39
synth_28012,39
synth_28102,39
synth_27854,39
synth_28128,39
synth_27611,39
synth_27723,39
synth_27792,39
synth_27895,39
synth_27945,39
synth_27580,39
synth_27589,39
synth_27918,39
synth_27979,39
synth_27944,39
synth_27886,39
synth_27570,39
synth_27661,39
synth_27765,39
synth_27766,39
synth_27803,39
synth_27970,39
synth_28013,39
synth_28134,39
synth_28105,39
synth_27761,39
synth_27786,39
synth_27832,39
synth_27898,39
synth_27947,39
synth_27575,39
synth_27697,39
synth_27731,39
synth_27993,39
synth_28093,39
synth_27909,39
synth_27929,39
synth_27968,39
synth_27757,39
synth_28129,39
synth_27605,39
synth_27756,39
synth_27790,39
synth_27962,39
synth_28094,39
synth_27823,39
synth_27992,39
synth_27774,39
synth_27857,39
synth_27881,39
synth_28061,39
synth_27576,39
synth_27687,39
synth_27725,39
synth_27560,39
synth_27742,39
synth_27827,39
synth_27924,39
synth_27949,39
synth_27750,39
synth_28095,39
synth_27701,39
synth_27610,39
synth_27714,39
synth_28089,39
synth_27777,39
synth_27991,39
synth_27815,39
synth_27563,39
synth_27677,39
synth_27740,39
synth_27752,39
synth_27807,39
synth_28066,39
synth_28101,39
synth_27588,39
synth_27923,39
synth_27673,39
synth_27817,39
synth_27830,39
synth_27917,39
synth_28019,39
synth_27878,39
synth_27630,39
synth_27671,39
synth_27706,39
synth_27738,39
synth_27743,39
synth_27770,39
synth_27974,39
synth_27717,39
synth_27763,39
synth_27975,39
synth_27689,39
synth_27841,39
synth_27593,39
synth_27600,39
synth_27625,39
synth_27864,39
synth_27877,39
synth_28108,39
synth_28119,39
synth_27586,39
synth_27567,39
synth_27821,39
synth_27891,39
synth_27960,39
synth_27635,39
synth_27638,39
synth_27842,39
synth_28055,39
synth_28068,39
synth_27581,39
synth_27602,39
synth_27942,39
synth_28046,39
synth_27787,39
synth_27822,39
synth_27873,39
synth_27685,39
synth_27820,39
synth_27901,39
synth_28026,39
synth_27856,39
synth_28006,39
synth_27737,39
synth_27791,39
synth_28116,39
synth_27612,39
synth_28008,39
synth_28023,39
synth_28141,39
synth_27556,39
synth_27915,39
synth_28004,39
synth_27874,39
synth_28124,39
synth_28135,39
synth_27568,39
synth_27603,39
synth_27948,39
synth_28030,39
synth_27802,39
synth_27964,39
synth_28076,39
synth_27583,39
synth_27643,39
synth_27692,39
synth_28097,39
synth_28115,39
synth_27985,39
synth_27748,39
synth_27779,39
synth_27894,39
synth_27967,39
synth_27562,39
synth_27639,39
synth_27649,39
synth_27680,39
synth_27653,39
synth_27826,39
synth_27969,39
synth_28032,39
synth_27553,39
synth_27813,39
synth_27837,39
synth_28118,39
synth_27989,39
synth_28036,39
synth_28104,39
synth_27558,39
synth_27561,39
synth_27615,39
synth_27688,39
synth_27768,39
synth_27951,39
synth_28137,39
synth_27973,39
synth_28117,39
synth_27773,39
synth_27978,39
synth_27730,39
synth_27798,39
synth_27577,39
synth_28001,39
synth_27628,39
synth_27652,39
synth_27746,39
synth_27735,39
synth_28011,39
synth_27665,39
synth_27808,39
synth_28106,39
synth_28113,39
synth_27551,39
synth_27565,39
synth_27950,39
synth_27956,39
synth_27571,39
synth_27626,39
synth_27679,39
synth_27954,39
synth_27764,39
synth_27910,39
synth_27650,39
synth_27957,39
synth_28018,39
synth_27785,39
synth_27796,39
synth_27943,39
synth_27946,39
synth_28056,39
synth_27719,39
synth_27713,39
synth_27908,39
synth_27936,39
synth_27997,39
synth_28009,39
synth_27660,39
synth_27955,39
synth_27789,39
synth_27872,39
synth_28000,39
synth_28088,39
synth_27675,39
synth_27871,39
synth_27977,39
synth_28040,39
synth_28058,39
synth_28086,39
synth_27641,39
synth_28110,39
synth_27762,39
synth_27835,39
synth_27896,39
synth_27684,39
synth_27718,39
synth_27721,39
synth_27824,39
synth_27555,39
synth_27651,39
synth_27667,39
synth_27988,39
synth_27708,39
synth_27712,39
synth_27913,39
synth_27654,39
synth_27691,39
synth_27921,39
synth_27953,39
synth_27961,39
synth_28037,39
synth_28047,39
synth_28081,39
synth_28100,39
synth_27633,39
synth_27720,39
synth_27784,39
synth_27852,39
synth_27744,39
synth_27760,39
synth_27941,39
synth_27564,39
synth_27751,39
synth_27860,39
synth_27933,39
synth_27966,39
synth_28145,39
synth_28107,39
synth_28133,39
synth_27703,39
synth_27849,39
synth_27935,39
synth_28130,39
synth_27897,39
synth_27934,39
synth_28073,39
synth_28121,39
synth_27729,39
synth_27905,39
synth_27658,39
synth_27769,39
synth_27994,39
synth_28029,39
synth_28062,39
synth_28111,39
synth_27618,39
synth_27678,39
synth_27778,39
synth_27800,39
synth_27619,39
synth_27668,39
synth_27984,39
synth_27995,39
synth_28084,39
synth_27804,39
synth_27925,39
synth_28143,39
synth_27607,39
synth_27829,39
synth_28043,39
synth_27587,39
synth_27707,39
synth_27959,39
synth_28136,39
synth_27699,39
synth_27805,39
synth_27831,39
synth_27990,39
synth_27818,39
synth_28038,39
synth_28091,39
synth_27715,39
synth_27850,39
synth_27863,39
synth_27866,39
synth_27887,39
synth_28079,39
synth_28090,39
synth_27645,39
synth_27952,39
synth_27620,39
synth_27716,39
synth_27754,39
synth_27812,39
synth_28299,38
synth_28388,38
synth_28177,38
synth_28410,38
synth_28455,38
synth_28493,38
synth_28196,38
synth_28490,38
synth_28644,38
synth_28176,38
synth_28261,38
synth_28283,38
synth_28592,38
synth_28630,38
synth_28746,38
synth_28321,38
synth_28747,38
synth_28379,38
synth_28406,38
synth_28165,38
synth_28742,38
synth_28302,38
synth_28222,38
synth_28332,38
synth_28463,38
synth_28357,38
synth_28440,38
synth_28594,38
synth_28153,38
synth_28507,38
synth_28619,38
synth_28244,38
synth_28248,38
synth_28340,38
synth_28464,38
synth_28502,38
synth_28722,38
synth_28558,38
synth_28416,38
synth_28521,38
synth_28578,38
synth_28764,38
synth_28614,38
synth_28298,38
synth_28341,38
synth_28386,38
synth_28442,38
synth_28573,38
synth_28649,38
synth_28752,38
synth_28355,38
synth_28274,38
synth_28672,38
synth_28329,38
synth_28307,38
synth_28486,38
synth_28647,38
synth_28655,38
synth_28511,38
synth_28709,38
synth_28716,38
synth_28215,38
synth_28645,38
synth_28291,38
synth_28589,38
synth_28178,38
synth_28206,38
synth_28766,38
synth_28239,38
synth_28671,38
synth_28146,38
synth_28548,38
synth_28448,38
synth_28509,38
synth_28353,38
synth_28449,38
synth_28333,38
synth_28562,38
synth_28673,38
synth_28580,38
synth_28461,38
synth_28549,38
synth_28611,38
synth_28168,38
synth_28229,38
synth_28293,38
synth_28363,38
synth_28483,38
synth_28576,38
synth_28421,38
synth_28465,38
synth_28737,38
synth_28446,38
synth_28459,38
synth_28487,38
synth_28698,38
synth_28170,38
synth_28203,38
synth_28304,38
synth_28350,38
synth_28349,38
synth_28328,38
synth_28418,38
synth_28389,38
synth_28606,38
synth_28705,38
synth_28326,38
synth_28381,38
synth_28402,38
synth_28423,38
synth_28322,38
synth_28435,38
synth_28693,38
synth_28157,38
synth_28191,38
synth_28288,38
synth_28516,38
synth_28262,38
synth_28686,38
synth_28519,38
synth_28243,38
synth_28525,38
synth_28677,38
synth_28703,38
synth_28150,38
synth_28216,38
synth_28316,38
synth_28260,38
synth_28373,38
synth_28631,38
synth_28377,38
synth_28534,38
synth_28214,38
synth_28380,38
synth_28656,38
synth_28661,38
synth_28615,38
synth_28390,38
synth_28582,38
synth_28730,38
synth_28569,38
synth_28472,38
synth_28663,38
synth_28702,38
synth_28149,38
synth_28512,38
synth_28319,38
synth_28482,38
synth_28646,38
synth_28744,38
synth_28474,38
synth_28277,38
synth_28361,38
synth_28577,38
synth_28666,38
synth_28680,38
synth_28675,38
synth_28688,38
synth_28278,38
synth_28522,38
synth_28762,38
synth_28763,38
synth_28378,38
synth_28598,38
synth_28201,38
synth_28247,38
synth_28444,38
synth_28497,38
synth_28323,38
synth_28342,38
synth_28745,38
synth_28407,38
synth_28266,38
synth_28415,38
synth_28420,38
synth_28767,38
synth_28556,38
synth_28179,38
synth_28527,38
synth_28610,38
synth_28173,38
synth_28252,38
synth_28327,38
synth_28441,38
synth_28561,38
synth_28624,38
synth_28600,38
synth_28660,38
synth_28331,38
synth_28602,38
synth_28437,38
synth_28586,38
synth_28694,38
synth_28336,38
synth_28151,38
synth_28567,38
synth_28682,38
synth_28729,38
synth_28741,38
synth_28162,38
synth_28167,38
synth_28726,38
synth_28210,38
synth_28768,38
synth_28258,38
synth_28679,38
synth_28338,38
synth_28205,38
synth_28270,38
synth_28756,38
synth_28769,38
synth_28667,38
synth_28717,38
synth_28467,38
synth_28638,38
synth_28626,38
synth_28231,38
synth_28398,38
synth_28500,38
synth_28337,38
synth_28424,38
synth_28447,38
synth_28223,38
synth_28271,38
synth_28265,38
synth_28494,38
synth_28382,38
synth_28387,38
synth_28458,38
synth_28475,38
synth_28551,38
synth_28609,38
synth_28403,38
synth_28724,38
synth_28204,38
synth_28312,38
synth_28430,38
synth_28674,38
synth_28718,38
synth_28324,38
synth_28496,38
synth_28523,38
synth_28662,38
synth_28535,38
synth_28154,38
synth_28200,38
synth_28236,38
synth_28242,38
synth_28731,38
synth_28735,38
synth_28596,38
synth_28187,38
synth_28189,38
synth_28348,38
synth_28639,38
synth_28685,38
synth_28429,38
synth_28395,38
synth_28473,38
synth_28581,38
synth_28301,38
synth_28536,38
synth_28306,38
synth_28654,38
synth_28719,38
synth_28276,38
synth_28284,38
synth_28571,38
synth_28358,38
synth_28190,38
synth_28652,38
synth_28678,38
synth_28155,38
synth_28409,38
synth_28517,38
synth_28351,38
synth_28499,38
synth_28439,38
synth_28665,38
synth_28669,38
synth_28471,38
synth_28405,38
synth_28452,38
synth_28484,38
synth_28560,38
synth_28163,38
synth_28202,38
synth_28451,38
synth_28587,38
synth_28209,38
synth_28566,38
synth_28529,38
synth_28156,38
synth_28514,38
synth_28181,38
synth_28641,38
synth_28720,38
synth_28740,38
synth_28625,38
synth_28563,38
synth_28608,38
synth_28235,38
synth_28240,38
synth_28365,38
synth_28634,38
synth_28543,38
synth_28721,38
synth_28538,38
synth_28707,38
synth_28194,38
synth_28297,38
synth_28431,38
synth_28687,38
synth_28195,38
synth_28282,38
synth_28315,38
synth_28456,38
synth_28476,38
synth_28759,38
synth_28618,38
synth_28268,38
synth_28466,38
synth_28699,38
synth_28748,38
synth_28275,38
synth_28212,38
synth_28309,38
synth_28518,38
synth_28501,38
synth_28524,38
synth_28540,38
synth_28574,38
synth_28749,38
synth_28628,38
synth_28450,38
synth_28230,38
synth_28233,38
synth_28296,38
synth_28414,38
synth_28531,38
synth_28436,38
synth_28219,38
synth_28305,38
synth_28347,38
synth_28368,38
synth_28681,38
synth_28445,38
synth_28169,38
synth_28280,38
synth_28454,38
synth_28550,38
synth_28184,38
synth_28253,38
synth_28371,38
synth_28453,38
synth_28478,38
synth_28727,38
synth_28300,38
synth_28303,38
synth_28457,38
synth_28221,38
synth_28269,38
synth_28528,38
synth_28539,38
synth_28164,38
synth_28636,38
synth_28732,38
synth_28160,38
synth_28174,38
synth_28199,38
synth_28232,38
synth_28510,38
synth_28545,38
synth_28207,38
synth_28272,38
synth_28344,38
synth_28468,38
synth_28213,38
synth_28325,38
synth_28643,38
synth_28228,38
synth_28489,38
synth_28695,38
synth_28755,38
synth_28640,38
synth_28670,38
synth_28743,38
synth_28754,38
synth_28704,38
synth_28714,38
synth_28161,38
synth_28554,38
synth_28568,38
synth_28657,38
synth_28352,38
synth_28385,38
synth_28432,38
synth_28617,38
synth_28225,38
synth_28292,38
synth_28311,38
synth_28397,38
synth_28605,38
synth_28256,38
synth_28295,38
synth_28513,38
synth_28547,38
synth_28197,38
synth_28725,38
synth_28597,38
synth_28623,38
synth_28294,38
synth_28362,38
synth_28485,38
synth_28595,38
synth_28708,38
synth_28241,38
synth_28263,38
synth_28264,38
synth_28310,38
synth_28313,38
synth_28601,38
synth_28148,38
synth_28552,38
synth_28158,38
synth_28544,38
synth_28758,38
synth_28245,38
synth_28579,38
synth_28413,38
synth_28506,38
synth_28559,38
synth_28330,38
synth_28411,38
synth_28504,38
synth_28553,38
synth_28565,38
synth_28591,38
synth_28733,38
synth_28249,38
synth_28259,38
synth_28289,38
synth_28392,38
synth_28460,38
synth_28575,38
synth_28175,38
synth_28192,38
synth_28642,38
synth_28697,38
synth_28480,38
synth_28286,38
synth_28621,38
synth_28627,38
synth_28220,38
synth_28495,38
synth_28632,38
synth_28633,38
synth_28354,38
synth_28356,38
synth_28166,38
synth_28401,38
synth_28227,38
synth_28290,38
synth_28620,38
synth_28537,38
synth_28404,38
synth_28526,38
synth_28753,38
synth_28712,38
synth_28334,38
synth_28376,38
synth_28343,38
synth_28345,38
synth_28367,38
synth_28479,38
synth_28653,38
synth_28426,38
synth_28664,38
synth_28488,38
synth_28683,38
synth_28183,38
synth_28723,38
synth_28360,38
synth_28583,38
synth_28690,38
synth_28515,38
synth_28193,38
synth_28419,38
synth_28250,38
synth_28279,38
synth_28318,38
synth_28443,38
synth_28590,38
synth_28691,38
synth_28425,38
synth_28599,38
synth_28172,38
synth_28676,38
synth_28234,38
synth_28273,38
synth_28391,38
synth_28147,38
synth_28238,38
synth_28593,38
synth_28612,38
synth_28180,38
synth_28364,38
synth_28503,38
synth_28532,38
synth_28188,38
synth_28359,38
synth_28711,38
synth_28422,38
synth_28285,38
synth_28651,38
synth_28734,38
synth_28736,38
synth_28374,38
synth_28198,38
synth_28246,38
synth_28393,38
synth_28417,38
synth_28505,38
synth_28622,38
synth_28706,38
synth_28710,38
synth_28383,38
synth_28481,38
synth_28530,38
synth_28750,38
synth_28588,38
synth_28760,38
synth_28339,38
synth_28255,38
synth_28366,38
synth_28433,38
synth_28761,38
synth_28765,38
synth_28224,38
synth_28546,38
synth_28637,38
synth_28648,38
synth_28684,38
synth_28713,38
synth_28314,38
synth_28317,38
synth_28508,38
synth_28603,38
synth_28369,38
synth_28650,38
synth_28492,38
synth_28541,38
synth_28159,38
synth_28400,38
synth_28462,38
synth_28570,38
synth_28585,38
synth_28477,38
synth_28408,38
synth_28217,38
synth_28434,38
synth_28659,38
synth_28689,38
synth_28412,38
synth_28427,38
synth_28237,38
synth_28254,38
synth_28739,38
synth_28607,38
synth_28668,38
synth_28700,38
synth_28738,38
synth_28171,38
synth_28182,38
synth_28226,38
synth_28564,38
synth_28185,38
synth_28208,38
synth_28372,38
synth_28384,38
synth_28470,38
synth_28584,38
synth_28728,38
synth_28218,38
synth_28399,38
synth_28555,38
synth_28715,38
synth_28751,38
synth_28757,38
synth_28428,38
synth_28557,38
synth_28308,38
synth_28346,38
synth_28394,38
synth_28491,38
synth_28635,38
synth_28658,38
synth_28152,38
synth_28267,38
synth_28438,38
synth_28533,38
synth_28572,38
synth_28616,38
synth_28629,38
synth_28692,38
synth_28701,38
synth_28251,38
synth_28281,38
synth_28320,38
synth_28370,38
synth_28604,38
synth_28396,38
synth_28469,38
synth_28498,38
synth_28287,38
synth_28613,38
synth_28186,38
synth_28520,38
synth_28211,38
synth_28335,38
synth_28375,38
synth_28257,38
synth_28542,38
synth_28696,38
synth_28939,37
synth_29074,37
synth_29256,37
synth_28784,37
synth_28877,37
synth_28986,37
synth_29040,37
synth_29416,37
synth_28994,37
synth_29097,37
synth_29102,37
synth_29243,37
synth_28874,37
synth_28922,37
synth_29232,37
synth_29392,37
synth_28923,37
synth_28973,37
synth_29139,37
synth_28791,37
synth_29210,37
synth_29061,37
synth_29215,37
synth_29241,37
synth_28810,37
synth_28891,37
synth_28978,37
synth_29251,37
synth_28799,37
synth_28871,37
synth_29180,37
synth_29218,37
synth_29357,37
synth_29411,37
synth_29105,37
synth_29173,37
synth_28932,37
synth_29107,37
synth_29222,37
synth_29231,37
synth_29233,37
synth_29342,37
synth_29193,37
synth_29057,37
synth_29324,37
synth_29309,37
synth_29364,37
synth_29001,37
synth_28820,37
synth_28906,37
synth_29007,37
synth_28967,37
synth_28786,37
synth_28920,37
synth_28773,37
synth_28882,37
synth_29236,37
synth_28935,37
synth_29046,37
synth_29114,37
synth_29172,37
synth_29286,37
synth_28812,37
synth_29141,37
synth_29200,37
synth_29208,37
synth_29283,37
synth_29335,37
synth_29337,37
synth_28772,37
synth_28804,37
synth_28808,37
synth_28971,37
synth_28811,37
synth_28859,37
synth_28974,37
synth_29349,37
synth_29378,37
synth_29010,37
synth_28873,37
synth_29050,37
synth_29147,37
synth_29202,37
synth_29295,37
synth_29399,37
synth_28968,37
synth_28993,37
synth_29125,37
synth_29263,37
synth_29024,37
synth_29401,37
synth_29088,37
synth_29137,37
synth_29385,37
synth_28870,37
synth_29033,37
synth_29127,37
synth_28953,37
synth_29004,37
synth_29068,37
synth_29367,37
synth_28910,37
synth_29421,37
synth_28848,37
synth_29025,37
synth_29185,37
synth_29207,37
synth_29290,37
synth_29192,37
synth_29079,37
synth_29094,37
synth_29109,37
synth_29178,37
synth_29209,37
synth_29315,37
synth_29344,37
synth_29090,37
synth_29121,37
synth_29123,37
synth_29155,37
synth_29379,37
synth_29415,37
synth_28903,37
synth_29099,37
synth_28785,37
synth_28868,37
synth_29100,37
synth_29070,37
synth_29122,37
synth_29375,37
synth_28955,37
synth_29106,37
synth_29274,37
synth_28822,37
synth_28840,37
synth_29302,37
synth_28913,37
synth_29351,37
synth_28852,37
synth_29270,37
synth_28815,37
synth_28823,37
synth_28827,37
synth_28952,37
synth_28989,37
synth_29078,37
synth_29171,37
synth_29174,37
synth_28895,37
synth_29012,37
synth_29077,37
synth_29118,37
synth_29284,37
synth_28908,37
synth_28887,37
synth_28921,37
synth_29101,37
synth_28795,37
synth_29144,37
synth_29331,37
synth_29073,37
synth_29230,37
synth_29255,37
synth_29353,37
synth_29400,37
synth_28843,37
synth_29198,37
synth_29381,37
synth_29406,37
synth_28911,37
synth_28774,37
synth_28854,37
synth_28931,37
synth_29131,37
synth_29179,37
synth_29103,37
synth_29199,37
synth_29276,37
synth_29332,37
synth_29242,37
synth_28779,37
synth_28918,37
synth_29272,37
synth_29333,37
synth_29395,37
synth_28969,37
synth_28976,37
synth_29217,37
synth_28947,37
synth_28788,37
synth_28866,37
synth_28980,37
synth_29091,37
synth_29268,37
synth_29307,37
synth_29146,37
synth_29051,37
synth_29093,37
synth_29133,37
synth_28888,37
synth_29282,37
synth_29418,37
synth_28894,37
synth_29115,37
synth_29158,37
synth_29299,37
synth_28849,37
synth_29229,37
synth_28819,37
synth_29165,37
synth_29235,37
synth_28831,37
synth_28844,37
synth_29116,37
synth_29312,37
synth_29336,37
synth_29388,37
synth_28880,37
synth_29260,37
synth_29021,37
synth_29064,37
synth_29072,37
synth_29377,37
synth_28838,37
synth_29037,37
synth_29162,37
synth_28937,37
synth_29066,37
synth_29361,37
synth_28821,37
synth_28834,37
synth_28792,37
synth_28835,37
synth_29386,37
synth_28902,37
synth_28982,37
synth_29152,37
synth_29303,37
synth_28837,37
synth_29285,37
synth_29423,37
synth_28896,37
synth_28916,37
synth_28945,37
synth_29372,37
synth_29374,37
synth_28855,37
synth_28883,37
synth_29239,37
synth_29287,37
synth_29301,37
synth_29318,37
synth_29393,37
synth_29414,37
synth_29053,37
synth_29128,37
synth_29135,37
synth_29223,37
synth_29362,37
synth_29000,37
synth_29228,37
synth_29246,37
synth_29253,37
synth_28801,37
synth_28957,37
synth_28997,37
synth_29104,37
synth_29150,37
synth_29169,37
synth_29368,37
synth_29391,37
synth_28781,37
synth_29365,37
synth_29278,37
synth_29059,37
synth_28776,37
synth_28956,37
synth_29003,37
synth_29347,37
synth_28943,37
synth_29048,37
synth_29096,37
synth_29112,37
synth_29142,37
synth_29316,37
synth_28929,37
synth_29340,37
synth_28829,37
synth_29084,37
synth_29261,37
synth_29319,37
synth_28789,37
synth_28800,37
synth_29329,37
synth_28847,37
synth_29089,37
synth_29160,37
synth_29201,37
synth_28963,37
synth_29006,37
synth_29013,37
synth_29138,37
synth_28878,37
synth_29404,37
synth_29252,37
synth_29358,37
synth_28996,37
synth_29029,37
synth_29257,37
synth_29023,37
synth_29184,37
synth_29205,37
synth_29271,37
synth_29376,37
synth_29398,37
synth_29412,37
synth_29420,37
synth_29175,37
synth_29262,37
synth_29083,37
synth_29092,37
synth_29140,37
synth_29354,37
synth_28830,37
synth_28869,37
synth_29075,37
synth_29153,37
synth_29240,37
synth_29244,37
synth_28962,37
synth_29149,37
synth_29194,37
synth_28885,37
synth_29020,37
synth_29087,37
synth_29313,37
synth_29317,37
synth_29348,37
synth_28802,37
synth_29383,37
synth_29060,37
synth_28782,37
synth_28940,37
synth_29176,37
synth_28977,37
synth_29359,37
synth_28793,37
synth_28907,37
synth_28979,37
synth_29203,37
synth_29018,37
synth_28893,37
synth_28965,37
synth_28805,37
synth_29159,37
synth_29305,37
synth_28949,37
synth_28865,37
synth_28889,37
synth_28981,37
synth_28987,37
synth_29187,37
synth_29304,37
synth_28828,37
synth_29279,37
synth_29296,37
synth_29330,37
synth_28771,37
synth_28861,37
synth_29019,37
synth_29065,37
synth_28796,37
synth_29212,37
synth_29293,37
synth_29422,37
synth_28832,37
synth_28985,37
synth_29156,37
synth_29238,37
synth_28817,37
synth_28946,37
synth_29036,37
synth_29120,37
synth_29126,37
synth_29409,37
synth_29170,37
synth_29308,37
synth_29327,37
synth_28905,37
synth_29195,37
synth_29363,37
synth_28856,37
synth_28988,37
synth_29356,37
synth_28948,37
synth_29130,37
synth_29008,37
synth_29320,37
synth_29389,37
synth_28959,37
synth_28927,37
synth_28825,37
synth_28984,37
synth_29129,37
synth_29288,37
synth_29387,37
synth_29397,37
synth_28862,37
synth_28875,37
synth_29005,37
synth_29206,37
synth_29247,37
synth_29346,37
synth_29371,37
synth_29052,37
synth_29085,37
synth_29408,37
synth_29047,37
synth_28928,37
synth_29300,37
synth_28899,37
synth_28942,37
synth_29211,37
synth_29254,37
synth_29226,37
synth_28941,37
synth_29032,37
synth_28892,37
synth_28934,37
synth_29405,37
synth_29108,37
synth_28884,37
synth_28998,37
synth_29370,37
synth_28806,37
synth_29204,37
synth_29298,37
synth_28936,37
synth_29280,37
synth_29289,37
synth_28912,37
synth_28924,37
synth_29009,37
synth_29168,37
synth_28839,37
synth_29014,37
synth_29154,37
synth_29181,37
synth_29248,37
synth_29322,37
synth_29081,37
synth_28975,37
synth_29039,37
synth_29267,37
synth_29369,37
synth_29410,37
synth_28850,37
synth_28930,37
synth_28995,37
synth_28803,37
synth_29002,37
synth_29186,37
synth_28780,37
synth_28872,37
synth_28958,37
synth_29017,37
synth_29044,37
synth_29196,37
synth_28876,37
synth_29035,37
synth_29082,37
synth_29334,37
synth_29339,37
synth_28944,37
synth_29407,37
synth_28851,37
synth_29183,37
synth_29220,37
synth_29311,37
synth_29396,37
synth_28909,37
synth_29177,37
synth_29328,37
synth_29382,37
synth_28833,37
synth_28915,37
synth_29119,37
synth_29124,37
synth_29197,37
synth_29321,37
synth_29402,37
synth_29360,37
synth_28961,37
synth_28970,37
synth_29026,37
synth_29049,37
synth_29076,37
synth_29161,37
synth_29273,37
synth_29043,37
synth_29269,37
synth_29343,37
synth_28926,37
synth_29417,37
synth_28777,37
synth_28886,37
synth_28917,37
synth_29143,37
synth_29264,37
synth_29071,37
synth_28807,37
synth_29216,37
synth_29424,37
synth_28966,37
synth_28798,37
synth_28867,37
synth_28964,37
synth_29016,37
synth_29063,37
synth_29281,37
synth_28900,37
synth_28919,37
synth_29390,37
synth_29403,37
synth_29413,37
synth_29227,37
synth_28775,37
synth_29219,37
synth_28814,37
synth_28954,37
synth_29259,37
synth_29352,37
synth_28879,37
synth_29132,37
synth_29221,37
synth_29341,37
synth_28794,37
synth_28841,37
synth_28972,37
synth_29062,37
synth_29182,37
synth_29249,37
synth_29373,37
synth_28990,37
synth_29067,37
synth_29086,37
synth_29157,37
synth_29314,37
synth_29297,37
synth_29030,37
synth_29069,37
synth_28797,37
synth_29056,37
synth_29310,37
synth_28836,37
synth_28881,37
synth_29366,37
synth_29326,37
synth_28858,37
synth_28901,37
synth_29027,37
synth_29041,37
synth_29117,37
synth_28818,37
synth_28951,37
synth_29190,37
synth_28816,37
synth_28999,37
synth_29034,37
synth_29224,37
synth_28898,37
synth_29038,37
synth_29188,37
synth_29345,37
synth_28813,37
synth_28857,37
synth_29214,37
synth_29237,37
synth_28826,37
synth_28845,37
synth_28950,37
synth_29055,37
synth_29277,37
synth_29338,37
synth_28842,37
synth_28890,37
synth_29323,37
synth_28787,37
synth_28824,37
synth_28938,37
synth_29136,37
synth_29015,37
synth_28770,37
synth_28809,37
synth_28914,37
synth_28783,37
synth_28846,37
synth_28853,37
synth_29167,37
synth_29355,37
synth_29275,37
synth_29325,37
synth_28863,37
synth_29045,37
synth_29163,37
synth_28778,37
synth_29042,37
synth_29292,37
synth_29384,37
synth_29350,37
synth_28897,37
synth_28904,37
synth_29145,37
synth_29245,37
synth_28864,37
synth_29234,37
synth_29250,37
synth_29380,37
synth_29028,37
synth_29134,37
synth_28790,37
synth_28992,37
synth_29098,37
synth_29225,37
synth_29266,37
synth_29291,37
synth_29031,37
synth_29148,37
synth_29189,37
synth_29213,37
synth_29022,37
synth_29095,37
synth_29151,37
synth_29164,37
synth_29166,37
synth_29258,37
synth_29306,37
synth_29080,37
synth_28925,37
synth_28983,37
synth_29113,37
synth_29394,37
synth_29419,37
synth_28933,37
synth_29054,37
synth_29111,37
synth_29265,37
synth_29191,37
synth_28860,37
synth_28960,37
synth_28991,37
synth_29058,37
synth_29294,37
synth_29110,37
synth_29011,37
synth_29444,36
synth_29465,36
synth_30037,36
synth_29829,36
synth_29834,36
synth_29896,36
synth_29940,36
synth_29959,36
synth_29960,36
synth_29531,36
synth_29586,36
synth_29617,36
synth_30017,36
synth_29676,36
synth_29737,36
synth_29592,36
synth_29668,36
synth_29825,36
synth_30067,36
synth_29528,36
synth_29822,36
synth_29957,36
synth_29826,36
synth_29844,36
synth_30070,36
synth_29609,36
synth_29745,36
synth_29881,36
synth_30011,36
synth_30061,36
synth_29626,36
synth_29655,36
synth_29792,36
synth_29868,36
synth_29964,36
synth_29685,36
synth_29743,36
synth_30102,36
synth_29467,36
synth_29523,36
synth_29596,36
synth_29636,36
synth_29727,36
synth_29796,36
synth_29992,36
synth_29703,36
synth_29713,36
synth_29797,36
synth_29966,36
synth_29571,36
synth_29597,36
synth_29671,36
synth_29883,36
synth_29514,36
synth_29742,36
synth_30001,36
synth_29618,36
synth_29478,36
synth_29642,36
synth_29679,36
synth_29850,36
synth_29979,36
synth_30059,36
synth_29714,36
synth_29495,36
synth_29929,36
synth_29550,36
synth_29770,36
synth_29704,36
synth_29843,36
synth_29875,36
synth_29919,36
synth_29976,36
synth_30106,36
synth_29430,36
synth_29738,36
synth_29928,36
synth_29933,36
synth_29972,36
synth_29993,36
synth_29603,36
synth_29622,36
synth_29677,36
synth_29505,36
synth_29610,36
synth_29709,36
synth_29674,36
synth_29695,36
synth_29425,36
synth_29489,36
synth_29765,36
synth_29885,36
synth_29749,36
synth_29821,36
synth_30094,36
synth_30074,36
synth_30087,36
synth_29759,36
synth_29578,36
synth_30024,36
synth_30091,36
synth_29565,36
synth_29773,36
synth_29915,36
synth_29694,36
synth_29871,36
synth_29706,36
synth_29469,36
synth_29613,36
synth_29870,36
synth_29967,36
synth_29982,36
synth_29711,36
synth_29910,36
synth_29924,36
synth_29974,36
synth_29748,36
synth_29889,36
synth_29557,36
synth_29721,36
synth_29591,36
synth_29629,36
synth_29793,36
synth_29898,36
synth_30028,36
synth_29788,36
synth_29696,36
synth_29806,36
synth_29913,36
synth_30051,36
synth_29852,36
synth_29917,36
synth_29950,36
synth_29611,36
synth_29758,36
synth_29590,36
synth_29659,36
synth_29884,36
synth_30089,36
synth_29533,36
synth_29813,36
synth_29892,36
synth_29918,36
synth_29973,36
synth_29718,36
synth_29484,36
synth_29722,36
synth_29778,36
synth_29650,36
synth_29708,36
synth_30058,36
synth_29427,36
synth_29942,36
synth_29997,36
synth_29662,36
synth_29690,36
synth_29886,36
synth_29941,36
synth_30021,36
synth_29431,36
synth_29672,36
synth_29846,36
synth_29905,36
synth_29741,36
synth_30005,36
synth_29438,36
synth_29464,36
synth_29895,36
synth_30035,36
synth_29598,36
synth_29987,36
synth_30022,36
synth_29494,36
synth_29511,36
synth_29815,36
synth_29486,36
synth_29832,36
synth_29990,36
synth_29443,36
synth_29492,36
synth_29681,36
synth_30072,36
synth_29585,36
synth_29426,36
synth_29501,36
synth_29740,36
synth_29840,36
synth_29861,36
synth_29931,36
synth_29975,36
synth_30006,36
synth_30086,36
synth_29485,36
synth_29527,36
synth_29602,36
synth_29752,36
synth_29782,36
synth_30014,36
synth_29473,36
synth_29725,36
synth_29934,36
synth_30023,36
synth_29435,36
synth_29500,36
synth_29675,36
synth_29814,36
synth_30048,36
synth_30064,36
synth_30068,36
synth_29683,36
synth_30046,36
synth_30095,36
synth_29631,36
synth_29661,36
synth_29835,36
synth_29946,36
synth_30084,36
synth_29719,36
synth_29477,36
synth_29482,36
synth_29615,36
synth_29608,36
synth_30065,36
synth_29984,36
synth_29989,36
synth_29644,36
synth_29652,36
synth_29555,36
synth_29904,36
synth_29463,36
synth_29503,36
synth_29574,36
synth_29831,36
synth_29429,36
synth_29627,36
synth_29657,36
synth_29836,36
synth_30069,36
synth_30020,36
synth_30039,36
synth_29794,36
synth_29760,36
synth_29944,36
synth_30063,36
synth_29735,36
synth_30031,36
synth_29620,36
synth_29824,36
synth_29559,36
synth_29848,36
synth_30066,36
synth_29567,36
synth_29456,36
synth_29981,36
synth_29548,36
synth_29841,36
synth_29847,36
synth_29894,36
synth_29549,36
synth_29479,36
synth_29515,36
synth_29686,36
synth_29689,36
synth_29998,36
synth_29539,36
synth_29540,36
synth_29780,36
synth_29906,36
synth_30033,36
synth_30045,36
synth_29810,36
synth_30076,36
synth_29645,36
synth_29498,36
synth_29678,36
synth_29507,36
synth_29827,36
synth_30056,36
synth_29513,36
synth_29556,36
synth_29777,36
synth_29779,36
synth_29787,36
synth_29927,36
synth_30034,36
synth_29790,36
synth_30101,36
synth_29582,36
synth_29666,36
synth_30040,36
synth_30077,36
synth_30041,36
synth_29687,36
synth_29879,36
synth_29882,36
synth_29803,36
synth_29728,36
synth_29938,36
synth_29971,36
synth_30004,36
synth_30071,36
synth_29460,36
synth_29860,36
synth_30075,36
synth_29433,36
synth_29804,36
synth_29994,36
synth_29568,36
synth_29639,36
synth_29858,36
synth_29867,36
synth_30113,36
synth_29808,36
synth_29985,36
synth_29647,36
synth_29926,36
synth_30015,36
synth_29564,36
synth_29816,36
synth_29951,36
synth_29518,36
synth_29542,36
synth_29684,36
synth_29903,36
synth_30081,36
synth_29530,36
synth_29525,36
synth_29673,36
synth_29688,36
synth_29440,36
synth_29600,36
synth_29614,36
synth_29854,36
synth_29891,36
synth_29893,36
synth_29857,36
synth_29874,36
synth_30083,36
synth_29720,36
synth_29729,36
synth_29769,36
synth_29512,36
synth_29753,36
synth_29838,36
synth_29923,36
synth_29952,36
synth_29593,36
synth_30105,36
synth_29496,36
synth_29510,36
synth_29812,36
synth_29866,36
synth_29509,36
synth_29624,36
synth_29888,36
synth_29932,36
synth_29961,36
synth_29651,36
synth_29784,36
synth_29939,36
synth_30111,36
synth_29648,36
synth_29801,36
synth_30073,36
synth_30092,36
synth_30099,36
synth_29476,36
synth_29447,36
synth_29637,36
synth_29702,36
synth_29783,36
synth_29980,36
synth_29441,36
synth_29599,36
synth_29698,36
synth_29955,36
synth_29995,36
synth_30013,36
synth_29736,36
synth_29437,36
synth_29762,36
synth_29764,36
synth_29962,36
synth_30019,36
synth_30107,36
synth_30103,36
synth_29699,36
synth_29452,36
synth_29454,36
synth_29526,36
synth_29663,36
synth_29958,36
synth_29791,36
synth_29475,36
synth_29524,36
synth_29930,36
synth_29646,36
synth_29649,36
synth_29949,36
synth_30088,36
synth_29468,36
synth_29864,36
synth_30080,36
synth_29589,36
synth_29607,36
synth_29472,36
synth_29766,36
synth_29851,36
synth_29457,36
synth_29701,36
synth_29947,36
synth_29584,36
synth_29823,36
synth_29535,36
synth_29570,36
synth_29669,36
synth_29693,36
synth_29907,36
synth_30036,36
synth_29588,36
synth_29837,36
synth_29665,36
synth_29887,36
synth_29969,36
synth_29587,36
synth_29449,36
synth_29634,36
synth_29730,36
synth_29606,36
synth_29554,36
synth_29865,36
synth_29900,36
synth_29536,36
synth_29640,36
synth_29744,36
synth_29802,36
synth_29817,36
synth_29922,36
synth_29442,36
synth_29653,36
synth_29799,36
synth_30026,36
synth_29519,36
synth_29451,36
synth_29643,36
synth_29798,36
synth_29830,36
synth_29912,36
synth_30060,36
synth_29569,36
synth_30078,36
synth_29619,36
synth_29562,36
synth_29697,36
synth_29853,36
synth_30085,36
synth_29546,36
synth_29436,36
synth_29561,36
synth_29754,36
synth_30008,36
synth_29453,36
synth_29839,36
synth_29909,36
synth_30110,36
synth_29458,36
synth_29487,36
synth_29664,36
synth_29772,36
synth_29977,36
synth_29999,36
synth_29497,36
synth_29734,36
synth_29953,36
synth_30012,36
synth_30044,36
synth_30057,36
synth_29532,36
synth_29545,36
synth_29795,36
synth_29818,36
synth_29978,36
synth_30050,36
synth_29632,36
synth_29807,36
synth_30052,36
synth_30055,36
synth_30104,36
synth_29491,36
synth_29529,36
synth_29670,36
synth_29707,36
synth_29869,36
synth_29916,36
synth_29965,36
synth_30009,36
synth_30090,36
synth_29445,36
synth_30010,36
synth_29470,36
synth_29552,36
synth_29705,36
synth_29914,36
synth_29925,36
synth_29986,36
synth_29461,36
synth_29483,36
synth_29502,36
synth_29763,36
synth_29774,36
synth_29805,36
synth_29988,36
synth_29471,36
synth_29490,36
synth_29667,36
synth_30054,36
synth_29625,36
synth_29710,36
synth_29692,36
synth_29862,36
synth_29945,36
synth_29756,36
synth_29428,36
synth_29616,36
synth_29996,36
synth_29641,36
synth_29724,36
synth_29855,36
synth_29983,36
synth_30082,36
synth_29716,36
synth_29459,36
synth_29573,36
synth_29432,36
synth_29474,36
synth_29553,36
synth_30079,36
synth_29572,36
synth_29715,36
synth_29785,36
synth_29943,36
synth_29506,36
synth_29856,36
synth_29897,36
synth_29739,36
synth_29504,36
synth_29638,36
synth_29859,36
synth_29956,36
synth_30007,36
synth_29466,36
synth_29488,36
synth_29612,36
synth_29761,36
synth_29800,36
synth_30038,36
synth_29755,36
synth_29732,36
synth_29828,36
synth_29863,36
synth_29963,36
synth_29691,36
synth_29890,36
synth_29954,36
synth_29604,36
synth_29575,36
synth_29595,36
synth_29480,36
synth_30047,36
synth_30108,36
synth_30093,36
synth_29633,36
synth_29901,36
synth_29517,36
synth_29658,36
synth_29551,36
synth_29558,36
synth_30100,36
synth_29873,36
synth_29937,36
synth_30002,36
synth_29833,36
synth_29878,36
synth_29948,36
synth_29448,36
synth_29635,36
synth_29563,36
synth_29849,36
synth_29746,36
synth_29747,36
synth_29775,36
synth_29621,36
synth_30030,36
synth_29576,36
synth_30032,36
synth_29560,36
synth_29577,36
synth_29660,36
synth_29462,36
synth_29819,36
synth_30027,36
synth_29544,36
synth_29757,36
synth_29543,36
synth_29809,36
synth_30000,36
synth_29522,36
synth_29700,36
synth_29936,36
synth_30003,36
synth_30053,36
synth_29521,36
synth_29845,36
synth_30098,36
synth_29455,36
synth_29493,36
synth_29580,36
synth_29723,36
synth_30097,36
synth_29508,36
synth_29771,36
synth_29581,36
synth_29682,36
synth_29876,36
synth_29935,36
synth_29566,36
synth_29781,36
synth_29450,36
synth_29786,36
synth_30016,36
synth_29534,36
synth_29537,36
synth_29541,36
synth_29908,36
synth_29499,36
synth_29654,36
synth_29811,36
synth_29968,36
synth_29439,36
synth_29538,36
synth_29789,36
synth_29630,36
synth_29750,36
synth_30062,36
synth_29902,36
synth_29920,36
synth_29911,36
synth_30042,36
synth_29547,36
synth_29594,36
synth_29842,36
synth_29767,36
synth_30096,36
synth_30112,36
synth_29516,36
synth_29751,36
synth_29768,36
synth_29880,36
synth_30043,36
synth_29579,36
synth_29605,36
synth_29877,36
synth_30049,36
synth_30109,36
synth_29583,36
synth_29623,36
synth_29656,36
synth_30025,36
synth_29820,36
synth_29872,36
synth_29899,36
synth_30018,36
synth_29446,36
synth_29481,36
synth_29680,36
synth_29712,36
synth_29776,36
synth_29921,36
synth_29970,36
synth_29601,36
synth_29717,36
synth_29434,36
synth_29991,36
synth_30029,36
synth_29726,36
synth_29731,36
synth_29733,36
synth_29520,36
synth_29628,36
synth_30337,35
synth_30659,35
synth_30136,35
synth_30551,35
synth_30148,35
synth_30642,35
synth_30175,35
synth_30327,35
synth_30470,35
synth_30475,35
synth_30121,35
synth_30612,35
synth_30649,35
synth_30505,35
synth_30283,35
synth_30461,35
synth_30832,35
synth_30363,35
synth_30706,35
synth_30728,35
synth_30264,35
synth_30479,35
synth_30578,35
synth_30333,35
synth_30687,35
synth_30799,35
synth_30254,35
synth_30276,35
synth_30592,35
synth_30633,35
synth_30310,35
synth_30608,35
synth_30543,35
synth_30211,35
synth_30805,35
synth_30493,35
synth_30518,35
synth_30755,35
synth_30394,35
synth_30564,35
synth_30653,35
synth_30811,35
synth_30115,35
synth_30331,35
synth_30733,35
synth_30351,35
synth_30224,35
synth_30233,35
synth_30238,35
synth_30248,35
synth_30212,35
synth_30281,35
synth_30561,35
synth_30650,35
synth_30467,35
synth_30816,35
synth_30237,35
synth_30574,35
synth_30122,35
synth_30435,35
synth_30512,35
synth_30553,35
synth_30193,35
synth_30463,35
synth_30803,35
synth_30652,35
synth_30656,35
synth_30827,35
synth_30215,35
synth_30316,35
synth_30332,35
synth_30515,35
synth_30765,35
synth_30819,35
synth_30256,35
synth_30196,35
synth_30769,35
synth_30556,35
synth_30186,35
synth_30571,35
synth_30780,35
synth_30431,35
synth_30367,35
synth_30666,35
synth_30119,35
synth_30246,35
synth_30620,35
synth_30763,35
synth_30792,35
synth_30360,35
synth_30501,35
synth_30545,35
synth_30154,35
synth_30492,35
synth_30795,35
synth_30163,35
synth_30800,35
synth_30829,35
synth_30204,35
synth_30654,35
synth_30717,35
synth_30266,35
synth_30153,35
synth_30636,35
synth_30133,35
synth_30548,35
synth_30503,35
synth_30192,35
synth_30290,35
synth_30349,35
synth_30599,35
synth_30123,35
synth_30313,35
synth_30694,35
synth_30371,35
synth_30540,35
synth_30628,35
synth_30439,35
synth_30131,35
synth_30255,35
synth_30273,35
synth_30468,35
synth_30753,35
synth_30808,35
synth_30502,35
synth_30144,35
synth_30239,35
synth_30481,35
synth_30598,35
synth_30736,35
synth_30405,35
synth_30114,35
synth_30350,35
synth_30443,35
synth_30229,35
synth_30664,35
synth_30525,35
synth_30630,35
synth_30183,35
synth_30739,35
synth_30297,35
synth_30689,35
synth_30726,35
synth_30250,35
synth_30549,35
synth_30670,35
synth_30787,35
synth_30573,35
synth_30651,35
synth_30321,35
synth_30329,35
synth_30522,35
synth_30629,35
synth_30253,35
synth_30499,35
synth_30213,35
synth_30412,35
synth_30613,35
synth_30684,35
synth_30740,35
synth_30764,35
synth_30260,35
synth_30403,35
synth_30418,35
synth_30517,35
synth_30181,35
synth_30151,35
synth_30364,35
synth_30788,35
synth_30809,35
synth_30817,35
synth_30361,35
synth_30388,35
synth_30557,35
synth_30178,35
synth_30415,35
synth_30634,35
synth_30353,35
synth_30372,35
synth_30447,35
synth_30325,35
synth_30440,35
synth_30533,35
synth_30164,35
synth_30497,35
synth_30532,35
synth_30483,35
synth_30586,35
synth_30513,35
synth_30539,35
synth_30603,35
synth_30638,35
synth_30643,35
synth_30356,35
synth_30696,35
synth_30737,35
synth_30269,35
synth_30389,35
synth_30366,35
synth_30345,35
synth_30374,35
synth_30605,35
synth_30143,35
synth_30487,35
synth_30230,35
synth_30641,35
synth_30482,35
synth_30146,35
synth_30341,35
synth_30509,35
synth_30426,35
synth_30572,35
synth_30324,35
synth_30451,35
synth_30624,35
synth_30708,35
synth_30796,35
synth_30348,35
synth_30585,35
synth_30301,35
synth_30312,35
synth_30469,35
synth_30601,35
synth_30678,35
synth_30118,35
synth_30757,35
synth_30142,35
synth_30288,35
synth_30180,35
synth_30220,35
synth_30293,35
synth_30776,35
synth_30318,35
synth_30326,35
synth_30524,35
synth_30669,35
synth_30552,35
synth_30158,35
synth_30379,35
synth_30786,35
synth_30161,35
synth_30125,35
synth_30320,35
synth_30473,35
synth_30390,35
synth_30466,35
synth_30491,35
synth_30621,35
synth_30640,35
synth_30727,35
synth_30434,35
synth_30673,35
synth_30749,35
synth_30343,35
synth_30206,35
synth_30614,35
synth_30622,35
synth_30278,35
synth_30663,35
synth_30285,35
synth_30676,35
synth_30797,35
synth_30569,35
synth_30462,35
synth_30510,35
synth_30683,35
synth_30496,35
synth_30623,35
synth_30275,35
synth_30409,35
synth_30544,35
synth_30330,35
synth_30413,35
synth_30358,35
synth_30704,35
synth_30511,35
synth_30713,35
synth_30734,35
synth_30747,35
synth_30839,35
synth_30581,35
synth_30655,35
synth_30750,35
synth_30824,35
synth_30373,35
synth_30404,35
synth_30437,35
synth_30187,35
synth_30200,35
synth_30314,35
synth_30777,35
synth_30302,35
synth_30465,35
synth_30798,35
synth_30833,35
synth_30263,35
synth_30550,35
synth_30156,35
synth_30162,35
synth_30384,35
synth_30428,35
synth_30436,35
synth_30448,35
synth_30284,35
synth_30420,35
synth_30542,35
synth_30218,35
synth_30472,35
synth_30558,35
synth_30221,35
synth_30117,35
synth_30259,35
synth_30401,35
synth_30124,35
synth_30546,35
synth_30225,35
synth_30746,35
synth_30247,35
synth_30195,35
synth_30453,35
synth_30478,35
synth_30208,35
synth_30724,35
synth_30589,35
synth_30812,35
synth_30692,35
synth_30279,35
synth_30433,35
synth_30767,35
synth_30710,35
synth_30721,35
synth_30760,35
synth_30228,35
synth_30408,35
synth_30422,35
synth_30521,35
synth_30609,35
synth_30611,35
synth_30560,35
synth_30189,35
synth_30442,35
synth_30627,35
synth_30723,35
synth_30594,35
synth_30280,35
synth_30261,35
synth_30494,35
synth_30648,35
synth_30731,35
synth_30277,35
synth_30165,35
synth_30381,35
synth_30490,35
synth_30602,35
synth_30138,35
synth_30575,35
synth_30732,35
synth_30813,35
synth_30536,35
synth_30688,35
synth_30837,35
synth_30471,35
synth_30209,35
synth_30685,35
synth_30693,35
synth_30775,35
synth_30400,35
synth_30480,35
synth_30711,35
synth_30430,35
synth_30529,35
synth_30691,35
synth_30128,35
synth_30309,35
synth_30686,35
synth_30416,35
synth_30495,35
synth_30498,35
synth_30568,35
synth_30665,35
synth_30784,35
synth_30354,35
synth_30554,35
synth_30116,35
synth_30315,35
synth_30368,35
synth_30139,35
synth_30362,35
synth_30449,35
synth_30460,35
synth_30677,35
synth_30500,35
synth_30528,35
synth_30735,35
synth_30236,35
synth_30244,35
synth_30258,35
synth_30657,35
synth_30375,35
synth_30425,35
synth_30697,35
synth_30477,35
synth_30537,35
synth_30610,35
synth_30715,35
synth_30579,35
synth_30488,35
synth_30171,35
synth_30432,35
synth_30625,35
synth_30295,35
synth_30339,35
synth_30590,35
synth_30595,35
synth_30304,35
synth_30520,35
synth_30395,35
synth_30718,35
synth_30147,35
synth_30299,35
synth_30639,35
synth_30271,35
synth_30307,35
synth_30679,35
synth_30772,35
synth_30217,35
synth_30303,35
synth_30411,35
synth_30606,35
synth_30793,35
synth_30286,35
synth_30600,35
synth_30591,35
synth_30177,35
synth_30296,35
synth_30617,35
synth_30185,35
synth_30393,35
synth_30828,35
synth_30444,35
synth_30838,35
synth_30588,35
synth_30231,35
synth_30234,35
synth_30340,35
synth_30535,35
synth_30748,35
synth_30429,35
synth_30566,35
synth_30702,35
synth_30580,35
synth_30182,35
synth_30226,35
synth_30355,35
synth_30457,35
synth_30547,35
synth_30806,35
synth_30265,35
synth_30387,35
synth_30398,35
synth_30399,35
synth_30519,35
synth_30618,35
synth_30714,35
synth_30781,35
synth_30807,35
synth_30235,35
synth_30216,35
synth_30282,35
synth_30232,35
synth_30587,35
synth_30126,35
synth_30458,35
synth_30712,35
synth_30768,35
synth_30190,35
synth_30527,35
synth_30672,35
synth_30822,35
synth_30386,35
synth_30559,35
synth_30700,35
synth_30311,35
synth_30456,35
synth_30396,35
synth_30145,35
synth_30267,35
synth_30720,35
synth_30644,35
synth_30661,35
synth_30194,35
synth_30631,35
synth_30346,35
synth_30406,35
synth_30159,35
synth_30534,35
synth_30820,35
synth_30485,35
synth_30584,35
synth_30719,35
synth_30376,35
synth_30744,35
synth_30758,35
synth_30446,35
synth_30455,35
synth_30647,35
synth_30698,35
synth_30130,35
synth_30531,35
synth_30759,35
synth_30782,35
synth_30140,35
synth_30149,35
synth_30240,35
synth_30779,35
synth_30397,35
synth_30538,35
synth_30646,35
synth_30675,35
synth_30725,35
synth_30222,35
synth_30191,35
synth_30197,35
synth_30173,35
synth_30214,35
synth_30274,35
synth_30801,35
synth_30830,35
synth_30504,35
synth_30582,35
synth_30323,35
synth_30836,35
synth_30249,35
synth_30791,35
synth_30120,35
synth_30129,35
synth_30155,35
synth_30424,35
synth_30188,35
synth_30464,35
synth_30308,35
synth_30380,35
synth_30681,35
synth_30184,35
synth_30243,35
synth_30565,35
synth_30707,35
synth_30825,35
synth_30593,35
synth_30530,35
synth_30730,35
synth_30682,35
synth_30392,35
synth_30445,35
synth_30555,35
synth_30526,35
synth_30359,35
synth_30167,35
synth_30252,35
synth_30637,35
synth_30357,35
synth_30506,35
synth_30645,35
synth_30262,35
synth_30583,35
synth_30207,35
synth_30741,35
synth_30567,35
synth_30289,35
synth_30410,35
synth_30474,35
synth_30802,35
synth_30835,35
synth_30352,35
synth_30563,35
synth_30137,35
synth_30484,35
synth_30160,35
synth_30203,35
synth_30441,35
synth_30454,35
synth_30170,35
synth_30370,35
synth_30402,35
synth_30169,35
synth_30752,35
synth_30716,35
synth_30619,35
synth_30709,35
synth_30743,35
synth_30754,35
synth_30826,35
synth_30831,35
synth_30438,35
synth_30660,35
synth_30291,35
synth_30778,35
synth_30427,35
synth_30577,35
synth_30604,35
synth_30344,35
synth_30701,35
synth_30127,35
synth_30690,35
synth_30815,35
synth_30541,35
synth_30210,35
synth_30570,35
synth_30615,35
synth_30417,35
synth_30172,35
synth_30756,35
synth_30771,35
synth_30319,35
synth_30662,35
synth_30814,35
synth_30135,35
synth_30242,35
synth_30507,35
synth_30774,35
synth_30789,35
synth_30347,35
synth_30385,35
synth_30202,35
synth_30378,35
synth_30722,35
synth_30745,35
synth_30476,35
synth_30383,35
synth_30738,35
synth_30423,35
synth_30794,35
synth_30199,35
synth_30562,35
synth_30658,35
synth_30201,35
synth_30516,35
synth_30773,35
synth_30141,35
synth_30223,35
synth_30257,35
synth_30597,35
synth_30616,35
synth_30729,35
synth_30268,35
synth_30294,35
synth_30668,35
synth_30695,35
synth_30407,35
synth_30489,35
synth_30761,35
synth_30166,35
synth_30179,35
synth_30421,35
synth_30419,35
synth_30270,35
synth_30607,35
synth_30626,35
synth_30150,35
synth_30168,35
synth_30219,35
synth_30322,35
synth_30450,35
synth_30132,35
synth_30335,35
synth_30699,35
synth_30834,35
synth_30342,35
synth_30596,35
synth_30751,35
synth_30785,35
synth_30742,35
synth_30227,35
synth_30241,35
synth_30818,35
synth_30790,35
synth_30452,35
synth_30272,35
synth_30382,35
synth_30298,35
synth_30762,35
synth_30766,35
synth_30770,35
synth_30251,35
synth_30523,35
synth_30176,35
synth_30300,35
synth_30671,35
synth_30576,35
synth_30152,35
synth_30317,35
synth_30328,35
synth_30338,35
synth_30823,35
synth_30157,35
synth_30287,35
synth_30705,35
synth_30306,35
synth_30377,35
synth_30459,35
synth_30635,35
synth_30821,35
synth_30174,35
synth_30205,35
synth_30292,35
synth_30365,35
synth_30414,35
synth_30632,35
synth_30810,35
synth_30134,35
synth_30336,35
synth_30667,35
synth_30198,35
synth_30245,35
synth_30369,35
synth_30680,35
synth_30703,35
synth_30391,35
synth_30508,35
synth_30514,35
synth_30305,35
synth_30674,35
synth_30486,35
synth_30334,35
synth_30783,35
synth_30804,35
synth_31331,34
synth_30869,34
synth_30903,34
synth_30943,34
synth_31445,34
synth_30932,34
synth_31032,34
synth_31514,34
synth_31279,34
synth_31207,34
synth_31333,34
synth_31340,34
synth_31349,34
synth_31146,34
synth_31256,34
synth_31538,34
synth_31145,34
synth_30926,34
synth_31025,34
synth_31205,34
synth_31370,34
synth_31560,34
synth_31288,34
synth_31283,34
synth_31124,34
synth_31482,34
synth_30945,34
synth_31004,34
synth_30942,34
synth_30972,34
synth_31437,34
synth_30895,34
synth_31127,34
synth_31404,34
synth_30898,34
synth_31034,34
synth_31057,34
synth_31187,34
synth_30902,34
synth_30937,34
synth_31327,34
synth_31456,34
synth_31102,34
synth_31176,34
synth_31519,34
synth_31571,34
synth_31143,34
synth_31413,34
synth_31603,34
synth_31111,34
synth_31199,34
synth_30983,34
synth_31072,34
synth_31332,34
synth_31508,34
synth_31255,34
synth_31403,34
synth_31460,34
synth_30974,34
synth_31506,34
synth_31110,34
synth_31169,34
synth_31275,34
synth_31462,34
synth_31338,34
synth_31574,34
synth_31586,34
synth_31400,34
synth_30935,34
synth_31010,34
synth_31011,34
synth_31379,34
synth_31436,34
synth_30847,34
synth_31191,34
synth_31311,34
synth_31346,34
synth_31511,34
synth_30871,34
synth_31527,34
synth_31549,34
synth_30995,34
synth_31125,34
synth_31259,34
synth_30960,34
synth_31062,34
synth_31383,34
synth_31277,34
synth_31058,34
synth_31183,34
synth_31242,34
synth_30918,34
synth_31454,34
synth_30846,34
synth_30893,34
synth_31006,34
synth_31201,34
synth_31280,34
synth_31394,34
synth_31409,34
synth_31545,34
synth_31587,34
synth_30872,34
synth_31236,34
synth_30947,34
synth_31069,34
synth_31130,34
synth_31170,34
synth_31335,34
synth_31380,34
synth_31137,34
synth_31248,34
synth_31497,34
synth_30966,34
synth_31080,34
synth_31087,34
synth_31179,34
synth_31421,34
synth_31487,34
synth_30967,34
synth_31002,34
synth_31031,34
synth_31555,34
synth_30981,34
synth_31459,34
synth_31071,34
synth_31075,34
synth_31163,34
synth_31081,34
synth_31264,34
synth_31491,34
synth_31455,34
synth_31526,34
synth_31500,34
synth_31559,34
synth_31357,34
synth_31026,34
synth_31469,34
synth_31509,34
synth_31247,34
synth_31478,34
synth_31254,34
synth_31600,34
synth_30923,34
synth_30977,34
synth_30985,34
synth_31030,34
synth_31061,34
synth_31171,34
synth_31134,34
synth_31328,34
synth_30916,34
synth_31430,34
synth_31467,34
synth_30970,34
synth_30955,34
synth_31512,34
synth_31493,34
synth_30946,34
synth_31085,34
synth_31240,34
synth_31270,34
synth_31314,34
synth_31252,34
synth_30857,34
synth_31558,34
synth_30982,34
synth_31439,34
synth_30954,34
synth_30988,34
synth_31215,34
synth_31077,34
synth_30859,34
synth_30860,34
synth_31066,34
synth_31108,34
synth_31330,34
synth_30848,34
synth_31488,34
synth_31291,34
synth_31577,34
synth_31155,34
synth_31476,34
synth_30850,34
synth_30915,34
synth_30961,34
synth_31090,34
synth_31092,34
synth_31114,34
synth_31132,34
synth_31372,34
synth_31513,34
synth_31308,34
synth_31496,34
synth_30989,34
synth_31244,34
synth_31451,34
synth_30971,34
synth_31423,34
synth_30933,34
synth_31105,34
synth_31174,34
synth_31208,34
synth_31354,34
synth_31262,34
synth_31546,34
synth_31553,34
synth_31158,34
synth_31159,34
synth_31457,34
synth_30854,34
synth_30976,34
synth_31009,34
synth_31216,34
synth_31429,34
synth_31238,34
synth_31532,34
synth_30855,34
synth_31097,34
synth_31122,34
synth_31569,34
synth_31086,34
synth_31150,34
synth_31592,34
synth_31157,34
synth_31273,34
synth_30899,34
synth_31507,34
synth_31358,34
synth_31501,34
synth_31579,34
synth_31083,34
synth_31106,34
synth_31241,34
synth_31392,34
synth_31522,34
synth_31424,34
synth_31461,34
synth_30965,34
synth_31504,34
synth_31557,34
synth_31474,34
synth_31232,34
synth_31306,34
synth_31342,34
synth_30994,34
synth_31064,34
synth_31177,34
synth_31019,34
synth_31580,34
synth_31452,34
synth_31101,34
synth_31198,34
synth_31521,34
synth_31562,34
synth_31272,34
synth_31351,34
synth_31078,34
synth_31312,34
synth_31115,34
synth_31516,34
synth_31470,34
synth_31088,34
synth_31573,34
synth_31365,34
synth_31113,34
synth_31218,34
synth_31138,34
synth_31156,34
synth_31465,34
synth_31498,34
synth_30979,34
synth_31014,34
synth_31178,34
synth_30863,34
synth_31515,34
synth_31567,34
synth_31602,34
synth_31265,34
synth_30929,34
synth_31074,34
synth_31104,34
synth_31463,34
synth_31492,34
synth_31065,34
synth_31386,34
synth_31405,34
synth_31406,34
synth_31360,34
synth_31443,34
synth_30882,34
synth_31348,34
synth_31582,34
synth_30911,34
synth_30912,34
synth_31536,34
synth_30849,34
synth_30881,34
synth_30891,34
synth_31228,34
synth_31540,34
synth_31151,34
synth_31185,34
synth_31286,34
synth_31296,34
synth_31539,34
synth_31353,34
synth_30853,34
synth_30921,34
synth_31154,34
synth_31601,34
synth_31391,34
synth_31535,34
synth_31136,34
synth_31084,34
synth_31121,34
synth_31140,34
synth_31227,34
synth_30953,34
synth_31020,34
synth_31518,34
synth_31550,34
synth_31235,34
synth_31023,34
synth_31598,34
synth_31194,34
synth_30980,34
synth_31425,34
synth_31604,34
synth_30843,34
synth_31565,34
synth_31109,34
synth_31022,34
synth_31144,34
synth_30959,34
synth_31027,34
synth_31253,34
synth_31599,34
synth_31043,34
synth_31047,34
synth_31103,34
synth_31583,34
synth_30867,34
synth_31287,34
synth_31418,34
synth_30922,34
synth_31141,34
synth_31195,34
synth_31211,34
synth_31245,34
synth_31499,34
synth_31142,34
synth_31225,34
synth_31000,34
synth_31224,34
synth_31073,34
synth_31596,34
synth_31117,34
synth_31189,34
synth_31584,34
synth_31012,34
synth_31341,34
synth_31375,34
synth_31068,34
synth_31293,34
synth_31153,34
synth_30908,34
synth_31575,34
synth_31366,34
synth_31123,34
synth_31188,34
synth_31593,34
synth_30861,34
synth_30914,34
synth_31325,34
synth_31258,34
synth_30894,34
synth_31196,34
synth_31214,34
synth_31292,34
synth_31381,34
synth_31407,34
synth_31581,34
synth_31182,34
synth_31076,34
synth_31175,34
synth_31388,34
synth_31384,34
synth_31594,34
synth_30865,34
synth_31059,34
synth_31091,34
synth_31566,34
synth_31378,34
synth_30949,34
synth_31165,34
synth_31220,34
synth_30875,34
synth_30990,34
synth_31209,34
synth_31226,34
synth_30880,34
synth_30963,34
synth_31051,34
synth_31095,34
synth_31302,34
synth_31385,34
synth_31395,34
synth_31135,34
synth_31257,34
synth_31363,34
synth_31015,34
synth_31037,34
synth_31162,34
synth_31251,34
synth_31284,34
synth_31323,34
synth_31591,34
synth_31431,34
synth_30969,34
synth_31585,34
synth_31530,34
synth_30992,34
synth_31147,34
synth_30840,34
synth_31393,34
synth_31329,34
synth_30864,34
synth_30957,34
synth_31028,34
synth_31107,34
synth_31118,34
synth_31300,34
synth_31588,34
synth_31213,34
synth_31468,34
synth_31477,34
synth_31525,34
synth_30866,34
synth_31528,34
synth_31529,34
synth_31039,34
synth_31060,34
synth_31303,34
synth_31313,34
synth_30868,34
synth_31494,34
synth_31373,34
synth_31221,34
synth_31417,34
synth_30841,34
synth_31167,34
synth_31475,34
synth_31495,34
synth_31541,34
synth_31343,34
synth_31440,34
synth_31152,34
synth_31164,34
synth_31200,34
synth_31568,34
synth_31129,34
synth_31268,34
synth_31419,34
synth_31449,34
synth_31035,34
synth_31458,34
synth_30997,34
synth_31001,34
synth_30873,34
synth_31533,34
synth_30920,34
synth_31450,34
synth_30940,34
synth_31133,34
synth_31237,34
synth_31444,34
synth_31271,34
synth_30984,34
synth_31401,34
synth_31190,34
synth_31309,34
synth_31433,34
synth_31473,34
synth_30885,34
synth_30993,34
synth_31510,34
synth_31149,34
synth_31276,34
synth_31542,34
synth_30996,34
synth_31094,34
synth_31186,34
synth_31578,34
synth_31210,34
synth_31282,34
synth_31371,34
synth_30845,34
synth_30876,34
synth_30892,34
synth_30948,34
synth_31005,34
synth_31024,34
synth_31219,34
synth_31261,34
synth_31049,34
synth_31119,34
synth_31322,34
synth_31544,34
synth_30874,34
synth_31453,34
synth_31484,34
synth_31524,34
synth_30896,34
synth_30907,34
synth_31166,34
synth_30910,34
synth_30978,34
synth_31041,34
synth_31368,34
synth_30852,34
synth_31050,34
synth_31374,34
synth_31448,34
synth_31269,34
synth_30877,34
synth_31048,34
synth_30931,34
synth_31246,34
synth_31278,34
synth_30991,34
synth_31100,34
synth_31315,34
synth_31367,34
synth_31432,34
synth_31376,34
synth_31505,34
synth_31361,34
synth_31435,34
synth_31116,34
synth_31576,34
synth_31479,34
synth_31231,34
synth_30939,34
synth_31274,34
synth_31038,34
synth_31063,34
synth_31112,34
synth_31161,34
synth_31217,34
synth_31411,34
synth_31099,34
synth_31168,34
synth_31334,34
synth_31428,34
synth_31547,34
synth_31359,34
synth_31442,34
synth_30890,34
synth_31013,34
synth_31089,34
synth_31298,34
synth_31337,34
synth_31563,34
synth_31531,34
synth_30968,34
synth_31021,34
synth_31203,34
synth_31382,34
synth_31319,34
synth_30851,34
synth_30930,34
synth_30975,34
synth_31290,34
synth_30936,34
synth_31044,34
synth_31131,34
synth_31297,34
synth_31414,34
synth_31490,34
synth_31249,34
synth_31387,34
synth_31480,34
synth_31053,34
synth_31590,34
synth_31239,34
synth_31307,34
synth_30917,34
synth_30925,34
synth_31067,34
synth_30879,34
synth_31040,34
synth_31310,34
synth_31402,34
synth_31033,34
synth_31192,34
synth_31517,34
synth_31318,34
synth_31007,34
synth_31233,34
synth_31321,34
synth_30938,34
synth_31326,34
synth_31464,34
synth_30909,34
synth_31362,34
synth_31046,34
synth_31347,34
synth_31589,34
synth_30842,34
synth_31389,34
synth_31029,34
synth_31304,34
synth_30901,34
synth_31148,34
synth_31412,34
synth_30964,34
synth_31054,34
synth_31223,34
synth_31410,34
synth_30952,34
synth_31446,34
synth_31523,34
synth_31336,34
synth_31364,34
synth_30858,34
synth_30889,34
synth_30897,34
synth_30886,34
synth_30905,34
synth_30951,34
synth_31281,34
synth_30862,34
synth_30962,34
synth_31396,34
synth_31397,34
synth_31316,34
synth_31481,34
synth_31399,34
synth_31408,34
synth_31017,34
synth_31229,34
synth_31301,34
synth_31502,34
synth_31438,34
synth_31543,34
synth_31597,34
synth_31243,34
synth_31503,34
synth_30927,34
synth_31008,34
synth_31320,34
synth_31427,34
synth_30941,34
synth_31350,34
synth_31369,34
synth_31485,34
synth_31193,34
synth_30956,34
synth_31036,34
synth_31045,34
synth_31056,34
synth_31299,34
synth_30944,34
synth_31422,34
synth_31441,34
synth_31267,34
synth_31294,34
synth_31561,34
synth_31572,34
synth_30888,34
synth_30934,34
synth_31250,34
synth_31173,34
synth_31234,34
synth_31263,34
synth_31426,34
synth_31548,34
synth_31595,34
synth_31160,34
synth_31126,34
synth_31139,34
synth_30906,34
synth_30950,34
synth_30973,34
synth_31317,34
synth_30887,34
synth_30904,34
synth_31222,34
synth_31230,34
synth_31556,34
synth_30878,34
synth_30986,34
synth_31398,34
synth_31082,34
synth_31305,34
synth_30870,34
synth_31489,34
synth_31055,34
synth_31537,34
synth_31472,34
synth_31172,34
synth_31324,34
synth_31377,34
synth_30928,34
synth_30958,34
synth_31212,34
synth_31390,34
synth_31466,34
synth_31551,34
synth_30856,34
synth_31260,34
synth_31352,34
synth_30884,34
synth_31184,34
synth_31197,34
synth_31554,34
synth_31355,34
synth_31202,34
synth_30900,34
synth_31471,34
synth_31345,34
synth_30913,34
synth_31018,34
synth_31570,34
synth_31289,34
synth_31003,34
synth_31070,34
synth_31416,34
synth_30924,34
synth_31016,34
synth_31052,34
synth_31344,34
synth_31415,34
synth_30883,34
synth_31096,34
synth_31098,34
synth_31564,34
synth_31356,34
synth_30998,34
synth_31042,34
synth_31079,34
synth_30987,34
synth_31483,34
synth_31486,34
synth_31093,34
synth_31180,34
synth_30844,34
synth_31204,34
synth_31295,34
synth_31339,34
synth_31266,34
synth_30999,34
synth_31181,34
synth_31552,34
synth_30919,34
synth_31120,34
synth_31285,34
synth_31520,34
synth_31534,34
synth_31128,34
synth_31434,34
synth_31447,34
synth_31206,34
synth_31420,34
synth_32046,33
synth_32075,33
synth_32202,33
synth_32032,33
synth_32081,33
synth_32136,33
synth_31904,33
synth_31994,33
synth_32085,33
synth_32147,33
synth_32209,33
synth_32372,33
synth_31642,33
synth_31825,33
synth_31985,33
synth_32167,33
synth_32322,33
synth_32397,33
synth_31768,33
synth_31946,33
synth_31807,33
synth_32079,33
synth_32132,33
synth_32190,33
synth_31660,33
synth_31822,33
synth_31975,33
synth_31990,33
synth_32121,33
synth_31725,33
synth_32235,33
synth_32313,33
synth_32328,33
synth_32117,33
synth_32168,33
synth_31676,33
synth_32406,33
synth_31731,33
synth_32006,33
synth_32392,33
synth_31893,33
synth_31920,33
synth_31952,33
synth_31953,33
synth_31756,33
synth_32064,33
synth_32247,33
synth_31986,33
synth_32027,33
synth_32269,33
synth_31995,33
synth_31606,33
synth_31621,33
synth_32241,33
synth_31704,33
synth_31750,33
synth_31800,33
synth_32239,33
synth_32256,33
synth_32292,33
synth_31627,33
synth_31783,33
synth_32024,33
synth_31848,33
synth_32188,33
synth_31857,33
synth_31914,33
synth_31947,33
synth_32244,33
synth_32338,33
synth_32352,33
synth_31898,33
synth_31957,33
synth_31720,33
synth_32138,33
synth_31779,33
synth_31843,33
synth_31956,33
synth_31961,33
synth_31623,33
synth_31624,33
synth_32227,33
synth_32334,33
synth_31708,33
synth_31629,33
synth_31824,33
synth_31871,33
synth_31921,33
synth_31619,33
synth_31802,33
synth_32254,33
synth_32289,33
synth_32310,33
synth_32364,33
synth_31864,33
synth_32087,33
synth_31608,33
synth_31620,33
synth_32151,33
synth_32201,33
synth_32206,33
synth_32278,33
synth_32280,33
synth_32308,33
synth_32319,33
synth_31618,33
synth_32153,33
synth_31834,33
synth_31771,33
synth_31796,33
synth_31803,33
synth_32157,33
synth_32242,33
synth_32389,33
synth_31727,33
synth_31816,33
synth_32282,33
synth_31861,33
synth_32099,33
synth_32279,33
synth_32342,33
synth_32394,33
synth_31654,33
synth_31681,33
synth_31844,33
synth_31964,33
synth_31999,33
synth_32363,33
synth_31840,33
synth_32007,33
synth_32140,33
synth_32359,33
synth_31671,33
synth_31837,33
synth_31701,33
synth_31777,33
synth_31974,33
synth_32268,33
synth_32378,33
synth_32379,33
synth_31826,33
synth_32112,33
synth_32324,33
synth_31924,33
synth_31856,33
synth_31988,33
synth_31609,33
synth_31879,33
synth_32376,33
synth_31664,33
synth_32110,33
synth_32107,33
synth_32260,33
synth_31709,33
synth_31775,33
synth_32161,33
synth_32381,33
synth_31900,33
synth_31954,33
synth_31770,33
synth_32023,33
synth_32396,33
synth_31863,33
synth_32105,33
synth_31785,33
synth_31880,33
synth_31938,33
synth_31983,33
synth_32098,33
synth_32208,33
synth_31810,33
synth_31930,33
synth_31932,33
synth_31980,33
synth_32082,33
synth_32305,33
synth_32345,33
synth_31887,33
synth_31905,33
synth_31688,33
synth_31989,33
synth_32038,33
synth_32333,33
synth_31625,33
synth_31687,33
synth_31781,33
synth_32065,33
synth_32221,33
synth_32253,33
synth_31811,33
synth_31828,33
synth_32294,33
synth_32369,33
synth_32385,33
synth_32124,33
synth_31689,33
synth_32022,33
synth_32332,33
synth_32387,33
synth_32404,33
synth_31782,33
synth_32045,33
synth_32270,33
synth_31917,33
synth_32215,33
synth_32220,33
synth_31685,33
synth_31814,33
synth_31854,33
synth_32118,33
synth_32341,33
synth_31925,33
synth_31806,33
synth_32329,33
synth_32358,33
synth_31968,33
synth_32361,33
synth_31836,33
synth_31944,33
synth_32020,33
synth_32255,33
synth_31899,33
synth_32031,33
synth_32146,33
synth_32210,33
synth_31774,33
synth_31652,33
synth_31911,33
synth_31972,33
synth_32019,33
synth_31607,33
synth_32219,33
synth_32128,33
synth_32166,33
synth_32180,33
synth_32258,33
synth_32365,33
synth_31973,33
synth_32076,33
synth_32326,33
synth_31830,33
synth_32125,33
synth_32407,33
synth_32009,33
synth_32302,33
synth_31883,33
synth_31992,33
synth_32115,33
synth_32200,33
synth_32228,33
synth_32267,33
synth_31678,33
synth_31784,33
synth_32000,33
synth_32216,33
synth_31852,33
synth_31622,33
synth_32108,33
synth_32377,33
synth_31841,33
synth_31611,33
synth_32041,33
synth_31902,33
synth_32034,33
synth_32039,33
synth_31915,33
synth_31788,33
synth_32354,33
synth_31705,33
synth_32231,33
synth_31637,33
synth_31692,33
synth_32284,33
synth_31978,33
synth_31615,33
synth_31638,33
synth_32026,33
synth_32130,33
synth_31628,33
synth_31748,33
synth_31786,33
synth_32390,33
synth_31632,33
synth_31668,33
synth_31719,33
synth_31736,33
synth_31797,33
synth_32056,33
synth_32233,33
synth_31649,33
synth_32230,33
synth_31950,33
synth_31971,33
synth_31735,33
synth_31969,33
synth_32291,33
synth_31821,33
synth_32172,33
synth_32265,33
synth_31847,33
synth_31941,33
synth_31959,33
synth_31997,33
synth_32175,33
synth_32186,33
synth_31717,33
synth_31780,33
synth_31895,33
synth_32120,33
synth_32059,33
synth_31683,33
synth_31813,33
synth_32197,33
synth_31711,33
synth_31882,33
synth_31955,33
synth_31747,33
synth_31753,33
synth_31819,33
synth_32037,33
synth_32317,33
synth_32411,33
synth_31759,33
synth_32067,33
synth_32357,33
synth_32048,33
synth_32402,33
synth_31820,33
synth_31846,33
synth_31616,33
synth_32021,33
synth_32086,33
synth_32113,33
synth_32163,33
synth_32212,33
synth_31851,33
synth_32096,33
synth_32337,33
synth_32353,33
synth_32386,33
synth_32399,33
synth_31645,33
synth_32198,33
synth_31835,33
synth_31923,33
synth_31967,33
synth_31651,33
synth_32012,33
synth_31646,33
synth_31737,33
synth_32010,33
synth_32360,33
synth_32199,33
synth_32409,33
synth_31838,33
synth_32275,33
synth_32331,33
synth_31630,33
synth_31633,33
synth_31739,33
synth_31751,33
synth_32144,33
synth_32339,33
synth_32351,33
synth_31718,33
synth_31793,33
synth_31809,33
synth_32205,33
synth_31672,33
synth_31845,33
synth_32164,33
synth_32311,33
synth_31865,33
synth_31888,33
synth_31970,33
synth_31663,33
synth_31754,33
synth_32229,33
synth_31702,33
synth_31890,33
synth_31647,33
synth_32133,33
synth_31897,33
synth_31694,33
synth_32300,33
synth_31707,33
synth_31870,33
synth_31922,33
synth_31965,33
synth_32403,33
synth_31697,33
synth_32410,33
synth_32245,33
synth_32173,33
synth_32035,33
synth_32232,33
synth_32276,33
synth_31743,33
synth_32142,33
synth_31801,33
synth_32395,33
synth_31827,33
synth_31721,33
synth_31789,33
synth_31791,33
synth_32119,33
synth_32154,33
synth_31680,33
synth_32008,33
synth_32141,33
synth_32383,33
synth_31631,33
synth_31817,33
synth_31889,33
synth_32072,33
synth_32158,33
synth_31662,33
synth_32176,33
synth_31795,33
synth_32321,33
synth_32327,33
synth_31962,33
synth_32111,33
synth_31839,33
synth_31832,33
synth_31792,33
synth_32043,33
synth_32214,33
synth_31872,33
synth_32189,33
synth_31648,33
synth_32042,33
synth_32055,33
synth_32177,33
synth_32408,33
synth_32060,33
synth_32090,33
synth_32316,33
synth_31684,33
synth_31884,33
synth_31960,33
synth_32182,33
synth_32263,33
synth_31896,33
synth_31940,33
synth_32226,33
synth_32237,33
synth_31640,33
synth_32171,33
synth_32350,33
synth_31741,33
synth_31703,33
synth_31958,33
synth_32028,33
synth_32192,33
synth_32145,33
synth_32238,33
synth_31776,33
synth_31881,33
synth_31910,33
synth_31998,33
synth_32029,33
synth_32187,33
synth_31862,33
synth_31993,33
synth_32093,33
synth_32152,33
synth_32371,33
synth_31799,33
synth_32109,33
synth_32143,33
synth_31766,33
synth_31934,33
synth_31634,33
synth_32306,33
synth_32016,33
synth_32025,33
synth_32286,33
synth_32299,33
synth_31855,33
synth_31860,33
synth_31874,33
synth_32194,33
synth_31612,33
synth_31730,33
synth_32053,33
synth_31875,33
synth_31913,33
synth_31966,33
synth_32155,33
synth_32277,33
synth_32298,33
synth_31804,33
synth_31869,33
synth_32122,33
synth_31760,33
synth_31787,33
synth_32057,33
synth_32134,33
synth_31868,33
synth_31732,33
synth_31740,33
synth_31746,33
synth_31765,33
synth_31653,33
synth_31849,33
synth_31908,33
synth_32100,33
synth_31729,33
synth_31752,33
synth_32095,33
synth_32139,33
synth_32204,33
synth_32271,33
synth_31912,33
synth_32412,33
synth_32273,33
synth_31659,33
synth_32196,33
synth_31831,33
synth_31935,33
synth_31982,33
synth_31818,33
synth_32044,33
synth_32135,33
synth_32222,33
synth_32370,33
synth_31661,33
synth_31675,33
synth_31991,33
synth_32184,33
synth_32401,33
synth_31734,33
synth_32077,33
synth_32325,33
synth_32336,33
synth_32346,33
synth_32349,33
synth_31906,33
synth_31738,33
synth_32078,33
synth_31877,33
synth_32073,33
synth_31728,33
synth_31755,33
synth_32030,33
synth_32149,33
synth_32162,33
synth_31626,33
synth_31722,33
synth_31749,33
synth_31951,33
synth_31639,33
synth_31742,33
synth_31929,33
synth_32083,33
synth_32320,33
synth_31712,33
synth_32374,33
synth_32380,33
synth_32391,33
synth_31763,33
synth_32296,33
synth_31677,33
synth_32106,33
synth_31691,33
synth_32001,33
synth_32071,33
synth_32084,33
synth_32179,33
synth_32002,33
synth_32344,33
synth_32116,33
synth_32203,33
synth_32285,33
synth_32318,33
synth_32384,33
synth_31644,33
synth_31892,33
synth_31733,33
synth_31939,33
synth_31605,33
synth_31987,33
synth_32400,33
synth_32014,33
synth_31858,33
synth_31943,33
synth_32207,33
synth_32264,33
synth_32323,33
synth_31931,33
synth_32266,33
synth_32347,33
synth_32398,33
synth_32089,33
synth_31614,33
synth_31693,33
synth_31715,33
synth_32094,33
synth_32249,33
synth_32252,33
synth_32003,33
synth_32091,33
synth_31710,33
synth_32181,33
synth_31610,33
synth_32033,33
synth_32218,33
synth_32290,33
synth_32297,33
synth_31829,33
synth_31714,33
synth_32366,33
synth_31901,33
synth_31798,33
synth_32303,33
synth_32362,33
synth_32368,33
synth_31744,33
synth_31790,33
synth_32005,33
synth_32348,33
synth_31769,33
synth_31936,33
synth_31745,33
synth_32070,33
synth_32097,33
synth_32129,33
synth_32335,33
synth_31977,33
synth_31996,33
synth_32069,33
synth_32343,33
synth_31650,33
synth_31713,33
synth_31918,33
synth_32114,33
synth_32165,33
synth_31778,33
synth_31859,33
synth_31919,33
synth_31928,33
synth_31669,33
synth_31670,33
synth_32388,33
synth_31945,33
synth_32413,33
synth_31716,33
synth_31909,33
synth_32013,33
synth_32051,33
synth_32054,33
synth_32261,33
synth_31655,33
synth_32288,33
synth_31658,33
synth_31815,33
synth_32036,33
synth_32223,33
synth_32102,33
synth_32183,33
synth_31699,33
synth_32092,33
synth_32131,33
synth_32293,33
synth_31772,33
synth_32017,33
synth_32148,33
synth_31657,33
synth_31674,33
synth_31903,33
synth_32178,33
synth_32356,33
synth_31767,33
synth_31794,33
synth_32225,33
synth_32309,33
synth_31850,33
synth_32174,33
synth_31696,33
synth_31706,33
synth_32193,33
synth_31613,33
synth_32262,33
synth_31700,33
synth_31949,33
synth_32312,33
synth_31885,33
synth_32088,33
synth_32101,33
synth_32281,33
synth_32355,33
synth_31823,33
synth_31876,33
synth_31891,33
synth_32367,33
synth_31665,33
synth_31948,33
synth_32063,33
synth_32211,33
synth_32248,33
synth_32251,33
synth_32047,33
synth_32049,33
synth_32393,33
synth_32080,33
synth_32234,33
synth_32240,33
synth_31981,33
synth_32382,33
synth_31842,33
synth_31976,33
synth_32015,33
synth_32040,33
synth_32058,33
synth_32213,33
synth_32160,33
synth_31927,33
synth_31933,33
synth_32217,33
synth_31643,33
synth_32259,33
synth_32340,33
synth_31963,33
synth_32103,33
synth_31617,33
synth_31942,33
synth_32004,33
synth_32050,33
synth_32074,33
synth_32156,33
synth_32224,33
synth_31937,33
synth_32195,33
synth_31979,33
synth_32127,33
synth_32169,33
synth_32330,33
synth_31916,33
synth_31926,33
synth_32185,33
synth_32011,33
synth_32052,33
synth_32243,33
synth_32068,33
synth_31723,33
synth_32307,33
synth_31679,33
synth_31762,33
synth_31805,33
synth_32137,33
synth_32315,33
synth_31656,33
synth_31695,33
synth_32250,33
synth_32126,33
synth_31724,33
synth_31764,33
synth_31886,33
synth_31698,33
synth_31757,33
synth_32274,33
synth_32283,33
synth_32304,33
synth_32373,33
synth_31682,33
synth_31667,33
synth_31726,33
synth_32150,33
synth_32246,33
synth_32287,33
synth_32295,33
synth_32159,33
synth_32236,33
synth_32123,33
synth_31636,33
synth_31686,33
synth_32062,33
synth_31673,33
synth_31853,33
synth_31690,33
synth_31666,33
synth_31984,33
synth_31758,33
synth_32375,33
synth_31812,33
synth_32257,33
synth_31894,33
synth_31907,33
synth_32104,33
synth_31761,33
synth_31866,33
synth_31867,33
synth_31873,33
synth_32191,33
synth_31635,33
synth_32061,33
synth_32170,33
synth_32405,33
synth_31808,33
synth_32272,33
synth_32301,33
synth_32314,33
synth_31773,33
synth_31833,33
synth_31878,33
synth_32018,33
synth_32066,33
synth_31641,33
synth_32853,32
synth_32879,32
synth_33218,32
synth_33221,32
synth_33225,32
synth_33258,32
synth_32674,32
synth_32861,32
synth_32799,32
synth_33043,32
synth_33063,32
synth_32452,32
synth_32565,32
synth_32614,32
synth_32942,32
synth_32955,32
synth_32739,32
synth_33049,32
synth_32980,32
synth_32539,32
synth_32915,32
synth_32922,32
synth_33155,32
synth_33156,32
synth_33164,32
synth_32564,32
synth_32650,32
synth_32801,32
synth_33053,32
synth_33201,32
synth_32638,32
synth_32818,32
synth_32830,32
synth_32839,32
synth_32603,32
synth_33094,32
synth_33108,32
synth_32725,32
synth_32793,32
synth_32722,32
synth_32677,32
synth_33065,32
synth_32417,32
synth_32499,32
synth_32627,32
synth_33142,32
synth_32694,32
synth_32584,32
synth_32466,32
synth_32477,32
synth_32461,32
synth_32600,32
synth_32537,32
synth_32756,32
synth_32429,32
synth_32871,32
synth_32556,32
synth_32754,32
synth_32555,32
synth_32619,32
synth_32813,32
synth_32872,32
synth_33020,32
synth_32918,32
synth_33077,32
synth_32648,32
synth_32669,32
synth_32811,32
synth_32690,32
synth_32925,32
synth_33200,32
synth_33210,32
synth_32631,32
synth_32710,32
synth_32730,32
synth_33073,32
synth_33128,32
synth_33159,32
synth_33243,32
synth_32494,32
synth_32999,32
synth_32420,32
synth_32945,32
synth_32534,32
synth_32916,32
synth_33030,32
synth_33068,32
synth_32886,32
synth_32997,32
synth_32715,32
synth_32921,32
synth_33113,32
synth_33190,32
synth_32488,32
synth_32695,32
synth_32905,32
synth_33018,32
synth_33050,32
synth_33203,32
synth_32487,32
synth_32575,32
synth_32902,32
synth_33241,32
synth_32661,32
synth_32896,32
synth_32973,32
synth_32685,32
synth_33261,32
synth_32771,32
synth_32869,32
synth_32613,32
synth_32841,32
synth_32558,32
synth_32573,32
synth_33179,32
synth_32781,32
synth_32970,32
synth_32737,32
synth_33011,32
synth_32448,32
synth_32829,32
synth_32637,32
synth_33002,32
synth_33022,32
synth_33120,32
synth_32885,32
synth_32503,32
synth_32532,32
synth_33115,32
synth_33229,32
synth_33240,32
synth_32887,32
synth_32963,32
synth_32993,32
synth_32773,32
synth_33003,32
synth_33230,32
synth_32621,32
synth_32652,32
synth_32680,32
synth_32903,32
synth_32989,32
synth_32836,32
synth_33124,32
synth_32663,32
synth_32749,32
synth_32863,32
synth_32935,32
synth_33105,32
synth_33169,32
synth_32566,32
synth_32589,32
synth_32828,32
synth_32870,32
synth_32895,32
synth_32604,32
synth_32704,32
synth_32789,32
synth_33145,32
synth_32729,32
synth_33086,32
synth_33242,32
synth_32450,32
synth_32483,32
synth_32531,32
synth_32542,32
synth_32606,32
synth_32857,32
synth_33239,32
synth_32907,32
synth_33045,32
synth_33260,32
synth_32535,32
synth_33121,32
synth_32529,32
synth_32517,32
synth_32597,32
synth_33199,32
synth_32682,32
synth_33060,32
synth_33131,32
synth_33167,32
synth_33235,32
synth_33173,32
synth_32938,32
synth_32917,32
synth_33163,32
synth_33209,32
synth_32553,32
synth_32445,32
synth_33099,32
synth_32495,32
synth_32761,32
synth_32507,32
synth_32592,32
synth_33034,32
synth_33130,32
synth_33194,32
synth_32442,32
synth_33117,32
synth_32434,32
synth_32490,32
synth_32833,32
synth_33147,32
synth_33246,32
synth_32475,32
synth_32586,32
synth_32731,32
synth_32741,32
synth_33039,32
synth_32701,32
synth_32784,32
synth_33057,32
synth_33100,32
synth_33207,32
synth_33219,32
synth_32655,32
synth_32456,32
synth_32509,32
synth_32617,32
synth_32757,32
synth_32762,32
synth_33072,32
synth_33144,32
synth_33183,32
synth_32966,32
synth_32595,32
synth_32868,32
synth_33193,32
synth_32791,32
synth_33005,32
synth_33151,32
synth_32786,32
synth_33166,32
synth_33217,32
synth_32457,32
synth_32782,32
synth_32867,32
synth_33101,32
synth_32697,32
synth_32809,32
synth_32785,32
synth_32847,32
synth_33008,32
synth_32743,32
synth_32806,32
synth_33176,32
synth_33226,32
synth_32768,32
synth_32985,32
synth_32716,32
synth_32724,32
synth_32848,32
synth_32904,32
synth_33095,32
synth_33205,32
synth_32491,32
synth_32522,32
synth_32684,32
synth_32802,32
synth_32536,32
synth_32607,32
synth_33033,32
synth_32978,32
synth_32992,32
synth_32581,32
synth_32582,32
synth_33032,32
synth_33061,32
synth_32620,32
synth_32823,32
synth_32897,32
synth_32783,32
synth_33129,32
synth_32778,32
synth_32512,32
synth_33182,32
synth_32943,32
synth_32502,32
synth_32599,32
synth_32732,32
synth_33096,32
synth_33103,32
synth_33140,32
synth_32967,32
synth_32616,32
synth_32689,32
synth_32948,32
synth_32717,32
synth_32751,32
synth_32774,32
synth_33172,32
synth_32567,32
synth_32611,32
synth_32629,32
synth_32819,32
synth_32909,32
synth_33007,32
synth_33083,32
synth_33165,32
synth_33170,32
synth_32834,32
synth_32900,32
synth_32544,32
synth_33180,32
synth_32449,32
synth_32590,32
synth_32615,32
synth_32960,32
synth_32708,32
synth_32934,32
synth_33051,32
synth_33079,32
synth_33092,32
synth_33192,32
synth_32485,32
synth_32570,32
synth_32958,32
synth_32974,32
synth_32979,32
synth_32533,32
synth_32718,32
synth_33097,32
synth_33125,32
synth_32427,32
synth_32671,32
synth_32850,32
synth_32865,32
synth_32438,32
synth_32712,32
synth_33054,32
synth_32983,32
synth_32911,32
synth_33004,32
synth_33098,32
synth_33141,32
synth_32546,32
synth_32968,32
synth_32579,32
synth_32658,32
synth_32821,32
synth_32622,32
synth_32882,32
synth_32470,32
synth_32489,32
synth_32642,32
synth_32844,32
synth_32501,32
synth_32585,32
synth_33059,32
synth_33257,32
synth_32929,32
synth_32703,32
synth_32414,32
synth_32464,32
synth_32472,32
synth_32831,32
synth_32498,32
synth_32510,32
synth_32479,32
synth_32698,32
synth_32752,32
synth_32845,32
synth_32953,32
synth_33181,32
synth_32561,32
synth_32593,32
synth_32914,32
synth_33029,32
synth_33040,32
synth_32972,32
synth_32557,32
synth_32636,32
synth_33110,32
synth_32632,32
synth_32740,32
synth_32820,32
synth_32961,32
synth_32559,32
synth_32881,32
synth_33160,32
synth_32435,32
synth_32610,32
synth_33074,32
synth_33135,32
synth_32846,32
synth_32982,32
synth_32727,32
synth_33066,32
synth_32421,32
synth_32910,32
synth_32995,32
synth_32623,32
synth_33116,32
synth_33150,32
synth_32653,32
synth_32941,32
synth_32424,32
synth_32736,32
synth_33255,32
synth_32418,32
synth_32511,32
synth_32683,32
synth_32554,32
synth_32626,32
synth_32634,32
synth_32667,32
synth_32711,32
synth_32766,32
synth_32949,32
synth_32772,32
synth_33162,32
synth_33198,32
synth_33214,32
synth_32455,32
synth_32520,32
synth_32775,32
synth_33174,32
synth_32825,32
synth_33023,32
synth_32425,32
synth_32765,32
synth_32843,32
synth_32733,32
synth_32678,32
synth_33227,32
synth_32518,32
synth_32548,32
synth_32568,32
synth_32664,32
synth_32776,32
synth_32779,32
synth_32932,32
synth_32454,32
synth_32838,32
synth_32792,32
synth_33204,32
synth_33250,32
synth_32602,32
synth_32755,32
synth_33012,32
synth_33126,32
synth_33138,32
synth_32476,32
synth_32770,32
synth_32723,32
synth_33220,32
synth_32540,32
synth_32513,32
synth_33111,32
synth_33157,32
synth_33233,32
synth_32668,32
synth_32577,32
synth_32728,32
synth_33016,32
synth_33236,32
synth_32748,32
synth_32500,32
synth_33187,32
synth_32693,32
synth_32721,32
synth_32919,32
synth_32657,32
synth_33000,32
synth_32735,32
synth_32891,32
synth_32923,32
synth_33042,32
synth_33123,32
synth_32797,32
synth_32827,32
synth_32913,32
synth_33037,32
synth_33081,32
synth_32462,32
synth_32977,32
synth_32807,32
synth_32859,32
synth_32437,32
synth_32484,32
synth_32504,32
synth_32884,32
synth_33009,32
synth_33184,32
synth_32525,32
synth_32912,32
synth_32675,32
synth_32746,32
synth_32957,32
synth_32422,32
synth_32482,32
synth_32758,32
synth_32814,32
synth_32873,32
synth_33112,32
synth_33152,32
synth_32526,32
synth_32551,32
synth_32777,32
synth_32939,32
synth_32738,32
synth_33035,32
synth_33168,32
synth_33256,32
synth_32842,32
synth_32975,32
synth_32976,32
synth_32991,32
synth_32705,32
synth_32892,32
synth_33085,32
synth_32467,32
synth_32492,32
synth_32654,32
synth_32676,32
synth_32790,32
synth_32920,32
synth_32478,32
synth_32643,32
synth_32508,32
synth_33056,32
synth_33078,32
synth_32471,32
synth_32423,32
synth_33087,32
synth_32759,32
synth_32969,32
synth_32787,32
synth_33212,32
synth_32901,32
synth_32788,32
synth_33006,32
synth_32672,32
synth_32692,32
synth_32954,32
synth_33216,32
synth_33237,32
synth_32451,32
synth_32608,32
synth_32880,32
synth_32651,32
synth_32514,32
synth_32795,32
synth_32878,32
synth_33251,32
synth_32486,32
synth_32560,32
synth_32665,32
synth_32745,32
synth_32971,32
synth_32598,32
synth_32906,32
synth_32926,32
synth_33114,32
synth_33118,32
synth_33186,32
synth_32805,32
synth_32443,32
synth_32706,32
synth_32497,32
synth_33262,32
synth_32530,32
synth_32601,32
synth_32946,32
synth_32994,32
synth_32856,32
synth_32441,32
synth_32547,32
synth_32964,32
synth_33197,32
synth_33206,32
synth_32990,32
synth_33024,32
synth_33158,32
synth_33178,32
synth_32635,32
synth_32950,32
synth_33001,32
synth_33119,32
synth_32468,32
synth_32549,32
synth_32639,32
synth_32804,32
synth_32930,32
synth_32854,32
synth_33107,32
synth_33134,32
synth_33248,32
synth_32702,32
synth_33249,32
synth_33253,32
synth_33267,32
synth_32447,32
synth_33044,32
synth_33048,32
synth_33148,32
synth_33222,32
synth_32463,32
synth_32496,32
synth_32521,32
synth_32633,32
synth_32753,32
synth_33185,32
synth_32580,32
synth_32822,32
synth_32940,32
synth_32647,32
synth_32769,32
synth_32812,32
synth_32981,32
synth_32594,32
synth_32625,32
synth_33010,32
synth_33071,32
synth_33208,32
synth_32432,32
synth_32460,32
synth_32552,32
synth_32588,32
synth_32959,32
synth_32986,32
synth_32876,32
synth_32430,32
synth_32469,32
synth_32855,32
synth_33146,32
synth_33245,32
synth_32700,32
synth_32944,32
synth_32481,32
synth_32794,32
synth_33252,32
synth_32832,32
synth_33175,32
synth_32446,32
synth_32628,32
synth_32660,32
synth_32714,32
synth_32890,32
synth_33052,32
synth_33154,32
synth_33211,32
synth_32666,32
synth_33139,32
synth_33161,32
synth_33264,32
synth_32473,32
synth_32641,32
synth_32998,32
synth_33069,32
synth_33171,32
synth_33153,32
synth_32687,32
synth_32908,32
synth_33228,32
synth_33263,32
synth_32609,32
synth_33047,32
synth_33062,32
synth_33104,32
synth_32578,32
synth_32815,32
synth_32826,32
synth_32888,32
synth_32852,32
synth_32893,32
synth_33015,32
synth_33089,32
synth_32519,32
synth_32563,32
synth_32764,32
synth_32956,32
synth_32965,32
synth_32849,32
synth_33014,32
synth_33247,32
synth_32618,32
synth_32605,32
synth_33177,32
synth_33238,32
synth_32591,32
synth_32649,32
synth_32780,32
synth_32987,32
synth_33017,32
synth_32864,32
synth_32431,32
synth_32742,32
synth_32796,32
synth_33231,32
synth_32840,32
synth_32851,32
synth_32576,32
synth_32707,32
synth_33232,32
synth_32947,32
synth_32862,32
synth_33027,32
synth_33268,32
synth_32587,32
synth_32803,32
synth_32860,32
synth_32933,32
synth_33143,32
synth_33149,32
synth_32440,32
synth_33109,32
synth_32493,32
synth_32686,32
synth_32527,32
synth_32656,32
synth_32696,32
synth_32523,32
synth_32646,32
synth_32824,32
synth_32439,32
synth_32550,32
synth_32817,32
synth_32988,32
synth_32883,32
synth_33188,32
synth_33189,32
synth_33202,32
synth_33259,32
synth_32571,32
synth_32810,32
synth_32524,32
synth_32713,32
synth_33036,32
synth_33136,32
synth_32673,32
synth_32572,32
synth_32734,32
synth_33084,32
synth_33102,32
synth_33234,32
synth_32474,32
synth_32515,32
synth_33215,32
synth_32459,32
synth_32612,32
synth_32816,32
synth_32899,32
synth_32574,32
synth_33058,32
synth_33254,32
synth_32433,32
synth_32889,32
synth_32952,32
synth_33021,32
synth_33090,32
synth_33093,32
synth_33224,32
synth_32767,32
synth_32984,32
synth_32874,32
synth_32541,32
synth_32688,32
synth_32744,32
synth_32931,32
synth_33025,32
synth_33031,32
synth_33191,32
synth_32670,32
synth_32679,32
synth_32750,32
synth_32837,32
synth_32709,32
synth_33013,32
synth_33080,32
synth_32453,32
synth_32458,32
synth_32726,32
synth_32763,32
synth_32924,32
synth_32927,32
synth_32436,32
synth_32624,32
synth_32699,32
synth_32951,32
synth_32444,32
synth_32545,32
synth_32719,32
synth_32415,32
synth_32528,32
synth_33132,32
synth_33213,32
synth_32516,32
synth_32866,32
synth_32596,32
synth_33055,32
synth_33070,32
synth_33223,32
synth_33266,32
synth_32480,32
synth_33244,32
synth_32562,32
synth_32644,32
synth_32538,32
synth_32691,32
synth_32894,32
synth_33091,32
synth_32416,32
synth_32659,32
synth_32543,32
synth_32858,32
synth_32936,32
synth_33038,32
synth_33195,32
synth_32465,32
synth_32875,32
synth_33041,32
synth_33196,32
synth_32760,32
synth_32898,32
synth_32962,32
synth_33046,32
synth_32428,32
synth_32720,32
synth_32505,32
synth_32506,32
synth_33067,32
synth_33265,32
synth_32426,32
synth_32630,32
synth_32800,32
synth_32808,32
synth_32835,32
synth_33019,32
synth_32877,32
synth_33064,32
synth_33026,32
synth_33075,32
synth_33076,32
synth_32640,32
synth_32569,32
synth_32681,32
synth_33122,32
synth_33133,32
synth_32419,32
synth_32747,32
synth_32798,32
synth_33137,32
synth_33028,32
synth_33106,32
synth_32645,32
synth_32662,32
synth_32583,32
synth_32937,32
synth_33082,32
synth_33088,32
synth_33127,32
synth_32928,32
synth_32996,32
synth_33410,31
synth_33671,31
synth_33783,31
synth_33870,31
synth_33920,31
synth_34009,31
synth_34030,31
synth_33807,31
synth_33897,31
synth_33832,31
synth_33322,31
synth_33653,31
synth_33956,31
synth_33482,31
synth_33724,31
synth_33727,31
synth_33685,31
synth_33909,31
synth_33566,31
synth_33388,31
synth_33534,31
synth_33716,31
synth_33821,31
synth_33520,31
synth_33602,31
synth_33997,31
synth_33270,31
synth_33662,31
synth_33801,31
synth_34114,31
synth_33397,31
synth_33802,31
synth_34046,31
synth_33269,31
synth_33289,31
synth_33380,31
synth_33583,31
synth_34056,31
synth_33434,31
synth_33371,31
synth_33541,31
synth_33426,31
synth_33608,31
synth_33595,31
synth_33789,31
synth_33861,31
synth_33516,31
synth_33569,31
synth_33858,31
synth_33396,31
synth_33424,31
synth_33972,31
synth_33971,31
synth_34002,31
synth_34040,31
synth_33430,31
synth_33470,31
synth_33613,31
synth_33746,31
synth_33817,31
synth_33619,31
synth_34061,31
synth_34068,31
synth_34078,31
synth_33742,31
synth_33862,31
synth_33903,31
synth_33967,31
synth_33628,31
synth_33577,31
synth_33830,31
synth_34023,31
synth_33527,31
synth_33610,31
synth_33679,31
synth_33895,31
synth_33274,31
synth_33306,31
synth_33743,31
synth_33845,31
synth_33404,31
synth_33656,31
synth_33594,31
synth_33777,31
synth_33786,31
synth_34150,31
synth_33519,31
synth_33538,31
synth_33945,31
synth_33299,31
synth_33846,31
synth_33934,31
synth_34007,31
synth_33812,31
synth_33366,31
synth_33894,31
synth_33937,31
synth_33389,31
synth_33697,31
synth_33910,31
synth_33933,31
synth_33994,31
synth_33317,31
synth_33446,31
synth_33367,31
synth_34063,31
synth_33342,31
synth_33295,31
synth_33542,31
synth_33651,31
synth_33863,31
synth_33456,31
synth_33493,31
synth_33544,31
synth_33579,31
synth_33779,31
synth_33297,31
synth_33304,31
synth_33673,31
synth_34084,31
synth_33479,31
synth_33499,31
synth_33500,31
synth_33930,31
synth_33411,31
synth_33412,31
synth_33606,31
synth_33781,31
synth_33887,31
synth_33726,31
synth_33805,31
synth_33494,31
synth_33880,31
synth_34166,31
synth_33318,31
synth_33405,31
synth_33760,31
synth_33770,31
synth_33776,31
synth_34152,31
synth_33331,31
synth_33526,31
synth_33529,31
synth_33761,31
synth_33509,31
synth_33495,31
synth_33864,31
synth_33954,31
synth_34075,31
synth_33522,31
synth_33611,31
synth_33738,31
synth_33393,31
synth_33467,31
synth_33539,31
synth_33717,31
synth_33728,31
synth_33835,31
synth_33782,31
synth_34097,31
synth_33680,31
synth_33665,31
synth_33670,31
synth_33517,31
synth_33592,31
synth_33648,31
synth_33476,31
synth_33477,31
synth_33784,31
synth_34107,31
synth_33341,31
synth_33916,31
synth_34027,31
synth_33485,31
synth_33272,31
synth_33386,31
synth_33825,31
synth_33847,31
synth_34154,31
synth_33637,31
synth_33543,31
synth_33593,31
synth_33720,31
synth_33901,31
synth_33316,31
synth_33464,31
synth_33365,31
synth_33712,31
synth_33882,31
synth_33923,31
synth_34088,31
synth_33330,31
synth_33601,31
synth_33659,31
synth_33312,31
synth_33540,31
synth_33337,31
synth_33344,31
synth_33551,31
synth_33705,31
synth_33718,31
synth_33326,31
synth_33778,31
synth_33986,31
synth_34018,31
synth_34033,31
synth_34034,31
synth_34122,31
synth_33438,31
synth_33346,31
synth_33400,31
synth_33766,31
synth_33907,31
synth_34131,31
synth_34156,31
synth_33654,31
synth_33358,31
synth_33764,31
synth_33788,31
synth_33891,31
synth_33518,31
synth_33548,31
synth_33555,31
synth_33664,31
synth_34151,31
synth_33675,31
synth_33811,31
synth_33965,31
synth_33281,31
synth_33755,31
synth_34003,31
synth_33335,31
synth_33837,31
synth_33401,31
synth_33417,31
synth_33919,31
synth_34065,31
synth_33737,31
synth_33536,31
synth_33573,31
synth_33868,31
synth_34112,31
synth_34135,31
synth_34144,31
synth_34171,31
synth_33336,31
synth_33963,31
synth_33510,31
synth_34141,31
synth_33642,31
synth_34172,31
synth_33939,31
synth_33982,31
synth_33290,31
synth_33959,31
synth_34123,31
synth_34137,31
synth_34168,31
synth_33970,31
synth_33471,31
synth_33490,31
synth_33816,31
synth_33978,31
synth_33900,31
synth_33913,31
synth_33725,31
synth_33839,31
synth_33848,31
synth_33314,31
synth_34167,31
synth_33501,31
synth_33451,31
synth_33769,31
synth_34026,31
synth_34124,31
synth_33640,31
synth_33695,31
synth_33772,31
synth_33921,31
synth_34074,31
synth_34090,31
synth_33433,31
synth_33462,31
synth_33700,31
synth_33941,31
synth_33418,31
synth_33605,31
synth_33692,31
synth_34165,31
synth_33480,31
synth_33984,31
synth_33349,31
synth_33383,31
synth_33735,31
synth_33854,31
synth_34015,31
synth_34047,31
synth_34062,31
synth_33387,31
synth_33513,31
synth_33585,31
synth_33408,31
synth_33785,31
synth_34004,31
synth_33473,31
synth_33506,31
synth_33627,31
synth_33278,31
synth_33343,31
synth_33348,31
synth_34087,31
synth_34095,31
synth_34116,31
synth_34162,31
synth_33319,31
synth_33469,31
synth_33502,31
synth_33828,31
synth_34066,31
synth_33432,31
synth_33545,31
synth_33624,31
synth_33351,31
synth_33762,31
synth_33872,31
synth_33936,31
synth_34008,31
synth_34036,31
synth_33340,31
synth_33394,31
synth_33979,31
synth_33362,31
synth_33535,31
synth_33758,31
synth_33943,31
synth_33962,31
synth_33512,31
synth_34093,31
synth_33926,31
synth_34006,31
synth_33481,31
synth_33546,31
synth_33838,31
synth_33898,31
synth_33773,31
synth_33987,31
synth_34052,31
synth_33444,31
synth_33478,31
synth_33291,31
synth_33414,31
synth_34017,31
synth_33445,31
synth_33447,31
synth_33655,31
synth_33881,31
synth_34012,31
synth_34133,31
synth_33531,31
synth_33751,31
synth_33928,31
synth_33993,31
synth_34028,31
synth_34083,31
synth_33525,31
synth_33567,31
synth_33631,31
synth_33357,31
synth_33853,31
synth_33990,31
synth_33842,31
synth_34014,31
synth_33376,31
synth_33514,31
synth_33719,31
synth_33932,31
synth_33688,31
synth_34058,31
synth_34111,31
synth_33503,31
synth_33323,31
synth_33570,31
synth_33822,31
synth_33423,31
synth_33533,31
synth_34094,31
synth_33749,31
synth_33980,31
synth_33325,31
synth_33530,31
synth_33713,31
synth_33508,31
synth_33475,31
synth_33572,31
synth_33580,31
synth_34140,31
synth_34169,31
synth_33636,31
synth_33385,31
synth_34045,31
synth_33689,31
synth_34120,31
synth_33303,31
synth_33372,31
synth_33698,31
synth_33714,31
synth_33856,31
synth_33287,31
synth_33793,31
synth_34025,31
synth_34126,31
synth_33435,31
synth_33515,31
synth_33630,31
synth_33806,31
synth_33940,31
synth_33399,31
synth_34132,31
synth_33763,31
synth_33429,31
synth_33549,31
synth_33810,31
synth_33280,31
synth_33402,31
synth_33798,31
synth_33912,31
synth_34115,31
synth_33487,31
synth_33321,31
synth_34174,31
synth_33951,31
synth_33368,31
synth_34096,31
synth_33633,31
synth_33938,31
synth_33850,31
synth_34020,31
synth_34072,31
synth_33815,31
synth_33985,31
synth_33989,31
synth_33353,31
synth_33375,31
synth_33395,31
synth_33774,31
synth_33851,31
synth_33285,31
synth_34001,31
synth_34022,31
synth_34051,31
synth_34109,31
synth_33804,31
synth_34128,31
synth_33635,31
synth_33320,31
synth_33723,31
synth_33771,31
synth_33826,31
synth_34170,31
synth_33588,31
synth_33893,31
synth_34011,31
synth_34059,31
synth_33612,31
synth_33809,31
synth_33834,31
synth_33652,31
synth_33377,31
synth_33361,31
synth_33865,31
synth_34080,31
synth_33488,31
synth_33599,31
synth_33683,31
synth_33918,31
synth_33491,31
synth_33364,31
synth_33715,31
synth_34050,31
synth_34108,31
synth_33345,31
synth_33591,31
synth_33734,31
synth_33315,31
synth_33663,31
synth_34021,31
synth_34101,31
synth_34102,31
synth_33455,31
synth_33596,31
synth_33752,31
synth_33884,31
synth_33352,31
synth_33966,31
synth_33669,31
synth_33379,31
synth_33428,31
synth_33296,31
synth_33308,31
synth_33660,31
synth_33392,31
synth_33575,31
synth_33694,31
synth_33731,31
synth_33879,31
synth_33739,31
synth_33292,31
synth_33563,31
synth_33794,31
synth_33441,31
synth_33442,31
synth_33459,31
synth_33621,31
synth_33687,31
synth_33927,31
synth_34105,31
synth_33552,31
synth_33796,31
synth_33833,31
synth_33615,31
synth_33852,31
synth_33905,31
synth_34145,31
synth_33300,31
synth_33369,31
synth_33416,31
synth_33948,31
synth_33489,31
synth_33298,31
synth_33799,31
synth_33876,31
synth_33953,31
synth_34016,31
synth_33436,31
synth_33706,31
synth_33391,31
synth_34035,31
synth_34099,31
synth_33419,31
synth_33559,31
synth_33589,31
synth_33754,31
synth_34060,31
synth_33708,31
synth_33275,31
synth_33403,31
synth_33922,31
synth_33753,31
synth_34010,31
synth_34049,31
synth_33431,31
synth_33643,31
synth_34147,31
synth_33634,31
synth_33277,31
synth_33354,31
synth_33381,31
synth_33584,31
synth_33958,31
synth_33704,31
synth_33747,31
synth_33561,31
synth_33767,31
synth_33973,31
synth_34142,31
synth_34159,31
synth_33439,31
synth_34024,31
synth_33676,31
synth_33709,31
synth_33869,31
synth_33682,31
synth_33814,31
synth_33305,31
synth_33307,31
synth_33356,31
synth_33860,31
synth_34117,31
synth_33332,31
synth_33324,31
synth_33374,31
synth_33496,31
synth_33988,31
synth_33284,31
synth_33294,31
synth_33452,31
synth_33562,31
synth_34160,31
synth_33574,31
synth_33578,31
synth_33696,31
synth_33638,31
synth_33819,31
synth_33977,31
synth_33556,31
synth_33576,31
synth_33969,31
synth_34157,31
synth_33301,31
synth_33820,31
synth_33924,31
synth_34070,31
synth_34119,31
synth_33406,31
synth_33425,31
synth_33964,31
synth_33398,31
synth_33840,31
synth_33946,31
synth_34129,31
synth_33668,31
synth_33732,31
synth_33759,31
synth_33889,31
synth_33422,31
synth_33886,31
synth_33915,31
synth_34055,31
synth_34092,31
synth_33409,31
synth_33437,31
synth_33944,31
synth_33384,31
synth_33413,31
synth_33800,31
synth_33873,31
synth_33968,31
synth_34086,31
synth_33896,31
synth_33998,31
synth_33293,31
synth_33453,31
synth_33950,31
synth_33390,31
synth_33639,31
synth_33996,31
synth_33497,31
synth_34143,31
synth_33649,31
synth_33729,31
synth_33757,31
synth_33787,31
synth_33797,31
synth_33849,31
synth_33722,31
synth_33892,31
synth_33906,31
synth_33813,31
synth_33899,31
synth_33790,31
synth_33929,31
synth_33609,31
synth_33818,31
synth_33415,31
synth_33666,31
synth_33674,31
synth_33603,31
synth_33313,31
synth_33765,31
synth_34081,31
synth_34098,31
synth_33617,31
synth_33657,31
synth_33645,31
synth_33661,31
synth_33844,31
synth_33914,31
synth_34173,31
synth_33702,31
synth_33311,31
synth_33532,31
synth_33885,31
synth_33890,31
synth_34134,31
synth_33427,31
synth_33626,31
synth_33878,31
synth_34019,31
synth_33334,31
synth_33678,31
synth_33564,31
synth_33711,31
synth_33528,31
synth_33276,31
synth_33949,31
synth_34130,31
synth_33483,31
synth_33582,31
synth_34104,31
synth_33748,31
synth_33836,31
synth_33961,31
synth_33550,31
synth_34153,31
synth_33474,31
synth_33282,31
synth_33355,31
synth_34005,31
synth_33701,31
synth_33808,31
synth_33554,31
synth_33565,31
synth_33911,31
synth_33310,31
synth_33667,31
synth_33721,31
synth_33600,31
synth_33629,31
synth_33857,31
synth_33347,31
synth_33373,31
synth_33827,31
synth_33363,31
synth_33553,31
synth_34089,31
synth_33460,31
synth_33468,31
synth_33507,31
synth_33329,31
synth_33420,31
synth_33571,31
synth_33866,31
synth_33981,31
synth_33931,31
synth_33641,31
synth_33686,31
synth_33874,31
synth_33309,31
synth_33547,31
synth_33710,31
synth_33823,31
synth_34125,31
synth_33466,31
synth_33623,31
synth_33780,31
synth_33831,31
synth_33904,31
synth_33935,31
synth_34076,31
synth_33976,31
synth_33327,31
synth_33699,31
synth_33768,31
synth_34029,31
synth_33505,31
synth_33875,31
synth_34077,31
synth_33458,31
synth_33492,31
synth_33288,31
synth_33693,31
synth_33792,31
synth_33925,31
synth_33957,31
synth_34091,31
synth_34054,31
synth_33498,31
synth_33382,31
synth_33741,31
synth_33855,31
synth_33421,31
synth_33449,31
synth_33650,31
synth_33740,31
synth_33756,31
synth_33824,31
synth_34039,31
synth_33484,31
synth_33690,31
synth_33841,31
synth_34100,31
synth_34110,31
synth_34149,31
synth_33703,31
synth_33859,31
synth_33586,31
synth_33733,31
synth_34032,31
synth_34079,31
synth_33504,31
synth_33521,31
synth_33587,31
synth_33947,31
synth_33486,31
synth_33597,31
synth_33598,31
synth_33620,31
synth_33791,31
synth_33843,31
synth_33877,31
synth_34053,31
synth_34103,31
synth_34106,31
synth_34136,31
synth_33568,31
synth_33614,31
synth_33983,31
synth_33581,31
synth_33681,31
synth_34139,31
synth_33440,31
synth_33523,31
synth_33360,31
synth_33378,31
synth_33370,31
synth_33560,31
synth_33590,31
synth_33730,31
synth_33795,31
synth_34071,31
synth_33658,31
synth_33745,31
synth_33461,31
synth_33960,31
synth_33999,31
synth_33607,31
synth_33407,31
synth_33616,31
synth_33883,31
synth_33511,31
synth_34042,31
synth_34082,31
synth_34127,31
synth_33333,31
synth_33448,31
synth_33625,31
synth_33271,31
synth_33888,31
synth_33991,31
synth_34037,31
synth_34043,31
synth_33465,31
synth_33283,31
synth_33443,31
synth_33975,31
synth_33328,31
synth_33775,31
synth_33632,31
synth_33622,31
synth_33672,31
synth_34085,31
synth_34161,31
synth_33558,31
synth_33644,31
synth_33871,31
synth_34118,31
synth_34148,31
synth_33339,31
synth_33618,31
synth_33750,31
synth_33908,31
synth_34038,31
synth_33454,31
synth_33472,31
synth_33286,31
synth_33359,31
synth_33450,31
synth_33557,31
synth_33902,31
synth_33917,31
synth_34146,31
synth_33829,31
synth_33646,31
synth_34158,31
synth_33463,31
synth_33524,31
synth_33691,31
synth_34064,31
synth_34067,31
synth_33677,31
synth_33279,31
synth_33350,31
synth_34113,31
synth_33457,31
synth_33604,31
synth_33273,31
synth_33955,31
synth_34013,31
synth_33338,31
synth_34000,31
synth_34041,31
synth_34057,31
synth_33803,31
synth_33647,31
synth_34069,31
synth_34121,31
synth_34164,31
synth_33736,31
synth_33302,31
synth_34044,31
synth_34073,31
synth_34155,31
synth_33537,31
synth_33707,31
synth_33744,31
synth_33867,31
synth_33992,31
synth_34031,31
synth_34048,31
synth_34138,31
synth_33684,31
synth_33952,31
synth_33974,31
synth_33995,31
synth_34163,31
synth_33942,31
synth_34183,30
synth_34519,30
synth_34888,30
synth_34273,30
synth_34348,30
synth_34527,30
synth_34958,30
synth_34264,30
synth_34564,30
synth_34666,30
synth_34945,30
synth_34792,30
synth_34894,30
synth_34302,30
synth_34563,30
synth_34787,30
synth_34891,30
synth_34931,30
synth_34582,30
synth_34614,30
synth_34186,30
synth_34966,30
synth_34905,30
synth_34181,30
synth_34560,30
synth_35074,30
synth_35040,30
synth_34211,30
synth_34404,30
synth_34418,30
synth_34427,30
synth_34493,30
synth_34873,30
synth_34963,30
synth_34901,30
synth_34280,30
synth_34370,30
synth_34656,30
synth_34778,30
synth_34439,30
synth_34767,30
synth_34882,30
synth_34959,30
synth_35042,30
synth_34747,30
synth_34936,30
synth_34372,30
synth_34511,30
synth_34569,30
synth_34617,30
synth_35086,30
synth_34720,30
synth_34847,30
synth_34241,30
synth_34408,30
synth_34504,30
synth_34684,30
synth_34729,30
synth_35000,30
synth_34335,30
synth_34828,30
synth_34812,30
synth_35005,30
synth_34263,30
synth_35093,30
synth_35094,30
synth_35011,30
synth_34358,30
synth_34957,30
synth_34993,30
synth_35053,30
synth_34307,30
synth_34332,30
synth_34413,30
synth_34541,30
synth_35113,30
synth_35129,30
synth_34232,30
synth_34243,30
synth_34642,30
synth_35021,30
synth_35069,30
synth_34633,30
synth_34231,30
synth_35061,30
synth_34230,30
synth_34926,30
synth_34460,30
synth_34580,30
synth_34726,30
synth_34731,30
synth_34743,30
synth_34753,30
synth_34494,30
synth_34808,30
synth_34237,30
synth_34437,30
synth_34540,30
synth_34892,30
synth_34951,30
synth_35101,30
synth_34898,30
synth_35006,30
synth_34245,30
synth_34470,30
synth_34679,30
synth_35082,30
synth_35119,30
synth_34893,30
synth_34324,30
synth_34275,30
synth_34895,30
synth_34214,30
synth_34809,30
synth_34223,30
synth_34748,30
synth_34479,30
synth_34604,30
synth_34837,30
synth_34707,30
synth_34624,30
synth_34634,30
synth_34698,30
synth_35002,30
synth_35066,30
synth_34495,30
synth_34952,30
synth_34553,30
synth_34709,30
synth_34446,30
synth_34556,30
synth_34785,30
synth_35084,30
synth_35122,30
synth_34632,30
synth_35013,30
synth_34461,30
synth_34499,30
synth_34525,30
synth_34639,30
synth_34703,30
synth_34734,30
synth_34933,30
synth_35027,30
synth_34827,30
synth_34281,30
synth_34304,30
synth_34516,30
synth_34715,30
synth_34783,30
synth_34627,30
synth_34314,30
synth_34454,30
synth_34562,30
synth_34791,30
synth_35131,30
synth_34259,30
synth_34278,30
synth_34298,30
synth_34315,30
synth_34329,30
synth_34980,30
synth_34234,30
synth_34308,30
synth_34498,30
synth_34508,30
synth_34626,30
synth_34399,30
synth_34407,30
synth_34665,30
synth_34838,30
synth_34682,30
synth_34772,30
synth_34799,30
synth_34201,30
synth_34759,30
synth_34948,30
synth_35035,30
synth_34188,30
synth_34242,30
synth_34503,30
synth_34648,30
synth_34815,30
synth_34855,30
synth_34403,30
synth_34423,30
synth_34744,30
synth_35114,30
synth_34445,30
synth_34630,30
synth_34683,30
synth_34240,30
synth_34316,30
synth_34464,30
synth_34991,30
synth_35111,30
synth_35134,30
synth_34701,30
synth_34711,30
synth_34939,30
synth_35014,30
synth_35055,30
synth_35032,30
synth_34305,30
synth_34559,30
synth_34704,30
synth_35109,30
synth_34835,30
synth_34884,30
synth_34362,30
synth_34468,30
synth_34581,30
synth_34988,30
synth_34990,30
synth_35026,30
synth_34389,30
synth_34552,30
synth_34571,30
synth_34590,30
synth_34928,30
synth_35037,30
synth_34589,30
synth_34593,30
synth_34369,30
synth_34430,30
synth_35046,30
synth_34554,30
synth_34640,30
synth_34678,30
synth_34765,30
synth_35120,30
synth_35124,30
synth_34857,30
synth_35033,30
synth_34202,30
synth_34210,30
synth_34219,30
synth_34375,30
synth_34512,30
synth_34913,30
synth_34345,30
synth_34466,30
synth_34984,30
synth_34452,30
synth_34612,30
synth_34796,30
synth_34920,30
synth_34306,30
synth_34506,30
synth_34746,30
synth_34983,30
synth_35030,30
synth_34732,30
synth_34616,30
synth_34740,30
synth_34546,30
synth_34964,30
synth_34823,30
synth_34854,30
synth_34897,30
synth_34235,30
synth_34250,30
synth_34252,30
synth_34323,30
synth_34433,30
synth_34534,30
synth_34579,30
synth_34609,30
synth_35104,30
synth_34595,30
synth_34923,30
synth_34255,30
synth_34346,30
synth_34398,30
synth_34649,30
synth_34585,30
synth_34793,30
synth_34802,30
synth_34355,30
synth_34386,30
synth_34557,30
synth_34650,30
synth_34673,30
synth_34725,30
synth_35137,30
synth_34779,30
synth_34381,30
synth_34702,30
synth_34820,30
synth_34474,30
synth_34533,30
synth_35128,30
synth_35016,30
synth_34798,30
synth_34303,30
synth_34710,30
synth_34485,30
synth_34883,30
synth_34265,30
synth_34610,30
synth_34184,30
synth_34762,30
synth_34937,30
synth_34997,30
synth_35036,30
synth_34450,30
synth_34615,30
synth_35067,30
synth_34262,30
synth_34347,30
synth_34472,30
synth_34542,30
synth_34692,30
synth_34677,30
synth_35125,30
synth_34412,30
synth_34417,30
synth_34509,30
synth_34591,30
synth_34713,30
synth_34967,30
synth_35050,30
synth_34393,30
synth_34716,30
synth_34758,30
synth_34319,30
synth_35057,30
synth_34488,30
synth_34851,30
synth_34187,30
synth_34368,30
synth_34943,30
synth_34965,30
synth_34583,30
synth_34286,30
synth_34641,30
synth_35018,30
synth_34777,30
synth_34825,30
synth_35007,30
synth_34197,30
synth_34342,30
synth_34528,30
synth_34637,30
synth_34935,30
synth_34276,30
synth_34373,30
synth_34471,30
synth_34578,30
synth_34663,30
synth_34829,30
synth_34858,30
synth_34880,30
synth_34932,30
synth_34769,30
synth_34868,30
synth_34611,30
synth_34741,30
synth_34217,30
synth_34350,30
synth_34510,30
synth_34576,30
synth_34782,30
synth_34845,30
synth_34940,30
synth_34925,30
synth_35068,30
synth_35070,30
synth_34402,30
synth_34555,30
synth_35020,30
synth_34469,30
synth_34651,30
synth_34944,30
synth_34602,30
synth_34800,30
synth_34818,30
synth_34205,30
synth_34351,30
synth_34390,30
synth_34558,30
synth_35038,30
synth_34797,30
synth_34814,30
synth_34191,30
synth_34973,30
synth_34606,30
synth_34813,30
synth_34848,30
synth_34195,30
synth_34448,30
synth_34790,30
synth_34956,30
synth_34689,30
synth_34175,30
synth_34321,30
synth_34339,30
synth_34500,30
synth_35024,30
synth_34279,30
synth_35103,30
synth_34869,30
synth_34193,30
synth_34341,30
synth_34568,30
synth_34646,30
synth_34992,30
synth_35019,30
synth_34587,30
synth_34853,30
synth_35023,30
synth_35130,30
synth_34687,30
synth_34770,30
synth_34852,30
synth_34226,30
synth_34248,30
synth_34457,30
synth_34473,30
synth_34535,30
synth_34465,30
synth_34547,30
synth_34745,30
synth_34694,30
synth_34761,30
synth_34816,30
synth_34910,30
synth_34359,30
synth_34927,30
synth_34947,30
synth_34821,30
synth_34900,30
synth_35004,30
synth_34420,30
synth_34608,30
synth_34881,30
synth_34982,30
synth_34283,30
synth_34343,30
synth_34401,30
synth_34706,30
synth_34724,30
synth_34244,30
synth_34478,30
synth_34705,30
synth_35041,30
synth_34251,30
synth_34411,30
synth_34518,30
synth_34570,30
synth_34938,30
synth_34441,30
synth_34831,30
synth_35047,30
synth_35060,30
synth_35062,30
synth_34322,30
synth_34735,30
synth_35081,30
synth_34623,30
synth_34312,30
synth_34397,30
synth_34505,30
synth_34522,30
synth_34672,30
synth_34999,30
synth_35072,30
synth_34297,30
synth_34629,30
synth_34622,30
synth_34819,30
synth_34196,30
synth_34309,30
synth_34575,30
synth_34875,30
synth_35127,30
synth_34489,30
synth_35064,30
synth_34360,30
synth_34618,30
synth_34664,30
synth_34194,30
synth_34282,30
synth_34330,30
synth_34374,30
synth_34930,30
synth_34742,30
synth_35065,30
synth_34179,30
synth_34380,30
synth_34536,30
synth_34817,30
synth_34961,30
synth_35039,30
synth_35083,30
synth_34886,30
synth_34361,30
synth_34467,30
synth_34712,30
synth_34754,30
synth_34730,30
synth_35133,30
synth_34247,30
synth_34365,30
synth_34915,30
synth_35100,30
synth_34185,30
synth_34490,30
synth_34529,30
synth_34878,30
synth_34909,30
synth_34987,30
synth_35049,30
synth_34849,30
synth_34921,30
synth_34538,30
synth_34844,30
synth_34859,30
synth_34970,30
synth_34190,30
synth_34225,30
synth_34227,30
synth_34246,30
synth_34254,30
synth_34405,30
synth_35076,30
synth_34300,30
synth_34318,30
synth_34364,30
synth_34410,30
synth_34462,30
synth_34638,30
synth_34645,30
synth_34934,30
synth_34198,30
synth_34876,30
synth_35031,30
synth_34213,30
synth_34481,30
synth_34613,30
synth_34824,30
synth_34267,30
synth_34272,30
synth_35095,30
synth_34212,30
synth_34422,30
synth_34647,30
synth_34661,30
synth_34675,30
synth_34447,30
synth_34513,30
synth_34968,30
synth_35090,30
synth_34896,30
synth_34287,30
synth_34295,30
synth_34384,30
synth_34572,30
synth_35008,30
synth_34209,30
synth_34524,30
synth_34551,30
synth_34676,30
synth_35059,30
synth_34693,30
synth_34455,30
synth_34477,30
synth_34502,30
synth_34507,30
synth_34738,30
synth_34995,30
synth_34584,30
synth_34681,30
synth_34922,30
synth_34317,30
synth_35118,30
synth_34592,30
synth_34354,30
synth_34671,30
synth_34908,30
synth_35102,30
synth_34904,30
synth_34363,30
synth_34660,30
synth_34727,30
synth_34311,30
synth_34475,30
synth_34654,30
synth_34906,30
synth_34986,30
synth_35022,30
synth_35108,30
synth_34699,30
synth_34776,30
synth_34435,30
synth_34520,30
synth_34789,30
synth_34979,30
synth_34440,30
synth_34331,30
synth_34628,30
synth_34659,30
synth_34326,30
synth_34521,30
synth_34719,30
synth_34515,30
synth_34199,30
synth_34655,30
synth_34755,30
synth_34206,30
synth_34293,30
synth_34336,30
synth_34340,30
synth_34969,30
synth_35058,30
synth_34598,30
synth_34222,30
synth_34438,30
synth_34619,30
synth_34757,30
synth_34774,30
synth_35054,30
synth_34442,30
synth_34182,30
synth_34288,30
synth_34668,30
synth_35087,30
synth_34483,30
synth_34749,30
synth_34449,30
synth_34877,30
synth_34221,30
synth_34353,30
synth_34382,30
synth_34409,30
synth_34862,30
synth_34866,30
synth_34890,30
synth_34690,30
synth_34795,30
synth_34544,30
synth_34723,30
synth_34974,30
synth_34432,30
synth_34383,30
synth_34605,30
synth_34811,30
synth_34395,30
synth_34996,30
synth_34962,30
synth_34760,30
synth_34771,30
synth_34220,30
synth_34497,30
synth_34653,30
synth_34850,30
synth_35001,30
synth_34208,30
synth_34239,30
synth_34277,30
synth_34429,30
synth_34942,30
synth_35045,30
synth_34334,30
synth_34400,30
synth_34577,30
synth_34861,30
synth_35126,30
synth_34594,30
synth_34599,30
synth_34224,30
synth_34320,30
synth_34218,30
synth_34914,30
synth_34371,30
synth_34635,30
synth_35010,30
synth_34385,30
synth_34860,30
synth_34924,30
synth_34523,30
synth_34846,30
synth_34238,30
synth_34270,30
synth_35063,30
synth_34357,30
synth_34543,30
synth_34929,30
synth_35017,30
synth_34487,30
synth_34700,30
synth_34670,30
synth_34807,30
synth_34907,30
synth_34207,30
synth_34492,30
synth_34215,30
synth_34313,30
synth_34391,30
synth_34975,30
synth_34806,30
synth_34889,30
synth_34271,30
synth_34379,30
synth_34394,30
synth_34526,30
synth_34733,30
synth_34918,30
synth_34834,30
synth_34537,30
synth_34953,30
synth_34451,30
synth_34833,30
synth_34177,30
synth_34284,30
synth_34463,30
synth_34561,30
synth_34879,30
synth_35003,30
synth_34349,30
synth_34396,30
synth_34530,30
synth_34652,30
synth_34714,30
synth_34912,30
synth_35080,30
synth_34691,30
synth_34775,30
synth_35107,30
synth_35116,30
synth_34887,30
synth_34911,30
synth_34180,30
synth_34950,30
synth_34978,30
synth_35115,30
synth_34596,30
synth_34985,30
synth_34338,30
synth_35123,30
synth_34443,30
synth_34903,30
synth_35051,30
synth_35073,30
synth_34249,30
synth_34356,30
synth_34482,30
synth_34378,30
synth_34566,30
synth_34657,30
synth_35025,30
synth_34621,30
synth_34192,30
synth_34233,30
synth_34256,30
synth_34266,30
synth_34294,30
synth_34456,30
synth_34549,30
synth_34667,30
synth_34674,30
synth_34773,30
synth_34722,30
synth_34786,30
synth_34601,30
synth_34203,30
synth_34216,30
synth_34550,30
synth_34695,30
synth_34830,30
synth_34574,30
synth_34717,30
synth_34946,30
synth_34976,30
synth_35029,30
synth_35034,30
synth_34832,30
synth_34458,30
synth_34496,30
synth_34501,30
synth_34658,30
synth_34697,30
synth_34842,30
synth_34289,30
synth_34377,30
synth_34763,30
synth_34680,30
synth_35043,30
synth_34236,30
synth_34344,30
synth_34406,30
synth_34567,30
synth_34788,30
synth_35099,30
synth_34843,30
synth_34856,30
synth_35012,30
synth_34258,30
synth_34517,30
synth_34971,30
synth_34998,30
synth_35136,30
synth_34631,30
synth_34885,30
synth_34366,30
synth_34764,30
synth_34972,30
synth_35048,30
synth_34484,30
synth_34261,30
synth_34292,30
synth_34977,30
synth_34989,30
synth_34696,30
synth_34826,30
synth_34260,30
synth_34532,30
synth_34229,30
synth_34328,30
synth_34874,30
synth_34840,30
synth_34539,30
synth_35078,30
synth_34414,30
synth_34545,30
synth_34607,30
synth_34955,30
synth_35079,30
synth_34721,30
synth_34291,30
synth_34453,30
synth_34662,30
synth_34864,30
synth_35085,30
synth_35097,30
synth_35105,30
synth_34327,30
synth_34426,30
synth_34784,30
synth_34917,30
synth_34444,30
synth_34804,30
synth_34805,30
synth_34204,30
synth_34434,30
synth_34643,30
synth_34588,30
synth_34794,30
synth_34899,30
synth_34902,30
synth_35052,30
synth_34296,30
synth_34419,30
synth_34548,30
synth_34916,30
synth_35028,30
synth_35056,30
synth_34686,30
synth_34870,30
synth_35132,30
synth_34476,30
synth_34839,30
synth_34949,30
synth_34486,30
synth_34228,30
synth_34301,30
synth_34416,30
synth_34436,30
synth_35135,30
synth_34597,30
synth_34603,30
synth_34728,30
synth_34750,30
synth_34333,30
synth_34387,30
synth_34514,30
synth_34954,30
synth_35077,30
synth_34176,30
synth_34274,30
synth_34337,30
synth_34565,30
synth_34752,30
synth_34981,30
synth_34822,30
synth_34480,30
synth_34718,30
synth_34736,30
synth_35009,30
synth_34586,30
synth_34459,30
synth_34573,30
synth_34863,30
synth_34941,30
synth_34994,30
synth_34751,30
synth_34310,30
synth_34415,30
synth_34491,30
synth_34644,30
synth_34803,30
synth_34431,30
synth_34841,30
synth_35110,30
synth_34531,30
synth_34781,30
synth_34919,30
synth_35106,30
synth_35112,30
synth_34620,30
synth_34189,30
synth_34872,30
synth_35044,30
synth_34325,30
synth_34367,30
synth_34268,30
synth_34865,30
synth_35098,30
synth_34739,30
synth_34352,30
synth_34392,30
synth_34756,30
synth_35121,30
synth_34836,30
synth_34376,30
synth_34388,30
synth_34708,30
synth_34867,30
synth_34871,30
synth_35096,30
synth_34253,30
synth_34424,30
synth_34766,30
synth_35015,30
synth_34625,30
synth_34636,30
synth_34178,30
synth_34200,30
synth_34768,30
synth_34801,30
synth_34299,30
synth_34425,30
synth_34685,30
synth_34257,30
synth_34269,30
synth_34421,30
synth_34669,30
synth_35117,30
synth_34600,30
synth_34688,30
synth_34285,30
synth_34428,30
synth_35089,30
synth_35092,30
synth_35071,30
synth_34290,30
synth_34960,30
synth_35091,30
synth_34810,30
synth_34737,30
synth_34780,30
synth_35075,30
synth_35088,30
synth_35230,29
synth_35234,29
synth_35811,29
synth_35155,29
synth_35462,29
synth_35529,29
synth_35537,29
synth_36050,29
synth_35582,29
synth_35930,29
synth_35974,29
synth_35688,29
synth_36092,29
synth_35195,29
synth_35199,29
synth_35590,29
synth_35985,29
synth_35988,29
synth_35999,29
synth_35883,29
synth_35197,29
synth_35324,29
synth_35442,29
synth_36008,29
synth_35801,29
synth_35842,29
synth_35150,29
synth_35171,29
synth_35249,29
synth_35623,29
synth_36069,29
synth_35233,29
synth_35361,29
synth_35596,29
synth_36086,29
synth_35168,29
synth_35520,29
synth_35578,29
synth_35857,29
synth_35928,29
synth_36048,29
synth_35180,29
synth_35216,29
synth_35647,29
synth_36020,29
synth_36043,29
synth_36139,29
synth_35670,29
synth_36080,29
synth_35359,29
synth_36097,29
synth_35217,29
synth_35876,29
synth_36018,29
synth_36113,29
synth_36070,29
synth_35160,29
synth_35332,29
synth_36078,29
synth_35173,29
synth_35312,29
synth_35281,29
synth_35422,29
synth_35441,29
synth_35456,29
synth_35557,29
synth_35951,29
synth_35969,29
synth_35975,29
synth_35211,29
synth_35413,29
synth_35159,29
synth_35248,29
synth_35733,29
synth_35424,29
synth_35910,29
synth_35944,29
synth_36036,29
synth_35882,29
synth_35343,29
synth_35362,29
synth_35656,29
synth_36160,29
synth_35784,29
synth_35237,29
synth_35344,29
synth_35490,29
synth_35172,29
synth_35206,29
synth_35307,29
synth_35523,29
synth_35600,29
synth_36055,29
synth_35776,29
synth_35289,29
synth_35683,29
synth_35755,29
synth_35198,29
synth_35291,29
synth_35659,29
synth_36137,29
synth_35179,29
synth_35494,29
synth_35918,29
synth_35807,29
synth_36095,29
synth_35551,29
synth_35631,29
synth_35862,29
synth_35207,29
synth_35855,29
synth_36066,29
synth_35860,29
synth_35229,29
synth_35391,29
synth_35416,29
synth_35579,29
synth_35728,29
synth_35937,29
synth_35852,29
synth_36073,29
synth_35513,29
synth_35816,29
synth_35859,29
synth_35672,29
synth_35559,29
synth_35576,29
synth_35767,29
synth_35997,29
synth_36101,29
synth_35629,29
synth_35693,29
synth_35502,29
synth_35504,29
synth_35511,29
synth_36062,29
synth_35760,29
synth_35788,29
synth_35154,29
synth_35303,29
synth_35978,29
synth_35790,29
synth_35597,29
synth_36017,29
synth_36162,29
synth_35151,29
synth_35497,29
synth_35625,29
synth_35824,29
synth_35181,29
synth_35373,29
synth_35708,29
synth_35863,29
synth_35187,29
synth_35241,29
synth_35535,29
synth_35745,29
synth_35956,29
synth_35820,29
synth_35348,29
synth_35563,29
synth_35604,29
synth_35768,29
synth_35457,29
synth_35740,29
synth_35906,29
synth_36109,29
synth_36149,29
synth_35286,29
synth_35461,29
synth_35873,29
synth_36140,29
synth_35366,29
synth_35710,29
synth_36091,29
synth_35319,29
synth_35430,29
synth_35200,29
synth_35260,29
synth_35370,29
synth_35476,29
synth_35556,29
synth_35574,29
synth_35588,29
synth_35612,29
synth_35909,29
synth_36147,29
synth_35675,29
synth_35380,29
synth_35451,29
synth_35459,29
synth_35618,29
synth_35622,29
synth_35912,29
synth_36145,29
synth_35690,29
synth_35818,29
synth_35414,29
synth_35500,29
synth_35501,29
synth_35893,29
synth_35174,29
synth_35394,29
synth_35435,29
synth_35527,29
synth_35648,29
synth_35651,29
synth_35719,29
synth_36029,29
synth_36121,29
synth_36124,29
synth_36125,29
synth_36138,29
synth_35774,29
synth_36081,29
synth_35428,29
synth_35681,29
synth_35911,29
synth_36015,29
synth_35455,29
synth_35193,29
synth_35228,29
synth_35460,29
synth_35858,29
synth_35762,29
synth_35796,29
synth_35190,29
synth_35275,29
synth_35311,29
synth_35914,29
synth_35677,29
synth_35772,29
synth_35285,29
synth_35839,29
synth_35765,29
synth_35503,29
synth_36102,29
synth_36104,29
synth_35325,29
synth_35452,29
synth_35518,29
synth_35519,29
synth_35645,29
synth_35970,29
synth_36054,29
synth_35812,29
synth_35219,29
synth_35279,29
synth_35603,29
synth_35954,29
synth_35162,29
synth_35176,29
synth_35184,29
synth_35341,29
synth_35377,29
synth_35458,29
synth_35465,29
synth_35479,29
synth_35508,29
synth_35573,29
synth_35819,29
synth_35400,29
synth_35639,29
synth_35926,29
synth_36028,29
synth_36106,29
synth_36126,29
synth_35832,29
synth_35849,29
synth_35161,29
synth_35209,29
synth_35390,29
synth_35549,29
synth_36156,29
synth_35221,29
synth_35383,29
synth_35971,29
synth_35158,29
synth_35268,29
synth_35558,29
synth_35715,29
synth_35947,29
synth_35678,29
synth_35484,29
synth_35638,29
synth_35650,29
synth_35888,29
synth_35777,29
synth_35996,29
synth_35804,29
synth_35844,29
synth_35514,29
synth_35646,29
synth_35653,29
synth_35288,29
synth_35879,29
synth_35919,29
synth_35627,29
synth_35751,29
synth_35543,29
synth_36072,29
synth_36090,29
synth_35517,29
synth_35611,29
synth_35188,29
synth_35552,29
synth_35980,29
synth_35665,29
synth_35330,29
synth_35493,29
synth_35709,29
synth_35903,29
synth_36002,29
synth_35317,29
synth_35378,29
synth_35420,29
synth_35643,29
synth_35798,29
synth_35222,29
synth_35245,29
synth_35663,29
synth_36089,29
synth_35205,29
synth_35309,29
synth_35701,29
synth_35705,29
synth_36114,29
synth_35884,29
synth_35185,29
synth_35464,29
synth_35716,29
synth_35901,29
synth_35785,29
synth_35759,29
synth_35878,29
synth_36039,29
synth_35668,29
synth_35141,29
synth_35175,29
synth_35316,29
synth_35405,29
synth_35584,29
synth_35700,29
synth_35538,29
synth_35702,29
synth_35714,29
synth_35757,29
synth_35335,29
synth_35758,29
synth_35989,29
synth_35626,29
synth_35139,29
synth_35315,29
synth_35374,29
synth_35566,29
synth_35977,29
synth_36093,29
synth_35157,29
synth_35242,29
synth_35470,29
synth_36132,29
synth_35752,29
synth_35386,29
synth_35445,29
synth_35542,29
synth_35617,29
synth_35731,29
synth_35920,29
synth_36158,29
synth_35684,29
synth_35880,29
synth_35183,29
synth_35580,29
synth_35875,29
synth_35845,29
synth_35210,29
synth_35262,29
synth_35489,29
synth_35950,29
synth_36127,29
synth_35868,29
synth_35616,29
synth_35927,29
synth_35848,29
synth_35287,29
synth_35403,29
synth_35555,29
synth_35889,29
synth_35450,29
synth_35495,29
synth_35532,29
synth_35939,29
synth_36148,29
synth_35212,29
synth_35837,29
synth_35938,29
synth_35337,29
synth_36038,29
synth_35192,29
synth_35225,29
synth_35283,29
synth_35320,29
synth_35510,29
synth_35602,29
synth_35738,29
synth_35932,29
synth_36152,29
synth_35666,29
synth_35669,29
synth_35810,29
synth_35828,29
synth_35170,29
synth_35284,29
synth_35318,29
synth_35526,29
synth_35658,29
synth_35723,29
synth_35729,29
synth_36051,29
synth_35427,29
synth_35632,29
synth_35743,29
synth_35929,29
synth_35959,29
synth_35694,29
synth_35763,29
synth_35194,29
synth_35352,29
synth_35664,29
synth_35916,29
synth_35439,29
synth_35654,29
synth_35994,29
synth_35255,29
synth_35393,29
synth_36105,29
synth_35695,29
synth_35718,29
synth_36157,29
synth_35808,29
synth_35148,29
synth_35621,29
synth_35635,29
synth_36088,29
synth_36133,29
synth_35169,29
synth_35294,29
synth_35349,29
synth_35533,29
synth_35769,29
synth_35973,29
synth_35861,29
synth_35935,29
synth_35981,29
synth_35993,29
synth_35756,29
synth_35792,29
synth_36131,29
synth_35177,29
synth_35541,29
synth_35936,29
synth_35864,29
synth_35870,29
synth_35321,29
synth_35606,29
synth_35739,29
synth_35746,29
synth_35940,29
synth_35990,29
synth_36001,29
synth_35339,29
synth_35829,29
synth_35957,29
synth_36025,29
synth_35350,29
synth_35375,29
synth_35384,29
synth_35838,29
synth_36009,29
synth_35793,29
synth_35313,29
synth_35336,29
synth_35474,29
synth_35564,29
synth_35730,29
synth_35789,29
synth_35674,29
synth_35783,29
synth_35531,29
synth_35536,29
synth_35613,29
synth_36096,29
synth_35218,29
synth_35243,29
synth_35273,29
synth_35282,29
synth_35482,29
synth_35712,29
synth_35983,29
synth_36016,29
synth_35791,29
synth_35872,29
synth_35251,29
synth_35387,29
synth_36006,29
synth_35782,29
synth_35191,29
synth_35270,29
synth_35446,29
synth_35516,29
synth_35976,29
synth_35182,29
synth_35505,29
synth_35685,29
synth_35827,29
synth_35189,29
synth_35224,29
synth_35232,29
synth_35371,29
synth_35379,29
synth_35506,29
synth_35732,29
synth_35304,29
synth_35396,29
synth_35599,29
synth_35787,29
synth_35357,29
synth_35365,29
synth_35438,29
synth_36004,29
synth_36076,29
synth_36141,29
synth_35256,29
synth_35314,29
synth_35483,29
synth_35571,29
synth_35649,29
synth_36144,29
synth_35809,29
synth_35246,29
synth_35388,29
synth_35496,29
synth_35945,29
synth_35965,29
synth_35797,29
synth_35421,29
synth_35744,29
synth_35748,29
synth_35835,29
synth_36085,29
synth_35322,29
synth_35363,29
synth_35544,29
synth_35545,29
synth_35894,29
synth_35913,29
synth_36068,29
synth_36100,29
synth_35689,29
synth_35692,29
synth_35296,29
synth_35351,29
synth_35367,29
synth_35548,29
synth_35979,29
synth_35149,29
synth_35247,29
synth_35261,29
synth_35948,29
synth_35963,29
synth_36059,29
synth_36142,29
synth_35841,29
synth_35165,29
synth_35346,29
synth_36129,29
synth_35521,29
synth_35711,29
synth_36023,29
synth_35680,29
synth_35737,29
synth_35991,29
synth_35340,29
synth_35722,29
synth_35741,29
synth_36013,29
synth_36034,29
synth_35409,29
synth_35660,29
synth_35961,29
synth_36026,29
synth_36064,29
synth_36146,29
synth_35853,29
synth_35142,29
synth_35466,29
synth_35534,29
synth_35605,29
synth_35704,29
synth_35143,29
synth_35263,29
synth_35561,29
synth_36123,29
synth_35676,29
synth_35399,29
synth_35437,29
synth_35565,29
synth_35770,29
synth_35443,29
synth_35902,29
synth_35925,29
synth_35931,29
synth_35962,29
synth_35138,29
synth_35220,29
synth_35395,29
synth_35415,29
synth_35434,29
synth_35449,29
synth_35554,29
synth_35577,29
synth_35900,29
synth_36033,29
synth_35800,29
synth_35575,29
synth_36031,29
synth_35781,29
synth_35847,29
synth_35525,29
synth_35655,29
synth_35892,29
synth_36053,29
synth_36120,29
synth_35686,29
synth_35773,29
synth_35274,29
synth_35448,29
synth_35568,29
synth_35641,29
synth_35546,29
synth_35278,29
synth_35385,29
synth_35586,29
synth_35657,29
synth_35721,29
synth_36060,29
synth_35360,29
synth_35587,29
synth_35749,29
synth_35856,29
synth_35952,29
synth_36040,29
synth_35353,29
synth_35492,29
synth_35615,29
synth_35652,29
synth_35717,29
synth_36007,29
synth_35825,29
synth_35468,29
synth_35619,29
synth_35735,29
synth_36122,29
synth_36075,29
synth_35231,29
synth_35369,29
synth_35410,29
synth_35423,29
synth_35426,29
synth_35463,29
synth_35595,29
synth_36116,29
synth_36150,29
synth_35310,29
synth_35598,29
synth_35949,29
synth_35998,29
synth_36035,29
synth_35806,29
synth_35843,29
synth_35411,29
synth_35583,29
synth_35601,29
synth_36154,29
synth_35822,29
synth_35334,29
synth_35356,29
synth_35473,29
synth_35967,29
synth_35986,29
synth_36011,29
synth_35202,29
synth_35528,29
synth_35610,29
synth_35706,29
synth_36098,29
synth_35276,29
synth_35425,29
synth_36010,29
synth_35254,29
synth_35265,29
synth_35328,29
synth_36032,29
synth_36041,29
synth_36111,29
synth_35794,29
synth_35145,29
synth_35264,29
synth_35358,29
synth_35392,29
synth_35815,29
synth_35890,29
synth_35799,29
synth_35253,29
synth_35630,29
synth_35921,29
synth_35813,29
synth_35147,29
synth_35703,29
synth_35877,29
synth_36027,29
synth_36046,29
synth_35850,29
synth_35874,29
synth_35272,29
synth_35345,29
synth_36099,29
synth_35899,29
synth_35240,29
synth_35972,29
synth_36151,29
synth_35865,29
synth_35481,29
synth_36030,29
synth_35754,29
synth_35831,29
synth_35406,29
synth_35440,29
synth_35485,29
synth_35581,29
synth_35609,29
synth_35667,29
synth_36130,29
synth_35146,29
synth_35167,29
synth_35338,29
synth_35382,29
synth_35562,29
synth_35644,29
synth_36058,29
synth_36067,29
synth_36161,29
synth_35628,29
synth_35881,29
synth_35156,29
synth_35250,29
synth_35418,29
synth_35444,29
synth_35607,29
synth_35633,29
synth_35713,29
synth_35814,29
synth_35968,29
synth_35699,29
synth_35771,29
synth_35178,29
synth_35372,29
synth_35509,29
synth_35560,29
synth_35742,29
synth_35897,29
synth_35295,29
synth_35376,29
synth_35636,29
synth_36021,29
synth_35153,29
synth_35186,29
synth_35238,29
synth_35277,29
synth_35305,29
synth_35436,29
synth_36049,29
synth_35866,29
synth_35867,29
synth_35539,29
synth_35634,29
synth_36118,29
synth_35259,29
synth_35429,29
synth_35454,29
synth_35896,29
synth_35907,29
synth_36107,29
synth_35691,29
synth_35697,29
synth_35408,29
synth_35488,29
synth_35871,29
synth_35908,29
synth_36077,29
synth_35166,29
synth_35404,29
synth_35467,29
synth_35964,29
synth_35750,29
synth_35834,29
synth_35851,29
synth_36117,29
synth_35803,29
synth_35208,29
synth_35293,29
synth_35301,29
synth_36003,29
synth_35753,29
synth_35778,29
synth_35213,29
synth_35327,29
synth_35487,29
synth_35987,29
synth_36087,29
synth_35292,29
synth_35419,29
synth_35512,29
synth_35915,29
synth_35941,29
synth_36084,29
synth_36103,29
synth_35775,29
synth_36094,29
synth_35290,29
synth_35540,29
synth_35280,29
synth_35478,29
synth_35553,29
synth_35591,29
synth_35960,29
synth_36042,29
synth_35196,29
synth_35736,29
synth_35905,29
synth_35924,29
synth_35297,29
synth_35550,29
synth_35614,29
synth_36005,29
synth_36134,29
synth_35795,29
synth_35306,29
synth_35469,29
synth_35547,29
synth_35144,29
synth_35869,29
synth_35933,29
synth_36012,29
synth_36014,29
synth_35140,29
synth_35567,29
synth_35886,29
synth_36052,29
synth_36061,29
synth_35223,29
synth_35471,29
synth_35499,29
synth_35593,29
synth_35637,29
synth_36022,29
synth_35354,29
synth_35661,29
synth_35958,29
synth_35696,29
synth_35764,29
synth_35252,29
synth_35269,29
synth_35331,29
synth_35401,29
synth_35727,29
synth_35786,29
synth_35236,29
synth_35402,29
synth_35524,29
synth_35585,29
synth_35624,29
synth_35946,29
synth_36065,29
synth_36136,29
synth_35671,29
synth_35570,29
synth_35682,29
synth_36019,29
synth_36119,29
synth_35846,29
synth_35257,29
synth_35298,29
synth_35480,29
synth_35491,29
synth_35589,29
synth_35720,29
synth_35802,29
synth_35266,29
synth_35572,29
synth_35620,29
synth_35942,29
synth_36044,29
synth_35766,29
synth_35823,29
synth_35239,29
synth_35258,29
synth_35342,29
synth_35407,29
synth_35891,29
synth_35895,29
synth_35982,29
synth_35673,29
synth_35333,29
synth_35515,29
synth_35642,29
synth_35917,29
synth_36000,29
synth_35472,29
synth_35507,29
synth_35747,29
synth_35922,29
synth_36108,29
synth_35355,29
synth_35592,29
synth_35594,29
synth_35779,29
synth_35833,29
synth_35397,29
synth_35432,29
synth_35887,29
synth_35761,29
synth_35854,29
synth_35152,29
synth_35323,29
synth_35447,29
synth_35923,29
synth_35953,29
synth_36024,29
synth_36057,29
synth_35204,29
synth_35226,29
synth_35431,29
synth_35904,29
synth_35934,29
synth_35943,29
synth_35995,29
synth_36071,29
synth_36082,29
synth_35163,29
synth_35326,29
synth_35486,29
synth_35640,29
synth_35821,29
synth_35164,29
synth_35412,29
synth_35530,29
synth_36056,29
synth_35805,29
synth_35235,29
synth_35302,29
synth_35308,29
synth_35662,29
synth_35724,29
synth_36110,29
synth_35687,29
synth_35329,29
synth_35368,29
synth_35898,29
synth_35201,29
synth_36063,29
synth_36079,29
synth_36153,29
synth_36083,29
synth_35725,29
synth_35734,29
synth_35966,29
synth_35780,29
synth_35826,29
synth_36074,29
synth_35398,29
synth_35453,29
synth_35836,29
synth_36045,29
synth_36155,29
synth_35698,29
synth_35389,29
synth_35433,29
synth_35992,29
synth_36112,29
synth_35885,29
synth_35215,29
synth_35227,29
synth_35381,29
synth_35498,29
synth_35522,29
synth_35679,29
synth_35984,29
synth_36037,29
synth_36159,29
synth_35203,29
synth_35244,29
synth_35726,29
synth_36128,29
synth_35267,29
synth_35271,29
synth_35475,29
synth_36115,29
synth_35299,29
synth_35300,29
synth_35417,29
synth_35955,29
synth_36135,29
synth_35214,29
synth_35364,29
synth_35477,29
synth_35569,29
synth_35707,29
synth_36047,29
synth_35817,29
synth_35347,29
synth_35608,29
synth_36143,29
synth_35830,29
synth_35840,29
synth_36260,28
synth_36407,28
synth_36432,28
synth_36730,28
synth_37010,28
synth_36683,28
synth_36826,28
synth_36240,28
synth_36511,28
synth_36648,28
synth_36164,28
synth_36612,28
synth_36982,28
synth_37062,28
synth_36541,28
synth_36205,28
synth_36236,28
synth_36310,28
synth_36491,28
synth_37190,28
synth_37037,28
synth_37246,28
synth_36380,28
synth_36210,28
synth_36516,28
synth_37061,28
synth_36224,28
synth_36487,28
synth_36634,28
synth_36895,28
synth_36242,28
synth_36386,28
synth_36905,28
synth_36296,28
synth_36637,28
synth_36775,28
synth_36890,28
synth_37148,28
synth_36178,28
synth_36577,28
synth_37031,28
synth_36583,28
synth_36838,28
synth_37198,28
synth_36551,28
synth_37222,28
synth_36643,28
synth_36860,28
synth_37000,28
synth_36351,28
synth_36404,28
synth_36481,28
synth_36701,28
synth_37185,28
synth_36854,28
synth_36344,28
synth_37077,28
synth_37151,28
synth_36654,28
synth_36746,28
synth_36928,28
synth_36934,28
synth_36297,28
synth_36533,28
synth_36534,28
synth_36862,28
synth_36999,28
synth_36738,28
synth_36453,28
synth_36803,28
synth_36627,28
synth_36706,28
synth_36716,28
synth_36228,28
synth_36923,28
synth_37043,28
synth_36702,28
synth_36736,28
synth_36469,28
synth_36810,28
synth_36844,28
synth_36846,28
synth_36265,28
synth_36323,28
synth_36434,28
synth_36500,28
synth_36512,28
synth_36528,28
synth_36748,28
synth_36825,28
synth_36189,28
synth_36202,28
synth_36483,28
synth_36514,28
synth_37006,28
synth_37075,28
synth_36628,28
synth_36685,28
synth_36830,28
synth_36938,28
synth_36976,28
synth_36359,28
synth_36367,28
synth_36397,28
synth_36412,28
synth_37233,28
synth_36752,28
synth_36758,28
synth_37129,28
synth_36211,28
synth_36261,28
synth_36294,28
synth_36806,28
synth_36828,28
synth_37110,28
synth_37168,28
synth_36180,28
synth_36317,28
synth_36617,28
synth_37056,28
synth_37103,28
synth_36452,28
synth_36269,28
synth_36424,28
synth_37223,28
synth_36475,28
synth_36322,28
synth_36720,28
synth_36532,28
synth_36542,28
synth_37042,28
synth_36343,28
synth_36370,28
synth_36406,28
synth_36597,28
synth_36725,28
synth_36908,28
synth_37099,28
synth_37192,28
synth_36571,28
synth_36591,28
synth_36994,28
synth_36216,28
synth_36247,28
synth_36340,28
synth_36550,28
synth_37036,28
synth_36165,28
synth_36251,28
synth_36268,28
synth_36354,28
synth_36670,28
synth_36715,28
synth_36807,28
synth_37051,28
synth_37097,28
synth_37211,28
synth_37214,28
synth_36464,28
synth_36788,28
synth_36882,28
synth_36889,28
synth_36399,28
synth_37199,28
synth_37252,28
synth_36526,28
synth_36598,28
synth_37088,28
synth_36963,28
synth_37085,28
synth_37231,28
synth_36450,28
synth_36320,28
synth_36282,28
synth_37149,28
synth_37247,28
synth_36208,28
synth_36295,28
synth_36315,28
synth_36611,28
synth_36477,28
synth_36845,28
synth_36273,28
synth_37250,28
synth_36641,28
synth_36912,28
synth_36936,28
synth_37025,28
synth_36488,28
synth_36593,28
synth_36653,28
synth_36973,28
synth_37038,28
synth_37158,28
synth_36382,28
synth_37086,28
synth_37172,28
synth_36307,28
synth_36308,28
synth_36894,28
synth_37206,28
synth_36478,28
synth_36794,28
synth_36948,28
synth_36176,28
synth_36270,28
synth_36687,28
synth_36811,28
synth_37013,28
synth_37044,28
synth_36578,28
synth_36816,28
synth_37204,28
synth_37166,28
synth_36415,28
synth_36713,28
synth_36728,28
synth_36832,28
synth_36348,28
synth_36521,28
synth_36607,28
synth_36669,28
synth_36945,28
synth_36372,28
synth_37218,28
synth_36225,28
synth_36632,28
synth_36821,28
synth_36985,28
synth_37081,28
synth_36659,28
synth_36872,28
synth_36209,28
synth_36662,28
synth_36851,28
synth_36783,28
synth_36316,28
synth_36579,28
synth_36906,28
synth_37074,28
synth_37243,28
synth_36647,28
synth_36305,28
synth_36378,28
synth_36383,28
synth_36621,28
synth_36883,28
synth_36969,28
synth_37207,28
synth_36244,28
synth_37160,28
synth_36431,28
synth_36490,28
synth_36517,28
synth_36618,28
synth_36808,28
synth_37210,28
synth_36479,28
synth_36555,28
synth_36842,28
synth_37002,28
synth_36254,28
synth_37197,28
synth_36651,28
synth_36355,28
synth_36661,28
synth_36712,28
synth_36529,28
synth_36910,28
synth_37155,28
synth_36196,28
synth_36218,28
synth_37098,28
synth_37182,28
synth_36753,28
synth_37020,28
synth_37105,28
synth_36271,28
synth_36345,28
synth_36433,28
synth_36440,28
synth_36694,28
synth_36409,28
synth_37073,28
synth_37159,28
synth_36410,28
synth_36522,28
synth_36671,28
synth_36904,28
synth_36561,28
synth_36781,28
synth_36868,28
synth_36897,28
synth_36259,28
synth_36471,28
synth_36570,28
synth_36693,28
synth_36790,28
synth_36545,28
synth_36325,28
synth_36467,28
synth_37117,28
synth_37219,28
synth_36300,28
synth_36601,28
synth_36942,28
synth_37244,28
synth_36499,28
synth_37113,28
synth_37173,28
synth_36684,28
synth_36695,28
synth_36743,28
synth_36792,28
synth_36263,28
synth_36272,28
synth_37072,28
synth_36786,28
synth_36924,28
synth_37100,28
synth_36222,28
synth_36552,28
synth_37028,28
synth_36185,28
synth_37047,28
synth_36932,28
synth_36944,28
synth_37041,28
synth_36411,28
synth_37241,28
synth_37018,28
synth_37139,28
synth_37225,28
synth_36266,28
synth_36318,28
synth_36430,28
synth_36608,28
synth_36960,28
synth_37132,28
synth_37171,28
synth_36279,28
synth_36766,28
synth_37135,28
synth_36190,28
synth_36734,28
synth_36990,28
synth_36509,28
synth_36584,28
synth_36334,28
synth_36921,28
synth_37237,28
synth_36762,28
synth_36203,28
synth_36356,28
synth_36374,28
synth_36981,28
synth_36219,28
synth_36546,28
synth_36843,28
synth_36292,28
synth_36679,28
synth_36929,28
synth_37209,28
synth_36172,28
synth_36365,28
synth_36387,28
synth_37163,28
synth_37196,28
synth_36625,28
synth_36640,28
synth_36769,28
synth_36827,28
synth_37040,28
synth_36324,28
synth_36418,28
synth_37234,28
synth_36858,28
synth_36869,28
synth_36925,28
synth_36951,28
synth_36543,28
synth_37067,28
synth_36590,28
synth_36954,28
synth_36246,28
synth_36327,28
synth_36445,28
synth_37154,28
synth_36414,28
synth_36980,28
synth_36993,28
synth_36198,28
synth_36588,28
synth_36657,28
synth_36776,28
synth_36823,28
synth_36364,28
synth_36721,28
synth_37240,28
synth_36689,28
synth_36699,28
synth_36793,28
synth_36871,28
synth_36971,28
synth_37032,28
synth_36187,28
synth_36652,28
synth_36764,28
synth_36946,28
synth_37029,28
synth_36428,28
synth_36739,28
synth_36573,28
synth_36649,28
synth_36698,28
synth_36795,28
synth_36911,28
synth_36939,28
synth_36952,28
synth_37224,28
synth_36245,28
synth_36680,28
synth_37187,28
synth_36472,28
synth_36575,28
synth_36785,28
synth_36420,28
synth_36711,28
synth_36943,28
synth_36458,28
synth_37137,28
synth_37229,28
synth_37242,28
synth_36233,28
synth_36609,28
synth_37133,28
synth_37254,28
synth_36400,28
synth_36672,28
synth_37184,28
synth_36881,28
synth_36887,28
synth_36888,28
synth_37024,28
synth_36291,28
synth_36710,28
synth_37141,28
synth_37114,28
synth_36258,28
synth_36486,28
synth_36610,28
synth_36531,28
synth_36812,28
synth_36964,28
synth_36276,28
synth_36492,28
synth_37180,28
synth_37145,28
synth_37205,28
synth_36704,28
synth_37059,28
synth_37112,28
synth_36444,28
synth_36494,28
synth_36342,28
synth_36903,28
synth_36991,28
synth_36959,28
synth_36256,28
synth_36439,28
synth_36480,28
synth_37203,28
synth_36859,28
synth_36900,28
synth_36405,28
synth_37084,28
synth_36476,28
synth_36853,28
synth_36252,28
synth_36338,28
synth_37080,28
synth_37094,28
synth_36237,28
synth_37118,28
synth_36192,28
synth_36421,28
synth_36619,28
synth_36455,28
synth_36566,28
synth_36879,28
synth_36915,28
synth_36935,28
synth_37195,28
synth_36574,28
synth_36902,28
synth_36191,28
synth_36214,28
synth_36375,28
synth_36394,28
synth_37201,28
synth_36197,28
synth_37125,28
synth_37134,28
synth_36174,28
synth_37063,28
synth_37208,28
synth_36520,28
synth_36523,28
synth_37251,28
synth_36770,28
synth_36813,28
synth_36966,28
synth_36977,28
synth_36207,28
synth_36402,28
synth_37186,28
synth_36891,28
synth_37106,28
synth_36221,28
synth_36760,28
synth_36568,28
synth_36581,28
synth_36677,28
synth_36876,28
synth_36267,28
synth_36829,28
synth_36837,28
synth_36508,28
synth_37022,28
synth_36204,28
synth_36290,28
synth_36429,28
synth_37095,28
synth_36535,28
synth_37015,28
synth_37115,28
synth_36201,28
synth_36377,28
synth_36557,28
synth_37087,28
synth_36309,28
synth_36676,28
synth_36740,28
synth_37009,28
synth_36243,28
synth_36395,28
synth_36427,28
synth_37069,28
synth_37193,28
synth_36423,28
synth_36470,28
synth_37150,28
synth_36285,28
synth_36857,28
synth_36413,28
synth_36426,28
synth_36513,28
synth_36745,28
synth_36926,28
synth_36975,28
synth_37016,28
synth_36416,28
synth_36604,28
synth_36620,28
synth_36719,28
synth_37048,28
synth_37049,28
synth_37200,28
synth_36287,28
synth_36556,28
synth_36773,28
synth_36173,28
synth_36280,28
synth_36482,28
synth_36818,28
synth_36227,28
synth_36442,28
synth_36507,28
synth_36624,28
synth_37142,28
synth_36459,28
synth_36841,28
synth_37039,28
synth_37217,28
synth_37230,28
synth_36658,28
synth_36696,28
synth_36755,28
synth_36757,28
synth_36820,28
synth_37126,28
synth_36682,28
synth_36909,28
synth_37174,28
synth_37236,28
synth_36580,28
synth_36655,28
synth_37045,28
synth_36182,28
synth_36220,28
synth_36510,28
synth_36817,28
synth_36965,28
synth_36215,28
synth_36332,28
synth_36385,28
synth_36425,28
synth_36815,28
synth_37130,28
synth_37027,28
synth_37068,28
synth_37216,28
synth_36447,28
synth_36629,28
synth_36673,28
synth_36674,28
synth_36831,28
synth_37035,28
synth_37164,28
synth_36347,28
synth_36599,28
synth_36972,28
synth_36974,28
synth_36623,28
synth_36735,28
synth_36750,28
synth_36223,28
synth_36527,28
synth_37034,28
synth_36234,28
synth_36333,28
synth_36690,28
synth_36289,28
synth_36797,28
synth_36293,28
synth_36737,28
synth_36179,28
synth_36235,28
synth_36983,28
synth_37089,28
synth_36756,28
synth_36314,28
synth_36880,28
synth_36616,28
synth_37202,28
synth_36288,28
synth_36949,28
synth_36213,28
synth_36437,28
synth_36605,28
synth_36714,28
synth_37161,28
synth_36878,28
synth_36401,28
synth_36839,28
synth_37153,28
synth_36779,28
synth_36913,28
synth_37226,28
synth_36331,28
synth_36731,28
synth_37046,28
synth_36742,28
synth_36321,28
synth_36362,28
synth_36518,28
synth_37052,28
synth_36744,28
synth_37124,28
synth_36391,28
synth_37050,28
synth_36586,28
synth_36595,28
synth_36896,28
synth_37003,28
synth_37014,28
synth_37033,28
synth_36326,28
synth_37170,28
synth_36553,28
synth_36886,28
synth_36330,28
synth_36898,28
synth_36167,28
synth_36241,28
synth_36357,28
synth_36389,28
synth_36692,28
synth_37127,28
synth_36303,28
synth_36361,28
synth_37143,28
synth_36987,28
synth_37017,28
synth_37023,28
synth_37169,28
synth_36403,28
synth_36603,28
synth_36565,28
synth_36968,28
synth_36814,28
synth_37007,28
synth_36257,28
synth_36388,28
synth_36501,28
synth_36703,28
synth_36874,28
synth_37227,28
synth_36537,28
synth_36804,28
synth_37079,28
synth_37131,28
synth_37021,28
synth_36301,28
synth_36809,28
synth_37057,28
synth_37183,28
synth_37221,28
synth_36751,28
synth_36274,28
synth_36729,28
synth_36466,28
synth_36642,28
synth_36772,28
synth_36958,28
synth_37004,28
synth_37128,28
synth_36206,28
synth_36836,28
synth_36596,28
synth_36917,28
synth_36918,28
synth_36311,28
synth_36337,28
synth_37152,28
synth_36226,28
synth_36286,28
synth_36576,28
synth_36636,28
synth_36548,28
synth_36937,28
synth_37078,28
synth_36901,28
synth_36349,28
synth_36663,28
synth_36733,28
synth_36940,28
synth_36822,28
synth_36848,28
synth_37116,28
synth_36606,28
synth_36697,28
synth_36791,28
synth_37179,28
synth_37248,28
synth_36350,28
synth_36393,28
synth_36787,28
synth_36957,28
synth_36398,28
synth_36408,28
synth_36707,28
synth_36922,28
synth_36997,28
synth_37011,28
synth_36759,28
synth_36877,28
synth_37119,28
synth_36502,28
synth_36660,28
synth_37070,28
synth_36238,28
synth_36899,28
synth_36984,28
synth_37107,28
synth_36232,28
synth_36419,28
synth_36678,28
synth_36840,28
synth_36916,28
synth_36336,28
synth_36396,28
synth_36602,28
synth_36884,28
synth_36188,28
synth_36544,28
synth_37121,28
synth_37235,28
synth_36955,28
synth_36253,28
synth_36304,28
synth_36920,28
synth_36229,28
synth_37138,28
synth_36613,28
synth_36998,28
synth_36435,28
synth_36777,28
synth_36166,28
synth_36353,28
synth_36390,28
synth_36563,28
synth_36873,28
synth_37156,28
synth_36195,28
synth_36718,28
synth_36638,28
synth_36675,28
synth_36761,28
synth_37239,28
synth_36175,28
synth_36504,28
synth_36298,28
synth_36771,28
synth_37108,28
synth_36249,28
synth_36615,28
synth_36691,28
synth_36705,28
synth_37055,28
synth_37120,28
synth_36329,28
synth_37109,28
synth_36708,28
synth_37122,28
synth_37212,28
synth_36461,28
synth_36780,28
synth_37001,28
synth_37008,28
synth_36524,28
synth_36992,28
synth_37188,28
synth_37253,28
synth_36554,28
synth_36644,28
synth_36667,28
synth_36346,28
synth_36360,28
synth_36564,28
synth_36767,28
synth_36855,28
synth_36384,28
synth_36635,28
synth_36656,28
synth_36927,28
synth_36967,28
synth_36988,28
synth_36212,28
synth_36335,28
synth_36369,28
synth_36506,28
synth_37123,28
synth_36379,28
synth_36456,28
synth_36799,28
synth_36833,28
synth_36849,28
synth_36866,28
synth_36885,28
synth_36163,28
synth_36264,28
synth_36371,28
synth_36979,28
synth_36989,28
synth_37104,28
synth_37228,28
synth_36181,28
synth_36339,28
synth_36366,28
synth_36614,28
synth_37091,28
synth_36668,28
synth_36686,28
synth_36995,28
synth_37065,28
synth_36796,28
synth_36950,28
synth_37144,28
synth_36547,28
synth_36622,28
synth_36681,28
synth_36801,28
synth_37076,28
synth_37213,28
synth_36451,28
synth_36540,28
synth_37189,28
synth_36231,28
synth_36582,28
synth_36996,28
synth_37012,28
synth_36665,28
synth_37066,28
synth_36930,28
synth_37019,28
synth_37178,28
synth_36186,28
synth_36962,28
synth_36560,28
synth_36765,28
synth_36768,28
synth_36262,28
synth_36724,28
synth_36594,28
synth_37245,28
synth_36352,28
synth_36463,28
synth_36645,28
synth_36892,28
synth_36373,28
synth_36515,28
synth_36722,28
synth_36749,28
synth_36852,28
synth_36449,28
synth_36454,28
synth_36536,28
synth_36798,28
synth_36248,28
synth_36358,28
synth_36363,28
synth_36495,28
synth_36784,28
synth_37005,28
synth_36277,28
synth_36847,28
synth_36169,28
synth_36184,28
synth_36312,28
synth_36700,28
synth_36633,28
synth_36763,28
synth_36861,28
synth_36970,28
synth_36275,28
synth_36723,28
synth_36819,28
synth_36457,28
synth_36569,28
synth_36585,28
synth_36864,28
synth_37136,28
synth_36168,28
synth_36177,28
synth_36392,28
synth_36473,28
synth_36474,28
synth_36631,28
synth_37157,28
synth_36381,28
synth_36717,28
synth_36562,28
synth_37090,28
synth_36462,28
synth_36468,28
synth_36567,28
synth_36867,28
synth_36893,28
synth_36525,28
synth_36328,28
synth_36931,28
synth_36193,28
synth_36519,28
synth_36539,28
synth_37082,28
synth_37092,28
synth_36986,28
synth_37175,28
synth_36436,28
synth_36805,28
synth_37238,28
synth_36587,28
synth_36747,28
synth_36171,28
synth_36230,28
synth_37102,28
synth_37191,28
synth_37194,28
synth_36284,28
synth_36441,28
synth_36465,28
synth_36319,28
synth_36505,28
synth_36559,28
synth_37232,28
synth_36953,28
synth_36200,28
synth_36446,28
synth_36639,28
synth_36782,28
synth_36856,28
synth_36250,28
synth_36907,28
synth_37064,28
synth_37071,28
synth_36688,28
synth_36947,28
synth_36484,28
synth_37215,28
synth_36870,28
synth_36914,28
synth_36306,28
synth_36941,28
synth_37060,28
synth_36448,28
synth_37054,28
synth_37111,28
synth_36239,28
synth_36493,28
synth_36646,28
synth_36789,28
synth_37176,28
synth_36281,28
synth_36503,28
synth_37053,28
synth_36170,28
synth_36255,28
synth_36485,28
synth_36592,28
synth_36732,28
synth_37101,28
synth_37162,28
synth_36278,28
synth_36650,28
synth_36933,28
synth_37167,28
synth_36194,28
synth_36302,28
synth_36600,28
synth_36709,28
synth_36727,28
synth_36800,28
synth_36919,28
synth_37140,28
synth_36299,28
synth_36496,28
synth_36626,28
synth_36754,28
synth_36558,28
synth_36726,28
synth_37030,28
synth_37220,28
synth_36589,28
synth_36741,28
synth_36824,28
synth_37177,28
synth_36549,28
synth_37058,28
synth_36834,28
synth_36875,28
synth_37146,28
synth_36313,28
synth_36368,28
synth_36664,28
synth_36666,28
synth_37096,28
synth_37181,28
synth_36199,28
synth_36283,28
synth_36443,28
synth_36460,28
synth_36530,28
synth_37147,28
synth_36376,28
synth_36438,28
synth_37093,28
synth_36572,28
synth_36956,28
synth_36417,28
synth_36835,28
synth_36498,28
synth_36183,28
synth_36341,28
synth_36497,28
synth_36774,28
synth_36217,28
synth_37083,28
synth_36863,28
synth_37165,28
synth_36422,28
synth_36802,28
synth_36850,28
synth_36961,28
synth_36778,28
synth_37026,28
synth_37249,28
synth_36538,28
synth_36489,28
synth_36630,28
synth_36865,28
synth_36978,28
synth_37472,27
synth_37895,27
synth_38015,27
synth_37417,27
synth_37478,27
synth_37595,27
synth_38147,27
synth_37286,27
synth_37872,27
synth_38106,27
synth_38251,27
synth_38281,27
synth_38412,27
synth_37969,27
synth_38415,27
synth_37995,27
synth_38111,27
synth_38316,27
synth_38124,27
synth_38127,27
synth_37293,27
synth_38411,27
synth_38417,27
synth_37501,27
synth_37555,27
synth_37843,27
synth_38335,27
synth_37827,27
synth_38139,27
synth_37392,27
synth_37470,27
synth_37589,27
synth_37597,27
synth_37858,27
synth_38391,27
synth_37369,27
synth_38196,27
synth_37604,27
synth_37782,27
synth_37987,27
synth_38056,27
synth_37343,27
synth_37468,27
synth_37793,27
synth_37840,27
synth_37438,27
synth_38079,27
synth_38346,27
synth_37805,27
synth_37832,27
synth_37950,27
synth_37908,27
synth_37913,27
synth_38001,27
synth_37271,27
synth_37455,27
synth_38295,27
synth_38360,27
synth_37323,27
synth_37486,27
synth_37558,27
synth_37599,27
synth_37779,27
synth_38028,27
synth_38118,27
synth_38190,27
synth_37480,27
synth_37624,27
synth_37752,27
synth_38017,27
synth_38037,27
synth_38389,27
synth_37292,27
synth_37364,27
synth_37373,27
synth_37702,27
synth_37772,27
synth_37960,27
synth_38108,27
synth_38350,27
synth_37404,27
synth_37445,27
synth_37594,27
synth_38044,27
synth_38132,27
synth_37633,27
synth_37964,27
synth_38176,27
synth_37380,27
synth_37388,27
synth_37512,27
synth_37869,27
synth_37877,27
synth_38364,27
synth_38308,27
synth_37561,27
synth_38185,27
synth_37274,27
synth_37305,27
synth_37325,27
synth_38171,27
synth_38266,27
synth_38388,27
synth_37341,27
synth_37363,27
synth_37691,27
synth_37822,27
synth_38061,27
synth_38095,27
synth_37317,27
synth_37387,27
synth_37882,27
synth_38089,27
synth_38386,27
synth_38135,27
synth_37410,27
synth_37451,27
synth_37473,27
synth_37735,27
synth_37764,27
synth_38087,27
synth_38280,27
synth_38357,27
synth_37689,27
synth_37645,27
synth_37761,27
synth_37849,27
synth_37982,27
synth_38081,27
synth_38105,27
synth_38296,27
synth_37636,27
synth_37257,27
synth_37449,27
synth_37623,27
synth_37743,27
synth_38025,27
synth_38153,27
synth_38264,27
synth_38374,27
synth_37616,27
synth_38165,27
synth_37524,27
synth_38101,27
synth_38220,27
synth_38189,27
synth_38348,27
synth_37498,27
synth_37836,27
synth_38187,27
synth_37340,27
synth_37716,27
synth_37774,27
synth_37857,27
synth_37418,27
synth_37566,27
synth_37641,27
synth_37650,27
synth_37722,27
synth_37673,27
synth_37916,27
synth_38194,27
synth_38349,27
synth_37739,27
synth_37756,27
synth_37975,27
synth_37979,27
synth_38312,27
synth_37283,27
synth_37475,27
synth_37485,27
synth_37718,27
synth_37842,27
synth_37280,27
synth_37311,27
synth_37506,27
synth_37510,27
synth_37565,27
synth_37742,27
synth_37796,27
synth_37664,27
synth_38248,27
synth_38402,27
synth_37571,27
synth_37697,27
synth_37970,27
synth_37986,27
synth_38172,27
synth_38358,27
synth_37613,27
synth_38126,27
synth_38229,27
synth_37259,27
synth_37461,27
synth_38342,27
synth_37389,27
synth_37610,27
synth_37711,27
synth_37906,27
synth_38325,27
synth_37608,27
synth_37719,27
synth_37811,27
synth_37902,27
synth_38107,27
synth_38200,27
synth_37277,27
synth_37296,27
synth_37428,27
synth_37514,27
synth_37529,27
synth_37806,27
synth_37853,27
synth_38019,27
synth_38071,27
synth_38260,27
synth_37708,27
synth_38003,27
synth_38099,27
synth_38243,27
synth_37677,27
synth_37273,27
synth_37361,27
synth_37411,27
synth_37860,27
synth_38080,27
synth_38270,27
synth_38069,27
synth_38232,27
synth_38409,27
synth_37346,27
synth_37483,27
synth_37720,27
synth_37773,27
synth_37814,27
synth_38421,27
synth_37945,27
synth_38021,27
synth_38129,27
synth_38168,27
synth_37609,27
synth_37738,27
synth_37794,27
synth_38151,27
synth_38291,27
synth_38390,27
synth_37339,27
synth_37957,27
synth_38345,27
synth_37531,27
synth_37780,27
synth_38014,27
synth_38193,27
synth_38236,27
synth_37436,27
synth_37647,27
synth_37907,27
synth_37922,27
synth_38000,27
synth_37265,27
synth_38327,27
synth_37631,27
synth_37749,27
synth_38267,27
synth_38299,27
synth_37309,27
synth_37826,27
synth_37838,27
synth_37551,27
synth_37723,27
synth_37815,27
synth_37873,27
synth_37892,27
synth_38183,27
synth_38366,27
synth_38404,27
synth_37281,27
synth_37507,27
synth_37683,27
synth_37863,27
synth_37889,27
synth_38104,27
synth_38354,27
synth_37261,27
synth_37300,27
synth_37456,27
synth_37560,27
synth_38063,27
synth_37627,27
synth_37298,27
synth_37690,27
synth_37755,27
synth_37804,27
synth_38006,27
synth_38162,27
synth_37435,27
synth_37953,27
synth_37956,27
synth_37643,27
synth_38045,27
synth_37357,27
synth_38224,27
synth_37372,27
synth_37405,27
synth_37880,27
synth_38161,27
synth_38202,27
synth_38420,27
synth_37931,27
synth_37939,27
synth_37606,27
synth_37620,27
synth_37974,27
synth_37316,27
synth_37297,27
synth_37845,27
synth_37891,27
synth_38039,27
synth_38203,27
synth_38059,27
synth_38234,27
synth_38249,27
synth_37262,27
synth_37552,27
synth_37740,27
synth_37983,27
synth_37955,27
synth_37263,27
synth_37526,27
synth_37696,27
synth_37847,27
synth_37951,27
synth_38012,27
synth_38191,27
synth_38230,27
synth_37350,27
synth_37550,27
synth_37553,27
synth_37601,27
synth_37831,27
synth_38083,27
synth_37358,27
synth_38136,27
synth_38159,27
synth_37852,27
synth_38072,27
synth_37868,27
synth_38114,27
synth_38405,27
synth_37603,27
synth_37835,27
synth_37976,27
synth_38024,27
synth_38085,27
synth_37929,27
synth_37591,27
synth_38244,27
synth_38278,27
synth_37568,27
synth_38293,27
synth_37967,27
synth_37301,27
synth_37541,27
synth_37614,27
synth_37618,27
synth_38145,27
synth_38324,27
synth_37331,27
synth_37563,27
synth_38157,27
synth_38279,27
synth_37384,27
synth_37425,27
synth_37530,27
synth_38042,27
synth_38253,27
synth_38283,27
synth_37646,27
synth_37871,27
synth_37887,27
synth_37898,27
synth_37903,27
synth_38376,27
synth_38419,27
synth_37393,27
synth_37508,27
synth_38096,27
synth_37653,27
synth_37943,27
synth_38164,27
synth_37288,27
synth_37333,27
synth_37562,27
synth_37824,27
synth_38088,27
synth_37545,27
synth_37628,27
synth_38237,27
synth_37477,27
synth_37556,27
synth_37813,27
synth_38300,27
synth_37395,27
synth_37326,27
synth_37600,27
synth_38209,27
synth_37282,27
synth_37442,27
synth_37460,27
synth_37574,27
synth_37642,27
synth_37855,27
synth_37870,27
synth_38385,27
synth_37463,27
synth_37680,27
synth_38285,27
synth_37839,27
synth_38049,27
synth_37255,27
synth_37328,27
synth_37371,27
synth_37409,27
synth_37467,27
synth_37894,27
synth_37973,27
synth_37612,27
synth_37492,27
synth_38177,27
synth_37693,27
synth_37770,27
synth_37961,27
synth_37320,27
synth_37484,27
synth_38298,27
synth_38353,27
synth_38368,27
synth_37821,27
synth_37937,27
synth_38174,27
synth_37465,27
synth_37487,27
synth_37575,27
synth_37810,27
synth_38180,27
synth_38212,27
synth_37522,27
synth_37819,27
synth_38254,27
synth_38247,27
synth_38250,27
synth_37598,27
synth_38091,27
synth_37688,27
synth_37375,27
synth_37443,27
synth_38131,27
synth_38384,27
synth_37256,27
synth_37287,27
synth_38016,27
synth_38116,27
synth_37679,27
synth_38148,27
synth_38222,27
synth_37861,27
synth_37867,27
synth_38013,27
synth_38152,27
synth_38020,27
synth_37347,27
synth_37462,27
synth_37525,27
synth_37644,27
synth_37684,27
synth_38302,27
synth_37354,27
synth_37444,27
synth_37893,27
synth_38098,27
synth_38380,27
synth_38306,27
synth_37439,27
synth_37578,27
synth_37736,27
synth_37762,27
synth_37799,27
synth_37834,27
synth_38303,27
synth_38338,27
synth_37567,27
synth_38058,27
synth_38377,27
synth_38392,27
synth_38407,27
synth_37674,27
synth_38255,27
synth_37663,27
synth_38078,27
synth_37356,27
synth_37433,27
synth_37714,27
synth_38233,27
synth_37471,27
synth_37520,27
synth_37661,27
synth_37848,27
synth_38340,27
synth_37615,27
synth_38138,27
synth_37321,27
synth_38297,27
synth_38341,27
synth_37678,27
synth_38326,27
synth_37513,27
synth_38070,27
synth_38413,27
synth_37658,27
synth_37515,27
synth_37538,27
synth_38011,27
synth_38213,27
synth_37360,27
synth_37971,27
synth_37984,27
synth_38128,27
synth_37303,27
synth_38086,27
synth_38337,27
synth_37345,27
synth_37745,27
synth_37707,27
synth_37923,27
synth_38258,27
synth_37441,27
synth_37803,27
synth_38055,27
synth_37837,27
synth_37536,27
synth_37731,27
synth_37306,27
synth_37342,27
synth_37685,27
synth_37769,27
synth_37798,27
synth_38065,27
synth_38092,27
synth_38221,27
synth_38263,27
synth_37355,27
synth_37667,27
synth_37579,27
synth_37759,27
synth_37784,27
synth_37911,27
synth_38097,27
synth_37925,27
synth_37767,27
synth_38239,27
synth_37572,27
synth_37671,27
synth_37766,27
synth_37652,27
synth_37290,27
synth_37313,27
synth_37482,27
synth_37494,27
synth_37535,27
synth_37570,27
synth_37704,27
synth_38375,27
synth_37698,27
synth_37504,27
synth_37876,27
synth_37900,27
synth_38122,27
synth_38287,27
synth_38317,27
synth_37924,27
synth_37258,27
synth_37344,27
synth_37385,27
synth_37737,27
synth_37758,27
synth_38029,27
synth_38110,27
synth_38363,27
synth_37778,27
synth_38075,27
synth_38292,27
synth_38401,27
synth_37817,27
synth_38178,27
synth_37559,27
synth_37786,27
synth_37878,27
synth_38115,27
synth_38216,27
synth_38319,27
synth_37528,27
synth_37637,27
synth_37279,27
synth_37885,27
synth_38047,27
synth_37935,27
synth_37962,27
synth_37294,27
synth_37812,27
synth_38004,27
synth_38023,27
synth_37713,27
synth_37278,27
synth_37424,27
synth_37505,27
synth_37586,27
synth_37590,27
synth_37703,27
synth_37920,27
synth_38100,27
synth_37314,27
synth_37416,27
synth_37539,27
synth_37921,27
synth_37990,27
synth_38274,27
synth_38331,27
synth_38383,27
synth_37396,27
synth_37947,27
synth_37440,27
synth_37496,27
synth_37734,27
synth_37269,27
synth_37670,27
synth_37888,27
synth_38009,27
synth_38093,27
synth_38160,27
synth_38339,27
synth_37367,27
synth_37381,27
synth_37469,27
synth_38142,27
synth_38273,27
synth_38373,27
synth_38146,27
synth_38149,27
synth_37446,27
synth_37862,27
synth_38332,27
synth_37825,27
synth_38328,27
synth_37452,27
synth_37705,27
synth_37726,27
synth_37896,27
synth_38094,27
synth_38379,27
synth_37941,27
synth_38276,27
synth_37270,27
synth_38033,27
synth_38140,27
synth_38382,27
synth_37875,27
synth_38314,27
synth_38144,27
synth_37289,27
synth_37497,27
synth_37621,27
synth_37717,27
synth_37741,27
synth_38052,27
synth_38113,27
synth_38170,27
synth_38381,27
synth_37334,27
synth_37348,27
synth_37450,27
synth_37581,27
synth_38090,27
synth_37668,27
synth_38418,27
synth_37626,27
synth_37791,27
synth_37999,27
synth_38294,27
synth_38372,27
synth_38256,27
synth_37284,27
synth_37335,27
synth_37432,27
synth_38227,27
synth_37383,27
synth_37789,27
synth_37897,27
synth_37997,27
synth_38219,27
synth_37676,27
synth_37818,27
synth_38166,27
synth_38275,27
synth_37362,27
synth_37423,27
synth_37427,27
synth_37593,27
synth_37318,27
synth_37359,27
synth_38030,27
synth_38228,27
synth_37502,27
synth_37592,27
synth_38112,27
synth_38150,27
synth_37437,27
synth_37712,27
synth_37912,27
synth_38125,27
synth_38211,27
synth_37583,27
synth_37692,27
synth_38365,27
synth_37459,27
synth_37700,27
synth_37800,27
synth_38397,27
synth_37379,27
synth_37864,27
synth_38367,27
synth_38396,27
synth_37338,27
synth_37938,27
synth_37965,27
synth_38158,27
synth_38184,27
synth_38198,27
synth_37267,27
synth_37376,27
synth_37588,27
synth_37994,27
synth_38315,27
synth_37807,27
synth_38215,27
synth_37457,27
synth_37841,27
synth_37910,27
synth_38330,27
synth_38269,27
synth_37557,27
synth_37750,27
synth_37760,27
synth_37850,27
synth_38334,27
synth_37710,27
synth_37795,27
synth_38073,27
synth_37936,27
synth_37952,27
synth_37353,27
synth_37823,27
synth_37336,27
synth_37709,27
synth_37944,27
synth_38119,27
synth_37406,27
synth_37458,27
synth_37509,27
synth_37605,27
synth_38032,27
synth_38371,27
synth_37431,27
synth_37549,27
synth_37607,27
synth_38002,27
synth_38026,27
synth_38208,27
synth_38246,27
synth_37954,27
synth_37402,27
synth_37490,27
synth_37500,27
synth_37632,27
synth_37765,27
synth_38048,27
synth_37403,27
synth_37744,27
synth_37972,27
synth_38288,27
synth_37266,27
synth_37352,27
synth_37519,27
synth_37830,27
synth_37634,27
synth_37308,27
synth_37511,27
synth_37886,27
synth_38355,27
synth_37917,27
synth_37942,27
synth_37533,27
synth_37991,27
synth_38359,27
synth_37909,27
synth_37285,27
synth_37368,27
synth_37378,27
synth_38241,27
synth_38406,27
synth_37905,27
synth_37918,27
synth_37391,27
synth_37503,27
synth_37527,27
synth_37651,27
synth_37747,27
synth_37930,27
synth_38109,27
synth_38282,27
synth_38336,27
synth_37329,27
synth_37543,27
synth_37638,27
synth_37968,27
synth_37370,27
synth_37788,27
synth_37851,27
synth_37884,27
synth_38064,27
synth_37629,27
synth_37649,27
synth_38277,27
synth_37366,27
synth_37701,27
synth_38005,27
synth_38007,27
synth_38181,27
synth_38265,27
synth_38301,27
synth_37272,27
synth_37602,27
synth_37619,27
synth_37732,27
synth_37787,27
synth_38261,27
synth_38272,27
synth_37319,27
synth_37434,27
synth_37548,27
synth_38309,27
synth_37351,27
synth_37630,27
synth_37781,27
synth_37996,27
synth_38182,27
synth_37400,27
synth_37580,27
synth_37748,27
synth_37940,27
synth_37639,27
synth_37808,27
synth_38210,27
synth_37401,27
synth_37544,27
synth_38225,27
synth_37275,27
synth_37408,27
synth_37776,27
synth_37816,27
synth_37844,27
synth_38036,27
synth_38313,27
synth_38179,27
synth_37295,27
synth_37662,27
synth_38060,27
synth_38130,27
synth_38143,27
synth_38217,27
synth_38242,27
synth_37542,27
synth_37934,27
synth_38231,27
synth_38305,27
synth_37491,27
synth_38067,27
synth_38102,27
synth_38262,27
synth_37397,27
synth_37948,27
synth_37327,27
synth_37421,27
synth_38050,27
synth_37966,27
synth_37332,27
synth_37448,27
synth_37481,27
synth_38068,27
synth_37547,27
synth_37927,27
synth_37464,27
synth_37846,27
synth_37874,27
synth_38133,27
synth_38207,27
synth_37946,27
synth_38197,27
synth_37268,27
synth_37377,27
synth_37523,27
synth_37564,27
synth_38022,27
synth_38323,27
synth_38403,27
synth_37307,27
synth_37665,27
synth_37977,27
synth_37291,27
synth_37312,27
synth_37453,27
synth_37746,27
synth_38333,27
synth_37382,27
synth_37493,27
synth_38076,27
synth_38352,27
synth_38399,27
synth_38408,27
synth_37669,27
synth_38137,27
synth_38154,27
synth_37447,27
synth_37532,27
synth_37672,27
synth_37879,27
synth_38175,27
synth_37386,27
synth_37479,27
synth_37587,27
synth_38192,27
synth_37933,27
synth_37429,27
synth_37516,27
synth_38356,27
synth_38361,27
synth_38416,27
synth_37474,27
synth_37518,27
synth_37596,27
synth_37978,27
synth_38304,27
synth_38362,27
synth_38369,27
synth_38394,27
synth_37584,27
synth_37730,27
synth_37992,27
synth_38038,27
synth_38077,27
synth_37919,27
synth_37466,27
synth_37534,27
synth_37625,27
synth_37660,27
synth_37682,27
synth_37763,27
synth_38163,27
synth_37635,27
synth_37659,27
synth_37958,27
synth_37374,27
synth_37488,27
synth_37768,27
synth_37783,27
synth_38245,27
synth_38286,27
synth_38235,27
synth_37622,27
synth_37724,27
synth_38054,27
synth_38268,27
synth_37981,27
synth_38057,27
synth_37949,27
synth_37792,27
synth_37802,27
synth_37901,27
synth_38343,27
synth_37426,27
synth_37681,27
synth_37988,27
synth_37993,27
synth_38027,27
synth_37640,27
synth_38043,27
synth_38422,27
synth_38214,27
synth_37260,27
synth_38040,27
synth_37656,27
synth_37413,27
synth_37476,27
synth_37666,27
synth_37715,27
synth_37725,27
synth_38378,27
synth_38400,27
synth_37349,27
synth_37926,27
synth_38167,27
synth_37276,27
synth_37695,27
synth_38103,27
synth_38351,27
synth_38010,27
synth_38329,27
synth_38034,27
synth_38218,27
synth_37959,27
synth_37963,27
synth_38031,27
synth_37299,27
synth_37706,27
synth_37859,27
synth_38066,27
synth_38205,27
synth_38155,27
synth_38199,27
synth_37495,27
synth_37890,27
synth_38082,27
synth_37546,27
synth_37675,27
synth_37809,27
synth_37915,27
synth_37753,27
synth_38117,27
synth_38188,27
synth_37365,27
synth_37554,27
synth_37729,27
synth_38393,27
synth_38186,27
synth_37310,27
synth_37833,27
synth_38398,27
synth_37648,27
synth_37914,27
synth_37785,27
synth_38311,27
synth_37928,27
synth_38169,27
synth_38195,27
synth_37304,27
synth_37733,27
synth_38240,27
synth_38226,27
synth_38238,27
synth_37407,27
synth_37686,27
synth_37777,27
synth_37801,27
synth_37414,27
synth_37721,27
synth_37728,27
synth_37866,27
synth_37985,27
synth_38041,27
synth_38344,27
synth_37337,27
synth_37540,27
synth_38289,27
synth_37576,27
synth_37881,27
synth_38310,27
synth_37828,27
synth_37302,27
synth_37537,27
synth_37771,27
synth_37899,27
synth_37398,27
synth_38259,27
synth_38141,27
synth_38206,27
synth_38320,27
synth_37569,27
synth_37585,27
synth_38074,27
synth_38322,27
synth_38395,27
synth_37932,27
synth_37727,27
synth_38284,27
synth_38410,27
synth_37330,27
synth_37694,27
synth_37790,27
synth_38018,27
synth_38201,27
synth_37394,27
synth_37856,27
synth_38046,27
synth_38370,27
synth_37430,27
synth_38156,27
synth_38347,27
synth_37415,27
synth_37582,27
synth_37757,27
synth_38123,27
synth_37611,27
synth_38134,27
synth_37751,27
synth_38204,27
synth_37657,27
synth_38307,27
synth_37865,27
synth_38271,27
synth_37820,27
synth_38223,27
synth_37687,27
synth_37264,27
synth_37573,27
synth_37998,27
synth_38035,27
synth_38387,27
synth_37489,27
synth_37517,27
synth_38173,27
synth_37617,27
synth_37829,27
synth_37904,27
synth_37521,27
synth_37577,27
synth_37854,27
synth_37883,27
synth_38008,27
synth_38053,27
synth_38084,27
synth_38290,27
synth_38414,27
synth_37655,27
synth_37419,27
synth_37499,27
synth_37754,27
synth_37797,27
synth_37980,27
synth_37315,27
synth_37322,27
synth_37390,27
synth_37454,27
synth_37699,27
synth_38062,27
synth_38121,27
synth_38318,27
synth_38321,27
synth_37324,27
synth_37412,27
synth_37420,27
synth_37422,27
synth_38051,27
synth_38252,27
synth_37775,27
synth_38120,27
synth_37399,27
synth_37654,27
synth_37989,27
synth_38257,27
synth_39222,26
synth_39334,26
synth_38538,26
synth_38772,26
synth_38978,26
synth_39205,26
synth_38935,26
synth_39647,26
synth_39674,26
synth_38964,26
synth_39001,26
synth_39133,26
synth_39202,26
synth_39274,26
synth_39527,26
synth_38946,26
synth_38684,26
synth_39111,26
synth_39170,26
synth_39191,26
synth_39217,26
synth_38869,26
synth_39256,26
synth_39621,26
synth_38658,26
synth_38820,26
synth_39329,26
synth_39446,26
synth_39450,26
synth_39339,26
synth_39671,26
synth_38795,26
synth_39327,26
synth_38477,26
synth_38789,26
synth_38953,26
synth_38671,26
synth_39188,26
synth_39361,26
synth_39554,26
synth_38756,26
synth_38660,26
synth_39019,26
synth_39145,26
synth_39206,26
synth_39292,26
synth_39306,26
synth_39444,26
synth_39605,26
synth_39635,26
synth_38463,26
synth_38741,26
synth_38715,26
synth_39489,26
synth_38788,26
synth_38442,26
synth_38495,26
synth_38580,26
synth_39054,26
synth_39064,26
synth_39212,26
synth_39393,26
synth_39521,26
synth_38610,26
synth_38806,26
synth_39637,26
synth_38845,26
synth_38863,26
synth_39104,26
synth_38456,26
synth_38774,26
synth_38776,26
synth_38807,26
synth_39257,26
synth_39665,26
synth_38962,26
synth_39364,26
synth_39557,26
synth_39586,26
synth_38944,26
synth_39119,26
synth_38736,26
synth_39350,26
synth_39517,26
synth_38858,26
synth_39650,26
synth_38548,26
synth_39289,26
synth_39492,26
synth_38938,26
synth_38891,26
synth_39108,26
synth_39301,26
synth_39593,26
synth_38949,26
synth_38614,26
synth_38683,26
synth_39029,26
synth_39533,26
synth_38437,26
synth_38958,26
synth_38488,26
synth_38573,26
synth_38792,26
synth_38794,26
synth_38881,26
synth_39073,26
synth_39129,26
synth_38838,26
synth_38512,26
synth_38624,26
synth_38668,26
synth_38713,26
synth_38893,26
synth_39087,26
synth_39116,26
synth_39179,26
synth_39545,26
synth_38642,26
synth_38567,26
synth_38664,26
synth_38859,26
synth_38877,26
synth_38505,26
synth_38716,26
synth_38822,26
synth_39089,26
synth_39382,26
synth_38761,26
synth_38952,26
synth_39158,26
synth_39335,26
synth_39570,26
synth_38690,26
synth_38853,26
synth_39053,26
synth_39219,26
synth_39315,26
synth_39394,26
synth_39520,26
synth_38785,26
synth_38979,26
synth_39051,26
synth_39299,26
synth_39488,26
synth_39540,26
synth_39573,26
synth_38861,26
synth_39042,26
synth_39101,26
synth_39221,26
synth_39532,26
synth_38449,26
synth_38802,26
synth_38876,26
synth_38509,26
synth_39091,26
synth_39142,26
synth_39464,26
synth_38773,26
synth_38987,26
synth_39263,26
synth_38446,26
synth_39213,26
synth_39369,26
synth_38576,26
synth_38592,26
synth_38661,26
synth_39008,26
synth_39132,26
synth_39546,26
synth_38439,26
synth_39319,26
synth_38865,26
synth_39057,26
synth_39148,26
synth_39175,26
synth_39345,26
synth_39412,26
synth_39541,26
synth_38950,26
synth_39099,26
synth_39151,26
synth_39182,26
synth_39243,26
synth_39308,26
synth_38731,26
synth_38745,26
synth_38440,26
synth_38443,26
synth_38621,26
synth_38673,26
synth_38872,26
synth_39497,26
synth_38879,26
synth_38575,26
synth_38669,26
synth_38864,26
synth_39115,26
synth_39144,26
synth_39208,26
synth_39423,26
synth_39434,26
synth_39606,26
synth_38537,26
synth_38803,26
synth_39344,26
synth_38616,26
synth_38633,26
synth_39131,26
synth_39153,26
synth_39199,26
synth_38536,26
synth_38988,26
synth_38995,26
synth_39646,26
synth_38649,26
synth_38726,26
synth_38873,26
synth_39012,26
synth_39238,26
synth_39162,26
synth_38482,26
synth_38916,26
synth_39603,26
synth_38849,26
synth_38983,26
synth_39163,26
synth_38450,26
synth_38553,26
synth_38670,26
synth_39025,26
synth_39330,26
synth_39555,26
synth_39614,26
synth_38778,26
synth_39359,26
synth_38657,26
synth_39068,26
synth_39491,26
synth_39525,26
synth_39592,26
synth_38907,26
synth_39653,26
synth_39410,26
synth_38999,26
synth_38543,26
synth_39479,26
synth_38534,26
synth_38825,26
synth_38940,26
synth_39265,26
synth_38651,26
synth_38714,26
synth_38834,26
synth_38981,26
synth_39004,26
synth_39195,26
synth_39425,26
synth_38725,26
synth_38905,26
synth_38444,26
synth_38559,26
synth_38587,26
synth_38607,26
synth_38841,26
synth_39098,26
synth_39105,26
synth_39294,26
synth_38824,26
synth_38522,26
synth_38709,26
synth_39196,26
synth_39310,26
synth_39663,26
synth_39007,26
synth_39237,26
synth_39325,26
synth_38748,26
synth_39623,26
synth_38606,26
synth_38678,26
synth_39235,26
synth_38701,26
synth_38848,26
synth_38474,26
synth_38540,26
synth_39184,26
synth_39304,26
synth_39529,26
synth_38682,26
synth_38732,26
synth_38735,26
synth_38823,26
synth_38860,26
synth_39197,26
synth_39260,26
synth_38429,26
synth_38924,26
synth_39670,26
synth_38451,26
synth_38628,26
synth_38698,26
synth_39096,26
synth_39280,26
synth_39431,26
synth_39440,26
synth_38765,26
synth_39157,26
synth_39624,26
synth_39040,26
synth_39247,26
synth_39512,26
synth_39613,26
synth_38775,26
synth_38815,26
synth_38528,26
synth_38890,26
synth_39177,26
synth_39233,26
synth_39251,26
synth_38531,26
synth_39402,26
synth_38533,26
synth_38551,26
synth_38556,26
synth_39114,26
synth_39209,26
synth_38923,26
synth_39159,26
synth_39300,26
synth_39565,26
synth_39574,26
synth_38921,26
synth_39161,26
synth_39338,26
synth_38552,26
synth_38602,26
synth_38796,26
synth_39033,26
synth_39178,26
synth_39604,26
synth_38948,26
synth_39628,26
synth_38452,26
synth_39229,26
synth_39314,26
synth_39363,26
synth_39454,26
synth_38458,26
synth_38506,26
synth_39240,26
synth_39550,26
synth_39589,26
synth_38829,26
synth_38985,26
synth_38518,26
synth_39031,26
synth_39203,26
synth_39284,26
synth_39309,26
synth_39354,26
synth_38931,26
synth_38996,26
synth_39061,26
synth_39258,26
synth_39456,26
synth_38959,26
synth_39340,26
synth_38615,26
synth_38640,26
synth_38710,26
synth_38875,26
synth_38720,26
synth_38818,26
synth_38960,26
synth_39379,26
synth_39500,26
synth_39563,26
synth_38656,26
synth_39013,26
synth_39123,26
synth_39373,26
synth_39494,26
synth_39259,26
synth_39629,26
synth_38840,26
synth_39066,26
synth_39106,26
synth_39378,26
synth_39501,26
synth_38867,26
synth_38542,26
synth_38612,26
synth_38618,26
synth_39113,26
synth_39181,26
synth_39391,26
synth_39561,26
synth_38464,26
synth_38909,26
synth_38925,26
synth_38423,26
synth_38426,26
synth_39071,26
synth_38747,26
synth_38466,26
synth_38793,26
synth_38883,26
synth_39107,26
synth_39432,26
synth_39465,26
synth_39625,26
synth_38499,26
synth_38583,26
synth_39135,26
synth_39322,26
synth_39389,26
synth_39435,26
synth_39566,26
synth_39528,26
synth_38784,26
synth_39264,26
synth_39641,26
synth_38427,26
synth_39201,26
synth_39448,26
synth_39021,26
synth_39045,26
synth_39076,26
synth_39302,26
synth_39332,26
synth_38465,26
synth_39223,26
synth_38749,26
synth_39351,26
synth_39117,26
synth_38555,26
synth_38734,26
synth_39165,26
synth_39381,26
synth_39530,26
synth_38889,26
synth_39658,26
synth_38511,26
synth_39010,26
synth_38837,26
synth_38951,26
synth_39164,26
synth_39638,26
synth_38544,26
synth_38623,26
synth_38900,26
synth_39084,26
synth_39399,26
synth_38707,26
synth_38918,26
synth_39642,26
synth_38492,26
synth_39017,26
synth_39067,26
synth_39271,26
synth_39404,26
synth_39436,26
synth_39513,26
synth_38535,26
synth_39138,26
synth_38634,26
synth_38835,26
synth_38917,26
synth_39110,26
synth_39536,26
synth_39596,26
synth_38702,26
synth_38816,26
synth_38937,26
synth_39239,26
synth_39349,26
synth_39414,26
synth_39544,26
synth_38753,26
synth_38797,26
synth_39403,26
synth_38468,26
synth_39668,26
synth_38485,26
synth_38486,26
synth_38589,26
synth_38627,26
synth_38991,26
synth_39011,26
synth_39347,26
synth_39433,26
synth_39478,26
synth_39569,26
synth_39669,26
synth_39169,26
synth_39147,26
synth_39418,26
synth_39468,26
synth_38744,26
synth_38752,26
synth_38839,26
synth_38696,26
synth_39038,26
synth_39609,26
synth_38431,26
synth_38467,26
synth_38595,26
synth_38686,26
synth_38712,26
synth_39086,26
synth_39141,26
synth_39254,26
synth_39341,26
synth_38441,26
synth_38582,26
synth_38862,26
synth_38897,26
synth_39140,26
synth_39320,26
synth_39384,26
synth_39415,26
synth_39548,26
synth_38770,26
synth_38989,26
synth_38521,26
synth_39035,26
synth_39090,26
synth_39610,26
synth_38600,26
synth_39171,26
synth_39241,26
synth_38809,26
synth_38920,26
synth_38608,26
synth_38613,26
synth_38874,26
synth_38892,26
synth_39018,26
synth_39126,26
synth_39149,26
synth_39581,26
synth_39631,26
synth_38455,26
synth_38878,26
synth_38529,26
synth_38871,26
synth_39275,26
synth_39453,26
synth_39498,26
synth_38819,26
synth_39644,26
synth_38588,26
synth_38912,26
synth_39150,26
synth_39291,26
synth_39305,26
synth_39535,26
synth_39591,26
synth_38758,26
synth_39318,26
synth_38541,26
synth_39014,26
synth_39215,26
synth_39323,26
synth_39408,26
synth_39499,26
synth_39337,26
synth_38737,26
synth_38896,26
synth_39059,26
synth_39070,26
synth_39180,26
synth_39244,26
synth_39385,26
synth_38922,26
synth_39139,26
synth_39027,26
synth_39218,26
synth_39234,26
synth_39313,26
synth_39451,26
synth_38647,26
synth_38814,26
synth_39137,26
synth_39269,26
synth_38503,26
synth_38593,26
synth_38688,26
synth_38733,26
synth_39039,26
synth_39348,26
synth_39507,26
synth_38750,26
synth_38424,26
synth_38685,26
synth_39052,26
synth_39075,26
synth_38643,26
synth_39656,26
synth_38554,26
synth_39023,26
synth_39293,26
synth_38927,26
synth_39662,26
synth_38498,26
synth_38561,26
synth_38894,26
synth_39168,26
synth_38461,26
synth_38545,26
synth_38687,26
synth_38886,26
synth_39044,26
synth_39282,26
synth_39417,26
synth_39477,26
synth_39602,26
synth_38462,26
synth_38724,26
synth_38697,26
synth_38870,26
synth_39539,26
synth_39559,26
synth_39579,26
synth_38826,26
synth_38549,26
synth_38790,26
synth_38831,26
synth_38884,26
synth_38973,26
synth_39124,26
synth_39189,26
synth_39261,26
synth_39443,26
synth_39630,26
synth_39627,26
synth_38693,26
synth_38810,26
synth_39316,26
synth_39598,26
synth_39176,26
synth_39355,26
synth_39411,26
synth_39459,26
synth_39462,26
synth_38641,26
synth_38828,26
synth_38930,26
synth_38947,26
synth_38655,26
synth_38856,26
synth_38901,26
synth_39088,26
synth_39109,26
synth_39571,26
synth_38833,26
synth_38902,26
synth_38975,26
synth_39288,26
synth_39336,26
synth_39560,26
synth_38760,26
synth_38523,26
synth_38524,26
synth_39024,26
synth_39368,26
synth_38516,26
synth_39190,26
synth_39413,26
synth_39063,26
synth_39296,26
synth_39445,26
synth_39511,26
synth_38764,26
synth_38635,26
synth_38695,26
synth_38913,26
synth_38976,26
synth_39365,26
synth_39442,26
synth_39633,26
synth_39634,26
synth_38703,26
synth_38786,26
synth_39485,26
synth_38644,26
synth_38719,26
synth_38743,26
synth_38783,26
synth_39648,26
synth_39036,26
synth_39486,26
synth_39490,26
synth_39582,26
synth_38617,26
synth_38631,26
synth_39375,26
synth_39522,26
synth_38568,26
synth_39048,26
synth_39204,26
synth_39231,26
synth_38708,26
synth_39160,26
synth_38812,26
synth_39134,26
synth_39173,26
synth_39438,26
synth_39449,26
synth_39460,26
synth_39636,26
synth_38636,26
synth_39009,26
synth_39156,26
synth_39194,26
synth_39452,26
synth_39509,26
synth_39632,26
synth_38625,26
synth_39000,26
synth_38740,26
synth_38963,26
synth_38966,26
synth_39290,26
synth_39388,26
synth_39421,26
synth_39083,26
synth_38473,26
synth_38846,26
synth_38885,26
synth_39032,26
synth_39130,26
synth_39255,26
synth_39405,26
synth_39515,26
synth_39575,26
synth_39580,26
synth_39034,26
synth_39439,26
synth_39441,26
synth_39572,26
synth_38722,26
synth_39220,26
synth_39253,26
synth_38827,26
synth_39643,26
synth_39003,26
synth_39437,26
synth_38908,26
synth_38476,26
synth_39232,26
synth_38866,26
synth_38487,26
synth_38546,26
synth_39092,26
synth_39287,26
synth_39307,26
synth_39474,26
synth_39506,26
synth_39595,26
synth_38435,26
synth_39082,26
synth_38591,26
synth_38652,26
synth_38691,26
synth_39002,26
synth_39041,26
synth_39286,26
synth_39518,26
synth_39519,26
synth_39526,26
synth_38721,26
synth_38754,26
synth_38757,26
synth_38558,26
synth_38564,26
synth_38676,26
synth_39055,26
synth_39428,26
synth_38868,26
synth_39357,26
synth_38494,26
synth_38526,26
synth_39262,26
synth_39619,26
synth_38547,26
synth_38566,26
synth_38574,26
synth_38974,26
synth_39457,26
synth_38968,26
synth_39081,26
synth_38739,26
synth_39122,26
synth_38705,26
synth_38808,26
synth_38514,26
synth_38781,26
synth_39050,26
synth_39326,26
synth_39429,26
synth_39469,26
synth_39473,26
synth_39608,26
synth_39396,26
synth_39447,26
synth_38428,26
synth_39154,26
synth_39583,26
synth_39590,26
synth_39118,26
synth_38578,26
synth_38620,26
synth_39155,26
synth_39281,26
synth_39298,26
synth_39367,26
synth_39370,26
synth_39407,26
synth_38493,26
synth_38694,26
synth_39174,26
synth_39475,26
synth_39607,26
synth_38530,26
synth_38759,26
synth_39058,26
synth_38706,26
synth_38481,26
synth_38520,26
synth_38550,26
synth_38852,26
synth_38903,26
synth_38763,26
synth_38954,26
synth_39266,26
synth_38842,26
synth_39072,26
synth_39074,26
synth_39224,26
synth_39386,26
synth_39576,26
synth_38926,26
synth_38590,26
synth_38677,26
synth_38850,26
synth_39207,26
synth_39504,26
synth_39567,26
synth_39085,26
synth_39246,26
synth_39616,26
synth_38457,26
synth_38982,26
synth_39342,26
synth_38425,26
synth_38519,26
synth_38662,26
synth_38674,26
synth_39095,26
synth_39200,26
synth_39252,26
synth_39353,26
synth_38718,26
synth_39277,26
synth_38525,26
synth_38594,26
synth_39362,26
synth_39380,26
synth_39424,26
synth_38730,26
synth_38906,26
synth_38992,26
synth_39062,26
synth_39080,26
synth_39666,26
synth_38672,26
synth_39152,26
synth_39166,26
synth_39273,26
synth_38453,26
synth_39049,26
synth_38857,26
synth_38609,26
synth_39356,26
synth_39374,26
synth_38769,26
synth_38847,26
synth_38957,26
synth_38475,26
synth_38727,26
synth_39216,26
synth_39295,26
synth_39419,26
synth_38751,26
synth_38666,26
synth_39077,26
synth_39167,26
synth_39226,26
synth_39321,26
synth_39467,26
synth_38717,26
synth_38562,26
synth_38961,26
synth_39383,26
synth_39496,26
synth_39538,26
synth_38932,26
synth_38527,26
synth_38605,26
synth_38729,26
synth_38895,26
synth_39328,26
synth_39376,26
synth_38663,26
synth_39005,26
synth_39552,26
synth_38956,26
synth_39654,26
synth_38887,26
synth_39236,26
synth_39285,26
synth_39483,26
synth_39562,26
synth_38650,26
synth_38933,26
synth_38994,26
synth_39652,26
synth_38454,26
synth_39006,26
synth_39514,26
synth_39568,26
synth_38517,26
synth_38699,26
synth_38821,26
synth_38990,26
synth_39037,26
synth_39102,26
synth_39198,26
synth_39400,26
synth_38436,26
synth_39651,26
synth_39660,26
synth_38570,26
synth_38603,26
synth_38637,26
synth_39030,26
synth_39127,26
synth_39136,26
synth_39225,26
synth_39549,26
synth_39659,26
synth_38502,26
synth_38507,26
synth_38584,26
synth_39185,26
synth_38936,26
synth_38969,26
synth_38811,26
synth_39387,26
synth_38648,26
synth_39626,26
synth_39657,26
synth_38472,26
synth_38483,26
synth_38515,26
synth_38880,26
synth_39210,26
synth_39397,26
synth_39588,26
synth_38742,26
synth_38993,26
synth_39664,26
synth_38560,26
synth_38565,26
synth_38586,26
synth_38851,26
synth_39283,26
synth_39371,26
synth_38585,26
synth_38910,26
synth_38915,26
synth_38970,26
synth_39333,26
synth_39472,26
synth_38692,26
synth_39183,26
synth_39471,26
synth_38479,26
synth_38432,26
synth_38491,26
synth_38898,26
synth_39047,26
synth_39395,26
synth_39543,26
synth_38626,26
synth_39026,26
synth_39078,26
synth_39476,26
synth_39553,26
synth_38777,26
synth_39267,26
synth_39484,26
synth_39487,26
synth_39510,26
synth_39343,26
synth_39093,26
synth_39103,26
synth_39112,26
synth_38478,26
synth_38768,26
synth_38941,26
synth_39645,26
synth_39028,26
synth_38704,26
synth_38659,26
synth_39406,26
synth_38438,26
synth_38746,26
synth_38500,26
synth_38539,26
synth_39100,26
synth_39214,26
synth_39577,26
synth_38700,26
synth_38836,26
synth_38738,26
synth_39227,26
synth_39672,26
synth_39673,26
synth_38604,26
synth_38899,26
synth_39242,26
synth_39470,26
synth_39508,26
synth_39594,26
synth_38801,26
synth_38919,26
synth_38484,26
synth_39250,26
synth_38791,26
synth_38799,26
synth_38914,26
synth_39211,26
synth_39331,26
synth_39346,26
synth_39640,26
synth_38470,26
synth_38557,26
synth_38622,26
synth_39015,26
synth_39312,26
synth_39398,26
synth_39420,26
synth_38782,26
synth_39279,26
synth_38433,26
synth_38445,26
synth_38448,26
synth_38611,26
synth_38977,26
synth_39584,26
synth_38460,26
synth_38929,26
synth_38447,26
synth_38508,26
synth_39016,26
synth_39120,26
synth_39537,26
synth_39611,26
synth_38762,26
synth_38579,26
synth_39065,26
synth_39401,26
synth_39531,26
synth_38945,26
synth_39667,26
synth_38675,26
synth_39597,26
synth_39409,26
synth_39502,26
synth_39503,26
synth_39615,26
synth_38532,26
synth_38596,26
synth_38629,26
synth_38653,26
synth_38689,26
synth_38728,26
synth_38723,26
synth_38939,26
synth_38490,26
synth_39311,26
synth_39655,26
synth_38581,26
synth_38599,26
synth_39430,26
synth_39551,26
synth_39317,26
synth_38480,26
synth_38832,26
synth_38980,26
synth_39097,26
synth_39480,26
synth_39524,26
synth_39542,26
synth_39612,26
synth_39060,26
synth_39639,26
synth_39481,26
synth_38571,26
synth_38854,26
synth_39193,26
synth_39230,26
synth_39360,26
synth_39493,26
synth_38984,26
synth_38513,26
synth_38601,26
synth_38798,26
synth_39046,26
synth_38766,26
synth_38943,26
synth_39278,26
synth_38496,26
synth_38630,26
synth_38667,26
synth_39458,26
synth_38434,26
synth_39358,26
synth_38572,26
synth_39297,26
synth_39482,26
synth_39534,26
synth_38646,26
synth_38767,26
synth_38771,26
synth_38934,26
synth_38955,26
synth_38430,26
synth_38471,26
synth_38638,26
synth_39372,26
synth_39416,26
synth_39599,26
synth_38489,26
synth_38882,26
synth_39270,26
synth_39585,26
synth_38805,26
synth_38639,26
synth_38855,26
synth_39079,26
synth_39094,26
synth_39245,26
synth_39352,26
synth_39377,26
synth_39392,26
synth_39427,26
synth_38469,26
synth_38577,26
synth_38665,26
synth_38681,26
synth_38904,26
synth_38967,26
synth_39228,26
synth_39276,26
synth_39366,26
synth_39422,26
synth_39617,26
synth_39558,26
synth_38971,26
synth_39143,26
synth_39618,26
synth_38928,26
synth_38997,26
synth_39649,26
synth_38597,26
synth_38911,26
synth_39125,26
synth_39186,26
synth_39390,26
synth_39523,26
synth_38711,26
synth_38800,26
synth_38510,26
synth_39461,26
synth_39463,26
synth_38986,26
synth_39268,26
synth_38563,26
synth_39578,26
synth_39600,26
synth_38504,26
synth_39022,26
synth_39146,26
synth_39249,26
synth_39601,26
synth_38497,26
synth_38965,26
synth_39248,26
synth_39303,26
synth_39426,26
synth_39466,26
synth_39516,26
synth_39547,26
synth_39564,26
synth_38942,26
synth_39121,26
synth_39172,26
synth_39187,26
synth_39192,26
synth_39272,26
synth_39495,26
synth_38755,26
synth_38787,26
synth_38813,26
synth_39620,26
synth_38632,26
synth_38780,26
synth_38844,26
synth_39043,26
synth_39128,26
synth_38654,26
synth_38679,26
synth_38843,26
synth_38972,26
synth_39020,26
synth_39556,26
synth_38804,26
synth_38501,26
synth_38680,26
synth_39505,26
synth_39587,26
synth_38459,26
synth_38817,26
synth_38998,26
synth_38569,26
synth_38598,26
synth_38830,26
synth_39069,26
synth_38645,26
synth_38619,26
synth_39056,26
synth_39324,26
synth_39455,26
synth_38779,26
synth_38888,26
synth_39622,26
synth_39661,26
synth_39955,25
synth_40315,25
synth_40329,25
synth_40620,25
synth_39706,25
synth_39754,25
synth_39787,25
synth_40001,25
synth_40281,25
synth_40310,25
synth_40321,25
synth_40334,25
synth_41004,25
synth_40682,25
synth_39946,25
synth_40378,25
synth_40532,25
synth_40883,25
synth_40961,25
synth_39818,25
synth_39928,25
synth_39972,25
synth_40165,25
synth_39796,25
synth_39887,25
synth_39779,25
synth_39822,25
synth_40168,25
synth_40322,25
synth_40348,25
synth_40671,25
synth_40806,25
synth_40836,25
synth_39718,25
synth_40906,25
synth_41012,25
synth_39839,25
synth_40163,25
synth_40435,25
synth_40446,25
synth_40500,25
synth_40506,25
synth_40540,25
synth_40544,25
synth_39937,25
synth_40064,25
synth_40079,25
synth_40187,25
synth_40210,25
synth_40225,25
synth_40244,25
synth_40245,25
synth_40314,25
synth_40470,25
synth_40748,25
synth_40882,25
synth_40967,25
synth_39714,25
synth_39874,25
synth_40142,25
synth_39814,25
synth_40395,25
synth_40469,25
synth_40523,25
synth_40760,25
synth_40950,25
synth_39870,25
synth_39895,25
synth_40331,25
synth_40436,25
synth_40617,25
synth_40654,25
synth_40925,25
synth_40955,25
synth_40973,25
synth_39930,25
synth_39954,25
synth_40227,25
synth_40407,25
synth_40461,25
synth_40549,25
synth_40788,25
synth_40828,25
synth_40850,25
synth_40010,25
synth_40134,25
synth_40525,25
synth_39970,25
synth_40582,25
synth_39841,25
synth_40915,25
synth_40497,25
synth_40600,25
synth_40888,25
synth_40894,25
synth_40259,25
synth_39804,25
synth_40044,25
synth_40839,25
synth_39738,25
synth_40242,25
synth_40427,25
synth_40495,25
synth_40503,25
synth_40616,25
synth_40910,25
synth_40939,25
synth_39717,25
synth_40763,25
synth_39707,25
synth_39728,25
synth_39941,25
synth_40003,25
synth_40135,25
synth_40223,25
synth_40558,25
synth_40775,25
synth_40884,25
synth_40061,25
synth_40913,25
synth_39801,25
synth_39988,25
synth_39989,25
synth_40160,25
synth_40483,25
synth_40721,25
synth_40815,25
synth_40902,25
synth_39885,25
synth_40087,25
synth_40182,25
synth_39983,25
synth_40251,25
synth_40985,25
synth_39687,25
synth_39792,25
synth_39794,25
synth_39883,25
synth_39959,25
synth_40267,25
synth_39922,25
synth_39702,25
synth_40263,25
synth_40637,25
synth_40644,25
synth_40283,25
synth_39821,25
synth_39831,25
synth_40335,25
synth_39840,25
synth_40601,25
synth_40679,25
synth_40694,25
synth_40714,25
synth_40350,25
synth_40358,25
synth_40418,25
synth_40458,25
synth_40724,25
synth_39762,25
synth_39774,25
synth_39906,25
synth_40272,25
synth_40353,25
synth_40376,25
synth_40940,25
synth_40018,25
synth_40193,25
synth_40299,25
synth_40054,25
synth_40393,25
synth_40652,25
synth_39973,25
synth_40562,25
synth_41001,25
synth_39711,25
synth_39797,25
synth_40085,25
synth_40816,25
synth_40938,25
synth_39799,25
synth_40137,25
synth_40248,25
synth_39723,25
synth_39806,25
synth_40368,25
synth_40369,25
synth_40533,25
synth_40536,25
synth_40596,25
synth_40618,25
synth_40646,25
synth_40787,25
synth_39793,25
synth_40710,25
synth_40917,25
synth_40751,25
synth_40758,25
synth_40090,25
synth_40706,25
synth_39949,25
synth_40303,25
synth_40504,25
synth_40857,25
synth_40963,25
synth_40025,25
synth_40105,25
synth_39953,25
synth_39960,25
synth_39996,25
synth_40291,25
synth_40344,25
synth_40474,25
synth_40981,25
synth_41006,25
synth_39854,25
synth_39938,25
synth_40176,25
synth_40387,25
synth_40586,25
synth_40590,25
synth_40947,25
synth_39756,25
synth_40704,25
synth_40713,25
synth_41011,25
synth_39992,25
synth_40078,25
synth_40318,25
synth_40524,25
synth_40026,25
synth_40133,25
synth_40089,25
synth_40158,25
synth_40411,25
synth_40482,25
synth_40659,25
synth_40745,25
synth_40831,25
synth_40841,25
synth_40931,25
synth_39808,25
synth_40548,25
synth_40145,25
synth_40711,25
synth_39980,25
synth_40201,25
synth_40215,25
synth_40295,25
synth_40343,25
synth_40595,25
synth_40899,25
synth_39843,25
synth_39882,25
synth_40068,25
synth_40691,25
synth_39950,25
synth_40305,25
synth_40624,25
synth_39786,25
synth_40285,25
synth_40686,25
synth_39812,25
synth_39912,25
synth_40326,25
synth_40403,25
synth_40838,25
synth_40845,25
synth_39729,25
synth_39862,25
synth_40098,25
synth_40507,25
synth_40768,25
synth_40907,25
synth_40330,25
synth_40782,25
synth_40112,25
synth_40703,25
synth_39934,25
synth_40362,25
synth_40382,25
synth_40384,25
synth_40397,25
synth_40280,25
synth_40338,25
synth_40198,25
synth_40349,25
synth_40394,25
synth_40396,25
synth_40449,25
synth_40635,25
synth_40740,25
synth_40873,25
synth_39764,25
synth_39853,25
synth_40207,25
synth_40250,25
synth_40386,25
synth_40468,25
synth_40765,25
synth_40934,25
synth_39684,25
synth_39890,25
synth_39893,25
synth_40693,25
synth_40185,25
synth_40235,25
synth_40598,25
synth_40608,25
synth_40843,25
synth_39742,25
synth_39845,25
synth_40156,25
synth_40340,25
synth_40761,25
synth_40827,25
synth_39700,25
synth_39745,25
synth_40063,25
synth_40119,25
synth_40919,25
synth_40046,25
synth_40520,25
synth_40738,25
synth_40807,25
synth_40848,25
synth_40926,25
synth_40935,25
synth_40954,25
synth_40067,25
synth_40197,25
synth_40499,25
synth_40501,25
synth_40655,25
synth_40849,25
synth_39776,25
synth_40122,25
synth_39807,25
synth_40040,25
synth_40636,25
synth_40750,25
synth_40784,25
synth_40956,25
synth_39795,25
synth_40075,25
synth_40164,25
synth_40428,25
synth_40626,25
synth_40114,25
synth_40707,25
synth_39956,25
synth_39993,25
synth_40224,25
synth_40793,25
synth_39712,25
synth_39713,25
synth_39835,25
synth_40509,25
synth_39997,25
synth_40149,25
synth_40361,25
synth_40656,25
synth_40669,25
synth_40023,25
synth_40096,25
synth_40466,25
synth_40545,25
synth_40772,25
synth_40792,25
synth_40814,25
synth_40886,25
synth_39694,25
synth_40120,25
synth_40720,25
synth_39915,25
synth_40247,25
synth_40754,25
synth_40895,25
synth_39765,25
synth_40106,25
synth_40687,25
synth_39978,25
synth_39994,25
synth_40208,25
synth_40255,25
synth_40664,25
synth_40864,25
synth_40928,25
synth_39749,25
synth_39855,25
synth_39863,25
synth_39865,25
synth_40239,25
synth_39943,25
synth_40742,25
synth_40993,25
synth_39777,25
synth_39864,25
synth_40029,25
synth_40180,25
synth_39945,25
synth_39976,25
synth_40389,25
synth_40423,25
synth_40464,25
synth_40473,25
synth_40567,25
synth_40676,25
synth_40801,25
synth_40859,25
synth_40153,25
synth_39739,25
synth_39909,25
synth_39984,25
synth_40166,25
synth_40312,25
synth_40320,25
synth_40420,25
synth_40667,25
synth_40872,25
synth_39689,25
synth_40192,25
synth_39803,25
synth_39963,25
synth_40402,25
synth_40465,25
synth_40445,25
synth_40132,25
synth_40342,25
synth_40442,25
synth_40467,25
synth_40731,25
synth_40818,25
synth_40262,25
synth_39913,25
synth_40048,25
synth_40640,25
synth_40805,25
synth_40869,25
synth_40057,25
synth_40217,25
synth_41002,25
synth_40009,25
synth_39828,25
synth_40049,25
synth_40367,25
synth_40892,25
synth_39679,25
synth_40692,25
synth_39830,25
synth_39975,25
synth_40588,25
synth_40607,25
synth_40634,25
synth_40810,25
synth_39747,25
synth_39846,25
synth_39908,25
synth_40109,25
synth_40363,25
synth_40795,25
synth_40820,25
synth_39727,25
synth_39741,25
synth_39897,25
synth_39991,25
synth_40660,25
synth_40798,25
synth_40887,25
synth_41003,25
synth_41018,25
synth_39688,25
synth_39743,25
synth_40684,25
synth_40253,25
synth_40437,25
synth_39691,25
synth_40002,25
synth_40904,25
synth_40038,25
synth_40216,25
synth_40241,25
synth_40417,25
synth_40757,25
synth_40813,25
synth_41008,25
synth_39716,25
synth_39892,25
synth_39809,25
synth_39825,25
synth_39837,25
synth_40179,25
synth_40188,25
synth_40364,25
synth_40444,25
synth_40896,25
synth_40258,25
synth_40702,25
synth_41013,25
synth_40058,25
synth_40234,25
synth_40252,25
synth_40447,25
synth_40767,25
synth_39790,25
synth_40583,25
synth_40803,25
synth_40739,25
synth_40095,25
synth_40211,25
synth_40425,25
synth_40625,25
synth_39724,25
synth_39750,25
synth_40209,25
synth_40717,25
synth_40332,25
synth_40385,25
synth_40726,25
synth_40770,25
synth_39751,25
synth_40206,25
synth_40237,25
synth_40256,25
synth_40337,25
synth_40374,25
synth_40486,25
synth_40493,25
synth_40785,25
synth_40972,25
synth_41007,25
synth_39690,25
synth_39692,25
synth_39748,25
synth_40050,25
synth_40131,25
synth_39925,25
synth_39686,25
synth_40565,25
synth_40958,25
synth_40074,25
synth_40357,25
synth_40603,25
synth_40666,25
synth_40737,25
synth_40824,25
synth_40970,25
synth_39918,25
synth_40230,25
synth_40675,25
synth_40743,25
synth_40812,25
synth_40833,25
synth_40854,25
synth_39730,25
synth_39858,25
synth_40130,25
synth_39931,25
synth_40076,25
synth_40475,25
synth_40609,25
synth_40776,25
synth_41000,25
synth_40496,25
synth_40809,25
synth_40015,25
synth_41010,25
synth_40611,25
synth_40733,25
synth_40766,25
synth_40354,25
synth_40170,25
synth_39932,25
synth_40214,25
synth_40304,25
synth_40510,25
synth_40542,25
synth_40543,25
synth_40937,25
synth_40339,25
synth_39683,25
synth_40908,25
synth_39967,25
synth_40069,25
synth_40162,25
synth_40643,25
synth_40844,25
synth_40004,25
synth_40519,25
synth_39935,25
synth_40172,25
synth_40274,25
synth_40964,25
synth_39788,25
synth_40559,25
synth_40613,25
synth_39838,25
synth_40221,25
synth_40406,25
synth_40890,25
synth_39775,25
synth_40190,25
synth_39836,25
synth_40174,25
synth_40480,25
synth_40508,25
synth_40832,25
synth_40877,25
synth_40893,25
synth_40965,25
synth_39752,25
synth_40426,25
synth_40429,25
synth_40560,25
synth_40632,25
synth_40866,25
synth_40992,25
synth_39780,25
synth_40151,25
synth_39810,25
synth_40333,25
synth_40440,25
synth_40847,25
synth_40861,25
synth_40957,25
synth_40962,25
synth_39708,25
synth_39740,25
synth_40749,25
synth_40443,25
synth_40463,25
synth_40871,25
synth_40976,25
synth_39884,25
synth_40027,25
synth_40097,25
synth_40432,25
synth_40460,25
synth_40592,25
synth_40597,25
synth_40658,25
synth_40673,25
synth_40268,25
synth_39929,25
synth_40623,25
synth_39753,25
synth_40093,25
synth_40116,25
synth_40155,25
synth_39995,25
synth_40232,25
synth_40293,25
synth_40570,25
synth_40865,25
synth_39676,25
synth_40024,25
synth_40629,25
synth_40696,25
synth_39901,25
synth_40175,25
synth_40323,25
synth_40492,25
synth_40779,25
synth_40835,25
synth_40359,25
synth_40441,25
synth_40511,25
synth_40547,25
synth_40932,25
synth_39722,25
synth_40196,25
synth_40276,25
synth_40681,25
synth_40301,25
synth_40494,25
synth_40790,25
synth_40867,25
synth_40951,25
synth_40030,25
synth_40914,25
synth_39948,25
synth_40610,25
synth_40936,25
synth_39695,25
synth_39888,25
synth_39891,25
synth_39936,25
synth_40404,25
synth_40433,25
synth_40522,25
synth_40642,25
synth_39736,25
synth_40405,25
synth_40457,25
synth_40804,25
synth_40851,25
synth_40897,25
synth_40933,25
synth_40983,25
synth_39878,25
synth_40017,25
synth_39719,25
synth_39834,25
synth_39979,25
synth_40591,25
synth_40699,25
synth_40746,25
synth_40846,25
synth_39778,25
synth_40716,25
synth_40240,25
synth_40563,25
synth_40830,25
synth_40031,25
synth_40526,25
synth_39849,25
synth_40351,25
synth_40944,25
synth_40515,25
synth_39832,25
synth_39927,25
synth_40094,25
synth_40167,25
synth_40177,25
synth_40408,25
synth_40612,25
synth_40479,25
synth_40401,25
synth_40453,25
synth_40863,25
synth_40071,25
synth_40708,25
synth_40712,25
synth_40231,25
synth_40672,25
synth_40978,25
synth_40698,25
synth_39903,25
synth_40271,25
synth_40557,25
synth_39737,25
synth_40125,25
synth_40243,25
synth_40013,25
synth_40036,25
synth_40060,25
synth_40043,25
synth_40226,25
synth_40345,25
synth_40488,25
synth_40599,25
synth_40650,25
synth_40661,25
synth_40725,25
synth_41015,25
synth_39798,25
synth_40084,25
synth_40124,25
synth_40194,25
synth_40685,25
synth_39827,25
synth_40398,25
synth_40419,25
synth_40573,25
synth_40668,25
synth_39704,25
synth_40115,25
synth_39951,25
synth_40045,25
synth_40275,25
synth_39731,25
synth_40019,25
synth_40088,25
synth_40101,25
synth_39820,25
synth_40551,25
synth_40678,25
synth_40885,25
synth_40969,25
synth_40977,25
synth_40995,25
synth_40110,25
synth_40144,25
synth_39933,25
synth_40309,25
synth_40375,25
synth_40862,25
synth_39866,25
synth_39917,25
synth_40066,25
synth_40080,25
synth_40148,25
synth_40246,25
synth_40415,25
synth_40744,25
synth_40794,25
synth_40829,25
synth_40986,25
synth_39697,25
synth_39851,25
synth_40723,25
synth_39732,25
synth_39783,25
synth_40715,25
synth_40719,25
synth_40039,25
synth_40783,25
synth_39699,25
synth_39902,25
synth_40365,25
synth_40422,25
synth_40505,25
synth_40677,25
synth_40876,25
synth_40974,25
synth_40006,25
synth_40129,25
synth_40181,25
synth_40108,25
synth_40534,25
synth_40581,25
synth_40585,25
synth_40128,25
synth_40286,25
synth_39789,25
synth_39823,25
synth_40561,25
synth_40878,25
synth_40718,25
synth_39900,25
synth_40261,25
synth_40270,25
synth_40388,25
synth_40802,25
synth_39678,25
synth_39844,25
synth_39968,25
synth_40324,25
synth_40409,25
synth_40574,25
synth_40858,25
synth_40930,25
synth_41019,25
synth_39856,25
synth_39881,25
synth_40697,25
synth_39829,25
synth_40139,25
synth_40307,25
synth_40414,25
synth_40554,25
synth_40593,25
synth_40621,25
synth_40701,25
synth_39861,25
synth_40035,25
synth_39824,25
synth_39923,25
synth_40055,25
synth_40169,25
synth_40233,25
synth_40410,25
synth_40800,25
synth_39733,25
synth_39850,25
synth_39939,25
synth_40184,25
synth_39904,25
synth_40218,25
synth_40254,25
synth_40797,25
synth_40949,25
synth_39940,25
synth_40065,25
synth_39859,25
synth_40777,25
synth_40982,25
synth_39693,25
synth_39744,25
synth_39942,25
synth_40062,25
synth_39802,25
synth_40605,25
synth_40670,25
synth_40730,25
synth_40755,25
synth_40773,25
synth_40911,25
synth_40971,25
synth_39965,25
synth_39987,25
synth_40317,25
synth_40452,25
synth_40817,25
synth_40822,25
synth_39771,25
synth_39772,25
synth_40034,25
synth_40127,25
synth_39826,25
synth_40099,25
synth_40371,25
synth_40870,25
synth_40874,25
synth_40990,25
synth_40051,25
synth_40729,25
synth_39811,25
synth_39966,25
synth_40587,25
synth_40856,25
synth_40912,25
synth_39705,25
synth_39773,25
synth_40117,25
synth_40476,25
synth_40550,25
synth_40796,25
synth_40880,25
synth_40159,25
synth_40189,25
synth_40627,25
synth_40100,25
synth_40639,25
synth_39800,25
synth_40424,25
synth_40566,25
synth_40808,25
synth_39746,25
synth_40021,25
synth_40073,25
synth_40728,25
synth_39905,25
synth_39916,25
synth_40383,25
synth_40853,25
synth_40879,25
synth_40997,25
synth_39696,25
synth_40008,25
synth_40102,25
synth_39974,25
synth_40205,25
synth_40327,25
synth_40842,25
synth_40852,25
synth_40948,25
synth_40998,25
synth_39876,25
synth_40341,25
synth_40819,25
synth_40941,25
synth_39869,25
synth_40688,25
synth_40662,25
synth_40924,25
synth_39868,25
synth_39958,25
synth_40041,25
synth_40302,25
synth_40346,25
synth_40552,25
synth_40900,25
synth_39710,25
synth_39842,25
synth_40011,25
synth_40296,25
synth_40674,25
synth_40923,25
synth_39782,25
synth_40529,25
synth_39759,25
synth_39971,25
synth_40311,25
synth_40412,25
synth_40462,25
synth_40579,25
synth_40657,25
synth_40875,25
synth_40922,25
synth_41017,25
synth_39715,25
synth_40072,25
synth_40298,25
synth_40220,25
synth_40381,25
synth_40421,25
synth_40491,25
synth_40502,25
synth_40594,25
synth_40606,25
synth_40628,25
synth_40988,25
synth_39767,25
synth_40454,25
synth_40541,25
synth_39682,25
synth_39926,25
synth_39985,25
synth_40355,25
synth_40431,25
synth_40478,25
synth_40484,25
synth_40521,25
synth_40577,25
synth_40889,25
synth_40517,25
synth_39817,25
synth_40292,25
synth_40789,25
synth_40183,25
synth_41014,25
synth_39889,25
synth_39952,25
synth_40308,25
synth_40471,25
synth_40898,25
synth_39734,25
synth_39766,25
synth_39784,25
synth_39919,25
synth_40104,25
synth_40126,25
synth_40264,25
synth_40289,25
synth_40347,25
synth_40399,25
synth_40472,25
synth_40487,25
synth_40631,25
synth_40980,25
synth_39701,25
synth_39726,25
synth_39768,25
synth_40516,25
synth_39815,25
synth_40273,25
synth_40290,25
synth_40372,25
synth_40391,25
synth_40413,25
synth_40732,25
synth_40747,25
synth_40921,25
synth_40959,25
synth_39860,25
synth_39957,25
synth_40022,25
synth_40086,25
synth_40279,25
synth_40288,25
synth_40918,25
synth_40416,25
synth_40438,25
synth_40630,25
synth_40663,25
synth_40665,25
synth_40727,25
synth_40752,25
synth_40811,25
synth_40927,25
synth_39805,25
synth_40212,25
synth_40352,25
synth_40456,25
synth_40837,25
synth_40012,25
synth_39907,25
synth_40313,25
synth_40319,25
synth_40513,25
synth_40535,25
synth_40762,25
synth_40929,25
synth_39681,25
synth_39781,25
synth_39877,25
synth_40042,25
synth_40439,25
synth_40028,25
synth_40150,25
synth_40680,25
synth_39680,25
synth_40070,25
synth_40451,25
synth_40530,25
synth_40722,25
synth_40778,25
synth_40966,25
synth_40173,25
synth_40868,25
synth_40257,25
synth_39879,25
synth_40578,25
synth_40641,25
synth_40282,25
synth_40434,25
synth_40546,25
synth_40645,25
synth_40920,25
synth_40994,25
synth_39725,25
synth_39852,25
synth_39873,25
synth_40103,25
synth_39813,25
synth_39833,25
synth_39982,25
synth_40780,25
synth_39677,25
synth_39760,25
synth_39944,25
synth_40619,25
synth_40157,25
synth_40539,25
synth_40821,25
synth_39857,25
synth_40032,25
synth_40146,25
synth_40905,25
synth_40370,25
synth_40735,25
synth_40033,25
synth_40683,25
synth_40705,25
synth_39769,25
synth_39899,25
synth_40249,25
synth_40572,25
synth_40584,25
synth_40651,25
synth_40968,25
synth_39761,25
synth_40007,25
synth_40118,25
synth_40266,25
synth_40284,25
synth_40147,25
synth_40392,25
synth_39770,25
synth_39910,25
synth_40236,25
synth_40575,25
synth_40791,25
synth_40952,25
synth_39703,25
synth_39872,25
synth_40121,25
synth_40366,25
synth_40564,25
synth_40569,25
synth_40647,25
synth_40736,25
synth_40771,25
synth_40786,25
synth_39720,25
synth_40709,25
synth_40531,25
synth_40538,25
synth_40576,25
synth_40615,25
synth_40840,25
synth_40860,25
synth_40891,25
synth_40091,25
synth_40448,25
synth_40945,25
synth_40996,25
synth_39785,25
synth_40016,25
synth_40649,25
synth_40005,25
synth_39921,25
synth_39981,25
synth_40037,25
synth_40178,25
synth_40111,25
synth_40238,25
synth_40316,25
synth_40477,25
synth_40975,25
synth_40989,25
synth_40123,25
synth_40141,25
synth_39962,25
synth_39964,25
synth_40199,25
synth_40202,25
synth_40622,25
synth_40991,25
synth_39685,25
synth_40152,25
synth_40278,25
synth_39920,25
synth_39986,25
synth_40077,25
synth_40213,25
synth_40260,25
synth_40328,25
synth_40450,25
synth_40589,25
synth_40020,25
synth_40518,25
synth_40700,25
synth_39998,25
synth_40781,25
synth_39880,25
synth_40082,25
synth_39947,25
synth_40356,25
synth_40514,25
synth_40568,25
synth_40571,25
synth_40764,25
synth_40083,25
synth_40154,25
synth_40059,25
synth_40222,25
synth_40498,25
synth_40580,25
synth_40638,25
synth_40756,25
synth_40881,25
synth_40987,25
synth_39847,25
synth_40014,25
synth_40689,25
synth_40056,25
synth_40203,25
synth_40377,25
synth_40734,25
synth_40953,25
synth_39735,25
synth_40379,25
synth_40602,25
synth_40834,25
synth_40943,25
synth_39758,25
synth_40092,25
synth_40297,25
synth_40759,25
synth_39911,25
synth_39914,25
synth_40229,25
synth_40459,25
synth_39871,25
synth_40000,25
synth_40695,25
synth_40604,25
synth_40825,25
synth_40140,25
synth_40161,25
synth_40380,25
synth_40490,25
synth_40741,25
synth_39698,25
synth_40052,25
synth_40113,25
synth_40287,25
synth_40528,25
synth_39990,25
synth_40300,25
synth_40485,25
synth_40553,25
synth_39675,25
synth_40916,25
synth_40219,25
synth_40306,25
synth_40400,25
synth_40769,25
synth_41016,25
synth_40195,25
synth_39709,25
synth_39961,25
synth_40294,25
synth_40325,25
synth_40774,25
synth_40901,25
synth_40942,25
synth_40999,25
synth_39755,25
synth_39791,25
synth_39999,25
synth_40512,25
synth_40614,25
synth_39819,25
synth_40200,25
synth_40228,25
synth_40799,25
synth_39898,25
synth_40171,25
synth_40138,25
synth_40390,25
synth_40648,25
synth_40823,25
synth_40979,25
synth_39763,25
synth_40265,25
synth_39816,25
synth_40336,25
synth_40653,25
synth_40826,25
synth_40053,25
synth_40269,25
synth_40690,25
synth_39969,25
synth_39977,25
synth_40136,25
synth_40481,25
synth_40489,25
synth_40960,25
synth_40984,25
synth_39867,25
synth_40277,25
synth_39924,25
synth_39721,25
synth_40191,25
synth_40047,25
synth_40186,25
synth_40430,25
synth_40537,25
synth_39875,25
synth_40527,25
synth_39757,25
synth_40081,25
synth_40143,25
synth_40204,25
synth_40633,25
synth_40360,25
synth_40455,25
synth_40946,25
synth_41009,25
synth_39848,25
synth_39896,25
synth_40373,25
synth_40555,25
synth_40556,25
synth_40107,25
synth_40753,25
synth_40855,25
synth_41005,25
synth_39886,25
synth_39894,25
synth_40903,25
synth_40909,25
synth_41309,24
synth_41324,24
synth_41362,24
synth_41746,24
synth_41873,24
synth_42097,24
synth_42156,24
synth_42247,24
synth_42439,24
synth_41200,24
synth_41493,24
synth_41902,24
synth_41944,24
synth_42128,24
synth_42341,24
synth_42407,24
synth_41940,24
synth_42100,24
synth_42357,24
synth_41844,24
synth_42217,24
synth_42231,24
synth_42432,24
synth_41033,24
synth_42024,24
synth_41317,24
synth_41491,24
synth_41959,24
synth_42286,24
synth_41460,24
synth_41502,24
synth_41663,24
synth_41199,24
synth_41223,24
synth_42437,24
synth_41773,24
synth_42013,24
synth_42032,24
synth_42213,24
synth_41269,24
synth_41408,24
synth_41620,24
synth_41799,24
synth_41915,24
synth_42465,24
synth_41400,24
synth_41522,24
synth_41971,24
synth_42007,24
synth_42335,24
synth_41140,24
synth_41427,24
synth_41549,24
synth_41604,24
synth_41918,24
synth_41969,24
synth_42297,24
synth_42360,24
synth_41079,24
synth_41380,24
synth_41598,24
synth_41699,24
synth_41755,24
synth_41048,24
synth_41314,24
synth_41469,24
synth_41701,24
synth_41737,24
synth_41768,24
synth_41116,24
synth_41995,24
synth_42077,24
synth_42291,24
synth_42298,24
synth_41610,24
synth_42023,24
synth_41093,24
synth_41284,24
synth_41447,24
synth_41723,24
synth_41758,24
synth_41326,24
synth_41340,24
synth_41472,24
synth_41570,24
synth_41809,24
synth_42057,24
synth_42082,24
synth_41282,24
synth_41470,24
synth_41702,24
synth_42295,24
synth_42333,24
synth_41113,24
synth_41363,24
synth_41446,24
synth_41456,24
synth_41983,24
synth_41423,24
synth_41676,24
synth_41727,24
synth_41735,24
synth_41738,24
synth_41980,24
synth_42089,24
synth_42391,24
synth_42170,24
synth_41486,24
synth_41553,24
synth_41763,24
synth_42034,24
synth_42040,24
synth_42093,24
synth_42118,24
synth_42187,24
synth_42460,24
synth_42201,24
synth_41100,24
synth_41329,24
synth_41519,24
synth_41829,24
synth_41932,24
synth_42334,24
synth_41092,24
synth_41826,24
synth_41938,24
synth_42120,24
synth_42189,24
synth_42300,24
synth_42356,24
synth_41081,24
synth_41087,24
synth_41607,24
synth_41732,24
synth_41823,24
synth_42063,24
synth_42185,24
synth_42235,24
synth_41291,24
synth_41414,24
synth_41837,24
synth_42086,24
synth_42146,24
synth_42433,24
synth_41151,24
synth_41266,24
synth_41292,24
synth_41483,24
synth_41605,24
synth_41734,24
synth_41798,24
synth_42265,24
synth_41685,24
synth_41026,24
synth_41120,24
synth_41360,24
synth_41557,24
synth_41979,24
synth_42037,24
synth_42039,24
synth_42080,24
synth_41972,24
synth_41060,24
synth_41276,24
synth_41325,24
synth_42390,24
synth_41061,24
synth_41070,24
synth_41279,24
synth_41306,24
synth_41484,24
synth_41576,24
synth_41635,24
synth_41855,24
synth_42374,24
synth_41222,24
synth_41274,24
synth_41416,24
synth_41807,24
synth_41834,24
synth_42461,24
synth_41193,24
synth_41275,24
synth_41448,24
synth_41574,24
synth_41897,24
synth_42035,24
synth_42150,24
synth_41069,24
synth_41202,24
synth_41228,24
synth_41458,24
synth_41824,24
synth_41867,24
synth_41923,24
synth_42444,24
synth_42410,24
synth_42449,24
synth_41098,24
synth_41127,24
synth_41184,24
synth_41289,24
synth_41367,24
synth_41731,24
synth_42016,24
synth_42223,24
synth_41194,24
synth_41252,24
synth_41870,24
synth_41922,24
synth_41651,24
synth_41058,24
synth_41494,24
synth_41619,24
synth_41783,24
synth_41046,24
synth_41080,24
synth_41143,24
synth_41421,24
synth_42389,24
synth_41871,24
synth_41987,24
synth_41162,24
synth_41561,24
synth_41762,24
synth_42002,24
synth_42206,24
synth_42368,24
synth_41038,24
synth_41096,24
synth_41978,24
synth_42294,24
synth_42003,24
synth_42314,24
synth_42352,24
synth_41133,24
synth_41148,24
synth_41164,24
synth_41538,24
synth_42078,24
synth_42107,24
synth_42330,24
synth_42456,24
synth_41674,24
synth_42171,24
synth_41417,24
synth_41457,24
synth_41696,24
synth_41752,24
synth_41861,24
synth_42324,24
synth_41035,24
synth_41089,24
synth_41535,24
synth_41780,24
synth_42036,24
synth_42068,24
synth_42257,24
synth_41514,24
synth_41601,24
synth_42191,24
synth_41207,24
synth_41398,24
synth_41689,24
synth_42166,24
synth_42228,24
synth_42246,24
synth_41792,24
synth_41074,24
synth_41117,24
synth_41158,24
synth_41185,24
synth_41206,24
synth_41372,24
synth_41821,24
synth_42188,24
synth_42234,24
synth_42270,24
synth_42304,24
synth_41775,24
synth_42030,24
synth_42252,24
synth_41236,24
synth_41342,24
synth_41507,24
synth_41634,24
synth_41134,24
synth_41226,24
synth_41239,24
synth_41736,24
synth_41833,24
synth_42119,24
synth_42346,24
synth_41503,24
synth_42428,24
synth_41251,24
synth_41327,24
synth_41508,24
synth_41961,24
synth_42284,24
synth_42443,24
synth_41516,24
synth_41041,24
synth_41156,24
synth_41187,24
synth_41205,24
synth_41303,24
synth_41463,24
synth_41778,24
synth_41779,24
synth_41997,24
synth_42260,24
synth_42415,24
synth_42419,24
synth_42458,24
synth_41124,24
synth_41293,24
synth_41361,24
synth_41370,24
synth_41464,24
synth_41759,24
synth_42106,24
synth_42179,24
synth_41183,24
synth_41495,24
synth_41532,24
synth_41633,24
synth_41679,24
synth_42382,24
synth_42385,24
synth_41020,24
synth_41681,24
synth_41793,24
synth_41225,24
synth_41814,24
synth_41815,24
synth_42220,24
synth_42435,24
synth_41521,24
synth_41770,24
synth_42028,24
synth_41170,24
synth_41375,24
synth_41564,24
synth_41964,24
synth_42386,24
synth_41672,24
synth_42210,24
synth_42329,24
synth_41407,24
synth_42065,24
synth_41523,24
synth_42205,24
synth_41235,24
synth_41563,24
synth_42169,24
synth_42227,24
synth_41034,24
synth_42412,24
synth_41281,24
synth_41287,24
synth_41471,24
synth_41669,24
synth_41816,24
synth_41933,24
synth_41939,24
synth_42351,24
synth_42467,24
synth_41101,24
synth_41161,24
synth_41176,24
synth_41599,24
synth_41629,24
synth_42340,24
synth_42394,24
synth_42417,24
synth_41747,24
synth_41822,24
synth_41866,24
synth_41937,24
synth_42073,24
synth_41795,24
synth_41234,24
synth_41341,24
synth_41869,24
synth_41881,24
synth_42183,24
synth_41501,24
synth_41603,24
synth_42103,24
synth_41135,24
synth_41335,24
synth_41355,24
synth_41665,24
synth_41966,24
synth_42133,24
synth_42249,24
synth_42277,24
synth_42282,24
synth_42446,24
synth_41351,24
synth_41435,24
synth_41530,24
synth_41630,24
synth_41850,24
synth_41916,24
synth_41934,24
synth_42259,24
synth_41242,24
synth_41244,24
synth_41308,24
synth_41527,24
synth_42061,24
synth_41650,24
synth_42313,24
synth_41086,24
synth_41197,24
synth_41208,24
synth_41845,24
synth_41854,24
synth_41876,24
synth_42240,24
synth_42264,24
synth_42369,24
synth_42376,24
synth_41606,24
synth_41951,24
synth_42018,24
synth_41268,24
synth_41323,24
synth_41551,24
synth_41636,24
synth_41892,24
synth_41920,24
synth_42098,24
synth_42363,24
synth_41612,24
synth_41675,24
synth_41112,24
synth_41307,24
synth_41313,24
synth_41597,24
synth_41756,24
synth_42041,24
synth_42114,24
synth_42245,24
synth_42459,24
synth_41653,24
synth_42153,24
synth_42372,24
synth_42429,24
synth_41040,24
synth_41884,24
synth_41984,24
synth_42370,24
synth_41970,24
synth_42378,24
synth_41336,24
synth_41587,24
synth_41968,24
synth_41165,24
synth_41180,24
synth_41376,24
synth_41579,24
synth_41806,24
synth_41863,24
synth_42131,24
synth_42463,24
synth_42021,24
synth_42347,24
synth_41118,24
synth_41163,24
synth_41333,24
synth_41450,24
synth_41546,24
synth_41566,24
synth_41712,24
synth_42353,24
synth_42447,24
synth_41641,24
synth_41687,24
synth_41827,24
synth_42299,24
synth_41059,24
synth_41136,24
synth_41311,24
synth_41312,24
synth_41412,24
synth_41558,24
synth_41624,24
synth_41628,24
synth_41841,24
synth_41395,24
synth_42302,24
synth_42371,24
synth_42464,24
synth_41175,24
synth_41420,24
synth_41588,24
synth_41646,24
synth_41710,24
synth_41858,24
synth_42285,24
synth_42327,24
synth_41097,24
synth_41108,24
synth_41298,24
synth_41394,24
synth_41813,24
synth_42421,24
synth_42462,24
synth_41406,24
synth_42162,24
synth_42399,24
synth_41095,24
synth_41402,24
synth_41543,24
synth_41655,24
synth_41692,24
synth_41853,24
synth_41947,24
synth_42058,24
synth_42273,24
synth_42331,24
synth_41661,24
synth_41029,24
synth_41044,24
synth_41656,24
synth_41830,24
synth_42060,24
synth_42431,24
synth_42000,24
synth_42366,24
synth_41141,24
synth_41377,24
synth_41454,24
synth_41718,24
synth_41753,24
synth_42320,24
synth_42414,24
synth_41103,24
synth_41548,24
synth_41754,24
synth_42445,24
synth_41331,24
synth_41565,24
synth_41578,24
synth_41638,24
synth_41810,24
synth_41819,24
synth_41929,24
synth_41953,24
synth_41982,24
synth_42081,24
synth_42157,24
synth_42208,24
synth_41073,24
synth_41271,24
synth_41707,24
synth_41728,24
synth_42064,24
synth_42342,24
synth_42424,24
synth_41580,24
synth_42025,24
synth_42323,24
synth_41102,24
synth_41188,24
synth_41678,24
synth_41965,24
synth_42159,24
synth_41584,24
synth_41540,24
synth_41985,24
synth_42125,24
synth_42203,24
synth_42211,24
synth_41106,24
synth_41128,24
synth_41166,24
synth_41358,24
synth_41410,24
synth_41616,24
synth_41739,24
synth_41942,24
synth_42214,24
synth_41652,24
synth_41090,24
synth_41593,24
synth_42136,24
synth_42288,24
synth_42303,24
synth_41683,24
synth_42218,24
synth_42161,24
synth_42202,24
synth_41049,24
synth_41555,24
synth_42015,24
synth_42392,24
synth_41640,24
synth_42140,24
synth_41178,24
synth_41265,24
synth_41590,24
synth_41910,24
synth_41952,24
synth_41182,24
synth_41203,24
synth_41334,24
synth_42222,24
synth_42261,24
synth_42267,24
synth_41031,24
synth_42387,24
synth_41154,24
synth_41258,24
synth_41852,24
synth_42317,24
synth_41042,24
synth_41257,24
synth_41886,24
synth_41900,24
synth_42177,24
synth_41032,24
synth_42413,24
synth_41518,24
synth_41644,24
synth_42050,24
synth_42132,24
synth_42287,24
synth_41250,24
synth_41319,24
synth_41433,24
synth_41537,24
synth_41847,24
synth_41926,24
synth_41956,24
synth_42052,24
synth_42226,24
synth_41137,24
synth_41467,24
synth_41948,24
synth_42095,24
synth_41611,24
synth_41304,24
synth_41365,24
synth_41475,24
synth_41694,24
synth_41241,24
synth_41545,24
synth_41904,24
synth_42129,24
synth_42380,24
synth_42207,24
synth_42373,24
synth_42090,24
synth_41216,24
synth_41550,24
synth_41658,24
synth_41839,24
synth_42046,24
synth_42281,24
synth_41077,24
synth_41283,24
synth_41396,24
synth_41569,24
synth_41925,24
synth_42043,24
synth_42138,24
synth_42426,24
synth_42448,24
synth_41296,24
synth_41350,24
synth_41627,24
synth_41811,24
synth_42067,24
synth_42455,24
synth_41479,24
synth_41556,24
synth_41765,24
synth_41931,24
synth_41992,24
synth_42379,24
synth_41149,24
synth_41288,24
synth_41373,24
synth_41415,24
synth_42056,24
synth_42242,24
synth_42381,24
synth_41247,24
synth_41439,24
synth_41452,24
synth_41943,24
synth_42268,24
synth_42305,24
synth_42453,24
synth_42011,24
synth_42359,24
synth_41138,24
synth_41359,24
synth_41688,24
synth_41851,24
synth_41909,24
synth_41967,24
synth_42212,24
synth_42328,24
synth_41429,24
synth_41643,24
synth_42075,24
synth_41352,24
synth_41404,24
synth_41478,24
synth_41618,24
synth_42122,24
synth_42395,24
synth_41132,24
synth_41181,24
synth_41210,24
synth_41338,24
synth_41686,24
synth_41981,24
synth_42232,24
synth_41511,24
synth_41660,24
synth_41626,24
synth_42117,24
synth_42404,24
synth_42436,24
synth_41581,24
synth_42010,24
synth_42175,24
synth_41366,24
synth_42066,24
synth_42085,24
synth_42092,24
synth_42402,24
synth_42438,24
synth_41192,24
synth_41500,24
synth_42315,24
synth_41111,24
synth_41177,24
synth_41270,24
synth_41353,24
synth_41525,24
synth_41691,24
synth_42053,24
synth_42425,24
synth_42466,24
synth_42033,24
synth_41480,24
synth_41506,24
synth_41698,24
synth_41700,24
synth_41800,24
synth_41064,24
synth_42045,24
synth_42283,24
synth_42405,24
synth_41662,24
synth_42014,24
synth_41310,24
synth_41528,24
synth_41720,24
synth_41890,24
synth_41071,24
synth_41201,24
synth_41384,24
synth_41449,24
synth_41498,24
synth_41860,24
synth_41914,24
synth_42258,24
synth_41024,24
synth_41337,24
synth_41888,24
synth_42269,24
synth_42434,24
synth_41784,24
synth_41389,24
synth_41589,24
synth_41989,24
synth_42084,24
synth_42137,24
synth_41053,24
synth_41750,24
synth_41868,24
synth_41917,24
synth_42083,24
synth_42126,24
synth_42176,24
synth_41129,24
synth_41152,24
synth_41209,24
synth_41240,24
synth_41536,24
synth_41642,24
synth_41399,24
synth_42051,24
synth_41028,24
synth_41160,24
synth_41805,24
synth_42087,24
synth_42196,24
synth_42280,24
synth_41771,24
synth_41036,24
synth_41426,24
synth_41444,24
synth_41560,24
synth_41993,24
synth_42198,24
synth_42263,24
synth_42309,24
synth_41974,24
synth_42348,24
synth_42349,24
synth_42375,24
synth_41119,24
synth_41648,24
synth_41741,24
synth_41818,24
synth_41999,24
synth_42139,24
synth_41600,24
synth_41790,24
synth_42256,24
synth_41110,24
synth_42164,24
synth_41045,24
synth_41169,24
synth_41174,24
synth_41487,24
synth_41677,24
synth_41911,24
synth_42416,24
synth_41794,24
synth_41037,24
synth_41221,24
synth_41617,24
synth_41820,24
synth_41877,24
synth_42149,24
synth_42393,24
synth_41602,24
synth_41975,24
synth_42141,24
synth_41171,24
synth_41297,24
synth_41316,24
synth_41615,24
synth_41838,24
synth_41894,24
synth_42062,24
synth_41941,24
synth_42152,24
synth_41063,24
synth_41391,24
synth_41497,24
synth_41533,24
synth_41562,24
synth_41595,24
synth_42094,24
synth_41614,24
synth_41772,24
synth_42325,24
synth_42354,24
synth_41488,24
synth_41568,24
synth_41704,24
synth_41725,24
synth_41950,24
synth_42055,24
synth_42293,24
synth_41356,24
synth_41382,24
synth_41623,24
synth_41639,24
synth_41828,24
synth_41991,24
synth_42088,24
synth_42182,24
synth_41786,24
synth_41145,24
synth_41230,24
synth_41238,24
synth_41246,24
synth_41302,24
synth_41374,24
synth_41667,24
synth_41742,24
synth_42091,24
synth_41220,24
synth_41261,24
synth_42216,24
synth_42452,24
synth_41513,24
synth_42318,24
synth_41065,24
synth_41442,24
synth_41631,24
synth_41812,24
synth_42096,24
synth_42290,24
synth_42409,24
synth_41122,24
synth_41465,24
synth_42008,24
synth_41349,24
synth_41424,24
synth_41492,24
synth_41594,24
synth_41865,24
synth_42044,24
synth_42099,24
synth_42279,24
synth_42310,24
synth_42020,24
synth_41745,24
synth_41889,24
synth_41986,24
synth_42278,24
synth_42420,24
synth_41441,24
synth_41973,24
synth_42200,24
synth_41267,24
synth_41388,24
synth_41572,24
synth_41716,24
synth_41883,24
synth_41898,24
synth_42079,24
synth_42457,24
synth_41445,24
synth_41596,24
synth_41645,24
synth_41846,24
synth_41930,24
synth_41277,24
synth_41397,24
synth_41547,24
synth_42296,24
synth_42358,24
synth_41278,24
synth_41476,24
synth_41625,24
synth_41744,24
synth_41749,24
synth_41859,24
synth_42215,24
synth_41082,24
synth_41144,24
synth_41167,24
synth_41173,24
synth_41835,24
synth_41887,24
synth_42109,24
synth_42197,24
synth_42230,24
synth_42301,24
synth_41139,24
synth_41227,24
synth_41413,24
synth_41477,24
synth_41609,24
synth_42111,24
synth_42244,24
synth_41788,24
synth_42254,24
synth_41099,24
synth_41243,24
synth_41693,24
synth_42209,24
synth_42332,24
synth_42406,24
synth_42001,24
synth_41150,24
synth_41436,24
synth_42147,24
synth_42184,24
synth_42401,24
synth_41451,24
synth_41473,24
synth_42233,24
synth_41520,24
synth_41582,24
synth_42012,24
synth_42027,24
synth_41190,24
synth_41364,24
synth_41703,24
synth_41893,24
synth_41899,24
synth_42121,24
synth_42221,24
synth_42250,24
synth_41121,24
synth_41708,24
synth_41751,24
synth_41906,24
synth_41908,24
synth_41928,24
synth_42049,24
synth_41481,24
synth_41874,24
synth_41954,24
synth_42219,24
synth_42262,24
synth_42336,24
synth_41280,24
synth_41348,24
synth_41632,24
synth_41637,24
synth_41733,24
synth_41797,24
synth_41903,24
synth_42112,24
synth_42451,24
synth_41680,24
synth_41083,24
synth_41085,24
synth_41094,24
synth_41114,24
synth_41295,24
synth_41347,24
synth_41379,24
synth_41453,24
synth_41534,24
synth_41539,24
synth_41541,24
synth_41994,24
synth_42143,24
synth_42163,24
synth_41673,24
synth_41392,24
synth_42123,24
synth_42355,24
synth_41204,24
synth_41321,24
synth_41592,24
synth_41726,24
synth_41879,24
synth_42042,24
synth_42134,24
synth_42408,24
synth_41791,24
synth_41107,24
synth_41927,24
synth_41131,24
synth_41299,24
synth_41369,24
synth_41386,24
synth_41843,24
synth_41882,24
synth_42071,24
synth_41054,24
synth_41345,24
synth_41706,24
synth_41832,24
synth_42430,24
synth_41785,24
synth_42193,24
synth_41072,24
synth_41260,24
synth_41346,24
synth_41438,24
synth_41474,24
synth_41831,24
synth_41896,24
synth_42048,24
synth_42144,24
synth_42411,24
synth_41232,24
synth_41490,24
synth_41504,24
synth_41895,24
synth_41996,24
synth_42029,24
synth_42180,24
synth_41062,24
synth_41300,24
synth_41668,24
synth_41724,24
synth_41748,24
synth_41796,24
synth_42017,24
synth_42423,24
synth_41105,24
synth_41509,24
synth_41804,24
synth_42009,24
synth_41055,24
synth_41068,24
synth_41224,24
synth_41253,24
synth_41315,24
synth_41621,24
synth_41777,24
synth_41802,24
synth_42239,24
synth_42384,24
synth_41259,24
synth_41273,24
synth_41301,24
synth_41945,24
synth_42229,24
synth_41023,24
synth_41123,24
synth_41272,24
synth_41567,24
synth_42124,24
synth_42403,24
synth_41512,24
synth_41022,24
synth_41332,24
synth_41531,24
synth_41649,24
synth_41990,24
synth_42047,24
synth_42275,24
synth_41684,24
synth_42101,24
synth_42377,24
synth_41428,24
synth_41455,24
synth_41803,24
synth_41880,24
synth_42104,24
synth_42165,24
synth_42361,24
synth_41664,24
synth_41057,24
synth_41195,24
synth_41245,24
synth_41381,24
synth_41425,24
synth_41848,24
synth_41946,24
synth_42350,24
synth_42397,24
synth_41263,24
synth_42110,24
synth_42130,24
synth_42274,24
synth_42396,24
synth_42418,24
synth_42160,24
synth_41039,24
synth_41153,24
synth_41357,24
synth_41489,24
synth_41715,24
synth_41721,24
synth_41936,24
synth_41957,24
synth_42312,24
synth_42422,24
synth_41789,24
synth_41109,24
synth_41390,24
synth_41817,24
synth_41654,24
synth_41526,24
synth_42019,24
synth_42398,24
synth_41021,24
synth_41142,24
synth_41215,24
synth_41411,24
synth_41554,24
synth_41647,24
synth_41717,24
synth_41757,24
synth_41901,24
synth_42069,24
synth_42383,24
synth_41583,24
synth_41248,24
synth_41254,24
synth_41585,24
synth_41955,24
synth_41976,24
synth_42074,24
synth_42142,24
synth_42266,24
synth_42272,24
synth_42026,24
synth_41198,24
synth_41378,24
synth_41542,24
synth_41695,24
synth_41713,24
synth_42116,24
synth_42440,24
synth_42454,24
synth_41613,24
synth_42172,24
synth_42204,24
synth_41383,24
synth_41468,24
synth_41586,24
synth_41729,24
synth_41781,24
synth_41988,24
synth_42054,24
synth_41401,24
synth_41776,24
synth_42006,24
synth_41104,24
synth_41168,24
synth_41211,24
synth_41328,24
synth_41344,24
synth_41419,24
synth_41891,24
synth_42186,24
synth_42364,24
synth_41670,24
synth_41787,24
synth_41146,24
synth_41418,24
synth_41709,24
synth_41766,24
synth_41842,24
synth_41856,24
synth_42322,24
synth_42102,24
synth_41229,24
synth_41354,24
synth_41690,24
synth_42321,24
synth_41517,24
synth_41051,24
synth_41157,24
synth_41256,24
synth_41339,24
synth_41529,24
synth_42167,24
synth_42441,24
synth_41671,24
synth_42022,24
synth_42319,24
synth_41052,24
synth_41179,24
synth_41496,24
synth_41552,24
synth_41622,24
synth_41722,24
synth_42148,24
synth_42450,24
synth_42338,24
synth_41050,24
synth_41231,24
synth_41499,24
synth_41608,24
synth_41719,24
synth_41836,24
synth_41368,24
synth_41559,24
synth_42072,24
synth_42243,24
synth_42442,24
synth_42253,24
synth_42339,24
synth_41088,24
synth_41159,24
synth_41825,24
synth_42127,24
synth_42031,24
synth_42388,24
synth_41305,24
synth_41949,24
synth_42135,24
synth_42271,24
synth_42292,24
synth_42306,24
synth_41155,24
synth_41196,24
synth_41573,24
synth_41769,24
synth_42199,24
synth_41076,24
synth_41219,24
synth_41286,24
synth_41459,24
synth_41711,24
synth_41808,24
synth_41878,24
synth_41919,24
synth_41921,24
synth_42113,24
synth_42311,24
synth_41264,24
synth_41505,24
synth_41705,24
synth_42345,24
synth_42151,24
synth_41091,24
synth_41218,24
synth_41912,24
synth_42289,24
synth_41147,24
synth_41217,24
synth_41924,24
synth_42076,24
synth_41027,24
synth_41047,24
synth_41760,24
synth_41862,24
synth_41875,24
synth_41962,24
synth_41462,24
synth_42155,24
synth_42190,24
synth_42337,24
synth_41130,24
synth_41262,24
synth_41322,24
synth_41666,24
synth_41935,24
synth_42241,24
synth_41782,24
synth_42195,24
synth_42255,24
synth_41285,24
synth_41443,24
synth_41485,24
synth_41840,24
synth_41857,24
synth_41963,24
synth_42168,24
synth_42225,24
synth_41126,24
synth_41249,24
synth_41294,24
synth_41393,24
synth_41422,24
synth_41430,24
synth_42145,24
synth_42158,24
synth_42238,24
synth_42367,24
synth_42427,24
synth_41212,24
synth_41213,24
synth_41409,24
synth_41659,24
synth_41030,24
synth_42468,24
synth_41084,24
synth_41403,24
synth_41697,24
synth_41801,24
synth_42038,24
synth_42108,24
synth_42343,24
synth_41510,24
synth_41774,24
synth_41318,24
synth_41431,24
synth_41591,24
synth_41730,24
synth_41740,24
synth_41913,24
synth_41515,24
synth_42194,24
synth_41387,24
synth_41764,24
synth_41461,24
synth_42173,24
synth_42174,24
synth_41043,24
synth_41078,24
synth_41320,24
synth_41434,24
synth_41767,24
synth_42070,24
synth_42237,24
synth_41172,24
synth_41385,24
synth_41437,24
synth_41761,24
synth_41998,24
synth_42059,24
synth_42178,24
synth_42365,24
synth_41025,24
synth_41115,24
synth_41290,24
synth_41577,24
synth_41864,24
synth_41872,24
synth_42326,24
synth_41237,24
synth_41343,24
synth_41524,24
synth_41571,24
synth_41907,24
synth_41977,24
synth_41125,24
synth_41189,24
synth_41330,24
synth_41371,24
synth_41405,24
synth_41482,24
synth_41544,24
synth_41714,24
synth_41905,24
synth_42105,24
synth_42236,24
synth_42308,24
synth_42316,24
synth_41191,24
synth_41466,24
synth_41575,24
synth_41958,24
synth_41960,24
synth_42115,24
synth_42248,24
synth_42307,24
synth_42344,24
synth_42362,24
synth_42400,24
synth_41682,24
synth_42154,24
synth_42192,24
synth_41255,24
synth_41743,24
synth_41885,24
synth_41440,24
synth_42181,24
synth_41056,24
synth_41066,24
synth_41067,24
synth_41075,24
synth_41186,24
synth_41432,24
synth_41849,24
synth_42276,24
synth_42004,24
synth_42251,24
synth_41214,24
synth_41233,24
synth_41657,24
synth_42224,24
synth_42005,24
synth_42510,23
synth_42808,23
synth_43330,23
synth_43924,23
synth_43205,23
synth_43985,23
synth_43218,23
synth_43242,23
synth_43252,23
synth_43260,23
synth_43483,23
synth_44000,23
synth_42939,23
synth_43713,23
synth_42806,23
synth_43284,23
synth_43490,23
synth_43916,23
synth_42929,23
synth_42721,23
synth_43245,23
synth_43398,23
synth_43441,23
synth_43545,23
synth_42568,23
synth_42862,23
synth_42901,23
synth_42948,23
synth_42636,23
synth_42778,23
synth_43247,23
synth_43523,23
synth_43598,23
synth_43633,23
synth_43834,23
synth_43839,23
synth_42951,23
synth_42592,23
synth_43229,23
synth_43395,23
synth_43554,23
synth_43618,23
synth_43952,23
synth_42866,23
synth_42884,23
synth_43067,23
synth_43393,23
synth_42754,23
synth_43339,23
synth_43702,23
synth_43754,23
synth_43776,23
synth_42796,23
synth_43384,23
synth_43724,23
synth_42770,23
synth_43375,23
synth_43938,23
synth_42528,23
synth_43190,23
synth_42551,23
synth_42598,23
synth_42740,23
synth_43259,23
synth_43447,23
synth_43663,23
synth_43740,23
synth_43812,23
synth_43816,23
synth_43075,23
synth_43280,23
synth_43310,23
synth_42660,23
synth_43055,23
synth_43196,23
synth_43232,23
synth_43266,23
synth_43326,23
synth_43336,23
synth_42846,23
synth_42976,23
synth_43098,23
synth_43111,23
synth_42831,23
synth_43294,23
synth_43721,23
synth_43741,23
synth_43126,23
synth_43278,23
synth_43659,23
synth_43900,23
synth_43973,23
synth_44023,23
synth_42608,23
synth_43792,23
synth_42475,23
synth_42665,23
synth_42726,23
synth_42731,23
synth_43020,23
synth_43465,23
synth_43515,23
synth_43722,23
synth_43851,23
synth_42877,23
synth_42907,23
synth_42928,23
synth_43095,23
synth_43302,23
synth_43737,23
synth_43790,23
synth_43594,23
synth_43940,23
synth_42502,23
synth_42585,23
synth_42652,23
synth_42818,23
synth_43010,23
synth_43217,23
synth_43362,23
synth_43543,23
synth_43575,23
synth_43577,23
synth_43608,23
synth_43627,23
synth_43646,23
synth_43689,23
synth_43819,23
synth_43907,23
synth_43943,23
synth_44035,23
synth_42857,23
synth_43305,23
synth_43388,23
synth_42804,23
synth_43040,23
synth_43255,23
synth_43544,23
synth_44027,23
synth_42955,23
synth_43061,23
synth_43878,23
synth_43927,23
synth_44006,23
synth_43094,23
synth_43999,23
synth_42504,23
synth_42688,23
synth_42694,23
synth_42697,23
synth_42714,23
synth_43507,23
synth_43568,23
synth_43953,23
synth_43736,23
synth_42646,23
synth_43541,23
synth_43976,23
synth_42478,23
synth_42505,23
synth_43328,23
synth_43452,23
synth_42844,23
synth_43345,23
synth_43530,23
synth_43682,23
synth_43956,23
synth_43286,23
synth_43445,23
synth_43571,23
synth_43867,23
synth_44025,23
synth_43088,23
synth_42674,23
synth_43177,23
synth_43451,23
synth_43525,23
synth_43696,23
synth_43766,23
synth_42890,23
synth_43083,23
synth_43794,23
synth_42696,23
synth_42869,23
synth_43478,23
synth_43648,23
synth_43846,23
synth_43852,23
synth_43877,23
synth_42925,23
synth_43204,23
synth_43206,23
synth_42643,23
synth_43248,23
synth_43432,23
synth_43860,23
synth_43884,23
synth_43914,23
synth_42892,23
synth_42921,23
synth_43707,23
synth_42566,23
synth_42639,23
synth_42817,23
synth_43015,23
synth_43017,23
synth_43253,23
synth_43424,23
synth_43845,23
synth_42897,23
synth_42908,23
synth_42670,23
synth_43009,23
synth_43358,23
synth_43535,23
synth_43550,23
synth_43855,23
synth_43203,23
synth_42649,23
synth_42803,23
synth_42827,23
synth_43149,23
synth_43781,23
synth_42715,23
synth_42825,23
synth_43037,23
synth_43189,23
synth_43848,23
synth_42932,23
synth_42614,23
synth_43070,23
synth_43235,23
synth_42904,23
synth_42508,23
synth_42524,23
synth_42579,23
synth_43241,23
synth_43403,23
synth_43558,23
synth_43813,23
synth_43842,23
synth_42609,23
synth_43719,23
synth_42616,23
synth_42835,23
synth_43046,23
synth_43198,23
synth_43374,23
synth_43540,23
synth_43613,23
synth_43920,23
synth_43926,23
synth_42995,23
synth_43164,23
synth_42572,23
synth_43071,23
synth_43090,23
synth_43277,23
synth_43415,23
synth_43957,23
synth_43120,23
synth_42522,23
synth_42645,23
synth_42713,23
synth_42725,23
synth_43423,23
synth_43472,23
synth_43971,23
synth_42490,23
synth_42864,23
synth_42563,23
synth_43251,23
synth_43291,23
synth_43803,23
synth_43383,23
synth_42703,23
synth_43367,23
synth_43548,23
synth_43720,23
synth_43746,23
synth_42469,23
synth_42922,23
synth_43077,23
synth_42582,23
synth_42668,23
synth_43319,23
synth_43421,23
synth_43788,23
synth_43917,23
synth_43960,23
synth_42912,23
synth_42747,23
synth_42822,23
synth_43237,23
synth_43495,23
synth_43697,23
synth_43750,23
synth_42843,23
synth_42940,23
synth_42974,23
synth_42994,23
synth_42624,23
synth_43268,23
synth_43502,23
synth_44031,23
synth_42549,23
synth_42860,23
synth_42944,23
synth_43079,23
synth_43101,23
synth_43351,23
synth_43509,23
synth_42719,23
synth_43215,23
synth_43869,23
synth_43874,23
synth_43728,23
synth_42479,23
synth_43227,23
synth_43293,23
synth_42959,23
synth_42599,23
synth_42732,23
synth_43854,23
synth_43903,23
synth_43937,23
synth_43988,23
synth_43989,23
synth_42482,23
synth_42589,23
synth_42638,23
synth_42720,23
synth_42727,23
synth_42829,23
synth_42569,23
synth_42910,23
synth_42933,23
synth_42834,23
synth_43274,23
synth_43742,23
synth_43861,23
synth_42499,23
synth_42705,23
synth_42734,23
synth_42838,23
synth_43174,23
synth_43238,23
synth_43666,23
synth_43862,23
synth_43955,23
synth_44016,23
synth_42527,23
synth_42936,23
synth_42620,23
synth_42661,23
synth_42815,23
synth_43214,23
synth_43271,23
synth_43534,23
synth_43386,23
synth_43997,23
synth_42523,23
synth_42605,23
synth_42685,23
synth_43023,23
synth_43325,23
synth_43549,23
synth_43649,23
synth_43930,23
synth_42972,23
synth_43103,23
synth_42647,23
synth_42676,23
synth_42767,23
synth_43030,23
synth_43759,23
synth_43771,23
synth_43799,23
synth_42930,23
synth_43380,23
synth_42604,23
synth_43434,23
synth_43610,23
synth_43667,23
synth_43868,23
synth_42562,23
synth_42821,23
synth_43091,23
synth_43342,23
synth_43600,23
synth_43837,23
synth_43841,23
synth_43908,23
synth_42841,23
synth_42564,23
synth_42594,23
synth_42708,23
synth_42781,23
synth_43263,23
synth_43324,23
synth_43643,23
synth_43671,23
synth_43679,23
synth_43712,23
synth_43281,23
synth_43298,23
synth_43450,23
synth_43640,23
synth_43661,23
synth_43701,23
synth_42495,23
synth_43144,23
synth_43361,23
synth_43440,23
synth_43625,23
synth_43656,23
synth_43760,23
synth_43965,23
synth_42845,23
synth_43114,23
synth_43184,23
synth_43391,23
synth_42634,23
synth_42820,23
synth_43006,23
synth_43757,23
synth_42979,23
synth_42992,23
synth_43161,23
synth_43146,23
synth_43431,23
synth_43486,23
synth_43505,23
synth_43673,23
synth_43968,23
synth_44015,23
synth_42982,23
synth_42520,23
synth_43028,23
synth_43052,23
synth_43192,23
synth_43412,23
synth_43573,23
synth_43950,23
synth_43983,23
synth_44002,23
synth_42539,23
synth_42595,23
synth_42683,23
synth_43141,23
synth_43143,23
synth_43299,23
synth_43429,23
synth_43561,23
synth_43563,23
synth_43619,23
synth_43967,23
synth_42794,23
synth_42986,23
synth_42675,23
synth_42760,23
synth_43003,23
synth_43025,23
synth_43273,23
synth_43901,23
synth_42903,23
synth_43385,23
synth_42777,23
synth_42813,23
synth_43012,23
synth_43292,23
synth_43394,23
synth_43636,23
synth_43872,23
synth_44013,23
synth_42532,23
synth_43308,23
synth_43718,23
synth_43034,23
synth_43154,23
synth_43517,23
synth_43830,23
synth_43949,23
synth_42518,23
synth_43739,23
synth_43035,23
synth_43059,23
synth_43578,23
synth_43583,23
synth_42573,23
synth_43033,23
synth_43049,23
synth_43166,23
synth_43265,23
synth_43297,23
synth_43316,23
synth_43763,23
synth_42567,23
synth_43100,23
synth_43178,23
synth_43519,23
synth_43378,23
synth_43595,23
synth_43817,23
synth_42973,23
synth_42511,23
synth_42775,23
synth_43150,23
synth_43272,23
synth_43822,23
synth_43894,23
synth_42533,23
synth_42627,23
synth_43446,23
synth_43455,23
synth_42875,23
synth_42540,23
synth_43267,23
synth_43359,23
synth_43463,23
synth_43755,23
synth_43113,23
synth_43998,23
synth_43296,23
synth_43329,23
synth_43457,23
synth_43843,23
synth_42487,23
synth_42695,23
synth_43606,23
synth_43669,23
synth_42975,23
synth_42619,23
synth_42669,23
synth_42733,23
synth_43134,23
synth_43314,23
synth_43835,23
synth_43935,23
synth_42474,23
synth_42735,23
synth_43140,23
synth_43155,23
synth_43327,23
synth_43407,23
synth_43553,23
synth_43565,23
synth_43107,23
synth_42745,23
synth_43221,23
synth_43262,23
synth_43444,23
synth_43489,23
synth_43677,23
synth_43858,23
synth_43130,23
synth_42653,23
synth_42680,23
synth_43142,23
synth_43193,23
synth_43474,23
synth_43557,23
synth_43597,23
synth_43833,23
synth_43923,23
synth_43974,23
synth_42655,23
synth_43021,23
synth_43048,23
synth_43405,23
synth_43652,23
synth_43831,23
synth_43885,23
synth_43703,23
synth_42485,23
synth_42666,23
synth_42698,23
synth_42969,23
synth_43230,23
synth_43406,23
synth_43749,23
synth_43104,23
synth_42783,23
synth_43341,23
synth_43396,23
synth_43443,23
synth_43948,23
synth_42858,23
synth_42965,23
synth_43099,23
synth_43207,23
synth_42755,23
synth_42810,23
synth_43024,23
synth_42867,23
synth_43312,23
synth_42681,23
synth_42742,23
synth_42752,23
synth_42788,23
synth_43159,23
synth_43427,23
synth_43462,23
synth_43467,23
synth_43533,23
synth_43801,23
synth_43859,23
synth_42980,23
synth_43001,23
synth_43129,23
synth_43236,23
synth_43348,23
synth_43360,23
synth_43761,23
synth_42970,23
synth_42759,23
synth_42802,23
synth_43785,23
synth_42538,23
synth_42870,23
synth_42960,23
synth_43185,23
synth_43797,23
synth_43555,23
synth_43826,23
synth_43918,23
synth_42530,23
synth_43414,23
synth_43520,23
synth_42555,23
synth_43381,23
synth_42577,23
synth_42741,23
synth_42814,23
synth_43333,23
synth_43512,23
synth_43590,23
synth_43699,23
synth_43772,23
synth_42491,23
synth_43715,23
synth_43039,23
synth_43435,23
synth_43779,23
synth_44009,23
synth_42938,23
synth_42711,23
synth_42801,23
synth_43068,23
synth_43481,23
synth_43528,23
synth_42916,23
synth_43693,23
synth_43714,23
synth_42509,23
synth_43073,23
synth_43879,23
synth_42937,23
synth_42514,23
synth_42805,23
synth_43524,23
synth_43647,23
synth_43984,23
synth_42809,23
synth_43116,23
synth_43397,23
synth_43587,23
synth_43599,23
synth_43804,23
synth_44012,23
synth_43276,23
synth_43285,23
synth_43409,23
synth_43665,23
synth_42790,23
synth_43353,23
synth_42525,23
synth_42580,23
synth_42601,23
synth_42784,23
synth_43145,23
synth_43223,23
synth_43370,23
synth_43402,23
synth_43513,23
synth_43556,23
synth_43569,23
synth_43576,23
synth_43774,23
synth_43829,23
synth_42611,23
synth_42650,23
synth_43031,23
synth_43199,23
synth_43514,23
synth_43685,23
synth_43889,23
synth_43959,23
synth_42991,23
synth_43208,23
synth_43167,23
synth_43639,23
synth_42793,23
synth_42946,23
synth_43105,23
synth_43309,23
synth_43311,23
synth_42771,23
synth_42812,23
synth_43224,23
synth_43439,23
synth_43516,23
synth_43684,23
synth_43764,23
synth_42552,23
synth_42840,23
synth_42996,23
synth_43004,23
synth_43212,23
synth_42848,23
synth_42981,23
synth_43282,23
synth_43029,23
synth_43234,23
synth_43442,23
synth_43508,23
synth_43510,23
synth_43609,23
synth_44014,23
synth_42722,23
synth_42757,23
synth_43089,23
synth_43902,23
synth_43975,23
synth_42851,23
synth_42878,23
synth_42898,23
synth_42977,23
synth_43060,23
synth_42617,23
synth_42635,23
synth_42672,23
synth_42824,23
synth_43043,23
synth_43153,23
synth_43331,23
synth_43338,23
synth_43628,23
synth_43678,23
synth_43745,23
synth_43770,23
synth_43886,23
synth_44032,23
synth_42707,23
synth_43376,23
synth_43621,23
synth_43932,23
synth_43123,23
synth_43131,23
synth_43986,23
synth_42626,23
synth_42704,23
synth_43225,23
synth_43344,23
synth_43615,23
synth_43634,23
synth_43977,23
synth_42853,23
synth_42517,23
synth_42642,23
synth_42644,23
synth_43210,23
synth_43850,23
synth_42950,23
synth_42997,23
synth_43300,23
synth_43027,23
synth_43506,23
synth_43567,23
synth_43732,23
synth_43978,23
synth_44007,23
synth_42993,23
synth_43694,23
synth_42623,23
synth_43591,23
synth_43958,23
synth_43080,23
synth_43382,23
synth_42481,23
synth_42486,23
synth_43038,23
synth_43053,23
synth_43171,23
synth_43287,23
synth_43425,23
synth_43473,23
synth_42931,23
synth_43122,23
synth_42618,23
synth_42648,23
synth_43172,23
synth_43363,23
synth_43469,23
synth_43644,23
synth_43863,23
synth_44026,23
synth_42534,23
synth_42535,23
synth_42553,23
synth_42909,23
synth_42590,23
synth_42889,23
synth_43321,23
synth_43492,23
synth_43687,23
synth_43925,23
synth_42856,23
synth_42967,23
synth_43209,23
synth_42640,23
synth_42756,23
synth_42787,23
synth_42837,23
synth_43279,23
synth_43371,23
synth_43807,23
synth_42628,23
synth_42571,23
synth_42603,23
synth_42612,23
synth_42800,23
synth_43366,23
synth_43560,23
synth_43815,23
synth_43904,23
synth_44008,23
synth_42927,23
synth_42962,23
synth_43387,23
synth_42691,23
synth_42701,23
synth_43136,23
synth_43168,23
synth_43379,23
synth_43698,23
synth_43782,23
synth_42480,23
synth_42560,23
synth_43008,23
synth_43564,23
synth_42529,23
synth_42484,23
synth_42749,23
synth_43137,23
synth_43256,23
synth_43261,23
synth_43426,23
synth_43562,23
synth_43623,23
synth_43674,23
synth_43748,23
synth_43933,23
synth_43954,23
synth_42492,23
synth_43121,23
synth_42581,23
synth_43372,23
synth_43529,23
synth_43614,23
synth_43972,23
synth_43992,23
synth_44033,23
synth_43306,23
synth_42593,23
synth_42659,23
synth_42729,23
synth_42765,23
synth_43093,23
synth_43645,23
synth_43836,23
synth_43942,23
synth_42536,23
synth_42557,23
synth_43081,23
synth_43085,23
synth_43690,23
synth_42859,23
synth_43401,23
synth_43479,23
synth_43500,23
synth_43588,23
synth_43913,23
synth_43941,23
synth_42547,23
synth_42954,23
synth_42544,23
synth_42789,23
synth_43147,23
synth_43269,23
synth_43642,23
synth_42915,23
synth_43133,23
synth_43200,23
synth_42570,23
synth_42684,23
synth_42710,23
synth_42724,23
synth_43050,23
synth_43335,23
synth_43522,23
synth_43635,23
synth_43062,23
synth_43392,23
synth_42651,23
synth_43002,23
synth_43173,23
synth_43354,23
synth_43368,23
synth_43416,23
synth_43547,23
synth_43806,23
synth_42895,23
synth_43191,23
synth_42496,23
synth_42497,23
synth_42687,23
synth_43019,23
synth_43119,23
synth_43318,23
synth_43456,23
synth_43711,23
synth_43751,23
synth_43915,23
synth_43946,23
synth_42519,23
synth_42923,23
synth_42591,23
synth_43054,23
synth_43582,23
synth_43961,23
synth_42905,23
synth_42545,23
synth_43169,23
synth_43250,23
synth_42911,23
synth_43729,23
synth_42750,23
synth_43194,23
synth_43838,23
synth_43898,23
synth_42883,23
synth_42894,23
synth_42500,23
synth_42512,23
synth_42682,23
synth_43000,23
synth_43480,23
synth_43484,23
synth_43622,23
synth_42679,23
synth_42989,23
synth_43356,23
synth_43475,23
synth_43584,23
synth_43873,23
synth_42494,23
synth_42556,23
synth_42559,23
synth_42893,23
synth_42990,23
synth_42472,23
synth_43036,23
synth_43264,23
synth_43323,23
synth_43499,23
synth_43871,23
synth_43891,23
synth_42914,23
synth_43179,23
synth_42706,23
synth_42730,23
synth_43026,23
synth_43488,23
synth_43753,23
synth_42797,23
synth_43108,23
synth_43092,23
synth_43220,23
synth_43477,23
synth_43504,23
synth_43668,23
synth_43783,23
synth_43944,23
synth_44024,23
synth_42891,23
synth_42769,23
synth_42786,23
synth_43464,23
synth_43496,23
synth_43762,23
synth_43787,23
synth_42942,23
synth_43369,23
synth_43537,23
synth_43637,23
synth_43683,23
synth_43897,23
synth_44010,23
synth_43704,23
synth_43187,23
synth_43233,23
synth_44011,23
synth_44030,23
synth_42854,23
synth_42880,23
synth_42882,23
synth_42945,23
synth_43795,23
synth_42483,23
synth_42736,23
synth_43527,23
synth_44018,23
synth_43074,23
synth_43096,23
synth_42667,23
synth_42774,23
synth_43118,23
synth_43347,23
synth_43579,23
synth_43980,23
synth_42872,23
synth_42782,23
synth_43213,23
synth_43222,23
synth_43249,23
synth_43365,23
synth_43921,23
synth_43066,23
synth_43110,23
synth_42746,23
synth_43246,23
synth_43288,23
synth_43315,23
synth_43453,23
synth_43581,23
synth_43730,23
synth_43880,23
synth_42507,23
synth_42662,23
synth_42772,23
synth_43399,23
synth_43551,23
synth_43800,23
synth_43922,23
synth_43931,23
synth_42546,23
synth_42968,23
synth_43313,23
synth_43485,23
synth_43620,23
synth_43710,23
synth_42863,23
synth_42934,23
synth_43165,23
synth_43022,23
synth_43051,23
synth_43175,23
synth_43410,23
synth_43461,23
synth_43470,23
synth_43086,23
synth_42584,23
synth_43158,23
synth_43186,23
synth_43632,23
synth_43747,23
synth_43789,23
synth_43809,23
synth_43875,23
synth_44028,23
synth_42537,23
synth_42629,23
synth_42958,23
synth_42748,23
synth_42799,23
synth_43047,23
synth_43611,23
synth_43680,23
synth_43899,23
synth_43994,23
synth_42470,23
synth_43808,23
synth_43810,23
synth_43929,23
synth_42876,23
synth_42513,23
synth_42637,23
synth_42761,23
synth_43468,23
synth_43758,23
synth_43865,23
synth_42919,23
synth_42998,23
synth_43163,23
synth_42541,23
synth_42576,23
synth_42738,23
synth_43056,23
synth_43317,23
synth_43572,23
synth_43585,23
synth_42852,23
synth_43390,23
synth_42476,23
synth_42574,23
synth_43197,23
synth_43471,23
synth_43503,23
synth_43641,23
synth_43864,23
synth_43909,23
synth_43936,23
synth_43125,23
synth_42832,23
synth_42839,23
synth_43963,23
synth_43964,23
synth_42956,23
synth_42978,23
synth_43180,23
synth_43511,23
synth_43651,23
synth_42999,23
synth_43307,23
synth_42763,23
synth_42833,23
synth_43240,23
synth_42887,23
synth_43182,23
synth_43301,23
synth_43607,23
synth_44017,23
synth_42548,23
synth_42906,23
synth_42983,23
synth_43087,23
synth_42531,23
synth_43239,23
synth_43373,23
synth_43408,23
synth_43882,23
synth_42949,23
synth_42477,23
synth_42575,23
synth_42663,23
synth_43117,23
synth_43151,23
synth_43152,23
synth_43418,23
synth_43526,23
synth_43866,23
synth_43890,23
synth_42596,23
synth_42723,23
synth_43521,23
synth_43566,23
synth_43664,23
synth_43688,23
synth_43939,23
synth_42926,23
synth_43211,23
synth_43546,23
synth_43552,23
synth_43605,23
synth_42473,23
synth_42689,23
synth_43258,23
synth_43731,23
synth_43775,23
synth_44022,23
synth_42935,23
synth_43082,23
synth_43303,23
synth_42830,23
synth_43018,23
synth_43355,23
synth_43413,23
synth_42673,23
synth_42692,23
synth_43586,23
synth_43743,23
synth_43881,23
synth_44019,23
synth_42795,23
synth_42988,23
synth_43389,23
synth_43422,23
synth_43765,23
synth_42622,23
synth_42753,23
synth_42776,23
synth_43007,23
synth_43072,23
synth_43824,23
synth_44004,23
synth_42558,23
synth_42881,23
synth_42952,23
synth_43078,23
synth_42602,23
synth_42693,23
synth_43045,23
synth_43188,23
synth_43343,23
synth_43570,23
synth_43617,23
synth_43777,23
synth_43827,23
synth_42785,23
synth_43744,23
synth_43814,23
synth_43970,23
synth_43991,23
synth_44003,23
synth_42751,23
synth_42826,23
synth_43042,23
synth_43290,23
synth_43436,23
synth_43437,23
synth_43460,23
synth_43840,23
synth_43856,23
synth_43990,23
synth_43993,23
synth_42493,23
synth_42578,23
synth_42686,23
synth_42758,23
synth_43138,23
synth_43536,23
synth_43602,23
synth_43658,23
synth_42610,23
synth_42625,23
synth_42743,23
synth_43433,23
synth_43630,23
synth_43183,23
synth_43734,23
synth_42712,23
synth_43032,23
synth_43773,23
synth_43820,23
synth_42847,23
synth_42861,23
synth_43124,23
synth_43725,23
synth_43014,23
synth_43115,23
synth_43216,23
synth_43400,23
synth_43532,23
synth_43832,23
synth_43870,23
synth_43892,23
synth_43905,23
synth_42489,23
synth_42971,23
synth_43097,23
synth_42768,23
synth_43257,23
synth_43662,23
synth_43752,23
synth_43084,23
synth_43709,23
synth_42543,23
synth_42664,23
synth_42744,23
synth_42828,23
synth_43011,23
synth_43612,23
synth_43657,23
synth_43934,23
synth_43982,23
synth_42850,23
synth_42868,23
synth_43708,23
synth_43906,23
synth_42900,23
synth_43996,23
synth_42606,23
synth_43013,23
synth_43231,23
synth_43601,23
synth_43672,23
synth_43849,23
synth_43981,23
synth_43202,23
synth_43727,23
synth_42515,23
synth_42658,23
synth_43226,23
synth_43466,23
synth_43482,23
synth_43681,23
synth_42678,23
synth_42709,23
synth_43058,23
synth_43228,23
synth_43538,23
synth_42917,23
synth_43726,23
synth_42583,23
synth_42690,23
synth_42819,23
synth_43057,23
synth_44029,23
synth_42488,23
synth_42961,23
synth_43063,23
synth_43106,23
synth_43738,23
synth_43069,23
synth_43135,23
synth_43419,23
synth_43454,23
synth_43476,23
synth_43888,23
synth_43987,23
synth_42811,23
synth_43364,23
synth_43780,23
synth_44001,23
synth_42791,23
synth_42924,23
synth_42941,23
synth_43352,23
synth_43705,23
synth_43796,23
synth_42716,23
synth_43428,23
synth_42947,23
synth_42957,23
synth_43716,23
synth_42737,23
synth_43559,23
synth_43616,23
synth_43805,23
synth_44021,23
synth_42873,23
synth_42885,23
synth_42896,23
synth_43076,23
synth_43201,23
synth_42597,23
synth_42615,23
synth_42632,23
synth_43893,23
synth_42842,23
synth_43181,23
synth_43501,23
synth_43769,23
synth_43887,23
synth_43951,23
synth_44020,23
synth_42554,23
synth_42920,23
synth_42963,23
synth_42501,23
synth_42600,23
synth_42739,23
synth_43005,23
synth_43270,23
synth_43592,23
synth_43670,23
synth_43675,23
synth_43686,23
synth_43828,23
synth_43847,23
synth_43979,23
synth_42964,23
synth_43735,23
synth_42654,23
synth_42762,23
synth_43157,23
synth_43626,23
synth_43655,23
synth_43733,23
synth_42503,23
synth_42836,23
synth_42899,23
synth_43244,23
synth_43786,23
synth_43947,23
synth_42985,23
synth_43128,23
synth_42471,23
synth_42550,23
synth_43459,23
synth_43493,23
synth_44034,23
synth_43692,23
synth_42641,23
synth_43139,23
synth_43195,23
synth_43219,23
synth_43275,23
synth_43332,23
synth_43596,23
synth_43911,23
synth_43928,23
synth_42888,23
synth_43283,23
synth_43337,23
synth_43417,23
synth_42607,23
synth_43109,23
synth_42630,23
synth_42728,23
synth_43438,23
synth_43542,23
synth_43756,23
synth_43857,23
synth_43962,23
synth_42792,23
synth_42943,23
synth_43064,23
synth_43127,23
synth_42702,23
synth_42717,23
synth_42849,23
synth_43289,23
synth_43574,23
synth_43768,23
synth_42918,23
synth_43160,23
synth_42506,23
synth_43254,23
synth_43322,23
synth_43357,23
synth_43448,23
synth_43487,23
synth_43498,23
synth_43802,23
synth_43791,23
synth_42631,23
synth_42816,23
synth_43044,23
synth_43676,23
synth_43876,23
synth_43912,23
synth_42913,23
synth_43995,23
synth_42498,23
synth_42588,23
synth_42633,23
synth_43494,23
synth_43518,23
synth_43589,23
synth_43162,23
synth_42764,23
synth_43156,23
synth_43170,23
synth_43176,23
synth_43334,23
synth_43411,23
synth_43531,23
synth_43629,23
synth_43631,23
synth_43132,23
synth_42586,23
synth_42677,23
synth_42779,23
synth_42879,23
synth_43604,23
synth_43660,23
synth_43811,23
synth_43853,23
synth_43065,23
synth_43350,23
synth_43798,23
synth_42565,23
synth_42699,23
synth_43320,23
synth_43654,23
synth_43895,23
synth_42871,23
synth_42902,23
synth_42613,23
synth_42823,23
synth_43969,23
synth_43112,23
synth_42526,23
synth_42657,23
synth_42671,23
synth_43346,23
synth_43580,23
synth_43966,23
synth_43102,23
synth_43793,23
synth_42516,23
synth_42521,23
synth_42780,23
synth_43910,23
synth_43919,23
synth_43717,23
synth_42766,23
synth_43295,23
synth_43458,23
synth_43603,23
synth_44005,23
synth_43706,23
synth_42773,23
synth_43377,23
synth_43491,23
synth_43593,23
synth_43624,23
synth_43883,23
synth_43304,23
synth_42621,23
synth_42656,23
synth_43243,23
synth_43404,23
synth_43420,23
synth_43539,23
synth_43823,23
synth_43945,23
synth_42798,23
synth_42966,23
synth_42718,23
synth_43016,23
synth_43430,23
synth_43449,23
synth_43695,23
synth_43825,23
synth_43844,23
synth_42886,23
synth_42984,23
synth_43723,23
synth_43340,23
synth_43349,23
synth_43691,23
synth_42587,23
synth_42807,23
synth_43497,23
synth_43650,23
synth_43778,23
synth_43784,23
synth_43818,23
synth_42874,23
synth_42953,23
synth_42987,23
synth_42542,23
synth_42561,23
synth_42700,23
synth_43041,23
synth_43148,23
synth_43638,23
synth_43653,23
synth_43700,23
synth_42855,23
synth_43767,23
synth_43821,23
synth_43896,23
synth_42865,23
synth_44042,22
synth_44305,22
synth_44454,22
synth_44677,22
synth_44777,22
synth_44787,22
synth_45070,22
synth_45130,22
synth_45242,22
synth_45305,22
synth_45396,22
synth_44972,22
synth_44403,22
synth_45010,22
synth_45259,22
synth_45284,22
synth_44358,22
synth_44417,22
synth_44702,22
synth_45302,22
synth_45328,22
synth_45329,22
synth_44067,22
synth_44413,22
synth_44476,22
synth_44513,22
synth_44554,22
synth_44940,22
synth_44225,22
synth_44294,22
synth_44569,22
synth_44817,22
synth_44850,22
synth_45207,22
synth_44995,22
synth_44218,22
synth_44238,22
synth_44455,22
synth_44696,22
synth_45091,22
synth_44916,22
synth_45608,22
synth_44155,22
synth_44176,22
synth_44250,22
synth_44306,22
synth_44497,22
synth_44738,22
synth_44802,22
synth_45136,22
synth_45252,22
synth_45264,22
synth_45532,22
synth_44551,22
synth_44552,22
synth_44543,22
synth_44583,22
synth_44872,22
synth_44462,22
synth_44653,22
synth_44664,22
synth_44697,22
synth_44733,22
synth_44815,22
synth_44853,22
synth_45501,22
synth_44170,22
synth_44338,22
synth_44350,22
synth_44538,22
synth_44910,22
synth_45038,22
synth_45061,22
synth_44258,22
synth_44263,22
synth_44352,22
synth_44423,22
synth_44575,22
synth_44744,22
synth_45369,22
synth_44380,22
synth_44383,22
synth_44794,22
synth_45177,22
synth_45303,22
synth_45694,22
synth_44177,22
synth_44466,22
synth_44496,22
synth_44642,22
synth_44844,22
synth_44849,22
synth_44864,22
synth_45165,22
synth_45166,22
synth_45364,22
synth_45421,22
synth_45621,22
synth_44131,22
synth_44151,22
synth_44361,22
synth_44457,22
synth_44605,22
synth_44950,22
synth_45448,22
synth_45487,22
synth_44980,22
synth_45708,22
synth_44190,22
synth_44236,22
synth_44937,22
synth_45124,22
synth_45360,22
synth_45419,22
synth_45530,22
synth_45723,22
synth_45726,22
synth_44283,22
synth_44500,22
synth_44674,22
synth_44936,22
synth_45034,22
synth_45105,22
synth_45263,22
synth_45463,22
synth_45525,22
synth_44438,22
synth_44590,22
synth_44591,22
synth_44594,22
synth_44608,22
synth_44785,22
synth_45358,22
synth_45460,22
synth_45659,22
synth_44890,22
synth_44083,22
synth_44947,22
synth_45146,22
synth_45238,22
synth_45376,22
synth_44140,22
synth_44978,22
synth_44167,22
synth_45352,22
synth_45642,22
synth_44076,22
synth_44137,22
synth_44141,22
synth_44341,22
synth_44172,22
synth_44227,22
synth_44475,22
synth_44492,22
synth_44648,22
synth_44718,22
synth_44824,22
synth_45552,22
synth_45658,22
synth_44880,22
synth_44244,22
synth_45048,22
synth_44323,22
synth_44447,22
synth_44780,22
synth_45011,22
synth_45295,22
synth_45397,22
synth_45683,22
synth_44863,22
synth_44823,22
synth_44291,22
synth_44698,22
synth_44728,22
synth_44924,22
synth_45016,22
synth_45050,22
synth_45602,22
synth_44049,22
synth_44915,22
synth_45032,22
synth_45053,22
synth_45117,22
synth_45140,22
synth_45514,22
synth_45574,22
synth_44089,22
synth_44282,22
synth_44310,22
synth_44389,22
synth_44483,22
synth_44548,22
synth_44618,22
synth_44691,22
synth_45170,22
synth_45197,22
synth_45591,22
synth_44891,22
synth_44344,22
synth_44930,22
synth_45058,22
synth_45201,22
synth_45339,22
synth_44056,22
synth_44090,22
synth_44943,22
synth_45127,22
synth_45208,22
synth_45235,22
synth_44295,22
synth_44735,22
synth_45148,22
synth_44036,22
synth_44587,22
synth_44655,22
synth_44665,22
synth_44679,22
synth_44693,22
synth_44931,22
synth_45138,22
synth_45191,22
synth_44993,22
synth_44051,22
synth_44092,22
synth_44164,22
synth_44517,22
synth_45043,22
synth_45109,22
synth_45440,22
synth_45468,22
synth_45495,22
synth_44553,22
synth_44859,22
synth_45675,22
synth_45725,22
synth_44414,22
synth_44628,22
synth_44685,22
synth_44759,22
synth_45240,22
synth_45299,22
synth_45507,22
synth_44179,22
synth_44235,22
synth_44393,22
synth_44481,22
synth_44926,22
synth_45027,22
synth_45040,22
synth_45057,22
synth_45075,22
synth_45645,22
synth_45656,22
synth_45568,22
synth_44094,22
synth_44173,22
synth_44200,22
synth_44217,22
synth_44359,22
synth_44565,22
synth_44848,22
synth_45014,22
synth_45142,22
synth_45222,22
synth_44044,22
synth_44068,22
synth_44124,22
synth_44243,22
synth_44692,22
synth_44746,22
synth_45065,22
synth_45225,22
synth_45307,22
synth_45412,22
synth_45509,22
synth_45598,22
synth_45671,22
synth_44197,22
synth_44999,22
synth_45565,22
synth_44147,22
synth_44411,22
synth_44472,22
synth_44682,22
synth_44816,22
synth_45033,22
synth_45322,22
synth_45444,22
synth_45684,22
synth_45729,22
synth_44799,22
synth_45054,22
synth_45410,22
synth_45488,22
synth_45601,22
synth_45624,22
synth_44063,22
synth_44558,22
synth_44944,22
synth_44968,22
synth_45351,22
synth_45452,22
synth_45494,22
synth_45613,22
synth_45538,22
synth_44528,22
synth_44616,22
synth_44632,22
synth_45005,22
synth_45344,22
synth_45449,22
synth_45517,22
synth_45580,22
synth_44340,22
synth_44982,22
synth_44252,22
synth_44297,22
synth_44331,22
synth_44386,22
synth_44573,22
synth_44660,22
synth_44703,22
synth_44753,22
synth_44861,22
synth_45132,22
synth_45342,22
synth_44130,22
synth_44603,22
synth_44896,22
synth_45274,22
synth_44153,22
synth_44348,22
synth_44374,22
synth_44495,22
synth_44593,22
synth_44865,22
synth_45063,22
synth_45243,22
synth_45367,22
synth_44085,22
synth_44188,22
synth_44354,22
synth_44444,22
synth_44650,22
synth_44670,22
synth_45179,22
synth_45193,22
synth_45250,22
synth_45619,22
synth_44902,22
synth_45392,22
synth_45437,22
synth_45443,22
synth_44822,22
synth_45562,22
synth_45564,22
synth_45722,22
synth_45727,22
synth_45736,22
synth_44727,22
synth_44841,22
synth_44881,22
synth_45013,22
synth_45169,22
synth_45332,22
synth_45348,22
synth_45663,22
synth_44839,22
synth_45567,22
synth_45703,22
synth_44262,22
synth_44619,22
synth_45089,22
synth_45108,22
synth_45147,22
synth_45172,22
synth_45596,22
synth_45566,22
synth_45631,22
synth_45714,22
synth_44144,22
synth_44567,22
synth_44584,22
synth_45200,22
synth_45399,22
synth_45466,22
synth_45474,22
synth_45510,22
synth_45515,22
synth_44208,22
synth_44278,22
synth_44355,22
synth_44382,22
synth_44756,22
synth_44906,22
synth_44994,22
synth_45019,22
synth_45492,22
synth_45697,22
synth_45536,22
synth_44248,22
synth_45432,22
synth_44857,22
synth_44069,22
synth_44425,22
synth_44574,22
synth_44835,22
synth_45072,22
synth_45158,22
synth_45377,22
synth_45425,22
synth_45584,22
synth_44836,22
synth_44280,22
synth_44711,22
synth_45171,22
synth_45289,22
synth_44105,22
synth_44907,22
synth_45185,22
synth_45194,22
synth_45407,22
synth_45424,22
synth_45665,22
synth_45692,22
synth_45542,22
synth_45576,22
synth_45579,22
synth_44086,22
synth_44156,22
synth_44226,22
synth_44328,22
synth_44368,22
synth_44397,22
synth_44422,22
synth_44726,22
synth_45220,22
synth_44391,22
synth_44596,22
synth_44606,22
synth_45291,22
synth_45524,22
synth_44210,22
synth_44329,22
synth_45028,22
synth_45131,22
synth_45258,22
synth_45573,22
synth_44858,22
synth_44987,22
synth_45548,22
synth_45603,22
synth_44205,22
synth_44259,22
synth_44399,22
synth_45160,22
synth_45490,22
synth_44118,22
synth_45560,22
synth_44064,22
synth_44135,22
synth_44158,22
synth_44293,22
synth_45227,22
synth_45345,22
synth_45462,22
synth_45609,22
synth_44047,22
synth_44367,22
synth_44494,22
synth_45035,22
synth_45219,22
synth_45500,22
synth_44320,22
synth_45543,22
synth_44048,22
synth_44527,22
synth_45006,22
synth_45062,22
synth_45319,22
synth_45605,22
synth_45712,22
synth_44316,22
synth_44396,22
synth_45073,22
synth_45137,22
synth_44299,22
synth_44360,22
synth_44523,22
synth_44789,22
synth_44888,22
synth_45002,22
synth_45017,22
synth_45133,22
synth_45285,22
synth_45622,22
synth_44096,22
synth_44106,22
synth_44652,22
synth_44716,22
synth_44792,22
synth_45039,22
synth_45595,22
synth_44895,22
synth_44381,22
synth_44437,22
synth_44450,22
synth_44474,22
synth_44592,22
synth_44831,22
synth_45135,22
synth_45156,22
synth_45315,22
synth_45523,22
synth_44602,22
synth_44585,22
synth_44734,22
synth_45150,22
synth_45203,22
synth_45310,22
synth_44077,22
synth_45556,22
synth_44424,22
synth_44441,22
synth_44595,22
synth_45068,22
synth_45226,22
synth_45239,22
synth_45414,22
synth_45475,22
synth_45653,22
synth_44960,22
synth_44439,22
synth_44442,22
synth_44449,22
synth_44681,22
synth_44845,22
synth_45003,22
synth_45081,22
synth_45113,22
synth_45278,22
synth_45372,22
synth_45413,22
synth_45550,22
synth_45691,22
synth_44856,22
synth_44223,22
synth_44520,22
synth_44633,22
synth_44793,22
synth_44909,22
synth_45415,22
synth_44219,22
synth_44260,22
synth_44535,22
synth_44566,22
synth_44939,22
synth_45099,22
synth_45641,22
synth_45646,22
synth_44078,22
synth_44138,22
synth_45537,22
synth_44185,22
synth_44230,22
synth_44521,22
synth_44625,22
synth_45114,22
synth_45286,22
synth_45533,22
synth_44820,22
synth_45555,22
synth_44369,22
synth_44376,22
synth_44630,22
synth_44762,22
synth_44948,22
synth_45456,22
synth_45660,22
synth_44136,22
synth_45561,22
synth_44408,22
synth_44514,22
synth_44742,22
synth_44743,22
synth_44783,22
synth_44784,22
synth_45161,22
synth_45644,22
synth_44838,22
synth_44977,22
synth_45558,22
synth_44037,22
synth_44286,22
synth_44530,22
synth_44532,22
synth_44577,22
synth_44581,22
synth_44622,22
synth_44668,22
synth_44819,22
synth_44826,22
synth_45281,22
synth_45427,22
synth_44373,22
synth_44617,22
synth_44736,22
synth_45465,22
synth_45587,22
synth_45688,22
synth_45679,22
synth_44814,22
synth_44945,22
synth_45700,22
synth_44110,22
synth_44351,22
synth_44371,22
synth_44400,22
synth_45004,22
synth_45149,22
synth_44991,22
synth_44203,22
synth_44401,22
synth_44588,22
synth_44760,22
synth_45218,22
synth_45234,22
synth_45669,22
synth_44146,22
synth_44287,22
synth_44714,22
synth_44766,22
synth_45707,22
synth_44102,22
synth_44222,22
synth_44840,22
synth_44957,22
synth_45417,22
synth_44074,22
synth_44132,22
synth_44148,22
synth_44678,22
synth_44683,22
synth_45283,22
synth_45311,22
synth_45471,22
synth_44621,22
synth_44112,22
synth_44254,22
synth_44721,22
synth_44772,22
synth_44812,22
synth_45031,22
synth_45080,22
synth_45202,22
synth_45206,22
synth_45221,22
synth_45309,22
synth_45572,22
synth_44979,22
synth_45544,22
synth_45617,22
synth_44705,22
synth_44729,22
synth_45400,22
synth_45434,22
synth_44198,22
synth_44194,22
synth_44436,22
synth_44564,22
synth_44688,22
synth_44695,22
synth_44867,22
synth_45023,22
synth_45111,22
synth_45155,22
synth_45316,22
synth_45338,22
synth_45611,22
synth_44183,22
synth_45634,22
synth_45715,22
synth_44285,22
synth_44549,22
synth_44599,22
synth_44933,22
synth_45096,22
synth_45125,22
synth_45409,22
synth_45597,22
synth_44128,22
synth_44342,22
synth_44686,22
synth_45159,22
synth_45401,22
synth_45522,22
synth_45570,22
synth_45655,22
synth_44540,22
synth_45620,22
synth_44168,22
synth_44175,22
synth_44202,22
synth_44261,22
synth_44269,22
synth_44531,22
synth_44638,22
synth_44647,22
synth_45128,22
synth_45144,22
synth_45324,22
synth_45362,22
synth_44562,22
synth_44126,22
synth_44274,22
synth_44343,22
synth_44412,22
synth_44464,22
synth_44465,22
synth_44546,22
synth_44723,22
synth_44846,22
synth_45036,22
synth_45167,22
synth_45483,22
synth_44463,22
synth_44882,22
synth_45268,22
synth_45394,22
synth_45593,22
synth_45670,22
synth_44071,22
synth_44453,22
synth_44732,22
synth_45196,22
synth_44390,22
synth_44430,22
synth_44529,22
synth_45261,22
synth_45300,22
synth_45674,22
synth_44923,22
synth_44971,22
synth_44428,22
synth_45205,22
synth_45433,22
synth_45502,22
synth_45513,22
synth_44195,22
synth_44337,22
synth_44468,22
synth_45313,22
synth_45651,22
synth_44301,22
synth_44730,22
synth_45554,22
synth_44460,22
synth_44515,22
synth_44666,22
synth_44748,22
synth_44797,22
synth_44935,22
synth_45044,22
synth_45077,22
synth_45209,22
synth_45350,22
synth_45365,22
synth_45408,22
synth_45682,22
synth_45625,22
synth_45706,22
synth_44309,22
synth_44452,22
synth_45162,22
synth_45229,22
synth_45337,22
synth_44973,22
synth_44115,22
synth_44482,22
synth_45066,22
synth_45126,22
synth_45198,22
synth_45383,22
synth_45388,22
synth_45528,22
synth_45680,22
synth_44312,22
synth_44370,22
synth_44434,22
synth_44458,22
synth_44598,22
synth_44954,22
synth_45037,22
synth_45389,22
synth_45422,22
synth_45612,22
synth_45664,22
synth_44143,22
synth_44601,22
synth_45626,22
synth_44754,22
synth_44928,22
synth_45233,22
synth_45270,22
synth_45529,22
synth_45549,22
synth_44088,22
synth_44362,22
synth_44231,22
synth_44659,22
synth_44662,22
synth_44717,22
synth_45042,22
synth_45088,22
synth_45181,22
synth_45245,22
synth_45346,22
synth_44247,22
synth_44296,22
synth_44421,22
synth_44485,22
synth_44774,22
synth_44813,22
synth_44847,22
synth_45152,22
synth_45380,22
synth_45643,22
synth_44983,22
synth_44187,22
synth_44237,22
synth_44357,22
synth_44699,22
synth_45195,22
synth_45385,22
synth_45520,22
synth_44116,22
synth_44103,22
synth_44204,22
synth_44212,22
synth_44615,22
synth_44713,22
synth_44833,22
synth_44927,22
synth_44938,22
synth_45118,22
synth_45173,22
synth_45180,22
synth_45476,22
synth_45511,22
synth_45519,22
synth_45650,22
synth_44561,22
synth_44918,22
synth_44304,22
synth_44427,22
synth_44568,22
synth_44825,22
synth_44967,22
synth_44963,22
synth_44111,22
synth_44267,22
synth_44416,22
synth_44636,22
synth_44749,22
synth_45199,22
synth_45347,22
synth_45472,22
synth_45649,22
synth_45677,22
synth_45733,22
synth_44503,22
synth_44651,22
synth_44747,22
synth_45085,22
synth_45255,22
synth_45357,22
synth_44555,22
synth_44232,22
synth_44801,22
synth_45356,22
synth_45508,22
synth_45633,22
synth_45728,22
synth_44061,22
synth_44113,22
synth_44279,22
synth_44518,22
synth_44649,22
synth_44873,22
synth_45041,22
synth_45217,22
synth_45355,22
synth_45420,22
synth_44160,22
synth_44215,22
synth_44255,22
synth_45327,22
synth_45334,22
synth_45553,22
synth_44104,22
synth_44108,22
synth_44178,22
synth_44307,22
synth_44432,22
synth_44956,22
synth_45078,22
synth_45183,22
synth_45667,22
synth_45668,22
synth_44075,22
synth_44922,22
synth_44981,22
synth_45720,22
synth_44127,22
synth_44303,22
synth_45015,22
synth_45079,22
synth_45151,22
synth_45638,22
synth_45704,22
synth_44623,22
synth_45000,22
synth_45020,22
synth_45375,22
synth_44942,22
synth_44060,22
synth_44221,22
synth_44654,22
synth_44706,22
synth_45049,22
synth_45100,22
synth_44065,22
synth_44488,22
synth_44764,22
synth_44775,22
synth_44781,22
synth_44958,22
synth_45087,22
synth_45265,22
synth_45343,22
synth_44107,22
synth_44152,22
synth_44266,22
synth_44522,22
synth_44559,22
synth_44634,22
synth_44904,22
synth_45107,22
synth_45393,22
synth_45404,22
synth_45672,22
synth_45685,22
synth_45695,22
synth_45623,22
synth_44080,22
synth_44265,22
synth_44604,22
synth_45182,22
synth_45186,22
synth_45731,22
synth_44490,22
synth_44572,22
synth_44969,22
synth_45129,22
synth_45381,22
synth_45435,22
synth_44600,22
synth_45710,22
synth_45718,22
synth_44473,22
synth_44510,22
synth_44609,22
synth_45092,22
synth_45280,22
synth_45298,22
synth_44435,22
synth_45279,22
synth_45318,22
synth_45331,22
synth_45371,22
synth_44300,22
synth_44387,22
synth_44669,22
synth_44709,22
synth_45223,22
synth_45260,22
synth_45363,22
synth_44366,22
synth_44586,22
synth_44612,22
synth_44614,22
synth_44631,22
synth_44658,22
synth_45086,22
synth_45378,22
synth_45382,22
synth_44129,22
synth_45607,22
synth_45719,22
synth_44375,22
synth_44484,22
synth_44645,22
synth_44866,22
synth_45001,22
synth_45082,22
synth_45213,22
synth_45267,22
synth_45308,22
synth_45534,22
synth_45599,22
synth_44541,22
synth_45545,22
synth_45627,22
synth_44487,22
synth_44672,22
synth_44707,22
synth_45084,22
synth_45333,22
synth_45478,22
synth_45551,22
synth_44339,22
synth_44597,22
synth_44663,22
synth_44901,22
synth_45097,22
synth_45446,22
synth_45464,22
synth_45616,22
synth_44165,22
synth_44241,22
synth_44311,22
synth_44607,22
synth_44761,22
synth_45326,22
synth_45485,22
synth_45590,22
synth_45661,22
synth_44072,22
synth_44214,22
synth_44257,22
synth_44385,22
synth_44467,22
synth_44557,22
synth_44689,22
synth_44722,22
synth_44964,22
synth_44988,22
synth_45056,22
synth_45157,22
synth_45248,22
synth_45272,22
synth_45571,22
synth_45681,22
synth_44996,22
synth_44289,22
synth_44379,22
synth_44667,22
synth_44687,22
synth_44701,22
synth_44715,22
synth_44778,22
synth_44796,22
synth_44828,22
synth_45123,22
synth_45257,22
synth_45321,22
synth_45600,22
synth_44330,22
synth_44646,22
synth_44673,22
synth_45060,22
synth_45103,22
synth_45115,22
synth_45241,22
synth_45457,22
synth_44159,22
synth_44189,22
synth_44431,22
synth_44533,22
synth_44755,22
synth_45059,22
synth_45374,22
synth_45423,22
synth_44321,22
synth_44319,22
synth_44505,22
synth_44795,22
synth_45009,22
synth_45190,22
synth_45461,22
synth_45493,22
synth_45647,22
synth_44162,22
synth_45604,22
synth_44099,22
synth_44579,22
synth_44611,22
synth_44671,22
synth_44779,22
synth_44870,22
synth_45453,22
synth_44975,22
synth_44524,22
synth_45354,22
synth_44242,22
synth_44410,22
synth_44582,22
synth_44676,22
synth_44740,22
synth_45098,22
synth_45215,22
synth_45292,22
synth_45512,22
synth_45614,22
synth_44040,22
synth_44767,22
synth_44798,22
synth_44830,22
synth_45323,22
synth_45654,22
synth_45705,22
synth_44275,22
synth_44277,22
synth_44349,22
synth_44433,22
synth_44589,22
synth_45093,22
synth_45277,22
synth_45588,22
synth_44322,22
synth_44281,22
synth_44440,22
synth_44445,22
synth_44570,22
synth_44739,22
synth_44758,22
synth_45253,22
synth_45526,22
synth_44919,22
synth_44976,22
synth_44989,22
synth_44251,22
synth_44327,22
synth_44392,22
synth_44477,22
synth_44480,22
synth_44610,22
synth_44661,22
synth_45244,22
synth_45314,22
synth_44133,22
synth_44201,22
synth_44318,22
synth_44493,22
synth_44507,22
synth_44641,22
synth_44694,22
synth_45064,22
synth_45273,22
synth_45288,22
synth_45411,22
synth_45635,22
synth_44246,22
synth_44443,22
synth_44512,22
synth_45012,22
synth_45026,22
synth_45051,22
synth_45214,22
synth_45330,22
synth_45445,22
synth_45547,22
synth_44224,22
synth_44273,22
synth_44624,22
synth_44627,22
synth_44827,22
synth_44829,22
synth_44855,22
synth_45224,22
synth_45489,22
synth_45678,22
synth_44157,22
synth_45007,22
synth_45112,22
synth_45134,22
synth_45429,22
synth_44990,22
synth_45540,22
synth_44057,22
synth_44145,22
synth_44192,22
synth_44206,22
synth_44288,22
synth_45008,22
synth_45153,22
synth_45269,22
synth_45386,22
synth_44245,22
synth_44498,22
synth_44504,22
synth_44629,22
synth_44635,22
synth_45184,22
synth_45249,22
synth_45256,22
synth_44325,22
synth_44501,22
synth_44657,22
synth_44955,22
synth_45294,22
synth_45340,22
synth_45467,22
synth_44082,22
synth_44302,22
synth_44643,22
synth_45174,22
synth_45336,22
synth_45447,22
synth_44039,22
synth_44228,22
synth_44264,22
synth_44545,22
synth_45120,22
synth_45122,22
synth_45335,22
synth_45686,22
synth_45632,22
synth_44174,22
synth_44256,22
synth_44364,22
synth_44446,22
synth_44509,22
synth_44805,22
synth_45067,22
synth_45102,22
synth_45168,22
synth_45477,22
synth_45518,22
synth_45521,22
synth_44752,22
synth_44997,22
synth_44229,22
synth_44346,22
synth_45164,22
synth_45187,22
synth_45282,22
synth_45436,22
synth_45701,22
synth_44059,22
synth_44332,22
synth_44791,22
synth_45116,22
synth_45254,22
synth_45379,22
synth_45387,22
synth_45480,22
synth_44315,22
synth_45121,22
synth_45366,22
synth_45479,22
synth_45594,22
synth_44961,22
synth_44986,22
synth_44062,22
synth_44186,22
synth_44253,22
synth_44270,22
synth_44491,22
synth_44547,22
synth_44675,22
synth_45104,22
synth_45143,22
synth_45450,22
synth_45527,22
synth_45592,22
synth_44038,22
synth_44313,22
synth_44317,22
synth_44326,22
synth_44415,22
synth_44854,22
synth_44889,22
synth_45390,22
synth_45416,22
synth_44117,22
synth_45702,22
synth_44516,22
synth_45713,22
synth_44347,22
synth_44806,22
synth_44834,22
synth_45176,22
synth_45192,22
synth_45406,22
synth_45470,22
synth_45482,22
synth_45636,22
synth_44394,22
synth_45154,22
synth_44620,22
synth_44345,22
synth_44356,22
synth_44398,22
synth_44407,22
synth_44768,22
synth_45052,22
synth_45076,22
synth_45228,22
synth_45391,22
synth_45583,22
synth_45711,22
synth_44046,22
synth_44058,22
synth_44471,22
synth_44803,22
synth_44885,22
synth_44959,22
synth_45090,22
synth_45178,22
synth_45441,22
synth_45639,22
synth_44336,22
synth_44353,22
synth_44384,22
synth_45262,22
synth_45276,22
synth_45559,22
synth_45629,22
synth_44052,22
synth_44055,22
synth_44193,22
synth_44519,22
synth_44737,22
synth_45405,22
synth_45589,22
synth_44821,22
synth_44700,22
synth_44952,22
synth_45188,22
synth_45361,22
synth_45496,22
synth_45586,22
synth_44207,22
synth_44213,22
synth_44268,22
synth_44534,22
synth_44868,22
synth_44946,22
synth_45145,22
synth_45325,22
synth_45484,22
synth_44119,22
synth_44180,22
synth_44998,22
synth_45606,22
synth_44079,22
synth_44782,22
synth_44862,22
synth_45025,22
synth_45251,22
synth_45312,22
synth_45648,22
synth_45689,22
synth_44941,22
synth_44154,22
synth_44220,22
synth_44249,22
synth_44271,22
synth_44506,22
synth_44899,22
synth_45398,22
synth_45503,22
synth_44892,22
synth_44917,22
synth_45724,22
synth_44405,22
synth_44409,22
synth_44640,22
synth_44912,22
synth_45139,22
synth_45232,22
synth_45266,22
synth_44893,22
synth_44985,22
synth_45628,22
synth_44429,22
synth_44763,22
synth_44773,22
synth_45024,22
synth_45341,22
synth_45428,22
synth_44142,22
synth_44837,22
synth_44239,22
synth_44284,22
synth_44418,22
synth_44486,22
synth_45290,22
synth_45459,22
synth_45499,22
synth_44637,22
synth_44807,22
synth_44884,22
synth_45119,22
synth_45306,22
synth_44365,22
synth_44720,22
synth_44786,22
synth_45030,22
synth_44731,22
synth_44771,22
synth_44240,22
synth_44832,22
synth_45141,22
synth_45211,22
synth_45231,22
synth_45237,22
synth_45296,22
synth_45505,22
synth_44053,22
synth_44626,22
synth_44860,22
synth_44949,22
synth_45426,22
synth_45569,22
synth_44166,22
synth_44209,22
synth_44333,22
synth_44372,22
synth_44925,22
synth_44951,22
synth_45699,22
synth_44139,22
synth_44066,22
synth_44150,22
synth_44292,22
synth_44298,22
synth_44745,22
synth_44800,22
synth_44876,22
synth_44886,22
synth_45071,22
synth_45293,22
synth_45431,22
synth_45469,22
synth_45640,22
synth_44081,22
synth_44095,22
synth_44290,22
synth_44395,22
synth_44451,22
synth_44508,22
synth_44525,22
synth_44810,22
synth_45045,22
synth_45046,22
synth_45204,22
synth_45402,22
synth_45430,22
synth_45473,22
synth_45734,22
synth_44091,22
synth_44163,22
synth_44234,22
synth_44526,22
synth_44571,22
synth_44804,22
synth_44953,22
synth_45163,22
synth_45297,22
synth_45698,22
synth_44171,22
synth_44684,22
synth_44808,22
synth_44877,22
synth_45074,22
synth_45497,22
synth_44560,22
synth_44751,22
synth_44363,22
synth_44461,22
synth_44724,22
synth_44790,22
synth_45287,22
synth_44043,22
synth_44054,22
synth_44149,22
synth_44536,22
synth_44580,22
synth_44712,22
synth_45506,22
synth_44199,22
synth_44984,22
synth_45563,22
synth_44084,22
synth_44101,22
synth_45083,22
synth_45275,22
synth_45384,22
synth_44469,22
synth_44680,22
synth_45491,22
synth_44770,22
synth_44894,22
synth_45676,22
synth_44544,22
synth_44757,22
synth_45403,22
synth_45458,22
synth_45535,22
synth_45730,22
synth_44272,22
synth_44335,22
synth_44537,22
synth_44898,22
synth_44965,22
synth_44974,22
synth_45575,22
synth_45709,22
synth_45029,22
synth_45047,22
synth_45577,22
synth_44842,22
synth_44908,22
synth_44913,22
synth_44966,22
synth_45022,22
synth_45095,22
synth_45451,22
synth_44161,22
synth_44556,22
synth_45615,22
synth_44470,22
synth_44874,22
synth_44879,22
synth_44903,22
synth_45069,22
synth_44125,22
synth_44690,22
synth_44769,22
synth_44809,22
synth_44887,22
synth_45349,22
synth_45373,22
synth_45439,22
synth_45481,22
synth_45582,22
synth_45610,22
synth_45687,22
synth_45630,22
synth_45721,22
synth_44050,22
synth_44216,22
synth_44402,22
synth_44499,22
synth_44818,22
synth_44883,22
synth_45317,22
synth_45359,22
synth_45442,22
synth_45486,22
synth_45516,22
synth_44041,22
synth_44109,22
synth_44134,22
synth_44324,22
synth_44388,22
synth_44404,22
synth_44426,22
synth_44478,22
synth_44708,22
synth_44710,22
synth_44869,22
synth_45018,22
synth_45055,22
synth_45094,22
synth_45236,22
synth_45247,22
synth_45353,22
synth_44121,22
synth_44196,22
synth_45541,22
synth_45618,22
synth_44211,22
synth_44420,22
synth_44511,22
synth_45246,22
synth_45271,22
synth_45498,22
synth_44550,22
synth_45578,22
synth_44122,22
synth_44456,22
synth_44843,22
synth_45210,22
synth_45230,22
synth_44921,22
synth_44191,22
synth_44406,22
synth_44489,22
synth_44578,22
synth_44914,22
synth_45418,22
synth_45652,22
synth_44920,22
synth_45717,22
synth_44123,22
synth_44308,22
synth_44419,22
synth_44448,22
synth_44563,22
synth_44656,22
synth_44851,22
synth_44871,22
synth_44932,22
synth_44934,22
synth_45101,22
synth_45189,22
synth_45370,22
synth_45662,22
synth_45666,22
synth_45546,22
synth_44334,22
synth_44479,22
synth_44776,22
synth_45320,22
synth_45690,22
synth_44073,22
synth_44181,22
synth_45735,22
synth_44644,22
synth_44900,22
synth_44992,22
synth_45557,22
synth_44233,22
synth_44314,22
synth_44502,22
synth_44639,22
synth_44704,22
synth_44875,22
synth_45021,22
synth_45106,22
synth_45368,22
synth_45581,22
synth_44970,22
synth_44114,22
synth_44276,22
synth_44765,22
synth_45216,22
synth_45395,22
synth_45657,22
synth_44097,22
synth_44377,22
synth_44459,22
synth_44741,22
synth_44911,22
synth_45504,22
synth_45585,22
synth_45673,22
synth_44542,22
synth_44100,22
synth_44184,22
synth_45455,22
synth_45531,22
synth_44539,22
synth_44576,22
synth_44725,22
synth_44788,22
synth_44905,22
synth_45212,22
synth_45637,22
synth_44811,22
synth_44929,22
synth_45110,22
synth_45175,22
synth_45454,22
synth_45539,22
synth_44087,22
synth_44378,22
synth_44719,22
synth_44852,22
synth_44878,22
synth_45301,22
synth_45438,22
synth_45696,22
synth_44120,22
synth_44182,22
synth_44750,22
synth_44093,22
synth_44098,22
synth_44613,22
synth_44897,22
synth_45304,22
synth_45693,22
synth_44962,22
synth_45716,22
synth_44045,22
synth_44169,22
synth_44070,22
synth_45732,22
synth_45770,21
synth_45904,21
synth_46515,21
synth_46932,21
synth_47060,21
synth_47289,21
synth_47329,21
synth_47356,21
synth_47554,21
synth_45982,21
synth_46207,21
synth_46394,21
synth_46556,21
synth_46820,21
synth_46952,21
synth_45968,21
synth_46255,21
synth_46664,21
synth_47196,21
synth_47423,21
synth_45950,21
synth_46134,21
synth_46608,21
synth_46066,21
synth_46521,21
synth_47099,21
synth_47122,21
synth_47431,21
synth_47432,21
synth_46668,21
synth_45762,21
synth_46006,21
synth_46015,21
synth_46776,21
synth_46916,21
synth_47226,21
synth_47381,21
synth_45829,21
synth_46396,21
synth_46557,21
synth_46628,21
synth_46988,21
synth_45808,21
synth_45878,21
synth_47148,21
synth_45910,21
synth_46343,21
synth_46853,21
synth_46936,21
synth_46944,21
synth_46502,21
synth_46826,21
synth_47168,21
synth_47292,21
synth_46320,21
synth_46980,21
synth_46430,21
synth_46870,21
synth_47029,21
synth_47459,21
synth_46389,21
synth_46392,21
synth_46953,21
synth_46975,21
synth_45901,21
synth_46188,21
synth_47561,21
synth_46321,21
synth_46338,21
synth_46691,21
synth_45855,21
synth_46355,21
synth_46369,21
synth_46734,21
synth_46889,21
synth_47021,21
synth_47030,21
synth_47106,21
synth_47184,21
synth_47234,21
synth_47265,21
synth_47288,21
synth_47448,21
synth_45983,21
synth_46220,21
synth_45782,21
synth_46034,21
synth_46882,21
synth_47461,21
synth_46314,21
synth_46578,21
synth_45760,21
synth_45836,21
synth_45998,21
synth_46001,21
synth_46401,21
synth_46815,21
synth_47216,21
synth_47390,21
synth_47480,21
synth_45966,21
synth_46224,21
synth_46412,21
synth_47114,21
synth_46182,21
synth_46884,21
synth_46895,21
synth_47158,21
synth_47290,21
synth_47500,21
synth_45970,21
synth_45991,21
synth_46260,21
synth_46545,21
synth_46593,21
synth_46636,21
synth_47273,21
synth_45883,21
synth_46522,21
synth_47062,21
synth_47067,21
synth_47434,21
synth_46632,21
synth_46640,21
synth_46780,21
synth_45969,21
synth_46420,21
synth_46421,21
synth_47224,21
synth_47312,21
synth_45954,21
synth_46169,21
synth_46473,21
synth_46475,21
synth_46907,21
synth_47417,21
synth_46013,21
synth_47046,21
synth_47077,21
synth_47264,21
synth_47367,21
synth_45861,21
synth_46186,21
synth_46485,21
synth_46769,21
synth_47173,21
synth_47236,21
synth_47580,21
synth_45925,21
synth_46136,21
synth_46330,21
synth_46696,21
synth_46750,21
synth_45834,21
synth_45909,21
synth_46024,21
synth_47031,21
synth_47051,21
synth_46866,21
synth_47268,21
synth_45892,21
synth_46180,21
synth_45751,21
synth_46596,21
synth_46992,21
synth_46377,21
synth_47304,21
synth_47413,21
synth_47486,21
synth_45748,21
synth_45995,21
synth_46202,21
synth_46993,21
synth_47293,21
synth_47581,21
synth_45981,21
synth_46097,21
synth_46541,21
synth_46680,21
synth_47117,21
synth_47507,21
synth_45784,21
synth_45796,21
synth_45893,21
synth_45967,21
synth_46092,21
synth_47281,21
synth_47336,21
synth_47445,21
synth_47466,21
synth_47551,21
synth_45739,21
synth_46558,21
synth_46732,21
synth_46950,21
synth_45809,21
synth_46094,21
synth_46199,21
synth_46365,21
synth_47178,21
synth_47215,21
synth_47368,21
synth_47429,21
synth_45789,21
synth_45962,21
synth_46158,21
synth_46911,21
synth_46943,21
synth_46219,21
synth_46352,21
synth_46366,21
synth_46383,21
synth_46404,21
synth_46663,21
synth_46738,21
synth_46823,21
synth_47205,21
synth_47571,21
synth_46131,21
synth_46140,21
synth_46175,21
synth_46624,21
synth_45977,21
synth_45979,21
synth_46048,21
synth_46243,21
synth_46279,21
synth_46438,21
synth_46504,21
synth_47068,21
synth_47310,21
synth_45926,21
synth_46309,21
synth_46878,21
synth_45862,21
synth_46390,21
synth_46422,21
synth_46724,21
synth_47022,21
synth_47302,21
synth_47572,21
synth_45923,21
synth_45972,21
synth_46231,21
synth_46477,21
synth_46850,21
synth_46909,21
synth_45902,21
synth_46240,21
synth_46298,21
synth_46376,21
synth_46486,21
synth_47164,21
synth_47177,21
synth_47203,21
synth_47331,21
synth_47371,21
synth_47538,21
synth_46147,21
synth_46468,21
synth_45863,21
synth_46009,21
synth_46063,21
synth_46740,21
synth_46833,21
synth_47137,21
synth_47241,21
synth_47359,21
synth_47550,21
synth_46157,21
synth_46370,21
synth_46532,21
synth_46912,21
synth_46393,21
synth_46414,21
synth_46686,21
synth_45818,21
synth_45887,21
synth_46197,21
synth_46424,21
synth_46523,21
synth_46710,21
synth_46918,21
synth_47039,21
synth_47212,21
synth_47386,21
synth_45738,21
synth_46971,21
synth_45851,21
synth_45905,21
synth_47388,21
synth_45740,21
synth_45881,21
synth_46146,21
synth_46600,21
synth_46781,21
synth_46858,21
synth_46939,21
synth_45906,21
synth_46419,21
synth_47392,21
synth_47555,21
synth_47574,21
synth_46478,21
synth_46945,21
synth_47418,21
synth_46817,21
synth_47074,21
synth_47190,21
synth_47328,21
synth_47405,21
synth_47454,21
synth_45800,21
synth_46120,21
synth_46133,21
synth_47010,21
synth_47489,21
synth_46020,21
synth_46766,21
synth_46849,21
synth_46891,21
synth_47244,21
synth_46176,21
synth_46652,21
synth_46958,21
synth_46754,21
synth_46885,21
synth_46896,21
synth_47024,21
synth_47094,21
synth_47395,21
synth_47553,21
synth_47582,21
synth_45746,21
synth_47517,21
synth_45939,21
synth_47301,21
synth_47372,21
synth_47527,21
synth_46923,21
synth_46986,21
synth_46994,21
synth_45917,21
synth_46023,21
synth_46431,21
synth_46934,21
synth_46409,21
synth_46540,21
synth_46586,21
synth_46656,21
synth_46863,21
synth_46519,21
synth_46807,21
synth_46812,21
synth_47052,21
synth_47211,21
synth_46201,21
synth_46323,21
synth_46972,21
synth_46743,21
synth_46774,21
synth_47490,21
synth_45964,21
synth_46638,21
synth_46989,21
synth_45806,21
synth_46512,21
synth_46759,21
synth_47562,21
synth_45812,21
synth_46149,21
synth_46223,21
synth_46592,21
synth_46622,21
synth_46641,21
synth_46782,21
synth_46799,21
synth_45845,21
synth_45896,21
synth_46115,21
synth_46204,21
synth_46827,21
synth_47054,21
synth_47568,21
synth_46785,21
synth_45791,21
synth_45792,21
synth_46499,21
synth_46500,21
synth_46722,21
synth_46762,21
synth_47042,21
synth_47064,21
synth_47523,21
synth_47576,21
synth_45742,21
synth_46229,21
synth_46335,21
synth_46453,21
synth_46069,21
synth_46353,21
synth_46764,21
synth_47038,21
synth_47544,21
synth_46374,21
synth_46459,21
synth_47249,21
synth_45826,21
synth_46010,21
synth_46118,21
synth_47028,21
synth_47133,21
synth_45944,21
synth_46935,21
synth_45814,21
synth_46181,21
synth_46191,21
synth_46492,21
synth_46814,21
synth_46834,21
synth_46914,21
synth_47295,21
synth_45743,21
synth_46642,21
synth_46671,21
synth_46751,21
synth_46995,21
synth_45780,21
synth_46044,21
synth_46214,21
synth_46402,21
synth_47254,21
synth_47385,21
synth_45985,21
synth_46454,21
synth_46031,21
synth_46128,21
synth_46493,21
synth_46748,21
synth_47240,21
synth_47321,21
synth_47337,21
synth_47484,21
synth_46577,21
synth_46666,21
synth_46673,21
synth_46727,21
synth_46787,21
synth_45799,21
synth_46809,21
synth_46813,21
synth_47050,21
synth_47135,21
synth_46122,21
synth_46729,21
synth_46002,21
synth_46190,21
synth_46538,21
synth_46708,21
synth_46736,21
synth_46838,21
synth_47056,21
synth_47180,21
synth_47246,21
synth_47363,21
synth_47536,21
synth_46163,21
synth_46232,21
synth_46650,21
synth_46857,21
synth_47209,21
synth_46513,21
synth_46810,21
synth_47006,21
synth_47366,21
synth_47453,21
synth_46161,21
synth_46610,21
synth_46899,21
synth_46982,21
synth_45761,21
synth_45918,21
synth_46119,21
synth_46415,21
synth_46741,21
synth_46763,21
synth_46917,21
synth_47350,21
synth_47411,21
synth_47481,21
synth_46209,21
synth_46961,21
synth_46714,21
synth_46758,21
synth_46881,21
synth_47123,21
synth_47243,21
synth_45934,21
synth_46635,21
synth_47272,21
synth_45805,21
synth_45822,21
synth_45989,21
synth_46083,21
synth_46345,21
synth_46380,21
synth_46848,21
synth_46886,21
synth_47066,21
synth_46141,21
synth_46168,21
synth_46954,21
synth_47113,21
synth_46089,21
synth_46417,21
synth_47309,21
synth_47342,21
synth_47485,21
synth_46429,21
synth_46464,21
synth_45769,21
synth_45914,21
synth_46166,21
synth_46399,21
synth_46830,21
synth_46883,21
synth_47160,21
synth_47195,21
synth_47347,21
synth_47379,21
synth_45933,21
synth_46644,21
synth_46930,21
synth_46965,21
synth_46053,21
synth_46111,21
synth_46291,21
synth_46378,21
synth_46494,21
synth_46802,21
synth_46831,21
synth_47036,21
synth_47532,21
synth_46388,21
synth_45758,21
synth_45885,21
synth_46286,21
synth_47150,21
synth_47154,21
synth_47239,21
synth_47335,21
synth_47364,21
synth_47420,21
synth_47543,21
synth_45747,21
synth_46262,21
synth_46615,21
synth_46672,21
synth_46771,21
synth_45833,21
synth_45872,21
synth_46117,21
synth_46192,21
synth_46819,21
synth_47100,21
synth_47111,21
synth_47181,21
synth_46150,21
synth_46164,21
synth_46551,21
synth_46587,21
synth_45797,21
synth_46008,21
synth_46185,21
synth_46536,21
synth_46808,21
synth_47199,21
synth_47410,21
synth_47492,21
synth_46228,21
synth_46331,21
synth_46568,21
synth_46682,21
synth_45823,21
synth_46509,21
synth_47058,21
synth_47447,21
synth_45963,21
synth_46462,21
synth_46922,21
synth_46937,21
synth_47269,21
synth_45987,21
synth_46361,21
synth_46659,21
synth_47127,21
synth_47151,21
synth_47355,21
synth_47394,21
synth_47516,21
synth_45753,21
synth_46319,21
synth_46619,21
synth_47508,21
synth_45850,21
synth_45948,21
synth_46249,21
synth_46900,21
synth_47258,21
synth_47280,21
synth_47525,21
synth_46589,21
synth_46643,21
synth_47208,21
synth_46055,21
synth_46266,21
synth_46364,21
synth_46818,21
synth_47322,21
synth_47467,21
synth_46123,21
synth_45898,21
synth_46217,21
synth_46894,21
synth_46152,21
synth_47267,21
synth_47519,21
synth_46052,21
synth_46296,21
synth_46358,21
synth_46825,21
synth_47057,21
synth_47121,21
synth_47433,21
synth_47497,21
synth_47524,21
synth_47530,21
synth_46347,21
synth_46458,21
synth_46460,21
synth_46618,21
synth_46964,21
synth_47227,21
synth_46765,21
synth_47189,21
synth_47225,21
synth_46308,21
synth_46582,21
synth_46794,21
synth_46940,21
synth_46946,21
synth_45793,21
synth_46382,21
synth_46701,21
synth_46702,21
synth_46711,21
synth_47136,21
synth_47161,21
synth_47210,21
synth_47296,21
synth_47403,21
synth_47482,21
synth_45755,21
synth_46569,21
synth_46990,21
synth_47192,21
synth_47221,21
synth_46300,21
synth_46311,21
synth_46427,21
synth_46476,21
synth_46599,21
synth_45865,21
synth_46151,21
synth_46559,21
synth_46611,21
synth_45816,21
synth_45844,21
synth_45868,21
synth_46033,21
synth_47017,21
synth_47130,21
synth_47175,21
synth_47374,21
synth_45879,21
synth_46423,21
synth_46491,21
synth_47103,21
synth_47220,21
synth_47496,21
synth_47520,21
synth_45810,21
synth_46693,21
synth_46698,21
synth_46101,21
synth_46723,21
synth_47255,21
synth_47470,21
synth_46159,21
synth_46597,21
synth_46862,21
synth_47539,21
synth_47340,21
synth_47353,21
synth_47377,21
synth_46457,21
synth_46647,21
synth_45763,21
synth_46077,21
synth_46096,21
synth_46282,21
synth_46511,21
synth_46717,21
synth_46803,21
synth_47521,21
synth_45737,21
synth_45777,21
synth_46465,21
synth_45831,21
synth_46281,21
synth_46755,21
synth_46756,21
synth_47155,21
synth_46617,21
synth_46631,21
synth_46951,21
synth_45894,21
synth_46257,21
synth_46267,21
synth_46354,21
synth_46450,21
synth_46660,21
synth_46725,21
synth_47218,21
synth_47283,21
synth_47515,21
synth_47541,21
synth_46981,21
synth_46129,21
synth_46767,21
synth_46887,21
synth_47233,21
synth_47522,21
synth_47533,21
synth_46210,21
synth_46326,21
synth_46371,21
synth_46373,21
synth_46584,21
synth_46633,21
synth_47228,21
synth_45832,21
synth_46109,21
synth_46804,21
synth_46816,21
synth_47105,21
synth_47188,21
synth_47404,21
synth_47513,21
synth_46800,21
synth_47116,21
synth_46278,21
synth_46356,21
synth_46360,21
synth_46880,21
synth_47282,21
synth_47575,21
synth_46877,21
synth_47274,21
synth_45766,21
synth_46054,21
synth_46235,21
synth_46517,21
synth_47093,21
synth_47349,21
synth_47473,21
synth_47585,21
synth_45750,21
synth_46303,21
synth_46456,21
synth_46601,21
synth_46090,21
synth_46487,21
synth_46518,21
synth_47307,21
synth_45891,21
synth_46155,21
synth_45886,21
synth_46183,21
synth_46367,21
synth_46690,21
synth_47040,21
synth_47266,21
synth_47375,21
synth_45973,21
synth_46139,21
synth_46544,21
synth_46639,21
synth_46041,21
synth_46287,21
synth_47087,21
synth_47488,21
synth_46529,21
synth_46657,21
synth_46948,21
synth_47502,21
synth_45840,21
synth_46184,21
synth_46539,21
synth_46720,21
synth_47107,21
synth_47380,21
synth_47422,21
synth_47534,21
synth_46681,21
synth_46938,21
synth_46435,21
synth_46496,21
synth_46718,21
synth_47012,21
synth_47535,21
synth_46567,21
synth_46621,21
synth_46856,21
synth_46879,21
synth_46949,21
synth_45903,21
synth_46386,21
synth_46432,21
synth_47004,21
synth_47142,21
synth_45951,21
synth_46213,21
synth_46928,21
synth_45772,21
synth_46017,21
synth_47020,21
synth_47170,21
synth_47370,21
synth_47526,21
synth_46337,21
synth_46874,21
synth_46239,21
synth_47026,21
synth_47129,21
synth_47166,21
synth_47358,21
synth_47463,21
synth_47511,21
synth_46334,21
synth_46346,21
synth_46977,21
synth_46035,21
synth_46073,21
synth_46550,21
synth_47131,21
synth_47191,21
synth_47556,21
synth_45980,21
synth_46471,21
synth_46605,21
synth_46626,21
synth_45866,21
synth_46072,21
synth_46102,21
synth_46242,21
synth_47073,21
synth_47278,21
synth_47320,21
synth_45778,21
synth_45941,21
synth_46391,21
synth_46483,21
synth_46744,21
synth_47341,21
synth_47446,21
synth_46344,21
synth_46581,21
synth_46947,21
synth_47479,21
synth_46007,21
synth_46244,21
synth_46712,21
synth_47090,21
synth_46130,21
synth_46144,21
synth_46634,21
synth_46440,21
synth_46489,21
synth_46747,21
synth_47000,21
synth_45756,21
synth_45986,21
synth_46564,21
synth_46583,21
synth_45804,21
synth_46091,21
synth_46503,21
synth_46516,21
synth_46661,21
synth_47041,21
synth_47316,21
synth_47352,21
synth_47510,21
synth_47528,21
synth_47573,21
synth_45946,21
synth_46623,21
synth_45846,21
synth_46071,21
synth_47125,21
synth_47391,21
synth_47398,21
synth_45745,21
synth_46783,21
synth_46929,21
synth_47419,21
synth_46037,21
synth_46050,21
synth_46903,21
synth_47049,21
synth_47483,21
synth_46413,21
synth_46630,21
synth_46646,21
synth_46256,21
synth_46520,21
synth_47185,21
synth_47253,21
synth_47332,21
synth_47430,21
synth_45935,21
synth_46222,21
synth_46336,21
synth_46997,21
synth_47443,21
synth_47518,21
synth_47546,21
synth_46036,21
synth_46095,21
synth_46434,21
synth_47138,21
synth_47324,21
synth_47400,21
synth_45787,21
synth_45993,21
synth_46317,21
synth_46342,21
synth_46552,21
synth_46258,21
synth_46480,21
synth_47034,21
synth_47048,21
synth_47305,21
synth_47464,21
synth_46178,21
synth_46274,21
synth_46692,21
synth_46854,21
synth_45927,21
synth_45928,21
synth_46481,21
synth_46822,21
synth_47217,21
synth_46271,21
synth_46313,21
synth_46316,21
synth_46322,21
synth_46969,21
synth_46028,21
synth_46100,21
synth_46679,21
synth_46689,21
synth_46893,21
synth_47080,21
synth_46171,21
synth_46200,21
synth_46261,21
synth_46770,21
synth_45957,21
synth_46065,21
synth_46843,21
synth_47259,21
synth_47299,21
synth_47346,21
synth_47540,21
synth_46616,21
synth_46061,21
synth_46237,21
synth_47070,21
synth_47578,21
synth_46226,21
synth_46571,21
synth_46572,21
synth_46956,21
synth_46966,21
synth_45794,21
synth_46049,21
synth_46106,21
synth_45871,21
synth_46772,21
synth_47207,21
synth_45858,21
synth_46026,21
synth_47095,21
synth_47143,21
synth_47201,21
synth_47384,21
synth_46555,21
synth_46594,21
synth_46959,21
synth_45819,21
synth_46038,21
synth_46056,21
synth_46070,21
synth_46403,21
synth_47194,21
synth_47451,21
synth_45776,21
synth_46302,21
synth_46580,21
synth_45830,21
synth_46707,21
synth_47345,21
synth_45744,21
synth_46148,21
synth_46897,21
synth_46498,21
synth_47140,21
synth_47147,21
synth_47162,21
synth_47435,21
synth_45984,21
synth_46463,21
synth_46078,21
synth_46479,21
synth_46805,21
synth_46888,21
synth_47079,21
synth_47369,21
synth_47408,21
synth_45956,21
synth_46449,21
synth_47442,21
synth_47444,21
synth_47008,21
synth_47016,21
synth_47086,21
synth_47146,21
synth_47421,21
synth_47560,21
synth_47577,21
synth_46212,21
synth_46730,21
synth_46801,21
synth_46963,21
synth_46067,21
synth_46193,21
synth_46306,21
synth_47257,21
synth_47277,21
synth_45961,21
synth_46542,21
synth_46791,21
synth_46998,21
synth_46406,21
synth_47348,21
synth_47406,21
synth_47468,21
synth_45900,21
synth_46058,21
synth_46549,21
synth_46719,21
synth_46844,21
synth_46143,21
synth_47477,21
synth_46112,21
synth_46528,21
synth_46927,21
synth_46967,21
synth_46996,21
synth_46114,21
synth_46510,21
synth_46806,21
synth_47343,21
synth_47569,21
synth_46167,21
synth_46910,21
synth_45949,21
synth_46484,21
synth_47076,21
synth_47078,21
synth_47179,21
synth_47387,21
synth_47402,21
synth_45801,21
synth_45942,21
synth_46865,21
synth_45802,21
synth_45853,21
synth_46057,21
synth_46811,21
synth_47112,21
synth_46733,21
synth_46904,21
synth_46042,21
synth_47134,21
synth_46273,21
synth_46658,21
synth_46745,21
synth_47015,21
synth_47157,21
synth_47563,21
synth_46145,21
synth_46443,21
synth_46051,21
synth_46107,21
synth_46839,21
synth_47169,21
synth_47465,21
synth_45907,21
synth_46046,21
synth_47002,21
synth_47089,21
synth_47102,21
synth_47153,21
synth_47542,21
synth_46264,21
synth_45781,21
synth_46080,21
synth_46127,21
synth_46362,21
synth_46400,21
synth_46704,21
synth_46749,21
synth_47144,21
synth_47287,21
synth_46333,21
synth_46543,21
synth_46606,21
synth_46861,21
synth_46898,21
synth_46979,21
synth_46103,21
synth_46154,21
synth_47043,21
synth_45912,21
synth_46867,21
synth_47229,21
synth_45820,21
synth_46307,21
synth_46821,21
synth_47096,21
synth_47187,21
synth_47223,21
synth_47279,21
synth_46448,21
synth_47437,21
synth_46075,21
synth_47063,21
synth_47204,21
synth_46579,21
synth_46469,21
synth_47018,21
synth_46328,21
synth_46669,21
synth_45786,21
synth_45807,21
synth_45938,21
synth_46253,21
synth_46901,21
synth_47230,21
synth_47317,21
synth_47382,21
synth_46121,21
synth_46387,21
synth_46441,21
synth_45997,21
synth_46721,21
synth_46835,21
synth_46312,21
synth_46318,21
synth_46547,21
synth_46598,21
synth_46684,21
synth_47506,21
synth_46004,21
synth_46385,21
synth_46505,21
synth_46761,21
synth_47557,21
synth_46325,21
synth_46627,21
synth_46960,21
synth_45959,21
synth_46079,21
synth_46275,21
synth_46913,21
synth_47033,21
synth_47101,21
synth_47152,21
synth_47163,21
synth_46110,21
synth_47252,21
synth_47300,21
synth_47428,21
synth_46270,21
synth_46576,21
synth_46426,21
synth_46436,21
synth_46591,21
synth_47047,21
synth_47085,21
synth_47319,21
synth_47365,21
synth_47401,21
synth_46179,21
synth_46384,21
synth_46530,21
synth_46715,21
synth_46753,21
synth_47027,21
synth_47053,21
synth_47303,21
synth_47414,21
synth_46177,21
synth_46234,21
synth_46566,21
synth_47547,21
synth_46105,21
synth_46216,21
synth_46775,21
synth_47072,21
synth_47083,21
synth_47088,21
synth_47339,21
synth_47583,21
synth_45788,21
synth_46397,21
synth_46574,21
synth_47548,21
synth_46068,21
synth_46082,21
synth_46288,21
synth_46501,21
synth_46919,21
synth_47354,21
synth_45773,21
synth_46165,21
synth_46654,21
synth_46675,21
synth_45795,21
synth_45847,21
synth_46416,21
synth_47306,21
synth_47457,21
synth_47458,21
synth_46637,21
synth_46793,21
synth_46859,21
synth_45825,21
synth_45856,21
synth_46778,21
synth_47145,21
synth_47197,21
synth_47276,21
synth_45930,21
synth_46099,21
synth_46411,21
synth_46924,21
synth_46976,21
synth_46215,21
synth_46247,21
synth_47471,21
synth_47559,21
synth_45870,21
synth_46563,21
synth_46840,21
synth_46280,21
synth_46490,21
synth_46846,21
synth_47037,21
synth_47238,21
synth_47409,21
synth_47512,21
synth_47566,21
synth_46162,21
synth_46221,21
synth_46451,21
synth_46653,21
synth_47149,21
synth_47159,21
synth_47214,21
synth_47373,21
synth_46869,21
synth_47271,21
synth_46003,21
synth_46088,21
synth_46198,21
synth_46276,21
synth_46497,21
synth_47110,21
synth_47165,21
synth_47326,21
synth_47376,21
synth_47425,21
synth_45932,21
synth_46561,21
synth_46570,21
synth_46602,21
synth_46697,21
synth_46797,21
synth_46942,21
synth_47440,21
synth_45837,21
synth_46526,21
synth_47323,21
synth_47378,21
synth_46230,21
synth_46685,21
synth_46789,21
synth_46926,21
synth_45828,21
synth_45874,21
synth_46921,21
synth_47242,21
synth_47260,21
synth_45890,21
synth_45913,21
synth_45931,21
synth_45952,21
synth_46124,21
synth_45867,21
synth_45895,21
synth_46011,21
synth_46039,21
synth_47183,21
synth_47311,21
synth_47564,21
synth_46595,21
synth_46790,21
synth_46906,21
synth_45884,21
synth_46000,21
synth_46022,21
synth_46269,21
synth_46379,21
synth_46381,21
synth_47537,21
synth_45953,21
synth_46991,21
synth_46999,21
synth_46087,21
synth_46350,21
synth_46508,21
synth_46716,21
synth_47069,21
synth_47284,21
synth_47436,21
synth_45915,21
synth_46142,21
synth_46310,21
synth_46315,21
synth_46398,21
synth_46554,21
synth_46604,21
synth_46612,21
synth_46645,21
synth_46695,21
synth_45889,21
synth_46284,21
synth_46527,21
synth_46588,21
synth_46955,21
synth_47469,21
synth_45785,21
synth_46560,21
synth_47065,21
synth_47318,21
synth_46428,21
synth_46093,21
synth_46251,21
synth_46295,21
synth_47061,21
synth_47460,21
synth_46332,21
synth_46548,21
synth_45937,21
synth_46218,21
synth_47206,21
synth_47219,21
synth_47389,21
synth_46160,21
synth_46444,21
synth_46905,21
synth_45815,21
synth_46108,21
synth_46126,21
synth_46488,21
synth_46506,21
synth_46662,21
synth_46933,21
synth_47186,21
synth_45839,21
synth_46620,21
synth_46728,21
synth_45854,21
synth_46005,21
synth_46189,21
synth_46268,21
synth_46590,21
synth_46703,21
synth_47452,21
synth_46372,21
synth_46670,21
synth_46852,21
synth_46925,21
synth_47011,21
synth_47509,21
synth_45841,21
synth_46294,21
synth_46525,21
synth_46902,21
synth_46408,21
synth_46461,21
synth_46962,21
synth_46277,21
synth_45922,21
synth_46575,21
synth_46609,21
synth_47115,21
synth_47503,21
synth_45958,21
synth_45978,21
synth_46252,21
synth_47139,21
synth_46607,21
synth_46699,21
synth_45852,21
synth_46018,21
synth_46043,21
synth_46254,21
synth_46915,21
synth_47032,21
synth_47075,21
synth_47126,21
synth_47330,21
synth_47396,21
synth_45965,21
synth_46613,21
synth_45821,21
synth_45827,21
synth_46187,21
synth_46534,21
synth_46920,21
synth_47082,21
synth_47357,21
synth_47455,21
synth_45971,21
synth_46173,21
synth_46211,21
synth_46339,21
synth_46687,21
synth_47108,21
synth_46104,21
synth_46194,21
synth_47013,21
synth_47262,21
synth_45936,21
synth_45975,21
synth_47505,21
synth_46074,21
synth_46847,21
synth_47182,21
synth_47213,21
synth_45779,21
synth_46208,21
synth_46327,21
synth_46676,21
synth_46752,21
synth_47247,21
synth_47441,21
synth_45798,21
synth_46029,21
synth_47474,21
synth_47529,21
synth_45960,21
synth_46153,21
synth_46170,21
synth_46329,21
synth_46585,21
synth_46649,21
synth_45842,21
synth_46433,21
synth_47055,21
synth_47499,21
synth_46683,21
synth_46726,21
synth_47438,21
synth_45817,21
synth_45882,21
synth_47092,21
synth_47514,21
synth_47584,21
synth_47476,21
synth_47456,21
synth_46553,21
synth_46855,21
synth_46978,21
synth_47118,21
synth_46828,21
synth_47450,21
synth_47495,21
synth_46227,21
synth_46795,21
synth_46851,21
synth_45899,21
synth_46125,21
synth_46482,21
synth_46871,21
synth_46892,21
synth_47019,21
synth_47231,21
synth_47313,21
synth_47570,21
synth_46442,21
synth_46786,21
synth_45864,21
synth_46019,21
synth_46113,21
synth_46205,21
synth_46742,21
synth_46768,21
synth_47275,21
synth_47315,21
synth_45974,21
synth_46565,21
synth_45843,21
synth_45947,21
synth_47245,21
synth_47351,21
synth_45775,21
synth_45921,21
synth_46796,21
synth_46236,21
synth_46737,21
synth_47009,21
synth_47045,21
synth_47084,21
synth_45911,21
synth_46573,21
synth_46970,21
synth_46706,21
synth_46824,21
synth_47007,21
synth_47091,21
synth_47120,21
synth_47156,21
synth_47167,21
synth_47362,21
synth_47426,21
synth_47494,21
synth_45811,21
synth_45916,21
synth_46446,21
synth_46842,21
synth_47334,21
synth_45990,21
synth_45992,21
synth_47504,21
synth_45790,21
synth_45869,21
synth_46047,21
synth_46225,21
synth_46375,21
synth_46739,21
synth_47071,21
synth_47202,21
synth_47338,21
synth_47383,21
synth_47552,21
synth_45752,21
synth_46233,21
synth_46625,21
synth_46941,21
synth_45771,21
synth_46085,21
synth_46931,21
synth_47097,21
synth_47198,21
synth_47308,21
synth_47558,21
synth_46137,21
synth_46172,21
synth_46875,21
synth_46876,21
synth_46983,21
synth_45803,21
synth_45876,21
synth_46259,21
synth_46297,21
synth_46368,21
synth_46533,21
synth_47098,21
synth_47222,21
synth_47491,21
synth_46665,21
synth_46984,21
synth_46012,21
synth_46418,21
synth_46798,21
synth_47003,21
synth_45741,21
synth_45996,21
synth_46348,21
synth_46395,21
synth_46410,21
synth_46629,21
synth_46731,21
synth_46973,21
synth_47044,21
synth_47232,21
synth_47286,21
synth_47294,21
synth_45774,21
synth_45849,21
synth_45859,21
synth_46868,21
synth_46968,21
synth_46059,21
synth_46305,21
synth_46531,21
synth_46272,21
synth_46667,21
synth_46678,21
synth_47549,21
synth_46836,21
synth_46562,21
synth_45877,21
synth_45888,21
synth_46076,21
synth_46245,21
synth_46299,21
synth_46535,21
synth_46829,21
synth_47325,21
synth_47407,21
synth_45757,21
synth_46285,21
synth_46359,21
synth_47035,21
synth_47360,21
synth_47427,21
synth_46132,21
synth_46156,21
synth_46603,21
synth_46648,21
synth_46974,21
synth_47248,21
synth_47270,21
synth_47545,21
synth_45759,21
synth_45783,21
synth_45838,21
synth_46040,21
synth_46084,21
synth_47361,21
synth_45860,21
synth_46304,21
synth_46447,21
synth_47475,21
synth_46116,21
synth_46135,21
synth_46283,21
synth_47124,21
synth_47297,21
synth_45920,21
synth_46655,21
synth_46694,21
synth_46908,21
synth_45873,21
synth_45897,21
synth_46324,21
synth_47141,21
synth_47250,21
synth_47416,21
synth_47472,21
synth_47119,21
synth_45824,21
synth_45988,21
synth_46030,21
synth_46363,21
synth_46514,21
synth_47081,21
synth_47291,21
synth_47333,21
synth_47415,21
synth_47587,21
synth_46651,21
synth_46014,21
synth_47498,21
synth_46174,21
synth_46340,21
synth_46788,21
synth_45848,21
synth_45857,21
synth_46025,21
synth_46357,21
synth_46760,21
synth_47104,21
synth_47397,21
synth_46301,21
synth_46860,21
synth_46987,21
synth_47478,21
synth_45764,21
synth_46032,21
synth_46292,21
synth_47001,21
synth_47171,21
synth_47172,21
synth_47493,21
synth_45943,21
synth_45945,21
synth_46452,21
synth_46467,21
synth_45929,21
synth_46086,21
synth_46777,21
synth_47023,21
synth_47200,21
synth_47256,21
synth_47501,21
synth_46203,21
synth_46349,21
synth_46474,21
synth_46546,21
synth_46405,21
synth_46705,21
synth_47005,21
synth_47344,21
synth_47424,21
synth_46614,21
synth_46985,21
synth_46265,21
synth_46293,21
synth_46537,21
synth_46735,21
synth_47025,21
synth_47176,21
synth_47586,21
synth_45768,21
synth_45976,21
synth_46445,21
synth_46773,21
synth_45765,21
synth_45908,21
synth_46062,21
synth_47393,21
synth_47567,21
synth_45994,21
synth_46470,21
synth_46688,21
synth_45835,21
synth_45875,21
synth_46016,21
synth_46021,21
synth_46081,21
synth_46524,21
synth_47298,21
synth_47327,21
synth_47449,21
synth_47462,21
synth_46206,21
synth_46466,21
synth_46060,21
synth_46064,21
synth_46196,21
synth_46439,21
synth_46872,21
synth_47128,21
synth_47531,21
synth_45754,21
synth_45767,21
synth_45940,21
synth_45919,21
synth_46290,21
synth_47579,21
synth_46455,21
synth_46472,21
synth_46674,21
synth_46045,21
synth_46195,21
synth_46241,21
synth_46246,21
synth_46248,21
synth_46873,21
synth_47014,21
synth_47235,21
synth_47251,21
synth_47261,21
synth_47314,21
synth_47565,21
synth_45749,21
synth_45955,21
synth_46407,21
synth_45999,21
synth_46027,21
synth_46238,21
synth_46507,21
synth_46713,21
synth_46832,21
synth_46890,21
synth_47059,21
synth_47174,21
synth_46341,21
synth_46677,21
synth_46351,21
synth_46425,21
synth_46746,21
synth_47285,21
synth_47412,21
synth_45880,21
synth_46098,21
synth_47439,21
synth_46437,21
synth_46700,21
synth_46837,21
synth_45924,21
synth_46138,21
synth_46709,21
synth_46757,21
synth_47237,21
synth_47263,21
synth_47399,21
synth_46263,21
synth_46864,21
synth_45813,21
synth_46250,21
synth_46495,21
synth_46779,21
synth_47132,21
synth_47193,21
synth_47487,21
synth_47109,21
synth_46289,21
synth_46845,21
synth_46784,21
synth_46792,21
synth_46841,21
synth_46957,21
synth_47881,20
synth_48161,20
synth_48228,20
synth_48454,20
synth_48758,20
synth_49057,20
synth_49248,20
synth_49350,20
synth_49399,20
synth_49520,20
synth_47712,20
synth_47915,20
synth_47588,20
synth_47788,20
synth_48687,20
synth_48862,20
synth_49360,20
synth_47627,20
synth_47824,20
synth_48900,20
synth_48977,20
synth_47782,20
synth_48146,20
synth_48211,20
synth_48238,20
synth_48241,20
synth_48673,20
synth_48733,20
synth_48875,20
synth_49328,20
synth_49334,20
synth_49519,20
synth_49538,20
synth_48315,20
synth_48794,20
synth_49231,20
synth_48043,20
synth_48534,20
synth_48550,20
synth_48562,20
synth_48947,20
synth_49029,20
synth_49084,20
synth_49533,20
synth_49553,20
synth_47858,20
synth_48215,20
synth_48506,20
synth_48882,20
synth_49119,20
synth_47693,20
synth_48252,20
synth_48281,20
synth_48777,20
synth_49261,20
synth_49456,20
synth_49478,20
synth_47817,20
synth_47909,20
synth_48538,20
synth_48922,20
synth_48969,20
synth_47977,20
synth_48290,20
synth_48852,20
synth_47820,20
synth_47865,20
synth_48307,20
synth_48650,20
synth_49016,20
synth_49309,20
synth_47590,20
synth_47668,20
synth_47787,20
synth_48063,20
synth_49031,20
synth_49188,20
synth_49264,20
synth_49540,20
synth_47921,20
synth_48903,20
synth_48157,20
synth_48284,20
synth_48590,20
synth_48888,20
synth_49537,20
synth_47866,20
synth_47903,20
synth_47944,20
synth_48524,20
synth_48604,20
synth_49491,20
synth_48101,20
synth_48194,20
synth_48689,20
synth_48906,20
synth_48973,20
synth_49028,20
synth_47751,20
synth_48448,20
synth_48849,20
synth_49221,20
synth_48003,20
synth_48163,20
synth_48471,20
synth_48788,20
synth_48823,20
synth_49157,20
synth_49325,20
synth_49339,20
synth_49523,20
synth_47674,20
synth_48371,20
synth_48828,20
synth_47991,20
synth_48029,20
synth_48060,20
synth_48382,20
synth_48692,20
synth_48899,20
synth_49356,20
synth_49501,20
synth_49551,20
synth_48218,20
synth_49211,20
synth_49230,20
synth_48619,20
synth_48738,20
synth_49452,20
synth_49602,20
synth_49609,20
synth_47904,20
synth_48976,20
synth_47780,20
synth_47797,20
synth_48002,20
synth_48027,20
synth_48172,20
synth_48563,20
synth_48739,20
synth_48772,20
synth_48864,20
synth_49070,20
synth_49117,20
synth_49436,20
synth_48308,20
synth_48358,20
synth_48407,20
synth_48935,20
synth_49256,20
synth_49418,20
synth_47806,20
synth_47807,20
synth_48183,20
synth_48859,20
synth_48927,20
synth_49336,20
synth_47906,20
synth_47913,20
synth_48398,20
synth_48439,20
synth_48959,20
synth_47969,20
synth_48225,20
synth_48473,20
synth_48970,20
synth_49066,20
synth_49090,20
synth_49123,20
synth_49163,20
synth_49206,20
synth_49385,20
synth_49498,20
synth_47902,20
synth_48319,20
synth_48682,20
synth_48717,20
synth_48797,20
synth_48892,20
synth_49482,20
synth_48123,20
synth_48212,20
synth_48227,20
synth_48257,20
synth_48297,20
synth_48432,20
synth_49127,20
synth_47658,20
synth_47941,20
synth_47970,20
synth_48424,20
synth_48802,20
synth_49138,20
synth_47930,20
synth_48527,20
synth_48881,20
synth_49404,20
synth_47647,20
synth_48769,20
synth_49148,20
synth_47677,20
synth_47914,20
synth_48893,20
synth_49109,20
synth_49233,20
synth_47774,20
synth_47784,20
synth_47893,20
synth_47926,20
synth_48633,20
synth_48664,20
synth_48960,20
synth_49017,20
synth_47769,20
synth_47894,20
synth_47999,20
synth_48236,20
synth_48337,20
synth_48783,20
synth_49120,20
synth_49195,20
synth_49439,20
synth_49448,20
synth_49461,20
synth_48626,20
synth_48642,20
synth_48948,20
synth_49240,20
synth_48361,20
synth_48484,20
synth_49087,20
synth_49502,20
synth_48357,20
synth_48427,20
synth_49487,20
synth_47975,20
synth_48086,20
synth_48485,20
synth_48763,20
synth_49187,20
synth_47822,20
synth_48670,20
synth_48890,20
synth_49222,20
synth_49277,20
synth_48026,20
synth_48589,20
synth_48648,20
synth_48764,20
synth_48841,20
synth_49560,20
synth_48135,20
synth_48569,20
synth_47985,20
synth_48085,20
synth_48090,20
synth_48112,20
synth_48148,20
synth_48232,20
synth_48982,20
synth_48992,20
synth_49164,20
synth_49575,20
synth_47724,20
synth_47870,20
synth_48359,20
synth_48645,20
synth_48896,20
synth_49580,20
synth_47960,20
synth_48004,20
synth_48097,20
synth_48652,20
synth_49040,20
synth_49088,20
synth_47876,20
synth_47912,20
synth_49496,20
synth_48053,20
synth_48430,20
synth_48480,20
synth_48581,20
synth_49036,20
synth_49038,20
synth_49184,20
synth_49374,20
synth_47621,20
synth_47831,20
synth_47860,20
synth_47888,20
synth_48422,20
synth_49214,20
synth_49421,20
synth_48174,20
synth_48274,20
synth_48552,20
synth_48570,20
synth_49587,20
synth_47615,20
synth_48810,20
synth_49295,20
synth_48107,20
synth_48770,20
synth_48942,20
synth_49453,20
synth_49512,20
synth_47826,20
synth_48606,20
synth_49279,20
synth_49292,20
synth_48944,20
synth_49137,20
synth_49534,20
synth_49588,20
synth_48374,20
synth_48558,20
synth_48623,20
synth_49236,20
synth_49590,20
synth_48023,20
synth_48104,20
synth_49392,20
synth_49506,20
synth_48829,20
synth_49497,20
synth_47882,20
synth_48080,20
synth_48120,20
synth_48167,20
synth_49125,20
synth_47744,20
synth_48305,20
synth_48923,20
synth_48974,20
synth_48187,20
synth_48272,20
synth_48348,20
synth_48723,20
synth_49077,20
synth_47983,20
synth_48179,20
synth_48517,20
synth_48616,20
synth_48705,20
synth_48800,20
synth_49300,20
synth_47987,20
synth_47995,20
synth_48151,20
synth_48354,20
synth_48876,20
synth_49186,20
synth_49606,20
synth_47981,20
synth_48368,20
synth_49290,20
synth_49570,20
synth_47781,20
synth_48144,20
synth_49007,20
synth_49566,20
synth_47810,20
synth_48311,20
synth_48939,20
synth_49494,20
synth_47694,20
synth_48230,20
synth_48259,20
synth_48780,20
synth_49381,20
synth_47828,20
synth_48119,20
synth_49026,20
synth_49426,20
synth_49481,20
synth_47790,20
synth_48021,20
synth_48433,20
synth_48488,20
synth_48952,20
synth_49030,20
synth_49043,20
synth_47614,20
synth_47761,20
synth_47763,20
synth_47776,20
synth_48269,20
synth_49091,20
synth_49161,20
synth_49349,20
synth_49592,20
synth_48206,20
synth_48535,20
synth_48095,20
synth_48567,20
synth_49181,20
synth_48366,20
synth_48549,20
synth_49316,20
synth_49470,20
synth_48032,20
synth_48243,20
synth_48260,20
synth_48468,20
synth_48597,20
synth_47837,20
synth_48507,20
synth_49020,20
synth_47592,20
synth_48168,20
synth_48343,20
synth_48752,20
synth_47748,20
synth_48521,20
synth_48796,20
synth_47739,20
synth_47798,20
synth_48190,20
synth_48223,20
synth_48283,20
synth_48364,20
synth_48765,20
synth_48889,20
synth_49054,20
synth_49061,20
synth_49323,20
synth_47818,20
synth_48536,20
synth_48547,20
synth_48555,20
synth_47589,20
synth_47727,20
synth_47965,20
synth_48042,20
synth_48744,20
synth_48972,20
synth_49114,20
synth_49131,20
synth_49175,20
synth_49219,20
synth_48989,20
synth_48574,20
synth_49111,20
synth_48544,20
synth_48851,20
synth_47709,20
synth_47738,20
synth_47992,20
synth_48128,20
synth_48321,20
synth_48748,20
synth_48750,20
synth_49271,20
synth_49320,20
synth_49440,20
synth_47713,20
synth_47756,20
synth_47973,20
synth_48511,20
synth_48033,20
synth_48835,20
synth_49179,20
synth_49532,20
synth_48620,20
synth_48643,20
synth_48961,20
synth_47958,20
synth_48000,20
synth_48062,20
synth_49008,20
synth_48891,20
synth_47594,20
synth_47640,20
synth_48158,20
synth_48288,20
synth_48323,20
synth_48344,20
synth_48667,20
synth_48932,20
synth_49375,20
synth_49531,20
synth_48799,20
synth_49237,20
synth_49424,20
synth_47600,20
synth_47954,20
synth_48010,20
synth_48475,20
synth_48579,20
synth_48697,20
synth_49579,20
synth_47657,20
synth_47829,20
synth_48204,20
synth_48526,20
synth_48718,20
synth_48887,20
synth_49013,20
synth_49059,20
synth_48091,20
synth_48339,20
synth_49052,20
synth_49377,20
synth_48248,20
synth_48603,20
synth_48612,20
synth_49409,20
synth_48008,20
synth_48110,20
synth_48162,20
synth_48346,20
synth_48656,20
synth_48768,20
synth_48988,20
synth_49153,20
synth_49535,20
synth_49597,20
synth_48141,20
synth_48456,20
synth_48586,20
synth_49572,20
synth_48175,20
synth_48825,20
synth_48883,20
synth_48998,20
synth_47955,20
synth_48666,20
synth_49074,20
synth_49165,20
synth_49338,20
synth_48245,20
synth_48647,20
synth_48661,20
synth_48714,20
synth_48949,20
synth_47729,20
synth_48186,20
synth_48303,20
synth_48467,20
synth_48760,20
synth_49047,20
synth_49193,20
synth_49332,20
synth_48396,20
synth_48804,20
synth_48826,20
synth_48905,20
synth_49217,20
synth_49411,20
synth_49420,20
synth_48470,20
synth_49140,20
synth_49171,20
synth_48304,20
synth_48515,20
synth_48719,20
synth_49024,20
synth_49216,20
synth_49475,20
synth_47796,20
synth_49039,20
synth_49051,20
synth_49577,20
synth_47846,20
synth_48716,20
synth_49003,20
synth_49246,20
synth_48267,20
synth_48353,20
synth_48736,20
synth_49149,20
synth_49180,20
synth_49563,20
synth_47932,20
synth_48845,20
synth_47667,20
synth_48064,20
synth_48070,20
synth_48224,20
synth_48773,20
synth_49344,20
synth_49526,20
synth_47984,20
synth_48349,20
synth_49280,20
synth_47612,20
synth_48156,20
synth_48594,20
synth_48761,20
synth_49082,20
synth_49253,20
synth_47816,20
synth_48216,20
synth_49428,20
synth_47717,20
synth_48872,20
synth_49095,20
synth_49340,20
synth_49586,20
synth_47722,20
synth_48200,20
synth_48611,20
synth_48628,20
synth_49220,20
synth_47719,20
synth_47786,20
synth_47956,20
synth_48270,20
synth_48295,20
synth_48392,20
synth_48720,20
synth_48833,20
synth_49183,20
synth_49578,20
synth_47659,20
synth_48403,20
synth_48999,20
synth_48256,20
synth_48991,20
synth_49372,20
synth_48651,20
synth_49006,20
synth_47716,20
synth_48233,20
synth_48566,20
synth_48679,20
synth_49207,20
synth_49228,20
synth_49416,20
synth_47768,20
synth_48040,20
synth_48159,20
synth_48335,20
synth_48533,20
synth_48584,20
synth_48784,20
synth_49154,20
synth_49358,20
synth_48177,20
synth_48246,20
synth_48365,20
synth_48377,20
synth_48644,20
synth_49129,20
synth_49302,20
synth_48342,20
synth_48766,20
synth_48870,20
synth_49396,20
synth_49446,20
synth_49489,20
synth_48217,20
synth_48409,20
synth_48512,20
synth_48801,20
synth_48925,20
synth_47632,20
synth_48324,20
synth_48578,20
synth_48690,20
synth_48873,20
synth_49160,20
synth_49351,20
synth_47887,20
synth_47911,20
synth_48818,20
synth_49215,20
synth_49417,20
synth_47596,20
synth_48995,20
synth_49092,20
synth_49173,20
synth_49552,20
synth_49610,20
synth_48373,20
synth_47613,20
synth_47726,20
synth_48499,20
synth_48874,20
synth_48965,20
synth_49159,20
synth_49530,20
synth_48459,20
synth_47664,20
synth_48020,20
synth_48383,20
synth_48834,20
synth_49367,20
synth_49387,20
synth_48812,20
synth_49422,20
synth_48234,20
synth_48340,20
synth_48391,20
synth_48458,20
synth_48580,20
synth_49369,20
synth_49383,20
synth_49467,20
synth_47741,20
synth_47753,20
synth_47814,20
synth_48520,20
synth_47642,20
synth_49514,20
synth_47945,20
synth_48434,20
synth_48009,20
synth_48293,20
synth_48583,20
synth_49324,20
synth_49371,20
synth_47629,20
synth_47933,20
synth_48621,20
synth_49227,20
synth_48044,20
synth_48170,20
synth_48495,20
synth_48926,20
synth_49333,20
synth_49373,20
synth_49444,20
synth_49604,20
synth_47862,20
synth_47942,20
synth_48425,20
synth_48523,20
synth_48665,20
synth_48683,20
synth_48884,20
synth_48463,20
synth_48771,20
synth_48776,20
synth_48945,20
synth_49135,20
synth_48208,20
synth_48375,20
synth_48706,20
synth_49425,20
synth_47631,20
synth_48573,20
synth_49355,20
synth_47731,20
synth_47734,20
synth_47867,20
synth_48309,20
synth_48725,20
synth_48726,20
synth_48811,20
synth_48075,20
synth_48275,20
synth_48482,20
synth_48599,20
synth_49275,20
synth_49389,20
synth_49517,20
synth_49611,20
synth_47732,20
synth_47733,20
synth_48684,20
synth_48839,20
synth_49213,20
synth_49313,20
synth_49485,20
synth_48113,20
synth_48253,20
synth_48263,20
synth_48296,20
synth_48381,20
synth_48565,20
synth_47720,20
synth_48378,20
synth_48554,20
synth_48814,20
synth_47681,20
synth_48394,20
synth_48702,20
synth_48759,20
synth_48962,20
synth_49198,20
synth_47745,20
synth_49476,20
synth_47680,20
synth_48490,20
synth_48532,20
synth_48791,20
synth_49115,20
synth_49488,20
synth_47836,20
synth_47850,20
synth_47901,20
synth_48030,20
synth_48694,20
synth_48863,20
synth_48946,20
synth_48950,20
synth_49124,20
synth_49200,20
synth_47868,20
synth_47949,20
synth_49018,20
synth_49311,20
synth_49419,20
synth_48150,20
synth_48737,20
synth_48822,20
synth_47616,20
synth_47697,20
synth_47875,20
synth_48846,20
synth_49242,20
synth_47735,20
synth_48984,20
synth_49459,20
synth_47853,20
synth_49415,20
synth_48082,20
synth_48083,20
synth_48387,20
synth_48994,20
synth_49152,20
synth_49384,20
synth_49398,20
synth_47839,20
synth_48176,20
synth_48313,20
synth_48447,20
synth_48385,20
synth_48441,20
synth_48591,20
synth_49430,20
synth_47749,20
synth_47900,20
synth_48325,20
synth_48819,20
synth_47998,20
synth_48229,20
synth_49009,20
synth_49058,20
synth_49130,20
synth_49133,20
synth_49347,20
synth_47746,20
synth_48136,20
synth_48436,20
synth_48615,20
synth_47686,20
synth_47883,20
synth_49116,20
synth_49172,20
synth_47618,20
synth_47740,20
synth_47764,20
synth_48419,20
synth_48978,20
synth_49401,20
synth_47770,20
synth_47963,20
synth_48164,20
synth_48868,20
synth_48898,20
synth_48993,20
synth_49521,20
synth_47757,20
synth_47863,20
synth_48317,20
synth_48326,20
synth_49235,20
synth_49472,20
synth_47884,20
synth_48250,20
synth_48282,20
synth_48486,20
synth_48585,20
synth_49564,20
synth_48109,20
synth_48469,20
synth_48539,20
synth_48680,20
synth_47766,20
synth_47809,20
synth_48668,20
synth_48753,20
synth_48986,20
synth_49067,20
synth_49136,20
synth_49145,20
synth_49252,20
synth_49555,20
synth_47871,20
synth_47923,20
synth_48219,20
synth_48404,20
synth_48415,20
synth_48429,20
synth_49224,20
synth_48005,20
synth_48016,20
synth_48568,20
synth_48774,20
synth_49100,20
synth_49166,20
synth_49543,20
synth_47619,20
synth_47841,20
synth_47924,20
synth_47971,20
synth_48968,20
synth_47654,20
synth_47891,20
synth_48069,20
synth_49249,20
synth_49438,20
synth_49516,20
synth_49548,20
synth_47989,20
synth_48184,20
synth_48341,20
synth_49034,20
synth_49093,20
synth_49106,20
synth_49288,20
synth_49393,20
synth_49601,20
synth_49608,20
synth_47623,20
synth_48418,20
synth_48614,20
synth_48997,20
synth_49139,20
synth_49317,20
synth_47646,20
synth_47685,20
synth_48028,20
synth_48100,20
synth_48193,20
synth_48478,20
synth_48497,20
synth_48678,20
synth_49094,20
synth_49134,20
synth_49239,20
synth_49287,20
synth_47628,20
synth_49276,20
synth_49400,20
synth_49581,20
synth_47591,20
synth_48056,20
synth_48345,20
synth_48940,20
synth_49178,20
synth_49528,20
synth_47813,20
synth_47974,20
synth_48625,20
synth_48803,20
synth_47606,20
synth_47652,20
synth_48076,20
synth_48496,20
synth_49202,20
synth_47669,20
synth_47689,20
synth_48310,20
synth_48402,20
synth_47626,20
synth_47892,20
synth_48092,20
synth_48121,20
synth_48607,20
synth_48659,20
synth_49102,20
synth_47855,20
synth_48209,20
synth_48529,20
synth_48610,20
synth_47795,20
synth_47819,20
synth_48068,20
synth_48130,20
synth_48235,20
synth_49081,20
synth_49099,20
synth_49101,20
synth_49322,20
synth_47695,20
synth_47917,20
synth_48663,20
synth_49281,20
synth_49314,20
synth_49495,20
synth_47663,20
synth_48242,20
synth_48762,20
synth_48878,20
synth_48967,20
synth_49105,20
synth_49112,20
synth_47916,20
synth_48913,20
synth_47775,20
synth_48254,20
synth_49174,20
synth_49342,20
synth_49432,20
synth_49505,20
synth_49518,20
synth_47947,20
synth_48850,20
synth_48918,20
synth_48934,20
synth_49014,20
synth_49226,20
synth_49303,20
synth_49407,20
synth_47670,20
synth_48025,20
synth_48049,20
synth_48210,20
synth_48380,20
synth_48582,20
synth_49083,20
synth_47705,20
synth_47812,20
synth_48395,20
synth_48627,20
synth_48061,20
synth_48127,20
synth_48298,20
synth_49463,20
synth_47821,20
synth_48379,20
synth_48508,20
synth_47650,20
synth_49113,20
synth_49460,20
synth_48314,20
synth_49477,20
synth_48012,20
synth_48013,20
synth_48188,20
synth_48195,20
synth_48451,20
synth_48711,20
synth_48907,20
synth_48943,20
synth_49055,20
synth_49078,20
synth_49107,20
synth_47857,20
synth_48957,20
synth_49223,20
synth_49301,20
synth_47885,20
synth_48251,20
synth_49062,20
synth_49122,20
synth_49155,20
synth_49185,20
synth_49190,20
synth_49203,20
synth_49510,20
synth_48367,20
synth_48413,20
synth_48685,20
synth_48919,20
synth_47687,20
synth_47767,20
synth_47783,20
synth_48576,20
synth_49075,20
synth_49265,20
synth_49286,20
synth_49353,20
synth_49363,20
synth_47622,20
synth_47833,20
synth_48355,20
synth_48617,20
synth_48632,20
synth_48708,20
synth_48059,20
synth_48099,20
synth_48131,20
synth_48237,20
synth_48255,20
synth_49176,20
synth_49433,20
synth_49549,20
synth_49550,20
synth_47801,20
synth_47873,20
synth_48709,20
synth_49486,20
synth_48734,20
synth_48941,20
synth_49457,20
synth_47678,20
synth_47723,20
synth_47919,20
synth_48420,20
synth_48537,20
synth_48704,20
synth_48885,20
synth_48924,20
synth_47665,20
synth_48039,20
synth_48041,20
synth_48292,20
synth_48858,20
synth_49053,20
synth_49298,20
synth_49354,20
synth_48139,20
synth_48646,20
synth_48955,20
synth_49232,20
synth_49471,20
synth_49250,20
synth_49378,20
synth_47742,20
synth_48880,20
synth_47952,20
synth_48014,20
synth_48048,20
synth_48350,20
synth_48503,20
synth_49060,20
synth_49085,20
synth_49576,20
synth_48727,20
synth_48909,20
synth_48055,20
synth_48198,20
synth_48220,20
synth_48222,20
synth_48455,20
synth_48564,20
synth_48779,20
synth_48877,20
synth_48985,20
synth_49600,20
synth_47918,20
synth_48376,20
synth_48936,20
synth_49312,20
synth_48108,20
synth_48111,20
synth_48363,20
synth_48688,20
synth_48879,20
synth_49182,20
synth_49437,20
synth_49574,20
synth_47847,20
synth_47877,20
synth_47777,20
synth_48226,20
synth_49267,20
synth_47730,20
synth_47843,20
synth_48138,20
synth_48414,20
synth_48915,20
synth_49212,20
synth_47794,20
synth_49201,20
synth_49262,20
synth_48169,20
synth_49245,20
synth_48166,20
synth_48196,20
synth_48258,20
synth_48352,20
synth_48710,20
synth_48757,20
synth_49269,20
synth_49395,20
synth_47832,20
synth_47920,20
synth_47666,20
synth_47791,20
synth_48732,20
synth_48831,20
synth_49509,20
synth_47721,20
synth_49484,20
synth_47639,20
synth_47682,20
synth_48007,20
synth_48483,20
synth_49229,20
synth_49335,20
synth_49364,20
synth_49613,20
synth_47929,20
synth_48412,20
synth_48519,20
synth_47634,20
synth_47951,20
synth_48031,20
synth_48192,20
synth_48268,20
synth_48276,20
synth_48592,20
synth_48693,20
synth_49209,20
synth_49464,20
synth_49556,20
synth_48118,20
synth_48516,20
synth_49005,20
synth_48093,20
synth_48498,20
synth_49541,20
synth_47598,20
synth_47699,20
synth_48916,20
synth_49001,20
synth_47673,20
synth_47808,20
synth_48034,20
synth_48051,20
synth_48214,20
synth_48453,20
synth_48712,20
synth_49329,20
synth_49388,20
synth_49458,20
synth_47939,20
synth_49490,20
synth_47804,20
synth_48134,20
synth_48279,20
synth_49598,20
synth_47943,20
synth_48328,20
synth_49225,20
synth_47799,20
synth_47994,20
synth_48024,20
synth_48050,20
synth_48654,20
synth_48853,20
synth_49097,20
synth_49254,20
synth_47872,20
synth_48707,20
synth_49293,20
synth_48240,20
synth_47715,20
synth_48728,20
synth_49241,20
synth_49284,20
synth_47967,20
synth_48502,20
synth_48437,20
synth_48816,20
synth_49413,20
synth_48384,20
synth_48608,20
synth_48675,20
synth_49192,20
synth_49238,20
synth_47889,20
synth_48438,20
synth_48513,20
synth_49319,20
synth_47645,20
synth_48300,20
synth_48691,20
synth_48743,20
synth_48964,20
synth_49268,20
synth_49547,20
synth_47936,20
synth_47948,20
synth_48423,20
synth_48557,20
synth_48221,20
synth_49076,20
synth_49132,20
synth_49289,20
synth_49544,20
synth_49562,20
synth_49595,20
synth_48205,20
synth_48408,20
synth_48426,20
synth_48428,20
synth_49010,20
synth_49582,20
synth_48360,20
synth_48362,20
synth_49128,20
synth_49208,20
synth_49441,20
synth_48440,20
synth_48489,20
synth_48500,20
synth_48677,20
synth_48781,20
synth_49515,20
synth_47845,20
synth_48618,20
synth_48895,20
synth_49492,20
synth_49584,20
synth_47728,20
synth_48036,20
synth_48073,20
synth_48301,20
synth_48336,20
synth_48855,20
synth_49151,20
synth_49196,20
synth_49204,20
synth_49447,20
synth_49451,20
synth_47702,20
synth_48446,20
synth_48449,20
synth_48504,20
synth_48921,20
synth_48996,20
synth_49012,20
synth_49414,20
synth_47805,20
synth_48094,20
synth_49033,20
synth_49073,20
synth_49272,20
synth_47834,20
synth_48372,20
synth_49297,20
synth_48930,20
synth_49064,20
synth_49522,20
synth_47593,20
synth_47950,20
synth_48072,20
synth_48460,20
synth_49037,20
synth_49330,20
synth_47940,20
synth_48201,20
synth_48435,20
synth_48637,20
synth_49571,20
synth_47684,20
synth_48022,20
synth_48160,20
synth_48302,20
synth_48658,20
synth_48843,20
synth_49144,20
synth_49569,20
synth_48306,20
synth_48316,20
synth_48369,20
synth_48509,20
synth_48635,20
synth_48686,20
synth_48462,20
synth_48477,20
synth_49391,20
synth_48247,20
synth_47641,20
synth_47896,20
synth_48145,20
synth_48655,20
synth_48735,20
synth_48981,20
synth_49594,20
synth_47706,20
synth_47758,20
synth_47869,20
synth_48602,20
synth_48641,20
synth_47637,20
synth_47737,20
synth_48035,20
synth_48098,20
synth_48541,20
synth_48572,20
synth_48598,20
synth_48980,20
synth_49056,20
synth_49255,20
synth_47704,20
synth_47854,20
synth_47934,20
synth_48505,20
synth_49258,20
synth_49493,20
synth_47633,20
synth_48106,20
synth_48609,20
synth_48854,20
synth_48860,20
synth_48987,20
synth_49103,20
synth_48356,20
synth_48445,20
synth_48671,20
synth_49079,20
synth_47671,20
synth_47785,20
synth_48785,20
synth_48857,20
synth_49126,20
synth_49162,20
synth_49194,20
synth_49263,20
synth_49612,20
synth_47747,20
synth_47803,20
synth_47859,20
synth_47927,20
synth_48327,20
synth_48605,20
synth_49021,20
synth_49585,20
synth_48015,20
synth_48122,20
synth_48278,20
synth_48331,20
synth_49346,20
synth_47762,20
synth_48397,20
synth_48897,20
synth_49015,20
synth_47660,20
synth_48165,20
synth_48730,20
synth_48842,20
synth_48951,20
synth_49042,20
synth_49046,20
synth_49365,20
synth_48956,20
synth_49025,20
synth_47601,20
synth_47611,20
synth_48443,20
synth_48866,20
synth_49177,20
synth_49366,20
synth_49561,20
synth_47937,20
synth_48911,20
synth_47635,20
synth_48084,20
synth_48713,20
synth_48755,20
synth_48830,20
synth_49071,20
synth_49143,20
synth_47922,20
synth_48400,20
synth_49002,20
synth_47778,20
synth_47890,20
synth_47996,20
synth_48125,20
synth_48264,20
synth_48740,20
synth_48837,20
synth_49469,20
synth_47755,20
synth_47907,20
synth_48401,20
synth_48514,20
synth_49259,20
synth_48696,20
synth_48861,20
synth_48953,20
synth_49048,20
synth_48203,20
synth_48546,20
synth_48548,20
synth_48277,20
synth_48560,20
synth_49044,20
synth_49545,20
synth_48904,20
synth_49473,20
synth_47718,20
synth_48273,20
synth_48472,20
synth_48793,20
synth_49431,20
synth_47609,20
synth_47928,20
synth_47773,20
synth_47792,20
synth_48213,20
synth_48338,20
synth_48450,20
synth_48749,20
synth_48990,20
synth_49362,20
synth_47707,20
synth_48559,20
synth_48662,20
synth_49244,20
synth_48143,20
synth_48596,20
synth_48649,20
synth_48756,20
synth_47620,20
synth_47835,20
synth_48908,20
synth_49011,20
synth_49243,20
synth_49480,20
synth_47595,20
synth_47961,20
synth_48038,20
synth_48065,20
synth_49141,20
synth_49147,20
synth_49500,20
synth_48525,20
synth_48545,20
synth_48601,20
synth_47636,20
synth_47653,20
synth_48011,20
synth_48191,20
synth_48465,20
synth_48787,20
synth_49158,20
synth_49321,20
synth_49341,20
synth_49565,20
synth_49568,20
synth_47848,20
synth_48207,20
synth_47886,20
synth_48494,20
synth_48629,20
synth_49032,20
synth_49380,20
synth_49536,20
synth_47842,20
synth_48116,20
synth_48638,20
synth_48681,20
synth_48979,20
synth_49000,20
synth_49306,20
synth_47683,20
synth_47959,20
synth_48152,20
synth_47825,20
synth_48518,20
synth_48630,20
synth_47604,20
synth_48045,20
synth_48181,20
synth_48266,20
synth_48466,20
synth_48699,20
synth_48789,20
synth_47879,20
synth_48182,20
synth_48287,20
synth_48390,20
synth_48653,20
synth_49072,20
synth_49361,20
synth_49394,20
synth_47849,20
synth_47851,20
synth_47874,20
synth_47982,20
synth_48795,20
synth_49023,20
synth_49305,20
synth_49406,20
synth_47672,20
synth_47772,20
synth_47978,20
synth_48057,20
synth_48079,20
synth_48140,20
synth_48334,20
synth_48701,20
synth_49352,20
synth_47811,20
synth_48189,20
synth_49247,20
synth_49304,20
synth_48087,20
synth_48291,20
synth_48869,20
synth_49065,20
synth_49546,20
synth_47838,20
synth_49069,20
synth_49315,20
synth_49318,20
synth_47644,20
synth_47688,20
synth_47736,20
synth_48017,20
synth_48153,20
synth_48745,20
synth_49080,20
synth_49573,20
synth_47750,20
synth_47844,20
synth_47935,20
synth_48724,20
synth_49282,20
synth_49283,20
synth_48231,20
synth_49118,20
synth_49274,20
synth_49589,20
synth_47656,20
synth_48806,20
synth_48954,20
synth_47765,20
synth_47968,20
synth_48088,20
synth_48180,20
synth_48262,20
synth_48492,20
synth_48571,20
synth_47714,20
synth_47878,20
synth_48405,20
synth_48958,20
synth_48975,20
synth_48461,20
synth_48501,20
synth_49197,20
synth_49218,20
synth_49525,20
synth_47905,20
synth_48809,20
synth_48912,20
synth_48929,20
synth_49278,20
synth_48066,20
synth_48669,20
synth_48751,20
synth_48871,20
synth_49539,20
synth_47608,20
synth_47754,20
synth_48886,20
synth_49294,20
synth_48767,20
synth_48836,20
synth_49542,20
synth_48636,20
synth_48902,20
synth_47605,20
synth_47610,20
synth_47661,20
synth_48154,20
synth_48197,20
synth_48393,20
synth_48587,20
synth_48746,20
synth_48792,20
synth_49386,20
synth_49455,20
synth_47897,20
synth_47972,20
synth_48624,20
synth_48920,20
synth_47779,20
synth_48074,20
synth_49063,20
synth_49443,20
synth_49599,20
synth_47802,20
synth_47899,20
synth_48129,20
synth_48729,20
synth_47990,20
synth_48001,20
synth_48199,20
synth_48261,20
synth_48476,20
synth_48530,20
synth_48695,20
synth_48742,20
synth_48747,20
synth_49108,20
synth_49168,20
synth_49251,20
synth_49442,20
synth_49479,20
synth_47759,20
synth_47856,20
synth_48137,20
synth_48178,20
synth_48798,20
synth_49022,20
synth_49583,20
synth_47789,20
synth_47962,20
synth_48047,20
synth_48058,20
synth_48347,20
synth_48595,20
synth_49331,20
synth_49465,20
synth_49511,20
synth_47840,20
synth_48318,20
synth_48894,20
synth_49019,20
synth_48244,20
synth_48561,20
synth_49397,20
synth_49554,20
synth_47597,20
synth_48115,20
synth_48938,20
synth_49412,20
synth_47643,20
synth_47771,20
synth_48124,20
synth_48126,20
synth_48754,20
synth_49086,20
synth_49205,20
synth_49270,20
synth_49345,20
synth_48634,20
synth_48815,20
synth_48901,20
synth_47607,20
synth_48089,20
synth_48320,20
synth_48856,20
synth_48867,20
synth_49449,20
synth_49513,20
synth_49529,20
synth_48640,20
synth_48660,20
synth_48588,20
synth_48840,20
synth_49559,20
synth_48937,20
synth_49049,20
synth_49408,20
synth_49474,20
synth_48018,20
synth_49527,20
synth_48149,20
synth_48542,20
synth_48847,20
synth_48052,20
synth_48330,20
synth_48493,20
synth_49142,20
synth_48421,20
synth_48185,20
synth_49110,20
synth_49450,20
synth_49462,20
synth_47760,20
synth_47852,20
synth_49004,20
synth_48386,20
synth_48577,20
synth_49435,20
synth_47815,20
synth_47964,20
synth_48933,20
synth_49096,20
synth_49146,20
synth_49376,20
synth_49603,20
synth_49605,20
synth_48817,20
synth_49257,20
synth_48133,20
synth_48639,20
synth_48674,20
synth_49035,20
synth_49068,20
synth_49379,20
synth_49557,20
synth_47931,20
synth_48202,20
synth_48808,20
synth_48848,20
synth_47953,20
synth_47979,20
synth_48006,20
synth_49189,20
synth_49507,20
synth_47725,20
synth_48117,20
synth_47691,20
synth_48452,20
synth_48700,20
synth_49468,20
synth_48114,20
synth_48249,20
synth_49296,20
synth_49591,20
synth_48593,20
synth_48790,20
synth_49045,20
synth_49050,20
synth_49405,20
synth_47988,20
synth_48531,20
synth_49167,20
synth_49170,20
synth_47864,20
synth_47946,20
synth_48416,20
synth_48715,20
synth_48271,20
synth_48299,20
synth_48474,20
synth_48698,20
synth_48782,20
synth_49337,20
synth_47675,20
synth_47703,20
synth_48805,20
synth_48827,20
synth_48096,20
synth_48289,20
synth_48540,20
synth_49370,20
synth_49504,20
synth_49596,20
synth_48910,20
synth_47625,20
synth_48147,20
synth_48487,20
synth_48672,20
synth_49327,20
synth_49593,20
synth_48370,20
synth_48510,20
synth_48631,20
synth_49427,20
synth_48081,20
synth_48102,20
synth_48294,20
synth_48457,20
synth_48731,20
synth_49524,20
synth_49607,20
synth_47676,20
synth_47861,20
synth_47898,20
synth_47938,20
synth_48917,20
synth_47690,20
synth_48491,20
synth_48722,20
synth_48971,20
synth_49098,20
synth_49454,20
synth_47700,20
synth_47743,20
synth_49308,20
synth_49402,20
synth_47648,20
synth_47793,20
synth_47895,20
synth_47993,20
synth_48775,20
synth_48820,20
synth_49260,20
synth_49326,20
synth_49357,20
synth_47655,20
synth_47908,20
synth_48556,20
synth_48928,20
synth_47602,20
synth_47638,20
synth_47966,20
synth_47976,20
synth_48173,20
synth_48332,20
synth_48703,20
synth_49169,20
synth_49499,20
synth_48622,20
synth_48838,20
synth_49291,20
synth_47662,20
synth_47692,20
synth_48054,20
synth_48071,20
synth_48103,20
synth_48657,20
synth_48741,20
synth_49150,20
synth_49285,20
synth_49508,20
synth_48410,20
synth_49483,20
synth_48132,20
synth_48388,20
synth_48464,20
synth_48551,20
synth_48676,20
synth_48721,20
synth_48832,20
synth_48931,20
synth_48963,20
synth_47649,20
synth_49307,20
synth_48077,20
synth_49041,20
synth_49191,20
synth_49359,20
synth_47599,20
synth_47617,20
synth_47800,20
synth_48239,20
synth_48528,20
synth_48600,20
synth_48807,20
synth_48813,20
synth_48914,20
synth_49429,20
synth_48280,20
synth_49266,20
synth_49382,20
synth_47679,20
synth_47980,20
synth_48406,20
synth_48037,20
synth_48286,20
synth_48442,20
synth_48786,20
synth_48821,20
synth_48966,20
synth_49273,20
synth_49299,20
synth_49390,20
synth_49445,20
synth_49558,20
synth_47752,20
synth_49234,20
synth_47630,20
synth_48142,20
synth_48155,20
synth_48575,20
synth_49348,20
synth_47696,20
synth_47925,20
synth_48399,20
synth_48411,20
synth_48444,20
synth_48543,20
synth_48613,20
synth_49210,20
synth_47603,20
synth_48067,20
synth_48285,20
synth_48778,20
synth_47624,20
synth_47698,20
synth_47708,20
synth_47710,20
synth_47910,20
synth_48329,20
synth_48417,20
synth_48522,20
synth_48019,20
synth_48351,20
synth_49104,20
synth_49156,20
synth_49567,20
synth_49423,20
synth_48078,20
synth_48171,20
synth_48431,20
synth_48479,20
synth_48865,20
synth_49503,20
synth_47823,20
synth_48824,20
synth_47880,20
synth_47986,20
synth_47997,20
synth_48322,20
synth_48983,20
synth_49434,20
synth_48312,20
synth_47651,20
synth_47957,20
synth_48265,20
synth_48553,20
synth_49121,20
synth_49343,20
synth_47827,20
synth_49403,20
synth_49410,20
synth_48105,20
synth_48333,20
synth_49027,20
synth_47701,20
synth_47711,20
synth_48844,20
synth_48046,20
synth_48481,20
synth_49089,20
synth_49199,20
synth_49368,20
synth_49466,20
synth_47830,20
synth_48389,20
synth_49310,20
synth_49808,19
synth_49935,19
synth_49677,19
synth_49848,19
synth_49922,19
synth_49668,19
synth_49827,19
synth_49853,19
synth_49741,19
synth_49768,19
synth_49914,19
synth_49837,19
synth_49838,19
synth_49711,19
synth_49774,19
synth_49776,19
synth_49635,19
synth_49641,19
synth_49626,19
synth_49761,19
synth_49862,19
synth_49752,19
synth_49849,19
synth_49905,19
synth_49765,19
synth_49692,19
synth_49805,19
synth_49679,19
synth_49693,19
synth_49797,19
synth_49880,19
synth_49961,19
synth_49724,19
synth_49794,19
synth_49956,19
synth_49944,19
synth_49812,19
synth_49617,19
synth_49916,19
synth_49811,19
synth_49744,19
synth_49796,19
synth_49627,19
synth_49690,19
synth_49816,19
synth_49740,19
synth_49951,19
synth_49972,19
synth_49932,19
synth_49985,19
synth_49700,19
synth_49895,19
synth_49990,19
synth_49707,19
synth_49903,19
synth_49643,19
synth_49783,19
synth_49795,19
synth_49663,19
synth_49682,19
synth_49759,19
synth_49842,19
synth_49851,19
synth_49647,19
synth_49686,19
synth_49778,19
synth_49743,19
synth_49976,19
synth_49753,19
synth_49814,19
synth_49787,19
synth_49874,19
synth_49843,19
synth_49667,19
synth_49714,19
synth_49749,19
synth_49886,19
synth_49810,19
synth_49879,19
synth_49995,19
synth_49919,19
synth_49637,19
synth_49992,19
synth_49674,19
synth_49799,19
synth_49899,19
synth_49893,19
synth_49946,19
synth_49791,19
synth_49654,19
synth_49911,19
synth_49754,19
synth_49847,19
synth_49876,19
synth_49973,19
synth_49681,19
synth_49875,19
synth_49719,19
synth_49739,19
synth_49982,19
synth_49715,19
synth_49729,19
synth_49614,19
synth_49645,19
synth_49623,19
synth_49698,19
synth_49780,19
synth_49924,19
synth_49689,19
synth_49977,19
synth_49648,19
synth_49917,19
synth_49665,19
synth_49858,19
synth_49818,19
synth_49997,19
synth_49713,19
synth_49619,19
synth_49991,19
synth_49952,19
synth_49738,19
synth_49762,19
synth_49781,19
synth_49883,19
synth_49980,19
synth_49649,19
synth_49742,19
synth_49965,19
synth_49684,19
synth_49927,19
synth_49821,19
synth_49850,19
synth_49770,19
synth_49978,19
synth_49688,19
synth_49930,19
synth_49981,19
synth_49983,19
synth_49998,19
synth_49747,19
synth_49898,19
synth_49782,19
synth_49889,19
synth_49912,19
synth_49785,19
synth_49672,19
synth_49727,19
synth_49775,19
synth_49662,19
synth_49949,19
synth_49683,19
synth_49888,19
synth_49644,19
synth_49723,19
synth_49633,19
synth_49671,19
synth_49745,19
synth_49790,19
synth_49877,19
synth_49937,19
synth_49942,19
synth_49994,19
synth_49974,19
synth_49907,19
synth_49910,19
synth_49788,19
synth_49950,19
synth_49833,19
synth_49675,19
synth_49918,19
synth_49823,19
synth_49832,19
synth_49891,19
synth_49931,19
synth_49622,19
synth_49657,19
synth_49789,19
synth_49913,19
synth_49669,19
synth_49984,19
synth_49639,19
synth_49722,19
synth_49859,19
synth_49801,19
synth_49779,19
synth_49920,19
synth_49728,19
synth_49828,19
synth_49653,19
synth_49764,19
synth_49868,19
synth_49933,19
synth_49825,19
synth_49830,19
synth_49758,19
synth_49615,19
synth_49964,19
synth_49852,19
synth_49928,19
synth_49748,19
synth_49760,19
synth_49968,19
synth_49999,19
synth_49708,19
synth_49658,19
synth_49678,19
synth_49694,19
synth_49915,19
synth_49829,19
synth_49695,19
synth_49988,19
synth_49631,19
synth_49656,19
synth_49703,19
synth_49809,19
synth_49701,19
synth_49798,19
synth_49971,19
synth_49731,19
synth_49865,19
synth_49902,19
synth_49844,19
synth_50000,19
synth_49640,19
synth_49963,19
synth_49938,19
synth_49734,19
synth_49629,19
synth_49716,19
synth_49947,19
synth_49642,19
synth_49636,19
synth_49904,19
synth_49756,19
synth_49890,19
synth_49926,19
synth_49957,19
synth_49710,19
synth_49721,19
synth_49835,19
synth_49766,19
synth_49735,19
synth_49901,19
synth_49943,19
synth_49967,19
synth_49792,19
synth_49820,19
synth_49618,19
synth_49772,19
synth_49989,19
synth_49986,19
synth_49697,19
synth_49953,19
synth_49940,19
synth_49841,19
synth_49960,19
synth_49869,19
synth_49815,19
synth_49632,19
synth_49857,19
synth_49896,19
synth_49670,19
synth_49702,19
synth_49652,19
synth_49746,19
synth_49878,19
synth_49945,19
synth_49921,19
synth_49646,19
synth_49717,19
synth_49817,19
synth_49661,19
synth_49720,19
synth_49855,19
synth_49979,19
synth_49824,19
synth_49696,19
synth_49934,19
synth_49730,19
synth_49954,19
synth_49664,19
synth_49958,19
synth_49687,19
synth_49767,19
synth_49894,19
synth_49908,19
synth_49651,19
synth_49845,19
synth_49755,19
synth_49993,19
synth_49673,19
synth_49706,19
synth_49834,19
synth_49966,19
synth_49630,19
synth_49655,19
synth_49806,19
synth_49807,19
synth_49884,19
synth_49863,19
synth_49882,19
synth_49839,19
synth_49718,19
synth_49726,19
synth_49777,19
synth_49793,19
synth_49969,19
synth_49900,19
synth_49769,19
synth_49885,19
synth_49737,19
synth_49897,19
synth_49763,19
synth_49939,19
synth_49929,19
synth_49819,19
synth_49872,19
synth_49873,19
synth_49925,19
synth_49704,19
synth_49736,19
synth_49870,19
synth_49712,19
synth_49800,19
synth_49975,19
synth_49628,19
synth_49725,19
synth_49909,19
synth_49813,19
synth_49625,19
synth_49638,19
synth_49856,19
synth_49709,19
synth_49733,19
synth_49784,19
synth_49634,19
synth_49846,19
synth_49786,19
synth_49923,19
synth_49804,19
synth_49705,19
synth_49887,19
synth_49750,19
synth_49948,19
synth_49970,19
synth_49854,19
synth_49959,19
synth_49620,19
synth_49822,19
synth_49840,19
synth_49861,19
synth_49864,19
synth_49871,19
synth_49881,19
synth_49860,19
synth_49836,19
synth_49831,19
synth_49616,19
synth_49751,19
synth_49867,19
synth_49660,19
synth_49906,19
synth_49803,19
synth_49624,19
synth_49666,19
synth_49892,19
synth_49732,19
synth_49802,19
synth_49941,19
synth_49996,19
synth_49621,19
synth_49676,19
synth_49691,19
synth_49757,19
synth_49771,19
synth_49962,19
synth_49659,19
synth_49826,19
synth_49680,19
synth_49685,19
synth_49773,19
synth_49866,19
synth_49650,19
synth_49699,19
synth_49936,19
synth_49987,19
synth_49955,19
