key,total_views
synth_1,16996509
synth_2,6009173
synth_3,3270980
synth_4,2124564
synth_5,1520214
synth_6,1156466
synth_7,917725
synth_8,751147
synth_9,629500
synth_10,537477
synth_11,465876
synth_12,408872
synth_13,362614
synth_14,324465
synth_15,292565
synth_16,265570
synth_17,242486
synth_18,222562
synth_19,205225
synth_20,190027
synth_21,176616
synth_22,164712
synth_23,154088
synth_24,144558
synth_25,135972
synth_26,128203
synth_27,121147
synth_28,114716
synth_29,108834
synth_30,103437
synth_31,98473
synth_32,93893
synth_33,89658
synth_34,85732
synth_35,82084
synth_36,78688
synth_37,75519
synth_38,72558
synth_39,69785
synth_40,67185
synth_41,64742
synth_42,62443
synth_43,60278
synth_44,58235
synth_45,56304
synth_46,54478
synth_47,52749
synth_48,51109
synth_49,49553
synth_50,48073
synth_51,46666
synth_52,45327
synth_53,44050
synth_54,42832
synth_55,41669
synth_56,40558
synth_57,39495
synth_58,38478
synth_59,37504
synth_60,36571
synth_61,35675
synth_62,34815
synth_63,33990
synth_64,33196
synth_65,32433
synth_66,31699
synth_67,30992
synth_68,30311
synth_69,29654
synth_70,29021
synth_71,28410
synth_72,27820
synth_73,27251
synth_74,26700
synth_75,26168
synth_76,25653
synth_77,25155
synth_78,24673
synth_79,24206
synth_80,23753
synth_81,23315
synth_82,22890
synth_83,22477
synth_84,22077
synth_85,21689
synth_86,21311
synth_87,20945
synth_88,20589
synth_89,20243
synth_90,19907
synth_91,19579
synth_92,19261
synth_93,18951
synth_94,18650
synth_95,18356
synth_96,18070
synth_97,17791
synth_98,17519
synth_99,17255
synth_100,16997
synth_101,16745
synth_102,16499
synth_103,16259
synth_104,16025
synth_105,15797
synth_106,15574
synth_107,15356
synth_108,15143
synth_109,14936
synth_110,14732
synth_111,14534
synth_112,14339
synth_113,14150
synth_114,13964
synth_115,13782
synth_116,13604
synth_117,13430
synth_118,13260
synth_119,13093
synth_120,12930
synth_121,12770
synth_122,12613
synth_123,12460
synth_124,12309
synth_125,12162
synth_126,12017
synth_127,11876
synth_128,11737
synth_129,11600
synth_130,11467
synth_131,11336
synth_132,11207
synth_133,11081
synth_134,10957
synth_135,10836
synth_136,10716
synth_137,10599
synth_138,10484
synth_139,10371
synth_140,10260
synth_141,10152
synth_142,10044
synth_143,9939
synth_144,9836
synth_145,9734
synth_146,9635
synth_147,9536
synth_148,9440
synth_149,9345
synth_150,9252
synth_151,9160
synth_152,9070
synth_153,8981
synth_154,8894
synth_155,8808
synth_156,8723
synth_157,8640
synth_158,8558
synth_159,8477
synth_160,8398
synth_161,8320
synth_162,8243
synth_163,8167
synth_164,8093
synth_165,8019
synth_166,7947
synth_167,7876
synth_168,7805
synth_169,7736
synth_170,7668
synth_171,7601
synth_172,7535
synth_173,7469
synth_174,7405
synth_175,7342
synth_176,7279
synth_177,7218
synth_178,7157
synth_179,7097
synth_180,7038
synth_181,6980
synth_182,6922
synth_183,6866
synth_184,6810
synth_185,6755
synth_186,6700
synth_187,6647
synth_188,6594
synth_189,6541
synth_190,6490
synth_191,6439
synth_192,6389
synth_193,6339
synth_194,6290
synth_195,6242
synth_196,6194
synth_197,6147
synth_198,6100
synth_199,6055
synth_200,6009
synth_201,5964
synth_202,5920
synth_203,5876
synth_204,5833
synth_205,5791
synth_206,5749
synth_207,5707
synth_208,5666
synth_209,5625
synth_210,5585
synth_211,5545
synth_212,5506
synth_213,5468
synth_214,5429
synth_215,5391
synth_216,5354
synth_217,5317
synth_218,5280
synth_219,5244
synth_220,5209
synth_221,5173
synth_222,5138
synth_223,5104
synth_224,5070
synth_225,5036
synth_226,5003
synth_227,4970
synth_228,4937
synth_229,4905
synth_230,4873
synth_231,4841
synth_232,4810
synth_233,4779
synth_234,4748
synth_235,4718
synth_236,4688
synth_237,4658
synth_238,4629
synth_239,4600
synth_240,4571
synth_241,4543
synth_242,4515
synth_243,4487
synth_244,4459
synth_245,4432
synth_246,4405
synth_247,4378
synth_248,4352
synth_249,4326
synth_250,4300
synth_251,4274
synth_252,4249
synth_253,4224
synth_254,4199
synth_255,4174
synth_256,4150
synth_257,4125
synth_258,4101
synth_259,4078
synth_260,4054
synth_261,4031
synth_262,4008
synth_263,3985
synth_264,3962
synth_265,3940
synth_266,3918
synth_267,3896
synth_268,3874
synth_269,3852
synth_270,3831
synth_271,3810
synth_272,3789
synth_273,3768
synth_274,3747
synth_275,3727
synth_276,3707
synth_277,3687
synth_278,3667
synth_279,3647
synth_280,3628
synth_281,3608
synth_282,3589
synth_283,3570
synth_284,3551
synth_285,3533
synth_286,3514
synth_287,3496
synth_288,3478
synth_289,3459
synth_290,3442
synth_291,3424
synth_292,3406
synth_293,3389
synth_294,3372
synth_295,3354
synth_296,3338
synth_297,3321
synth_298,3304
synth_299,3287
synth_300,3271
synth_301,3255
synth_302,3239
synth_303,3223
synth_304,3207
synth_305,3191
synth_306,3175
synth_307,3160
synth_308,3144
synth_309,3129
synth_310,3114
synth_311,3099
synth_312,3084
synth_313,3069
synth_314,3055
synth_315,3040
synth_316,3026
synth_317,3011
synth_318,2997
synth_319,2983
synth_320,2969
synth_321,2955
synth_322,2942
synth_323,2928
synth_324,2914
synth_325,2901
synth_326,2888
synth_327,2874
synth_328,2861
synth_329,2848
synth_330,2835
synth_331,2822
synth_332,2810
synth_333,2797
synth_334,2784
synth_335,2772
synth_336,2760
synth_337,2747
synth_338,2735
synth_339,2723
synth_340,2711
synth_341,2699
synth_342,2687
synth_343,2676
synth_344,2664
synth_345,2652
synth_346,2641
synth_347,2629
synth_348,2618
synth_349,2607
synth_350,2596
synth_351,2585
synth_352,2574
synth_353,2563
synth_354,2552
synth_355,2541
synth_356,2530
synth_357,2520
synth_358,2509
synth_359,2499
synth_360,2488
synth_361,2478
synth_362,2468
synth_363,2458
synth_364,2447
synth_365,2437
synth_366,2427
synth_367,2417
synth_368,2408
synth_369,2398
synth_370,2388
synth_371,2378
synth_372,2369
synth_373,2359
synth_374,2350
synth_375,2341
synth_376,2331
synth_377,2322
synth_378,2313
synth_379,2304
synth_380,2294
synth_381,2285
synth_382,2276
synth_383,2268
synth_384,2259
synth_385,2250
synth_386,2241
synth_387,2233
synth_388,2224
synth_389,2215
synth_390,2207
synth_391,2198
synth_392,2190
synth_393,2182
synth_394,2173
synth_395,2165
synth_396,2157
synth_397,2149
synth_398,2141
synth_399,2133
synth_400,2125
synth_401,2117
synth_402,2109
synth_403,2101
synth_404,2093
synth_405,2085
synth_406,2078
synth_407,2070
synth_408,2062
synth_409,2055
synth_410,2047
synth_411,2040
synth_412,2032
synth_413,2025
synth_414,2018
synth_415,2010
synth_416,2003
synth_417,1996
synth_418,1989
synth_419,1982
synth_420,1975
synth_421,1968
synth_422,1961
synth_423,1954
synth_424,1947
synth_425,1940
synth_426,1933
synth_427,1926
synth_428,1920
synth_429,1913
synth_430,1906
synth_431,1900
synth_432,1893
synth_433,1886
synth_434,1880
synth_435,1873
synth_436,1867
synth_437,1861
synth_438,1854
synth_439,1848
synth_440,1842
synth_441,1835
synth_442,1829
synth_443,1823
synth_444,1817
synth_445,1811
synth_446,1805
synth_447,1798
synth_448,1792
synth_449,1786
synth_450,1780
synth_451,1775
synth_452,1769
synth_453,1763
synth_454,1757
synth_455,1751
synth_456,1745
synth_457,1740
synth_458,1734
synth_459,1728
synth_460,1723
synth_461,1717
synth_462,1712
synth_463,1706
synth_464,1701
synth_465,1695
synth_466,1690
synth_467,1684
synth_468,1679
synth_469,1673
synth_470,1668
synth_471,1663
synth_472,1657
synth_473,1652
synth_474,1647
synth_475,1642
synth_476,1637
synth_477,1631
synth_478,1626
synth_479,1621
synth_480,1616
synth_481,1611
synth_482,1606
synth_483,1601
synth_484,1596
synth_485,1591
synth_486,1586
synth_487,1581
synth_488,1577
synth_489,1572
synth_490,1567
synth_491,1562
synth_492,1557
synth_493,1553
synth_494,1548
synth_495,1543
synth_496,1539
synth_497,1534
synth_498,1529
synth_499,1525
synth_500,1520
synth_501,1516
synth_502,1511
synth_503,1507
synth_504,1502
synth_505,1498
synth_506,1493
synth_507,1489
synth_508,1484
synth_509,1480
synth_510,1476
synth_511,1471
synth_512,1467
synth_513,1463
synth_514,1459
synth_515,1454
synth_516,1450
synth_517,1446
synth_518,1442
synth_519,1438
synth_520,1433
synth_521,1429
synth_522,1425
synth_523,1421
synth_524,1417
synth_525,1413
synth_526,1409
synth_527,1405
synth_528,1401
synth_529,1397
synth_530,1393
synth_531,1389
synth_532,1385
synth_533,1381
synth_534,1377
synth_535,1374
synth_536,1370
synth_537,1366
synth_538,1362
synth_539,1358
synth_540,1354
synth_541,1351
synth_542,1347
synth_543,1343
synth_544,1340
synth_545,1336
synth_546,1332
synth_547,1329
synth_548,1325
synth_549,1321
synth_550,1318
synth_551,1314
synth_552,1311
synth_553,1307
synth_554,1303
synth_555,1300
synth_556,1296
synth_557,1293
synth_558,1289
synth_559,1286
synth_560,1283
synth_561,1279
synth_562,1276
synth_563,1272
synth_564,1269
synth_565,1266
synth_566,1262
synth_567,1259
synth_568,1256
synth_569,1252
synth_570,1249
synth_571,1246
synth_572,1242
synth_573,1239
synth_574,1236
synth_575,1233
synth_576,1229
synth_577,1226
synth_578,1223
synth_579,1220
synth_580,1217
synth_581,1214
synth_582,1211
synth_583,1207
synth_584,1204
synth_585,1201
synth_586,1198
synth_587,1195
synth_588,1192
synth_589,1189
synth_590,1186
synth_591,1183
synth_592,1180
synth_593,1177
synth_594,1174
synth_595,1171
synth_596,1168
synth_597,1165
synth_598,1162
synth_599,1159
synth_600,1156
synth_601,1154
synth_602,1151
synth_603,1148
synth_604,1145
synth_605,1142
synth_606,1139
synth_607,1137
synth_608,1134
synth_609,1131
synth_610,1128
synth_611,1125
synth_612,1123
synth_613,1120
synth_614,1117
synth_615,1114
synth_616,1112
synth_617,1109
synth_618,1106
synth_619,1104
synth_620,1101
synth_621,1098
synth_622,1096
synth_623,1093
synth_624,1090
synth_625,1088
synth_626,1085
synth_627,1083
synth_628,1080
synth_629,1077
synth_630,1075
synth_631,1072
synth_632,1070
synth_633,1067
synth_634,1065
synth_635,1062
synth_636,1060
synth_637,1057
synth_638,1055
synth_639,1052
synth_640,1050
synth_641,1047
synth_642,1045
synth_643,1042
synth_644,1040
synth_645,1038
synth_646,1035
synth_647,1033
synth_648,1030
synth_649,1028
synth_650,1026
synth_651,1023
synth_652,1021
synth_653,1019
synth_654,1016
synth_655,1014
synth_656,1012
synth_657,1009
synth_658,1007
synth_659,1005
synth_660,1002
synth_661,1000
synth_662,998
synth_663,996
synth_664,993
synth_665,991
synth_666,989
synth_667,987
synth_668,984
synth_669,982
synth_670,980
synth_671,978
synth_672,976
synth_673,974
synth_674,971
synth_675,969
synth_676,967
synth_677,965
synth_678,963
synth_679,961
synth_680,959
synth_681,956
synth_682,954
synth_683,952
synth_684,950
synth_685,948
synth_686,946
synth_687,944
synth_688,942
synth_689,940
synth_690,938
synth_691,936
synth_692,934
synth_693,932
synth_694,930
synth_695,928
synth_696,926
synth_697,924
synth_698,922
synth_699,920
synth_700,918
synth_701,916
synth_702,914
synth_703,912
synth_704,910
synth_705,908
synth_706,906
synth_707,904
synth_708,902
synth_709,900
synth_710,898
synth_711,897
synth_712,895
synth_713,893
synth_714,891
synth_715,889
synth_716,887
synth_717,885
synth_718,883
synth_719,882
synth_720,880
synth_721,878
synth_722,876
synth_723,874
synth_724,872
synth_725,871
synth_726,869
synth_727,867
synth_728,865
synth_729,864
synth_730,862
synth_731,860
synth_732,858
synth_733,856
synth_734,855
synth_735,853
synth_736,851
synth_737,849
synth_738,848
synth_739,846
synth_740,844
synth_741,843
synth_742,841
synth_743,839
synth_744,838
synth_745,836
synth_746,834
synth_747,832
synth_748,831
synth_749,829
synth_750,827
synth_751,826
synth_752,824
synth_753,823
synth_754,821
synth_755,819
synth_756,818
synth_757,816
synth_758,814
synth_759,813
synth_760,811
synth_761,810
synth_762,808
synth_763,806
synth_764,805
synth_765,803
synth_766,802
synth_767,800
synth_768,799
synth_769,797
synth_770,795
synth_771,794
synth_772,792
synth_773,791
synth_774,789
synth_775,788
synth_776,786
synth_777,785
synth_778,783
synth_779,782
synth_780,780
synth_781,779
synth_782,777
synth_783,776
synth_784,774
synth_785,773
synth_786,771
synth_787,770
synth_788,768
synth_789,767
synth_790,765
synth_791,764
synth_792,763
synth_793,761
synth_794,760
synth_795,758
synth_796,757
synth_797,755
synth_798,754
synth_799,753
synth_800,751
synth_801,750
synth_802,748
synth_803,747
synth_804,746
synth_805,744
synth_806,743
synth_807,741
synth_808,740
synth_809,739
synth_810,737
synth_811,736
synth_812,735
synth_813,733
synth_814,732
synth_815,731
synth_816,729
synth_817,728
synth_818,726
synth_819,725
synth_820,724
synth_821,723
synth_822,721
synth_823,720
synth_824,719
synth_825,717
synth_826,716
synth_827,715
synth_828,713
synth_829,712
synth_830,711
synth_831,710
synth_832,708
synth_833,707
synth_834,706
synth_835,704
synth_836,703
synth_837,702
synth_838,701
synth_839,699
synth_840,698
synth_841,697
synth_842,696
synth_843,694
synth_844,693
synth_845,692
synth_846,691
synth_847,690
synth_848,688
synth_849,687
synth_850,686
synth_851,685
synth_852,683
synth_853,682
synth_854,681
synth_855,680
synth_856,679
synth_857,677
synth_858,676
synth_859,675
synth_860,674
synth_861,673
synth_862,672
synth_863,670
synth_864,669
synth_865,668
synth_866,667
synth_867,666
synth_868,665
synth_869,663
synth_870,662
synth_871,661
synth_872,660
synth_873,659
synth_874,658
synth_875,657
synth_876,656
synth_877,654
synth_878,653
synth_879,652
synth_880,651
synth_881,650
synth_882,649
synth_883,648
synth_884,647
synth_885,646
synth_886,644
synth_887,643
synth_888,642
synth_889,641
synth_890,640
synth_891,639
synth_892,638
synth_893,637
synth_894,636
synth_895,635
synth_896,634
synth_897,633
synth_898,632
synth_899,631
synth_900,630
synth_901,628
synth_902,627
synth_903,626
synth_904,625
synth_905,624
synth_906,623
synth_907,622
synth_908,621
synth_909,620
synth_910,619
synth_911,618
synth_912,617
synth_913,616
synth_914,615
synth_915,614
synth_916,613
synth_917,612
synth_918,611
synth_919,610
synth_920,609
synth_921,608
synth_922,607
synth_923,606
synth_924,605
synth_925,604
synth_926,603
synth_927,602
synth_928,601
synth_929,600
synth_930,599
synth_931,598
synth_932,597
synth_933,596
synth_934,595
synth_935,594
synth_936,594
synth_937,593
synth_938,592
synth_939,591
synth_940,590
synth_941,589
synth_942,588
synth_943,587
synth_944,586
synth_945,585
synth_946,584
synth_947,583
synth_948,582
synth_949,581
synth_950,580
synth_951,580
synth_952,579
synth_953,578
synth_954,577
synth_955,576
synth_956,575
synth_957,574
synth_958,573
synth_959,572
synth_961,571
synth_960,571
synth_962,570
synth_963,569
synth_964,568
synth_965,567
synth_966,566
synth_967,565
synth_968,564
synth_969,563
synth_970,563
synth_971,562
synth_972,561
synth_973,560
synth_974,559
synth_975,558
synth_977,557
synth_976,557
synth_978,556
synth_979,555
synth_980,554
synth_981,553
synth_982,552
synth_984,551
synth_983,551
synth_985,550
synth_986,549
synth_987,548
synth_988,547
synth_989,546
synth_990,546
synth_991,545
synth_992,544
synth_993,543
synth_995,542
synth_994,542
synth_996,541
synth_997,540
synth_998,539
synth_999,538
synth_1000,537
synth_1001,537
synth_1002,536
synth_1003,535
synth_1004,534
synth_1005,533
synth_1006,533
synth_1007,532
synth_1008,531
synth_1010,530
synth_1009,530
synth_1011,529
synth_1012,528
synth_1013,527
synth_1015,526
synth_1014,526
synth_1016,525
synth_1017,524
synth_1018,523
synth_1019,523
synth_1020,522
synth_1021,521
synth_1022,520
synth_1024,519
synth_1023,519
synth_1025,518
synth_1026,517
synth_1028,516
synth_1027,516
synth_1029,515
synth_1030,514
synth_1032,513
synth_1031,513
synth_1033,512
synth_1034,511
synth_1036,510
synth_1035,510
synth_1037,509
synth_1038,508
synth_1039,508
synth_1040,507
synth_1041,506
synth_1043,505
synth_1042,505
synth_1044,504
synth_1045,503
synth_1046,502
synth_1047,502
synth_1048,501
synth_1049,500
synth_1050,500
synth_1051,499
synth_1052,498
synth_1053,497
synth_1054,497
synth_1055,496
synth_1057,495
synth_1056,495
synth_1058,494
synth_1059,493
synth_1060,492
synth_1061,492
synth_1062,491
synth_1064,490
synth_1063,490
synth_1065,489
synth_1066,488
synth_1067,488
synth_1068,487
synth_1069,486
synth_1070,486
synth_1071,485
synth_1072,484
synth_1073,484
synth_1074,483
synth_1075,482
synth_1076,482
synth_1077,481
synth_1078,480
synth_1079,480
synth_1080,479
synth_1081,478
synth_1082,478
synth_1083,477
synth_1084,476
synth_1085,476
synth_1086,475
synth_1087,474
synth_1088,474
synth_1089,473
synth_1091,472
synth_1090,472
synth_1092,471
synth_1094,470
synth_1093,470
synth_1095,469
synth_1097,468
synth_1096,468
synth_1098,467
synth_1099,467
synth_1100,466
synth_1102,465
synth_1101,465
synth_1103,464
synth_1105,463
synth_1104,463
synth_1106,462
synth_1108,461
synth_1107,461
synth_1109,460
synth_1110,460
synth_1111,459
synth_1113,458
synth_1112,458
synth_1115,457
synth_1114,457
synth_1116,456
synth_1117,455
synth_1118,455
synth_1119,454
synth_1121,453
synth_1120,453
synth_1122,452
synth_1123,452
synth_1124,451
synth_1125,450
synth_1126,450
synth_1127,449
synth_1128,449
synth_1129,448
synth_1130,447
synth_1131,447
synth_1133,446
synth_1132,446
synth_1134,445
synth_1136,444
synth_1135,444
synth_1137,443
synth_1138,443
synth_1139,442
synth_1140,442
synth_1141,441
synth_1143,440
synth_1142,440
synth_1144,439
synth_1145,439
synth_1146,438
synth_1147,438
synth_1148,437
synth_1149,436
synth_1150,436
synth_1151,435
synth_1152,435
synth_1154,434
synth_1153,434
synth_1155,433
synth_1157,432
synth_1156,432
synth_1159,431
synth_1158,431
synth_1161,430
synth_1160,430
synth_1162,429
synth_1163,429
synth_1164,428
synth_1165,427
synth_1166,427
synth_1168,426
synth_1167,426
synth_1169,425
synth_1170,425
synth_1171,424
synth_1172,424
synth_1174,423
synth_1173,423
synth_1175,422
synth_1176,421
synth_1177,421
synth_1179,420
synth_1178,420
synth_1181,419
synth_1180,419
synth_1183,418
synth_1182,418
synth_1185,417
synth_1184,417
synth_1187,416
synth_1186,416
synth_1189,415
synth_1188,415
synth_1191,414
synth_1190,414
synth_1192,413
synth_1194,412
synth_1193,412
synth_1196,411
synth_1195,411
synth_1198,410
synth_1197,410
synth_1200,409
synth_1199,409
synth_1202,408
synth_1201,408
synth_1203,407
synth_1204,407
synth_1206,406
synth_1205,406
synth_1208,405
synth_1207,405
synth_1210,404
synth_1209,404
synth_1211,403
synth_1212,403
synth_1214,402
synth_1213,402
synth_1216,401
synth_1215,401
synth_1217,400
synth_1218,400
synth_1220,399
synth_1219,399
synth_1222,398
synth_1221,398
synth_1224,397
synth_1223,397
synth_1225,396
synth_1226,396
synth_1228,395
synth_1227,395
synth_1229,394
synth_1231,394
synth_1230,394
synth_1232,393
synth_1233,393
synth_1235,392
synth_1234,392
synth_1236,391
synth_1237,391
synth_1239,390
synth_1238,390
synth_1241,389
synth_1240,389
synth_1243,388
synth_1242,388
synth_1244,387
synth_1245,387
synth_1247,386
synth_1246,386
synth_1248,386
synth_1250,385
synth_1249,385
synth_1252,384
synth_1251,384
synth_1254,383
synth_1253,383
synth_1255,382
synth_1256,382
synth_1258,381
synth_1257,381
synth_1261,380
synth_1259,380
synth_1260,380
synth_1262,379
synth_1263,379
synth_1264,378
synth_1265,378
synth_1266,377
synth_1267,377
synth_1268,376
synth_1269,376
synth_1270,376
synth_1271,375
synth_1272,375
synth_1274,374
synth_1273,374
synth_1276,373
synth_1275,373
synth_1279,372
synth_1277,372
synth_1278,372
synth_1281,371
synth_1280,371
synth_1282,370
synth_1283,370
synth_1285,369
synth_1286,369
synth_1284,369
synth_1288,368
synth_1287,368
synth_1289,367
synth_1290,367
synth_1292,366
synth_1293,366
synth_1291,366
synth_1295,365
synth_1294,365
synth_1297,364
synth_1296,364
synth_1300,363
synth_1299,363
synth_1298,363
synth_1302,362
synth_1301,362
synth_1305,361
synth_1304,361
synth_1303,361
synth_1307,360
synth_1306,360
synth_1309,359
synth_1308,359
synth_1311,358
synth_1312,358
synth_1310,358
synth_1313,357
synth_1314,357
synth_1317,356
synth_1315,356
synth_1316,356
synth_1318,355
synth_1319,355
synth_1321,354
synth_1320,354
synth_1322,354
synth_1324,353
synth_1323,353
synth_1326,352
synth_1327,352
synth_1325,352
synth_1328,351
synth_1329,351
synth_1330,350
synth_1332,350
synth_1331,350
synth_1334,349
synth_1333,349
synth_1335,348
synth_1336,348
synth_1337,348
synth_1338,347
synth_1339,347
synth_1340,346
synth_1342,346
synth_1341,346
synth_1343,345
synth_1344,345
synth_1345,345
synth_1346,344
synth_1347,344
synth_1348,343
synth_1350,343
synth_1349,343
synth_1353,342
synth_1352,342
synth_1351,342
synth_1355,341
synth_1354,341
synth_1356,340
synth_1357,340
synth_1358,340
synth_1359,339
synth_1361,339
synth_1360,339
synth_1362,338
synth_1363,338
synth_1364,337
synth_1366,337
synth_1365,337
synth_1369,336
synth_1368,336
synth_1367,336
synth_1370,335
synth_1371,335
synth_1372,334
synth_1374,334
synth_1373,334
synth_1375,333
synth_1377,333
synth_1376,333
synth_1378,332
synth_1380,332
synth_1379,332
synth_1382,331
synth_1381,331
synth_1384,330
synth_1383,330
synth_1385,330
synth_1386,329
synth_1388,329
synth_1387,329
synth_1391,328
synth_1390,328
synth_1389,328
synth_1394,327
synth_1392,327
synth_1393,327
synth_1395,326
synth_1397,326
synth_1396,326
synth_1398,325
synth_1399,325
synth_1400,324
synth_1402,324
synth_1401,324
synth_1404,323
synth_1405,323
synth_1403,323
synth_1406,322
synth_1407,322
synth_1408,322
synth_1410,321
synth_1409,321
synth_1411,321
synth_1412,320
synth_1413,320
synth_1414,320
synth_1415,319
synth_1416,319
synth_1417,319
synth_1420,318
synth_1418,318
synth_1419,318
synth_1421,317
synth_1423,317
synth_1422,317
synth_1424,316
synth_1426,316
synth_1425,316
synth_1428,315
synth_1429,315
synth_1427,315
synth_1432,314
synth_1431,314
synth_1430,314
synth_1433,313
synth_1435,313
synth_1434,313
synth_1438,312
synth_1436,312
synth_1437,312
synth_1439,311
synth_1441,311
synth_1440,311
synth_1442,310
synth_1444,310
synth_1443,310
synth_1447,309
synth_1445,309
synth_1446,309
synth_1450,308
synth_1448,308
synth_1451,308
synth_1449,308
synth_1453,307
synth_1454,307
synth_1452,307
synth_1456,306
synth_1455,306
synth_1457,306
synth_1460,305
synth_1458,305
synth_1459,305
synth_1463,304
synth_1461,304
synth_1462,304
synth_1465,303
synth_1464,303
synth_1466,303
synth_1469,302
synth_1470,302
synth_1468,302
synth_1467,302
synth_1471,301
synth_1472,301
synth_1473,301
synth_1474,300
synth_1475,300
synth_1476,300
synth_1477,299
synth_1478,299
synth_1480,299
synth_1479,299
synth_1482,298
synth_1481,298
synth_1483,298
synth_1485,297
synth_1486,297
synth_1484,297
synth_1489,296
synth_1490,296
synth_1487,296
synth_1488,296
synth_1492,295
synth_1493,295
synth_1491,295
synth_1496,294
synth_1494,294
synth_1495,294
synth_1497,293
synth_1500,293
synth_1498,293
synth_1499,293
synth_1503,292
synth_1502,292
synth_1501,292
synth_1504,291
synth_1507,291
synth_1506,291
synth_1505,291
synth_1510,290
synth_1509,290
synth_1508,290
synth_1512,289
synth_1511,289
synth_1513,289
synth_1514,289
synth_1517,288
synth_1515,288
synth_1516,288
synth_1520,287
synth_1518,287
synth_1521,287
synth_1519,287
synth_1524,286
synth_1523,286
synth_1522,286
synth_1525,285
synth_1526,285
synth_1528,285
synth_1527,285
synth_1529,284
synth_1530,284
synth_1531,284
synth_1535,283
synth_1532,283
synth_1533,283
synth_1534,283
synth_1537,282
synth_1539,282
synth_1536,282
synth_1538,282
synth_1541,281
synth_1542,281
synth_1540,281
synth_1545,280
synth_1543,280
synth_1546,280
synth_1544,280
synth_1548,279
synth_1547,279
synth_1550,279
synth_1549,279
synth_1551,278
synth_1552,278
synth_1553,278
synth_1554,277
synth_1556,277
synth_1555,277
synth_1557,277
synth_1561,276
synth_1559,276
synth_1558,276
synth_1560,276
synth_1563,275
synth_1562,275
synth_1564,275
synth_1565,275
synth_1566,274
synth_1567,274
synth_1568,274
synth_1569,273
synth_1572,273
synth_1571,273
synth_1570,273
synth_1575,272
synth_1573,272
synth_1576,272
synth_1574,272
synth_1578,271
synth_1579,271
synth_1580,271
synth_1577,271
synth_1581,270
synth_1582,270
synth_1584,270
synth_1583,270
synth_1587,269
synth_1586,269
synth_1585,269
synth_1588,269
synth_1591,268
synth_1589,268
synth_1590,268
synth_1592,268
synth_1594,267
synth_1596,267
synth_1595,267
synth_1593,267
synth_1600,266
synth_1598,266
synth_1599,266
synth_1597,266
synth_1603,265
synth_1601,265
synth_1604,265
synth_1602,265
synth_1605,264
synth_1606,264
synth_1607,264
synth_1608,264
synth_1612,263
synth_1611,263
synth_1610,263
synth_1609,263
synth_1614,262
synth_1616,262
synth_1615,262
synth_1613,262
synth_1618,261
synth_1620,261
synth_1617,261
synth_1619,261
synth_1621,260
synth_1622,260
synth_1623,260
synth_1624,260
synth_1628,259
synth_1629,259
synth_1625,259
synth_1626,259
synth_1627,259
synth_1630,258
synth_1633,258
synth_1632,258
synth_1631,258
synth_1636,257
synth_1634,257
synth_1637,257
synth_1635,257
synth_1639,256
synth_1638,256
synth_1640,256
synth_1641,256
synth_1646,255
synth_1645,255
synth_1644,255
synth_1643,255
synth_1642,255
synth_1647,254
synth_1649,254
synth_1648,254
synth_1650,254
synth_1652,253
synth_1651,253
synth_1653,253
synth_1654,253
synth_1658,252
synth_1657,252
synth_1659,252
synth_1655,252
synth_1656,252
synth_1662,251
synth_1661,251
synth_1663,251
synth_1660,251
synth_1664,250
synth_1667,250
synth_1666,250
synth_1665,250
synth_1669,249
synth_1672,249
synth_1671,249
synth_1668,249
synth_1670,249
synth_1676,248
synth_1673,248
synth_1674,248
synth_1675,248
synth_1677,247
synth_1679,247
synth_1678,247
synth_1681,247
synth_1680,247
synth_1682,246
synth_1683,246
synth_1685,246
synth_1686,246
synth_1684,246
synth_1689,245
synth_1688,245
synth_1690,245
synth_1687,245
synth_1695,244
synth_1694,244
synth_1693,244
synth_1691,244
synth_1692,244
synth_1696,243
synth_1698,243
synth_1699,243
synth_1697,243
synth_1700,242
synth_1703,242
synth_1701,242
synth_1704,242
synth_1702,242
synth_1707,241
synth_1709,241
synth_1708,241
synth_1706,241
synth_1705,241
synth_1712,240
synth_1710,240
synth_1713,240
synth_1711,240
synth_1714,240
synth_1717,239
synth_1716,239
synth_1718,239
synth_1715,239
synth_1719,238
synth_1723,238
synth_1722,238
synth_1720,238
synth_1721,238
synth_1724,237
synth_1726,237
synth_1727,237
synth_1728,237
synth_1725,237
synth_1729,236
synth_1732,236
synth_1730,236
synth_1733,236
synth_1731,236
synth_1736,235
synth_1734,235
synth_1735,235
synth_1738,235
synth_1737,235
synth_1740,234
synth_1742,234
synth_1739,234
synth_1743,234
synth_1741,234
synth_1747,233
synth_1744,233
synth_1746,233
synth_1748,233
synth_1745,233
synth_1749,232
synth_1751,232
synth_1750,232
synth_1753,232
synth_1752,232
synth_1755,231
synth_1754,231
synth_1756,231
synth_1757,231
synth_1758,231
synth_1760,230
synth_1759,230
synth_1762,230
synth_1763,230
synth_1761,230
synth_1767,229
synth_1768,229
synth_1765,229
synth_1766,229
synth_1764,229
synth_1771,228
synth_1769,228
synth_1770,228
synth_1772,228
synth_1773,228
synth_1775,227
synth_1777,227
synth_1776,227
synth_1778,227
synth_1779,227
synth_1774,227
synth_1784,226
synth_1783,226
synth_1780,226
synth_1782,226
synth_1781,226
synth_1788,225
synth_1786,225
synth_1789,225
synth_1785,225
synth_1787,225
synth_1794,224
synth_1791,224
synth_1792,224
synth_1790,224
synth_1793,224
synth_1800,223
synth_1795,223
synth_1797,223
synth_1796,223
synth_1799,223
synth_1798,223
synth_1804,222
synth_1803,222
synth_1805,222
synth_1801,222
synth_1802,222
synth_1809,221
synth_1810,221
synth_1806,221
synth_1808,221
synth_1811,221
synth_1807,221
synth_1813,220
synth_1814,220
synth_1816,220
synth_1812,220
synth_1815,220
synth_1820,219
synth_1821,219
synth_1818,219
synth_1817,219
synth_1819,219
synth_1822,219
synth_1825,218
synth_1827,218
synth_1826,218
synth_1824,218
synth_1823,218
synth_1829,217
synth_1828,217
synth_1831,217
synth_1832,217
synth_1833,217
synth_1830,217
synth_1838,216
synth_1837,216
synth_1834,216
synth_1836,216
synth_1835,216
synth_1839,216
synth_1842,215
synth_1841,215
synth_1844,215
synth_1840,215
synth_1843,215
synth_1847,214
synth_1845,214
synth_1850,214
synth_1846,214
synth_1849,214
synth_1848,214
synth_1852,213
synth_1853,213
synth_1854,213
synth_1856,213
synth_1855,213
synth_1851,213
synth_1861,212
synth_1857,212
synth_1858,212
synth_1859,212
synth_1862,212
synth_1860,212
synth_1863,211
synth_1868,211
synth_1867,211
synth_1866,211
synth_1864,211
synth_1865,211
synth_1874,210
synth_1872,210
synth_1871,210
synth_1870,210
synth_1869,210
synth_1873,210
synth_1879,209
synth_1876,209
synth_1880,209
synth_1878,209
synth_1875,209
synth_1877,209
synth_1883,208
synth_1885,208
synth_1886,208
synth_1884,208
synth_1881,208
synth_1882,208
synth_1887,207
synth_1891,207
synth_1892,207
synth_1888,207
synth_1890,207
synth_1889,207
synth_1896,206
synth_1893,206
synth_1898,206
synth_1894,206
synth_1897,206
synth_1895,206
synth_1901,205
synth_1899,205
synth_1900,205
synth_1902,205
synth_1903,205
synth_1904,205
synth_1905,204
synth_1909,204
synth_1906,204
synth_1910,204
synth_1907,204
synth_1908,204
synth_1915,203
synth_1911,203
synth_1914,203
synth_1913,203
synth_1917,203
synth_1912,203
synth_1916,203
synth_1921,202
synth_1922,202
synth_1920,202
synth_1919,202
synth_1923,202
synth_1918,202
synth_1924,201
synth_1926,201
synth_1925,201
synth_1927,201
synth_1929,201
synth_1928,201
synth_1934,200
synth_1930,200
synth_1931,200
synth_1936,200
synth_1933,200
synth_1935,200
synth_1932,200
synth_1938,199
synth_1939,199
synth_1940,199
synth_1941,199
synth_1937,199
synth_1942,199
synth_1943,198
synth_1948,198
synth_1945,198
synth_1944,198
synth_1946,198
synth_1949,198
synth_1947,198
synth_1952,197
synth_1953,197
synth_1954,197
synth_1950,197
synth_1951,197
synth_1955,197
synth_1958,196
synth_1962,196
synth_1959,196
synth_1961,196
synth_1956,196
synth_1960,196
synth_1957,196
synth_1967,195
synth_1969,195
synth_1966,195
synth_1964,195
synth_1963,195
synth_1965,195
synth_1968,195
synth_1973,194
synth_1972,194
synth_1974,194
synth_1975,194
synth_1971,194
synth_1970,194
synth_1982,193
synth_1977,193
synth_1976,193
synth_1979,193
synth_1980,193
synth_1978,193
synth_1981,193
synth_1987,192
synth_1983,192
synth_1989,192
synth_1985,192
synth_1986,192
synth_1988,192
synth_1984,192
synth_1990,191
synth_1994,191
synth_1991,191
synth_1996,191
synth_1995,191
synth_1992,191
synth_1993,191
synth_1997,190
synth_2000,190
synth_1999,190
synth_1998,190
synth_2003,190
synth_2002,190
synth_2001,190
synth_2004,189
synth_2007,189
synth_2008,189
synth_2006,189
synth_2005,189
synth_2010,189
synth_2009,189
synth_2017,188
synth_2012,188
synth_2016,188
synth_2011,188
synth_2013,188
synth_2014,188
synth_2015,188
synth_2024,187
synth_2023,187
synth_2022,187
synth_2021,187
synth_2018,187
synth_2025,187
synth_2019,187
synth_2020,187
synth_2031,186
synth_2032,186
synth_2030,186
synth_2026,186
synth_2027,186
synth_2029,186
synth_2028,186
synth_2034,185
synth_2039,185
synth_2035,185
synth_2036,185
synth_2033,185
synth_2038,185
synth_2037,185
synth_2042,184
synth_2047,184
synth_2041,184
synth_2040,184
synth_2043,184
synth_2046,184
synth_2044,184
synth_2045,184
synth_2052,183
synth_2054,183
synth_2048,183
synth_2051,183
synth_2053,183
synth_2050,183
synth_2049,183
synth_2058,182
synth_2057,182
synth_2060,182
synth_2061,182
synth_2062,182
synth_2055,182
synth_2059,182
synth_2056,182
synth_2069,181
synth_2067,181
synth_2066,181
synth_2064,181
synth_2068,181
synth_2065,181
synth_2063,181
synth_2070,180
synth_2072,180
synth_2075,180
synth_2074,180
synth_2077,180
synth_2071,180
synth_2073,180
synth_2076,180
synth_2080,179
synth_2085,179
synth_2082,179
synth_2079,179
synth_2081,179
synth_2083,179
synth_2078,179
synth_2084,179
synth_2092,178
synth_2087,178
synth_2089,178
synth_2091,178
synth_2086,178
synth_2093,178
synth_2090,178
synth_2088,178
synth_2094,177
synth_2100,177
synth_2096,177
synth_2098,177
synth_2097,177
synth_2099,177
synth_2095,177
synth_2106,176
synth_2107,176
synth_2108,176
synth_2104,176
synth_2102,176
synth_2101,176
synth_2105,176
synth_2103,176
synth_2112,175
synth_2113,175
synth_2110,175
synth_2116,175
synth_2111,175
synth_2115,175
synth_2109,175
synth_2114,175
synth_2118,174
synth_2121,174
synth_2117,174
synth_2124,174
synth_2122,174
synth_2119,174
synth_2125,174
synth_2123,174
synth_2120,174
synth_2131,173
synth_2126,173
synth_2130,173
synth_2129,173
synth_2133,173
synth_2127,173
synth_2128,173
synth_2132,173
synth_2137,172
synth_2138,172
synth_2141,172
synth_2139,172
synth_2136,172
synth_2134,172
synth_2140,172
synth_2135,172
synth_2144,171
synth_2143,171
synth_2148,171
synth_2142,171
synth_2149,171
synth_2146,171
synth_2147,171
synth_2145,171
synth_2154,170
synth_2152,170
synth_2151,170
synth_2153,170
synth_2158,170
synth_2156,170
synth_2157,170
synth_2150,170
synth_2155,170
synth_2166,169
synth_2165,169
synth_2162,169
synth_2161,169
synth_2159,169
synth_2160,169
synth_2164,169
synth_2163,169
synth_2171,168
synth_2170,168
synth_2168,168
synth_2174,168
synth_2173,168
synth_2172,168
synth_2175,168
synth_2169,168
synth_2167,168
synth_2176,167
synth_2178,167
synth_2182,167
synth_2177,167
synth_2184,167
synth_2183,167
synth_2180,167
synth_2181,167
synth_2179,167
synth_2190,166
synth_2185,166
synth_2187,166
synth_2189,166
synth_2188,166
synth_2193,166
synth_2191,166
synth_2186,166
synth_2192,166
synth_2195,165
synth_2197,165
synth_2201,165
synth_2196,165
synth_2200,165
synth_2199,165
synth_2194,165
synth_2198,165
synth_2204,164
synth_2207,164
synth_2205,164
synth_2202,164
synth_2208,164
synth_2203,164
synth_2209,164
synth_2206,164
synth_2210,164
synth_2216,163
synth_2215,163
synth_2218,163
synth_2212,163
synth_2211,163
synth_2219,163
synth_2213,163
synth_2214,163
synth_2217,163
synth_2226,162
synth_2224,162
synth_2222,162
synth_2228,162
synth_2223,162
synth_2221,162
synth_2227,162
synth_2225,162
synth_2220,162
synth_2229,162
synth_2234,161
synth_2230,161
synth_2238,161
synth_2232,161
synth_2231,161
synth_2235,161
synth_2237,161
synth_2233,161
synth_2236,161
synth_2246,160
synth_2242,160
synth_2245,160
synth_2240,160
synth_2239,160
synth_2247,160
synth_2243,160
synth_2244,160
synth_2241,160
synth_2253,159
synth_2257,159
synth_2248,159
synth_2251,159
synth_2254,159
synth_2256,159
synth_2250,159
synth_2255,159
synth_2252,159
synth_2249,159
synth_2263,158
synth_2262,158
synth_2261,158
synth_2264,158
synth_2260,158
synth_2259,158
synth_2266,158
synth_2258,158
synth_2265,158
synth_2271,157
synth_2272,157
synth_2267,157
synth_2275,157
synth_2268,157
synth_2270,157
synth_2276,157
synth_2274,157
synth_2269,157
synth_2273,157
synth_2286,156
synth_2283,156
synth_2280,156
synth_2281,156
synth_2282,156
synth_2285,156
synth_2277,156
synth_2278,156
synth_2284,156
synth_2279,156
synth_2289,155
synth_2291,155
synth_2294,155
synth_2292,155
synth_2290,155
synth_2288,155
synth_2287,155
synth_2293,155
synth_2295,155
synth_2297,154
synth_2304,154
synth_2301,154
synth_2299,154
synth_2302,154
synth_2300,154
synth_2305,154
synth_2296,154
synth_2298,154
synth_2303,154
synth_2312,153
synth_2310,153
synth_2309,153
synth_2308,153
synth_2311,153
synth_2313,153
synth_2306,153
synth_2315,153
synth_2314,153
synth_2307,153
synth_2323,152
synth_2318,152
synth_2321,152
synth_2316,152
synth_2325,152
synth_2326,152
synth_2322,152
synth_2317,152
synth_2324,152
synth_2319,152
synth_2320,152
synth_2329,151
synth_2330,151
synth_2327,151
synth_2335,151
synth_2332,151
synth_2328,151
synth_2331,151
synth_2333,151
synth_2336,151
synth_2334,151
synth_2344,150
synth_2338,150
synth_2346,150
synth_2345,150
synth_2343,150
synth_2337,150
synth_2341,150
synth_2342,150
synth_2339,150
synth_2340,150
synth_2356,149
synth_2351,149
synth_2347,149
synth_2355,149
synth_2348,149
synth_2352,149
synth_2354,149
synth_2357,149
synth_2350,149
synth_2349,149
synth_2353,149
synth_2359,148
synth_2361,148
synth_2364,148
synth_2358,148
synth_2366,148
synth_2362,148
synth_2360,148
synth_2363,148
synth_2367,148
synth_2365,148
synth_2378,147
synth_2373,147
synth_2370,147
synth_2372,147
synth_2369,147
synth_2374,147
synth_2376,147
synth_2377,147
synth_2368,147
synth_2371,147
synth_2375,147
synth_2381,146
synth_2383,146
synth_2385,146
synth_2382,146
synth_2379,146
synth_2389,146
synth_2386,146
synth_2387,146
synth_2388,146
synth_2384,146
synth_2380,146
synth_2391,145
synth_2395,145
synth_2392,145
synth_2390,145
synth_2399,145
synth_2397,145
synth_2394,145
synth_2396,145
synth_2398,145
synth_2400,145
synth_2393,145
synth_2405,144
synth_2402,144
synth_2406,144
synth_2411,144
synth_2410,144
synth_2408,144
synth_2407,144
synth_2404,144
synth_2401,144
synth_2403,144
synth_2409,144
synth_2415,143
synth_2419,143
synth_2420,143
synth_2413,143
synth_2423,143
synth_2417,143
synth_2422,143
synth_2418,143
synth_2416,143
synth_2414,143
synth_2412,143
synth_2421,143
synth_2430,142
synth_2433,142
synth_2432,142
synth_2428,142
synth_2434,142
synth_2426,142
synth_2427,142
synth_2424,142
synth_2425,142
synth_2429,142
synth_2431,142
synth_2436,141
synth_2435,141
synth_2445,141
synth_2440,141
synth_2437,141
synth_2442,141
synth_2443,141
synth_2444,141
synth_2439,141
synth_2441,141
synth_2438,141
synth_2448,140
synth_2453,140
synth_2449,140
synth_2446,140
synth_2451,140
synth_2452,140
synth_2457,140
synth_2454,140
synth_2447,140
synth_2450,140
synth_2455,140
synth_2456,140
synth_2462,139
synth_2469,139
synth_2460,139
synth_2468,139
synth_2458,139
synth_2467,139
synth_2464,139
synth_2466,139
synth_2461,139
synth_2465,139
synth_2459,139
synth_2463,139
synth_2481,138
synth_2478,138
synth_2470,138
synth_2471,138
synth_2480,138
synth_2476,138
synth_2479,138
synth_2474,138
synth_2473,138
synth_2477,138
synth_2475,138
synth_2472,138
synth_2484,137
synth_2483,137
synth_2488,137
synth_2487,137
synth_2489,137
synth_2490,137
synth_2492,137
synth_2491,137
synth_2482,137
synth_2485,137
synth_2493,137
synth_2486,137
synth_2503,136
synth_2504,136
synth_2496,136
synth_2494,136
synth_2500,136
synth_2505,136
synth_2501,136
synth_2497,136
synth_2499,136
synth_2502,136
synth_2495,136
synth_2498,136
synth_2511,135
synth_2507,135
synth_2510,135
synth_2514,135
synth_2509,135
synth_2517,135
synth_2513,135
synth_2512,135
synth_2518,135
synth_2516,135
synth_2506,135
synth_2515,135
synth_2508,135
synth_2526,134
synth_2529,134
synth_2525,134
synth_2527,134
synth_2520,134
synth_2522,134
synth_2521,134
synth_2524,134
synth_2523,134
synth_2530,134
synth_2528,134
synth_2519,134
synth_2540,133
synth_2532,133
synth_2534,133
synth_2542,133
synth_2538,133
synth_2535,133
synth_2539,133
synth_2541,133
synth_2537,133
synth_2531,133
synth_2533,133
synth_2543,133
synth_2536,133
synth_2556,132
synth_2552,132
synth_2553,132
synth_2546,132
synth_2549,132
synth_2548,132
synth_2554,132
synth_2544,132
synth_2551,132
synth_2550,132
synth_2547,132
synth_2555,132
synth_2545,132
synth_2561,131
synth_2568,131
synth_2560,131
synth_2557,131
synth_2562,131
synth_2567,131
synth_2563,131
synth_2566,131
synth_2558,131
synth_2569,131
synth_2559,131
synth_2564,131
synth_2565,131
synth_2572,130
synth_2581,130
synth_2577,130
synth_2571,130
synth_2582,130
synth_2574,130
synth_2575,130
synth_2580,130
synth_2573,130
synth_2576,130
synth_2570,130
synth_2578,130
synth_2579,130
synth_2585,129
synth_2587,129
synth_2591,129
synth_2595,129
synth_2592,129
synth_2584,129
synth_2590,129
synth_2594,129
synth_2588,129
synth_2583,129
synth_2586,129
synth_2589,129
synth_2593,129
synth_2604,128
synth_2605,128
synth_2602,128
synth_2597,128
synth_2598,128
synth_2606,128
synth_2596,128
synth_2600,128
synth_2603,128
synth_2607,128
synth_2609,128
synth_2599,128
synth_2601,128
synth_2608,128
synth_2619,127
synth_2613,127
synth_2617,127
synth_2616,127
synth_2620,127
synth_2615,127
synth_2612,127
synth_2622,127
synth_2618,127
synth_2610,127
synth_2621,127
synth_2614,127
synth_2623,127
synth_2611,127
synth_2628,126
synth_2632,126
synth_2631,126
synth_2625,126
synth_2630,126
synth_2626,126
synth_2635,126
synth_2637,126
synth_2636,126
synth_2633,126
synth_2624,126
synth_2629,126
synth_2634,126
synth_2627,126
synth_2646,125
synth_2647,125
synth_2651,125
synth_2642,125
synth_2638,125
synth_2643,125
synth_2644,125
synth_2640,125
synth_2645,125
synth_2648,125
synth_2650,125
synth_2649,125
synth_2641,125
synth_2639,125
synth_2665,124
synth_2657,124
synth_2661,124
synth_2662,124
synth_2656,124
synth_2652,124
synth_2653,124
synth_2658,124
synth_2660,124
synth_2659,124
synth_2664,124
synth_2655,124
synth_2663,124
synth_2654,124
synth_2672,123
synth_2673,123
synth_2678,123
synth_2671,123
synth_2676,123
synth_2670,123
synth_2675,123
synth_2674,123
synth_2667,123
synth_2666,123
synth_2680,123
synth_2669,123
synth_2668,123
synth_2679,123
synth_2677,123
synth_2684,122
synth_2688,122
synth_2682,122
synth_2689,122
synth_2692,122
synth_2693,122
synth_2685,122
synth_2687,122
synth_2686,122
synth_2681,122
synth_2683,122
synth_2690,122
synth_2691,122
synth_2694,122
synth_2701,121
synth_2697,121
synth_2704,121
synth_2706,121
synth_2709,121
synth_2698,121
synth_2696,121
synth_2695,121
synth_2708,121
synth_2707,121
synth_2705,121
synth_2699,121
synth_2703,121
synth_2702,121
synth_2700,121
synth_2723,120
synth_2711,120
synth_2719,120
synth_2718,120
synth_2724,120
synth_2716,120
synth_2710,120
synth_2717,120
synth_2714,120
synth_2721,120
synth_2715,120
synth_2722,120
synth_2720,120
synth_2712,120
synth_2713,120
synth_2726,119
synth_2734,119
synth_2738,119
synth_2728,119
synth_2731,119
synth_2729,119
synth_2727,119
synth_2735,119
synth_2739,119
synth_2736,119
synth_2733,119
synth_2725,119
synth_2732,119
synth_2740,119
synth_2737,119
synth_2730,119
synth_2748,118
synth_2755,118
synth_2742,118
synth_2750,118
synth_2746,118
synth_2749,118
synth_2754,118
synth_2743,118
synth_2747,118
synth_2744,118
synth_2753,118
synth_2745,118
synth_2752,118
synth_2751,118
synth_2741,118
synth_2766,117
synth_2761,117
synth_2762,117
synth_2764,117
synth_2765,117
synth_2769,117
synth_2759,117
synth_2763,117
synth_2767,117
synth_2758,117
synth_2771,117
synth_2768,117
synth_2760,117
synth_2757,117
synth_2756,117
synth_2770,117
synth_2783,116
synth_2775,116
synth_2776,116
synth_2777,116
synth_2773,116
synth_2774,116
synth_2786,116
synth_2781,116
synth_2782,116
synth_2779,116
synth_2785,116
synth_2787,116
synth_2784,116
synth_2772,116
synth_2778,116
synth_2780,116
synth_2789,115
synth_2793,115
synth_2791,115
synth_2801,115
synth_2796,115
synth_2797,115
synth_2788,115
synth_2794,115
synth_2798,115
synth_2802,115
synth_2803,115
synth_2800,115
synth_2799,115
synth_2792,115
synth_2790,115
synth_2795,115
synth_2819,114
synth_2806,114
synth_2816,114
synth_2810,114
synth_2805,114
synth_2817,114
synth_2812,114
synth_2815,114
synth_2813,114
synth_2808,114
synth_2818,114
synth_2807,114
synth_2809,114
synth_2814,114
synth_2804,114
synth_2811,114
synth_2830,113
synth_2825,113
synth_2824,113
synth_2833,113
synth_2828,113
synth_2822,113
synth_2834,113
synth_2821,113
synth_2823,113
synth_2826,113
synth_2831,113
synth_2832,113
synth_2836,113
synth_2829,113
synth_2820,113
synth_2827,113
synth_2835,113
synth_2849,112
synth_2844,112
synth_2843,112
synth_2848,112
synth_2853,112
synth_2842,112
synth_2851,112
synth_2838,112
synth_2852,112
synth_2840,112
synth_2847,112
synth_2841,112
synth_2839,112
synth_2837,112
synth_2846,112
synth_2850,112
synth_2845,112
synth_2870,111
synth_2860,111
synth_2866,111
synth_2856,111
synth_2854,111
synth_2865,111
synth_2857,111
synth_2862,111
synth_2868,111
synth_2858,111
synth_2859,111
synth_2855,111
synth_2863,111
synth_2867,111
synth_2869,111
synth_2861,111
synth_2864,111
synth_2875,110
synth_2872,110
synth_2884,110
synth_2879,110
synth_2874,110
synth_2883,110
synth_2876,110
synth_2887,110
synth_2888,110
synth_2878,110
synth_2873,110
synth_2881,110
synth_2871,110
synth_2882,110
synth_2877,110
synth_2885,110
synth_2886,110
synth_2880,110
synth_2897,109
synth_2893,109
synth_2889,109
synth_2899,109
synth_2901,109
synth_2900,109
synth_2905,109
synth_2890,109
synth_2896,109
synth_2898,109
synth_2903,109
synth_2902,109
synth_2894,109
synth_2904,109
synth_2895,109
synth_2891,109
synth_2892,109
synth_2918,108
synth_2921,108
synth_2922,108
synth_2916,108
synth_2919,108
synth_2917,108
synth_2920,108
synth_2915,108
synth_2912,108
synth_2908,108
synth_2911,108
synth_2909,108
synth_2923,108
synth_2910,108
synth_2907,108
synth_2906,108
synth_2914,108
synth_2913,108
synth_2932,107
synth_2925,107
synth_2927,107
synth_2933,107
synth_2942,107
synth_2931,107
synth_2930,107
synth_2929,107
synth_2941,107
synth_2937,107
synth_2940,107
synth_2936,107
synth_2928,107
synth_2935,107
synth_2926,107
synth_2934,107
synth_2939,107
synth_2938,107
synth_2924,107
synth_2955,106
synth_2945,106
synth_2947,106
synth_2954,106
synth_2950,106
synth_2953,106
synth_2951,106
synth_2958,106
synth_2949,106
synth_2943,106
synth_2946,106
synth_2959,106
synth_2944,106
synth_2956,106
synth_2952,106
synth_2960,106
synth_2948,106
synth_2957,106
synth_2977,105
synth_2972,105
synth_2971,105
synth_2968,105
synth_2978,105
synth_2975,105
synth_2973,105
synth_2962,105
synth_2976,105
synth_2963,105
synth_2964,105
synth_2979,105
synth_2966,105
synth_2974,105
synth_2961,105
synth_2970,105
synth_2965,105
synth_2967,105
synth_2969,105
synth_2998,104
synth_2983,104
synth_2996,104
synth_2989,104
synth_2992,104
synth_2994,104
synth_2997,104
synth_2985,104
synth_2990,104
synth_2981,104
synth_2991,104
synth_2986,104
synth_2993,104
synth_2995,104
synth_2982,104
synth_2984,104
synth_2987,104
synth_2980,104
synth_2988,104
synth_3006,103
synth_3018,103
synth_3013,103
synth_3014,103
synth_3016,103
synth_3002,103
synth_2999,103
synth_3000,103
synth_3017,103
synth_3001,103
synth_3015,103
synth_3012,103
synth_3004,103
synth_3005,103
synth_3009,103
synth_3010,103
synth_3007,103
synth_3011,103
synth_3003,103
synth_3008,103
synth_3038,102
synth_3026,102
synth_3027,102
synth_3022,102
synth_3028,102
synth_3036,102
synth_3024,102
synth_3033,102
synth_3034,102
synth_3037,102
synth_3032,102
synth_3021,102
synth_3030,102
synth_3025,102
synth_3031,102
synth_3019,102
synth_3029,102
synth_3023,102
synth_3020,102
synth_3035,102
synth_3047,101
synth_3045,101
synth_3044,101
synth_3050,101
synth_3049,101
synth_3055,101
synth_3058,101
synth_3057,101
synth_3051,101
synth_3039,101
synth_3048,101
synth_3041,101
synth_3054,101
synth_3040,101
synth_3043,101
synth_3056,101
synth_3052,101
synth_3053,101
synth_3042,101
synth_3046,101
synth_3073,100
synth_3069,100
synth_3072,100
synth_3063,100
synth_3066,100
synth_3070,100
synth_3075,100
synth_3065,100
synth_3068,100
synth_3059,100
synth_3061,100
synth_3060,100
synth_3062,100
synth_3071,100
synth_3076,100
synth_3064,100
synth_3067,100
synth_3078,100
synth_3074,100
synth_3077,100
synth_3094,99
synth_3088,99
synth_3090,99
synth_3092,99
synth_3087,99
synth_3079,99
synth_3089,99
synth_3080,99
synth_3096,99
synth_3085,99
synth_3098,99
synth_3082,99
synth_3091,99
synth_3099,99
synth_3081,99
synth_3095,99
synth_3084,99
synth_3086,99
synth_3093,99
synth_3083,99
synth_3097,99
synth_3120,98
synth_3102,98
synth_3116,98
synth_3100,98
synth_3118,98
synth_3113,98
synth_3107,98
synth_3112,98
synth_3117,98
synth_3104,98
synth_3115,98
synth_3119,98
synth_3108,98
synth_3114,98
synth_3109,98
synth_3111,98
synth_3106,98
synth_3105,98
synth_3110,98
synth_3103,98
synth_3101,98
synth_3127,97
synth_3133,97
synth_3134,97
synth_3132,97
synth_3136,97
synth_3122,97
synth_3141,97
synth_3137,97
synth_3138,97
synth_3125,97
synth_3131,97
synth_3130,97
synth_3140,97
synth_3142,97
synth_3135,97
synth_3129,97
synth_3124,97
synth_3121,97
synth_3123,97
synth_3126,97
synth_3139,97
synth_3128,97
synth_3162,96
synth_3146,96
synth_3147,96
synth_3154,96
synth_3144,96
synth_3151,96
synth_3159,96
synth_3158,96
synth_3152,96
synth_3155,96
synth_3160,96
synth_3164,96
synth_3153,96
synth_3163,96
synth_3156,96
synth_3145,96
synth_3149,96
synth_3143,96
synth_3150,96
synth_3148,96
synth_3161,96
synth_3157,96
synth_3171,95
synth_3172,95
synth_3166,95
synth_3180,95
synth_3182,95
synth_3167,95
synth_3181,95
synth_3186,95
synth_3177,95
synth_3168,95
synth_3173,95
synth_3170,95
synth_3185,95
synth_3165,95
synth_3176,95
synth_3183,95
synth_3175,95
synth_3184,95
synth_3169,95
synth_3178,95
synth_3179,95
synth_3174,95
synth_3187,94
synth_3194,94
synth_3207,94
synth_3203,94
synth_3198,94
synth_3204,94
synth_3193,94
synth_3195,94
synth_3208,94
synth_3189,94
synth_3192,94
synth_3202,94
synth_3199,94
synth_3191,94
synth_3197,94
synth_3188,94
synth_3205,94
synth_3190,94
synth_3206,94
synth_3200,94
synth_3201,94
synth_3196,94
synth_3222,93
synth_3228,93
synth_3217,93
synth_3220,93
synth_3224,93
synth_3231,93
synth_3216,93
synth_3212,93
synth_3223,93
synth_3219,93
synth_3214,93
synth_3215,93
synth_3225,93
synth_3227,93
synth_3229,93
synth_3211,93
synth_3209,93
synth_3230,93
synth_3218,93
synth_3221,93
synth_3210,93
synth_3213,93
synth_3226,93
synth_3232,93
synth_3247,92
synth_3234,92
synth_3251,92
synth_3245,92
synth_3250,92
synth_3252,92
synth_3253,92
synth_3249,92
synth_3255,92
synth_3238,92
synth_3243,92
synth_3242,92
synth_3248,92
synth_3240,92
synth_3235,92
synth_3241,92
synth_3236,92
synth_3239,92
synth_3254,92
synth_3246,92
synth_3233,92
synth_3244,92
synth_3237,92
synth_3261,91
synth_3270,91
synth_3266,91
synth_3264,91
synth_3263,91
synth_3269,91
synth_3265,91
synth_3267,91
synth_3271,91
synth_3275,91
synth_3278,91
synth_3276,91
synth_3258,91
synth_3257,91
synth_3279,91
synth_3272,91
synth_3274,91
synth_3273,91
synth_3262,91
synth_3256,91
synth_3259,91
synth_3277,91
synth_3268,91
synth_3260,91
synth_3284,90
synth_3298,90
synth_3288,90
synth_3296,90
synth_3302,90
synth_3299,90
synth_3300,90
synth_3301,90
synth_3285,90
synth_3291,90
synth_3294,90
synth_3287,90
synth_3293,90
synth_3290,90
synth_3286,90
synth_3295,90
synth_3297,90
synth_3281,90
synth_3303,90
synth_3292,90
synth_3280,90
synth_3283,90
synth_3289,90
synth_3282,90
synth_3308,89
synth_3324,89
synth_3309,89
synth_3305,89
synth_3304,89
synth_3313,89
synth_3328,89
synth_3307,89
synth_3322,89
synth_3325,89
synth_3312,89
synth_3323,89
synth_3320,89
synth_3319,89
synth_3321,89
synth_3317,89
synth_3318,89
synth_3326,89
synth_3314,89
synth_3311,89
synth_3306,89
synth_3316,89
synth_3310,89
synth_3315,89
synth_3327,89
synth_3333,88
synth_3338,88
synth_3336,88
synth_3332,88
synth_3346,88
synth_3342,88
synth_3353,88
synth_3330,88
synth_3339,88
synth_3343,88
synth_3347,88
synth_3334,88
synth_3340,88
synth_3335,88
synth_3344,88
synth_3351,88
synth_3337,88
synth_3345,88
synth_3354,88
synth_3350,88
synth_3331,88
synth_3341,88
synth_3329,88
synth_3348,88
synth_3352,88
synth_3349,88
synth_3369,87
synth_3361,87
synth_3364,87
synth_3378,87
synth_3366,87
synth_3356,87
synth_3376,87
synth_3365,87
synth_3379,87
synth_3363,87
synth_3371,87
synth_3373,87
synth_3358,87
synth_3367,87
synth_3375,87
synth_3362,87
synth_3370,87
synth_3368,87
synth_3372,87
synth_3355,87
synth_3360,87
synth_3374,87
synth_3357,87
synth_3359,87
synth_3377,87
synth_3402,86
synth_3394,86
synth_3392,86
synth_3399,86
synth_3400,86
synth_3398,86
synth_3389,86
synth_3406,86
synth_3385,86
synth_3393,86
synth_3387,86
synth_3381,86
synth_3405,86
synth_3380,86
synth_3396,86
synth_3390,86
synth_3388,86
synth_3403,86
synth_3397,86
synth_3384,86
synth_3395,86
synth_3391,86
synth_3383,86
synth_3386,86
synth_3401,86
synth_3382,86
synth_3404,86
synth_3430,85
synth_3426,85
synth_3409,85
synth_3418,85
synth_3408,85
synth_3425,85
synth_3424,85
synth_3422,85
synth_3420,85
synth_3414,85
synth_3407,85
synth_3421,85
synth_3417,85
synth_3411,85
synth_3410,85
synth_3419,85
synth_3412,85
synth_3432,85
synth_3413,85
synth_3429,85
synth_3415,85
synth_3423,85
synth_3431,85
synth_3416,85
synth_3427,85
synth_3428,85
synth_3456,84
synth_3436,84
synth_3459,84
synth_3449,84
synth_3440,84
synth_3448,84
synth_3445,84
synth_3458,84
synth_3446,84
synth_3438,84
synth_3442,84
synth_3460,84
synth_3435,84
synth_3437,84
synth_3452,84
synth_3457,84
synth_3453,84
synth_3454,84
synth_3443,84
synth_3439,84
synth_3444,84
synth_3447,84
synth_3455,84
synth_3434,84
synth_3450,84
synth_3433,84
synth_3451,84
synth_3441,84
synth_3473,83
synth_3478,83
synth_3470,83
synth_3461,83
synth_3471,83
synth_3466,83
synth_3462,83
synth_3486,83
synth_3484,83
synth_3487,83
synth_3474,83
synth_3481,83
synth_3477,83
synth_3488,83
synth_3472,83
synth_3464,83
synth_3476,83
synth_3469,83
synth_3483,83
synth_3482,83
synth_3465,83
synth_3475,83
synth_3479,83
synth_3468,83
synth_3485,83
synth_3467,83
synth_3480,83
synth_3463,83
synth_3516,82
synth_3507,82
synth_3503,82
synth_3506,82
synth_3490,82
synth_3513,82
synth_3505,82
synth_3515,82
synth_3496,82
synth_3494,82
synth_3509,82
synth_3497,82
synth_3499,82
synth_3511,82
synth_3510,82
synth_3495,82
synth_3514,82
synth_3489,82
synth_3508,82
synth_3502,82
synth_3500,82
synth_3512,82
synth_3504,82
synth_3492,82
synth_3491,82
synth_3493,82
synth_3498,82
synth_3501,82
synth_3528,81
synth_3524,81
synth_3537,81
synth_3533,81
synth_3540,81
synth_3519,81
synth_3536,81
synth_3525,81
synth_3538,81
synth_3521,81
synth_3544,81
synth_3535,81
synth_3527,81
synth_3522,81
synth_3542,81
synth_3518,81
synth_3526,81
synth_3539,81
synth_3541,81
synth_3545,81
synth_3517,81
synth_3531,81
synth_3534,81
synth_3532,81
synth_3523,81
synth_3520,81
synth_3530,81
synth_3543,81
synth_3529,81
synth_3546,80
synth_3554,80
synth_3552,80
synth_3548,80
synth_3575,80
synth_3555,80
synth_3573,80
synth_3560,80
synth_3562,80
synth_3563,80
synth_3553,80
synth_3568,80
synth_3558,80
synth_3559,80
synth_3566,80
synth_3572,80
synth_3574,80
synth_3571,80
synth_3549,80
synth_3569,80
synth_3556,80
synth_3551,80
synth_3557,80
synth_3561,80
synth_3567,80
synth_3547,80
synth_3570,80
synth_3565,80
synth_3564,80
synth_3550,80
synth_3584,79
synth_3583,79
synth_3598,79
synth_3601,79
synth_3605,79
synth_3596,79
synth_3604,79
synth_3589,79
synth_3594,79
synth_3581,79
synth_3595,79
synth_3590,79
synth_3602,79
synth_3585,79
synth_3587,79
synth_3586,79
synth_3591,79
synth_3600,79
synth_3597,79
synth_3592,79
synth_3576,79
synth_3577,79
synth_3588,79
synth_3599,79
synth_3582,79
synth_3603,79
synth_3578,79
synth_3580,79
synth_3579,79
synth_3593,79
synth_3615,78
synth_3635,78
synth_3631,78
synth_3620,78
synth_3626,78
synth_3616,78
synth_3614,78
synth_3630,78
synth_3624,78
synth_3619,78
synth_3628,78
synth_3633,78
synth_3609,78
synth_3636,78
synth_3606,78
synth_3613,78
synth_3612,78
synth_3632,78
synth_3623,78
synth_3629,78
synth_3617,78
synth_3625,78
synth_3607,78
synth_3608,78
synth_3611,78
synth_3618,78
synth_3627,78
synth_3622,78
synth_3634,78
synth_3610,78
synth_3621,78
synth_3661,77
synth_3651,77
synth_3652,77
synth_3654,77
synth_3639,77
synth_3640,77
synth_3641,77
synth_3664,77
synth_3645,77
synth_3659,77
synth_3644,77
synth_3658,77
synth_3667,77
synth_3646,77
synth_3653,77
synth_3648,77
synth_3668,77
synth_3647,77
synth_3660,77
synth_3665,77
synth_3666,77
synth_3649,77
synth_3643,77
synth_3655,77
synth_3662,77
synth_3637,77
synth_3650,77
synth_3657,77
synth_3642,77
synth_3663,77
synth_3656,77
synth_3638,77
synth_3670,76
synth_3673,76
synth_3679,76
synth_3678,76
synth_3669,76
synth_3690,76
synth_3686,76
synth_3685,76
synth_3675,76
synth_3689,76
synth_3694,76
synth_3688,76
synth_3691,76
synth_3683,76
synth_3674,76
synth_3677,76
synth_3671,76
synth_3699,76
synth_3681,76
synth_3697,76
synth_3680,76
synth_3698,76
synth_3676,76
synth_3692,76
synth_3700,76
synth_3687,76
synth_3682,76
synth_3696,76
synth_3672,76
synth_3693,76
synth_3695,76
synth_3684,76
synth_3704,75
synth_3710,75
synth_3724,75
synth_3714,75
synth_3701,75
synth_3706,75
synth_3721,75
synth_3715,75
synth_3729,75
synth_3718,75
synth_3713,75
synth_3702,75
synth_3728,75
synth_3717,75
synth_3703,75
synth_3733,75
synth_3732,75
synth_3708,75
synth_3705,75
synth_3709,75
synth_3712,75
synth_3731,75
synth_3725,75
synth_3730,75
synth_3711,75
synth_3726,75
synth_3716,75
synth_3727,75
synth_3720,75
synth_3707,75
synth_3723,75
synth_3719,75
synth_3722,75
synth_3734,74
synth_3743,74
synth_3744,74
synth_3745,74
synth_3739,74
synth_3756,74
synth_3754,74
synth_3748,74
synth_3738,74
synth_3736,74
synth_3753,74
synth_3746,74
synth_3766,74
synth_3750,74
synth_3758,74
synth_3751,74
synth_3767,74
synth_3749,74
synth_3741,74
synth_3755,74
synth_3760,74
synth_3763,74
synth_3747,74
synth_3759,74
synth_3742,74
synth_3752,74
synth_3761,74
synth_3735,74
synth_3757,74
synth_3765,74
synth_3740,74
synth_3762,74
synth_3737,74
synth_3764,74
synth_3795,73
synth_3799,73
synth_3775,73
synth_3789,73
synth_3768,73
synth_3790,73
synth_3785,73
synth_3780,73
synth_3798,73
synth_3786,73
synth_3774,73
synth_3778,73
synth_3801,73
synth_3791,73
synth_3772,73
synth_3788,73
synth_3792,73
synth_3771,73
synth_3769,73
synth_3787,73
synth_3783,73
synth_3797,73
synth_3773,73
synth_3781,73
synth_3793,73
synth_3784,73
synth_3800,73
synth_3782,73
synth_3779,73
synth_3796,73
synth_3776,73
synth_3802,73
synth_3777,73
synth_3794,73
synth_3770,73
synth_3817,72
synth_3811,72
synth_3821,72
synth_3809,72
synth_3837,72
synth_3818,72
synth_3816,72
synth_3820,72
synth_3831,72
synth_3810,72
synth_3812,72
synth_3804,72
synth_3808,72
synth_3814,72
synth_3830,72
synth_3806,72
synth_3819,72
synth_3807,72
synth_3803,72
synth_3835,72
synth_3822,72
synth_3825,72
synth_3828,72
synth_3829,72
synth_3836,72
synth_3813,72
synth_3826,72
synth_3823,72
synth_3815,72
synth_3834,72
synth_3824,72
synth_3832,72
synth_3805,72
synth_3827,72
synth_3833,72
synth_3850,71
synth_3870,71
synth_3868,71
synth_3855,71
synth_3861,71
synth_3849,71
synth_3869,71
synth_3872,71
synth_3866,71
synth_3847,71
synth_3843,71
synth_3853,71
synth_3842,71
synth_3845,71
synth_3860,71
synth_3840,71
synth_3856,71
synth_3862,71
synth_3839,71
synth_3838,71
synth_3851,71
synth_3852,71
synth_3857,71
synth_3859,71
synth_3854,71
synth_3871,71
synth_3841,71
synth_3867,71
synth_3873,71
synth_3846,71
synth_3864,71
synth_3865,71
synth_3844,71
synth_3848,71
synth_3863,71
synth_3858,71
synth_3900,70
synth_3905,70
synth_3896,70
synth_3898,70
synth_3874,70
synth_3901,70
synth_3899,70
synth_3902,70
synth_3906,70
synth_3910,70
synth_3880,70
synth_3875,70
synth_3892,70
synth_3903,70
synth_3878,70
synth_3895,70
synth_3879,70
synth_3889,70
synth_3885,70
synth_3876,70
synth_3886,70
synth_3887,70
synth_3894,70
synth_3893,70
synth_3897,70
synth_3909,70
synth_3890,70
synth_3883,70
synth_3908,70
synth_3881,70
synth_3904,70
synth_3882,70
synth_3891,70
synth_3888,70
synth_3907,70
synth_3877,70
synth_3884,70
synth_3920,69
synth_3915,69
synth_3941,69
synth_3944,69
synth_3921,69
synth_3930,69
synth_3933,69
synth_3940,69
synth_3931,69
synth_3918,69
synth_3925,69
synth_3945,69
synth_3936,69
synth_3927,69
synth_3923,69
synth_3938,69
synth_3932,69
synth_3912,69
synth_3929,69
synth_3911,69
synth_3919,69
synth_3946,69
synth_3948,69
synth_3937,69
synth_3934,69
synth_3939,69
synth_3917,69
synth_3914,69
synth_3943,69
synth_3926,69
synth_3947,69
synth_3924,69
synth_3935,69
synth_3916,69
synth_3922,69
synth_3928,69
synth_3942,69
synth_3913,69
synth_3972,68
synth_3957,68
synth_3970,68
synth_3949,68
synth_3976,68
synth_3951,68
synth_3977,68
synth_3967,68
synth_3979,68
synth_3956,68
synth_3971,68
synth_3978,68
synth_3966,68
synth_3955,68
synth_3986,68
synth_3981,68
synth_3961,68
synth_3960,68
synth_3962,68
synth_3969,68
synth_3973,68
synth_3965,68
synth_3975,68
synth_3980,68
synth_3950,68
synth_3987,68
synth_3959,68
synth_3985,68
synth_3974,68
synth_3958,68
synth_3968,68
synth_3984,68
synth_3983,68
synth_3954,68
synth_3964,68
synth_3952,68
synth_3953,68
synth_3963,68
synth_3982,68
synth_3995,67
synth_4009,67
synth_4005,67
synth_4019,67
synth_3996,67
synth_4025,67
synth_4022,67
synth_4015,67
synth_3993,67
synth_3998,67
synth_4000,67
synth_4018,67
synth_4021,67
synth_3988,67
synth_4017,67
synth_4010,67
synth_4016,67
synth_4026,67
synth_3994,67
synth_4023,67
synth_3990,67
synth_3991,67
synth_3999,67
synth_4011,67
synth_4008,67
synth_4027,67
synth_4012,67
synth_3989,67
synth_4007,67
synth_3997,67
synth_3992,67
synth_4020,67
synth_4013,67
synth_4024,67
synth_4001,67
synth_4014,67
synth_4003,67
synth_4006,67
synth_4002,67
synth_4004,67
synth_4030,66
synth_4066,66
synth_4042,66
synth_4031,66
synth_4046,66
synth_4063,66
synth_4034,66
synth_4057,66
synth_4040,66
synth_4036,66
synth_4038,66
synth_4045,66
synth_4055,66
synth_4028,66
synth_4062,66
synth_4049,66
synth_4050,66
synth_4047,66
synth_4048,66
synth_4056,66
synth_4061,66
synth_4053,66
synth_4044,66
synth_4039,66
synth_4054,66
synth_4068,66
synth_4041,66
synth_4051,66
synth_4032,66
synth_4035,66
synth_4033,66
synth_4029,66
synth_4037,66
synth_4060,66
synth_4043,66
synth_4067,66
synth_4052,66
synth_4059,66
synth_4058,66
synth_4064,66
synth_4065,66
synth_4079,65
synth_4086,65
synth_4072,65
synth_4092,65
synth_4084,65
synth_4101,65
synth_4110,65
synth_4104,65
synth_4071,65
synth_4093,65
synth_4106,65
synth_4083,65
synth_4109,65
synth_4081,65
synth_4103,65
synth_4074,65
synth_4096,65
synth_4085,65
synth_4075,65
synth_4097,65
synth_4070,65
synth_4082,65
synth_4100,65
synth_4105,65
synth_4088,65
synth_4087,65
synth_4107,65
synth_4077,65
synth_4069,65
synth_4108,65
synth_4073,65
synth_4090,65
synth_4080,65
synth_4091,65
synth_4078,65
synth_4094,65
synth_4099,65
synth_4095,65
synth_4076,65
synth_4098,65
synth_4089,65
synth_4102,65
synth_4150,64
synth_4146,64
synth_4123,64
synth_4122,64
synth_4135,64
synth_4113,64
synth_4139,64
synth_4149,64
synth_4128,64
synth_4124,64
synth_4115,64
synth_4127,64
synth_4133,64
synth_4117,64
synth_4118,64
synth_4126,64
synth_4121,64
synth_4145,64
synth_4114,64
synth_4151,64
synth_4136,64
synth_4144,64
synth_4147,64
synth_4120,64
synth_4130,64
synth_4129,64
synth_4142,64
synth_4143,64
synth_4152,64
synth_4137,64
synth_4141,64
synth_4131,64
synth_4148,64
synth_4119,64
synth_4134,64
synth_4125,64
synth_4140,64
synth_4153,64
synth_4111,64
synth_4138,64
synth_4112,64
synth_4116,64
synth_4132,64
synth_4165,63
synth_4169,63
synth_4171,63
synth_4175,63
synth_4154,63
synth_4172,63
synth_4187,63
synth_4155,63
synth_4188,63
synth_4193,63
synth_4186,63
synth_4189,63
synth_4180,63
synth_4183,63
synth_4167,63
synth_4163,63
synth_4179,63
synth_4157,63
synth_4160,63
synth_4156,63
synth_4162,63
synth_4166,63
synth_4184,63
synth_4159,63
synth_4181,63
synth_4170,63
synth_4161,63
synth_4178,63
synth_4195,63
synth_4174,63
synth_4191,63
synth_4190,63
synth_4158,63
synth_4164,63
synth_4173,63
synth_4168,63
synth_4177,63
synth_4182,63
synth_4185,63
synth_4197,63
synth_4176,63
synth_4192,63
synth_4196,63
synth_4194,63
synth_4231,62
synth_4221,62
synth_4235,62
synth_4228,62
synth_4236,62
synth_4218,62
synth_4220,62
synth_4201,62
synth_4240,62
synth_4198,62
synth_4206,62
synth_4213,62
synth_4238,62
synth_4204,62
synth_4216,62
synth_4229,62
synth_4237,62
synth_4210,62
synth_4242,62
synth_4214,62
synth_4200,62
synth_4215,62
synth_4203,62
synth_4212,62
synth_4217,62
synth_4227,62
synth_4205,62
synth_4211,62
synth_4234,62
synth_4233,62
synth_4202,62
synth_4226,62
synth_4241,62
synth_4230,62
synth_4207,62
synth_4225,62
synth_4199,62
synth_4219,62
synth_4239,62
synth_4208,62
synth_4223,62
synth_4209,62
synth_4232,62
synth_4222,62
synth_4224,62
synth_4276,61
synth_4282,61
synth_4287,61
synth_4251,61
synth_4275,61
synth_4289,61
synth_4264,61
synth_4278,61
synth_4261,61
synth_4280,61
synth_4255,61
synth_4286,61
synth_4263,61
synth_4266,61
synth_4279,61
synth_4244,61
synth_4288,61
synth_4243,61
synth_4250,61
synth_4283,61
synth_4256,61
synth_4270,61
synth_4285,61
synth_4277,61
synth_4253,61
synth_4252,61
synth_4268,61
synth_4272,61
synth_4274,61
synth_4267,61
synth_4284,61
synth_4257,61
synth_4262,61
synth_4246,61
synth_4254,61
synth_4245,61
synth_4248,61
synth_4258,61
synth_4247,61
synth_4265,61
synth_4281,61
synth_4269,61
synth_4273,61
synth_4249,61
synth_4259,61
synth_4260,61
synth_4271,61
synth_4300,60
synth_4293,60
synth_4299,60
synth_4335,60
synth_4326,60
synth_4291,60
synth_4298,60
synth_4325,60
synth_4292,60
synth_4294,60
synth_4332,60
synth_4323,60
synth_4319,60
synth_4304,60
synth_4328,60
synth_4329,60
synth_4320,60
synth_4331,60
synth_4297,60
synth_4322,60
synth_4334,60
synth_4306,60
synth_4314,60
synth_4317,60
synth_4318,60
synth_4313,60
synth_4302,60
synth_4301,60
synth_4316,60
synth_4324,60
synth_4296,60
synth_4315,60
synth_4330,60
synth_4336,60
synth_4305,60
synth_4310,60
synth_4295,60
synth_4309,60
synth_4311,60
synth_4312,60
synth_4333,60
synth_4308,60
synth_4303,60
synth_4327,60
synth_4321,60
synth_4337,60
synth_4290,60
synth_4307,60
synth_4339,59
synth_4354,59
synth_4350,59
synth_4364,59
synth_4344,59
synth_4376,59
synth_4357,59
synth_4343,59
synth_4356,59
synth_4377,59
synth_4340,59
synth_4341,59
synth_4351,59
synth_4361,59
synth_4379,59
synth_4348,59
synth_4372,59
synth_4353,59
synth_4371,59
synth_4375,59
synth_4358,59
synth_4383,59
synth_4355,59
synth_4368,59
synth_4385,59
synth_4366,59
synth_4342,59
synth_4374,59
synth_4362,59
synth_4373,59
synth_4378,59
synth_4345,59
synth_4380,59
synth_4381,59
synth_4346,59
synth_4369,59
synth_4347,59
synth_4363,59
synth_4367,59
synth_4359,59
synth_4352,59
synth_4370,59
synth_4365,59
synth_4338,59
synth_4349,59
synth_4384,59
synth_4360,59
synth_4382,59
synth_4386,59
synth_4406,58
synth_4401,58
synth_4427,58
synth_4405,58
synth_4395,58
synth_4418,58
synth_4432,58
synth_4434,58
synth_4411,58
synth_4408,58
synth_4437,58
synth_4425,58
synth_4416,58
synth_4433,58
synth_4400,58
synth_4428,58
synth_4393,58
synth_4429,58
synth_4388,58
synth_4397,58
synth_4431,58
synth_4436,58
synth_4399,58
synth_4403,58
synth_4417,58
synth_4430,58
synth_4404,58
synth_4419,58
synth_4392,58
synth_4426,58
synth_4415,58
synth_4422,58
synth_4424,58
synth_4420,58
synth_4389,58
synth_4390,58
synth_4402,58
synth_4435,58
synth_4423,58
synth_4413,58
synth_4410,58
synth_4391,58
synth_4412,58
synth_4396,58
synth_4398,58
synth_4387,58
synth_4421,58
synth_4394,58
synth_4409,58
synth_4407,58
synth_4414,58
synth_4450,57
synth_4463,57
synth_4482,57
synth_4469,57
synth_4447,57
synth_4459,57
synth_4440,57
synth_4478,57
synth_4457,57
synth_4471,57
synth_4464,57
synth_4454,57
synth_4474,57
synth_4460,57
synth_4448,57
synth_4480,57
synth_4476,57
synth_4439,57
synth_4452,57
synth_4458,57
synth_4488,57
synth_4438,57
synth_4473,57
synth_4453,57
synth_4479,57
synth_4487,57
synth_4446,57
synth_4468,57
synth_4466,57
synth_4489,57
synth_4461,57
synth_4470,57
synth_4449,57
synth_4451,57
synth_4455,57
synth_4484,57
synth_4472,57
synth_4444,57
synth_4477,57
synth_4485,57
synth_4445,57
synth_4475,57
synth_4443,57
synth_4456,57
synth_4441,57
synth_4462,57
synth_4483,57
synth_4442,57
synth_4467,57
synth_4486,57
synth_4465,57
synth_4481,57
synth_4514,56
synth_4522,56
synth_4524,56
synth_4528,56
synth_4527,56
synth_4523,56
synth_4535,56
synth_4518,56
synth_4534,56
synth_4531,56
synth_4532,56
synth_4520,56
synth_4495,56
synth_4521,56
synth_4536,56
synth_4501,56
synth_4496,56
synth_4499,56
synth_4508,56
synth_4519,56
synth_4500,56
synth_4513,56
synth_4533,56
synth_4517,56
synth_4502,56
synth_4509,56
synth_4511,56
synth_4530,56
synth_4515,56
synth_4543,56
synth_4497,56
synth_4539,56
synth_4541,56
synth_4492,56
synth_4503,56
synth_4526,56
synth_4512,56
synth_4525,56
synth_4493,56
synth_4540,56
synth_4505,56
synth_4538,56
synth_4507,56
synth_4529,56
synth_4516,56
synth_4510,56
synth_4542,56
synth_4490,56
synth_4537,56
synth_4491,56
synth_4498,56
synth_4494,56
synth_4504,56
synth_4506,56
synth_4559,55
synth_4583,55
synth_4568,55
synth_4580,55
synth_4547,55
synth_4550,55
synth_4571,55
synth_4552,55
synth_4551,55
synth_4563,55
synth_4581,55
synth_4561,55
synth_4593,55
synth_4553,55
synth_4594,55
synth_4555,55
synth_4587,55
synth_4566,55
synth_4576,55
synth_4585,55
synth_4591,55
synth_4565,55
synth_4558,55
synth_4569,55
synth_4588,55
synth_4567,55
synth_4589,55
synth_4549,55
synth_4586,55
synth_4560,55
synth_4572,55
synth_4590,55
synth_4556,55
synth_4574,55
synth_4564,55
synth_4573,55
synth_4548,55
synth_4584,55
synth_4545,55
synth_4544,55
synth_4595,55
synth_4598,55
synth_4557,55
synth_4546,55
synth_4582,55
synth_4575,55
synth_4578,55
synth_4554,55
synth_4577,55
synth_4579,55
synth_4597,55
synth_4570,55
synth_4592,55
synth_4562,55
synth_4596,55
synth_4606,54
synth_4602,54
synth_4644,54
synth_4649,54
synth_4653,54
synth_4629,54
synth_4654,54
synth_4642,54
synth_4613,54
synth_4616,54
synth_4631,54
synth_4628,54
synth_4608,54
synth_4635,54
synth_4643,54
synth_4636,54
synth_4632,54
synth_4603,54
synth_4623,54
synth_4615,54
synth_4639,54
synth_4640,54
synth_4641,54
synth_4611,54
synth_4634,54
synth_4621,54
synth_4609,54
synth_4652,54
synth_4620,54
synth_4601,54
synth_4630,54
synth_4622,54
synth_4637,54
synth_4614,54
synth_4646,54
synth_4647,54
synth_4626,54
synth_4607,54
synth_4604,54
synth_4610,54
synth_4617,54
synth_4648,54
synth_4625,54
synth_4650,54
synth_4612,54
synth_4600,54
synth_4624,54
synth_4618,54
synth_4619,54
synth_4638,54
synth_4645,54
synth_4651,54
synth_4633,54
synth_4599,54
synth_4627,54
synth_4605,54
synth_4655,54
synth_4708,53
synth_4689,53
synth_4665,53
synth_4692,53
synth_4663,53
synth_4671,53
synth_4676,53
synth_4701,53
synth_4700,53
synth_4702,53
synth_4698,53
synth_4690,53
synth_4714,53
synth_4673,53
synth_4657,53
synth_4664,53
synth_4710,53
synth_4656,53
synth_4670,53
synth_4712,53
synth_4696,53
synth_4686,53
synth_4697,53
synth_4705,53
synth_4703,53
synth_4691,53
synth_4662,53
synth_4661,53
synth_4679,53
synth_4709,53
synth_4711,53
synth_4706,53
synth_4695,53
synth_4667,53
synth_4707,53
synth_4680,53
synth_4683,53
synth_4677,53
synth_4675,53
synth_4688,53
synth_4704,53
synth_4682,53
synth_4685,53
synth_4699,53
synth_4687,53
synth_4658,53
synth_4666,53
synth_4684,53
synth_4713,53
synth_4669,53
synth_4668,53
synth_4694,53
synth_4672,53
synth_4660,53
synth_4681,53
synth_4674,53
synth_4678,53
synth_4693,53
synth_4659,53
synth_4741,52
synth_4773,52
synth_4770,52
synth_4756,52
synth_4771,52
synth_4737,52
synth_4742,52
synth_4723,52
synth_4716,52
synth_4762,52
synth_4740,52
synth_4725,52
synth_4749,52
synth_4748,52
synth_4722,52
synth_4774,52
synth_4715,52
synth_4738,52
synth_4747,52
synth_4768,52
synth_4718,52
synth_4769,52
synth_4753,52
synth_4766,52
synth_4719,52
synth_4732,52
synth_4743,52
synth_4733,52
synth_4730,52
synth_4763,52
synth_4726,52
synth_4759,52
synth_4739,52
synth_4755,52
synth_4761,52
synth_4760,52
synth_4765,52
synth_4717,52
synth_4757,52
synth_4721,52
synth_4735,52
synth_4724,52
synth_4764,52
synth_4720,52
synth_4746,52
synth_4754,52
synth_4736,52
synth_4772,52
synth_4727,52
synth_4731,52
synth_4728,52
synth_4767,52
synth_4758,52
synth_4745,52
synth_4775,52
synth_4734,52
synth_4744,52
synth_4729,52
synth_4750,52
synth_4752,52
synth_4751,52
synth_4799,51
synth_4823,51
synth_4813,51
synth_4818,51
synth_4824,51
synth_4816,51
synth_4810,51
synth_4811,51
synth_4827,51
synth_4778,51
synth_4837,51
synth_4838,51
synth_4817,51
synth_4820,51
synth_4791,51
synth_4826,51
synth_4782,51
synth_4798,51
synth_4812,51
synth_4832,51
synth_4821,51
synth_4822,51
synth_4807,51
synth_4808,51
synth_4806,51
synth_4836,51
synth_4787,51
synth_4800,51
synth_4786,51
synth_4835,51
synth_4804,51
synth_4815,51
synth_4781,51
synth_4784,51
synth_4777,51
synth_4795,51
synth_4793,51
synth_4814,51
synth_4788,51
synth_4829,51
synth_4828,51
synth_4801,51
synth_4776,51
synth_4805,51
synth_4830,51
synth_4809,51
synth_4779,51
synth_4803,51
synth_4825,51
synth_4785,51
synth_4819,51
synth_4796,51
synth_4802,51
synth_4783,51
synth_4790,51
synth_4792,51
synth_4794,51
synth_4780,51
synth_4831,51
synth_4834,51
synth_4789,51
synth_4797,51
synth_4833,51
synth_4843,50
synth_4867,50
synth_4889,50
synth_4853,50
synth_4876,50
synth_4859,50
synth_4881,50
synth_4868,50
synth_4845,50
synth_4865,50
synth_4842,50
synth_4874,50
synth_4852,50
synth_4870,50
synth_4901,50
synth_4846,50
synth_4861,50
synth_4863,50
synth_4883,50
synth_4844,50
synth_4858,50
synth_4902,50
synth_4879,50
synth_4856,50
synth_4894,50
synth_4854,50
synth_4841,50
synth_4851,50
synth_4898,50
synth_4892,50
synth_4903,50
synth_4896,50
synth_4886,50
synth_4857,50
synth_4882,50
synth_4848,50
synth_4884,50
synth_4875,50
synth_4840,50
synth_4869,50
synth_4847,50
synth_4899,50
synth_4862,50
synth_4849,50
synth_4891,50
synth_4878,50
synth_4864,50
synth_4850,50
synth_4839,50
synth_4893,50
synth_4897,50
synth_4873,50
synth_4888,50
synth_4877,50
synth_4900,50
synth_4866,50
synth_4887,50
synth_4890,50
synth_4855,50
synth_4895,50
synth_4880,50
synth_4872,50
synth_4885,50
synth_4860,50
synth_4871,50
synth_4928,49
synth_4937,49
synth_4947,49
synth_4962,49
synth_4946,49
synth_4911,49
synth_4919,49
synth_4929,49
synth_4948,49
synth_4952,49
synth_4967,49
synth_4949,49
synth_4918,49
synth_4922,49
synth_4908,49
synth_4950,49
synth_4907,49
synth_4958,49
synth_4913,49
synth_4944,49
synth_4917,49
synth_4905,49
synth_4945,49
synth_4961,49
synth_4953,49
synth_4966,49
synth_4932,49
synth_4914,49
synth_4941,49
synth_4963,49
synth_4943,49
synth_4960,49
synth_4934,49
synth_4921,49
synth_4927,49
synth_4925,49
synth_4930,49
synth_4910,49
synth_4956,49
synth_4957,49
synth_4942,49
synth_4964,49
synth_4933,49
synth_4915,49
synth_4909,49
synth_4954,49
synth_4912,49
synth_4970,49
synth_4968,49
synth_4906,49
synth_4923,49
synth_4955,49
synth_4924,49
synth_4935,49
synth_4938,49
synth_4959,49
synth_4916,49
synth_4940,49
synth_4926,49
synth_4939,49
synth_4965,49
synth_4936,49
synth_4951,49
synth_4920,49
synth_4904,49
synth_4931,49
synth_4969,49
synth_5010,48
synth_5038,48
synth_5000,48
synth_5017,48
synth_5003,48
synth_5006,48
synth_5009,48
synth_5011,48
synth_4987,48
synth_5030,48
synth_4998,48
synth_4988,48
synth_4989,48
synth_5024,48
synth_4977,48
synth_5027,48
synth_5025,48
synth_5004,48
synth_5039,48
synth_5035,48
synth_4986,48
synth_5018,48
synth_5036,48
synth_5031,48
synth_4997,48
synth_5016,48
synth_4985,48
synth_5002,48
synth_4972,48
synth_5007,48
synth_4975,48
synth_5015,48
synth_4976,48
synth_4996,48
synth_4978,48
synth_4983,48
synth_5032,48
synth_4992,48
synth_4993,48
synth_4981,48
synth_5023,48
synth_5037,48
synth_5021,48
synth_5012,48
synth_4982,48
synth_5001,48
synth_5033,48
synth_5019,48
synth_5022,48
synth_5029,48
synth_5020,48
synth_4971,48
synth_5040,48
synth_5026,48
synth_5034,48
synth_4990,48
synth_4991,48
synth_5014,48
synth_4980,48
synth_5008,48
synth_4999,48
synth_4994,48
synth_4979,48
synth_5005,48
synth_4984,48
synth_5028,48
synth_4995,48
synth_4974,48
synth_4973,48
synth_5013,48
synth_5049,47
synth_5089,47
synth_5052,47
synth_5072,47
synth_5064,47
synth_5105,47
synth_5069,47
synth_5087,47
synth_5044,47
synth_5073,47
synth_5091,47
synth_5101,47
synth_5042,47
synth_5070,47
synth_5074,47
synth_5097,47
synth_5109,47
synth_5055,47
synth_5065,47
synth_5090,47
synth_5088,47
synth_5054,47
synth_5060,47
synth_5080,47
synth_5111,47
synth_5100,47
synth_5048,47
synth_5041,47
synth_5066,47
synth_5077,47
synth_5059,47
synth_5061,47
synth_5083,47
synth_5071,47
synth_5098,47
synth_5057,47
synth_5056,47
synth_5102,47
synth_5092,47
synth_5093,47
synth_5094,47
synth_5108,47
synth_5043,47
synth_5067,47
synth_5095,47
synth_5047,47
synth_5078,47
synth_5045,47
synth_5058,47
synth_5086,47
synth_5046,47
synth_5079,47
synth_5082,47
synth_5051,47
synth_5053,47
synth_5084,47
synth_5063,47
synth_5099,47
synth_5085,47
synth_5076,47
synth_5103,47
synth_5050,47
synth_5096,47
synth_5062,47
synth_5107,47
synth_5106,47
synth_5110,47
synth_5068,47
synth_5112,47
synth_5104,47
synth_5075,47
synth_5081,47
synth_5147,46
synth_5116,46
synth_5169,46
synth_5136,46
synth_5144,46
synth_5166,46
synth_5183,46
synth_5113,46
synth_5119,46
synth_5174,46
synth_5124,46
synth_5122,46
synth_5170,46
synth_5138,46
synth_5115,46
synth_5154,46
synth_5167,46
synth_5180,46
synth_5161,46
synth_5172,46
synth_5123,46
synth_5171,46
synth_5137,46
synth_5184,46
synth_5151,46
synth_5175,46
synth_5177,46
synth_5143,46
synth_5150,46
synth_5159,46
synth_5117,46
synth_5179,46
synth_5134,46
synth_5173,46
synth_5131,46
synth_5140,46
synth_5142,46
synth_5130,46
synth_5126,46
synth_5149,46
synth_5176,46
synth_5156,46
synth_5120,46
synth_5153,46
synth_5165,46
synth_5178,46
synth_5141,46
synth_5127,46
synth_5157,46
synth_5185,46
synth_5168,46
synth_5158,46
synth_5160,46
synth_5148,46
synth_5152,46
synth_5114,46
synth_5155,46
synth_5182,46
synth_5162,46
synth_5133,46
synth_5139,46
synth_5146,46
synth_5135,46
synth_5163,46
synth_5164,46
synth_5128,46
synth_5145,46
synth_5186,46
synth_5132,46
synth_5181,46
synth_5129,46
synth_5125,46
synth_5118,46
synth_5121,46
synth_5227,45
synth_5215,45
synth_5197,45
synth_5243,45
synth_5248,45
synth_5189,45
synth_5256,45
synth_5209,45
synth_5262,45
synth_5245,45
synth_5191,45
synth_5220,45
synth_5229,45
synth_5225,45
synth_5216,45
synth_5208,45
synth_5260,45
synth_5219,45
synth_5222,45
synth_5199,45
synth_5203,45
synth_5261,45
synth_5218,45
synth_5200,45
synth_5250,45
synth_5253,45
synth_5241,45
synth_5242,45
synth_5201,45
synth_5264,45
synth_5217,45
synth_5224,45
synth_5236,45
synth_5239,45
synth_5233,45
synth_5255,45
synth_5244,45
synth_5258,45
synth_5238,45
synth_5211,45
synth_5205,45
synth_5207,45
synth_5228,45
synth_5257,45
synth_5193,45
synth_5196,45
synth_5230,45
synth_5249,45
synth_5221,45
synth_5213,45
synth_5212,45
synth_5202,45
synth_5246,45
synth_5190,45
synth_5198,45
synth_5231,45
synth_5210,45
synth_5188,45
synth_5251,45
synth_5214,45
synth_5254,45
synth_5232,45
synth_5247,45
synth_5204,45
synth_5194,45
synth_5226,45
synth_5235,45
synth_5206,45
synth_5223,45
synth_5192,45
synth_5263,45
synth_5187,45
synth_5259,45
synth_5237,45
synth_5240,45
synth_5252,45
synth_5234,45
synth_5195,45
synth_5267,44
synth_5316,44
synth_5310,44
synth_5290,44
synth_5299,44
synth_5273,44
synth_5309,44
synth_5289,44
synth_5339,44
synth_5287,44
synth_5284,44
synth_5291,44
synth_5323,44
synth_5298,44
synth_5278,44
synth_5303,44
synth_5272,44
synth_5270,44
synth_5306,44
synth_5286,44
synth_5311,44
synth_5329,44
synth_5265,44
synth_5344,44
synth_5314,44
synth_5320,44
synth_5337,44
synth_5322,44
synth_5279,44
synth_5304,44
synth_5313,44
synth_5332,44
synth_5331,44
synth_5336,44
synth_5271,44
synth_5268,44
synth_5283,44
synth_5341,44
synth_5343,44
synth_5293,44
synth_5333,44
synth_5300,44
synth_5275,44
synth_5340,44
synth_5325,44
synth_5318,44
synth_5307,44
synth_5342,44
synth_5335,44
synth_5330,44
synth_5277,44
synth_5317,44
synth_5285,44
synth_5319,44
synth_5326,44
synth_5305,44
synth_5281,44
synth_5334,44
synth_5282,44
synth_5288,44
synth_5292,44
synth_5324,44
synth_5274,44
synth_5276,44
synth_5312,44
synth_5308,44
synth_5269,44
synth_5301,44
synth_5315,44
synth_5321,44
synth_5327,44
synth_5295,44
synth_5266,44
synth_5294,44
synth_5297,44
synth_5280,44
synth_5296,44
synth_5328,44
synth_5302,44
synth_5338,44
synth_5412,43
synth_5355,43
synth_5345,43
synth_5362,43
synth_5392,43
synth_5354,43
synth_5384,43
synth_5353,43
synth_5371,43
synth_5413,43
synth_5365,43
synth_5408,43
synth_5357,43
synth_5367,43
synth_5426,43
synth_5425,43
synth_5388,43
synth_5387,43
synth_5348,43
synth_5377,43
synth_5356,43
synth_5360,43
synth_5397,43
synth_5381,43
synth_5383,43
synth_5372,43
synth_5351,43
synth_5363,43
synth_5391,43
synth_5393,43
synth_5423,43
synth_5346,43
synth_5380,43
synth_5358,43
synth_5375,43
synth_5366,43
synth_5428,43
synth_5400,43
synth_5385,43
synth_5417,43
synth_5420,43
synth_5418,43
synth_5403,43
synth_5364,43
synth_5389,43
synth_5378,43
synth_5390,43
synth_5414,43
synth_5398,43
synth_5402,43
synth_5415,43
synth_5404,43
synth_5382,43
synth_5369,43
synth_5379,43
synth_5419,43
synth_5405,43
synth_5376,43
synth_5409,43
synth_5394,43
synth_5350,43
synth_5427,43
synth_5374,43
synth_5422,43
synth_5349,43
synth_5370,43
synth_5416,43
synth_5368,43
synth_5373,43
synth_5424,43
synth_5401,43
synth_5359,43
synth_5406,43
synth_5411,43
synth_5361,43
synth_5352,43
synth_5407,43
synth_5421,43
synth_5395,43
synth_5347,43
synth_5410,43
synth_5399,43
synth_5396,43
synth_5386,43
synth_5431,42
synth_5508,42
synth_5469,42
synth_5452,42
synth_5453,42
synth_5463,42
synth_5447,42
synth_5474,42
synth_5448,42
synth_5440,42
synth_5449,42
synth_5504,42
synth_5434,42
synth_5500,42
synth_5502,42
synth_5491,42
synth_5493,42
synth_5473,42
synth_5495,42
synth_5442,42
synth_5456,42
synth_5505,42
synth_5498,42
synth_5509,42
synth_5451,42
synth_5481,42
synth_5497,42
synth_5432,42
synth_5466,42
synth_5472,42
synth_5482,42
synth_5450,42
synth_5465,42
synth_5478,42
synth_5435,42
synth_5441,42
synth_5479,42
synth_5470,42
synth_5443,42
synth_5487,42
synth_5468,42
synth_5439,42
synth_5461,42
synth_5506,42
synth_5455,42
synth_5467,42
synth_5507,42
synth_5464,42
synth_5430,42
synth_5475,42
synth_5476,42
synth_5483,42
synth_5485,42
synth_5444,42
synth_5510,42
synth_5454,42
synth_5480,42
synth_5496,42
synth_5489,42
synth_5490,42
synth_5460,42
synth_5436,42
synth_5462,42
synth_5457,42
synth_5433,42
synth_5499,42
synth_5503,42
synth_5438,42
synth_5492,42
synth_5494,42
synth_5459,42
synth_5486,42
synth_5446,42
synth_5511,42
synth_5458,42
synth_5477,42
synth_5471,42
synth_5484,42
synth_5488,42
synth_5512,42
synth_5429,42
synth_5501,42
synth_5513,42
synth_5445,42
synth_5514,42
synth_5437,42
synth_5570,41
synth_5552,41
synth_5550,41
synth_5543,41
synth_5536,41
synth_5515,41
synth_5583,41
synth_5594,41
synth_5592,41
synth_5525,41
synth_5562,41
synth_5527,41
synth_5589,41
synth_5532,41
synth_5519,41
synth_5605,41
synth_5591,41
synth_5603,41
synth_5577,41
synth_5542,41
synth_5535,41
synth_5557,41
synth_5568,41
synth_5516,41
synth_5584,41
synth_5534,41
synth_5597,41
synth_5518,41
synth_5569,41
synth_5571,41
synth_5529,41
synth_5593,41
synth_5561,41
synth_5556,41
synth_5587,41
synth_5564,41
synth_5601,41
synth_5545,41
synth_5551,41
synth_5522,41
synth_5523,41
synth_5581,41
synth_5517,41
synth_5541,41
synth_5582,41
synth_5586,41
synth_5526,41
synth_5533,41
synth_5540,41
synth_5520,41
synth_5558,41
synth_5580,41
synth_5572,41
synth_5566,41
synth_5539,41
synth_5576,41
synth_5579,41
synth_5531,41
synth_5599,41
synth_5575,41
synth_5600,41
synth_5548,41
synth_5559,41
synth_5598,41
synth_5554,41
synth_5563,41
synth_5547,41
synth_5578,41
synth_5524,41
synth_5549,41
synth_5546,41
synth_5585,41
synth_5565,41
synth_5530,41
synth_5553,41
synth_5588,41
synth_5604,41
synth_5521,41
synth_5544,41
synth_5596,41
synth_5595,41
synth_5573,41
synth_5560,41
synth_5590,41
synth_5567,41
synth_5602,41
synth_5537,41
synth_5528,41
synth_5555,41
synth_5574,41
synth_5538,41
synth_5628,40
synth_5681,40
synth_5634,40
synth_5644,40
synth_5660,40
synth_5670,40
synth_5666,40
synth_5654,40
synth_5633,40
synth_5665,40
synth_5672,40
synth_5613,40
synth_5606,40
synth_5638,40
synth_5612,40
synth_5641,40
synth_5647,40
synth_5636,40
synth_5662,40
synth_5624,40
synth_5646,40
synth_5689,40
synth_5678,40
synth_5611,40
synth_5671,40
synth_5629,40
synth_5625,40
synth_5687,40
synth_5698,40
synth_5661,40
synth_5683,40
synth_5656,40
synth_5663,40
synth_5655,40
synth_5615,40
synth_5618,40
synth_5621,40
synth_5630,40
synth_5635,40
synth_5623,40
synth_5694,40
synth_5622,40
synth_5679,40
synth_5632,40
synth_5645,40
synth_5684,40
synth_5616,40
synth_5667,40
synth_5675,40
synth_5680,40
synth_5699,40
synth_5609,40
synth_5650,40
synth_5626,40
synth_5668,40
synth_5673,40
synth_5657,40
synth_5674,40
synth_5686,40
synth_5649,40
synth_5659,40
synth_5617,40
synth_5642,40
synth_5696,40
synth_5631,40
synth_5614,40
synth_5652,40
synth_5677,40
synth_5607,40
synth_5610,40
synth_5653,40
synth_5669,40
synth_5640,40
synth_5685,40
synth_5697,40
synth_5692,40
synth_5664,40
synth_5651,40
synth_5648,40
synth_5643,40
synth_5639,40
synth_5691,40
synth_5676,40
synth_5619,40
synth_5695,40
synth_5690,40
synth_5682,40
synth_5693,40
synth_5688,40
synth_5608,40
synth_5620,40
synth_5627,40
synth_5637,40
synth_5658,40
synth_5746,39
synth_5752,39
synth_5715,39
synth_5725,39
synth_5709,39
synth_5700,39
synth_5724,39
synth_5726,39
synth_5780,39
synth_5729,39
synth_5760,39
synth_5782,39
synth_5730,39
synth_5795,39
synth_5776,39
synth_5703,39
synth_5788,39
synth_5766,39
synth_5706,39
synth_5716,39
synth_5739,39
synth_5731,39
synth_5751,39
synth_5732,39
synth_5735,39
synth_5756,39
synth_5785,39
synth_5740,39
synth_5759,39
synth_5794,39
synth_5713,39
synth_5754,39
synth_5787,39
synth_5758,39
synth_5736,39
synth_5738,39
synth_5728,39
synth_5793,39
synth_5791,39
synth_5761,39
synth_5705,39
synth_5757,39
synth_5701,39
synth_5777,39
synth_5749,39
synth_5790,39
synth_5774,39
synth_5737,39
synth_5770,39
synth_5772,39
synth_5755,39
synth_5773,39
synth_5708,39
synth_5764,39
synth_5767,39
synth_5711,39
synth_5792,39
synth_5718,39
synth_5721,39
synth_5762,39
synth_5779,39
synth_5781,39
synth_5722,39
synth_5745,39
synth_5743,39
synth_5786,39
synth_5768,39
synth_5742,39
synth_5769,39
synth_5710,39
synth_5702,39
synth_5733,39
synth_5719,39
synth_5734,39
synth_5748,39
synth_5796,39
synth_5720,39
synth_5753,39
synth_5789,39
synth_5744,39
synth_5717,39
synth_5727,39
synth_5747,39
synth_5763,39
synth_5714,39
synth_5707,39
synth_5765,39
synth_5741,39
synth_5712,39
synth_5775,39
synth_5704,39
synth_5723,39
synth_5771,39
synth_5784,39
synth_5783,39
synth_5797,39
synth_5750,39
synth_5778,39
synth_5849,38
synth_5832,38
synth_5867,38
synth_5837,38
synth_5839,38
synth_5889,38
synth_5868,38
synth_5869,38
synth_5851,38
synth_5833,38
synth_5848,38
synth_5825,38
synth_5805,38
synth_5835,38
synth_5876,38
synth_5899,38
synth_5883,38
synth_5894,38
synth_5809,38
synth_5878,38
synth_5812,38
synth_5897,38
synth_5836,38
synth_5875,38
synth_5840,38
synth_5828,38
synth_5819,38
synth_5838,38
synth_5900,38
synth_5803,38
synth_5830,38
synth_5882,38
synth_5844,38
synth_5820,38
synth_5893,38
synth_5860,38
synth_5862,38
synth_5859,38
synth_5885,38
synth_5866,38
synth_5799,38
synth_5854,38
synth_5895,38
synth_5846,38
synth_5886,38
synth_5810,38
synth_5874,38
synth_5815,38
synth_5852,38
synth_5800,38
synth_5816,38
synth_5861,38
synth_5880,38
synth_5853,38
synth_5823,38
synth_5811,38
synth_5817,38
synth_5857,38
synth_5872,38
synth_5884,38
synth_5814,38
synth_5831,38
synth_5842,38
synth_5865,38
synth_5890,38
synth_5892,38
synth_5896,38
synth_5856,38
synth_5873,38
synth_5877,38
synth_5845,38
synth_5841,38
synth_5879,38
synth_5847,38
synth_5824,38
synth_5887,38
synth_5864,38
synth_5870,38
synth_5843,38
synth_5798,38
synth_5834,38
synth_5891,38
synth_5850,38
synth_5881,38
synth_5813,38
synth_5858,38
synth_5888,38
synth_5807,38
synth_5855,38
synth_5802,38
synth_5808,38
synth_5871,38
synth_5801,38
synth_5827,38
synth_5806,38
synth_5822,38
synth_5804,38
synth_5863,38
synth_5818,38
synth_5826,38
synth_5898,38
synth_5821,38
synth_5829,38
synth_5961,37
synth_5904,37
synth_5990,37
synth_5910,37
synth_5933,37
synth_6000,37
synth_5989,37
synth_5946,37
synth_5941,37
synth_5949,37
synth_5931,37
synth_5945,37
synth_5913,37
synth_5958,37
synth_5919,37
synth_5922,37
synth_5975,37
synth_5963,37
synth_5952,37
synth_5991,37
synth_5950,37
synth_5939,37
synth_5954,37
synth_5940,37
synth_5994,37
synth_5912,37
synth_5966,37
synth_5918,37
synth_5973,37
synth_5980,37
synth_5917,37
synth_5934,37
synth_5962,37
synth_5937,37
synth_5985,37
synth_5956,37
synth_5960,37
synth_5972,37
synth_5982,37
synth_6005,37
synth_5911,37
synth_5948,37
synth_5967,37
synth_5957,37
synth_5924,37
synth_5907,37
synth_5932,37
synth_5929,37
synth_5984,37
synth_5930,37
synth_5953,37
synth_5974,37
synth_5993,37
synth_5981,37
synth_5976,37
synth_5979,37
synth_5938,37
synth_5996,37
synth_5908,37
synth_6006,37
synth_5943,37
synth_6003,37
synth_5921,37
synth_5923,37
synth_5928,37
synth_5902,37
synth_5947,37
synth_6007,37
synth_5925,37
synth_5944,37
synth_5983,37
synth_5995,37
synth_5999,37
synth_6004,37
synth_5935,37
synth_5906,37
synth_5997,37
synth_5914,37
synth_5969,37
synth_5927,37
synth_5977,37
synth_5971,37
synth_5965,37
synth_5986,37
synth_5955,37
synth_5926,37
synth_5959,37
synth_5942,37
synth_5964,37
synth_5920,37
synth_5998,37
synth_5903,37
synth_5915,37
synth_5936,37
synth_5905,37
synth_5970,37
synth_5916,37
synth_6001,37
synth_5909,37
synth_5951,37
synth_5901,37
synth_5978,37
synth_6002,37
synth_5988,37
synth_5992,37
synth_5968,37
synth_5987,37
synth_6076,36
synth_6092,36
synth_6043,36
synth_6091,36
synth_6027,36
synth_6096,36
synth_6028,36
synth_6019,36
synth_6074,36
synth_6114,36
synth_6011,36
synth_6051,36
synth_6098,36
synth_6084,36
synth_6037,36
synth_6068,36
synth_6060,36
synth_6082,36
synth_6055,36
synth_6081,36
synth_6117,36
synth_6042,36
synth_6120,36
synth_6030,36
synth_6094,36
synth_6056,36
synth_6018,36
synth_6025,36
synth_6039,36
synth_6087,36
synth_6107,36
synth_6045,36
synth_6009,36
synth_6111,36
synth_6064,36
synth_6035,36
synth_6099,36
synth_6053,36
synth_6040,36
synth_6026,36
synth_6059,36
synth_6113,36
synth_6110,36
synth_6075,36
synth_6008,36
synth_6020,36
synth_6063,36
synth_6016,36
synth_6115,36
synth_6118,36
synth_6077,36
synth_6105,36
synth_6116,36
synth_6033,36
synth_6103,36
synth_6044,36
synth_6034,36
synth_6014,36
synth_6024,36
synth_6078,36
synth_6088,36
synth_6104,36
synth_6071,36
synth_6023,36
synth_6058,36
synth_6086,36
synth_6052,36
synth_6080,36
synth_6049,36
synth_6036,36
synth_6065,36
synth_6070,36
synth_6047,36
synth_6062,36
synth_6046,36
synth_6097,36
synth_6089,36
synth_6119,36
synth_6112,36
synth_6017,36
synth_6021,36
synth_6032,36
synth_6015,36
synth_6031,36
synth_6022,36
synth_6057,36
synth_6066,36
synth_6010,36
synth_6090,36
synth_6079,36
synth_6029,36
synth_6093,36
synth_6041,36
synth_6073,36
synth_6061,36
synth_6067,36
synth_6038,36
synth_6100,36
synth_6085,36
synth_6101,36
synth_6013,36
synth_6072,36
synth_6106,36
synth_6012,36
synth_6095,36
synth_6102,36
synth_6069,36
synth_6108,36
synth_6048,36
synth_6083,36
synth_6054,36
synth_6109,36
synth_6050,36
synth_6141,35
synth_6233,35
synth_6219,35
synth_6204,35
synth_6206,35
synth_6180,35
synth_6172,35
synth_6198,35
synth_6210,35
synth_6230,35
synth_6153,35
synth_6138,35
synth_6157,35
synth_6236,35
synth_6169,35
synth_6209,35
synth_6224,35
synth_6229,35
synth_6170,35
synth_6154,35
synth_6126,35
synth_6127,35
synth_6156,35
synth_6189,35
synth_6122,35
synth_6145,35
synth_6123,35
synth_6131,35
synth_6235,35
synth_6215,35
synth_6193,35
synth_6130,35
synth_6124,35
synth_6226,35
synth_6147,35
synth_6200,35
synth_6133,35
synth_6151,35
synth_6231,35
synth_6140,35
synth_6187,35
synth_6183,35
synth_6225,35
synth_6181,35
synth_6137,35
synth_6165,35
synth_6202,35
synth_6132,35
synth_6135,35
synth_6160,35
synth_6222,35
synth_6176,35
synth_6177,35
synth_6232,35
synth_6194,35
synth_6205,35
synth_6166,35
synth_6228,35
synth_6227,35
synth_6207,35
synth_6167,35
synth_6191,35
synth_6161,35
synth_6220,35
synth_6152,35
synth_6168,35
synth_6125,35
synth_6184,35
synth_6134,35
synth_6201,35
synth_6129,35
synth_6144,35
synth_6218,35
synth_6196,35
synth_6221,35
synth_6174,35
synth_6179,35
synth_6192,35
synth_6139,35
synth_6146,35
synth_6197,35
synth_6223,35
synth_6149,35
synth_6186,35
synth_6171,35
synth_6142,35
synth_6173,35
synth_6203,35
synth_6211,35
synth_6143,35
synth_6162,35
synth_6128,35
synth_6159,35
synth_6237,35
synth_6158,35
synth_6217,35
synth_6182,35
synth_6234,35
synth_6199,35
synth_6121,35
synth_6148,35
synth_6188,35
synth_6178,35
synth_6212,35
synth_6150,35
synth_6213,35
synth_6136,35
synth_6185,35
synth_6190,35
synth_6155,35
synth_6164,35
synth_6208,35
synth_6216,35
synth_6195,35
synth_6214,35
synth_6175,35
synth_6163,35
synth_6279,34
synth_6239,34
synth_6338,34
synth_6353,34
synth_6318,34
synth_6322,34
synth_6325,34
synth_6309,34
synth_6289,34
synth_6276,34
synth_6320,34
synth_6292,34
synth_6348,34
synth_6356,34
synth_6273,34
synth_6266,34
synth_6245,34
synth_6326,34
synth_6330,34
synth_6324,34
synth_6340,34
synth_6271,34
synth_6297,34
synth_6298,34
synth_6350,34
synth_6272,34
synth_6262,34
synth_6259,34
synth_6267,34
synth_6247,34
synth_6342,34
synth_6269,34
synth_6300,34
synth_6270,34
synth_6310,34
synth_6305,34
synth_6361,34
synth_6287,34
synth_6312,34
synth_6246,34
synth_6243,34
synth_6254,34
synth_6329,34
synth_6335,34
synth_6282,34
synth_6359,34
synth_6291,34
synth_6308,34
synth_6343,34
synth_6274,34
synth_6323,34
synth_6333,34
synth_6303,34
synth_6315,34
synth_6250,34
synth_6284,34
synth_6268,34
synth_6331,34
synth_6252,34
synth_6277,34
synth_6358,34
synth_6257,34
synth_6334,34
synth_6275,34
synth_6286,34
synth_6280,34
synth_6238,34
synth_6321,34
synth_6264,34
synth_6288,34
synth_6256,34
synth_6336,34
synth_6327,34
synth_6345,34
synth_6260,34
synth_6307,34
synth_6285,34
synth_6242,34
synth_6258,34
synth_6341,34
synth_6355,34
synth_6344,34
synth_6360,34
synth_6316,34
synth_6311,34
synth_6296,34
synth_6354,34
synth_6339,34
synth_6249,34
synth_6328,34
synth_6251,34
synth_6337,34
synth_6293,34
synth_6352,34
synth_6319,34
synth_6241,34
synth_6278,34
synth_6248,34
synth_6347,34
synth_6313,34
synth_6290,34
synth_6302,34
synth_6349,34
synth_6244,34
synth_6351,34
synth_6306,34
synth_6263,34
synth_6283,34
synth_6301,34
synth_6255,34
synth_6295,34
synth_6346,34
synth_6253,34
synth_6281,34
synth_6265,34
synth_6240,34
synth_6314,34
synth_6261,34
synth_6299,34
synth_6294,34
synth_6304,34
synth_6317,34
synth_6332,34
synth_6357,34
synth_6392,33
synth_6373,33
synth_6434,33
synth_6460,33
synth_6416,33
synth_6418,33
synth_6378,33
synth_6366,33
synth_6448,33
synth_6466,33
synth_6439,33
synth_6407,33
synth_6385,33
synth_6447,33
synth_6485,33
synth_6488,33
synth_6380,33
synth_6402,33
synth_6474,33
synth_6374,33
synth_6465,33
synth_6490,33
synth_6473,33
synth_6405,33
synth_6446,33
synth_6408,33
synth_6429,33
synth_6406,33
synth_6415,33
synth_6399,33
synth_6420,33
synth_6421,33
synth_6379,33
synth_6395,33
synth_6423,33
synth_6484,33
synth_6419,33
synth_6487,33
synth_6376,33
synth_6428,33
synth_6410,33
synth_6451,33
synth_6427,33
synth_6438,33
synth_6372,33
synth_6430,33
synth_6479,33
synth_6480,33
synth_6377,33
synth_6383,33
synth_6414,33
synth_6486,33
synth_6381,33
synth_6400,33
synth_6445,33
synth_6443,33
synth_6393,33
synth_6412,33
synth_6457,33
synth_6387,33
synth_6469,33
synth_6390,33
synth_6442,33
synth_6386,33
synth_6482,33
synth_6468,33
synth_6426,33
synth_6433,33
synth_6471,33
synth_6384,33
synth_6411,33
synth_6453,33
synth_6367,33
synth_6436,33
synth_6403,33
synth_6461,33
synth_6425,33
synth_6440,33
synth_6404,33
synth_6375,33
synth_6396,33
synth_6409,33
synth_6364,33
synth_6369,33
synth_6432,33
synth_6489,33
synth_6413,33
synth_6370,33
synth_6476,33
synth_6475,33
synth_6365,33
synth_6424,33
synth_6483,33
synth_6458,33
synth_6388,33
synth_6371,33
synth_6472,33
synth_6464,33
synth_6478,33
synth_6491,33
synth_6363,33
synth_6401,33
synth_6422,33
synth_6417,33
synth_6454,33
synth_6389,33
synth_6477,33
synth_6463,33
synth_6455,33
synth_6431,33
synth_6459,33
synth_6470,33
synth_6397,33
synth_6398,33
synth_6467,33
synth_6450,33
synth_6452,33
synth_6437,33
synth_6368,33
synth_6435,33
synth_6382,33
synth_6394,33
synth_6391,33
synth_6449,33
synth_6441,33
synth_6362,33
synth_6456,33
synth_6462,33
synth_6481,33
synth_6444,33
synth_6569,32
synth_6547,32
synth_6519,32
synth_6605,32
synth_6621,32
synth_6607,32
synth_6566,32
synth_6533,32
synth_6492,32
synth_6553,32
synth_6541,32
synth_6543,32
synth_6529,32
synth_6610,32
synth_6534,32
synth_6554,32
synth_6599,32
synth_6609,32
synth_6518,32
synth_6618,32
synth_6501,32
synth_6590,32
synth_6522,32
synth_6510,32
synth_6622,32
synth_6586,32
synth_6604,32
synth_6623,32
synth_6523,32
synth_6619,32
synth_6615,32
synth_6530,32
synth_6595,32
synth_6538,32
synth_6536,32
synth_6603,32
synth_6568,32
synth_6581,32
synth_6517,32
synth_6494,32
synth_6589,32
synth_6627,32
synth_6511,32
synth_6583,32
synth_6562,32
synth_6574,32
synth_6552,32
synth_6521,32
synth_6560,32
synth_6545,32
synth_6591,32
synth_6549,32
synth_6498,32
synth_6614,32
synth_6509,32
synth_6624,32
synth_6588,32
synth_6616,32
synth_6507,32
synth_6576,32
synth_6503,32
synth_6592,32
synth_6502,32
synth_6496,32
synth_6525,32
synth_6600,32
synth_6571,32
synth_6601,32
synth_6515,32
synth_6587,32
synth_6597,32
synth_6579,32
synth_6528,32
synth_6575,32
synth_6514,32
synth_6612,32
synth_6532,32
synth_6606,32
synth_6551,32
synth_6535,32
synth_6598,32
synth_6580,32
synth_6537,32
synth_6617,32
synth_6548,32
synth_6495,32
synth_6570,32
synth_6524,32
synth_6596,32
synth_6539,32
synth_6497,32
synth_6544,32
synth_6584,32
synth_6593,32
synth_6582,32
synth_6493,32
synth_6516,32
synth_6508,32
synth_6585,32
synth_6540,32
synth_6567,32
synth_6557,32
synth_6559,32
synth_6556,32
synth_6577,32
synth_6578,32
synth_6611,32
synth_6504,32
synth_6505,32
synth_6561,32
synth_6527,32
synth_6565,32
synth_6620,32
synth_6546,32
synth_6625,32
synth_6550,32
synth_6531,32
synth_6506,32
synth_6520,32
synth_6526,32
synth_6499,32
synth_6558,32
synth_6500,32
synth_6564,32
synth_6573,32
synth_6542,32
synth_6594,32
synth_6512,32
synth_6602,32
synth_6563,32
synth_6513,32
synth_6608,32
synth_6555,32
synth_6613,32
synth_6626,32
synth_6572,32
synth_6698,31
synth_6727,31
synth_6661,31
synth_6691,31
synth_6706,31
synth_6697,31
synth_6719,31
synth_6669,31
synth_6707,31
synth_6718,31
synth_6714,31
synth_6647,31
synth_6725,31
synth_6766,31
synth_6637,31
synth_6676,31
synth_6693,31
synth_6769,31
synth_6653,31
synth_6753,31
synth_6680,31
synth_6673,31
synth_6675,31
synth_6757,31
synth_6667,31
synth_6655,31
synth_6700,31
synth_6688,31
synth_6736,31
synth_6759,31
synth_6650,31
synth_6724,31
synth_6737,31
synth_6751,31
synth_6768,31
synth_6748,31
synth_6717,31
synth_6728,31
synth_6658,31
synth_6749,31
synth_6664,31
synth_6752,31
synth_6702,31
synth_6654,31
synth_6755,31
synth_6685,31
synth_6671,31
synth_6689,31
synth_6645,31
synth_6743,31
synth_6740,31
synth_6723,31
synth_6726,31
synth_6699,31
synth_6770,31
synth_6640,31
synth_6708,31
synth_6644,31
synth_6679,31
synth_6761,31
synth_6741,31
synth_6742,31
synth_6767,31
synth_6694,31
synth_6712,31
synth_6656,31
synth_6636,31
synth_6646,31
synth_6696,31
synth_6722,31
synth_6734,31
synth_6758,31
synth_6629,31
synth_6711,31
synth_6662,31
synth_6703,31
synth_6739,31
synth_6659,31
synth_6760,31
synth_6747,31
synth_6754,31
synth_6651,31
synth_6628,31
synth_6716,31
synth_6746,31
synth_6681,31
synth_6701,31
synth_6668,31
synth_6678,31
synth_6733,31
synth_6638,31
synth_6649,31
synth_6643,31
synth_6715,31
synth_6762,31
synth_6738,31
synth_6745,31
synth_6771,31
synth_6632,31
synth_6764,31
synth_6677,31
synth_6763,31
synth_6692,31
synth_6672,31
synth_6735,31
synth_6729,31
synth_6634,31
synth_6665,31
synth_6670,31
synth_6744,31
synth_6630,31
synth_6721,31
synth_6695,31
synth_6710,31
synth_6713,31
synth_6648,31
synth_6756,31
synth_6660,31
synth_6633,31
synth_6682,31
synth_6730,31
synth_6674,31
synth_6639,31
synth_6709,31
synth_6635,31
synth_6720,31
synth_6690,31
synth_6687,31
synth_6686,31
synth_6657,31
synth_6704,31
synth_6631,31
synth_6641,31
synth_6652,31
synth_6666,31
synth_6705,31
synth_6642,31
synth_6663,31
synth_6684,31
synth_6731,31
synth_6765,31
synth_6732,31
synth_6750,31
synth_6683,31
synth_6783,30
synth_6801,30
synth_6814,30
synth_6808,30
synth_6802,30
synth_6886,30
synth_6867,30
synth_6811,30
synth_6905,30
synth_6773,30
synth_6879,30
synth_6790,30
synth_6827,30
synth_6777,30
synth_6915,30
synth_6917,30
synth_6847,30
synth_6900,30
synth_6809,30
synth_6796,30
synth_6889,30
synth_6831,30
synth_6785,30
synth_6786,30
synth_6800,30
synth_6845,30
synth_6862,30
synth_6901,30
synth_6850,30
synth_6810,30
synth_6863,30
synth_6899,30
synth_6859,30
synth_6877,30
synth_6878,30
synth_6924,30
synth_6803,30
synth_6799,30
synth_6896,30
synth_6798,30
synth_6835,30
synth_6795,30
synth_6860,30
synth_6895,30
synth_6779,30
synth_6817,30
synth_6907,30
synth_6874,30
synth_6912,30
synth_6872,30
synth_6797,30
synth_6852,30
synth_6861,30
synth_6916,30
synth_6826,30
synth_6870,30
synth_6873,30
synth_6832,30
synth_6849,30
synth_6794,30
synth_6806,30
synth_6856,30
synth_6888,30
synth_6781,30
synth_6869,30
synth_6920,30
synth_6844,30
synth_6774,30
synth_6784,30
synth_6838,30
synth_6780,30
synth_6816,30
synth_6830,30
synth_6776,30
synth_6906,30
synth_6881,30
synth_6898,30
synth_6853,30
synth_6885,30
synth_6903,30
synth_6813,30
synth_6839,30
synth_6854,30
synth_6843,30
synth_6864,30
synth_6865,30
synth_6788,30
synth_6893,30
synth_6823,30
synth_6894,30
synth_6855,30
synth_6923,30
synth_6851,30
synth_6922,30
synth_6883,30
synth_6819,30
synth_6778,30
synth_6841,30
synth_6887,30
synth_6820,30
synth_6828,30
synth_6834,30
synth_6908,30
synth_6815,30
synth_6919,30
synth_6910,30
synth_6921,30
synth_6824,30
synth_6840,30
synth_6914,30
synth_6890,30
synth_6825,30
synth_6891,30
synth_6807,30
synth_6821,30
synth_6884,30
synth_6837,30
synth_6848,30
synth_6918,30
synth_6897,30
synth_6775,30
synth_6875,30
synth_6909,30
synth_6880,30
synth_6793,30
synth_6892,30
synth_6791,30
synth_6818,30
synth_6904,30
synth_6787,30
synth_6804,30
synth_6846,30
synth_6857,30
synth_6789,30
synth_6812,30
synth_6822,30
synth_6792,30
synth_6871,30
synth_6858,30
synth_6829,30
synth_6876,30
synth_6868,30
synth_6911,30
synth_6782,30
synth_6772,30
synth_6842,30
synth_6913,30
synth_6866,30
synth_6902,30
synth_6882,30
synth_6833,30
synth_6805,30
synth_6836,30
synth_6998,29
synth_6964,29
synth_7064,29
synth_6941,29
synth_6944,29
synth_6943,29
synth_7014,29
synth_6972,29
synth_7015,29
synth_7022,29
synth_7002,29
synth_6938,29
synth_7007,29
synth_7034,29
synth_7004,29
synth_7057,29
synth_6965,29
synth_6989,29
synth_7069,29
synth_6928,29
synth_7056,29
synth_7039,29
synth_6940,29
synth_7061,29
synth_7055,29
synth_7063,29
synth_7082,29
synth_6982,29
synth_7016,29
synth_6926,29
synth_6952,29
synth_7054,29
synth_7011,29
synth_7044,29
synth_7020,29
synth_7042,29
synth_7084,29
synth_6948,29
synth_6947,29
synth_7073,29
synth_7008,29
synth_7024,29
synth_7083,29
synth_7060,29
synth_6962,29
synth_6990,29
synth_7045,29
synth_6993,29
synth_7038,29
synth_7065,29
synth_7077,29
synth_7032,29
synth_6969,29
synth_6967,29
synth_7026,29
synth_7080,29
synth_6955,29
synth_7067,29
synth_6973,29
synth_6971,29
synth_6984,29
synth_7085,29
synth_6995,29
synth_6925,29
synth_6945,29
synth_7023,29
synth_7012,29
synth_7027,29
synth_6975,29
synth_7000,29
synth_6991,29
synth_6987,29
synth_6959,29
synth_6950,29
synth_6932,29
synth_7029,29
synth_6951,29
synth_6949,29
synth_6983,29
synth_7048,29
synth_6927,29
synth_7058,29
synth_7081,29
synth_6978,29
synth_7059,29
synth_6970,29
synth_6997,29
synth_6986,29
synth_6980,29
synth_6981,29
synth_7003,29
synth_7049,29
synth_7071,29
synth_6999,29
synth_7041,29
synth_7072,29
synth_6956,29
synth_7028,29
synth_7046,29
synth_6931,29
synth_6996,29
synth_6966,29
synth_7066,29
synth_7040,29
synth_7010,29
synth_7019,29
synth_6953,29
synth_7047,29
synth_7050,29
synth_6930,29
synth_6979,29
synth_7035,29
synth_6992,29
synth_6960,29
synth_7036,29
synth_6939,29
synth_6937,29
synth_6985,29
synth_6974,29
synth_7070,29
synth_7075,29
synth_6936,29
synth_6957,29
synth_7051,29
synth_7021,29
synth_7006,29
synth_7005,29
synth_7037,29
synth_6935,29
synth_7074,29
synth_7043,29
synth_6968,29
synth_6942,29
synth_6933,29
synth_7079,29
synth_6954,29
synth_7052,29
synth_6961,29
synth_6929,29
synth_7031,29
synth_6994,29
synth_7001,29
synth_7009,29
synth_7053,29
synth_7078,29
synth_6934,29
synth_6963,29
synth_6977,29
synth_6958,29
synth_7076,29
synth_6988,29
synth_7062,29
synth_7030,29
synth_7033,29
synth_6946,29
synth_7017,29
synth_7068,29
synth_6976,29
synth_7013,29
synth_7018,29
synth_7025,29
synth_7220,28
synth_7187,28
synth_7183,28
synth_7163,28
synth_7195,28
synth_7116,28
synth_7174,28
synth_7153,28
synth_7189,28
synth_7107,28
synth_7177,28
synth_7097,28
synth_7199,28
synth_7133,28
synth_7250,28
synth_7151,28
synth_7090,28
synth_7208,28
synth_7119,28
synth_7166,28
synth_7222,28
synth_7124,28
synth_7201,28
synth_7185,28
synth_7128,28
synth_7180,28
synth_7204,28
synth_7168,28
synth_7182,28
synth_7245,28
synth_7157,28
synth_7127,28
synth_7207,28
synth_7162,28
synth_7193,28
synth_7137,28
synth_7125,28
synth_7169,28
synth_7191,28
synth_7209,28
synth_7145,28
synth_7117,28
synth_7228,28
synth_7192,28
synth_7202,28
synth_7139,28
synth_7184,28
synth_7231,28
synth_7241,28
synth_7086,28
synth_7115,28
synth_7237,28
synth_7244,28
synth_7111,28
synth_7200,28
synth_7215,28
synth_7142,28
synth_7161,28
synth_7246,28
synth_7223,28
synth_7211,28
synth_7205,28
synth_7210,28
synth_7122,28
synth_7233,28
synth_7132,28
synth_7248,28
synth_7253,28
synth_7130,28
synth_7251,28
synth_7252,28
synth_7112,28
synth_7172,28
synth_7098,28
synth_7144,28
synth_7108,28
synth_7213,28
synth_7240,28
synth_7140,28
synth_7114,28
synth_7135,28
synth_7218,28
synth_7234,28
synth_7105,28
synth_7225,28
synth_7194,28
synth_7136,28
synth_7226,28
synth_7255,28
synth_7164,28
synth_7134,28
synth_7197,28
synth_7149,28
synth_7238,28
synth_7147,28
synth_7221,28
synth_7190,28
synth_7236,28
synth_7158,28
synth_7167,28
synth_7247,28
synth_7173,28
synth_7171,28
synth_7159,28
synth_7103,28
synth_7106,28
synth_7150,28
synth_7254,28
synth_7087,28
synth_7206,28
synth_7118,28
synth_7120,28
synth_7243,28
synth_7249,28
synth_7179,28
synth_7148,28
synth_7095,28
synth_7224,28
synth_7121,28
synth_7146,28
synth_7089,28
synth_7175,28
synth_7229,28
synth_7242,28
synth_7131,28
synth_7188,28
synth_7232,28
synth_7094,28
synth_7156,28
synth_7170,28
synth_7138,28
synth_7100,28
synth_7155,28
synth_7109,28
synth_7196,28
synth_7141,28
synth_7160,28
synth_7198,28
synth_7126,28
synth_7092,28
synth_7099,28
synth_7088,28
synth_7096,28
synth_7143,28
synth_7178,28
synth_7152,28
synth_7214,28
synth_7219,28
synth_7154,28
synth_7235,28
synth_7239,28
synth_7203,28
synth_7212,28
synth_7217,28
synth_7102,28
synth_7176,28
synth_7129,28
synth_7227,28
synth_7093,28
synth_7230,28
synth_7165,28
synth_7101,28
synth_7113,28
synth_7104,28
synth_7186,28
synth_7091,28
synth_7216,28
synth_7123,28
synth_7110,28
synth_7181,28
synth_7266,27
synth_7288,27
synth_7293,27
synth_7414,27
synth_7350,27
synth_7359,27
synth_7338,27
synth_7306,27
synth_7265,27
synth_7316,27
synth_7437,27
synth_7310,27
synth_7398,27
synth_7276,27
synth_7294,27
synth_7298,27
synth_7403,27
synth_7317,27
synth_7340,27
synth_7424,27
synth_7327,27
synth_7354,27
synth_7368,27
synth_7369,27
synth_7303,27
synth_7432,27
synth_7365,27
synth_7271,27
synth_7376,27
synth_7264,27
synth_7292,27
synth_7256,27
synth_7319,27
synth_7333,27
synth_7314,27
synth_7281,27
synth_7358,27
synth_7261,27
synth_7418,27
synth_7430,27
synth_7274,27
synth_7396,27
synth_7429,27
synth_7323,27
synth_7302,27
synth_7374,27
synth_7320,27
synth_7363,27
synth_7342,27
synth_7393,27
synth_7411,27
synth_7290,27
synth_7361,27
synth_7296,27
synth_7406,27
synth_7343,27
synth_7356,27
synth_7284,27
synth_7291,27
synth_7259,27
synth_7413,27
synth_7422,27
synth_7383,27
synth_7279,27
synth_7417,27
synth_7388,27
synth_7280,27
synth_7295,27
synth_7381,27
synth_7267,27
synth_7273,27
synth_7372,27
synth_7326,27
synth_7335,27
synth_7348,27
synth_7269,27
synth_7305,27
synth_7336,27
synth_7423,27
synth_7433,27
synth_7289,27
synth_7349,27
synth_7387,27
synth_7258,27
synth_7353,27
synth_7311,27
synth_7287,27
synth_7347,27
synth_7330,27
synth_7428,27
synth_7331,27
synth_7370,27
synth_7263,27
synth_7355,27
synth_7377,27
synth_7301,27
synth_7299,27
synth_7313,27
synth_7334,27
synth_7268,27
synth_7402,27
synth_7385,27
synth_7373,27
synth_7379,27
synth_7407,27
synth_7384,27
synth_7436,27
synth_7315,27
synth_7405,27
synth_7364,27
synth_7283,27
synth_7360,27
synth_7270,27
synth_7341,27
synth_7307,27
synth_7425,27
synth_7329,27
synth_7366,27
synth_7397,27
synth_7378,27
synth_7427,27
synth_7260,27
synth_7321,27
synth_7362,27
synth_7257,27
synth_7399,27
synth_7404,27
synth_7386,27
synth_7297,27
synth_7328,27
synth_7420,27
synth_7400,27
synth_7304,27
synth_7401,27
synth_7380,27
synth_7416,27
synth_7351,27
synth_7410,27
synth_7286,27
synth_7392,27
synth_7382,27
synth_7352,27
synth_7282,27
synth_7391,27
synth_7434,27
synth_7278,27
synth_7318,27
synth_7421,27
synth_7419,27
synth_7308,27
synth_7300,27
synth_7272,27
synth_7262,27
synth_7415,27
synth_7312,27
synth_7337,27
synth_7332,27
synth_7426,27
synth_7409,27
synth_7408,27
synth_7395,27
synth_7345,27
synth_7357,27
synth_7367,27
synth_7375,27
synth_7285,27
synth_7346,27
synth_7275,27
synth_7435,27
synth_7344,27
synth_7412,27
synth_7431,27
synth_7324,27
synth_7339,27
synth_7277,27
synth_7309,27
synth_7389,27
synth_7371,27
synth_7394,27
synth_7322,27
synth_7325,27
synth_7390,27
synth_7583,26
synth_7447,26
synth_7528,26
synth_7551,26
synth_7572,26
synth_7446,26
synth_7584,26
synth_7597,26
synth_7527,26
synth_7486,26
synth_7478,26
synth_7511,26
synth_7469,26
synth_7498,26
synth_7618,26
synth_7538,26
synth_7509,26
synth_7529,26
synth_7452,26
synth_7454,26
synth_7518,26
synth_7500,26
synth_7565,26
synth_7593,26
synth_7534,26
synth_7497,26
synth_7608,26
synth_7496,26
synth_7580,26
synth_7530,26
synth_7533,26
synth_7550,26
synth_7556,26
synth_7560,26
synth_7594,26
synth_7467,26
synth_7490,26
synth_7526,26
synth_7613,26
synth_7605,26
synth_7503,26
synth_7460,26
synth_7510,26
synth_7439,26
synth_7442,26
synth_7579,26
synth_7541,26
synth_7570,26
synth_7482,26
synth_7505,26
synth_7507,26
synth_7585,26
synth_7624,26
synth_7524,26
synth_7619,26
synth_7543,26
synth_7574,26
synth_7540,26
synth_7547,26
synth_7476,26
synth_7587,26
synth_7573,26
synth_7464,26
synth_7515,26
synth_7614,26
synth_7563,26
synth_7481,26
synth_7539,26
synth_7451,26
synth_7473,26
synth_7495,26
synth_7629,26
synth_7545,26
synth_7458,26
synth_7443,26
synth_7561,26
synth_7488,26
synth_7569,26
synth_7440,26
synth_7502,26
synth_7531,26
synth_7625,26
synth_7441,26
synth_7468,26
synth_7506,26
synth_7444,26
synth_7564,26
synth_7453,26
synth_7504,26
synth_7513,26
synth_7522,26
synth_7576,26
synth_7493,26
synth_7612,26
synth_7546,26
synth_7581,26
synth_7622,26
synth_7525,26
synth_7582,26
synth_7519,26
synth_7592,26
synth_7542,26
synth_7599,26
synth_7623,26
synth_7491,26
synth_7603,26
synth_7554,26
synth_7600,26
synth_7555,26
synth_7501,26
synth_7568,26
synth_7601,26
synth_7535,26
synth_7536,26
synth_7562,26
synth_7456,26
synth_7596,26
synth_7620,26
synth_7449,26
synth_7578,26
synth_7520,26
synth_7517,26
synth_7492,26
synth_7512,26
synth_7521,26
synth_7566,26
synth_7598,26
synth_7602,26
synth_7463,26
synth_7544,26
synth_7609,26
synth_7475,26
synth_7532,26
synth_7455,26
synth_7465,26
synth_7479,26
synth_7487,26
synth_7508,26
synth_7461,26
synth_7471,26
synth_7485,26
synth_7450,26
synth_7591,26
synth_7604,26
synth_7588,26
synth_7558,26
synth_7621,26
synth_7466,26
synth_7607,26
synth_7617,26
synth_7484,26
synth_7472,26
synth_7477,26
synth_7480,26
synth_7606,26
synth_7626,26
synth_7516,26
synth_7595,26
synth_7611,26
synth_7590,26
synth_7438,26
synth_7557,26
synth_7445,26
synth_7483,26
synth_7552,26
synth_7537,26
synth_7577,26
synth_7615,26
synth_7448,26
synth_7459,26
synth_7470,26
synth_7575,26
synth_7627,26
synth_7630,26
synth_7514,26
synth_7586,26
synth_7559,26
synth_7499,26
synth_7589,26
synth_7489,26
synth_7494,26
synth_7610,26
synth_7571,26
synth_7549,26
synth_7523,26
synth_7474,26
synth_7462,26
synth_7616,26
synth_7553,26
synth_7628,26
synth_7457,26
synth_7548,26
synth_7567,26
synth_7718,25
synth_7820,25
synth_7687,25
synth_7819,25
synth_7634,25
synth_7661,25
synth_7832,25
synth_7745,25
synth_7824,25
synth_7647,25
synth_7728,25
synth_7774,25
synth_7659,25
synth_7757,25
synth_7752,25
synth_7785,25
synth_7723,25
synth_7768,25
synth_7776,25
synth_7791,25
synth_7788,25
synth_7734,25
synth_7675,25
synth_7708,25
synth_7730,25
synth_7787,25
synth_7680,25
synth_7749,25
synth_7729,25
synth_7736,25
synth_7807,25
synth_7666,25
synth_7706,25
synth_7764,25
synth_7761,25
synth_7834,25
synth_7678,25
synth_7721,25
synth_7784,25
synth_7689,25
synth_7755,25
synth_7825,25
synth_7725,25
synth_7836,25
synth_7674,25
synth_7690,25
synth_7693,25
synth_7816,25
synth_7643,25
synth_7651,25
synth_7649,25
synth_7781,25
synth_7811,25
synth_7756,25
synth_7815,25
synth_7777,25
synth_7635,25
synth_7758,25
synth_7740,25
synth_7782,25
synth_7790,25
synth_7797,25
synth_7657,25
synth_7685,25
synth_7822,25
synth_7640,25
synth_7744,25
synth_7705,25
synth_7726,25
synth_7786,25
synth_7698,25
synth_7682,25
synth_7676,25
synth_7712,25
synth_7796,25
synth_7641,25
synth_7688,25
synth_7746,25
synth_7636,25
synth_7743,25
synth_7656,25
synth_7812,25
synth_7642,25
synth_7711,25
synth_7714,25
synth_7727,25
synth_7673,25
synth_7703,25
synth_7709,25
synth_7821,25
synth_7828,25
synth_7639,25
synth_7707,25
synth_7804,25
synth_7742,25
synth_7763,25
synth_7694,25
synth_7697,25
synth_7632,25
synth_7669,25
synth_7684,25
synth_7732,25
synth_7631,25
synth_7646,25
synth_7805,25
synth_7798,25
synth_7663,25
synth_7665,25
synth_7747,25
synth_7715,25
synth_7748,25
synth_7652,25
synth_7766,25
synth_7772,25
synth_7789,25
synth_7814,25
synth_7823,25
synth_7739,25
synth_7691,25
synth_7699,25
synth_7759,25
synth_7817,25
synth_7696,25
synth_7720,25
synth_7770,25
synth_7672,25
synth_7733,25
synth_7799,25
synth_7692,25
synth_7809,25
synth_7667,25
synth_7710,25
synth_7686,25
synth_7769,25
synth_7681,25
synth_7713,25
synth_7701,25
synth_7741,25
synth_7829,25
synth_7762,25
synth_7660,25
synth_7813,25
synth_7780,25
synth_7655,25
synth_7658,25
synth_7773,25
synth_7833,25
synth_7765,25
synth_7830,25
synth_7679,25
synth_7760,25
synth_7831,25
synth_7719,25
synth_7810,25
synth_7827,25
synth_7633,25
synth_7644,25
synth_7778,25
synth_7695,25
synth_7794,25
synth_7754,25
synth_7808,25
synth_7802,25
synth_7648,25
synth_7751,25
synth_7826,25
synth_7645,25
synth_7662,25
synth_7767,25
synth_7779,25
synth_7795,25
synth_7835,25
synth_7775,25
synth_7638,25
synth_7801,25
synth_7704,25
synth_7803,25
synth_7702,25
synth_7671,25
synth_7738,25
synth_7792,25
synth_7653,25
synth_7668,25
synth_7677,25
synth_7753,25
synth_7670,25
synth_7700,25
synth_7735,25
synth_7818,25
synth_7717,25
synth_7637,25
synth_7716,25
synth_7722,25
synth_7724,25
synth_7650,25
synth_7771,25
synth_7793,25
synth_7664,25
synth_7683,25
synth_7731,25
synth_7783,25
synth_7800,25
synth_7654,25
synth_7750,25
synth_7806,25
synth_7737,25
synth_7971,24
synth_7952,24
synth_8024,24
synth_8037,24
synth_7882,24
synth_7960,24
synth_7924,24
synth_7878,24
synth_8003,24
synth_8014,24
synth_8008,24
synth_7859,24
synth_7877,24
synth_8002,24
synth_8022,24
synth_7896,24
synth_8044,24
synth_7884,24
synth_7959,24
synth_7899,24
synth_7948,24
synth_8027,24
synth_8038,24
synth_7870,24
synth_7838,24
synth_7929,24
synth_7945,24
synth_7881,24
synth_7923,24
synth_7858,24
synth_7914,24
synth_7871,24
synth_7997,24
synth_7860,24
synth_7979,24
synth_7972,24
synth_7855,24
synth_7886,24
synth_7970,24
synth_7845,24
synth_8009,24
synth_7953,24
synth_7998,24
synth_7889,24
synth_7926,24
synth_7947,24
synth_7936,24
synth_8019,24
synth_7937,24
synth_7905,24
synth_8049,24
synth_7944,24
synth_7853,24
synth_7888,24
synth_7917,24
synth_7999,24
synth_8018,24
synth_7969,24
synth_7912,24
synth_7981,24
synth_8051,24
synth_7986,24
synth_7994,24
synth_8026,24
synth_7916,24
synth_7958,24
synth_7842,24
synth_8000,24
synth_7876,24
synth_7844,24
synth_8042,24
synth_8055,24
synth_7892,24
synth_8039,24
synth_7904,24
synth_7940,24
synth_7928,24
synth_7861,24
synth_8025,24
synth_8048,24
synth_7988,24
synth_8050,24
synth_7841,24
synth_7927,24
synth_8041,24
synth_7851,24
synth_7993,24
synth_7910,24
synth_7956,24
synth_8043,24
synth_7874,24
synth_8057,24
synth_7887,24
synth_7932,24
synth_8046,24
synth_7846,24
synth_7990,24
synth_7854,24
synth_7933,24
synth_7967,24
synth_7985,24
synth_7906,24
synth_7991,24
synth_7900,24
synth_7913,24
synth_7837,24
synth_7909,24
synth_7939,24
synth_8031,24
synth_7918,24
synth_8040,24
synth_7885,24
synth_7955,24
synth_8033,24
synth_8056,24
synth_7843,24
synth_7902,24
synth_7943,24
synth_7934,24
synth_8032,24
synth_7938,24
synth_7983,24
synth_7894,24
synth_8013,24
synth_7931,24
synth_7925,24
synth_7847,24
synth_7852,24
synth_8016,24
synth_7875,24
synth_8006,24
synth_8045,24
synth_8036,24
synth_7919,24
synth_7930,24
synth_7849,24
synth_7950,24
synth_8005,24
synth_7868,24
synth_8053,24
synth_7862,24
synth_7864,24
synth_7907,24
synth_7963,24
synth_7989,24
synth_7897,24
synth_7976,24
synth_8020,24
synth_7935,24
synth_7839,24
synth_7961,24
synth_7895,24
synth_7973,24
synth_7951,24
synth_7890,24
synth_7863,24
synth_8028,24
synth_8052,24
synth_7883,24
synth_7941,24
synth_8047,24
synth_8029,24
synth_8001,24
synth_7865,24
synth_7980,24
synth_7891,24
synth_7942,24
synth_8004,24
synth_7995,24
synth_7857,24
synth_7866,24
synth_7873,24
synth_8015,24
synth_7921,24
synth_7962,24
synth_7978,24
synth_7996,24
synth_7867,24
synth_7946,24
synth_7964,24
synth_7982,24
synth_7911,24
synth_7850,24
synth_8035,24
synth_7869,24
synth_7848,24
synth_7856,24
synth_7957,24
synth_7977,24
synth_7879,24
synth_7880,24
synth_7901,24
synth_7915,24
synth_8054,24
synth_7872,24
synth_7975,24
synth_8034,24
synth_7974,24
synth_7903,24
synth_7893,24
synth_7992,24
synth_8011,24
synth_8012,24
synth_7966,24
synth_7968,24
synth_7840,24
synth_7954,24
synth_8021,24
synth_7949,24
synth_7984,24
synth_7987,24
synth_8010,24
synth_8030,24
synth_8017,24
synth_8023,24
synth_7920,24
synth_7965,24
synth_7908,24
synth_7898,24
synth_7922,24
synth_8007,24
synth_8069,23
synth_8197,23
synth_8107,23
synth_8161,23
synth_8221,23
synth_8283,23
synth_8285,23
synth_8064,23
synth_8076,23
synth_8121,23
synth_8183,23
synth_8209,23
synth_8190,23
synth_8154,23
synth_8262,23
synth_8217,23
synth_8058,23
synth_8138,23
synth_8288,23
synth_8280,23
synth_8250,23
synth_8270,23
synth_8146,23
synth_8244,23
synth_8233,23
synth_8124,23
synth_8160,23
synth_8268,23
synth_8196,23
synth_8282,23
synth_8087,23
synth_8279,23
synth_8075,23
synth_8063,23
synth_8173,23
synth_8211,23
synth_8264,23
synth_8287,23
synth_8167,23
synth_8199,23
synth_8272,23
synth_8080,23
synth_8109,23
synth_8174,23
synth_8171,23
synth_8189,23
synth_8265,23
synth_8253,23
synth_8123,23
synth_8148,23
synth_8210,23
synth_8257,23
synth_8260,23
synth_8149,23
synth_8073,23
synth_8126,23
synth_8239,23
synth_8274,23
synth_8273,23
synth_8092,23
synth_8067,23
synth_8186,23
synth_8220,23
synth_8259,23
synth_8291,23
synth_8114,23
synth_8179,23
synth_8234,23
synth_8170,23
synth_8207,23
synth_8246,23
synth_8120,23
synth_8266,23
synth_8267,23
synth_8059,23
synth_8122,23
synth_8194,23
synth_8062,23
synth_8066,23
synth_8086,23
synth_8112,23
synth_8129,23
synth_8091,23
synth_8178,23
synth_8235,23
synth_8229,23
synth_8206,23
synth_8061,23
synth_8241,23
synth_8275,23
synth_8276,23
synth_8081,23
synth_8204,23
synth_8240,23
synth_8263,23
synth_8085,23
synth_8072,23
synth_8099,23
synth_8156,23
synth_8135,23
synth_8136,23
synth_8096,23
synth_8077,23
synth_8117,23
synth_8157,23
synth_8166,23
synth_8172,23
synth_8100,23
synth_8101,23
synth_8098,23
synth_8128,23
synth_8281,23
synth_8150,23
synth_8236,23
synth_8278,23
synth_8082,23
synth_8153,23
synth_8103,23
synth_8277,23
synth_8242,23
synth_8252,23
synth_8137,23
synth_8188,23
synth_8195,23
synth_8251,23
synth_8182,23
synth_8097,23
synth_8132,23
synth_8224,23
synth_8164,23
synth_8184,23
synth_8237,23
synth_8074,23
synth_8125,23
synth_8083,23
synth_8145,23
synth_8093,23
synth_8162,23
synth_8212,23
synth_8090,23
synth_8215,23
synth_8256,23
synth_8119,23
synth_8201,23
synth_8294,23
synth_8106,23
synth_8200,23
synth_8219,23
synth_8269,23
synth_8118,23
synth_8228,23
synth_8180,23
synth_8290,23
synth_8185,23
synth_8223,23
synth_8147,23
synth_8151,23
synth_8191,23
synth_8243,23
synth_8111,23
synth_8203,23
synth_8152,23
synth_8158,23
synth_8159,23
synth_8168,23
synth_8079,23
synth_8113,23
synth_8181,23
synth_8065,23
synth_8143,23
synth_8225,23
synth_8271,23
synth_8187,23
synth_8131,23
synth_8213,23
synth_8144,23
synth_8231,23
synth_8071,23
synth_8102,23
synth_8245,23
synth_8134,23
synth_8258,23
synth_8116,23
synth_8140,23
synth_8202,23
synth_8070,23
synth_8165,23
synth_8249,23
synth_8095,23
synth_8176,23
synth_8208,23
synth_8115,23
synth_8214,23
synth_8254,23
synth_8255,23
synth_8193,23
synth_8293,23
synth_8247,23
synth_8222,23
synth_8084,23
synth_8205,23
synth_8089,23
synth_8078,23
synth_8104,23
synth_8216,23
synth_8232,23
synth_8284,23
synth_8198,23
synth_8261,23
synth_8088,23
synth_8105,23
synth_8177,23
synth_8169,23
synth_8230,23
synth_8127,23
synth_8227,23
synth_8142,23
synth_8226,23
synth_8060,23
synth_8155,23
synth_8289,23
synth_8292,23
synth_8094,23
synth_8130,23
synth_8163,23
synth_8248,23
synth_8286,23
synth_8218,23
synth_8175,23
synth_8192,23
synth_8139,23
synth_8133,23
synth_8141,23
synth_8238,23
synth_8068,23
synth_8108,23
synth_8110,23
synth_8403,22
synth_8379,22
synth_8393,22
synth_8458,22
synth_8338,22
synth_8414,22
synth_8507,22
synth_8306,22
synth_8432,22
synth_8465,22
synth_8490,22
synth_8519,22
synth_8336,22
synth_8481,22
synth_8337,22
synth_8449,22
synth_8472,22
synth_8479,22
synth_8495,22
synth_8303,22
synth_8319,22
synth_8455,22
synth_8358,22
synth_8459,22
synth_8503,22
synth_8328,22
synth_8534,22
synth_8538,22
synth_8546,22
synth_8354,22
synth_8401,22
synth_8504,22
synth_8360,22
synth_8362,22
synth_8368,22
synth_8387,22
synth_8506,22
synth_8382,22
synth_8536,22
synth_8394,22
synth_8544,22
synth_8549,22
synth_8333,22
synth_8334,22
synth_8423,22
synth_8454,22
synth_8345,22
synth_8457,22
synth_8451,22
synth_8396,22
synth_8531,22
synth_8415,22
synth_8431,22
synth_8541,22
synth_8450,22
synth_8471,22
synth_8540,22
synth_8385,22
synth_8399,22
synth_8476,22
synth_8509,22
synth_8548,22
synth_8301,22
synth_8439,22
synth_8514,22
synth_8331,22
synth_8425,22
synth_8427,22
synth_8475,22
synth_8348,22
synth_8461,22
synth_8324,22
synth_8419,22
synth_8316,22
synth_8484,22
synth_8371,22
synth_8317,22
synth_8440,22
synth_8501,22
synth_8444,22
synth_8464,22
synth_8305,22
synth_8321,22
synth_8373,22
synth_8524,22
synth_8466,22
synth_8318,22
synth_8339,22
synth_8467,22
synth_8535,22
synth_8297,22
synth_8462,22
synth_8309,22
synth_8350,22
synth_8308,22
synth_8520,22
synth_8442,22
synth_8515,22
synth_8537,22
synth_8447,22
synth_8325,22
synth_8529,22
synth_8434,22
synth_8498,22
synth_8353,22
synth_8395,22
synth_8406,22
synth_8326,22
synth_8489,22
synth_8372,22
synth_8438,22
synth_8364,22
synth_8386,22
synth_8412,22
synth_8417,22
synth_8435,22
synth_8307,22
synth_8351,22
synth_8400,22
synth_8322,22
synth_8344,22
synth_8497,22
synth_8424,22
synth_8428,22
synth_8505,22
synth_8320,22
synth_8369,22
synth_8340,22
synth_8349,22
synth_8357,22
synth_8422,22
synth_8407,22
synth_8485,22
synth_8525,22
synth_8311,22
synth_8420,22
synth_8496,22
synth_8545,22
synth_8314,22
synth_8378,22
synth_8391,22
synth_8429,22
synth_8517,22
synth_8522,22
synth_8343,22
synth_8437,22
synth_8295,22
synth_8299,22
synth_8335,22
synth_8398,22
synth_8352,22
synth_8381,22
synth_8539,22
synth_8342,22
synth_8499,22
synth_8363,22
synth_8494,22
synth_8510,22
synth_8298,22
synth_8460,22
synth_8518,22
synth_8470,22
synth_8533,22
synth_8315,22
synth_8500,22
synth_8366,22
synth_8376,22
synth_8388,22
synth_8483,22
synth_8443,22
synth_8330,22
synth_8421,22
synth_8410,22
synth_8300,22
synth_8488,22
synth_8448,22
synth_8513,22
synth_8392,22
synth_8408,22
synth_8436,22
synth_8418,22
synth_8528,22
synth_8402,22
synth_8521,22
synth_8542,22
synth_8374,22
synth_8463,22
synth_8296,22
synth_8473,22
synth_8478,22
synth_8397,22
synth_8356,22
synth_8389,22
synth_8313,22
synth_8355,22
synth_8411,22
synth_8547,22
synth_8375,22
synth_8530,22
synth_8404,22
synth_8482,22
synth_8532,22
synth_8359,22
synth_8377,22
synth_8456,22
synth_8511,22
synth_8512,22
synth_8527,22
synth_8361,22
synth_8453,22
synth_8302,22
synth_8426,22
synth_8441,22
synth_8327,22
synth_8390,22
synth_8433,22
synth_8430,22
synth_8452,22
synth_8487,22
synth_8310,22
synth_8329,22
synth_8405,22
synth_8445,22
synth_8468,22
synth_8480,22
synth_8304,22
synth_8474,22
synth_8380,22
synth_8370,22
synth_8508,22
synth_8523,22
synth_8323,22
synth_8493,22
synth_8446,22
synth_8486,22
synth_8502,22
synth_8526,22
synth_8516,22
synth_8341,22
synth_8312,22
synth_8384,22
synth_8346,22
synth_8347,22
synth_8383,22
synth_8477,22
synth_8492,22
synth_8409,22
synth_8413,22
synth_8469,22
synth_8491,22
synth_8332,22
synth_8365,22
synth_8367,22
synth_8543,22
synth_8416,22
synth_8788,21
synth_8803,21
synth_8649,21
synth_8662,21
synth_8676,21
synth_8705,21
synth_8790,21
synth_8637,21
synth_8722,21
synth_8583,21
synth_8697,21
synth_8738,21
synth_8758,21
synth_8793,21
synth_8675,21
synth_8551,21
synth_8553,21
synth_8617,21
synth_8727,21
synth_8572,21
synth_8606,21
synth_8661,21
synth_8590,21
synth_8605,21
synth_8569,21
synth_8591,21
synth_8721,21
synth_8584,21
synth_8740,21
synth_8746,21
synth_8759,21
synth_8560,21
synth_8687,21
synth_8747,21
synth_8611,21
synth_8736,21
synth_8594,21
synth_8664,21
synth_8725,21
synth_8763,21
synth_8642,21
synth_8628,21
synth_8616,21
synth_8711,21
synth_8739,21
synth_8589,21
synth_8599,21
synth_8734,21
synth_8576,21
synth_8680,21
synth_8630,21
synth_8596,21
synth_8608,21
synth_8761,21
synth_8566,21
synth_8645,21
synth_8695,21
synth_8723,21
synth_8813,21
synth_8625,21
synth_8648,21
synth_8769,21
synth_8577,21
synth_8755,21
synth_8771,21
synth_8780,21
synth_8799,21
synth_8660,21
synth_8805,21
synth_8704,21
synth_8567,21
synth_8682,21
synth_8822,21
synth_8692,21
synth_8776,21
synth_8817,21
synth_8574,21
synth_8674,21
synth_8685,21
synth_8775,21
synth_8638,21
synth_8729,21
synth_8556,21
synth_8610,21
synth_8737,21
synth_8798,21
synth_8656,21
synth_8710,21
synth_8807,21
synth_8626,21
synth_8646,21
synth_8684,21
synth_8825,21
synth_8655,21
synth_8659,21
synth_8715,21
synth_8609,21
synth_8683,21
synth_8810,21
synth_8631,21
synth_8562,21
synth_8565,21
synth_8654,21
synth_8582,21
synth_8663,21
synth_8783,21
synth_8620,21
synth_8639,21
synth_8700,21
synth_8802,21
synth_8564,21
synth_8614,21
synth_8726,21
synth_8561,21
synth_8604,21
synth_8653,21
synth_8777,21
synth_8563,21
synth_8774,21
synth_8579,21
synth_8598,21
synth_8784,21
synth_8629,21
synth_8808,21
synth_8658,21
synth_8689,21
synth_8707,21
synth_8575,21
synth_8691,21
synth_8581,21
synth_8717,21
synth_8585,21
synth_8587,21
synth_8794,21
synth_8806,21
synth_8679,21
synth_8686,21
synth_8800,21
synth_8657,21
synth_8636,21
synth_8757,21
synth_8787,21
synth_8624,21
synth_8745,21
synth_8716,21
synth_8762,21
synth_8764,21
synth_8719,21
synth_8603,21
synth_8559,21
synth_8768,21
synth_8814,21
synth_8621,21
synth_8778,21
synth_8635,21
synth_8666,21
synth_8714,21
synth_8570,21
synth_8668,21
synth_8748,21
synth_8785,21
synth_8643,21
synth_8699,21
synth_8796,21
synth_8627,21
synth_8665,21
synth_8703,21
synth_8756,21
synth_8786,21
synth_8820,21
synth_8709,21
synth_8795,21
synth_8618,21
synth_8750,21
synth_8732,21
synth_8773,21
synth_8647,21
synth_8580,21
synth_8782,21
synth_8622,21
synth_8718,21
synth_8816,21
synth_8730,21
synth_8752,21
synth_8779,21
synth_8558,21
synth_8571,21
synth_8770,21
synth_8600,21
synth_8681,21
synth_8741,21
synth_8765,21
synth_8797,21
synth_8812,21
synth_8632,21
synth_8791,21
synth_8670,21
synth_8688,21
synth_8696,21
synth_8650,21
synth_8760,21
synth_8554,21
synth_8597,21
synth_8690,21
synth_8552,21
synth_8772,21
synth_8712,21
synth_8781,21
synth_8612,21
synth_8733,21
synth_8789,21
synth_8801,21
synth_8602,21
synth_8673,21
synth_8588,21
synth_8821,21
synth_8744,21
synth_8728,21
synth_8766,21
synth_8706,21
synth_8601,21
synth_8693,21
synth_8720,21
synth_8578,21
synth_8593,21
synth_8669,21
synth_8652,21
synth_8667,21
synth_8751,21
synth_8677,21
synth_8742,21
synth_8754,21
synth_8735,21
synth_8623,21
synth_8818,21
synth_8701,21
synth_8702,21
synth_8595,21
synth_8586,21
synth_8633,21
synth_8811,21
synth_8823,21
synth_8724,21
synth_8607,21
synth_8613,21
synth_8573,21
synth_8708,21
synth_8644,21
synth_8767,21
synth_8792,21
synth_8619,21
synth_8555,21
synth_8671,21
synth_8694,21
synth_8753,21
synth_8640,21
synth_8698,21
synth_8804,21
synth_8634,21
synth_8809,21
synth_8672,21
synth_8557,21
synth_8749,21
synth_8824,21
synth_8592,21
synth_8713,21
synth_8815,21
synth_8550,21
synth_8678,21
synth_8615,21
synth_8819,21
synth_8568,21
synth_8651,21
synth_8743,21
synth_8641,21
synth_8731,21
synth_8907,20
synth_8961,20
synth_9003,20
synth_8896,20
synth_8920,20
synth_8932,20
synth_8976,20
synth_8953,20
synth_9027,20
synth_9091,20
synth_9105,20
synth_8843,20
synth_9092,20
synth_8918,20
synth_9042,20
synth_8887,20
synth_8989,20
synth_9071,20
synth_9049,20
synth_8939,20
synth_9121,20
synth_8942,20
synth_8958,20
synth_9050,20
synth_9053,20
synth_8947,20
synth_8992,20
synth_9106,20
synth_9112,20
synth_8900,20
synth_8931,20
synth_9028,20
synth_9029,20
synth_8944,20
synth_8878,20
synth_8977,20
synth_9006,20
synth_9094,20
synth_8962,20
synth_9013,20
synth_8884,20
synth_9122,20
synth_8838,20
synth_9043,20
synth_9024,20
synth_9100,20
synth_9032,20
synth_8857,20
synth_8928,20
synth_8965,20
synth_9041,20
synth_9000,20
synth_8995,20
synth_8829,20
synth_8861,20
synth_8877,20
synth_9040,20
synth_9064,20
synth_8845,20
synth_8909,20
synth_9114,20
synth_9039,20
synth_9083,20
synth_8983,20
synth_9116,20
synth_9119,20
synth_8840,20
synth_8862,20
synth_9048,20
synth_9058,20
synth_8901,20
synth_8831,20
synth_8967,20
synth_8876,20
synth_9057,20
synth_8970,20
synth_9085,20
synth_8871,20
synth_8894,20
synth_8945,20
synth_9046,20
synth_8979,20
synth_9012,20
synth_8854,20
synth_9096,20
synth_9109,20
synth_9108,20
synth_8836,20
synth_8990,20
synth_9101,20
synth_8929,20
synth_9019,20
synth_8938,20
synth_9120,20
synth_8966,20
synth_9034,20
synth_8832,20
synth_9066,20
synth_9117,20
synth_9076,20
synth_8893,20
synth_8964,20
synth_9115,20
synth_8847,20
synth_9104,20
synth_8886,20
synth_9023,20
synth_8999,20
synth_9067,20
synth_9086,20
synth_9123,20
synth_8837,20
synth_8973,20
synth_8926,20
synth_9020,20
synth_8988,20
synth_9082,20
synth_8827,20
synth_8833,20
synth_9074,20
synth_8856,20
synth_8849,20
synth_8898,20
synth_8951,20
synth_8975,20
synth_8850,20
synth_9014,20
synth_8844,20
synth_8892,20
synth_8908,20
synth_8996,20
synth_9004,20
synth_9061,20
synth_9072,20
synth_9097,20
synth_8841,20
synth_9001,20
synth_9052,20
synth_9055,20
synth_8846,20
synth_9073,20
synth_9090,20
synth_8998,20
synth_8895,20
synth_9007,20
synth_9009,20
synth_8913,20
synth_8930,20
synth_9102,20
synth_8915,20
synth_9099,20
synth_8834,20
synth_8924,20
synth_8868,20
synth_9107,20
synth_8921,20
synth_9044,20
synth_9005,20
synth_9051,20
synth_8906,20
synth_9080,20
synth_8943,20
synth_8978,20
synth_9038,20
synth_9068,20
synth_8923,20
synth_8916,20
synth_8852,20
synth_8954,20
synth_8883,20
synth_8826,20
synth_8905,20
synth_8917,20
synth_8935,20
synth_8867,20
synth_8874,20
synth_8969,20
synth_9031,20
synth_9098,20
synth_8936,20
synth_8946,20
synth_9026,20
synth_9124,20
synth_8972,20
synth_8897,20
synth_9089,20
synth_9087,20
synth_8959,20
synth_9063,20
synth_9025,20
synth_8890,20
synth_9002,20
synth_8848,20
synth_8881,20
synth_9030,20
synth_8981,20
synth_9060,20
synth_9111,20
synth_8835,20
synth_8994,20
synth_9054,20
synth_9103,20
synth_8911,20
synth_8955,20
synth_9018,20
synth_9118,20
synth_8888,20
synth_8882,20
synth_8963,20
synth_8968,20
synth_9079,20
synth_8904,20
synth_8828,20
synth_8885,20
synth_8873,20
synth_8899,20
synth_8980,20
synth_9113,20
synth_8851,20
synth_8870,20
synth_8940,20
synth_8941,20
synth_9062,20
synth_8971,20
synth_8985,20
synth_8993,20
synth_9021,20
synth_9093,20
synth_9008,20
synth_9088,20
synth_8859,20
synth_8984,20
synth_8948,20
synth_9045,20
synth_8858,20
synth_9016,20
synth_9017,20
synth_9084,20
synth_8860,20
synth_8956,20
synth_8879,20
synth_8927,20
synth_8842,20
synth_8889,20
synth_9037,20
synth_8997,20
synth_8865,20
synth_8982,20
synth_8902,20
synth_8933,20
synth_9077,20
synth_8853,20
synth_8937,20
synth_8912,20
synth_8922,20
synth_8934,20
synth_8869,20
synth_9015,20
synth_8830,20
synth_8919,20
synth_8949,20
synth_9095,20
synth_8880,20
synth_8950,20
synth_8872,20
synth_8952,20
synth_8974,20
synth_8991,20
synth_9036,20
synth_9110,20
synth_9059,20
synth_9081,20
synth_8866,20
synth_8875,20
synth_8910,20
synth_9011,20
synth_9022,20
synth_8960,20
synth_8986,20
synth_9075,20
synth_9035,20
synth_9065,20
synth_8863,20
synth_8891,20
synth_8903,20
synth_8925,20
synth_9078,20
synth_9033,20
synth_8839,20
synth_8864,20
synth_9010,20
synth_9056,20
synth_8914,20
synth_9070,20
synth_8855,20
synth_8957,20
synth_8987,20
synth_9069,20
synth_9047,20
synth_9156,19
synth_9217,19
synth_9420,19
synth_9438,19
synth_9335,19
synth_9410,19
synth_9254,19
synth_9173,19
synth_9259,19
synth_9285,19
synth_9370,19
synth_9401,19
synth_9218,19
synth_9293,19
synth_9390,19
synth_9271,19
synth_9422,19
synth_9235,19
synth_9442,19
synth_9388,19
synth_9412,19
synth_9226,19
synth_9409,19
synth_9432,19
synth_9330,19
synth_9363,19
synth_9385,19
synth_9425,19
synth_9197,19
synth_9397,19
synth_9244,19
synth_9333,19
synth_9353,19
synth_9198,19
synth_9125,19
synth_9392,19
synth_9134,19
synth_9131,19
synth_9222,19
synth_9224,19
synth_9308,19
synth_9289,19
synth_9379,19
synth_9183,19
synth_9402,19
synth_9297,19
synth_9240,19
synth_9242,19
synth_9132,19
synth_9188,19
synth_9190,19
synth_9245,19
synth_9288,19
synth_9321,19
synth_9380,19
synth_9140,19
synth_9128,19
synth_9291,19
synth_9354,19
synth_9365,19
synth_9169,19
synth_9186,19
synth_9275,19
synth_9367,19
synth_9362,19
synth_9152,19
synth_9153,19
synth_9313,19
synth_9158,19
synth_9375,19
synth_9393,19
synth_9448,19
synth_9144,19
synth_9185,19
synth_9325,19
synth_9336,19
synth_9162,19
synth_9255,19
synth_9351,19
synth_9209,19
synth_9129,19
synth_9166,19
synth_9191,19
synth_9211,19
synth_9294,19
synth_9248,19
synth_9337,19
synth_9346,19
synth_9361,19
synth_9278,19
synth_9127,19
synth_9192,19
synth_9230,19
synth_9196,19
synth_9161,19
synth_9200,19
synth_9229,19
synth_9386,19
synth_9258,19
synth_9277,19
synth_9449,19
synth_9312,19
synth_9187,19
synth_9310,19
synth_9315,19
synth_9328,19
synth_9407,19
synth_9377,19
synth_9418,19
synth_9318,19
synth_9350,19
synth_9221,19
synth_9364,19
synth_9233,19
synth_9241,19
synth_9342,19
synth_9287,19
synth_9413,19
synth_9282,19
synth_9405,19
synth_9176,19
synth_9251,19
synth_9164,19
synth_9440,19
synth_9213,19
synth_9399,19
synth_9232,19
synth_9323,19
synth_9366,19
synth_9314,19
synth_9368,19
synth_9378,19
synth_9400,19
synth_9212,19
synth_9273,19
synth_9434,19
synth_9180,19
synth_9281,19
synth_9324,19
synth_9411,19
synth_9300,19
synth_9236,19
synth_9357,19
synth_9433,19
synth_9256,19
synth_9356,19
synth_9443,19
synth_9416,19
synth_9147,19
synth_9267,19
synth_9383,19
synth_9309,19
synth_9436,19
synth_9431,19
synth_9441,19
synth_9146,19
synth_9426,19
synth_9340,19
synth_9359,19
synth_9184,19
synth_9138,19
synth_9343,19
synth_9391,19
synth_9447,19
synth_9206,19
synth_9208,19
synth_9238,19
synth_9305,19
synth_9159,19
synth_9203,19
synth_9149,19
synth_9322,19
synth_9445,19
synth_9274,19
synth_9338,19
synth_9214,19
synth_9266,19
synth_9327,19
synth_9355,19
synth_9257,19
synth_9381,19
synth_9414,19
synth_9142,19
synth_9249,19
synth_9417,19
synth_9126,19
synth_9268,19
synth_9331,19
synth_9215,19
synth_9290,19
synth_9316,19
synth_9319,19
synth_9298,19
synth_9130,19
synth_9201,19
synth_9302,19
synth_9189,19
synth_9154,19
synth_9219,19
synth_9202,19
synth_9194,19
synth_9237,19
synth_9171,19
synth_9148,19
synth_9136,19
synth_9329,19
synth_9332,19
synth_9345,19
synth_9272,19
synth_9376,19
synth_9195,19
synth_9168,19
synth_9286,19
synth_9160,19
synth_9263,19
synth_9384,19
synth_9358,19
synth_9163,19
synth_9175,19
synth_9210,19
synth_9220,19
synth_9145,19
synth_9303,19
synth_9165,19
synth_9439,19
synth_9269,19
synth_9306,19
synth_9311,19
synth_9446,19
synth_9181,19
synth_9270,19
synth_9264,19
synth_9389,19
synth_9204,19
synth_9228,19
synth_9435,19
synth_9280,19
synth_9320,19
synth_9382,19
synth_9394,19
synth_9151,19
synth_9243,19
synth_9299,19
synth_9231,19
synth_9247,19
synth_9283,19
synth_9304,19
synth_9349,19
synth_9182,19
synth_9234,19
synth_9360,19
synth_9265,19
synth_9246,19
synth_9252,19
synth_9284,19
synth_9301,19
synth_9317,19
synth_9137,19
synth_9178,19
synth_9395,19
synth_9374,19
synth_9352,19
synth_9133,19
synth_9307,19
synth_9415,19
synth_9177,19
synth_9155,19
synth_9262,19
synth_9279,19
synth_9135,19
synth_9139,19
synth_9239,19
synth_9429,19
synth_9223,19
synth_9428,19
synth_9253,19
synth_9261,19
synth_9276,19
synth_9372,19
synth_9199,19
synth_9398,19
synth_9179,19
synth_9406,19
synth_9225,19
synth_9143,19
synth_9403,19
synth_9157,19
synth_9150,19
synth_9437,19
synth_9334,19
synth_9423,19
synth_9295,19
synth_9296,19
synth_9326,19
synth_9408,19
synth_9387,19
synth_9424,19
synth_9205,19
synth_9444,19
synth_9141,19
synth_9404,19
synth_9427,19
synth_9292,19
synth_9347,19
synth_9373,19
synth_9170,19
synth_9174,19
synth_9344,19
synth_9450,19
synth_9167,19
synth_9207,19
synth_9172,19
synth_9227,19
synth_9341,19
synth_9250,19
synth_9339,19
synth_9371,19
synth_9430,19
synth_9216,19
synth_9260,19
synth_9419,19
synth_9421,19
synth_9193,19
synth_9369,19
synth_9396,19
synth_9348,19
synth_9587,18
synth_9788,18
synth_9553,18
synth_9652,18
synth_9754,18
synth_9656,18
synth_9718,18
synth_9459,18
synth_9484,18
synth_9487,18
synth_9724,18
synth_9729,18
synth_9584,18
synth_9710,18
synth_9542,18
synth_9464,18
synth_9489,18
synth_9495,18
synth_9646,18
synth_9794,18
synth_9627,18
synth_9473,18
synth_9491,18
synth_9600,18
synth_9745,18
synth_9629,18
synth_9757,18
synth_9499,18
synth_9471,18
synth_9663,18
synth_9680,18
synth_9800,18
synth_9668,18
synth_9566,18
synth_9569,18
synth_9502,18
synth_9476,18
synth_9631,18
synth_9688,18
synth_9578,18
synth_9683,18
synth_9606,18
synth_9576,18
synth_9586,18
synth_9804,18
synth_9552,18
synth_9611,18
synth_9692,18
synth_9564,18
synth_9460,18
synth_9657,18
synth_9733,18
synth_9612,18
synth_9634,18
synth_9635,18
synth_9790,18
synth_9524,18
synth_9682,18
synth_9759,18
synth_9568,18
synth_9778,18
synth_9799,18
synth_9660,18
synth_9532,18
synth_9706,18
synth_9723,18
synth_9572,18
synth_9654,18
synth_9735,18
synth_9461,18
synth_9617,18
synth_9662,18
synth_9674,18
synth_9675,18
synth_9462,18
synth_9715,18
synth_9751,18
synth_9785,18
synth_9531,18
synth_9684,18
synth_9518,18
synth_9686,18
synth_9730,18
synth_9744,18
synth_9452,18
synth_9601,18
synth_9687,18
synth_9540,18
synth_9737,18
synth_9743,18
synth_9477,18
synth_9713,18
synth_9604,18
synth_9514,18
synth_9700,18
synth_9708,18
synth_9561,18
synth_9694,18
synth_9795,18
synth_9623,18
synth_9505,18
synth_9669,18
synth_9497,18
synth_9589,18
synth_9557,18
synth_9588,18
synth_9672,18
synth_9747,18
synth_9458,18
synth_9643,18
synth_9650,18
synth_9739,18
synth_9451,18
synth_9457,18
synth_9783,18
synth_9797,18
synth_9766,18
synth_9597,18
synth_9515,18
synth_9661,18
synth_9664,18
synth_9673,18
synth_9791,18
synth_9543,18
synth_9549,18
synth_9626,18
synth_9483,18
synth_9486,18
synth_9690,18
synth_9765,18
synth_9590,18
synth_9658,18
synth_9698,18
synth_9494,18
synth_9648,18
synth_9703,18
synth_9750,18
synth_9701,18
synth_9671,18
synth_9736,18
synth_9544,18
synth_9793,18
synth_9482,18
synth_9653,18
synth_9726,18
synth_9558,18
synth_9501,18
synth_9535,18
synth_9773,18
synth_9545,18
synth_9548,18
synth_9481,18
synth_9711,18
synth_9803,18
synth_9712,18
synth_9511,18
synth_9560,18
synth_9624,18
synth_9798,18
synth_9454,18
synth_9528,18
synth_9666,18
synth_9693,18
synth_9478,18
synth_9732,18
synth_9796,18
synth_9621,18
synth_9651,18
synth_9667,18
synth_9519,18
synth_9554,18
synth_9474,18
synth_9550,18
synth_9717,18
synth_9746,18
synth_9786,18
synth_9607,18
synth_9699,18
synth_9463,18
synth_9608,18
synth_9755,18
synth_9546,18
synth_9670,18
synth_9704,18
synth_9787,18
synth_9802,18
synth_9516,18
synth_9513,18
synth_9609,18
synth_9479,18
synth_9642,18
synth_9714,18
synth_9563,18
synth_9665,18
synth_9507,18
synth_9579,18
synth_9595,18
synth_9504,18
synth_9530,18
synth_9770,18
synth_9616,18
synth_9493,18
synth_9625,18
synth_9742,18
synth_9610,18
synth_9638,18
synth_9539,18
synth_9784,18
synth_9469,18
synth_9510,18
synth_9637,18
synth_9767,18
synth_9508,18
synth_9573,18
synth_9719,18
synth_9758,18
synth_9774,18
synth_9562,18
synth_9580,18
synth_9565,18
synth_9470,18
synth_9488,18
synth_9752,18
synth_9763,18
synth_9705,18
synth_9677,18
synth_9492,18
synth_9529,18
synth_9574,18
synth_9594,18
synth_9649,18
synth_9697,18
synth_9738,18
synth_9695,18
synth_9570,18
synth_9676,18
synth_9506,18
synth_9655,18
synth_9533,18
synth_9534,18
synth_9679,18
synth_9559,18
synth_9689,18
synth_9805,18
synth_9585,18
synth_9702,18
synth_9577,18
synth_9716,18
synth_9807,18
synth_9466,18
synth_9536,18
synth_9581,18
synth_9721,18
synth_9681,18
synth_9696,18
synth_9753,18
synth_9789,18
synth_9618,18
synth_9620,18
synth_9801,18
synth_9613,18
synth_9734,18
synth_9772,18
synth_9465,18
synth_9525,18
synth_9762,18
synth_9777,18
synth_9632,18
synth_9480,18
synth_9633,18
synth_9547,18
synth_9619,18
synth_9628,18
synth_9509,18
synth_9602,18
synth_9644,18
synth_9685,18
synth_9806,18
synth_9517,18
synth_9591,18
synth_9622,18
synth_9760,18
synth_9782,18
synth_9582,18
synth_9647,18
synth_9537,18
synth_9645,18
synth_9490,18
synth_9567,18
synth_9500,18
synth_9792,18
synth_9731,18
synth_9768,18
synth_9538,18
synth_9503,18
synth_9636,18
synth_9725,18
synth_9614,18
synth_9756,18
synth_9639,18
synth_9659,18
synth_9475,18
synth_9596,18
synth_9779,18
synth_9575,18
synth_9741,18
synth_9775,18
synth_9496,18
synth_9727,18
synth_9598,18
synth_9605,18
synth_9749,18
synth_9551,18
synth_9709,18
synth_9776,18
synth_9521,18
synth_9780,18
synth_9640,18
synth_9641,18
synth_9761,18
synth_9771,18
synth_9485,18
synth_9678,18
synth_9467,18
synth_9556,18
synth_9615,18
synth_9583,18
synth_9593,18
synth_9707,18
synth_9571,18
synth_9630,18
synth_9740,18
synth_9781,18
synth_9555,18
synth_9603,18
synth_9456,18
synth_9526,18
synth_9599,18
synth_9472,18
synth_9512,18
synth_9523,18
synth_9541,18
synth_9468,18
synth_9527,18
synth_9748,18
synth_9764,18
synth_9720,18
synth_9498,18
synth_9453,18
synth_9455,18
synth_9522,18
synth_9592,18
synth_9722,18
synth_9520,18
synth_9728,18
synth_9691,18
synth_9769,18
synth_9908,17
synth_9926,17
synth_10033,17
synth_9985,17
synth_9994,17
synth_9958,17
synth_9827,17
synth_9989,17
synth_9816,17
synth_9841,17
synth_9950,17
synth_10079,17
synth_9829,17
synth_9863,17
synth_9910,17
synth_10140,17
synth_10070,17
synth_9882,17
synth_9914,17
synth_9972,17
synth_10163,17
synth_10016,17
synth_10022,17
synth_10059,17
synth_10145,17
synth_10013,17
synth_10198,17
synth_10115,17
synth_10146,17
synth_9871,17
synth_10150,17
synth_10066,17
synth_10036,17
synth_10125,17
synth_10132,17
synth_9812,17
synth_9939,17
synth_10028,17
synth_10118,17
synth_9981,17
synth_10023,17
synth_10047,17
synth_9889,17
synth_9980,17
synth_10172,17
synth_9916,17
synth_10006,17
synth_10170,17
synth_9809,17
synth_9957,17
synth_10181,17
synth_9830,17
synth_10077,17
synth_9851,17
synth_10027,17
synth_10041,17
synth_9821,17
synth_9946,17
synth_10050,17
synth_9944,17
synth_9953,17
synth_10197,17
synth_9862,17
synth_10089,17
synth_10093,17
synth_10128,17
synth_10159,17
synth_10057,17
synth_9929,17
synth_9938,17
synth_9917,17
synth_10062,17
synth_10084,17
synth_10155,17
synth_9849,17
synth_9904,17
synth_9936,17
synth_10178,17
synth_9832,17
synth_10135,17
synth_10003,17
synth_9848,17
synth_9982,17
synth_9998,17
synth_10004,17
synth_10038,17
synth_9890,17
synth_9835,17
synth_9856,17
synth_9919,17
synth_10195,17
synth_9845,17
synth_9961,17
synth_10137,17
synth_10043,17
synth_10087,17
synth_9977,17
synth_9868,17
synth_10171,17
synth_9843,17
synth_10105,17
synth_10117,17
synth_9988,17
synth_9870,17
synth_9840,17
synth_9886,17
synth_10060,17
synth_10142,17
synth_10147,17
synth_10173,17
synth_10113,17
synth_9920,17
synth_9819,17
synth_9820,17
synth_10021,17
synth_10009,17
synth_9811,17
synth_10001,17
synth_10072,17
synth_9875,17
synth_10055,17
synth_10114,17
synth_10143,17
synth_10191,17
synth_9865,17
synth_10046,17
synth_10144,17
synth_10088,17
synth_9930,17
synth_10184,17
synth_10102,17
synth_9948,17
synth_9928,17
synth_10176,17
synth_9837,17
synth_9986,17
synth_10002,17
synth_9822,17
synth_10081,17
synth_10096,17
synth_10180,17
synth_9859,17
synth_10011,17
synth_10042,17
synth_10148,17
synth_10056,17
synth_9974,17
synth_9872,17
synth_10054,17
synth_10175,17
synth_9906,17
synth_9963,17
synth_9967,17
synth_10189,17
synth_10139,17
synth_10086,17
synth_9970,17
synth_10061,17
synth_9857,17
synth_9984,17
synth_9878,17
synth_10119,17
synth_9966,17
synth_10190,17
synth_9907,17
synth_9931,17
synth_10120,17
synth_10092,17
synth_10101,17
synth_9962,17
synth_10080,17
synth_9941,17
synth_10166,17
synth_9979,17
synth_9898,17
synth_9877,17
synth_9964,17
synth_10185,17
synth_9925,17
synth_9824,17
synth_9954,17
synth_10073,17
synth_10133,17
synth_9933,17
synth_9915,17
synth_9923,17
synth_9976,17
synth_9945,17
synth_10051,17
synth_10112,17
synth_10131,17
synth_10082,17
synth_9987,17
synth_10031,17
synth_10097,17
synth_9949,17
synth_10157,17
synth_9992,17
synth_9996,17
synth_9892,17
synth_10007,17
synth_9947,17
synth_10067,17
synth_9864,17
synth_10063,17
synth_10154,17
synth_10188,17
synth_10116,17
synth_10160,17
synth_9847,17
synth_10035,17
synth_10193,17
synth_9825,17
synth_9897,17
synth_10122,17
synth_10124,17
synth_9952,17
synth_9884,17
synth_9903,17
synth_9905,17
synth_10015,17
synth_9860,17
synth_10049,17
synth_9975,17
synth_10167,17
synth_9901,17
synth_9902,17
synth_9991,17
synth_9818,17
synth_9887,17
synth_9955,17
synth_10083,17
synth_10158,17
synth_9943,17
synth_10039,17
synth_10186,17
synth_9927,17
synth_10045,17
synth_10156,17
synth_9912,17
synth_9969,17
synth_10196,17
synth_9911,17
synth_9942,17
synth_10010,17
synth_10085,17
synth_10153,17
synth_9817,17
synth_10037,17
synth_10141,17
synth_10183,17
synth_10005,17
synth_10048,17
synth_10064,17
synth_9973,17
synth_9844,17
synth_9866,17
synth_9842,17
synth_9896,17
synth_9823,17
synth_9846,17
synth_9883,17
synth_10069,17
synth_9880,17
synth_10029,17
synth_9937,17
synth_9834,17
synth_9858,17
synth_10017,17
synth_10174,17
synth_9876,17
synth_9978,17
synth_9853,17
synth_9990,17
synth_10094,17
synth_10103,17
synth_10104,17
synth_10165,17
synth_9900,17
synth_10194,17
synth_9814,17
synth_10000,17
synth_10044,17
synth_10034,17
synth_9826,17
synth_10071,17
synth_9874,17
synth_10107,17
synth_9899,17
synth_9951,17
synth_10052,17
synth_10149,17
synth_9960,17
synth_10075,17
synth_10182,17
synth_9893,17
synth_9921,17
synth_10008,17
synth_9839,17
synth_9956,17
synth_10100,17
synth_10074,17
synth_10134,17
synth_9867,17
synth_9934,17
synth_10121,17
synth_9838,17
synth_9894,17
synth_9808,17
synth_10053,17
synth_10127,17
synth_9924,17
synth_9932,17
synth_10110,17
synth_10187,17
synth_10169,17
synth_9815,17
synth_9828,17
synth_10126,17
synth_10192,17
synth_9993,17
synth_9965,17
synth_10095,17
synth_10130,17
synth_9959,17
synth_9850,17
synth_9995,17
synth_9997,17
synth_9891,17
synth_9879,17
synth_9895,17
synth_10026,17
synth_9888,17
synth_9971,17
synth_10151,17
synth_10161,17
synth_9983,17
synth_10076,17
synth_10168,17
synth_10090,17
synth_10106,17
synth_10012,17
synth_10030,17
synth_9810,17
synth_9833,17
synth_9861,17
synth_10032,17
synth_9968,17
synth_10179,17
synth_10129,17
synth_10138,17
synth_9940,17
synth_10014,17
synth_9873,17
synth_10136,17
synth_9852,17
synth_10025,17
synth_10109,17
synth_9885,17
synth_9922,17
synth_9855,17
synth_9836,17
synth_9854,17
synth_9909,17
synth_9913,17
synth_10099,17
synth_9869,17
synth_10020,17
synth_10098,17
synth_9999,17
synth_10040,17
synth_10068,17
synth_10152,17
synth_10199,17
synth_9918,17
synth_9813,17
synth_10018,17
synth_10065,17
synth_9831,17
synth_10024,17
synth_10078,17
synth_10108,17
synth_9935,17
synth_10091,17
synth_10111,17
synth_9881,17
synth_10162,17
synth_10164,17
synth_10123,17
synth_10019,17
synth_10058,17
synth_10177,17
synth_10452,16
synth_10229,16
synth_10610,16
synth_10624,16
synth_10392,16
synth_10478,16
synth_10621,16
synth_10560,16
synth_10589,16
synth_10587,16
synth_10619,16
synth_10345,16
synth_10451,16
synth_10447,16
synth_10488,16
synth_10410,16
synth_10493,16
synth_10232,16
synth_10433,16
synth_10459,16
synth_10217,16
synth_10236,16
synth_10361,16
synth_10309,16
synth_10412,16
synth_10400,16
synth_10631,16
synth_10355,16
synth_10384,16
synth_10500,16
synth_10572,16
synth_10596,16
synth_10203,16
synth_10301,16
synth_10588,16
synth_10591,16
synth_10414,16
synth_10346,16
synth_10552,16
synth_10281,16
synth_10365,16
synth_10508,16
synth_10208,16
synth_10366,16
synth_10514,16
synth_10268,16
synth_10510,16
synth_10305,16
synth_10332,16
synth_10556,16
synth_10525,16
synth_10255,16
synth_10261,16
synth_10269,16
synth_10379,16
synth_10546,16
synth_10615,16
synth_10382,16
synth_10437,16
synth_10501,16
synth_10541,16
synth_10431,16
synth_10584,16
synth_10279,16
synth_10466,16
synth_10542,16
synth_10553,16
synth_10590,16
synth_10492,16
synth_10520,16
synth_10522,16
synth_10577,16
synth_10211,16
synth_10214,16
synth_10427,16
synth_10471,16
synth_10554,16
synth_10390,16
synth_10529,16
synth_10537,16
synth_10356,16
synth_10545,16
synth_10223,16
synth_10370,16
synth_10375,16
synth_10402,16
synth_10547,16
synth_10343,16
synth_10535,16
synth_10358,16
synth_10373,16
synth_10625,16
synth_10278,16
synth_10348,16
synth_10359,16
synth_10440,16
synth_10228,16
synth_10230,16
synth_10369,16
synth_10562,16
synth_10568,16
synth_10201,16
synth_10304,16
synth_10209,16
synth_10246,16
synth_10263,16
synth_10353,16
synth_10257,16
synth_10448,16
synth_10465,16
synth_10539,16
synth_10296,16
synth_10378,16
synth_10314,16
synth_10394,16
synth_10600,16
synth_10307,16
synth_10318,16
synth_10377,16
synth_10458,16
synth_10585,16
synth_10550,16
synth_10549,16
synth_10605,16
synth_10613,16
synth_10242,16
synth_10270,16
synth_10387,16
synth_10481,16
synth_10598,16
synth_10415,16
synth_10204,16
synth_10272,16
synth_10276,16
synth_10457,16
synth_10460,16
synth_10473,16
synth_10338,16
synth_10360,16
synth_10567,16
synth_10620,16
synth_10277,16
synth_10306,16
synth_10411,16
synth_10583,16
synth_10240,16
synth_10297,16
synth_10450,16
synth_10456,16
synth_10449,16
synth_10491,16
synth_10289,16
synth_10368,16
synth_10432,16
synth_10461,16
synth_10273,16
synth_10551,16
synth_10225,16
synth_10282,16
synth_10334,16
synth_10517,16
synth_10494,16
synth_10267,16
synth_10357,16
synth_10423,16
synth_10424,16
synth_10487,16
synth_10287,16
synth_10298,16
synth_10404,16
synth_10210,16
synth_10617,16
synth_10474,16
synth_10380,16
synth_10482,16
synth_10252,16
synth_10381,16
synth_10284,16
synth_10527,16
synth_10604,16
synth_10264,16
synth_10324,16
synth_10532,16
synth_10586,16
synth_10632,16
synth_10530,16
synth_10495,16
synth_10524,16
synth_10628,16
synth_10249,16
synth_10253,16
synth_10405,16
synth_10504,16
synth_10534,16
synth_10557,16
synth_10536,16
synth_10441,16
synth_10565,16
synth_10212,16
synth_10409,16
synth_10438,16
synth_10559,16
synth_10351,16
synth_10627,16
synth_10320,16
synth_10420,16
synth_10231,16
synth_10312,16
synth_10513,16
synth_10601,16
synth_10446,16
synth_10475,16
synth_10526,16
synth_10406,16
synth_10543,16
synth_10241,16
synth_10286,16
synth_10374,16
synth_10497,16
synth_10265,16
synth_10342,16
synth_10422,16
synth_10608,16
synth_10352,16
synth_10576,16
synth_10221,16
synth_10234,16
synth_10395,16
synth_10445,16
synth_10295,16
synth_10325,16
synth_10484,16
synth_10275,16
synth_10485,16
synth_10533,16
synth_10606,16
synth_10222,16
synth_10623,16
synth_10310,16
synth_10496,16
synth_10540,16
synth_10595,16
synth_10258,16
synth_10499,16
synth_10561,16
synth_10245,16
synth_10290,16
synth_10303,16
synth_10505,16
synth_10444,16
synth_10480,16
synth_10569,16
synth_10215,16
synth_10393,16
synth_10435,16
synth_10597,16
synth_10256,16
synth_10247,16
synth_10311,16
synth_10319,16
synth_10326,16
synth_10339,16
synth_10602,16
synth_10274,16
synth_10469,16
synth_10544,16
synth_10574,16
synth_10328,16
synth_10335,16
synth_10421,16
synth_10470,16
synth_10570,16
synth_10389,16
synth_10467,16
synth_10507,16
synth_10626,16
synth_10397,16
synth_10612,16
synth_10300,16
synth_10558,16
synth_10294,16
synth_10354,16
synth_10383,16
synth_10321,16
synth_10363,16
synth_10443,16
synth_10521,16
synth_10538,16
synth_10293,16
synth_10430,16
synth_10288,16
synth_10418,16
synth_10344,16
synth_10453,16
synth_10262,16
synth_10337,16
synth_10462,16
synth_10573,16
synth_10616,16
synth_10633,16
synth_10283,16
synth_10408,16
synth_10468,16
synth_10442,16
synth_10571,16
synth_10239,16
synth_10391,16
synth_10401,16
synth_10313,16
synth_10330,16
synth_10489,16
synth_10512,16
synth_10385,16
synth_10403,16
synth_10502,16
synth_10578,16
synth_10280,16
synth_10349,16
synth_10479,16
synth_10292,16
synth_10243,16
synth_10340,16
synth_10498,16
synth_10511,16
synth_10376,16
synth_10594,16
synth_10244,16
synth_10531,16
synth_10207,16
synth_10227,16
synth_10350,16
synth_10516,16
synth_10548,16
synth_10614,16
synth_10206,16
synth_10388,16
synth_10216,16
synth_10611,16
synth_10396,16
synth_10579,16
synth_10213,16
synth_10285,16
synth_10291,16
synth_10329,16
synth_10563,16
synth_10347,16
synth_10371,16
synth_10592,16
synth_10618,16
synth_10218,16
synth_10515,16
synth_10575,16
synth_10599,16
synth_10490,16
synth_10506,16
synth_10362,16
synth_10566,16
synth_10333,16
synth_10436,16
synth_10564,16
synth_10220,16
synth_10224,16
synth_10266,16
synth_10555,16
synth_10630,16
synth_10233,16
synth_10237,16
synth_10483,16
synth_10593,16
synth_10367,16
synth_10417,16
synth_10580,16
synth_10259,16
synth_10464,16
synth_10528,16
synth_10219,16
synth_10248,16
synth_10251,16
synth_10323,16
synth_10413,16
synth_10477,16
synth_10581,16
synth_10622,16
synth_10205,16
synth_10271,16
synth_10302,16
synth_10327,16
synth_10386,16
synth_10419,16
synth_10582,16
synth_10454,16
synth_10407,16
synth_10439,16
synth_10226,16
synth_10322,16
synth_10425,16
synth_10372,16
synth_10428,16
synth_10299,16
synth_10331,16
synth_10341,16
synth_10519,16
synth_10336,16
synth_10486,16
synth_10250,16
synth_10455,16
synth_10308,16
synth_10463,16
synth_10503,16
synth_10607,16
synth_10200,16
synth_10399,16
synth_10235,16
synth_10260,16
synth_10317,16
synth_10429,16
synth_10434,16
synth_10472,16
synth_10315,16
synth_10398,16
synth_10509,16
synth_10518,16
synth_10523,16
synth_10254,16
synth_10364,16
synth_10416,16
synth_10426,16
synth_10603,16
synth_10202,16
synth_10476,16
synth_10238,16
synth_10629,16
synth_10316,16
synth_10609,16
synth_10754,15
synth_10881,15
synth_10699,15
synth_10753,15
synth_10804,15
synth_11005,15
synth_10905,15
synth_10959,15
synth_10985,15
synth_10748,15
synth_10774,15
synth_10908,15
synth_10673,15
synth_10677,15
synth_10872,15
synth_10914,15
synth_11025,15
synth_11082,15
synth_10645,15
synth_10800,15
synth_10856,15
synth_10935,15
synth_10660,15
synth_10831,15
synth_10989,15
synth_10759,15
synth_10640,15
synth_10693,15
synth_10710,15
synth_10828,15
synth_10834,15
synth_10927,15
synth_11085,15
synth_11043,15
synth_10666,15
synth_10736,15
synth_10955,15
synth_11047,15
synth_10865,15
synth_11060,15
synth_11067,15
synth_10703,15
synth_10811,15
synth_10946,15
synth_10731,15
synth_10824,15
synth_10806,15
synth_10646,15
synth_10700,15
synth_10838,15
synth_11056,15
synth_10665,15
synth_10730,15
synth_10652,15
synth_10679,15
synth_10829,15
synth_10870,15
synth_10898,15
synth_11052,15
synth_10896,15
synth_11017,15
synth_11054,15
synth_11099,15
synth_10844,15
synth_10915,15
synth_10634,15
synth_10733,15
synth_10743,15
synth_10951,15
synth_10997,15
synth_10706,15
synth_10909,15
synth_10928,15
synth_11058,15
synth_10683,15
synth_10842,15
synth_10916,15
synth_11103,15
synth_10771,15
synth_10786,15
synth_10816,15
synth_11083,15
synth_11101,15
synth_10720,15
synth_10967,15
synth_10836,15
synth_10996,15
synth_10923,15
synth_10792,15
synth_10953,15
synth_11030,15
synth_10793,15
synth_11042,15
synth_11087,15
synth_10728,15
synth_10994,15
synth_11012,15
synth_10780,15
synth_10807,15
synth_10670,15
synth_10864,15
synth_10767,15
synth_10890,15
synth_11010,15
synth_10922,15
synth_11022,15
synth_11055,15
synth_10741,15
synth_10876,15
synth_10702,15
synth_10791,15
synth_11092,15
synth_10843,15
synth_10662,15
synth_10810,15
synth_10642,15
synth_10797,15
synth_11007,15
synth_11026,15
synth_10891,15
synth_10732,15
synth_10772,15
synth_10766,15
synth_10924,15
synth_10991,15
synth_10765,15
synth_10799,15
synth_10912,15
synth_10979,15
synth_10725,15
synth_10943,15
synth_10990,15
synth_11113,15
synth_10711,15
synth_10638,15
synth_10690,15
synth_10869,15
synth_11108,15
synth_10750,15
synth_10682,15
synth_10769,15
synth_10776,15
synth_10901,15
synth_11074,15
synth_10696,15
synth_10763,15
synth_10849,15
synth_10672,15
synth_10746,15
synth_10987,15
synth_10650,15
synth_10778,15
synth_10783,15
synth_10850,15
synth_10822,15
synth_10841,15
synth_11015,15
synth_10879,15
synth_10798,15
synth_10852,15
synth_11069,15
synth_11106,15
synth_11117,15
synth_10770,15
synth_10883,15
synth_11057,15
synth_10899,15
synth_11048,15
synth_10675,15
synth_10926,15
synth_11088,15
synth_10808,15
synth_10986,15
synth_11031,15
synth_11112,15
synth_10658,15
synth_10906,15
synth_10977,15
synth_11014,15
synth_10971,15
synth_10860,15
synth_11003,15
synth_11038,15
synth_10845,15
synth_10903,15
synth_10925,15
synth_10944,15
synth_10648,15
synth_10721,15
synth_10950,15
synth_11065,15
synth_11066,15
synth_11111,15
synth_10686,15
synth_10826,15
synth_10947,15
synth_10921,15
synth_10978,15
synth_11002,15
synth_11039,15
synth_10692,15
synth_10695,15
synth_10737,15
synth_10758,15
synth_11040,15
synth_10643,15
synth_11095,15
synth_10714,15
synth_10813,15
synth_10962,15
synth_10981,15
synth_10821,15
synth_10644,15
synth_10992,15
synth_10712,15
synth_10781,15
synth_10782,15
synth_10789,15
synth_10936,15
synth_10716,15
synth_10983,15
synth_10681,15
synth_10858,15
synth_10911,15
synth_11089,15
synth_11115,15
synth_10873,15
synth_10931,15
synth_10918,15
synth_10930,15
synth_10687,15
synth_10932,15
synth_10708,15
synth_10853,15
synth_10830,15
synth_10885,15
synth_10773,15
synth_10892,15
synth_10713,15
synth_10919,15
synth_11009,15
synth_11053,15
synth_11104,15
synth_10676,15
synth_10755,15
synth_10768,15
synth_11008,15
synth_11093,15
synth_11097,15
synth_10802,15
synth_10975,15
synth_10984,15
synth_10719,15
synth_10777,15
synth_10657,15
synth_10775,15
synth_10867,15
synth_10878,15
synth_10937,15
synth_10671,15
synth_10680,15
synth_10837,15
synth_11077,15
synth_10744,15
synth_10880,15
synth_10707,15
synth_10762,15
synth_10961,15
synth_11001,15
synth_11018,15
synth_11029,15
synth_10999,15
synth_11019,15
synth_11021,15
synth_10847,15
synth_10934,15
synth_10653,15
synth_10814,15
synth_10819,15
synth_10945,15
synth_11033,15
synth_11116,15
synth_10735,15
synth_10871,15
synth_10668,15
synth_10757,15
synth_10697,15
synth_10761,15
synth_10886,15
synth_10993,15
synth_10688,15
synth_10698,15
synth_11090,15
synth_10920,15
synth_11098,15
synth_10803,15
synth_10818,15
synth_10863,15
synth_10784,15
synth_10684,15
synth_10809,15
synth_10938,15
synth_10747,15
synth_10788,15
synth_10833,15
synth_10859,15
synth_10866,15
synth_10963,15
synth_10972,15
synth_11036,15
synth_11075,15
synth_10785,15
synth_10957,15
synth_10722,15
synth_10910,15
synth_11006,15
synth_11100,15
synth_10689,15
synth_10739,15
synth_10976,15
synth_10794,15
synth_10964,15
synth_10965,15
synth_11061,15
synth_10884,15
synth_11004,15
synth_11081,15
synth_10815,15
synth_10848,15
synth_10948,15
synth_11000,15
synth_11059,15
synth_10651,15
synth_10659,15
synth_11024,15
synth_10656,15
synth_10742,15
synth_10839,15
synth_10888,15
synth_10685,15
synth_10709,15
synth_10882,15
synth_10820,15
synth_11062,15
synth_10636,15
synth_10664,15
synth_10740,15
synth_10779,15
synth_10939,15
synth_10970,15
synth_11109,15
synth_11110,15
synth_11114,15
synth_10929,15
synth_11094,15
synth_10637,15
synth_10875,15
synth_10917,15
synth_10998,15
synth_10655,15
synth_10902,15
synth_10913,15
synth_10823,15
synth_10942,15
synth_11044,15
synth_10764,15
synth_10868,15
synth_10980,15
synth_10956,15
synth_11045,15
synth_11086,15
synth_10654,15
synth_10691,15
synth_10827,15
synth_10968,15
synth_11041,15
synth_11080,15
synth_10678,15
synth_10734,15
synth_10790,15
synth_10857,15
synth_10894,15
synth_10969,15
synth_11078,15
synth_10649,15
synth_10661,15
synth_10756,15
synth_11035,15
synth_11072,15
synth_10727,15
synth_10835,15
synth_10940,15
synth_10704,15
synth_10825,15
synth_10846,15
synth_10874,15
synth_11020,15
synth_10647,15
synth_10966,15
synth_11050,15
synth_11051,15
synth_10862,15
synth_10887,15
synth_11011,15
synth_11013,15
synth_10745,15
synth_10854,15
synth_11032,15
synth_10877,15
synth_11016,15
synth_11037,15
synth_11091,15
synth_10641,15
synth_10805,15
synth_10840,15
synth_10795,15
synth_11102,15
synth_10787,15
synth_10960,15
synth_11034,15
synth_10900,15
synth_11049,15
synth_10726,15
synth_10667,15
synth_10674,15
synth_10701,15
synth_10738,15
synth_10751,15
synth_10817,15
synth_10861,15
synth_10958,15
synth_10752,15
synth_10988,15
synth_11096,15
synth_10639,15
synth_10723,15
synth_10949,15
synth_11028,15
synth_11079,15
synth_10801,15
synth_10855,15
synth_10941,15
synth_11076,15
synth_10635,15
synth_10715,15
synth_10832,15
synth_11046,15
synth_11105,15
synth_10952,15
synth_11023,15
synth_11070,15
synth_11071,15
synth_11073,15
synth_10954,15
synth_10718,15
synth_10812,15
synth_10933,15
synth_10974,15
synth_10907,15
synth_10669,15
synth_10705,15
synth_10717,15
synth_10995,15
synth_10724,15
synth_10729,15
synth_11068,15
synth_11107,15
synth_11027,15
synth_11084,15
synth_10851,15
synth_11063,15
synth_10897,15
synth_11064,15
synth_10889,15
synth_10904,15
synth_10973,15
synth_10796,15
synth_10663,15
synth_10749,15
synth_10760,15
synth_10895,15
synth_10893,15
synth_10982,15
synth_10694,15
synth_11405,14
synth_11197,14
synth_11261,14
synth_11596,14
synth_11625,14
synth_11162,14
synth_11272,14
synth_11275,14
synth_11659,14
synth_11177,14
synth_11287,14
synth_11404,14
synth_11276,14
synth_11445,14
synth_11516,14
synth_11629,14
synth_11352,14
synth_11401,14
synth_11426,14
synth_11179,14
synth_11406,14
synth_11187,14
synth_11552,14
synth_11470,14
synth_11507,14
synth_11302,14
synth_11600,14
synth_11236,14
synth_11614,14
synth_11342,14
synth_11120,14
synth_11349,14
synth_11380,14
synth_11170,14
synth_11351,14
synth_11409,14
synth_11457,14
synth_11622,14
synth_11655,14
synth_11473,14
synth_11562,14
synth_11606,14
synth_11618,14
synth_11476,14
synth_11573,14
synth_11611,14
synth_11226,14
synth_11350,14
synth_11458,14
synth_11487,14
synth_11654,14
synth_11524,14
synth_11579,14
synth_11283,14
synth_11392,14
synth_11455,14
synth_11635,14
synth_11191,14
synth_11193,14
synth_11149,14
synth_11265,14
synth_11308,14
synth_11561,14
synth_11194,14
synth_11235,14
synth_11249,14
synth_11289,14
synth_11374,14
synth_11377,14
synth_11407,14
synth_11632,14
synth_11637,14
synth_11354,14
synth_11375,14
synth_11468,14
synth_11412,14
synth_11605,14
synth_11300,14
synth_11310,14
synth_11593,14
synth_11145,14
synth_11229,14
synth_11202,14
synth_11646,14
synth_11598,14
synth_11211,14
synth_11425,14
synth_11609,14
synth_11128,14
synth_11278,14
synth_11389,14
synth_11567,14
synth_11452,14
synth_11527,14
synth_11557,14
synth_11371,14
synth_11582,14
synth_11571,14
synth_11619,14
synth_11513,14
synth_11242,14
synth_11384,14
synth_11398,14
synth_11547,14
synth_11575,14
synth_11592,14
synth_11500,14
synth_11208,14
synth_11237,14
synth_11422,14
synth_11424,14
synth_11151,14
synth_11359,14
synth_11484,14
synth_11521,14
synth_11253,14
synth_11394,14
synth_11307,14
synth_11483,14
synth_11467,14
synth_11189,14
synth_11437,14
synth_11456,14
synth_11551,14
synth_11408,14
synth_11260,14
synth_11273,14
synth_11312,14
synth_11339,14
synth_11413,14
synth_11218,14
synth_11228,14
synth_11508,14
synth_11512,14
synth_11274,14
synth_11475,14
synth_11532,14
synth_11477,14
synth_11529,14
synth_11509,14
synth_11158,14
synth_11176,14
synth_11311,14
synth_11378,14
synth_11132,14
synth_11279,14
synth_11346,14
synth_11200,14
synth_11411,14
synth_11495,14
synth_11525,14
synth_11584,14
synth_11213,14
synth_11217,14
synth_11159,14
synth_11195,14
synth_11340,14
synth_11381,14
synth_11415,14
synth_11482,14
synth_11597,14
synth_11621,14
synth_11223,14
synth_11118,14
synth_11423,14
synth_11160,14
synth_11198,14
synth_11240,14
synth_11414,14
synth_11539,14
synth_11469,14
synth_11431,14
synth_11126,14
synth_11190,14
synth_11209,14
synth_11530,14
synth_11146,14
synth_11252,14
synth_11403,14
synth_11172,14
synth_11294,14
synth_11649,14
synth_11143,14
synth_11511,14
synth_11152,14
synth_11387,14
synth_11642,14
synth_11163,14
synth_11212,14
synth_11370,14
synth_11441,14
synth_11540,14
synth_11615,14
synth_11510,14
synth_11453,14
synth_11519,14
synth_11227,14
synth_11166,14
synth_11365,14
synth_11178,14
synth_11286,14
synth_11301,14
synth_11391,14
synth_11517,14
synth_11548,14
synth_11602,14
synth_11616,14
synth_11630,14
synth_11296,14
synth_11304,14
synth_11617,14
synth_11505,14
synth_11230,14
synth_11321,14
synth_11523,14
synth_11645,14
synth_11161,14
synth_11182,14
synth_11266,14
synth_11335,14
synth_11432,14
synth_11536,14
synth_11327,14
synth_11496,14
synth_11499,14
synth_11538,14
synth_11141,14
synth_11256,14
synth_11449,14
synth_11585,14
synth_11124,14
synth_11428,14
synth_11634,14
synth_11385,14
synth_11494,14
synth_11603,14
synth_11650,14
synth_11588,14
synth_11241,14
synth_11333,14
synth_11386,14
synth_11549,14
synth_11607,14
synth_11220,14
synth_11434,14
synth_11578,14
synth_11142,14
synth_11270,14
synth_11595,14
synth_11388,14
synth_11244,14
synth_11433,14
synth_11520,14
synth_11613,14
synth_11129,14
synth_11205,14
synth_11140,14
synth_11262,14
synth_11366,14
synth_11396,14
synth_11586,14
synth_11269,14
synth_11518,14
synth_11559,14
synth_11254,14
synth_11402,14
synth_11439,14
synth_11134,14
synth_11136,14
synth_11623,14
synth_11636,14
synth_11203,14
synth_11576,14
synth_11214,14
synth_11633,14
synth_11206,14
synth_11293,14
synth_11331,14
synth_11337,14
synth_11465,14
synth_11472,14
synth_11486,14
synth_11550,14
synth_11644,14
synth_11379,14
synth_11492,14
synth_11627,14
synth_11196,14
synth_11268,14
synth_11497,14
synth_11221,14
synth_11353,14
synth_11546,14
synth_11580,14
synth_11504,14
synth_11264,14
synth_11313,14
synth_11324,14
synth_11157,14
synth_11174,14
synth_11233,14
synth_11285,14
synth_11225,14
synth_11326,14
synth_11257,14
synth_11338,14
synth_11480,14
synth_11590,14
synth_11292,14
synth_11485,14
synth_11553,14
synth_11167,14
synth_11466,14
synth_11535,14
synth_11537,14
synth_11281,14
synth_11320,14
synth_11137,14
synth_11169,14
synth_11251,14
synth_11288,14
synth_11119,14
synth_11192,14
synth_11271,14
synth_11383,14
synth_11462,14
synth_11488,14
synth_11263,14
synth_11367,14
synth_11555,14
synth_11130,14
synth_11168,14
synth_11297,14
synth_11436,14
synth_11438,14
synth_11416,14
synth_11451,14
synth_11127,14
synth_11199,14
synth_11238,14
synth_11568,14
synth_11624,14
synth_11565,14
synth_11648,14
synth_11259,14
synth_11443,14
synth_11246,14
synth_11345,14
synth_11563,14
synth_11640,14
synth_11554,14
synth_11305,14
synth_11303,14
synth_11319,14
synth_11207,14
synth_11334,14
synth_11581,14
synth_11628,14
synth_11528,14
synth_11620,14
synth_11641,14
synth_11309,14
synth_11344,14
synth_11316,14
synth_11417,14
synth_11471,14
synth_11479,14
synth_11318,14
synth_11355,14
synth_11368,14
synth_11514,14
synth_11564,14
synth_11232,14
synth_11447,14
synth_11610,14
synth_11258,14
synth_11420,14
synth_11186,14
synth_11373,14
synth_11201,14
synth_11122,14
synth_11419,14
synth_11448,14
synth_11656,14
synth_11657,14
synth_11361,14
synth_11639,14
synth_11215,14
synth_11175,14
synth_11631,14
synth_11330,14
synth_11450,14
synth_11560,14
synth_11589,14
synth_11148,14
synth_11522,14
synth_11545,14
synth_11612,14
synth_11653,14
synth_11569,14
synth_11502,14
synth_11188,14
synth_11358,14
synth_11566,14
synth_11239,14
synth_11325,14
synth_11347,14
synth_11459,14
synth_11491,14
synth_11317,14
synth_11343,14
synth_11599,14
synth_11544,14
synth_11626,14
synth_11658,14
synth_11183,14
synth_11267,14
synth_11369,14
synth_11306,14
synth_11461,14
synth_11490,14
synth_11123,14
synth_11153,14
synth_11435,14
synth_11442,14
synth_11464,14
synth_11542,14
synth_11231,14
synth_11357,14
synth_11121,14
synth_11171,14
synth_11541,14
synth_11328,14
synth_11393,14
synth_11583,14
synth_11638,14
synth_11290,14
synth_11295,14
synth_11481,14
synth_11397,14
synth_11463,14
synth_11534,14
synth_11577,14
synth_11427,14
synth_11444,14
synth_11248,14
synth_11341,14
synth_11348,14
synth_11430,14
synth_11454,14
synth_11493,14
synth_11336,14
synth_11421,14
synth_11478,14
synth_11591,14
synth_11133,14
synth_11139,14
synth_11400,14
synth_11594,14
synth_11147,14
synth_11181,14
synth_11299,14
synth_11315,14
synth_11138,14
synth_11144,14
synth_11185,14
synth_11280,14
synth_11399,14
synth_11210,14
synth_11460,14
synth_11498,14
synth_11556,14
synth_11150,14
synth_11184,14
synth_11332,14
synth_11533,14
synth_11395,14
synth_11440,14
synth_11572,14
synth_11216,14
synth_11410,14
synth_11245,14
synth_11506,14
synth_11135,14
synth_11204,14
synth_11250,14
synth_11356,14
synth_11360,14
synth_11255,14
synth_11489,14
synth_11222,14
synth_11558,14
synth_11429,14
synth_11543,14
synth_11587,14
synth_11131,14
synth_11173,14
synth_11180,14
synth_11362,14
synth_11372,14
synth_11531,14
synth_11652,14
synth_11243,14
synth_11418,14
synth_11503,14
synth_11165,14
synth_11282,14
synth_11291,14
synth_11224,14
synth_11323,14
synth_11363,14
synth_11526,14
synth_11329,14
synth_11382,14
synth_11570,14
synth_11651,14
synth_11298,14
synth_11390,14
synth_11601,14
synth_11247,14
synth_11314,14
synth_11219,14
synth_11125,14
synth_11234,14
synth_11277,14
synth_11164,14
synth_11322,14
synth_11515,14
synth_11647,14
synth_11364,14
synth_11156,14
synth_11501,14
synth_11604,14
synth_11284,14
synth_11376,14
synth_11643,14
synth_11154,14
synth_11574,14
synth_11446,14
synth_11608,14
synth_11474,14
synth_11155,14
synth_11811,13
synth_11874,13
synth_12012,13
synth_11723,13
synth_11830,13
synth_12120,13
synth_12234,13
synth_11693,13
synth_11720,13
synth_11929,13
synth_11959,13
synth_12019,13
synth_12187,13
synth_12206,13
synth_12243,13
synth_11700,13
synth_12197,13
synth_11764,13
synth_12225,13
synth_12268,13
synth_11773,13
synth_12079,13
synth_12191,13
synth_12136,13
synth_11715,13
synth_11861,13
synth_12005,13
synth_12137,13
synth_11737,13
synth_11774,13
synth_11930,13
synth_12229,13
synth_11862,13
synth_12039,13
synth_12041,13
synth_12174,13
synth_11826,13
synth_11856,13
synth_12008,13
synth_11717,13
synth_11726,13
synth_11765,13
synth_11776,13
synth_11956,13
synth_12258,13
synth_11984,13
synth_11991,13
synth_12022,13
synth_11662,13
synth_11768,13
synth_11972,13
synth_11998,13
synth_11911,13
synth_11912,13
synth_12045,13
synth_12125,13
synth_11809,13
synth_11949,13
synth_12098,13
synth_12127,13
synth_12252,13
synth_11943,13
synth_12207,13
synth_11986,13
synth_11711,13
synth_11963,13
synth_11985,13
synth_12001,13
synth_11678,13
synth_11725,13
synth_11742,13
synth_11762,13
synth_11823,13
synth_11763,13
synth_11744,13
synth_11777,13
synth_12219,13
synth_12139,13
synth_12179,13
synth_12189,13
synth_12043,13
synth_12053,13
synth_11905,13
synth_11686,13
synth_11962,13
synth_12218,13
synth_11931,13
synth_11967,13
synth_12030,13
synth_12082,13
synth_11749,13
synth_11808,13
synth_11818,13
synth_11939,13
synth_11689,13
synth_11785,13
synth_11770,13
synth_11775,13
synth_11900,13
synth_11989,13
synth_12161,13
synth_12216,13
synth_12222,13
synth_11884,13
synth_12273,13
synth_11695,13
synth_12065,13
synth_11827,13
synth_12193,13
synth_12241,13
synth_11946,13
synth_12230,13
synth_12014,13
synth_12255,13
synth_11716,13
synth_11802,13
synth_11834,13
synth_11888,13
synth_12015,13
synth_12170,13
synth_11675,13
synth_11858,13
synth_11974,13
synth_12190,13
synth_11750,13
synth_11882,13
synth_11852,13
synth_11878,13
synth_11890,13
synth_12078,13
synth_12110,13
synth_12111,13
synth_11979,13
synth_12259,13
synth_11735,13
synth_11771,13
synth_11873,13
synth_11916,13
synth_12133,13
synth_11863,13
synth_11867,13
synth_11881,13
synth_12200,13
synth_12223,13
synth_12032,13
synth_12068,13
synth_12090,13
synth_12266,13
synth_11908,13
synth_12260,13
synth_12231,13
synth_11698,13
synth_11841,13
synth_11853,13
synth_11936,13
synth_11701,13
synth_11704,13
synth_11941,13
synth_12021,13
synth_12026,13
synth_12185,13
synth_12129,13
synth_12267,13
synth_11795,13
synth_11860,13
synth_11969,13
synth_12181,13
synth_11694,13
synth_11850,13
synth_11876,13
synth_11840,13
synth_11851,13
synth_12106,13
synth_12117,13
synth_12192,13
synth_11865,13
synth_12006,13
synth_12087,13
synth_11696,13
synth_11714,13
synth_11748,13
synth_11952,13
synth_11977,13
synth_12240,13
synth_11790,13
synth_12116,13
synth_12122,13
synth_12075,13
synth_11789,13
synth_11793,13
synth_11964,13
synth_12164,13
synth_11828,13
synth_12007,13
synth_11663,13
synth_11833,13
synth_12049,13
synth_11845,13
synth_11887,13
synth_12004,13
synth_12108,13
synth_11847,13
synth_12081,13
synth_12157,13
synth_11736,13
synth_12143,13
synth_12217,13
synth_11745,13
synth_11760,13
synth_11921,13
synth_11922,13
synth_11968,13
synth_12208,13
synth_11907,13
synth_12035,13
synth_12202,13
synth_11925,13
synth_11752,13
synth_11787,13
synth_11792,13
synth_12100,13
synth_12183,13
synth_11751,13
synth_11788,13
synth_12150,13
synth_11743,13
synth_11822,13
synth_11928,13
synth_11990,13
synth_12062,13
synth_12145,13
synth_11885,13
synth_12126,13
synth_12162,13
synth_11843,13
synth_11960,13
synth_11987,13
synth_12040,13
synth_12092,13
synth_11687,13
synth_11709,13
synth_11727,13
synth_11948,13
synth_11997,13
synth_12048,13
synth_12249,13
synth_11854,13
synth_12107,13
synth_12123,13
synth_11738,13
synth_11794,13
synth_11971,13
synth_11796,13
synth_11869,13
synth_12172,13
synth_12248,13
synth_12265,13
synth_11731,13
synth_12173,13
synth_12246,13
synth_12059,13
synth_12142,13
synth_12180,13
synth_12205,13
synth_11803,13
synth_12076,13
synth_11667,13
synth_11759,13
synth_11839,13
synth_11937,13
synth_12175,13
synth_11712,13
synth_11761,13
synth_11849,13
synth_11864,13
synth_12073,13
synth_12201,13
synth_11664,13
synth_11673,13
synth_11945,13
synth_12018,13
synth_11917,13
synth_11870,13
synth_11970,13
synth_12063,13
synth_12188,13
synth_12077,13
synth_11684,13
synth_11713,13
synth_11740,13
synth_12146,13
synth_11670,13
synth_11674,13
synth_11910,13
synth_11813,13
synth_11806,13
synth_12033,13
synth_12124,13
synth_12272,13
synth_11661,13
synth_12067,13
synth_12213,13
synth_12215,13
synth_12235,13
synth_11705,13
synth_11804,13
synth_12047,13
synth_12134,13
synth_11666,13
synth_11672,13
synth_11820,13
synth_11836,13
synth_12002,13
synth_12237,13
synth_11824,13
synth_11897,13
synth_12085,13
synth_12163,13
synth_12171,13
synth_11755,13
synth_11846,13
synth_12269,13
synth_11819,13
synth_11903,13
synth_11915,13
synth_11934,13
synth_11677,13
synth_11703,13
synth_11810,13
synth_11831,13
synth_11938,13
synth_12084,13
synth_12038,13
synth_12244,13
synth_11772,13
synth_11891,13
synth_12186,13
synth_12254,13
synth_11954,13
synth_12128,13
synth_12154,13
synth_11904,13
synth_11906,13
synth_11982,13
synth_12023,13
synth_12029,13
synth_11848,13
synth_12198,13
synth_11747,13
synth_11866,13
synth_11710,13
synth_12042,13
synth_11800,13
synth_11893,13
synth_11957,13
synth_12093,13
synth_11665,13
synth_11868,13
synth_11933,13
synth_11801,13
synth_12097,13
synth_12121,13
synth_12153,13
synth_12203,13
synth_12256,13
synth_11919,13
synth_11951,13
synth_11855,13
synth_12103,13
synth_12169,13
synth_11702,13
synth_11707,13
synth_11728,13
synth_11978,13
synth_12013,13
synth_12044,13
synth_12168,13
synth_12251,13
synth_11812,13
synth_11901,13
synth_12261,13
synth_12209,13
synth_12071,13
synth_12132,13
synth_12156,13
synth_11940,13
synth_12144,13
synth_12184,13
synth_12054,13
synth_12140,13
synth_11754,13
synth_11898,13
synth_11958,13
synth_11966,13
synth_11994,13
synth_12113,13
synth_12236,13
synth_11889,13
synth_11895,13
synth_12141,13
synth_11778,13
synth_12051,13
synth_11676,13
synth_11799,13
synth_12167,13
synth_12271,13
synth_12176,13
synth_11680,13
synth_12000,13
synth_12050,13
synth_12250,13
synth_11753,13
synth_12057,13
synth_12114,13
synth_12115,13
synth_12220,13
synth_12221,13
synth_11923,13
synth_11722,13
synth_11732,13
synth_11782,13
synth_11729,13
synth_11976,13
synth_11668,13
synth_11815,13
synth_11988,13
synth_12003,13
synth_12091,13
synth_12148,13
synth_11816,13
synth_11844,13
synth_11944,13
synth_12066,13
synth_11746,13
synth_11920,13
synth_11981,13
synth_12046,13
synth_12080,13
synth_12210,13
synth_11909,13
synth_12095,13
synth_11999,13
synth_12253,13
synth_11872,13
synth_12212,13
synth_11721,13
synth_12016,13
synth_11756,13
synth_11838,13
synth_11883,13
synth_12025,13
synth_12088,13
synth_12118,13
synth_12232,13
synth_11791,13
synth_12158,13
synth_11924,13
synth_12159,13
synth_11879,13
synth_12072,13
synth_12204,13
synth_11706,13
synth_11814,13
synth_11871,13
synth_11896,13
synth_11995,13
synth_11692,13
synth_12130,13
synth_12165,13
synth_11779,13
synth_11880,13
synth_11886,13
synth_12238,13
synth_11786,13
synth_11892,13
synth_11899,13
synth_12195,13
synth_12031,13
synth_12034,13
synth_12083,13
synth_12182,13
synth_11935,13
synth_11942,13
synth_12024,13
synth_12099,13
synth_11757,13
synth_11973,13
synth_11983,13
synth_12147,13
synth_11688,13
synth_12178,13
synth_12211,13
synth_11699,13
synth_12027,13
synth_12094,13
synth_12112,13
synth_12247,13
synth_11797,13
synth_11805,13
synth_11932,13
synth_12138,13
synth_11829,13
synth_12089,13
synth_12194,13
synth_11681,13
synth_11758,13
synth_11902,13
synth_12104,13
synth_12226,13
synth_12242,13
synth_12196,13
synth_11719,13
synth_11821,13
synth_11914,13
synth_12227,13
synth_11690,13
synth_12061,13
synth_12058,13
synth_12052,13
synth_11980,13
synth_12064,13
synth_12262,13
synth_11718,13
synth_11807,13
synth_12263,13
synth_11741,13
synth_11955,13
synth_12060,13
synth_12101,13
synth_12160,13
synth_11926,13
synth_12131,13
synth_12105,13
synth_12228,13
synth_11660,13
synth_11697,13
synth_12010,13
synth_11733,13
synth_12135,13
synth_11825,13
synth_11835,13
synth_12224,13
synth_11682,13
synth_11992,13
synth_12036,13
synth_11918,13
synth_11730,13
synth_11683,13
synth_11783,13
synth_11913,13
synth_12119,13
synth_11947,13
synth_12074,13
synth_12245,13
synth_12264,13
synth_12233,13
synth_11767,13
synth_11780,13
synth_11877,13
synth_11961,13
synth_12020,13
synth_12037,13
synth_12056,13
synth_11669,13
synth_11766,13
synth_11894,13
synth_11996,13
synth_12086,13
synth_12151,13
synth_11691,13
synth_11859,13
synth_11927,13
synth_12011,13
synth_12270,13
synth_12177,13
synth_11993,13
synth_12152,13
synth_12017,13
synth_11739,13
synth_12155,13
synth_11679,13
synth_12070,13
synth_11857,13
synth_12199,13
synth_11798,13
synth_11817,13
synth_11875,13
synth_11975,13
synth_12055,13
synth_11842,13
synth_12214,13
synth_12257,13
synth_12109,13
synth_12149,13
synth_11965,13
synth_12069,13
synth_12096,13
synth_12239,13
synth_11685,13
synth_12009,13
synth_11671,13
synth_11708,13
synth_11724,13
synth_11734,13
synth_11950,13
synth_11953,13
synth_12028,13
synth_11781,13
synth_12102,13
synth_12166,13
synth_11784,13
synth_11832,13
synth_11769,13
synth_11837,13
synth_12335,12
synth_12590,12
synth_12605,12
synth_12729,12
synth_12546,12
synth_12554,12
synth_12832,12
synth_12537,12
synth_12749,12
synth_12486,12
synth_12520,12
synth_12690,12
synth_12911,12
synth_12961,12
synth_12840,12
synth_12854,12
synth_12960,12
synth_12341,12
synth_12547,12
synth_12954,12
synth_12818,12
synth_12313,12
synth_12627,12
synth_12674,12
synth_12730,12
synth_12748,12
synth_12820,12
synth_12828,12
synth_12583,12
synth_12779,12
synth_12409,12
synth_12621,12
synth_12772,12
synth_12794,12
synth_12863,12
synth_12710,12
synth_12367,12
synth_12647,12
synth_12511,12
synth_12623,12
synth_12307,12
synth_12551,12
synth_12664,12
synth_12515,12
synth_12544,12
synth_12652,12
synth_12793,12
synth_12648,12
synth_12514,12
synth_12655,12
synth_12711,12
synth_12934,12
synth_12517,12
synth_12771,12
synth_12846,12
synth_12474,12
synth_12493,12
synth_12774,12
synth_12804,12
synth_12327,12
synth_12402,12
synth_12536,12
synth_12548,12
synth_12792,12
synth_12837,12
synth_12629,12
synth_12309,12
synth_12459,12
synth_12592,12
synth_12566,12
synth_12738,12
synth_12757,12
synth_12431,12
synth_12466,12
synth_12755,12
synth_12676,12
synth_12405,12
synth_12492,12
synth_12885,12
synth_12295,12
synth_12355,12
synth_12658,12
synth_12914,12
synth_12585,12
synth_12645,12
synth_12778,12
synth_12279,12
synth_12391,12
synth_12494,12
synth_12767,12
synth_12948,12
synth_12400,12
synth_12541,12
synth_12596,12
synth_12864,12
synth_12924,12
synth_12374,12
synth_12425,12
synth_12478,12
synth_12553,12
synth_12860,12
synth_12929,12
synth_12321,12
synth_12833,12
synth_12896,12
synth_12681,12
synth_12964,12
synth_12320,12
synth_12342,12
synth_12824,12
synth_12751,12
synth_12308,12
synth_12349,12
synth_12562,12
synth_12604,12
synth_12784,12
synth_12333,12
synth_12365,12
synth_12570,12
synth_12601,12
synth_12565,12
synth_12915,12
synth_12322,12
synth_12795,12
synth_12919,12
synth_12955,12
synth_12363,12
synth_12399,12
synth_12420,12
synth_12436,12
synth_12702,12
synth_12844,12
synth_12579,12
synth_12825,12
synth_12394,12
synth_12428,12
synth_12706,12
synth_12878,12
synth_12352,12
synth_12287,12
synth_12510,12
synth_12614,12
synth_12734,12
synth_12845,12
synth_12344,12
synth_12408,12
synth_12448,12
synth_12458,12
synth_12834,12
synth_12334,12
synth_12439,12
synth_12488,12
synth_12726,12
synth_12901,12
synth_12922,12
synth_12416,12
synth_12600,12
synth_12842,12
synth_12762,12
synth_12539,12
synth_12657,12
synth_12538,12
synth_12849,12
synth_12480,12
synth_12656,12
synth_12892,12
synth_12893,12
synth_12297,12
synth_12438,12
synth_12518,12
synth_12688,12
synth_12372,12
synth_12411,12
synth_12822,12
synth_12912,12
synth_12936,12
synth_12301,12
synth_12434,12
synth_12598,12
synth_12329,12
synth_12780,12
synth_12314,12
synth_12413,12
synth_12427,12
synth_12558,12
synth_12697,12
synth_12817,12
synth_12859,12
synth_12902,12
synth_12445,12
synth_12453,12
synth_12496,12
synth_12560,12
synth_12526,12
synth_12568,12
synth_12958,12
synth_12422,12
synth_12624,12
synth_12810,12
synth_12595,12
synth_12689,12
synth_12417,12
synth_12533,12
synth_12640,12
synth_12653,12
synth_12932,12
synth_12377,12
synth_12457,12
synth_12567,12
synth_12916,12
synth_12328,12
synth_12406,12
synth_12487,12
synth_12899,12
synth_12369,12
synth_12388,12
synth_12535,12
synth_12872,12
synth_12484,12
synth_12718,12
synth_12829,12
synth_12385,12
synth_12699,12
synth_12705,12
synth_12569,12
synth_12894,12
synth_12305,12
synth_12882,12
synth_12292,12
synth_12312,12
synth_12373,12
synth_12461,12
synth_12695,12
synth_12723,12
synth_12950,12
synth_12350,12
synth_12290,12
synth_12552,12
synth_12610,12
synth_12694,12
synth_12890,12
synth_12819,12
synth_12386,12
synth_12475,12
synth_12744,12
synth_12927,12
synth_12945,12
synth_12619,12
synth_12407,12
synth_12564,12
synth_12712,12
synth_12765,12
synth_12867,12
synth_12953,12
synth_12368,12
synth_12534,12
synth_12707,12
synth_12660,12
synth_12719,12
synth_12724,12
synth_12798,12
synth_12939,12
synth_12354,12
synth_12636,12
synth_12685,12
synth_12489,12
synth_12509,12
synth_12675,12
synth_12836,12
synth_12282,12
synth_12873,12
synth_12952,12
synth_12937,12
synth_12410,12
synth_12481,12
synth_12498,12
synth_12576,12
synth_12691,12
synth_12721,12
synth_12942,12
synth_12404,12
synth_12501,12
synth_12786,12
synth_12586,12
synth_12839,12
synth_12668,12
synth_12747,12
synth_12827,12
synth_12395,12
synth_12435,12
synth_12542,12
synth_12745,12
synth_12811,12
synth_12737,12
synth_12286,12
synth_12382,12
synth_12677,12
synth_12773,12
synth_12875,12
synth_12346,12
synth_12447,12
synth_12500,12
synth_12768,12
synth_12904,12
synth_12467,12
synth_12803,12
synth_12930,12
synth_12299,12
synth_12379,12
synth_12476,12
synth_12497,12
synth_12680,12
synth_12766,12
synth_12455,12
synth_12603,12
synth_12671,12
synth_12672,12
synth_12787,12
synth_12881,12
synth_12967,12
synth_12775,12
synth_12848,12
synth_12361,12
synth_12441,12
synth_12665,12
synth_12698,12
synth_12714,12
synth_12609,12
synth_12684,12
synth_12970,12
synth_12874,12
synth_12523,12
synth_12318,12
synth_12437,12
synth_12884,12
synth_12951,12
synth_12378,12
synth_12477,12
synth_12868,12
synth_12869,12
synth_12870,12
synth_12324,12
synth_12340,12
synth_12468,12
synth_12473,12
synth_12503,12
synth_12669,12
synth_12673,12
synth_12781,12
synth_12577,12
synth_12580,12
synth_12743,12
synth_12963,12
synth_12336,12
synth_12506,12
synth_12857,12
synth_12946,12
synth_12649,12
synth_12777,12
synth_12612,12
synth_12630,12
synth_12799,12
synth_12823,12
synth_12843,12
synth_12397,12
synth_12850,12
synth_12880,12
synth_12528,12
synth_12419,12
synth_12446,12
synth_12968,12
synth_12969,12
synth_12304,12
synth_12454,12
synth_12853,12
synth_12371,12
synth_12759,12
synth_12326,12
synth_12366,12
synth_12387,12
synth_12499,12
synth_12796,12
synth_12693,12
synth_12800,12
synth_12895,12
synth_12769,12
synth_12300,12
synth_12403,12
synth_12423,12
synth_12531,12
synth_12866,12
synth_12277,12
synth_12383,12
synth_12972,12
synth_12584,12
synth_12396,12
synth_12424,12
synth_12838,12
synth_12910,12
synth_12594,12
synth_12617,12
synth_12682,12
synth_12865,12
synth_12965,12
synth_12752,12
synth_12288,12
synth_12620,12
synth_12886,12
synth_12351,12
synth_12359,12
synth_12549,12
synth_12572,12
synth_12634,12
synth_12284,12
synth_12384,12
synth_12887,12
synth_12283,12
synth_12360,12
synth_12462,12
synth_12513,12
synth_12294,12
synth_12483,12
synth_12632,12
synth_12700,12
synth_12944,12
synth_12470,12
synth_12464,12
synth_12770,12
synth_12856,12
synth_12928,12
synth_12440,12
synth_12519,12
synth_12532,12
synth_12683,12
synth_12529,12
synth_12412,12
synth_12516,12
synth_12555,12
synth_12650,12
synth_12807,12
synth_12808,12
synth_12591,12
synth_12608,12
synth_12482,12
synth_12791,12
synth_12889,12
synth_12444,12
synth_12465,12
synth_12736,12
synth_12429,12
synth_12479,12
synth_12756,12
synth_12451,12
synth_12758,12
synth_12389,12
synth_12364,12
synth_12635,12
synth_12973,12
synth_12809,12
synth_12414,12
synth_12602,12
synth_12401,12
synth_12704,12
synth_12821,12
synth_12974,12
synth_12530,12
synth_12615,12
synth_12641,12
synth_12897,12
synth_12588,12
synth_12303,12
synth_12316,12
synth_12442,12
synth_12281,12
synth_12472,12
synth_12545,12
synth_12678,12
synth_12760,12
synth_12293,12
synth_12522,12
synth_12599,12
synth_12521,12
synth_12740,12
synth_12370,12
synth_12421,12
synth_12450,12
synth_12661,12
synth_12589,12
synth_12918,12
synth_12750,12
synth_12527,12
synth_12433,12
synth_12785,12
synth_12917,12
synth_12325,12
synth_12651,12
synth_12659,12
synth_12813,12
synth_12639,12
synth_12302,12
synth_12380,12
synth_12957,12
synth_12788,12
synth_12830,12
synth_12861,12
synth_12962,12
synth_12390,12
synth_12557,12
synth_12643,12
synth_12906,12
synth_12931,12
synth_12471,12
synth_12709,12
synth_12876,12
synth_12646,12
synth_12393,12
synth_12398,12
synth_12504,12
synth_12733,12
synth_12835,12
synth_12524,12
synth_12847,12
synth_12956,12
synth_12432,12
synth_12731,12
synth_12913,12
synth_12971,12
synth_12469,12
synth_12353,12
synth_12357,12
synth_12452,12
synth_12708,12
synth_12921,12
synth_12626,12
synth_12315,12
synth_12337,12
synth_12463,12
synth_12686,12
synth_12776,12
synth_12278,12
synth_12306,12
synth_12597,12
synth_12607,12
synth_12638,12
synth_12782,12
synth_12940,12
synth_12898,12
synth_12559,12
synth_12746,12
synth_12735,12
synth_12507,12
synth_12816,12
synth_12573,12
synth_12925,12
synth_12381,12
synth_12812,12
synth_12330,12
synth_12806,12
synth_12495,12
synth_12505,12
synth_12563,12
synth_12883,12
synth_12460,12
synth_12637,12
synth_12814,12
synth_12926,12
synth_12667,12
synth_12909,12
synth_12581,12
synth_12783,12
synth_12550,12
synth_12871,12
synth_12903,12
synth_12289,12
synth_12443,12
synth_12654,12
synth_12720,12
synth_12722,12
synth_12742,12
synth_12947,12
synth_12966,12
synth_12347,12
synth_12512,12
synth_12311,12
synth_12938,12
synth_12323,12
synth_12343,12
synth_12622,12
synth_12670,12
synth_12502,12
synth_12663,12
synth_12715,12
synth_12739,12
synth_12703,12
synth_12761,12
synth_12753,12
synth_12556,12
synth_12642,12
synth_12687,12
synth_12941,12
synth_12959,12
synth_12741,12
synth_12851,12
synth_12862,12
synth_12879,12
synth_12392,12
synth_12616,12
synth_12692,12
synth_12701,12
synth_12732,12
synth_12415,12
synth_12790,12
synth_12298,12
synth_12935,12
synth_12613,12
synth_12858,12
synth_12331,12
synth_12275,12
synth_12593,12
synth_12633,12
synth_12713,12
synth_12908,12
synth_12310,12
synth_12319,12
synth_12339,12
synth_12456,12
synth_12855,12
synth_12905,12
synth_12280,12
synth_12430,12
synth_12611,12
synth_12679,12
synth_12728,12
synth_12933,12
synth_12332,12
synth_12587,12
synth_12575,12
synth_12975,12
synth_12291,12
synth_12789,12
synth_12805,12
synth_12345,12
synth_12540,12
synth_12717,12
synth_12375,12
synth_12628,12
synth_12274,12
synth_12508,12
synth_12662,12
synth_12490,12
synth_12631,12
synth_12831,12
synth_12841,12
synth_12285,12
synth_12356,12
synth_12727,12
synth_12891,12
synth_12296,12
synth_12725,12
synth_12877,12
synth_12376,12
synth_12418,12
synth_12571,12
synth_12764,12
synth_12491,12
synth_12582,12
synth_12797,12
synth_12943,12
synth_12625,12
synth_12449,12
synth_12920,12
synth_12644,12
synth_12696,12
synth_12716,12
synth_12763,12
synth_12826,12
synth_12907,12
synth_12348,12
synth_12362,12
synth_12852,12
synth_12485,12
synth_12525,12
synth_12949,12
synth_12578,12
synth_12574,12
synth_12923,12
synth_12426,12
synth_12754,12
synth_12358,12
synth_12815,12
synth_12888,12
synth_12338,12
synth_12543,12
synth_12618,12
synth_12666,12
synth_12801,12
synth_12317,12
synth_12561,12
synth_12606,12
synth_12802,12
synth_12276,12
synth_12900,12
synth_13218,11
synth_13535,11
synth_12995,11
synth_13163,11
synth_13381,11
synth_13765,11
synth_13049,11
synth_13296,11
synth_13103,11
synth_13150,11
synth_13282,11
synth_13301,11
synth_13644,11
synth_13626,11
synth_13343,11
synth_13751,11
synth_13014,11
synth_13017,11
synth_13102,11
synth_13339,11
synth_13530,11
synth_12987,11
synth_13068,11
synth_13323,11
synth_13416,11
synth_13087,11
synth_13465,11
synth_13701,11
synth_13042,11
synth_13444,11
synth_13658,11
synth_13210,11
synth_13250,11
synth_13263,11
synth_13313,11
synth_13477,11
synth_13039,11
synth_13336,11
synth_13373,11
synth_13596,11
synth_13378,11
synth_13502,11
synth_13635,11
synth_12994,11
synth_13317,11
synth_13363,11
synth_13094,11
synth_13539,11
synth_13228,11
synth_13559,11
synth_13711,11
synth_13602,11
synth_13108,11
synth_13189,11
synth_13421,11
synth_13575,11
synth_13579,11
synth_13689,11
synth_13737,11
synth_13106,11
synth_13183,11
synth_13340,11
synth_13672,11
synth_13690,11
synth_13454,11
synth_13490,11
synth_13128,11
synth_13405,11
synth_13696,11
synth_13289,11
synth_13605,11
synth_12991,11
synth_13411,11
synth_13450,11
synth_13557,11
synth_13199,11
synth_13241,11
synth_13265,11
synth_13273,11
synth_13400,11
synth_12997,11
synth_13097,11
synth_13009,11
synth_13071,11
synth_13178,11
synth_13283,11
synth_13367,11
synth_13735,11
synth_13264,11
synth_12990,11
synth_13180,11
synth_13403,11
synth_13452,11
synth_13692,11
synth_12999,11
synth_13312,11
synth_13712,11
synth_13052,11
synth_13365,11
synth_13663,11
synth_12981,11
synth_13143,11
synth_13478,11
synth_13053,11
synth_13419,11
synth_13514,11
synth_13785,11
synth_13184,11
synth_13451,11
synth_13543,11
synth_13050,11
synth_13145,11
synth_13432,11
synth_13468,11
synth_13515,11
synth_13580,11
synth_13277,11
synth_13653,11
synth_13045,11
synth_13114,11
synth_13160,11
synth_13332,11
synth_13676,11
synth_13166,11
synth_13201,11
synth_13214,11
synth_13216,11
synth_13355,11
synth_13558,11
synth_13562,11
synth_13570,11
synth_13593,11
synth_13132,11
synth_13470,11
synth_13002,11
synth_13040,11
synth_13422,11
synth_13461,11
synth_13749,11
synth_13270,11
synth_13298,11
synth_13482,11
synth_13553,11
synth_13149,11
synth_13724,11
synth_13147,11
synth_13281,11
synth_13484,11
synth_13531,11
synth_13584,11
synth_13599,11
synth_13662,11
synth_13073,11
synth_13177,11
synth_13350,11
synth_13489,11
synth_13540,11
synth_13582,11
synth_13710,11
synth_13274,11
synth_13600,11
synth_13186,11
synth_13206,11
synth_13429,11
synth_13555,11
synth_13629,11
synth_13044,11
synth_13081,11
synth_13304,11
synth_13437,11
synth_13556,11
synth_13113,11
synth_13294,11
synth_13391,11
synth_13598,11
synth_13703,11
synth_13077,11
synth_13613,11
synth_12985,11
synth_13290,11
synth_13647,11
synth_13022,11
synth_13745,11
synth_13058,11
synth_13131,11
synth_13205,11
synth_13209,11
synth_13261,11
synth_13333,11
synth_13404,11
synth_13379,11
synth_13440,11
synth_13220,11
synth_13316,11
synth_13344,11
synth_13487,11
synth_13641,11
synth_13684,11
synth_13781,11
synth_13679,11
synth_13720,11
synth_13029,11
synth_13091,11
synth_13750,11
synth_13099,11
synth_12986,11
synth_13024,11
synth_13252,11
synth_13308,11
synth_13357,11
synth_13480,11
synth_13511,11
synth_13767,11
synth_13656,11
synth_13498,11
synth_13529,11
synth_13674,11
synth_13005,11
synth_13127,11
synth_13547,11
synth_13256,11
synth_13636,11
synth_13054,11
synth_13056,11
synth_13619,11
synth_13621,11
synth_13725,11
synth_13016,11
synth_13067,11
synth_13093,11
synth_13240,11
synth_13244,11
synth_13309,11
synth_13494,11
synth_13566,11
synth_13583,11
synth_13606,11
synth_13041,11
synth_13062,11
synth_13084,11
synth_13253,11
synth_13567,11
synth_13630,11
synth_13695,11
synth_13028,11
synth_13152,11
synth_13260,11
synth_13337,11
synth_13370,11
synth_13412,11
synth_13408,11
synth_13027,11
synth_13175,11
synth_13359,11
synth_13769,11
synth_13771,11
synth_13226,11
synth_13318,11
synth_13497,11
synth_13123,11
synth_13352,11
synth_13563,11
synth_13026,11
synth_13033,11
synth_13059,11
synth_13248,11
synth_12978,11
synth_13193,11
synth_13335,11
synth_13614,11
synth_13197,11
synth_13235,11
synth_13341,11
synth_13595,11
synth_13124,11
synth_13126,11
synth_13300,11
synth_13377,11
synth_13609,11
synth_13134,11
synth_13532,11
synth_13760,11
synth_13665,11
synth_13086,11
synth_13208,11
synth_13698,11
synth_13704,11
synth_13520,11
synth_13708,11
synth_13678,11
synth_13389,11
synth_13020,11
synth_13243,11
synth_13394,11
synth_13694,11
synth_13709,11
synth_13775,11
synth_13129,11
synth_13351,11
synth_13291,11
synth_13063,11
synth_13306,11
synth_13369,11
synth_13638,11
synth_13203,11
synth_13215,11
synth_13227,11
synth_13356,11
synth_13458,11
synth_13165,11
synth_13191,11
synth_13438,11
synth_13509,11
synth_13766,11
synth_13622,11
synth_13101,11
synth_13538,11
synth_13031,11
synth_13383,11
synth_13388,11
synth_12998,11
synth_13111,11
synth_13348,11
synth_13475,11
synth_12984,11
synth_13311,11
synth_13409,11
synth_13004,11
synth_13116,11
synth_13138,11
synth_13247,11
synth_13272,11
synth_13364,11
synth_13485,11
synth_13505,11
synth_13516,11
synth_13307,11
synth_13483,11
synth_13568,11
synth_12996,11
synth_13001,11
synth_13170,11
synth_13548,11
synth_13640,11
synth_13035,11
synth_13082,11
synth_13455,11
synth_13466,11
synth_13338,11
synth_13407,11
synth_13756,11
synth_13639,11
synth_13417,11
synth_13133,11
synth_13321,11
synth_13428,11
synth_13761,11
synth_13140,11
synth_13462,11
synth_13542,11
synth_13657,11
synth_13188,11
synth_13420,11
synth_13169,11
synth_13190,11
synth_13443,11
synth_13491,11
synth_13650,11
synth_12989,11
synth_13719,11
synth_13402,11
synth_13439,11
synth_13697,11
synth_13718,11
synth_13010,11
synth_13288,11
synth_13649,11
synth_13699,11
synth_13196,11
synth_13414,11
synth_13424,11
synth_13569,11
synth_13591,11
synth_13234,11
synth_13425,11
synth_13648,11
synth_13685,11
synth_13677,11
synth_13090,11
synth_13146,11
synth_13222,11
synth_13231,11
synth_13741,11
synth_13746,11
synth_13715,11
synth_13085,11
synth_13230,11
synth_13266,11
synth_13627,11
synth_13518,11
synth_13095,11
synth_13157,11
synth_13526,11
synth_13104,11
synth_13297,11
synth_13299,11
synth_13464,11
synth_13541,11
synth_13257,11
synth_13615,11
synth_12988,11
synth_13442,11
synth_13585,11
synth_13269,11
synth_13117,11
synth_13504,11
synth_13651,11
synth_13722,11
synth_13176,11
synth_13446,11
synth_13632,11
synth_13075,11
synth_13156,11
synth_13161,11
synth_13246,11
synth_13360,11
synth_13426,11
synth_13728,11
synth_13008,11
synth_13100,11
synth_13249,11
synth_13524,11
synth_13474,11
synth_13571,11
synth_13770,11
synth_13003,11
synth_13064,11
synth_13105,11
synth_13219,11
synth_13271,11
synth_13581,11
synth_13164,11
synth_13637,11
synth_12993,11
synth_13012,11
synth_13441,11
synth_13512,11
synth_13078,11
synth_13224,11
synth_13345,11
synth_13434,11
synth_13687,11
synth_13774,11
synth_13069,11
synth_13118,11
synth_13225,11
synth_13479,11
synth_13544,11
synth_13545,11
synth_13576,11
synth_13258,11
synth_13603,11
synth_13221,11
synth_13238,11
synth_13433,11
synth_13536,11
synth_13435,11
synth_13122,11
synth_13362,11
synth_13476,11
synth_13499,11
synth_13534,11
synth_13625,11
synth_13467,11
synth_13523,11
synth_13554,11
synth_13577,11
synth_13688,11
synth_13080,11
synth_13287,11
synth_13326,11
synth_13533,11
synth_13664,11
synth_13061,11
synth_13310,11
synth_13006,11
synth_13315,11
synth_13707,11
synth_13018,11
synth_13144,11
synth_13185,11
synth_13513,11
synth_13668,11
synth_13187,11
synth_13194,11
synth_13495,11
synth_13586,11
synth_13342,11
synth_13137,11
synth_13179,11
synth_13772,11
synth_13780,11
synth_13130,11
synth_13546,11
synth_13552,11
synth_13588,11
synth_13778,11
synth_13390,11
synth_13501,11
synth_13589,11
synth_13661,11
synth_13714,11
synth_13107,11
synth_13135,11
synth_13398,11
synth_13612,11
synth_13065,11
synth_13115,11
synth_13200,11
synth_13207,11
synth_13229,11
synth_13549,11
synth_13295,11
synth_13361,11
synth_13655,11
synth_13251,11
synth_13671,11
synth_13732,11
synth_13620,11
synth_13779,11
synth_13079,11
synth_13616,11
synth_13302,11
synth_13331,11
synth_13459,11
synth_13463,11
synth_13471,11
synth_13448,11
synth_13561,11
synth_13047,11
synth_13387,11
synth_13680,11
synth_13731,11
synth_13198,11
synth_13753,11
synth_13233,11
synth_13702,11
synth_13730,11
synth_13755,11
synth_13757,11
synth_13255,11
synth_13276,11
synth_13643,11
synth_13673,11
synth_13043,11
synth_13413,11
synth_13527,11
synth_13578,11
synth_13592,11
synth_13089,11
synth_13096,11
synth_13717,11
synth_13125,11
synth_13456,11
synth_13473,11
synth_13645,11
synth_13738,11
synth_13608,11
synth_13705,11
synth_13754,11
synth_13083,11
synth_13305,11
synth_13472,11
synth_13744,11
synth_13109,11
synth_13654,11
synth_13048,11
synth_13374,11
synth_13445,11
synth_13447,11
synth_13036,11
synth_13173,11
synth_13395,11
synth_13740,11
synth_13007,11
synth_13195,11
synth_13560,11
synth_13686,11
synth_13768,11
synth_13038,11
synth_13055,11
synth_13159,11
synth_13670,11
synth_13773,11
synth_13786,11
synth_13633,11
synth_13110,11
synth_13303,11
synth_13280,11
synth_13368,11
synth_13375,11
synth_13763,11
synth_13076,11
synth_13021,11
synth_13212,11
synth_13631,11
synth_13642,11
synth_13223,11
synth_13232,11
synth_13601,11
synth_13449,11
synth_13607,11
synth_13681,11
synth_13743,11
synth_13716,11
synth_13066,11
synth_13406,11
synth_13486,11
synth_12979,11
synth_13072,11
synth_13237,11
synth_13347,11
synth_13564,11
synth_13088,11
synth_13151,11
synth_13284,11
synth_13293,11
synth_13324,11
synth_13371,11
synth_13254,11
synth_13268,11
synth_13721,11
synth_13015,11
synth_13192,11
synth_13292,11
synth_13747,11
synth_13727,11
synth_13384,11
synth_13397,11
synth_13469,11
synth_13604,11
synth_13060,11
synth_13092,11
synth_13319,11
synth_13386,11
synth_13431,11
synth_13500,11
synth_13037,11
synth_13121,11
synth_13682,11
synth_13659,11
synth_13666,11
synth_13158,11
synth_13723,11
synth_13032,11
synth_13034,11
synth_13320,11
synth_13372,11
synth_13000,11
synth_13551,11
synth_12983,11
synth_13141,11
synth_13286,11
synth_13667,11
synth_13142,11
synth_13213,11
synth_13242,11
synth_13399,11
synth_13628,11
synth_13783,11
synth_13172,11
synth_13358,11
synth_13634,11
synth_13328,11
synth_13565,11
synth_13748,11
synth_12982,11
synth_13023,11
synth_13202,11
synth_13285,11
synth_13508,11
synth_13729,11
synth_13752,11
synth_13275,11
synth_13278,11
synth_13046,11
synth_13051,11
synth_13436,11
synth_13162,11
synth_13239,11
synth_13652,11
synth_13776,11
synth_13074,11
synth_13182,11
synth_13572,11
synth_13204,11
synth_13550,11
synth_13155,11
synth_13181,11
synth_13784,11
synth_13167,11
synth_13410,11
synth_13496,11
synth_13506,11
synth_13758,11
synth_13262,11
synth_13418,11
synth_13610,11
synth_13706,11
synth_13764,11
synth_12980,11
synth_13325,11
synth_13346,11
synth_13453,11
synth_13517,11
synth_12977,11
synth_13011,11
synth_13401,11
synth_13646,11
synth_13669,11
synth_13618,11
synth_13070,11
synth_13136,11
synth_13349,11
synth_13503,11
synth_13519,11
synth_13148,11
synth_13153,11
synth_13211,11
synth_13330,11
synth_13587,11
synth_13726,11
synth_13423,11
synth_13460,11
synth_13492,11
synth_13611,11
synth_13733,11
synth_13759,11
synth_13525,11
synth_13174,11
synth_13245,11
synth_13267,11
synth_13380,11
synth_13112,11
synth_13322,11
synth_13376,11
synth_13382,11
synth_13393,11
synth_13700,11
synth_13522,11
synth_13025,11
synth_13171,11
synth_13236,11
synth_13734,11
synth_13623,11
synth_13030,11
synth_13168,11
synth_13782,11
synth_13353,11
synth_13507,11
synth_13510,11
synth_13617,11
synth_13660,11
synth_13713,11
synth_13013,11
synth_13415,11
synth_13693,11
synth_13279,11
synth_13457,11
synth_13574,11
synth_13098,11
synth_13154,11
synth_13217,11
synth_13354,11
synth_13573,11
synth_13590,11
synth_13624,11
synth_13019,11
synth_13057,11
synth_13139,11
synth_13777,11
synth_13334,11
synth_13396,11
synth_13597,11
synth_13521,11
synth_12992,11
synth_13329,11
synth_13392,11
synth_13742,11
synth_13675,11
synth_12976,11
synth_13327,11
synth_13385,11
synth_13683,11
synth_13691,11
synth_13259,11
synth_13119,11
synth_13427,11
synth_13488,11
synth_13739,11
synth_13762,11
synth_13314,11
synth_13366,11
synth_13430,11
synth_13481,11
synth_13493,11
synth_13537,11
synth_13594,11
synth_13120,11
synth_13528,11
synth_13736,11
synth_13816,10
synth_14040,10
synth_14316,10
synth_14435,10
synth_14568,10
synth_14730,10
synth_14737,10
synth_13883,10
synth_14529,10
synth_14661,10
synth_13881,10
synth_14143,10
synth_14560,10
synth_14700,10
synth_13974,10
synth_13992,10
synth_14071,10
synth_14518,10
synth_14155,10
synth_13804,10
synth_13937,10
synth_14312,10
synth_14452,10
synth_14471,10
synth_14536,10
synth_14563,10
synth_14697,10
synth_14164,10
synth_14509,10
synth_14030,10
synth_13912,10
synth_13987,10
synth_14351,10
synth_14441,10
synth_14484,10
synth_14506,10
synth_13887,10
synth_13896,10
synth_14321,10
synth_14437,10
synth_14453,10
synth_14533,10
synth_14672,10
synth_14306,10
synth_14564,10
synth_14080,10
synth_14108,10
synth_14427,10
synth_14460,10
synth_14679,10
synth_14372,10
synth_14538,10
synth_13882,10
synth_13965,10
synth_14237,10
synth_14423,10
synth_14169,10
synth_13807,10
synth_13820,10
synth_14105,10
synth_13822,10
synth_13852,10
synth_13905,10
synth_14135,10
synth_14485,10
synth_14491,10
synth_14609,10
synth_13834,10
synth_13862,10
synth_13906,10
synth_13919,10
synth_14029,10
synth_14094,10
synth_14124,10
synth_14334,10
synth_14644,10
synth_14721,10
synth_13833,10
synth_13929,10
synth_13932,10
synth_14193,10
synth_14368,10
synth_14472,10
synth_14487,10
synth_13959,10
synth_14118,10
synth_14217,10
synth_13845,10
synth_14017,10
synth_14417,10
synth_14449,10
synth_14458,10
synth_14566,10
synth_14662,10
synth_14142,10
synth_14728,10
synth_14033,10
synth_13827,10
synth_13871,10
synth_13963,10
synth_14146,10
synth_14239,10
synth_14382,10
synth_14583,10
synth_14632,10
synth_14676,10
synth_14014,10
synth_14039,10
synth_14158,10
synth_14292,10
synth_14416,10
synth_14446,10
synth_14498,10
synth_14571,10
synth_14603,10
synth_14693,10
synth_14500,10
synth_14634,10
synth_13790,10
synth_14658,10
synth_13927,10
synth_13970,10
synth_13800,10
synth_13902,10
synth_13924,10
synth_14497,10
synth_14502,10
synth_14649,10
synth_14736,10
synth_13848,10
synth_13878,10
synth_14141,10
synth_14188,10
synth_13909,10
synth_13918,10
synth_13973,10
synth_14515,10
synth_14574,10
synth_14130,10
synth_14326,10
synth_14504,10
synth_14726,10
synth_14289,10
synth_14317,10
synth_14511,10
synth_13884,10
synth_13950,10
synth_14051,10
synth_14481,10
synth_14197,10
synth_14332,10
synth_14375,10
synth_14455,10
synth_14510,10
synth_13865,10
synth_13897,10
synth_14098,10
synth_14186,10
synth_14260,10
synth_14342,10
synth_14354,10
synth_14415,10
synth_14083,10
synth_14444,10
synth_14450,10
synth_14462,10
synth_13942,10
synth_13968,10
synth_13990,10
synth_14191,10
synth_14195,10
synth_14303,10
synth_14656,10
synth_14723,10
synth_14208,10
synth_14359,10
synth_14363,10
synth_14593,10
synth_14154,10
synth_13982,10
synth_14074,10
synth_14081,10
synth_14468,10
synth_14621,10
synth_13819,10
synth_13931,10
synth_14325,10
synth_14463,10
synth_14725,10
synth_13917,10
synth_13967,10
synth_13857,10
synth_13985,10
synth_14042,10
synth_14057,10
synth_14225,10
synth_14276,10
synth_14678,10
synth_13858,10
synth_14053,10
synth_14092,10
synth_14320,10
synth_14345,10
synth_14360,10
synth_14466,10
synth_13802,10
synth_13805,10
synth_13945,10
synth_14420,10
synth_14717,10
synth_14050,10
synth_14106,10
synth_14251,10
synth_14324,10
synth_14447,10
synth_14596,10
synth_14665,10
synth_13825,10
synth_14379,10
synth_14595,10
synth_14675,10
synth_13914,10
synth_14271,10
synth_14443,10
synth_13831,10
synth_13875,10
synth_14018,10
synth_14280,10
synth_14287,10
synth_14298,10
synth_13854,10
synth_13980,10
synth_14335,10
synth_14002,10
synth_14608,10
synth_14390,10
synth_14545,10
synth_14671,10
synth_14735,10
synth_13946,10
synth_14045,10
synth_14123,10
synth_14207,10
synth_14238,10
synth_14350,10
synth_14586,10
synth_13995,10
synth_14482,10
synth_14333,10
synth_14367,10
synth_14613,10
synth_14635,10
synth_13872,10
synth_13997,10
synth_14222,10
synth_14249,10
synth_14478,10
synth_14501,10
synth_13879,10
synth_14221,10
synth_14411,10
synth_14619,10
synth_14016,10
synth_13870,10
synth_13891,10
synth_14151,10
synth_14531,10
synth_14558,10
synth_14615,10
synth_13890,10
synth_14120,10
synth_14200,10
synth_14364,10
synth_14366,10
synth_14585,10
synth_14617,10
synth_14035,10
synth_14192,10
synth_14584,10
synth_14638,10
synth_13955,10
synth_14019,10
synth_14056,10
synth_14006,10
synth_14163,10
synth_13793,10
synth_14546,10
synth_14085,10
synth_14178,10
synth_14184,10
synth_14456,10
synth_14548,10
synth_14577,10
synth_14622,10
synth_14719,10
synth_13904,10
synth_14047,10
synth_14049,10
synth_14127,10
synth_14729,10
synth_13791,10
synth_13841,10
synth_13949,10
synth_14063,10
synth_14296,10
synth_14305,10
synth_14011,10
synth_14152,10
synth_14194,10
synth_14261,10
synth_14279,10
synth_14291,10
synth_14308,10
synth_14600,10
synth_14131,10
synth_14240,10
synth_14307,10
synth_14645,10
synth_14137,10
synth_14201,10
synth_14673,10
synth_13925,10
synth_14376,10
synth_14602,10
synth_14024,10
synth_14457,10
synth_14575,10
synth_14580,10
synth_14624,10
synth_14145,10
synth_14516,10
synth_14078,10
synth_14636,10
synth_14639,10
synth_14708,10
synth_14088,10
synth_14099,10
synth_14129,10
synth_14181,10
synth_14267,10
synth_14274,10
synth_14640,10
synth_14699,10
synth_13996,10
synth_14284,10
synth_14323,10
synth_13867,10
synth_13877,10
synth_14418,10
synth_14607,10
synth_14293,10
synth_14319,10
synth_14654,10
synth_14703,10
synth_13981,10
synth_14052,10
synth_14383,10
synth_14544,10
synth_14036,10
synth_14459,10
synth_14565,10
synth_14664,10
synth_14668,10
synth_14008,10
synth_13809,10
synth_13821,10
synth_13943,10
synth_14095,10
synth_14125,10
synth_14189,10
synth_13886,10
synth_13889,10
synth_14038,10
synth_14117,10
synth_14311,10
synth_14594,10
synth_14669,10
synth_14132,10
synth_14397,10
synth_14031,10
synth_13951,10
synth_14119,10
synth_14431,10
synth_14530,10
synth_14550,10
synth_13788,10
synth_13928,10
synth_14406,10
synth_13936,10
synth_14338,10
synth_14301,10
synth_14013,10
synth_13794,10
synth_13941,10
synth_14065,10
synth_14252,10
synth_14341,10
synth_14378,10
synth_14496,10
synth_14396,10
synth_14623,10
synth_14055,10
synth_14097,10
synth_14230,10
synth_14429,10
synth_14628,10
synth_14517,10
synth_13984,10
synth_14250,10
synth_13851,10
synth_14136,10
synth_14454,10
synth_14507,10
synth_14556,10
synth_13899,10
synth_14268,10
synth_14439,10
synth_14646,10
synth_14001,10
synth_13999,10
synth_14231,10
synth_14264,10
synth_14402,10
synth_14616,10
synth_14643,10
synth_14167,10
synth_13998,10
synth_14282,10
synth_14012,10
synth_13923,10
synth_14104,10
synth_14432,10
synth_14479,10
synth_14591,10
synth_14128,10
synth_14361,10
synth_14412,10
synth_14499,10
synth_14582,10
synth_14625,10
synth_14712,10
synth_13859,10
synth_13944,10
synth_13966,10
synth_14389,10
synth_14007,10
synth_13797,10
synth_13830,10
synth_13954,10
synth_14126,10
synth_14346,10
synth_14469,10
synth_14629,10
synth_14612,10
synth_14709,10
synth_13799,10
synth_14058,10
synth_14185,10
synth_14403,10
synth_14461,10
synth_14522,10
synth_14691,10
synth_14025,10
synth_14115,10
synth_14182,10
synth_14245,10
synth_14300,10
synth_14433,10
synth_14695,10
synth_13817,10
synth_14386,10
synth_14401,10
synth_14486,10
synth_14525,10
synth_14631,10
synth_14704,10
synth_14157,10
synth_14562,10
synth_14589,10
synth_14667,10
synth_14005,10
synth_14269,10
synth_14710,10
synth_14281,10
synth_14488,10
synth_14495,10
synth_14553,10
synth_14633,10
synth_13812,10
synth_13958,10
synth_13971,10
synth_14084,10
synth_14248,10
synth_14068,10
synth_14102,10
synth_14226,10
synth_14537,10
synth_14681,10
synth_14015,10
synth_13843,10
synth_14112,10
synth_14210,10
synth_14470,10
synth_14724,10
synth_13861,10
synth_14236,10
synth_14256,10
synth_14620,10
synth_14653,10
synth_14659,10
synth_14716,10
synth_14223,10
synth_14404,10
synth_14475,10
synth_14521,10
synth_13815,10
synth_14337,10
synth_14353,10
synth_14508,10
synth_14532,10
synth_14540,10
synth_14599,10
synth_13840,10
synth_13921,10
synth_14139,10
synth_14150,10
synth_14168,10
synth_14046,10
synth_14202,10
synth_14299,10
synth_14573,10
synth_14054,10
synth_14295,10
synth_14358,10
synth_14483,10
synth_14162,10
synth_13894,10
synth_13964,10
synth_14228,10
synth_14526,10
synth_13900,10
synth_14263,10
synth_14365,10
synth_14666,10
synth_13907,10
synth_14061,10
synth_14407,10
synth_14059,10
synth_14327,10
synth_14393,10
synth_14410,10
synth_14421,10
synth_14492,10
synth_14734,10
synth_13853,10
synth_14204,10
synth_14213,10
synth_14286,10
synth_14542,10
synth_13908,10
synth_14283,10
synth_14021,10
synth_13866,10
synth_13972,10
synth_13991,10
synth_14103,10
synth_14523,10
synth_14524,10
synth_14581,10
synth_14732,10
synth_14554,10
synth_13850,10
synth_13903,10
synth_14259,10
synth_14541,10
synth_14572,10
synth_14670,10
synth_13868,10
synth_14087,10
synth_14330,10
synth_14371,10
synth_14434,10
synth_14514,10
synth_13796,10
synth_14082,10
synth_14183,10
synth_14369,10
synth_14428,10
synth_14493,10
synth_14651,10
synth_13787,10
synth_13847,10
synth_13935,10
synth_14109,10
synth_14180,10
synth_14370,10
synth_14527,10
synth_14551,10
synth_14655,10
synth_14067,10
synth_14352,10
synth_14391,10
synth_14400,10
synth_14731,10
synth_14144,10
synth_14203,10
synth_14377,10
synth_14715,10
synth_14140,10
synth_14179,10
synth_14535,10
synth_14657,10
synth_14448,10
synth_14590,10
synth_14413,10
synth_14107,10
synth_14689,10
synth_13961,10
synth_14262,10
synth_14294,10
synth_14309,10
synth_14438,10
synth_14288,10
synth_14315,10
synth_14552,10
synth_13915,10
synth_14380,10
synth_14422,10
synth_14559,10
synth_14601,10
synth_13810,10
synth_13916,10
synth_13976,10
synth_13994,10
synth_14027,10
synth_14374,10
synth_13910,10
synth_14138,10
synth_14020,10
synth_13839,10
synth_13948,10
synth_14408,10
synth_14578,10
synth_14064,10
synth_14513,10
synth_14652,10
synth_14685,10
synth_14003,10
synth_14242,10
synth_14322,10
synth_14399,10
synth_14539,10
synth_14588,10
synth_14720,10
synth_14727,10
synth_14161,10
synth_14070,10
synth_14170,10
synth_14199,10
synth_14265,10
synth_14690,10
synth_14692,10
synth_14302,10
synth_14610,10
synth_14687,10
synth_14702,10
synth_14722,10
synth_14165,10
synth_13798,10
synth_14048,10
synth_14147,10
synth_14313,10
synth_14023,10
synth_13824,10
synth_13864,10
synth_13892,10
synth_14134,10
synth_14246,10
synth_14278,10
synth_14605,10
synth_13874,10
synth_13911,10
synth_13957,10
synth_14344,10
synth_14440,10
synth_14442,10
synth_14512,10
synth_14696,10
synth_13893,10
synth_13969,10
synth_14247,10
synth_14660,10
synth_14688,10
synth_13814,10
synth_13837,10
synth_14224,10
synth_14570,10
synth_14686,10
synth_14160,10
synth_13860,10
synth_14062,10
synth_13979,10
synth_14101,10
synth_14116,10
synth_14257,10
synth_14387,10
synth_14405,10
synth_14467,10
synth_14733,10
synth_13846,10
synth_14037,10
synth_14235,10
synth_13913,10
synth_13953,10
synth_14121,10
synth_13869,10
synth_14266,10
synth_14198,10
synth_14232,10
synth_14328,10
synth_14549,10
synth_14626,10
synth_13863,10
synth_14234,10
synth_14409,10
synth_14543,10
synth_14587,10
synth_14592,10
synth_13789,10
synth_13811,10
synth_13828,10
synth_14133,10
synth_14206,10
synth_14220,10
synth_14244,10
synth_14388,10
synth_14680,10
synth_14711,10
synth_13838,10
synth_13975,10
synth_14113,10
synth_14682,10
synth_13876,10
synth_13960,10
synth_14177,10
synth_14187,10
synth_14285,10
synth_14318,10
synth_14598,10
synth_14000,10
synth_14022,10
synth_14156,10
synth_14041,10
synth_14209,10
synth_13808,10
synth_13885,10
synth_14089,10
synth_14171,10
synth_14176,10
synth_14381,10
synth_14347,10
synth_14476,10
synth_14505,10
synth_14606,10
synth_14647,10
synth_14694,10
synth_14718,10
synth_14075,10
synth_14086,10
synth_14385,10
synth_13873,10
synth_14111,10
synth_14275,10
synth_14555,10
synth_14032,10
synth_14114,10
synth_14273,10
synth_14297,10
synth_14340,10
synth_14384,10
synth_14630,10
synth_13813,10
synth_13933,10
synth_13986,10
synth_14148,10
synth_14211,10
synth_14414,10
synth_14419,10
synth_14010,10
synth_13926,10
synth_14028,10
synth_14356,10
synth_14451,10
synth_14473,10
synth_14477,10
synth_13934,10
synth_14196,10
synth_14336,10
synth_14425,10
synth_14557,10
synth_13803,10
synth_13988,10
synth_13989,10
synth_13993,10
synth_14149,10
synth_14214,10
synth_14272,10
synth_14614,10
synth_14009,10
synth_14034,10
synth_13920,10
synth_14362,10
synth_14373,10
synth_14683,10
synth_14004,10
synth_14392,10
synth_14398,10
synth_14424,10
synth_14519,10
synth_14567,10
synth_14627,10
synth_13956,10
synth_14093,10
synth_14190,10
synth_14258,10
synth_14503,10
synth_14579,10
synth_14597,10
synth_13922,10
synth_14060,10
synth_14100,10
synth_14331,10
synth_14464,10
synth_14474,10
synth_14641,10
synth_14166,10
synth_14077,10
synth_14270,10
synth_13978,10
synth_14069,10
synth_14174,10
synth_14674,10
synth_14159,10
synth_14290,10
synth_14698,10
synth_14215,10
synth_14241,10
synth_14426,10
synth_14091,10
synth_14205,10
synth_14304,10
synth_14430,10
synth_14445,10
synth_13880,10
synth_13939,10
synth_13962,10
synth_14076,10
synth_14110,10
synth_14229,10
synth_14357,10
synth_14706,10
synth_14066,10
synth_14072,10
synth_14520,10
synth_14604,10
synth_14153,10
synth_13826,10
synth_13835,10
synth_13844,10
synth_13977,10
synth_14043,10
synth_13895,10
synth_13947,10
synth_14090,10
synth_14219,10
synth_14243,10
synth_13832,10
synth_13901,10
synth_14044,10
synth_14096,10
synth_14314,10
synth_14329,10
synth_14349,10
synth_14394,10
synth_13795,10
synth_13829,10
synth_13983,10
synth_14079,10
synth_14494,10
synth_14569,10
synth_14233,10
synth_14255,10
synth_14277,10
synth_14561,10
synth_14650,10
synth_13888,10
synth_14212,10
synth_14465,10
synth_14618,10
synth_14648,10
synth_14705,10
synth_14253,10
synth_14480,10
synth_14490,10
synth_13792,10
synth_13855,10
synth_14254,10
synth_14395,10
synth_14026,10
synth_13842,10
synth_14073,10
synth_14173,10
synth_14642,10
synth_13898,10
synth_14172,10
synth_14216,10
synth_13938,10
synth_14436,10
synth_14663,10
synth_13818,10
synth_13849,10
synth_13952,10
synth_14175,10
synth_14218,10
synth_14528,10
synth_14677,10
synth_14701,10
synth_14707,10
synth_13856,10
synth_14576,10
synth_14713,10
synth_14714,10
synth_14122,10
synth_14310,10
synth_14348,10
synth_13801,10
synth_13836,10
synth_13940,10
synth_14534,10
synth_14547,10
synth_14611,10
synth_14684,10
synth_13806,10
synth_13823,10
synth_13930,10
synth_14355,10
synth_14489,10
synth_14637,10
synth_14227,10
synth_14339,10
synth_14343,10
synth_14808,9
synth_15077,9
synth_15104,9
synth_15203,9
synth_15325,9
synth_15740,9
synth_15804,9
synth_15266,9
synth_15281,9
synth_15468,9
synth_15656,9
synth_15230,9
synth_15578,9
synth_15700,9
synth_15797,9
synth_15798,9
synth_15800,9
synth_15201,9
synth_15340,9
synth_15451,9
synth_15488,9
synth_15609,9
synth_15663,9
synth_15018,9
synth_15447,9
synth_15552,9
synth_15586,9
synth_15799,9
synth_15023,9
synth_15107,9
synth_15139,9
synth_15749,9
synth_15784,9
synth_14968,9
synth_15147,9
synth_15434,9
synth_15818,9
synth_15868,9
synth_15306,9
synth_15771,9
synth_14933,9
synth_14865,9
synth_14871,9
synth_15329,9
synth_15386,9
synth_15398,9
synth_15595,9
synth_15603,9
synth_14805,9
synth_14774,9
synth_15295,9
synth_15415,9
synth_15567,9
synth_15591,9
synth_15661,9
synth_15690,9
synth_15206,9
synth_15351,9
synth_15416,9
synth_15572,9
synth_15796,9
synth_15176,9
synth_15424,9
synth_15466,9
synth_15502,9
synth_15569,9
synth_15752,9
synth_14740,9
synth_14845,9
synth_15307,9
synth_15515,9
synth_15555,9
synth_15673,9
synth_15858,9
synth_14926,9
synth_15275,9
synth_15444,9
synth_15455,9
synth_15648,9
synth_14748,9
synth_14872,9
synth_14935,9
synth_14904,9
synth_15318,9
synth_15704,9
synth_15174,9
synth_15236,9
synth_15292,9
synth_15496,9
synth_15497,9
synth_15366,9
synth_15375,9
synth_14789,9
synth_14851,9
synth_14911,9
synth_14983,9
synth_15676,9
synth_15806,9
synth_14897,9
synth_15166,9
synth_15167,9
synth_15666,9
synth_14949,9
synth_15373,9
synth_14797,9
synth_14883,9
synth_15103,9
synth_15161,9
synth_15222,9
synth_15662,9
synth_15717,9
synth_15084,9
synth_15420,9
synth_15501,9
synth_15581,9
synth_14835,9
synth_14809,9
synth_15362,9
synth_14860,9
synth_14896,9
synth_14965,9
synth_15186,9
synth_15426,9
synth_15597,9
synth_15125,9
synth_15211,9
synth_15223,9
synth_15585,9
synth_15758,9
synth_15785,9
synth_15039,9
synth_15189,9
synth_15391,9
synth_15530,9
synth_15861,9
synth_15533,9
synth_15101,9
synth_15182,9
synth_15248,9
synth_15276,9
synth_14861,9
synth_15433,9
synth_15671,9
synth_15688,9
synth_14836,9
synth_14934,9
synth_15338,9
synth_15624,9
synth_15686,9
synth_14915,9
synth_15196,9
synth_15450,9
synth_15485,9
synth_15772,9
synth_15852,9
synth_14803,9
synth_14899,9
synth_15209,9
synth_15187,9
synth_15267,9
synth_15627,9
synth_15807,9
synth_14914,9
synth_15165,9
synth_15864,9
synth_14745,9
synth_15011,9
synth_15050,9
synth_15610,9
synth_15636,9
synth_15718,9
synth_14921,9
synth_14970,9
synth_15142,9
synth_15322,9
synth_15553,9
synth_15588,9
synth_14755,9
synth_14882,9
synth_15118,9
synth_15274,9
synth_15432,9
synth_15841,9
synth_14858,9
synth_15071,9
synth_15112,9
synth_15475,9
synth_15493,9
synth_14756,9
synth_14741,9
synth_15158,9
synth_15396,9
synth_15442,9
synth_15658,9
synth_15722,9
synth_15724,9
synth_15733,9
synth_14833,9
synth_15369,9
synth_14890,9
synth_14962,9
synth_15076,9
synth_15170,9
synth_15255,9
synth_14751,9
synth_14754,9
synth_15235,9
synth_15387,9
synth_15393,9
synth_14759,9
synth_14864,9
synth_15033,9
synth_15141,9
synth_15342,9
synth_15571,9
synth_15047,9
synth_15133,9
synth_15327,9
synth_15437,9
synth_15539,9
synth_14884,9
synth_15001,9
synth_15003,9
synth_15744,9
synth_15788,9
synth_14957,9
synth_15035,9
synth_15057,9
synth_15300,9
synth_15414,9
synth_15705,9
synth_14739,9
synth_15210,9
synth_15565,9
synth_15377,9
synth_15320,9
synth_15459,9
synth_15699,9
synth_14762,9
synth_14852,9
synth_14886,9
synth_15217,9
synth_14919,9
synth_14952,9
synth_15231,9
synth_15349,9
synth_15510,9
synth_15528,9
synth_15710,9
synth_15834,9
synth_14869,9
synth_14943,9
synth_15285,9
synth_15328,9
synth_15237,9
synth_15418,9
synth_15511,9
synth_14746,9
synth_15547,9
synth_15007,9
synth_15029,9
synth_15179,9
synth_15234,9
synth_15412,9
synth_15427,9
synth_15456,9
synth_14766,9
synth_15792,9
synth_15846,9
synth_14795,9
synth_15110,9
synth_15348,9
synth_15431,9
synth_15458,9
synth_15759,9
synth_15802,9
synth_14831,9
synth_15537,9
synth_15357,9
synth_15361,9
synth_15410,9
synth_15473,9
synth_15498,9
synth_15761,9
synth_14787,9
synth_14937,9
synth_15529,9
synth_14900,9
synth_15129,9
synth_15195,9
synth_15667,9
synth_15171,9
synth_15243,9
synth_15273,9
synth_15317,9
synth_15382,9
synth_15522,9
synth_15614,9
synth_15677,9
synth_15830,9
synth_14801,9
synth_14837,9
synth_14874,9
synth_14939,9
synth_15091,9
synth_15576,9
synth_15768,9
synth_15637,9
synth_15791,9
synth_14947,9
synth_14779,9
synth_14894,9
synth_14771,9
synth_14807,9
synth_15254,9
synth_15655,9
synth_14927,9
synth_15319,9
synth_15383,9
synth_15519,9
synth_15524,9
synth_15604,9
synth_14773,9
synth_14777,9
synth_14781,9
synth_15228,9
synth_15730,9
synth_14791,9
synth_15083,9
synth_15261,9
synth_15507,9
synth_15625,9
synth_15706,9
synth_15737,9
synth_15809,9
synth_14838,9
synth_14941,9
synth_15068,9
synth_15205,9
synth_15215,9
synth_15302,9
synth_15345,9
synth_15436,9
synth_15680,9
synth_15681,9
synth_15746,9
synth_15831,9
synth_15038,9
synth_15682,9
synth_15713,9
synth_14920,9
synth_15065,9
synth_15303,9
synth_15040,9
synth_15333,9
synth_15563,9
synth_15657,9
synth_15821,9
synth_15827,9
synth_15837,9
synth_15024,9
synth_15157,9
synth_15594,9
synth_15635,9
synth_15822,9
synth_14763,9
synth_15032,9
synth_15542,9
synth_15598,9
synth_15669,9
synth_14812,9
synth_14953,9
synth_14960,9
synth_14963,9
synth_15093,9
synth_15173,9
synth_15385,9
synth_15823,9
synth_14749,9
synth_14830,9
synth_14796,9
synth_14984,9
synth_15080,9
synth_15499,9
synth_14767,9
synth_14972,9
synth_15056,9
synth_15315,9
synth_15352,9
synth_15478,9
synth_15089,9
synth_15343,9
synth_14738,9
synth_15115,9
synth_15659,9
synth_15860,9
synth_14850,9
synth_14892,9
synth_14913,9
synth_14991,9
synth_15153,9
synth_15568,9
synth_15820,9
synth_14817,9
synth_14922,9
synth_15017,9
synth_15484,9
synth_15506,9
synth_15592,9
synth_15630,9
synth_15766,9
synth_14820,9
synth_14786,9
synth_15087,9
synth_15148,9
synth_15269,9
synth_15371,9
synth_15465,9
synth_15649,9
synth_14905,9
synth_15061,9
synth_15149,9
synth_15326,9
synth_15439,9
synth_15587,9
synth_15775,9
synth_14942,9
synth_14955,9
synth_15138,9
synth_15151,9
synth_15312,9
synth_15668,9
synth_15776,9
synth_15845,9
synth_14849,9
synth_15134,9
synth_15242,9
synth_15263,9
synth_15283,9
synth_15335,9
synth_15854,9
synth_14948,9
synth_14828,9
synth_15162,9
synth_15247,9
synth_15495,9
synth_15599,9
synth_15626,9
synth_15644,9
synth_15378,9
synth_14912,9
synth_15550,9
synth_15801,9
synth_14827,9
synth_14917,9
synth_14976,9
synth_15619,9
synth_15629,9
synth_15379,9
synth_15279,9
synth_15407,9
synth_15617,9
synth_15865,9
synth_14924,9
synth_15866,9
synth_15548,9
synth_15088,9
synth_15177,9
synth_15194,9
synth_15330,9
synth_15486,9
synth_15653,9
synth_15754,9
synth_15795,9
synth_14782,9
synth_15058,9
synth_15092,9
synth_15446,9
synth_15512,9
synth_15738,9
synth_15869,9
synth_14810,9
synth_15453,9
synth_15596,9
synth_15789,9
synth_14930,9
synth_15544,9
synth_14887,9
synth_15268,9
synth_15554,9
synth_15703,9
synth_15081,9
synth_15449,9
synth_15469,9
synth_15651,9
synth_15691,9
synth_15747,9
synth_15376,9
synth_15009,9
synth_15049,9
synth_15160,9
synth_15353,9
synth_15857,9
synth_14945,9
synth_14954,9
synth_14971,9
synth_15202,9
synth_15481,9
synth_15634,9
synth_15743,9
synth_14903,9
synth_15090,9
synth_15411,9
synth_15472,9
synth_15494,9
synth_15622,9
synth_15652,9
synth_15694,9
synth_15697,9
synth_15751,9
synth_14794,9
synth_14857,9
synth_14901,9
synth_15073,9
synth_15265,9
synth_15429,9
synth_15454,9
synth_15715,9
synth_15136,9
synth_15264,9
synth_15406,9
synth_15601,9
synth_15612,9
synth_14814,9
synth_14776,9
synth_15025,9
synth_15282,9
synth_15311,9
synth_15600,9
synth_15154,9
synth_15408,9
synth_15839,9
synth_15365,9
synth_14839,9
synth_15721,9
synth_15723,9
synth_15096,9
synth_14802,9
synth_14811,9
synth_14834,9
synth_15767,9
synth_15238,9
synth_15633,9
synth_15808,9
synth_14798,9
synth_14959,9
synth_15111,9
synth_15131,9
synth_15590,9
synth_15813,9
synth_15832,9
synth_14823,9
synth_14792,9
synth_15105,9
synth_15490,9
synth_15692,9
synth_15368,9
synth_14895,9
synth_14986,9
synth_15116,9
synth_15226,9
synth_15360,9
synth_15584,9
synth_15833,9
synth_14902,9
synth_15178,9
synth_15741,9
synth_15762,9
synth_15374,9
synth_14876,9
synth_15184,9
synth_15251,9
synth_15462,9
synth_15665,9
synth_15787,9
synth_15794,9
synth_15838,9
synth_15363,9
synth_15069,9
synth_15132,9
synth_15646,9
synth_15731,9
synth_15753,9
synth_15114,9
synth_15241,9
synth_15332,9
synth_15380,9
synth_15613,9
synth_14848,9
synth_15538,9
synth_15005,9
synth_15120,9
synth_15221,9
synth_15233,9
synth_15370,9
synth_15443,9
synth_15445,9
synth_15523,9
synth_15577,9
synth_15689,9
synth_15693,9
synth_15735,9
synth_14855,9
synth_14906,9
synth_15696,9
synth_15159,9
synth_15200,9
synth_15381,9
synth_15463,9
synth_14832,9
synth_14863,9
synth_14870,9
synth_14918,9
synth_14969,9
synth_15015,9
synth_15339,9
synth_15470,9
synth_15786,9
synth_15811,9
synth_14744,9
synth_14866,9
synth_14994,9
synth_15219,9
synth_15479,9
synth_15707,9
synth_15793,9
synth_15545,9
synth_15072,9
synth_15534,9
synth_14875,9
synth_15639,9
synth_15728,9
synth_15825,9
synth_15850,9
synth_14824,9
synth_14778,9
synth_14961,9
synth_15294,9
synth_15518,9
synth_15602,9
synth_15641,9
synth_14932,9
synth_14867,9
synth_14975,9
synth_15031,9
synth_15316,9
synth_15452,9
synth_15712,9
synth_15755,9
synth_15756,9
synth_14743,9
synth_14770,9
synth_14859,9
synth_15086,9
synth_15220,9
synth_15460,9
synth_15556,9
synth_15817,9
synth_15870,9
synth_14907,9
synth_15216,9
synth_15246,9
synth_15561,9
synth_15695,9
synth_14929,9
synth_14946,9
synth_15137,9
synth_15296,9
synth_15354,9
synth_15403,9
synth_15505,9
synth_14841,9
synth_15060,9
synth_15146,9
synth_15163,9
synth_15305,9
synth_15709,9
synth_15482,9
synth_15778,9
synth_15779,9
synth_15853,9
synth_15212,9
synth_15526,9
synth_15750,9
synth_14775,9
synth_15150,9
synth_15551,9
synth_15849,9
synth_14768,9
synth_15140,9
synth_15244,9
synth_15654,9
synth_15729,9
synth_14990,9
synth_15054,9
synth_15509,9
synth_15623,9
synth_15698,9
synth_15855,9
synth_14854,9
synth_14974,9
synth_15082,9
synth_15102,9
synth_15119,9
synth_15277,9
synth_15334,9
synth_15336,9
synth_15028,9
synth_15164,9
synth_15208,9
synth_15290,9
synth_15321,9
synth_15471,9
synth_15197,9
synth_15543,9
synth_14747,9
synth_14826,9
synth_14997,9
synth_15013,9
synth_15130,9
synth_15583,9
synth_15620,9
synth_14819,9
synth_15052,9
synth_15127,9
synth_15346,9
synth_15461,9
synth_15859,9
synth_15117,9
synth_15843,9
synth_14764,9
synth_14844,9
synth_15074,9
synth_15257,9
synth_15632,9
synth_15678,9
synth_15702,9
synth_15803,9
synth_14780,9
synth_15143,9
synth_15435,9
synth_15672,9
synth_15732,9
synth_15549,9
synth_14879,9
synth_14893,9
synth_15123,9
synth_15169,9
synth_15647,9
synth_15726,9
synth_14880,9
synth_14964,9
synth_15253,9
synth_15358,9
synth_15527,9
synth_15643,9
synth_14988,9
synth_15066,9
synth_15172,9
synth_15232,9
synth_15844,9
synth_15271,9
synth_15589,9
synth_15708,9
synth_15770,9
synth_14788,9
synth_15477,9
synth_15562,9
synth_14822,9
synth_15245,9
synth_15280,9
synth_15400,9
synth_15413,9
synth_15448,9
synth_14825,9
synth_14951,9
synth_15070,9
synth_15397,9
synth_15401,9
synth_15474,9
synth_15514,9
synth_15560,9
synth_15664,9
synth_15687,9
synth_14752,9
synth_14769,9
synth_14881,9
synth_14966,9
synth_14980,9
synth_15079,9
synth_15183,9
synth_15284,9
synth_15582,9
synth_14995,9
synth_15012,9
synth_15078,9
synth_15225,9
synth_15464,9
synth_15660,9
synth_14989,9
synth_15441,9
synth_15467,9
synth_15570,9
synth_15748,9
synth_15816,9
synth_14757,9
synth_15062,9
synth_15145,9
synth_15252,9
synth_15780,9
synth_15848,9
synth_15287,9
synth_15301,9
synth_15359,9
synth_15395,9
synth_15611,9
synth_15546,9
synth_15199,9
synth_15483,9
synth_15782,9
synth_15835,9
synth_14985,9
synth_15002,9
synth_15304,9
synth_15428,9
synth_15847,9
synth_15871,9
synth_14889,9
synth_15278,9
synth_15341,9
synth_15422,9
synth_15742,9
synth_15041,9
synth_15535,9
synth_15256,9
synth_15298,9
synth_15508,9
synth_15593,9
synth_14938,9
synth_14958,9
synth_15185,9
synth_15355,9
synth_15711,9
synth_15725,9
synth_15536,9
synth_15030,9
synth_15764,9
synth_14992,9
synth_15144,9
synth_15214,9
synth_15240,9
synth_15289,9
synth_15683,9
synth_15842,9
synth_14784,9
synth_14818,9
synth_14843,9
synth_14856,9
synth_14862,9
synth_15051,9
synth_15810,9
synth_15819,9
synth_14853,9
synth_15010,9
synth_15337,9
synth_15409,9
synth_15559,9
synth_15679,9
synth_15812,9
synth_14950,9
synth_15022,9
synth_15204,9
synth_15229,9
synth_15574,9
synth_15701,9
synth_15727,9
synth_14923,9
synth_14931,9
synth_14760,9
synth_14888,9
synth_15053,9
synth_15188,9
synth_15297,9
synth_15314,9
synth_15344,9
synth_14982,9
synth_14999,9
synth_15392,9
synth_15684,9
synth_15714,9
synth_15757,9
synth_15155,9
synth_15331,9
synth_15421,9
synth_15476,9
synth_15573,9
synth_15631,9
synth_15773,9
synth_14758,9
synth_14840,9
synth_15036,9
synth_15249,9
synth_15258,9
synth_15299,9
synth_15760,9
synth_15765,9
synth_14908,9
synth_14973,9
synth_15121,9
synth_15525,9
synth_14742,9
synth_14753,9
synth_14804,9
synth_14910,9
synth_15067,9
synth_15152,9
synth_15175,9
synth_15783,9
synth_14813,9
synth_14785,9
synth_15043,9
synth_15124,9
synth_15191,9
synth_15829,9
synth_14936,9
synth_15085,9
synth_15308,9
synth_15388,9
synth_15394,9
synth_15500,9
synth_15826,9
synth_15099,9
synth_15218,9
synth_15262,9
synth_15532,9
synth_14898,9
synth_14993,9
synth_15000,9
synth_15042,9
synth_15323,9
synth_15438,9
synth_14956,9
synth_15027,9
synth_15113,9
synth_15531,9
synth_15745,9
synth_15851,9
synth_15021,9
synth_15181,9
synth_15856,9
synth_14928,9
synth_14868,9
synth_14885,9
synth_14909,9
synth_14977,9
synth_15100,9
synth_15193,9
synth_15250,9
synth_15425,9
synth_15719,9
synth_15095,9
synth_15417,9
synth_15423,9
synth_15504,9
synth_15777,9
synth_15840,9
synth_14750,9
synth_14799,9
synth_15004,9
synth_15020,9
synth_15122,9
synth_15239,9
synth_15440,9
synth_15491,9
synth_15516,9
synth_15824,9
synth_14761,9
synth_14772,9
synth_14790,9
synth_14842,9
synth_15037,9
synth_15606,9
synth_15774,9
synth_15044,9
synth_15098,9
synth_15293,9
synth_15557,9
synth_15566,9
synth_14800,9
synth_14821,9
synth_14925,9
synth_15075,9
synth_15106,9
synth_15156,9
synth_15503,9
synth_15521,9
synth_15736,9
synth_15739,9
synth_14793,9
synth_14829,9
synth_15168,9
synth_15628,9
synth_15640,9
synth_15805,9
synth_14944,9
synth_15190,9
synth_15227,9
synth_15135,9
synth_15605,9
synth_14967,9
synth_14987,9
synth_15198,9
synth_15492,9
synth_15781,9
synth_15097,9
synth_15192,9
synth_15259,9
synth_15288,9
synth_15579,9
synth_14847,9
synth_14998,9
synth_15356,9
synth_15404,9
synth_15457,9
synth_15716,9
synth_15046,9
synth_15108,9
synth_15224,9
synth_15272,9
synth_15286,9
synth_15642,9
synth_14873,9
synth_15059,9
synth_15128,9
synth_15180,9
synth_15350,9
synth_15384,9
synth_15402,9
synth_15405,9
synth_15520,9
synth_15540,9
synth_15558,9
synth_15618,9
synth_14877,9
synth_14981,9
synth_15126,9
synth_15260,9
synth_15517,9
synth_15006,9
synth_15390,9
synth_15480,9
synth_15564,9
synth_15607,9
synth_15814,9
synth_15367,9
synth_14783,9
synth_14878,9
synth_14978,9
synth_15763,9
synth_14891,9
synth_15109,9
synth_15291,9
synth_15399,9
synth_15487,9
synth_15608,9
synth_15862,9
synth_15364,9
synth_14916,9
synth_15045,9
synth_15207,9
synth_15389,9
synth_14940,9
synth_14996,9
synth_15324,9
synth_15430,9
synth_15489,9
synth_15685,9
synth_15769,9
synth_15016,9
synth_15034,9
synth_15513,9
synth_15575,9
synth_15828,9
synth_14806,9
synth_14979,9
synth_15347,9
synth_15645,9
synth_15675,9
synth_15014,9
synth_15055,9
synth_15615,9
synth_15815,9
synth_15836,9
synth_14815,9
synth_14816,9
synth_15313,9
synth_15867,9
synth_14765,9
synth_15048,9
synth_15310,9
synth_15372,9
synth_15580,9
synth_15650,9
synth_15670,9
synth_15674,9
synth_15019,9
synth_15064,9
synth_15094,9
synth_15309,9
synth_15419,9
synth_15008,9
synth_15621,9
synth_15720,9
synth_15863,9
synth_14846,9
synth_15026,9
synth_15063,9
synth_15213,9
synth_15270,9
synth_15541,9
synth_15616,9
synth_15638,9
synth_15734,9
synth_15790,9
synth_15972,8
synth_16026,8
synth_16319,8
synth_16325,8
synth_16543,8
synth_16588,8
synth_16651,8
synth_17105,8
synth_16105,8
synth_16264,8
synth_16370,8
synth_16600,8
synth_16649,8
synth_16951,8
synth_16987,8
synth_17234,8
synth_16493,8
synth_15961,8
synth_16290,8
synth_16812,8
synth_16302,8
synth_16400,8
synth_16538,8
synth_16902,8
synth_17016,8
synth_16473,8
synth_16152,8
synth_16859,8
synth_15892,8
synth_16096,8
synth_16470,8
synth_16852,8
synth_17175,8
synth_17239,8
synth_16339,8
synth_16514,8
synth_16768,8
synth_16810,8
synth_16959,8
synth_17100,8
synth_17146,8
synth_16232,8
synth_16438,8
synth_16576,8
synth_16625,8
synth_17023,8
synth_16467,8
synth_16078,8
synth_16079,8
synth_16291,8
synth_16316,8
synth_16449,8
synth_16469,8
synth_16184,8
synth_16257,8
synth_16458,8
synth_16505,8
synth_17183,8
synth_17193,8
synth_16073,8
synth_16165,8
synth_16230,8
synth_16252,8
synth_16440,8
synth_16983,8
synth_15893,8
synth_16090,8
synth_16318,8
synth_16632,8
synth_16697,8
synth_16833,8
synth_16863,8
synth_17025,8
synth_17058,8
synth_16177,8
synth_16259,8
synth_16453,8
synth_16966,8
synth_15949,8
synth_16097,8
synth_16155,8
synth_16254,8
synth_16353,8
synth_16386,8
synth_16396,8
synth_16437,8
synth_16926,8
synth_16948,8
synth_15888,8
synth_16501,8
synth_16486,8
synth_16241,8
synth_16433,8
synth_16555,8
synth_17085,8
synth_17180,8
synth_17236,8
synth_16829,8
synth_16845,8
synth_17128,8
synth_15906,8
synth_16715,8
synth_16772,8
synth_15953,8
synth_15982,8
synth_15984,8
synth_16082,8
synth_16381,8
synth_17161,8
synth_16219,8
synth_16227,8
synth_16256,8
synth_16624,8
synth_16732,8
synth_16767,8
synth_17064,8
synth_17095,8
synth_17145,8
synth_17163,8
synth_15978,8
synth_16223,8
synth_16282,8
synth_16508,8
synth_16844,8
synth_15911,8
synth_15966,8
synth_16990,8
synth_16997,8
synth_17188,8
synth_16003,8
synth_16385,8
synth_16593,8
synth_16679,8
synth_16756,8
synth_16830,8
synth_15931,8
synth_16089,8
synth_16549,8
synth_16871,8
synth_16934,8
synth_17049,8
synth_17094,8
synth_17243,8
synth_16492,8
synth_16229,8
synth_16435,8
synth_16515,8
synth_16677,8
synth_16702,8
synth_16906,8
synth_17117,8
synth_16275,8
synth_16650,8
synth_16759,8
synth_16785,8
synth_16879,8
synth_16989,8
synth_17106,8
synth_17213,8
synth_16328,8
synth_16494,8
synth_15959,8
synth_16062,8
synth_16217,8
synth_16509,8
synth_16521,8
synth_16695,8
synth_17093,8
synth_17101,8
synth_17242,8
synth_16309,8
synth_16039,8
synth_16620,8
synth_16666,8
synth_16731,8
synth_16757,8
synth_16900,8
synth_16962,8
synth_16313,8
synth_15880,8
synth_15942,8
synth_15944,8
synth_16017,8
synth_16378,8
synth_16791,8
synth_16497,8
synth_15903,8
synth_15993,8
synth_16130,8
synth_16446,8
synth_16634,8
synth_16708,8
synth_16733,8
synth_16818,8
synth_16068,8
synth_16637,8
synth_16681,8
synth_16766,8
synth_17111,8
synth_17252,8
synth_16327,8
synth_15945,8
synth_16363,8
synth_16609,8
synth_16709,8
synth_17039,8
synth_16827,8
synth_17205,8
synth_15913,8
synth_16139,8
synth_16220,8
synth_16279,8
synth_16289,8
synth_16750,8
synth_16127,8
synth_16498,8
synth_16131,8
synth_16258,8
synth_16263,8
synth_16628,8
synth_16693,8
synth_16240,8
synth_16368,8
synth_16504,8
synth_16623,8
synth_16761,8
synth_17162,8
synth_17177,8
synth_16136,8
synth_16137,8
synth_16172,8
synth_16723,8
synth_16821,8
synth_16971,8
synth_17033,8
synth_17091,8
synth_17103,8
synth_17164,8
synth_16898,8
synth_16174,8
synth_16566,8
synth_16648,8
synth_17007,8
synth_15971,8
synth_16571,8
synth_16776,8
synth_16777,8
synth_16925,8
synth_16947,8
synth_16487,8
synth_17238,8
synth_16000,8
synth_16556,8
synth_16846,8
synth_15970,8
synth_16303,8
synth_16903,8
synth_17229,8
synth_15920,8
synth_16207,8
synth_16336,8
synth_16689,8
synth_17123,8
synth_15981,8
synth_16154,8
synth_16212,8
synth_16545,8
synth_16992,8
synth_17141,8
synth_16599,8
synth_15955,8
synth_16225,8
synth_16352,8
synth_16429,8
synth_17224,8
synth_16915,8
synth_17166,8
synth_16837,8
synth_16102,8
synth_16138,8
synth_16345,8
synth_16720,8
synth_17001,8
synth_16298,8
synth_16392,8
synth_16862,8
synth_16878,8
synth_16956,8
synth_16006,8
synth_16280,8
synth_16374,8
synth_16485,8
synth_16741,8
synth_16991,8
synth_16912,8
synth_15960,8
synth_15987,8
synth_16111,8
synth_16124,8
synth_16535,8
synth_17032,8
synth_16928,8
synth_17223,8
synth_15874,8
synth_16287,8
synth_16445,8
synth_16725,8
synth_16782,8
synth_17028,8
synth_17079,8
synth_17176,8
synth_16114,8
synth_16153,8
synth_16668,8
synth_16675,8
synth_17137,8
synth_17185,8
synth_17201,8
synth_15934,8
synth_15999,8
synth_16115,8
synth_16707,8
synth_16974,8
synth_17099,8
synth_17112,8
synth_17143,8
synth_16839,8
synth_17225,8
synth_16430,8
synth_16540,8
synth_16729,8
synth_16937,8
synth_15962,8
synth_16043,8
synth_16049,8
synth_16809,8
synth_16866,8
synth_16919,8
synth_17178,8
synth_16226,8
synth_16414,8
synth_16704,8
synth_17005,8
synth_16824,8
synth_16293,8
synth_16305,8
synth_16643,8
synth_16680,8
synth_16790,8
synth_17018,8
synth_17140,8
synth_17211,8
synth_16166,8
synth_16481,8
synth_17063,8
synth_17170,8
synth_15898,8
synth_16020,8
synth_16338,8
synth_16382,8
synth_16415,8
synth_17108,8
synth_16281,8
synth_16401,8
synth_16431,8
synth_16450,8
synth_16734,8
synth_16891,8
synth_16797,8
synth_16072,8
synth_16442,8
synth_16728,8
synth_16747,8
synth_16820,8
synth_17053,8
synth_17076,8
synth_16897,8
synth_17203,8
synth_15963,8
synth_16604,8
synth_16774,8
synth_17040,8
synth_17237,8
synth_16036,8
synth_16070,8
synth_16300,8
synth_16393,8
synth_16683,8
synth_16952,8
synth_17154,8
synth_17232,8
synth_16018,8
synth_16214,8
synth_16331,8
synth_16568,8
synth_16573,8
synth_16749,8
synth_17061,8
synth_17186,8
synth_16104,8
synth_16206,8
synth_16342,8
synth_16688,8
synth_16763,8
synth_16764,8
synth_16904,8
synth_17000,8
synth_17173,8
synth_17222,8
synth_16168,8
synth_16188,8
synth_16234,8
synth_16471,8
synth_16544,8
synth_16608,8
synth_16972,8
synth_17010,8
synth_16913,8
synth_17167,8
synth_16021,8
synth_17131,8
synth_16129,8
synth_16842,8
synth_15904,8
synth_16011,8
synth_16030,8
synth_16162,8
synth_16503,8
synth_16690,8
synth_17172,8
synth_17174,8
synth_16007,8
synth_16399,8
synth_16813,8
synth_16895,8
synth_17247,8
synth_16031,8
synth_16455,8
synth_16653,8
synth_16703,8
synth_16975,8
synth_17158,8
synth_16169,8
synth_16340,8
synth_16372,8
synth_16601,8
synth_16612,8
synth_16921,8
synth_17087,8
synth_16510,8
synth_17070,8
synth_15876,8
synth_15912,8
synth_16048,8
synth_16065,8
synth_16273,8
synth_16806,8
synth_17156,8
synth_16010,8
synth_16088,8
synth_16288,8
synth_16686,8
synth_16792,8
synth_17171,8
synth_15992,8
synth_16058,8
synth_17062,8
synth_17115,8
synth_17231,8
synth_16326,8
synth_16621,8
synth_16805,8
synth_16864,8
synth_16052,8
synth_16516,8
synth_16596,8
synth_16737,8
synth_17008,8
synth_16597,8
synth_16418,8
synth_16592,8
synth_16717,8
synth_16890,8
synth_17125,8
synth_17142,8
synth_15882,8
synth_15930,8
synth_16135,8
synth_16861,8
synth_17060,8
synth_16823,8
synth_16411,8
synth_16534,8
synth_16627,8
synth_16787,8
synth_16795,8
synth_16042,8
synth_16301,8
synth_16317,8
synth_16552,8
synth_16894,8
synth_17068,8
synth_17088,8
synth_17096,8
synth_17139,8
synth_16032,8
synth_16164,8
synth_16175,8
synth_16362,8
synth_16667,8
synth_16868,8
synth_17249,8
synth_15976,8
synth_16060,8
synth_16150,8
synth_16294,8
synth_16359,8
synth_16746,8
synth_16477,8
synth_15923,8
synth_16098,8
synth_16176,8
synth_17004,8
synth_17067,8
synth_16472,8
synth_16002,8
synth_16013,8
synth_16118,8
synth_16147,8
synth_16249,8
synth_16519,8
synth_16638,8
synth_16939,8
synth_16001,8
synth_16278,8
synth_16299,8
synth_16616,8
synth_16617,8
synth_16851,8
synth_16957,8
synth_16993,8
synth_17037,8
synth_17110,8
synth_17248,8
synth_15878,8
synth_16190,8
synth_16205,8
synth_16656,8
synth_16662,8
synth_16882,8
synth_16946,8
synth_17078,8
synth_17114,8
synth_15916,8
synth_15921,8
synth_16051,8
synth_16161,8
synth_16321,8
synth_16461,8
synth_16523,8
synth_16611,8
synth_16644,8
synth_16696,8
synth_16789,8
synth_17015,8
synth_17022,8
synth_17109,8
synth_15979,8
synth_16192,8
synth_16802,8
synth_17014,8
synth_16320,8
synth_16334,8
synth_16344,8
synth_16940,8
synth_16955,8
synth_16998,8
synth_17003,8
synth_17081,8
synth_17189,8
synth_16311,8
synth_15938,8
synth_15957,8
synth_16121,8
synth_16171,8
synth_16346,8
synth_16366,8
synth_16965,8
synth_16976,8
synth_17017,8
synth_17074,8
synth_17104,8
synth_16427,8
synth_15897,8
synth_16057,8
synth_16103,8
synth_16341,8
synth_16518,8
synth_16607,8
synth_16816,8
synth_16995,8
synth_16836,8
synth_16163,8
synth_16594,8
synth_16835,8
synth_16306,8
synth_16416,8
synth_16439,8
synth_16454,8
synth_16641,8
synth_16775,8
synth_17098,8
synth_17118,8
synth_16186,8
synth_16423,8
synth_16432,8
synth_16585,8
synth_17012,8
synth_17208,8
synth_16874,8
synth_16985,8
synth_17144,8
synth_17196,8
synth_16133,8
synth_16268,8
synth_16524,8
synth_16867,8
synth_16963,8
synth_16475,8
synth_15908,8
synth_15910,8
synth_16834,8
synth_16109,8
synth_15983,8
synth_16023,8
synth_16120,8
synth_16417,8
synth_16726,8
synth_16804,8
synth_16892,8
synth_16128,8
synth_16828,8
synth_17227,8
synth_15872,8
synth_16055,8
synth_16091,8
synth_16101,8
synth_16142,8
synth_16630,8
synth_16817,8
synth_16886,8
synth_16448,8
synth_17240,8
synth_17244,8
synth_15885,8
synth_16012,8
synth_16158,8
synth_16221,8
synth_16304,8
synth_16769,8
synth_16920,8
synth_16981,8
synth_17065,8
synth_16108,8
synth_16909,8
synth_16149,8
synth_16380,8
synth_16522,8
synth_16536,8
synth_16554,8
synth_16727,8
synth_16811,8
synth_16994,8
synth_17002,8
synth_17069,8
synth_17226,8
synth_15883,8
synth_16394,8
synth_16403,8
synth_16459,8
synth_16463,8
synth_16880,8
synth_16973,8
synth_17084,8
synth_17138,8
synth_17228,8
synth_16004,8
synth_16028,8
synth_16056,8
synth_16335,8
synth_16377,8
synth_16420,8
synth_17150,8
synth_16476,8
synth_16084,8
synth_16216,8
synth_16716,8
synth_16752,8
synth_16784,8
synth_16941,8
synth_16945,8
synth_16308,8
synth_16478,8
synth_15936,8
synth_15991,8
synth_16245,8
synth_16685,8
synth_16692,8
synth_16914,8
synth_15889,8
synth_15929,8
synth_15950,8
synth_16100,8
synth_16145,8
synth_16224,8
synth_16271,8
synth_16931,8
synth_17216,8
synth_15990,8
synth_16027,8
synth_16267,8
synth_16622,8
synth_17217,8
synth_15915,8
synth_15926,8
synth_15951,8
synth_16033,8
synth_16059,8
synth_16071,8
synth_16204,8
synth_16629,8
synth_16754,8
synth_17048,8
synth_17050,8
synth_17052,8
synth_17157,8
synth_17241,8
synth_16426,8
synth_16466,8
synth_16533,8
synth_16652,8
synth_16037,8
synth_16193,8
synth_16201,8
synth_16657,8
synth_16814,8
synth_16832,8
synth_16873,8
synth_16884,8
synth_17221,8
synth_16099,8
synth_16250,8
synth_16379,8
synth_16527,8
synth_16678,8
synth_16953,8
synth_15918,8
synth_16178,8
synth_16255,8
synth_16262,8
synth_16323,8
synth_17011,8
synth_17038,8
synth_16428,8
synth_16496,8
synth_16799,8
synth_16140,8
synth_16196,8
synth_16462,8
synth_16564,8
synth_16682,8
synth_15919,8
synth_15967,8
synth_16333,8
synth_16419,8
synth_17006,8
synth_16489,8
synth_15986,8
synth_16202,8
synth_16788,8
synth_16854,8
synth_16066,8
synth_16251,8
synth_16284,8
synth_16676,8
synth_16736,8
synth_17082,8
synth_17113,8
synth_16512,8
synth_16591,8
synth_16801,8
synth_16872,8
synth_17122,8
synth_15901,8
synth_15937,8
synth_16080,8
synth_16151,8
synth_16404,8
synth_16560,8
synth_16587,8
synth_17160,8
synth_16237,8
synth_16558,8
synth_16574,8
synth_16633,8
synth_16831,8
synth_17151,8
synth_16025,8
synth_16783,8
synth_17009,8
synth_17184,8
synth_16247,8
synth_16295,8
synth_16351,8
synth_16739,8
synth_16943,8
synth_16185,8
synth_16642,8
synth_16714,8
synth_16935,8
synth_17024,8
synth_16858,8
synth_15875,8
synth_16076,8
synth_16191,8
synth_16236,8
synth_16572,8
synth_16590,8
synth_16936,8
synth_17021,8
synth_17083,8
synth_15980,8
synth_16046,8
synth_16355,8
synth_16786,8
synth_16803,8
synth_16822,8
synth_16847,8
synth_15985,8
synth_16122,8
synth_16447,8
synth_16700,8
synth_16730,8
synth_16888,8
synth_15975,8
synth_16170,8
synth_16242,8
synth_16324,8
synth_16407,8
synth_16586,8
synth_16969,8
synth_17220,8
synth_17251,8
synth_16495,8
synth_16159,8
synth_16343,8
synth_16375,8
synth_16541,8
synth_16603,8
synth_17119,8
synth_17120,8
synth_16113,8
synth_16198,8
synth_16561,8
synth_16980,8
synth_16054,8
synth_16116,8
synth_16296,8
synth_16365,8
synth_16384,8
synth_16724,8
synth_16841,8
synth_16869,8
synth_16849,8
synth_17107,8
synth_16029,8
synth_16173,8
synth_16660,8
synth_16673,8
synth_16701,8
synth_17080,8
synth_17245,8
synth_16479,8
synth_16195,8
synth_16197,8
synth_16199,8
synth_16244,8
synth_16460,8
synth_16687,8
synth_16691,8
synth_16853,8
synth_16918,8
synth_17134,8
synth_16310,8
synth_15928,8
synth_15969,8
synth_16409,8
synth_16743,8
synth_17132,8
synth_16019,8
synth_16167,8
synth_16260,8
synth_16349,8
synth_16575,8
synth_16698,8
synth_16942,8
synth_16979,8
synth_16984,8
synth_16307,8
synth_15891,8
synth_16179,8
synth_16210,8
synth_16211,8
synth_16669,8
synth_16672,8
synth_16765,8
synth_16819,8
synth_16684,8
synth_17019,8
synth_17097,8
synth_16848,8
synth_17202,8
synth_15954,8
synth_16246,8
synth_16506,8
synth_16537,8
synth_16272,8
synth_16646,8
synth_15948,8
synth_16405,8
synth_16671,8
synth_17057,8
synth_17198,8
synth_16183,8
synth_16270,8
synth_16283,8
synth_16546,8
synth_16602,8
synth_16751,8
synth_16779,8
synth_16949,8
synth_17204,8
synth_15940,8
synth_16038,8
synth_16387,8
synth_16406,8
synth_16425,8
synth_16722,8
synth_16808,8
synth_17155,8
synth_15914,8
synth_15952,8
synth_16222,8
synth_16248,8
synth_17027,8
synth_16107,8
synth_16329,8
synth_16077,8
synth_16095,8
synth_16160,8
synth_16209,8
synth_16735,8
synth_16771,8
synth_16781,8
synth_16978,8
synth_16986,8
synth_17045,8
synth_17152,8
synth_17169,8
synth_16035,8
synth_16408,8
synth_16457,8
synth_16615,8
synth_16631,8
synth_16647,8
synth_16794,8
synth_16881,8
synth_16499,8
synth_15884,8
synth_16187,8
synth_16410,8
synth_16413,8
synth_16605,8
synth_17056,8
synth_17197,8
synth_15886,8
synth_15956,8
synth_16584,8
synth_17031,8
synth_16285,8
synth_16367,8
synth_16402,8
synth_16529,8
synth_16614,8
synth_16889,8
synth_16999,8
synth_17072,8
synth_16009,8
synth_16539,8
synth_16563,8
synth_16710,8
synth_16977,8
synth_16452,8
synth_16932,8
synth_17214,8
synth_16034,8
synth_16530,8
synth_16531,8
synth_16954,8
synth_16899,8
synth_16008,8
synth_16348,8
synth_17066,8
synth_17130,8
synth_16857,8
synth_16421,8
synth_16583,8
synth_16640,8
synth_16876,8
synth_16968,8
synth_17199,8
synth_17207,8
synth_15890,8
synth_16061,8
synth_16126,8
synth_16238,8
synth_16330,8
synth_16434,8
synth_16670,8
synth_17200,8
synth_17206,8
synth_16014,8
synth_16053,8
synth_16577,8
synth_16606,8
synth_16639,8
synth_17013,8
synth_15917,8
synth_16292,8
synth_16369,8
synth_16551,8
synth_17153,8
synth_15927,8
synth_15941,8
synth_15989,8
synth_16157,8
synth_16181,8
synth_16235,8
synth_16532,8
synth_16626,8
synth_16778,8
synth_17051,8
synth_15900,8
synth_15965,8
synth_16050,8
synth_16085,8
synth_16635,8
synth_16742,8
synth_17149,8
synth_16123,8
synth_16148,8
synth_16189,8
synth_16286,8
synth_16424,8
synth_16579,8
synth_16645,8
synth_16748,8
synth_17092,8
synth_16598,8
synth_15973,8
synth_16655,8
synth_16755,8
synth_16988,8
synth_17215,8
synth_16357,8
synth_16542,8
synth_16567,8
synth_16618,8
synth_17195,8
synth_16180,8
synth_16203,8
synth_16383,8
synth_16491,8
synth_16855,8
synth_17055,8
synth_15879,8
synth_15988,8
synth_16015,8
synth_16526,8
synth_16005,8
synth_16520,8
synth_16713,8
synth_16718,8
synth_17159,8
synth_16798,8
synth_16016,8
synth_16024,8
synth_16110,8
synth_16347,8
synth_16658,8
synth_17253,8
synth_16022,8
synth_16047,8
synth_16182,8
synth_16231,8
synth_16595,8
synth_17042,8
synth_17124,8
synth_16041,8
synth_16332,8
synth_16456,8
synth_16075,8
synth_16269,8
synth_16443,8
synth_16570,8
synth_16865,8
synth_16877,8
synth_16924,8
synth_17133,8
synth_17129,8
synth_16239,8
synth_16391,8
synth_16511,8
synth_16663,8
synth_16740,8
synth_16930,8
synth_17165,8
synth_15881,8
synth_15995,8
synth_15998,8
synth_16064,8
synth_16218,8
synth_16388,8
synth_16850,8
synth_16970,8
synth_17190,8
synth_16582,8
synth_16712,8
synth_16800,8
synth_16883,8
synth_17077,8
synth_17116,8
synth_16208,8
synth_16228,8
synth_16233,8
synth_16938,8
synth_15873,8
synth_15887,8
synth_16087,8
synth_16094,8
synth_16132,8
synth_16581,8
synth_17194,8
synth_16843,8
synth_16358,8
synth_16674,8
synth_16721,8
synth_16887,8
synth_16896,8
synth_17044,8
synth_15943,8
synth_16213,8
synth_16337,8
synth_16389,8
synth_16559,8
synth_16565,8
synth_16580,8
synth_16711,8
synth_16719,8
synth_16916,8
synth_16960,8
synth_16826,8
synth_15877,8
synth_16143,8
synth_16253,8
synth_16840,8
synth_16996,8
synth_17135,8
synth_17191,8
synth_16312,8
synth_16488,8
synth_16910,8
synth_15958,8
synth_15977,8
synth_16063,8
synth_16557,8
synth_16905,8
synth_16958,8
synth_17047,8
synth_17127,8
synth_15907,8
synth_15946,8
synth_15974,8
synth_16117,8
synth_16297,8
synth_16661,8
synth_16961,8
synth_16146,8
synth_16664,8
synth_16745,8
synth_16815,8
synth_17246,8
synth_16093,8
synth_16243,8
synth_16364,8
synth_16441,8
synth_16550,8
synth_16636,8
synth_16875,8
synth_16923,8
synth_17219,8
synth_15896,8
synth_16081,8
synth_16083,8
synth_16261,8
synth_16553,8
synth_16753,8
synth_17210,8
synth_15964,8
synth_16274,8
synth_16465,8
synth_16548,8
synth_16562,8
synth_17030,8
synth_17102,8
synth_17179,8
synth_17250,8
synth_17209,8
synth_15997,8
synth_16045,8
synth_16074,8
synth_16397,8
synth_16885,8
synth_16901,8
synth_17036,8
synth_17054,8
synth_17147,8
synth_17218,8
synth_16265,8
synth_16373,8
synth_16398,8
synth_16444,8
synth_16528,8
synth_16589,8
synth_16659,8
synth_17029,8
synth_17041,8
synth_15996,8
synth_16422,8
synth_16451,8
synth_16694,8
synth_15933,8
synth_16194,8
synth_16613,8
synth_16922,8
synth_16933,8
synth_16950,8
synth_16964,8
synth_17035,8
synth_15925,8
synth_16106,8
synth_16112,8
synth_16141,8
synth_16412,8
synth_17046,8
synth_15932,8
synth_16040,8
synth_16356,8
synth_16517,8
synth_17182,8
synth_15894,8
synth_15939,8
synth_16125,8
synth_16315,8
synth_16361,8
synth_16376,8
synth_17059,8
synth_16838,8
synth_15899,8
synth_15902,8
synth_15905,8
synth_16770,8
synth_17212,8
synth_17233,8
synth_15895,8
synth_15922,8
synth_16619,8
synth_16744,8
synth_16758,8
synth_16134,8
synth_16350,8
synth_16390,8
synth_16490,8
synth_17075,8
synth_17192,8
synth_17230,8
synth_16911,8
synth_16044,8
synth_16069,8
synth_16215,8
synth_16276,8
synth_16354,8
synth_16578,8
synth_16982,8
synth_16908,8
synth_16436,8
synth_16464,8
synth_16502,8
synth_16860,8
synth_16917,8
synth_17073,8
synth_17089,8
synth_17136,8
synth_17181,8
synth_17235,8
synth_15935,8
synth_16322,8
synth_16371,8
synth_16610,8
synth_16870,8
synth_17026,8
synth_17034,8
synth_17187,8
synth_16474,8
synth_15909,8
synth_15924,8
synth_16513,8
synth_16705,8
synth_16706,8
synth_16773,8
synth_17126,8
synth_16929,8
synth_16144,8
synth_16360,8
synth_16654,8
synth_16699,8
synth_16738,8
synth_16967,8
synth_17071,8
synth_17121,8
synth_16266,8
synth_16277,8
synth_16395,8
synth_16500,8
synth_16507,8
synth_17020,8
synth_17090,8
synth_15947,8
synth_16092,8
synth_16119,8
synth_16482,8
synth_16483,8
synth_16796,8
synth_16944,8
synth_16468,8
synth_17148,8
synth_17168,8
synth_16156,8
synth_16200,8
synth_16525,8
synth_16569,8
synth_16780,8
synth_15968,8
synth_16480,8
synth_16484,8
synth_16793,8
synth_17043,8
synth_16825,8
synth_16907,8
synth_16067,8
synth_16086,8
synth_16762,8
synth_16856,8
synth_16893,8
synth_16314,8
synth_15994,8
synth_16547,8
synth_16665,8
synth_16760,8
synth_16807,8
synth_17086,8
synth_16927,8
synth_17304,7
synth_17322,7
synth_17432,7
synth_17454,7
synth_17675,7
synth_17706,7
synth_17778,7
synth_17923,7
synth_18463,7
synth_18535,7
synth_18738,7
synth_18741,7
synth_17301,7
synth_17470,7
synth_17745,7
synth_17980,7
synth_18024,7
synth_18666,7
synth_18826,7
synth_18951,7
synth_18651,7
synth_18759,7
synth_17463,7
synth_17505,7
synth_17770,7
synth_17946,7
synth_18083,7
synth_18558,7
synth_18732,7
synth_18848,7
synth_18639,7
synth_17257,7
synth_17380,7
synth_17873,7
synth_18053,7
synth_18116,7
synth_18330,7
synth_18343,7
synth_18670,7
synth_18761,7
synth_18976,7
synth_17341,7
synth_17321,7
synth_17552,7
synth_17721,7
synth_17875,7
synth_17979,7
synth_18191,7
synth_18319,7
synth_18871,7
synth_17408,7
synth_17953,7
synth_17364,7
synth_17678,7
synth_17693,7
synth_17812,7
synth_17846,7
synth_17987,7
synth_18828,7
synth_18846,7
synth_17520,7
synth_17297,7
synth_17955,7
synth_17994,7
synth_18032,7
synth_18122,7
synth_18176,7
synth_18178,7
synth_18724,7
synth_17293,7
synth_17483,7
synth_17498,7
synth_18327,7
synth_18344,7
synth_18419,7
synth_18420,7
synth_18453,7
synth_18565,7
synth_18595,7
synth_18806,7
synth_18811,7
synth_17532,7
synth_17676,7
synth_18033,7
synth_18413,7
synth_18421,7
synth_18685,7
synth_18704,7
synth_18721,7
synth_17894,7
synth_18017,7
synth_18151,7
synth_18697,7
synth_17663,7
synth_17488,7
synth_17551,7
synth_17672,7
synth_17984,7
synth_18049,7
synth_18085,7
synth_18265,7
synth_18389,7
synth_17619,7
synth_18257,7
synth_17451,7
synth_17475,7
synth_17810,7
synth_17818,7
synth_18037,7
synth_18057,7
synth_18066,7
synth_18216,7
synth_18225,7
synth_18593,7
synth_17439,7
synth_17491,7
synth_17525,7
synth_17815,7
synth_17901,7
synth_17931,7
synth_18354,7
synth_18710,7
synth_18764,7
synth_17449,7
synth_17500,7
synth_17646,7
synth_17650,7
synth_17723,7
synth_17848,7
synth_17863,7
synth_18277,7
synth_18443,7
synth_18720,7
synth_18921,7
synth_18952,7
synth_18965,7
synth_18641,7
synth_18646,7
synth_17689,7
synth_17774,7
synth_18080,7
synth_18402,7
synth_18571,7
synth_18750,7
synth_17313,7
synth_17371,7
synth_17584,7
synth_17773,7
synth_18003,7
synth_18102,7
synth_18200,7
synth_18266,7
synth_18543,7
synth_18561,7
synth_18584,7
synth_18679,7
synth_18804,7
synth_18980,7
synth_17295,7
synth_17400,7
synth_17437,7
synth_18118,7
synth_18201,7
synth_18285,7
synth_18311,7
synth_18339,7
synth_18379,7
synth_18491,7
synth_18580,7
synth_18671,7
synth_18699,7
synth_18735,7
synth_18630,7
synth_17495,7
synth_17658,7
synth_17761,7
synth_17809,7
synth_17840,7
synth_18454,7
synth_18470,7
synth_18825,7
synth_18623,7
synth_17669,7
synth_17768,7
synth_18114,7
synth_18310,7
synth_18342,7
synth_18744,7
synth_18754,7
synth_17317,7
synth_17927,7
synth_17849,7
synth_18150,7
synth_18398,7
synth_18501,7
synth_17369,7
synth_18231,7
synth_17366,7
synth_17456,7
synth_18061,7
synth_18300,7
synth_18370,7
synth_18378,7
synth_18251,7
synth_18620,7
synth_17466,7
synth_17833,7
synth_18120,7
synth_18187,7
synth_18219,7
synth_18228,7
synth_18660,7
synth_18925,7
synth_17383,7
synth_17739,7
synth_17887,7
synth_18104,7
synth_18301,7
synth_18385,7
synth_18496,7
synth_18854,7
synth_18885,7
synth_18789,7
synth_17474,7
synth_17647,7
synth_17756,7
synth_17971,7
synth_18040,7
synth_18077,7
synth_18457,7
synth_18465,7
synth_18552,7
synth_18784,7
synth_18785,7
synth_18872,7
synth_17332,7
synth_17349,7
synth_17385,7
synth_17557,7
synth_17575,7
synth_17834,7
synth_17860,7
synth_18174,7
synth_18213,7
synth_18484,7
synth_18691,7
synth_18762,7
synth_18836,7
synth_17319,7
synth_17288,7
synth_17303,7
synth_17396,7
synth_17698,7
synth_18019,7
synth_18041,7
synth_18382,7
synth_18452,7
synth_18842,7
synth_18865,7
synth_18937,7
synth_18774,7
synth_17384,7
synth_17587,7
synth_17629,7
synth_17633,7
synth_17742,7
synth_18336,7
synth_18712,7
synth_17560,7
synth_17703,7
synth_17819,7
synth_18087,7
synth_18488,7
synth_18767,7
synth_18781,7
synth_18897,7
synth_18255,7
synth_17286,7
synth_18044,7
synth_18207,7
synth_18260,7
synth_18364,7
synth_18901,7
synth_17350,7
synth_17533,7
synth_17978,7
synth_18012,7
synth_18069,7
synth_18217,7
synth_18312,7
synth_18407,7
synth_18534,7
synth_18760,7
synth_17376,7
synth_18605,7
synth_17789,7
synth_17889,7
synth_18046,7
synth_18280,7
synth_18879,7
synth_18941,7
synth_17405,7
synth_18622,7
synth_18648,7
synth_17281,7
synth_17816,7
synth_18388,7
synth_18489,7
synth_18659,7
synth_18763,7
synth_18782,7
synth_17318,7
synth_18245,7
synth_18253,7
synth_18507,7
synth_17598,7
synth_17697,7
synth_17857,7
synth_18089,7
synth_18153,7
synth_18249,7
synth_18403,7
synth_18498,7
synth_18748,7
synth_18792,7
synth_18907,7
synth_17276,7
synth_17576,7
synth_17786,7
synth_17960,7
synth_18877,7
synth_18973,7
synth_17340,7
synth_18244,7
synth_18247,7
synth_17300,7
synth_17711,7
synth_17725,7
synth_17763,7
synth_17995,7
synth_18417,7
synth_18818,7
synth_18908,7
synth_18938,7
synth_18949,7
synth_17407,7
synth_17949,7
synth_17307,7
synth_17422,7
synth_17510,7
synth_18028,7
synth_18072,7
synth_18135,7
synth_18142,7
synth_18414,7
synth_18422,7
synth_18442,7
synth_18523,7
synth_18664,7
synth_18801,7
synth_18814,7
synth_18776,7
synth_17266,7
synth_17469,7
synth_17709,7
synth_17769,7
synth_17896,7
synth_18136,7
synth_18188,7
synth_18700,7
synth_18969,7
synth_17521,7
synth_18232,7
synth_18100,7
synth_18155,7
synth_18328,7
synth_18893,7
synth_18904,7
synth_17342,7
synth_17908,7
synth_18653,7
synth_17603,7
synth_17989,7
synth_18042,7
synth_18227,7
synth_18288,7
synth_18355,7
synth_18870,7
synth_17361,7
synth_17467,7
synth_17933,7
synth_18473,7
synth_18487,7
synth_17337,7
synth_17617,7
synth_18548,7
synth_17444,7
synth_17468,7
synth_17932,7
synth_18090,7
synth_18325,7
synth_18786,7
synth_18844,7
synth_18868,7
synth_18912,7
synth_18913,7
synth_18948,7
synth_18236,7
synth_18547,7
synth_18621,7
synth_17626,7
synth_18027,7
synth_18295,7
synth_18357,7
synth_18950,7
synth_18235,7
synth_17299,7
synth_17347,7
synth_17959,7
synth_18097,7
synth_18703,7
synth_18765,7
synth_18974,7
synth_17267,7
synth_17268,7
synth_17485,7
synth_17973,7
synth_18081,7
synth_18164,7
synth_18642,7
synth_17435,7
synth_17595,7
synth_17766,7
synth_17856,7
synth_17892,7
synth_17930,7
synth_18172,7
synth_18309,7
synth_18313,7
synth_18567,7
synth_18629,7
synth_18546,7
synth_17588,7
synth_17718,7
synth_18418,7
synth_18752,7
synth_17868,7
synth_18798,7
synth_17662,7
synth_18619,7
synth_17382,7
synth_17472,7
synth_17787,7
synth_18475,7
synth_18493,7
synth_18727,7
synth_18822,7
synth_18884,7
synth_17556,7
synth_17937,7
synth_18283,7
synth_18662,7
synth_18731,7
synth_18843,7
synth_18645,7
synth_17545,7
synth_17608,7
synth_17656,7
synth_18214,7
synth_18656,7
synth_18665,7
synth_18667,7
synth_17375,7
synth_17952,7
synth_18715,7
synth_17461,7
synth_17944,7
synth_18149,7
synth_18184,7
synth_18608,7
synth_17310,7
synth_17613,7
synth_17671,7
synth_18021,7
synth_18170,7
synth_18189,7
synth_18384,7
synth_18441,7
synth_18578,7
synth_18911,7
synth_18962,7
synth_17928,7
synth_17325,7
synth_17710,7
synth_17867,7
synth_17936,7
synth_17941,7
synth_17999,7
synth_18572,7
synth_18698,7
synth_18644,7
synth_18078,7
synth_18096,7
synth_18394,7
synth_18583,7
synth_18783,7
synth_18862,7
synth_17685,7
synth_17880,7
synth_18522,7
synth_18525,7
synth_17399,7
synth_17436,7
synth_17567,7
synth_17677,7
synth_17835,7
synth_18016,7
synth_17315,7
synth_17573,7
synth_18143,7
synth_18264,7
synth_18374,7
synth_18883,7
synth_17639,7
synth_17259,7
synth_17372,7
synth_17514,7
synth_17822,7
synth_17891,7
synth_17993,7
synth_18429,7
synth_18568,7
synth_18878,7
synth_17577,7
synth_17962,7
synth_18124,7
synth_18410,7
synth_18564,7
synth_18853,7
synth_18863,7
synth_17504,7
synth_17799,7
synth_17926,7
synth_17982,7
synth_18070,7
synth_18881,7
synth_18971,7
synth_17274,7
synth_17484,7
synth_17501,7
synth_17997,7
synth_18375,7
synth_18788,7
synth_18915,7
synth_17447,7
synth_18508,7
synth_18007,7
synth_18888,7
synth_17506,7
synth_18052,7
synth_18103,7
synth_18263,7
synth_18694,7
synth_18696,7
synth_18780,7
synth_17308,7
synth_17630,7
synth_17757,7
synth_17825,7
synth_17876,7
synth_18038,7
synth_18459,7
synth_18462,7
synth_18591,7
synth_18812,7
synth_18916,7
synth_18959,7
synth_17950,7
synth_18240,7
synth_17413,7
synth_17554,7
synth_17687,7
synth_17776,7
synth_17804,7
synth_18238,7
synth_17446,7
synth_17285,7
synth_17515,7
synth_17666,7
synth_18302,7
synth_18406,7
synth_18831,7
synth_18930,7
synth_17362,7
synth_17599,7
synth_17760,7
synth_18363,7
synth_18677,7
synth_18817,7
synth_18866,7
synth_17519,7
synth_18250,7
synth_17807,7
synth_17917,7
synth_18404,7
synth_18551,7
synth_17606,7
synth_17628,7
synth_17762,7
synth_17996,7
synth_18518,7
synth_18791,7
synth_18966,7
synth_17702,7
synth_18192,7
synth_18221,7
synth_18367,7
synth_18517,7
synth_18562,7
synth_18598,7
synth_18617,7
synth_18873,7
synth_17722,7
synth_18059,7
synth_18112,7
synth_18480,7
synth_18577,7
synth_18953,7
synth_17641,7
synth_17314,7
synth_17430,7
synth_17443,7
synth_17695,7
synth_17808,7
synth_17881,7
synth_18157,7
synth_18290,7
synth_18610,7
synth_18849,7
synth_18505,7
synth_17590,7
synth_18141,7
synth_18320,7
synth_18436,7
synth_18466,7
synth_18563,7
synth_18680,7
synth_17954,7
synth_17531,7
synth_17569,7
synth_17753,7
synth_17915,7
synth_17988,7
synth_18022,7
synth_18269,7
synth_18281,7
synth_18864,7
synth_18940,7
synth_17390,7
synth_17636,7
synth_18036,7
synth_18222,7
synth_18516,7
synth_18795,7
synth_18709,7
synth_17381,7
synth_17438,7
synth_17821,7
synth_18009,7
synth_18088,7
synth_18424,7
synth_18536,7
synth_18237,7
synth_17788,7
synth_18360,7
synth_18511,7
synth_18799,7
synth_18902,7
synth_17618,7
synth_17561,7
synth_17612,7
synth_18076,7
synth_18169,7
synth_18437,7
synth_18503,7
synth_17327,7
synth_17570,7
synth_18362,7
synth_18455,7
synth_18737,7
synth_17968,7
synth_17363,7
synth_17457,7
synth_17464,7
synth_17841,7
synth_18197,7
synth_18512,7
synth_18889,7
synth_17353,7
synth_17507,7
synth_17865,7
synth_18397,7
synth_18400,7
synth_18440,7
synth_18676,7
synth_17951,7
synth_18519,7
synth_17273,7
synth_17548,7
synth_17735,7
synth_17811,7
synth_18366,7
synth_18596,7
synth_18602,7
synth_18751,7
synth_18808,7
synth_18589,7
synth_17643,7
synth_18628,7
synth_18668,7
synth_18833,7
synth_18876,7
synth_17638,7
synth_17712,7
synth_17746,7
synth_17755,7
synth_18020,7
synth_18223,7
synth_18570,7
synth_17661,7
synth_18528,7
synth_17309,7
synth_17471,7
synth_17535,7
synth_17991,7
synth_18092,7
synth_18335,7
synth_17748,7
synth_18259,7
synth_18757,7
synth_17696,7
synth_18054,7
synth_18390,7
synth_18456,7
synth_18672,7
synth_18856,7
synth_18769,7
synth_17283,7
synth_17411,7
synth_17743,7
synth_17790,7
synth_18137,7
synth_18345,7
synth_18408,7
synth_18803,7
synth_17585,7
synth_17593,7
synth_17683,7
synth_18050,7
synth_18206,7
synth_18338,7
synth_18372,7
synth_18446,7
synth_18477,7
synth_18669,7
synth_18832,7
synth_18549,7
synth_17255,7
synth_17600,7
synth_17609,7
synth_17780,7
synth_17981,7
synth_18161,7
synth_18275,7
synth_18612,7
synth_17282,7
synth_17679,7
synth_17921,7
synth_18064,7
synth_18071,7
synth_18439,7
synth_18542,7
synth_18847,7
synth_18858,7
synth_17343,7
synth_18647,7
synth_17583,7
synth_17601,7
synth_17611,7
synth_17634,7
synth_18082,7
synth_18483,7
synth_18601,7
synth_18768,7
synth_18850,7
synth_18975,7
synth_17374,7
synth_18063,7
synth_18637,7
synth_18772,7
synth_18807,7
synth_18819,7
synth_18841,7
synth_18892,7
synth_17660,7
synth_17269,7
synth_17564,7
synth_17844,7
synth_18229,7
synth_18287,7
synth_18340,7
synth_18464,7
synth_18734,7
synth_18815,7
synth_18823,7
synth_18933,7
synth_18756,7
synth_17916,7
synth_18068,7
synth_18134,7
synth_18592,7
synth_18743,7
synth_18529,7
synth_17284,7
synth_17311,7
synth_17370,7
synth_17462,7
synth_17589,7
synth_18067,7
synth_18107,7
synth_18306,7
synth_18361,7
synth_18368,7
synth_18963,7
synth_17440,7
synth_17594,7
synth_17983,7
synth_18018,7
synth_18270,7
synth_18521,7
synth_18682,7
synth_18926,7
synth_17305,7
synth_17572,7
synth_17582,7
synth_17715,7
synth_17942,7
synth_18186,7
synth_18271,7
synth_18279,7
synth_18395,7
synth_18554,7
synth_18695,7
synth_17670,7
synth_17871,7
synth_18109,7
synth_18272,7
synth_18566,7
synth_18658,7
synth_18749,7
synth_17258,7
synth_17392,7
synth_17624,7
synth_17782,7
synth_18194,7
synth_18299,7
synth_18409,7
synth_18495,7
synth_18520,7
synth_18673,7
synth_18701,7
synth_18711,7
synth_17316,7
synth_17493,7
synth_17513,7
synth_17707,7
synth_17744,7
synth_17785,7
synth_18031,7
synth_18086,7
synth_18127,7
synth_18274,7
synth_18900,7
synth_18972,7
synth_17406,7
synth_17620,7
synth_17425,7
synth_17434,7
synth_18111,7
synth_18193,7
synth_18794,7
synth_18775,7
synth_17429,7
synth_17540,7
synth_17793,7
synth_18030,7
synth_18553,7
synth_18923,7
synth_18955,7
synth_17292,7
synth_17648,7
synth_17977,7
synth_18181,7
synth_18686,7
synth_18730,7
synth_18932,7
synth_18935,7
synth_18352,7
synth_18377,7
synth_18615,7
synth_18663,7
synth_18742,7
synth_18631,7
synth_17549,7
synth_17615,7
synth_17919,7
synth_18434,7
synth_18472,7
synth_18693,7
synth_18845,7
synth_18891,7
synth_18978,7
synth_17524,7
synth_17397,7
synth_17686,7
synth_18458,7
synth_18537,7
synth_18928,7
synth_17445,7
synth_17913,7
synth_18010,7
synth_18308,7
synth_18490,7
synth_17801,7
synth_17893,7
synth_18005,7
synth_18168,7
synth_18681,7
synth_18545,7
synth_18719,7
synth_17357,7
synth_17726,7
synth_17777,7
synth_17843,7
synth_18099,7
synth_17335,7
synth_17355,7
synth_17452,7
synth_17586,7
synth_17798,7
synth_18284,7
synth_18649,7
synth_17610,7
synth_17740,7
synth_17858,7
synth_17877,7
synth_18113,7
synth_18386,7
synth_18393,7
synth_18560,7
synth_18626,7
synth_18906,7
synth_18922,7
synth_18961,7
synth_18234,7
synth_18586,7
synth_18638,7
synth_17324,7
synth_17420,7
synth_17442,7
synth_17838,7
synth_17886,7
synth_17964,7
synth_18129,7
synth_18713,7
synth_18852,7
synth_17558,7
synth_17970,7
synth_18015,7
synth_18117,7
synth_18293,7
synth_18425,7
synth_18243,7
synth_18717,7
synth_17331,7
synth_17511,7
synth_17866,7
synth_17879,7
synth_17945,7
synth_17966,7
synth_18423,7
synth_18569,7
synth_18746,7
synth_18939,7
synth_17306,7
synth_17489,7
synth_17571,7
synth_17667,7
synth_18597,7
synth_18770,7
synth_17623,7
synth_17279,7
synth_17458,7
synth_17481,7
synth_17528,7
synth_17550,7
synth_17817,7
synth_17899,7
synth_18091,7
synth_18492,7
synth_18942,7
synth_18979,7
synth_17480,7
synth_17494,7
synth_17716,7
synth_17802,7
synth_18062,7
synth_18294,7
synth_18415,7
synth_18502,7
synth_18934,7
synth_17352,7
synth_17635,7
synth_17974,7
synth_18195,7
synth_18268,7
synth_18292,7
synth_18304,7
synth_18316,7
synth_18635,7
synth_18968,7
synth_17389,7
synth_17329,7
synth_17401,7
synth_18139,7
synth_18837,7
synth_17287,7
synth_17920,7
synth_17922,7
synth_18106,7
synth_18298,7
synth_18448,7
synth_18550,7
synth_18581,7
synth_18851,7
synth_18945,7
synth_17665,7
synth_17862,7
synth_17961,7
synth_18481,7
synth_17418,7
synth_17907,7
synth_17947,7
synth_17490,7
synth_17542,7
synth_17543,7
synth_17733,7
synth_18026,7
synth_18322,7
synth_18430,7
synth_18509,7
synth_17421,7
synth_17459,7
synth_17574,7
synth_17699,7
synth_17845,7
synth_17898,7
synth_18138,7
synth_18894,7
synth_18609,7
synth_17265,7
synth_17272,7
synth_17291,7
synth_17851,7
synth_17878,7
synth_18056,7
synth_18183,7
synth_18248,7
synth_18273,7
synth_18532,7
synth_18684,7
synth_17632,7
synth_18035,7
synth_18616,7
synth_18661,7
synth_17391,7
synth_17553,7
synth_17681,7
synth_18079,7
synth_18305,7
synth_18331,7
synth_18405,7
synth_18510,7
synth_18800,7
synth_18810,7
synth_17359,7
synth_17682,7
synth_17738,7
synth_17831,7
synth_18002,7
synth_18101,7
synth_18165,7
synth_18286,7
synth_18438,7
synth_18839,7
synth_17431,7
synth_17496,7
synth_17503,7
synth_17958,7
synth_18315,7
synth_18739,7
synth_18927,7
synth_17616,7
synth_17465,7
synth_17888,7
synth_18095,7
synth_18494,7
synth_17409,7
synth_18239,7
synth_17270,7
synth_17280,7
synth_17797,7
synth_17828,7
synth_18205,7
synth_18541,7
synth_18910,7
synth_18954,7
synth_18000,7
synth_18267,7
synth_18428,7
synth_18533,7
synth_18230,7
synth_18758,7
synth_17264,7
synth_17566,7
synth_17732,7
synth_17832,7
synth_17870,7
synth_18131,7
synth_18451,7
synth_18689,7
synth_17948,7
synth_18246,7
synth_18755,7
synth_17393,7
synth_17534,7
synth_17536,7
synth_17813,7
synth_17847,7
synth_17943,7
synth_18006,7
synth_18958,7
synth_17487,7
synth_17605,7
synth_17765,7
synth_17781,7
synth_17934,7
synth_18226,7
synth_18297,7
synth_18469,7
synth_18478,7
synth_18575,7
synth_18835,7
synth_17651,7
synth_17775,7
synth_17895,7
synth_18013,7
synth_18045,7
synth_18175,7
synth_18435,7
synth_18887,7
synth_17622,7
synth_17565,7
synth_18212,7
synth_18261,7
synth_18821,7
synth_17448,7
synth_18718,7
synth_18029,7
synth_18055,7
synth_18133,7
synth_18321,7
synth_18557,7
synth_18714,7
synth_17967,7
synth_18241,7
synth_17294,7
synth_17360,7
synth_17486,7
synth_17497,7
synth_17578,7
synth_17758,7
synth_17796,7
synth_17800,7
synth_17885,7
synth_17911,7
synth_18043,7
synth_18094,7
synth_18317,7
synth_18604,7
synth_17523,7
synth_18559,7
synth_17426,7
synth_17547,7
synth_17861,7
synth_17890,7
synth_18115,7
synth_18182,7
synth_18196,7
synth_18289,7
synth_18540,7
synth_18690,7
synth_18793,7
synth_18944,7
synth_17336,7
synth_17348,7
synth_17476,7
synth_17526,7
synth_18048,7
synth_18538,7
synth_18917,7
synth_18936,7
synth_17312,7
synth_17320,7
synth_17351,7
synth_17398,7
synth_17864,7
synth_18346,7
synth_18504,7
synth_18678,7
synth_18606,7
synth_17387,7
synth_17477,7
synth_17527,7
synth_18445,7
synth_18497,7
synth_18745,7
synth_18805,7
synth_18875,7
synth_17727,7
synth_18173,7
synth_18276,7
synth_18914,7
synth_17346,7
synth_17386,7
synth_17591,7
synth_18177,7
synth_18391,7
synth_18431,7
synth_18728,7
synth_17378,7
synth_17298,7
synth_17478,7
synth_17581,7
synth_17631,7
synth_17694,7
synth_17904,7
synth_18121,7
synth_18476,7
synth_18574,7
synth_18687,7
synth_18779,7
synth_17644,7
synth_18132,7
synth_18202,7
synth_18204,7
synth_17580,7
synth_17604,7
synth_17803,7
synth_18001,7
synth_18348,7
synth_18353,7
synth_18544,7
synth_18809,7
synth_18834,7
synth_18880,7
synth_18898,7
synth_17684,7
synth_17736,7
synth_17794,7
synth_17985,7
synth_18126,7
synth_18333,7
synth_18530,7
synth_18613,7
synth_18890,7
synth_18918,7
synth_18964,7
synth_17704,7
synth_18371,7
synth_18573,7
synth_18576,7
synth_18790,7
synth_17379,7
synth_17333,7
synth_17627,7
synth_17645,7
synth_17653,7
synth_17714,7
synth_17752,7
synth_17912,7
synth_18167,7
synth_18427,7
synth_18447,7
synth_18688,7
synth_17621,7
synth_18147,7
synth_18296,7
synth_18396,7
synth_18399,7
synth_18705,7
synth_17729,7
synth_17680,7
synth_17779,7
synth_18105,7
synth_18125,7
synth_18380,7
synth_18531,7
synth_18603,7
synth_18896,7
synth_17516,7
synth_17664,7
synth_17688,7
synth_18128,7
synth_18347,7
synth_18426,7
synth_18432,7
synth_18624,7
synth_18909,7
synth_18506,7
synth_17354,7
synth_17771,7
synth_17837,7
synth_17906,7
synth_18065,7
synth_18373,7
synth_18449,7
synth_18967,7
synth_18252,7
synth_18633,7
synth_17290,7
synth_17388,7
synth_17416,7
synth_17902,7
synth_18358,7
synth_18747,7
synth_18919,7
synth_18652,7
synth_17441,7
synth_17602,7
synth_17637,7
synth_17754,7
synth_17972,7
synth_18199,7
synth_18224,7
synth_18323,7
synth_18654,7
synth_18869,7
synth_18920,7
synth_17278,7
synth_17373,7
synth_17874,7
synth_17910,7
synth_18156,7
synth_18349,7
synth_18392,7
synth_18625,7
synth_18787,7
synth_18857,7
synth_18905,7
synth_18943,7
synth_18977,7
synth_17404,7
synth_17417,7
synth_17271,7
synth_17302,7
synth_17530,7
synth_17750,7
synth_17820,7
synth_17900,7
synth_18387,7
synth_17640,7
synth_17289,7
synth_17538,7
synth_17652,7
synth_17751,7
synth_17759,7
synth_18215,7
synth_18334,7
synth_18376,7
synth_18514,7
synth_18618,7
synth_18813,7
synth_18924,7
synth_18233,7
synth_18599,7
synth_17508,7
synth_17509,7
synth_18148,7
synth_18258,7
synth_18324,7
synth_18796,7
synth_18886,7
synth_17473,7
synth_17579,7
synth_17654,7
synth_18011,7
synth_18051,7
synth_18160,7
synth_18291,7
synth_18332,7
synth_18381,7
synth_17522,7
synth_17502,7
synth_17700,7
synth_17720,7
synth_18058,7
synth_17424,7
synth_17450,7
synth_17850,7
synth_17940,7
synth_17965,7
synth_18614,7
synth_18702,7
synth_18956,7
synth_18526,7
synth_17330,7
synth_17395,7
synth_17655,7
synth_18047,7
synth_18185,7
synth_18203,7
synth_18474,7
synth_18600,7
synth_18634,7
synth_18716,7
synth_17423,7
synth_17546,7
synth_17692,7
synth_17795,7
synth_17824,7
synth_18039,7
synth_18093,7
synth_18159,7
synth_18262,7
synth_18607,7
synth_17261,7
synth_17414,7
synth_17730,7
synth_17963,7
synth_18145,7
synth_18433,7
synth_18771,7
synth_18802,7
synth_17338,7
synth_17419,7
synth_17260,7
synth_17275,7
synth_17731,7
synth_18198,7
synth_18412,7
synth_18655,7
synth_18797,7
synth_17356,7
synth_17367,7
synth_17433,7
synth_17460,7
synth_17674,7
synth_17741,7
synth_17792,7
synth_17839,7
synth_17842,7
synth_17897,7
synth_18073,7
synth_18282,7
synth_18365,7
synth_18590,7
synth_18256,7
synth_17563,7
synth_17957,7
synth_18350,7
synth_18499,7
synth_18683,7
synth_18859,7
synth_18587,7
synth_18060,7
synth_18123,7
synth_18211,7
synth_18356,7
synth_18479,7
synth_18708,7
synth_18903,7
synth_17791,7
synth_17986,7
synth_18146,7
synth_18482,7
synth_18725,7
synth_18861,7
synth_17334,7
synth_17544,7
synth_17690,7
synth_17784,7
synth_17805,7
synth_18627,7
synth_17734,7
synth_17998,7
synth_18411,7
synth_18824,7
synth_17402,7
synth_17659,7
synth_17749,7
synth_17323,7
synth_17990,7
synth_18337,7
synth_18351,7
synth_18733,7
synth_18947,7
synth_17365,7
synth_17412,7
synth_17537,7
synth_17668,7
synth_17882,7
synth_17939,7
synth_18329,7
synth_18827,7
synth_17717,7
synth_17883,7
synth_18318,7
synth_18444,7
synth_18740,7
synth_18829,7
synth_18860,7
synth_18254,7
synth_17555,7
synth_17708,7
synth_17747,7
synth_17855,7
synth_17976,7
synth_18179,7
synth_18486,7
synth_18585,7
synth_17724,7
synth_17826,7
synth_17827,7
synth_17935,7
synth_17992,7
synth_18023,7
synth_18110,7
synth_18166,7
synth_18190,7
synth_18359,7
synth_18555,7
synth_18675,7
synth_18766,7
synth_17929,7
synth_17529,7
synth_17539,7
synth_17657,7
synth_18025,7
synth_18341,7
synth_18468,7
synth_18594,7
synth_17339,7
synth_17517,7
synth_18777,7
synth_17263,7
synth_17415,7
synth_17559,7
synth_17597,7
synth_17859,7
synth_17905,7
synth_18500,7
synth_18722,7
synth_18773,7
synth_17909,7
synth_18467,7
synth_17518,7
synth_17328,7
synth_17427,7
synth_17568,7
synth_17625,7
synth_17673,7
synth_17814,7
synth_17914,7
synth_18307,7
synth_17262,7
synth_17345,7
synth_17482,7
synth_17499,7
synth_17719,7
synth_17925,7
synth_18130,7
synth_18144,7
synth_18162,7
synth_18303,7
synth_18643,7
synth_18650,7
synth_17455,7
synth_17728,7
synth_17924,7
synth_18152,7
synth_18208,7
synth_18450,7
synth_18636,7
synth_18874,7
synth_18242,7
synth_17277,7
synth_17541,7
synth_17713,7
synth_17737,7
synth_18075,7
synth_18140,7
synth_18158,7
synth_18314,7
synth_18707,7
synth_18855,7
synth_17358,7
synth_17394,7
synth_17254,7
synth_17701,7
synth_18369,7
synth_18867,7
synth_18882,7
synth_17562,7
synth_18163,7
synth_18210,7
synth_18383,7
synth_18513,7
synth_18723,7
synth_18929,7
synth_18957,7
synth_17256,7
synth_17326,7
synth_17453,7
synth_17492,7
synth_17649,7
synth_18014,7
synth_18034,7
synth_18218,7
synth_18326,7
synth_18471,7
synth_18726,7
synth_17767,7
synth_17869,7
synth_18401,7
synth_18485,7
synth_18556,7
synth_18582,7
synth_18588,7
synth_18640,7
synth_17428,7
synth_17596,7
synth_17853,7
synth_17854,7
synth_18180,7
synth_17642,7
synth_17607,7
synth_17806,7
synth_17830,7
synth_17918,7
synth_17975,7
synth_18004,7
synth_18209,7
synth_17969,7
synth_18524,7
synth_18074,7
synth_18154,7
synth_18515,7
synth_18611,7
synth_18895,7
synth_18539,7
synth_17772,7
synth_17956,7
synth_18084,7
synth_18119,7
synth_18931,7
synth_17403,7
synth_17479,7
synth_17512,7
synth_17614,7
synth_17829,7
synth_18706,7
synth_18838,7
synth_17592,7
synth_17705,7
synth_17836,7
synth_17903,7
synth_17938,7
synth_18171,7
synth_18278,7
synth_18657,7
synth_18674,7
synth_17377,7
synth_18527,7
synth_18579,7
synth_17296,7
synth_17368,7
synth_17823,7
synth_17884,7
synth_18416,7
synth_18461,7
synth_18899,7
synth_18960,7
synth_18729,7
synth_17783,7
synth_18108,7
synth_18220,7
synth_18460,7
synth_18692,7
synth_18830,7
synth_17344,7
synth_17691,7
synth_17764,7
synth_17852,7
synth_17872,7
synth_18098,7
synth_18816,7
synth_18820,7
synth_18840,7
synth_18970,7
synth_18632,7
synth_18778,7
synth_17410,7
synth_18008,7
synth_18736,7
synth_18753,7
synth_18946,7
synth_19141,6
synth_19170,6
synth_19306,6
synth_19355,6
synth_20446,6
synth_20643,6
synth_20788,6
synth_20822,6
synth_21040,6
synth_21118,6
synth_21193,6
synth_19730,6
synth_19732,6
synth_19941,6
synth_20549,6
synth_20570,6
synth_19729,6
synth_19788,6
synth_20241,6
synth_20254,6
synth_20424,6
synth_20553,6
synth_20655,6
synth_20825,6
synth_19590,6
synth_19964,6
synth_19145,6
synth_19321,6
synth_19382,6
synth_19460,6
synth_19568,6
synth_20287,6
synth_20450,6
synth_20672,6
synth_20713,6
synth_20815,6
synth_19044,6
synth_19150,6
synth_19181,6
synth_19196,6
synth_19197,6
synth_19216,6
synth_19933,6
synth_20080,6
synth_20102,6
synth_20487,6
synth_20566,6
synth_20799,6
synth_21183,6
synth_21080,6
synth_19341,6
synth_19619,6
synth_19792,6
synth_20077,6
synth_20165,6
synth_20367,6
synth_20415,6
synth_20656,6
synth_20768,6
synth_21123,6
synth_19877,6
synth_19082,6
synth_19110,6
synth_19168,6
synth_19342,6
synth_19369,6
synth_19673,6
synth_19991,6
synth_20162,6
synth_20226,6
synth_20385,6
synth_20397,6
synth_20649,6
synth_20721,6
synth_21029,6
synth_20460,6
synth_18999,6
synth_19021,6
synth_19305,6
synth_19384,6
synth_20087,6
synth_20261,6
synth_20302,6
synth_21153,6
synth_21162,6
synth_19600,6
synth_19720,6
synth_19723,6
synth_19840,6
synth_19986,6
synth_20057,6
synth_20098,6
synth_20132,6
synth_20493,6
synth_20912,6
synth_21090,6
synth_19741,6
synth_19811,6
synth_20027,6
synth_19052,6
synth_19358,6
synth_19640,6
synth_20124,6
synth_20242,6
synth_20644,6
synth_20989,6
synth_19515,6
synth_19857,6
synth_20029,6
synth_19067,6
synth_19232,6
synth_19236,6
synth_19427,6
synth_19778,6
synth_19787,6
synth_19853,6
synth_20137,6
synth_20626,6
synth_21054,6
synth_19627,6
synth_19668,6
synth_19776,6
synth_20528,6
synth_19095,6
synth_19104,6
synth_19237,6
synth_19494,6
synth_19589,6
synth_20183,6
synth_20665,6
synth_20681,6
synth_20749,6
synth_20792,6
synth_20798,6
synth_20826,6
synth_20859,6
synth_21014,6
synth_21077,6
synth_21205,6
synth_19501,6
synth_19888,6
synth_19089,6
synth_19831,6
synth_20069,6
synth_20635,6
synth_20867,6
synth_21039,6
synth_19543,6
synth_20379,6
synth_19026,6
synth_19048,6
synth_19226,6
synth_19614,6
synth_20144,6
synth_20414,6
synth_20996,6
synth_21016,6
synth_21148,6
synth_21216,6
synth_18982,6
synth_18985,6
synth_19079,6
synth_19368,6
synth_20157,6
synth_20272,6
synth_20350,6
synth_20690,6
synth_20775,6
synth_20942,6
synth_21146,6
synth_20464,6
synth_19554,6
synth_19928,6
synth_20288,6
synth_20313,6
synth_20705,6
synth_20914,6
synth_21133,6
synth_21157,6
synth_19623,6
synth_20474,6
synth_20484,6
synth_19661,6
synth_19662,6
synth_20946,6
synth_21026,6
synth_21159,6
synth_19473,6
synth_19511,6
synth_20340,6
synth_19429,6
synth_19764,6
synth_20051,6
synth_20310,6
synth_20387,6
synth_20965,6
synth_19478,6
synth_19531,6
synth_19573,6
synth_20139,6
synth_20809,6
synth_19183,6
synth_19200,6
synth_19297,6
synth_19347,6
synth_19377,6
synth_19417,6
synth_19576,6
synth_19613,6
synth_20657,6
synth_20714,6
synth_20986,6
synth_21195,6
synth_20485,6
synth_19092,6
synth_19253,6
synth_19313,6
synth_19595,6
synth_19603,6
synth_19989,6
synth_20427,6
synth_20500,6
synth_19571,6
synth_19621,6
synth_19644,6
synth_19227,6
synth_19763,6
synth_19768,6
synth_19784,6
synth_20066,6
synth_20117,6
synth_20170,6
synth_20276,6
synth_20471,6
synth_20795,6
synth_19667,6
synth_19113,6
synth_19173,6
synth_19906,6
synth_20011,6
synth_20145,6
synth_20351,6
synth_20396,6
synth_20886,6
synth_20964,6
synth_20976,6
synth_21036,6
synth_19827,6
synth_19943,6
synth_19037,6
synth_19049,6
synth_19106,6
synth_19385,6
synth_20141,6
synth_20220,6
synth_20673,6
synth_20743,6
synth_21038,6
synth_19761,6
synth_19882,6
synth_19884,6
synth_20332,6
synth_20503,6
synth_19004,6
synth_19203,6
synth_19255,6
synth_19830,6
synth_20130,6
synth_20187,6
synth_20314,6
synth_20717,6
synth_21154,6
synth_21175,6
synth_19638,6
synth_19702,6
synth_19949,6
synth_20609,6
synth_19031,6
synth_19975,6
synth_20763,6
synth_20926,6
synth_21015,6
synth_19453,6
synth_20466,6
synth_21192,6
synth_19789,6
synth_19834,6
synth_20035,6
synth_20208,6
synth_20425,6
synth_20781,6
synth_20811,6
synth_20838,6
synth_21050,6
synth_21089,6
synth_21130,6
synth_19735,6
synth_19946,6
synth_20406,6
synth_19259,6
synth_19727,6
synth_19758,6
synth_20178,6
synth_20625,6
synth_20860,6
synth_21019,6
synth_21046,6
synth_19488,6
synth_19872,6
synth_19891,6
synth_21113,6
synth_19016,6
synth_19677,6
synth_20071,6
synth_20422,6
synth_20736,6
synth_20006,6
synth_19167,6
synth_19769,6
synth_20267,6
synth_20664,6
synth_20839,6
synth_20872,6
synth_20884,6
synth_21064,6
synth_21122,6
synth_19754,6
synth_20919,6
synth_19579,6
synth_20108,6
synth_20331,6
synth_20383,6
synth_20393,6
synth_20530,6
synth_20565,6
synth_20747,6
synth_20771,6
synth_20960,6
synth_21158,6
synth_21197,6
synth_19646,6
synth_19705,6
synth_20610,6
synth_19201,6
synth_20047,6
synth_20053,6
synth_20258,6
synth_20308,6
synth_20559,6
synth_20645,6
synth_20668,6
synth_20745,6
synth_20971,6
synth_20987,6
synth_21003,6
synth_21169,6
synth_19583,6
synth_19652,6
synth_19656,6
synth_20325,6
synth_20407,6
synth_20510,6
synth_20538,6
synth_19223,6
synth_19266,6
synth_19359,6
synth_19721,6
synth_19726,6
synth_19846,6
synth_20026,6
synth_20300,6
synth_20648,6
synth_20706,6
synth_21027,6
synth_21179,6
synth_19510,6
synth_19580,6
synth_19665,6
synth_19889,6
synth_20015,6
synth_20324,6
synth_21108,6
synth_19030,6
synth_19050,6
synth_19438,6
synth_19671,6
synth_19675,6
synth_20190,6
synth_20213,6
synth_20361,6
synth_20764,6
synth_20950,6
synth_21055,6
synth_21149,6
synth_19659,6
synth_19688,6
synth_19815,6
synth_19886,6
synth_19897,6
synth_20129,6
synth_20405,6
synth_20572,6
synth_19001,6
synth_19143,6
synth_19900,6
synth_20089,6
synth_20184,6
synth_20278,6
synth_20303,6
synth_20437,6
synth_20953,6
synth_21156,6
synth_19505,6
synth_19777,6
synth_19107,6
synth_19225,6
synth_19248,6
synth_19289,6
synth_19593,6
synth_20062,6
synth_20073,6
synth_20210,6
synth_20222,6
synth_20394,6
synth_20790,6
synth_20896,6
synth_21076,6
synth_21201,6
synth_19534,6
synth_19560,6
synth_19586,6
synth_19703,6
synth_19885,6
synth_20600,6
synth_19115,6
synth_19348,6
synth_19367,6
synth_19615,6
synth_19801,6
synth_20134,6
synth_20418,6
synth_20701,6
synth_20824,6
synth_20945,6
synth_20957,6
synth_19875,6
synth_18992,6
synth_18994,6
synth_19234,6
synth_19325,6
synth_19607,6
synth_19796,6
synth_20174,6
synth_20214,6
synth_20712,6
synth_20796,6
synth_19756,6
synth_19063,6
synth_19184,6
synth_19320,6
synth_19356,6
synth_19361,6
synth_19616,6
synth_20757,6
synth_19826,6
synth_20585,6
synth_19336,6
synth_19588,6
synth_20010,6
synth_20317,6
synth_20521,6
synth_20624,6
synth_20767,6
synth_20719,6
synth_21114,6
synth_19117,6
synth_19144,6
synth_19147,6
synth_19428,6
synth_20552,6
synth_20750,6
synth_20906,6
synth_21172,6
synth_19645,6
synth_19736,6
synth_20595,6
synth_19098,6
synth_19182,6
synth_19303,6
synth_19798,6
synth_20046,6
synth_20192,6
synth_20234,6
synth_20237,6
synth_20434,6
synth_20785,6
synth_20851,6
synth_21007,6
synth_21150,6
synth_20339,6
synth_19285,6
synth_19426,6
synth_19495,6
synth_19927,6
synth_20072,6
synth_20293,6
synth_21032,6
synth_19449,6
synth_18991,6
synth_19065,6
synth_19602,6
synth_19786,6
synth_20252,6
synth_20253,6
synth_20862,6
synth_21011,6
synth_19632,6
synth_19823,6
synth_19483,6
synth_20221,6
synth_20248,6
synth_20456,6
synth_20532,6
synth_20784,6
synth_20803,6
synth_20889,6
synth_21109,6
synth_21142,6
synth_21164,6
synth_19487,6
synth_19535,6
synth_19708,6
synth_19073,6
synth_19499,6
synth_19865,6
synth_20259,6
synth_20592,6
synth_20603,6
synth_20812,6
synth_19485,6
synth_19506,6
synth_20475,6
synth_20578,6
synth_19264,6
synth_20002,6
synth_20140,6
synth_20378,6
synth_20659,6
synth_21004,6
synth_21066,6
synth_19812,6
synth_20412,6
synth_19010,6
synth_19910,6
synth_19932,6
synth_19960,6
synth_20103,6
synth_20270,6
synth_20677,6
synth_20893,6
synth_21010,6
synth_21085,6
synth_21180,6
synth_19737,6
synth_19780,6
synth_19015,6
synth_19903,6
synth_20023,6
synth_20384,6
synth_20952,6
synth_21056,6
synth_21136,6
synth_21141,6
synth_19686,6
synth_20334,6
synth_20439,6
synth_19202,6
synth_19497,6
synth_20633,6
synth_20661,6
synth_20741,6
synth_20813,6
synth_20920,6
synth_20934,6
synth_21047,6
synth_20017,6
synth_19308,6
synth_19482,6
synth_20171,6
synth_20708,6
synth_20725,6
synth_20937,6
synth_20948,6
synth_20951,6
synth_20969,6
synth_21017,6
synth_19829,6
synth_19051,6
synth_19133,6
synth_19381,6
synth_19433,6
synth_19915,6
synth_19974,6
synth_19994,6
synth_20246,6
synth_20793,6
synth_20874,6
synth_19474,6
synth_19718,6
synth_20512,6
synth_20599,6
synth_19014,6
synth_19151,6
synth_19365,6
synth_20754,6
synth_20761,6
synth_20895,6
synth_20959,6
synth_21075,6
synth_18984,6
synth_19132,6
synth_19188,6
synth_19271,6
synth_20150,6
synth_20285,6
synth_20591,6
synth_20720,6
synth_21145,6
synth_20482,6
synth_21112,6
synth_19127,6
synth_19309,6
synth_19335,6
synth_19379,6
synth_19395,6
synth_19490,6
synth_20045,6
synth_20182,6
synth_20228,6
synth_20739,6
synth_20766,6
synth_20841,6
synth_21173,6
synth_19486,6
synth_19516,6
synth_19519,6
synth_20519,6
synth_19075,6
synth_19333,6
synth_19594,6
synth_19869,6
synth_19950,6
synth_20094,6
synth_20175,6
synth_20716,6
synth_20752,6
synth_21033,6
synth_21095,6
synth_19873,6
synth_21107,6
synth_19260,6
synth_19434,6
synth_19555,6
synth_19917,6
synth_20279,6
synth_20391,6
synth_20836,6
synth_20991,6
synth_21058,6
synth_21131,6
synth_21191,6
synth_19674,6
synth_19683,6
synth_20876,6
synth_21070,6
synth_21073,6
synth_21211,6
synth_19450,6
synth_19523,6
synth_19565,6
synth_20480,6
synth_19267,6
synth_19354,6
synth_20155,6
synth_20212,6
synth_20292,6
synth_20667,6
synth_20756,6
synth_21030,6
synth_19446,6
synth_19536,6
synth_19968,6
synth_20548,6
synth_19013,6
synth_19024,6
synth_19062,6
synth_19224,6
synth_19228,6
synth_20727,6
synth_20769,6
synth_20894,6
synth_21098,6
synth_21132,6
synth_19733,6
synth_20344,6
synth_19034,6
synth_19189,6
synth_20843,6
synth_20917,6
synth_20999,6
synth_19704,6
synth_19825,6
synth_20504,6
synth_19038,6
synth_19080,6
synth_20055,6
synth_20209,6
synth_20348,6
synth_20555,6
synth_20556,6
synth_20678,6
synth_19563,6
synth_20016,6
synth_20526,6
synth_19246,6
synth_19410,6
synth_19684,6
synth_20084,6
synth_20166,6
synth_20554,6
synth_20686,6
synth_20700,6
synth_20842,6
synth_20899,6
synth_21093,6
synth_21161,6
synth_20363,6
synth_20978,6
synth_21174,6
synth_21212,6
synth_19658,6
synth_19719,6
synth_19898,6
synth_19400,6
synth_19993,6
synth_20125,6
synth_20852,6
synth_20905,6
synth_20933,6
synth_20940,6
synth_21091,6
synth_21200,6
synth_19451,6
synth_19647,6
synth_19657,6
synth_19709,6
synth_20584,6
synth_19102,6
synth_19722,6
synth_20049,6
synth_20082,6
synth_20090,6
synth_20658,6
synth_20875,6
synth_20571,6
synth_19125,6
synth_19156,6
synth_19280,6
synth_19676,6
synth_20075,6
synth_20453,6
synth_20762,6
synth_20954,6
synth_19541,6
synth_19654,6
synth_19706,6
synth_19205,6
synth_19288,6
synth_19679,6
synth_19902,6
synth_19908,6
synth_20037,6
synth_20219,6
synth_20275,6
synth_20388,6
synth_20699,6
synth_21167,6
synth_21188,6
synth_19666,6
synth_19781,6
synth_19878,6
synth_19054,6
synth_19230,6
synth_19484,6
synth_19799,6
synth_19937,6
synth_20061,6
synth_20122,6
synth_20167,6
synth_20563,6
synth_21062,6
synth_21213,6
synth_19464,6
synth_20514,6
synth_21081,6
synth_19263,6
synth_19394,6
synth_19491,6
synth_19849,6
synth_20381,6
synth_20710,6
synth_20773,6
synth_20777,6
synth_20898,6
synth_20402,6
synth_19055,6
synth_19137,6
synth_19577,6
synth_19738,6
synth_19855,6
synth_19921,6
synth_20229,6
synth_20386,6
synth_20408,6
synth_20612,6
synth_20782,6
synth_19582,6
synth_20119,6
synth_20320,6
synth_20337,6
synth_19070,6
synth_19091,6
synth_19164,6
synth_19371,6
synth_20176,6
synth_20783,6
synth_21160,6
synth_21198,6
synth_18981,6
synth_19165,6
synth_19241,6
synth_19403,6
synth_19423,6
synth_19697,6
synth_19833,6
synth_20042,6
synth_20255,6
synth_20327,6
synth_20718,6
synth_20908,6
synth_20994,6
synth_21006,6
synth_19740,6
synth_20009,6
synth_20515,6
synth_20807,6
synth_19174,6
synth_19437,6
synth_20211,6
synth_20243,6
synth_20442,6
synth_20853,6
synth_19562,6
synth_18983,6
synth_18995,6
synth_19277,6
synth_19976,6
synth_20067,6
synth_20113,6
synth_20245,6
synth_20682,6
synth_21086,6
synth_21094,6
synth_21124,6
synth_21151,6
synth_19456,6
synth_19817,6
synth_21083,6
synth_19119,6
synth_19161,6
synth_19240,6
synth_20131,6
synth_20205,6
synth_20250,6
synth_20280,6
synth_20436,6
synth_20704,6
synth_20751,6
synth_19513,6
synth_19521,6
synth_19585,6
synth_21103,6
synth_19078,6
synth_19558,6
synth_19598,6
synth_20050,6
synth_20806,6
synth_21041,6
synth_21206,6
synth_19540,6
synth_19022,6
synth_19252,6
synth_19746,6
synth_19925,6
synth_20779,6
synth_20863,6
synth_21044,6
synth_19503,6
synth_19517,6
synth_19648,6
synth_19039,6
synth_19375,6
synth_20081,6
synth_20153,6
synth_20281,6
synth_20593,6
synth_20742,6
synth_21045,6
synth_19458,6
synth_19819,6
synth_19025,6
synth_19229,6
synth_19231,6
synth_19767,6
synth_20107,6
synth_20489,6
synth_20533,6
synth_20693,6
synth_20730,6
synth_20891,6
synth_21018,6
synth_19771,6
synth_19858,6
synth_20349,6
synth_19000,6
synth_19011,6
synth_19033,6
synth_19088,6
synth_19393,6
synth_20123,6
synth_21138,6
synth_21168,6
synth_19856,6
synth_19879,6
synth_20429,6
synth_19134,6
synth_19169,6
synth_19243,6
synth_19680,6
synth_19748,6
synth_20203,6
synth_20368,6
synth_20444,6
synth_20449,6
synth_20640,6
synth_19548,6
synth_19952,6
synth_19301,6
synth_19352,6
synth_19353,6
synth_19553,6
synth_19699,6
synth_19866,6
synth_20001,6
synth_20542,6
synth_20703,6
synth_20711,6
synth_20998,6
synth_20410,6
synth_20481,6
synth_19017,6
synth_19035,6
synth_19153,6
synth_19270,6
synth_19380,6
synth_19841,6
synth_20048,6
synth_20311,6
synth_20377,6
synth_20550,6
synth_20865,6
synth_20877,6
synth_20943,6
synth_21037,6
synth_20401,6
synth_19262,6
synth_19364,6
synth_19425,6
synth_19430,6
synth_19972,6
synth_20685,6
synth_21002,6
synth_21005,6
synth_21208,6
synth_19564,6
synth_19963,6
synth_19300,6
synth_19820,6
synth_19995,6
synth_20031,6
synth_20315,6
synth_20445,6
synth_20868,6
synth_19459,6
synth_19710,6
synth_19140,6
synth_19349,6
synth_19362,6
synth_20127,6
synth_20161,6
synth_20177,6
synth_20277,6
synth_20995,6
synth_21140,6
synth_21170,6
synth_19465,6
synth_20400,6
synth_19058,6
synth_19195,6
synth_19409,6
synth_20126,6
synth_20239,6
synth_20907,6
synth_21186,6
synth_19549,6
synth_19561,6
synth_19649,6
synth_19027,6
synth_19128,6
synth_19238,6
synth_19322,6
synth_19378,6
synth_19670,6
synth_19973,6
synth_20356,6
synth_20358,6
synth_20636,6
synth_20903,6
synth_19880,6
synth_19966,6
synth_20323,6
synth_20346,6
synth_19209,6
synth_19296,6
synth_19334,6
synth_19388,6
synth_19552,6
synth_19604,6
synth_19695,6
synth_19843,6
synth_19929,6
synth_20056,6
synth_20112,6
synth_20262,6
synth_20413,6
synth_20797,6
synth_20900,6
synth_21203,6
synth_19472,6
synth_19874,6
synth_19157,6
synth_19481,6
synth_19601,6
synth_20307,6
synth_20416,6
synth_20468,6
synth_20580,6
synth_21128,6
synth_20909,6
synth_19053,6
synth_19198,6
synth_19214,6
synth_19222,6
synth_19257,6
synth_19324,6
synth_19557,6
synth_20330,6
synth_20921,6
synth_20938,6
synth_20961,6
synth_19896,6
synth_19967,6
synth_21111,6
synth_19069,6
synth_19273,6
synth_20020,6
synth_20148,6
synth_20776,6
synth_20904,6
synth_21088,6
synth_21163,6
synth_19109,6
synth_19279,6
synth_20207,6
synth_20606,6
synth_20982,6
synth_21059,6
synth_20535,6
synth_20611,6
synth_19391,6
synth_19578,6
synth_19694,6
synth_19848,6
synth_20265,6
synth_20366,6
synth_20774,6
synth_20864,6
synth_19526,6
synth_19687,6
synth_19154,6
synth_20304,6
synth_20830,6
synth_20834,6
synth_19965,6
synth_19084,6
synth_19383,6
synth_19682,6
synth_20005,6
synth_20639,6
synth_20878,6
synth_21061,6
synth_19466,6
synth_19467,6
synth_19642,6
synth_19689,6
synth_19717,6
synth_20028,6
synth_20409,6
synth_20597,6
synth_19345,6
synth_19904,6
synth_20068,6
synth_20111,6
synth_20564,6
synth_19462,6
synth_19951,6
synth_20587,6
synth_19160,6
synth_19316,6
synth_19690,6
synth_19913,6
synth_20312,6
synth_20848,6
synth_20857,6
synth_20924,6
synth_19454,6
synth_20109,6
synth_19176,6
synth_19206,6
synth_19218,6
synth_19221,6
synth_19233,6
synth_19747,6
synth_19766,6
synth_20135,6
synth_20373,6
synth_20791,6
synth_20881,6
synth_21065,6
synth_21147,6
synth_20321,6
synth_18988,6
synth_19329,6
synth_19556,6
synth_19785,6
synth_19919,6
synth_20567,6
synth_20802,6
synth_20939,6
synth_19650,6
synth_20333,6
synth_20343,6
synth_19332,6
synth_19413,6
synth_20079,6
synth_20116,6
synth_20663,6
synth_20695,6
synth_20988,6
synth_21215,6
synth_20589,6
synth_19311,6
synth_19977,6
synth_20837,6
synth_19445,6
synth_19581,6
synth_19773,6
synth_19057,6
synth_19663,6
synth_20115,6
synth_20180,6
synth_20283,6
synth_20651,6
synth_21009,6
synth_21087,6
synth_21165,6
synth_19838,6
synth_19969,6
synth_19250,6
synth_19480,6
synth_19804,6
synth_20201,6
synth_20301,6
synth_20354,6
synth_20392,6
synth_20653,6
synth_20675,6
synth_20925,6
synth_20984,6
synth_21049,6
synth_19532,6
synth_19814,6
synth_19953,6
synth_20619,6
synth_19002,6
synth_19278,6
synth_19610,6
synth_19617,6
synth_20099,6
synth_20357,6
synth_20970,6
synth_21035,6
synth_21196,6
synth_21204,6
synth_20598,6
synth_19318,6
synth_19724,6
synth_19800,6
synth_20319,6
synth_20524,6
synth_20605,6
synth_20669,6
synth_20854,6
synth_20922,6
synth_19566,6
synth_18996,6
synth_19254,6
synth_19272,6
synth_19420,6
synth_19678,6
synth_19981,6
synth_20065,6
synth_20156,6
synth_20569,6
synth_20688,6
synth_20709,6
synth_21043,6
synth_19734,6
synth_19751,6
synth_18990,6
synth_19338,6
synth_19386,6
synth_19389,6
synth_20251,6
synth_20294,6
synth_20359,6
synth_20691,6
synth_20930,6
synth_19567,6
synth_19190,6
synth_19343,6
synth_19398,6
synth_19569,6
synth_19739,6
synth_20032,6
synth_20696,6
synth_20734,6
synth_20744,6
synth_19570,6
synth_20189,6
synth_20403,6
synth_19066,6
synth_19103,6
synth_19249,6
synth_19340,6
synth_19664,6
synth_19844,6
synth_20543,6
synth_20615,6
synth_20679,6
synth_20789,6
synth_20973,6
synth_21137,6
synth_21144,6
synth_19522,6
synth_19753,6
synth_19782,6
synth_20534,6
synth_19152,6
synth_19247,6
synth_19745,6
synth_20298,6
synth_20352,6
synth_20426,6
synth_20702,6
synth_19701,6
synth_20341,6
synth_19094,6
synth_19269,6
synth_20355,6
synth_20376,6
synth_20433,6
synth_20454,6
synth_20498,6
synth_21116,6
synth_19887,6
synth_19121,6
synth_19180,6
synth_19492,6
synth_20398,6
synth_20772,6
synth_19530,6
synth_19126,6
synth_19406,6
synth_20168,6
synth_20374,6
synth_20963,6
synth_21127,6
synth_21166,6
synth_19175,6
synth_19281,6
synth_19412,6
synth_19439,6
synth_19605,6
synth_20256,6
synth_20282,6
synth_20628,6
synth_20641,6
synth_20847,6
synth_21115,6
synth_19479,6
synth_19502,6
synth_19957,6
synth_19008,6
synth_19041,6
synth_19376,6
synth_19498,6
synth_19918,6
synth_20291,6
synth_20457,6
synth_20540,6
synth_20731,6
synth_19463,6
synth_19731,6
synth_19818,6
synth_19012,6
synth_19304,6
synth_19374,6
synth_19660,6
synth_19861,6
synth_20036,6
synth_20218,6
synth_20296,6
synth_20687,6
synth_20724,6
synth_19959,6
synth_19691,6
synth_19790,6
synth_19992,6
synth_20238,6
synth_20520,6
synth_20778,6
synth_20913,6
synth_21000,6
synth_19539,6
synth_20478,6
synth_20507,6
synth_19419,6
synth_20306,6
synth_20962,6
synth_21074,6
synth_21139,6
synth_20596,6
synth_20622,6
synth_19101,6
synth_19130,6
synth_19142,6
synth_19149,6
synth_19611,6
synth_20163,6
synth_20181,6
synth_20271,6
synth_20360,6
synth_20389,6
synth_20399,6
synth_20748,6
synth_19533,6
synth_20539,6
synth_19172,6
synth_19630,6
synth_20230,6
synth_20309,6
synth_20347,6
synth_20607,6
synth_20642,6
synth_20827,6
synth_20850,6
synth_21171,6
synth_21194,6
synth_21207,6
synth_19545,6
synth_19828,6
synth_20586,6
synth_19086,6
synth_19509,6
synth_19850,6
synth_20602,6
synth_20689,6
synth_19639,6
synth_19711,6
synth_19895,6
synth_19978,6
synth_20508,6
synth_20513,6
synth_19135,6
synth_19344,6
synth_19596,6
synth_19997,6
synth_20043,6
synth_20158,6
synth_20551,6
synth_21199,6
synth_18987,6
synth_19802,6
synth_19809,6
synth_20260,6
synth_20568,6
synth_20758,6
synth_20833,6
synth_21126,6
synth_19447,6
synth_19633,6
synth_21100,6
synth_21190,6
synth_19020,6
synth_19028,6
synth_19193,6
synth_19312,6
synth_19366,6
synth_19404,6
synth_20138,6
synth_20159,6
synth_20179,6
synth_20879,6
synth_20887,6
synth_20911,6
synth_20993,6
synth_19712,6
synth_19100,6
synth_19998,6
synth_20133,6
synth_20290,6
synth_20431,6
synth_20448,6
synth_20972,6
synth_21034,6
synth_19899,6
synth_19938,6
synth_19207,6
synth_19275,6
synth_19793,6
synth_19867,6
synth_19935,6
synth_20188,6
synth_20236,6
synth_20380,6
synth_20417,6
synth_20617,6
synth_20723,6
synth_21024,6
synth_19475,6
synth_19537,6
synth_19707,6
synth_19945,6
synth_20477,6
synth_19007,6
synth_19077,6
synth_19179,6
synth_19372,6
synth_19681,6
synth_19759,6
synth_19795,6
synth_20740,6
synth_20746,6
synth_21155,6
synth_20018,6
synth_20537,6
synth_20729,6
synth_19064,6
synth_19239,6
synth_20033,6
synth_20169,6
synth_20770,6
synth_19821,6
synth_19948,6
synth_20544,6
synth_21106,6
synth_19087,6
synth_19124,6
synth_19187,6
synth_19424,6
synth_20197,6
synth_20232,6
synth_20286,6
synth_20823,6
synth_20873,6
synth_21020,6
synth_19715,6
synth_19979,6
synth_19139,6
synth_19274,6
synth_19408,6
synth_19436,6
synth_19926,6
synth_20118,6
synth_20459,6
synth_20497,6
synth_20654,6
synth_21134,6
synth_19045,6
synth_19284,6
synth_19293,6
synth_20076,6
synth_19544,6
synth_19547,6
synth_19716,6
synth_21110,6
synth_19060,6
synth_19890,6
synth_20231,6
synth_20247,6
synth_20257,6
synth_21060,6
synth_21178,6
synth_19468,6
synth_19651,6
synth_20516,6
synth_19076,6
synth_19912,6
synth_20070,6
synth_20196,6
synth_20523,6
synth_20728,6
synth_20732,6
synth_21051,6
synth_19504,6
synth_19962,6
synth_20476,6
synth_19036,6
synth_19307,6
synth_19357,6
synth_19432,6
synth_20494,6
synth_21099,6
synth_20517,6
synth_19215,6
synth_19407,6
synth_19808,6
synth_19842,6
synth_19920,6
synth_20173,6
synth_20835,6
synth_19452,6
synth_19591,6
synth_19762,6
synth_19816,6
synth_19954,6
synth_20322,6
synth_20506,6
synth_19123,6
synth_19339,6
synth_19370,6
synth_19396,6
synth_19496,6
synth_19980,6
synth_19988,6
synth_20034,6
synth_20121,6
synth_20318,6
synth_20637,6
synth_19634,6
synth_20529,6
synth_19166,6
synth_19199,6
synth_19493,6
synth_19618,6
synth_19901,6
synth_20088,6
synth_20233,6
synth_20390,6
synth_20680,6
synth_21068,6
synth_19444,6
synth_19235,6
synth_19330,6
synth_19608,6
synth_20370,6
synth_20441,6
synth_20469,6
synth_21185,6
synth_19524,6
synth_19538,6
synth_19757,6
synth_20411,6
synth_20472,6
synth_19083,6
synth_19108,6
synth_19295,6
synth_19685,6
synth_20105,6
synth_20447,6
synth_20646,6
synth_20901,6
synth_20979,6
synth_20990,6
synth_19489,6
synth_20336,6
synth_20404,6
synth_20525,6
synth_19090,6
synth_19163,6
synth_19612,6
synth_20106,6
synth_20297,6
synth_20652,6
synth_20759,6
synth_19085,6
synth_19136,6
synth_19287,6
synth_19328,6
synth_19807,6
synth_20128,6
synth_20395,6
synth_20562,6
synth_20932,6
synth_21048,6
synth_21071,6
synth_19624,6
synth_19883,6
synth_19893,6
synth_20518,6
synth_20545,6
synth_19162,6
synth_19256,6
synth_19283,6
synth_19508,6
synth_20249,6
synth_20284,6
synth_20328,6
synth_20488,6
synth_20496,6
synth_20733,6
synth_20794,6
synth_20985,6
synth_21008,6
synth_21187,6
synth_19302,6
synth_19351,6
synth_19414,6
synth_19779,6
synth_19810,6
synth_19983,6
synth_20216,6
synth_20269,6
synth_20365,6
synth_20819,6
synth_20849,6
synth_19546,6
synth_20019,6
synth_20808,6
synth_18997,6
synth_19854,6
synth_20268,6
synth_20435,6
synth_20955,6
synth_21069,6
synth_19625,6
synth_19714,6
synth_19859,6
synth_21082,6
synth_19192,6
synth_19907,6
synth_20085,6
synth_20091,6
synth_20382,6
synth_20844,6
synth_21078,6
synth_19643,6
synth_21102,6
synth_19112,6
synth_19213,6
synth_19282,6
synth_19291,6
synth_19909,6
synth_19931,6
synth_20492,6
synth_20915,6
synth_20983,6
synth_20992,6
synth_19772,6
synth_19837,6
synth_19839,6
synth_19122,6
synth_19286,6
synth_19392,6
synth_20004,6
synth_20114,6
synth_20613,6
synth_21057,6
synth_19470,6
synth_19422,6
synth_19692,6
synth_20223,6
synth_20541,6
synth_20666,6
synth_20845,6
synth_19512,6
synth_19947,6
synth_19006,6
synth_19118,6
synth_19418,6
synth_19672,6
synth_20064,6
synth_20078,6
synth_20305,6
synth_20421,6
synth_20490,6
synth_20634,6
synth_20820,6
synth_21177,6
synth_19881,6
synth_20547,6
synth_19032,6
synth_19794,6
synth_19923,6
synth_20097,6
synth_20432,6
synth_21022,6
synth_19507,6
synth_19592,6
synth_19251,6
synth_19725,6
synth_20063,6
synth_20164,6
synth_20194,6
synth_20561,6
synth_20949,6
synth_20967,6
synth_21053,6
synth_21135,6
synth_18986,6
synth_19096,6
synth_19185,6
synth_19204,6
synth_20100,6
synth_20142,6
synth_20753,6
synth_19476,6
synth_19477,6
synth_19743,6
synth_20012,6
synth_20608,6
synth_19186,6
synth_19337,6
synth_19597,6
synth_20041,6
synth_20096,6
synth_20362,6
synth_20694,6
synth_20760,6
synth_21184,6
synth_19713,6
synth_20463,6
synth_20509,6
synth_20577,6
synth_19114,6
synth_19129,6
synth_19832,6
synth_19982,6
synth_20501,6
synth_20916,6
synth_19629,6
synth_19939,6
synth_20575,6
synth_19211,6
synth_19797,6
synth_19863,6
synth_19911,6
synth_20191,6
synth_20522,6
synth_20735,6
synth_20765,6
synth_21129,6
synth_21189,6
synth_19443,6
synth_19061,6
synth_19258,6
synth_19440,6
synth_19940,6
synth_20021,6
synth_20195,6
synth_20715,6
synth_20829,6
synth_20923,6
synth_21021,6
synth_21042,6
synth_19587,6
synth_20511,6
synth_19040,6
synth_19245,6
synth_19268,6
synth_19936,6
synth_19971,6
synth_20289,6
synth_20581,6
synth_20614,6
synth_20631,6
synth_20662,6
synth_20902,6
synth_21025,6
synth_21125,6
synth_19542,6
synth_20326,6
synth_19003,6
synth_19327,6
synth_20470,6
synth_20928,6
synth_21202,6
synth_19518,6
synth_19584,6
synth_19074,6
synth_19401,6
synth_20172,6
synth_20846,6
synth_20897,6
synth_21052,6
synth_21120,6
synth_19775,6
synth_20342,6
synth_21105,6
synth_19105,6
synth_19116,6
synth_19905,6
synth_19930,6
synth_20147,6
synth_20329,6
synth_20697,6
synth_20805,6
synth_20818,6
synth_21143,6
synth_19469,6
synth_19956,6
synth_20345,6
synth_20369,6
synth_19056,6
synth_19148,6
synth_20110,6
synth_20120,6
synth_20491,6
synth_20866,6
synth_21119,6
synth_19635,6
synth_19043,6
synth_19046,6
synth_19292,6
synth_19299,6
synth_19916,6
synth_19996,6
synth_20353,6
synth_20371,6
synth_20594,6
synth_20883,6
synth_21031,6
synth_21096,6
synth_21214,6
synth_19836,6
synth_19942,6
synth_19120,6
synth_19655,6
synth_19822,6
synth_20479,6
synth_19131,6
synth_19171,6
synth_19191,6
synth_20083,6
synth_20273,6
synth_20670,6
synth_19527,6
synth_19637,6
synth_20527,6
synth_20582,6
synth_21084,6
synth_19194,6
synth_19265,6
synth_19559,6
synth_20632,6
synth_20966,6
synth_20980,6
synth_21067,6
synth_19457,6
synth_19471,6
synth_20583,6
synth_19693,6
synth_19847,6
synth_20093,6
synth_20104,6
synth_20186,6
synth_20531,6
synth_20627,6
synth_20683,6
synth_20888,6
synth_21063,6
synth_19276,6
synth_19317,6
synth_19435,6
synth_19728,6
synth_20738,6
synth_19448,6
synth_19155,6
synth_19208,6
synth_19315,6
synth_20044,6
synth_20295,6
synth_20452,6
synth_20832,6
synth_20981,6
synth_19742,6
synth_19871,6
synth_20217,6
synth_20929,6
synth_20931,6
synth_19441,6
synth_20338,6
synth_20621,6
synth_20086,6
synth_20274,6
synth_20800,6
synth_20974,6
synth_20007,6
synth_20601,6
synth_18989,6
synth_19244,6
synth_19805,6
synth_19806,6
synth_19914,6
synth_20040,6
synth_20198,6
synth_20316,6
synth_20438,6
synth_21121,6
synth_19528,6
synth_19824,6
synth_20483,6
synth_19005,6
synth_19219,6
synth_19551,6
synth_19765,6
synth_20266,6
synth_20737,6
synth_19669,6
synth_19783,6
synth_20574,6
synth_19018,6
synth_20022,6
synth_20202,6
synth_20638,6
synth_20786,6
synth_20892,6
synth_20910,6
synth_20975,6
synth_20546,6
synth_19111,6
synth_19363,6
synth_19990,6
synth_20151,6
synth_20707,6
synth_20880,6
synth_20882,6
synth_21001,6
synth_19892,6
synth_19071,6
synth_19261,6
synth_19331,6
synth_19868,6
synth_20074,6
synth_20467,6
synth_20647,6
synth_20858,6
synth_21176,6
synth_19455,6
synth_19514,6
synth_20462,6
synth_19220,6
synth_19387,6
synth_19574,6
synth_20095,6
synth_20263,6
synth_20264,6
synth_20558,6
synth_20828,6
synth_20941,6
synth_19628,6
synth_19212,6
synth_19606,6
synth_20038,6
synth_20671,6
synth_20698,6
synth_20814,6
synth_21013,6
synth_21092,6
synth_19500,6
synth_19622,6
synth_19876,6
synth_18998,6
synth_19290,6
synth_19970,6
synth_19985,6
synth_20059,6
synth_20215,6
synth_20787,6
synth_20855,6
synth_20869,6
synth_20935,6
synth_20958,6
synth_19442,6
synth_19047,6
synth_19550,6
synth_20495,6
synth_19755,6
synth_19835,6
synth_18993,6
synth_19023,6
synth_19158,6
synth_19862,6
synth_19922,6
synth_20428,6
synth_20692,6
synth_20821,6
synth_20944,6
synth_19310,6
synth_19323,6
synth_19575,6
synth_19860,6
synth_19987,6
synth_20199,6
synth_20870,6
synth_21182,6
synth_21209,6
synth_20335,6
synth_20465,6
synth_19159,6
synth_19314,6
synth_19399,6
synth_19416,6
synth_19698,6
synth_20058,6
synth_20244,6
synth_20684,6
synth_20810,6
synth_20890,6
synth_19944,6
synth_19958,6
synth_20227,6
synth_20676,6
synth_20871,6
synth_20936,6
synth_20997,6
synth_19631,6
synth_19894,6
synth_19870,6
synth_20030,6
synth_20149,6
synth_20224,6
synth_20630,6
synth_20726,6
synth_21181,6
synth_19750,6
synth_19029,6
synth_19093,6
synth_19360,6
synth_19599,6
synth_19845,6
synth_19864,6
synth_20240,6
synth_20299,6
synth_20420,6
synth_20977,6
synth_19525,6
synth_21101,6
synth_20000,6
synth_20154,6
synth_20604,6
synth_20623,6
synth_20755,6
synth_20856,6
synth_19529,6
synth_19572,6
synth_19752,6
synth_19955,6
synth_19961,6
synth_20579,6
synth_19068,6
synth_19326,6
synth_19852,6
synth_19999,6
synth_20024,6
synth_20364,6
synth_20430,6
synth_20817,6
synth_21012,6
synth_20576,6
synth_19059,6
synth_19421,6
synth_20499,6
synth_21152,6
synth_19760,6
synth_19774,6
synth_20588,6
synth_20039,6
synth_20054,6
synth_20440,6
synth_20455,6
synth_20013,6
synth_20536,6
synth_20620,6
synth_20629,6
synth_19298,6
synth_19346,6
synth_19934,6
synth_20052,6
synth_20136,6
synth_20146,6
synth_20650,6
synth_20840,6
synth_19626,6
synth_20618,6
synth_19402,6
synth_20025,6
synth_20780,6
synth_20831,6
synth_19146,6
synth_20003,6
synth_20092,6
synth_20101,6
synth_20152,6
synth_20375,6
synth_20722,6
synth_20918,6
synth_21210,6
synth_19009,6
synth_19042,6
synth_19081,6
synth_19749,6
synth_19791,6
synth_20200,6
synth_20423,6
synth_20443,6
synth_20947,6
synth_21028,6
synth_21072,6
synth_19097,6
synth_19099,6
synth_19138,6
synth_19415,6
synth_19744,6
synth_19803,6
synth_19851,6
synth_20143,6
synth_20235,6
synth_20451,6
synth_20816,6
synth_20861,6
synth_21079,6
synth_19700,6
synth_20014,6
synth_20473,6
synth_19242,6
synth_19350,6
synth_19984,6
synth_20160,6
synth_20193,6
synth_20372,6
synth_20560,6
synth_20801,6
synth_19813,6
synth_21104,6
synth_19217,6
synth_19319,6
synth_20225,6
synth_20616,6
synth_21117,6
synth_19461,6
synth_19636,6
synth_20419,6
synth_20505,6
synth_19373,6
synth_20557,6
synth_20660,6
synth_20804,6
synth_20885,6
synth_20968,6
synth_20008,6
synth_19397,6
synth_19405,6
synth_19620,6
synth_19696,6
synth_20204,6
synth_20590,6
synth_21097,6
synth_19641,6
synth_19653,6
synth_19770,6
synth_20573,6
synth_19178,6
synth_19210,6
synth_19390,6
synth_19431,6
synth_19924,6
synth_20185,6
synth_20206,6
synth_20927,6
synth_21023,6
synth_19520,6
synth_20486,6
synth_19019,6
synth_19072,6
synth_19177,6
synth_19294,6
synth_19411,6
synth_19609,6
synth_20060,6
synth_20458,6
synth_20674,6
synth_20956,6
synth_20461,6
synth_20502,6
synth_21616,5
synth_21673,5
synth_22047,5
synth_22754,5
synth_22788,5
synth_22885,5
synth_23659,5
synth_23690,5
synth_23767,5
synth_23794,5
synth_23882,5
synth_21294,5
synth_21693,5
synth_22600,5
synth_23920,5
synth_24035,5
synth_21227,5
synth_21252,5
synth_21483,5
synth_21557,5
synth_21932,5
synth_22177,5
synth_22181,5
synth_22211,5
synth_22336,5
synth_22380,5
synth_22519,5
synth_22946,5
synth_23568,5
synth_23962,5
synth_23966,5
synth_24099,5
synth_21370,5
synth_21520,5
synth_21529,5
synth_21663,5
synth_21706,5
synth_21753,5
synth_22263,5
synth_22393,5
synth_22805,5
synth_22948,5
synth_23103,5
synth_23683,5
synth_23714,5
synth_23760,5
synth_23941,5
synth_21352,5
synth_22624,5
synth_21461,5
synth_21733,5
synth_21888,5
synth_21946,5
synth_22041,5
synth_22053,5
synth_22332,5
synth_23026,5
synth_23076,5
synth_23261,5
synth_23762,5
synth_23845,5
synth_23853,5
synth_24237,5
synth_21301,5
synth_22414,5
synth_23307,5
synth_21478,5
synth_21563,5
synth_21734,5
synth_22186,5
synth_22200,5
synth_22443,5
synth_22673,5
synth_22713,5
synth_22735,5
synth_23219,5
synth_23451,5
synth_23468,5
synth_23500,5
synth_23869,5
synth_23892,5
synth_23965,5
synth_21300,5
synth_24234,5
synth_21248,5
synth_21285,5
synth_21527,5
synth_21709,5
synth_22222,5
synth_22463,5
synth_22707,5
synth_22962,5
synth_23288,5
synth_23463,5
synth_23556,5
synth_23783,5
synth_24101,5
synth_22498,5
synth_23365,5
synth_24033,5
synth_21768,5
synth_21983,5
synth_22026,5
synth_22114,5
synth_22183,5
synth_22556,5
synth_22565,5
synth_22982,5
synth_23199,5
synth_23530,5
synth_23638,5
synth_23772,5
synth_23828,5
synth_24086,5
synth_24154,5
synth_21353,5
synth_24123,5
synth_21572,5
synth_21755,5
synth_21760,5
synth_22188,5
synth_22360,5
synth_22658,5
synth_22674,5
synth_22708,5
synth_22779,5
synth_23197,5
synth_22428,5
synth_22797,5
synth_23339,5
synth_23348,5
synth_23573,5
synth_21374,5
synth_21474,5
synth_21795,5
synth_21863,5
synth_22014,5
synth_22367,5
synth_23011,5
synth_23162,5
synth_23576,5
synth_23660,5
synth_23829,5
synth_23939,5
synth_23992,5
synth_24001,5
synth_23621,5
synth_21238,5
synth_21401,5
synth_21897,5
synth_22116,5
synth_22283,5
synth_23494,5
synth_23578,5
synth_23677,5
synth_23685,5
synth_23738,5
synth_23834,5
synth_24144,5
synth_24178,5
synth_24227,5
synth_21311,5
synth_22079,5
synth_21841,5
synth_22050,5
synth_22096,5
synth_22102,5
synth_22168,5
synth_23439,5
synth_24107,5
synth_21229,5
synth_21569,5
synth_21698,5
synth_22037,5
synth_22094,5
synth_22137,5
synth_22219,5
synth_22270,5
synth_22675,5
synth_22676,5
synth_23016,5
synth_23126,5
synth_23442,5
synth_23792,5
synth_24075,5
synth_24184,5
synth_21358,5
synth_21968,5
synth_22104,5
synth_22166,5
synth_22575,5
synth_22745,5
synth_22955,5
synth_23297,5
synth_23574,5
synth_23734,5
synth_24009,5
synth_24205,5
synth_22628,5
synth_23328,5
synth_23400,5
synth_23811,5
synth_21309,5
synth_21371,5
synth_21523,5
synth_22160,5
synth_22572,5
synth_22694,5
synth_22934,5
synth_23447,5
synth_24157,5
synth_23633,5
synth_23815,5
synth_21271,5
synth_21452,5
synth_21615,5
synth_21887,5
synth_21941,5
synth_21943,5
synth_21995,5
synth_22020,5
synth_22052,5
synth_22195,5
synth_22271,5
synth_22362,5
synth_22590,5
synth_23216,5
synth_23310,5
synth_23565,5
synth_23771,5
synth_23896,5
synth_24048,5
synth_22496,5
synth_23318,5
synth_23803,5
synth_23926,5
synth_21318,5
synth_21508,5
synth_21521,5
synth_21671,5
synth_21800,5
synth_21872,5
synth_22185,5
synth_22197,5
synth_22410,5
synth_22544,5
synth_22700,5
synth_22785,5
synth_23097,5
synth_23841,5
synth_24104,5
synth_24138,5
synth_23223,5
synth_23812,5
synth_24223,5
synth_23124,5
synth_23278,5
synth_23381,5
synth_23875,5
synth_23960,5
synth_23338,5
synth_24064,5
synth_21664,5
synth_22352,5
synth_22522,5
synth_22540,5
synth_22548,5
synth_22706,5
synth_22817,5
synth_22855,5
synth_23042,5
synth_23069,5
synth_23274,5
synth_23669,5
synth_23831,5
synth_22848,5
synth_24172,5
synth_21530,5
synth_21847,5
synth_21933,5
synth_22819,5
synth_23107,5
synth_24016,5
synth_24128,5
synth_24207,5
synth_22258,5
synth_21397,5
synth_21775,5
synth_22143,5
synth_22266,5
synth_22291,5
synth_22363,5
synth_22510,5
synth_22687,5
synth_22833,5
synth_23809,5
synth_23827,5
synth_24046,5
synth_22611,5
synth_23423,5
synth_23560,5
synth_23733,5
synth_24175,5
synth_21342,5
synth_21430,5
synth_21577,5
synth_21910,5
synth_21989,5
synth_22466,5
synth_22632,5
synth_22666,5
synth_22721,5
synth_22722,5
synth_22729,5
synth_22876,5
synth_23060,5
synth_23132,5
synth_23135,5
synth_23190,5
synth_23235,5
synth_23650,5
synth_23401,5
synth_24195,5
synth_21608,5
synth_21823,5
synth_22001,5
synth_22132,5
synth_22171,5
synth_22502,5
synth_22539,5
synth_23106,5
synth_23276,5
synth_23382,5
synth_23443,5
synth_22435,5
synth_22613,5
synth_23971,5
synth_21597,5
synth_21598,5
synth_21756,5
synth_22318,5
synth_22714,5
synth_22765,5
synth_23466,5
synth_23469,5
synth_23648,5
synth_23799,5
synth_24159,5
synth_22417,5
synth_22608,5
synth_23335,5
synth_23518,5
synth_24030,5
synth_24191,5
synth_21378,5
synth_21414,5
synth_21486,5
synth_21742,5
synth_22287,5
synth_22346,5
synth_22385,5
synth_22731,5
synth_23065,5
synth_23784,5
synth_22416,5
synth_22849,5
synth_23326,5
synth_24134,5
synth_24151,5
synth_21247,5
synth_21428,5
synth_22121,5
synth_22260,5
synth_22388,5
synth_23255,5
synth_23865,5
synth_22321,5
synth_22621,5
synth_23340,5
synth_21607,5
synth_21881,5
synth_22803,5
synth_22888,5
synth_23291,5
synth_24002,5
synth_24003,5
synth_24129,5
synth_22857,5
synth_21636,5
synth_21642,5
synth_21765,5
synth_22012,5
synth_22045,5
synth_22571,5
synth_22712,5
synth_22772,5
synth_22787,5
synth_23063,5
synth_23230,5
synth_23396,5
synth_23483,5
synth_23894,5
synth_22609,5
synth_23355,5
synth_23904,5
synth_21257,5
synth_21316,5
synth_21578,5
synth_21788,5
synth_22305,5
synth_22456,5
synth_22894,5
synth_23091,5
synth_23133,5
synth_23384,5
synth_23430,5
synth_23586,5
synth_23951,5
synth_21297,5
synth_21825,5
synth_21944,5
synth_22101,5
synth_22633,5
synth_22656,5
synth_23034,5
synth_23438,5
synth_23498,5
synth_23567,5
synth_23616,5
synth_23750,5
synth_23903,5
synth_24150,5
synth_21722,5
synth_21864,5
synth_21917,5
synth_22224,5
synth_22485,5
synth_22561,5
synth_22796,5
synth_22860,5
synth_23003,5
synth_23395,5
synth_22256,5
synth_22869,5
synth_23561,5
synth_23632,5
synth_23928,5
synth_24243,5
synth_21423,5
synth_21501,5
synth_21556,5
synth_21713,5
synth_21715,5
synth_21953,5
synth_21971,5
synth_22092,5
synth_22150,5
synth_22566,5
synth_23460,5
synth_23548,5
synth_23662,5
synth_23602,5
synth_23906,5
synth_21476,5
synth_21707,5
synth_22008,5
synth_22080,5
synth_22474,5
synth_22780,5
synth_22827,5
synth_22840,5
synth_22935,5
synth_22939,5
synth_23485,5
synth_23872,5
synth_23895,5
synth_22856,5
synth_23376,5
synth_23819,5
synth_21222,5
synth_21268,5
synth_21408,5
synth_21442,5
synth_22010,5
synth_22371,5
synth_22464,5
synth_22718,5
synth_23930,5
synth_22671,5
synth_23225,5
synth_21467,5
synth_21645,5
synth_21750,5
synth_22361,5
synth_22442,5
synth_22696,5
synth_22907,5
synth_23317,5
synth_23807,5
synth_24222,5
synth_24246,5
synth_21457,5
synth_21576,5
synth_21634,5
synth_21754,5
synth_22331,5
synth_22358,5
synth_22563,5
synth_23002,5
synth_23546,5
synth_23696,5
synth_23774,5
synth_21393,5
synth_24055,5
synth_21258,5
synth_21400,5
synth_21922,5
synth_22016,5
synth_22280,5
synth_22359,5
synth_22554,5
synth_22975,5
synth_23131,5
synth_23645,5
synth_21368,5
synth_22267,5
synth_22868,5
synth_23205,5
synth_23206,5
synth_23304,5
synth_23425,5
synth_23505,5
synth_23806,5
synth_21411,5
synth_21720,5
synth_21964,5
synth_22032,5
synth_22178,5
synth_22302,5
synth_22465,5
synth_22698,5
synth_22970,5
synth_23432,5
synth_24116,5
synth_24145,5
synth_22459,5
synth_21883,5
synth_22221,5
synth_22462,5
synth_22506,5
synth_22668,5
synth_22704,5
synth_22815,5
synth_22851,5
synth_23175,5
synth_23689,5
synth_23855,5
synth_23857,5
synth_24148,5
synth_24239,5
synth_21302,5
synth_22866,5
synth_23805,5
synth_24063,5
synth_21436,5
synth_21657,5
synth_21876,5
synth_22277,5
synth_22323,5
synth_22486,5
synth_22504,5
synth_22771,5
synth_23006,5
synth_23021,5
synth_23043,5
synth_23101,5
synth_23641,5
synth_22859,5
synth_21961,5
synth_21976,5
synth_22387,5
synth_22709,5
synth_22890,5
synth_23182,5
synth_23695,5
synth_23748,5
synth_24113,5
synth_21730,5
synth_21896,5
synth_22051,5
synth_22095,5
synth_22210,5
synth_22337,5
synth_22392,5
synth_22631,5
synth_23072,5
synth_23385,5
synth_23415,5
synth_23515,5
synth_23848,5
synth_21367,5
synth_22308,5
synth_24180,5
synth_21384,5
synth_21484,5
synth_21840,5
synth_22034,5
synth_22038,5
synth_22574,5
synth_22705,5
synth_22967,5
synth_23122,5
synth_23833,5
synth_23968,5
synth_24014,5
synth_23527,5
synth_21234,5
synth_21315,5
synth_21340,5
synth_21724,5
synth_21779,5
synth_21873,5
synth_21899,5
synth_21900,5
synth_22006,5
synth_22025,5
synth_22029,5
synth_22072,5
synth_22723,5
synth_22767,5
synth_22899,5
synth_23120,5
synth_23179,5
synth_23387,5
synth_23583,5
synth_23858,5
synth_23888,5
synth_24146,5
synth_24197,5
synth_23362,5
synth_21305,5
synth_21948,5
synth_22584,5
synth_22730,5
synth_23282,5
synth_23399,5
synth_23838,5
synth_24252,5
synth_22059,5
synth_21776,5
synth_21857,5
synth_22018,5
synth_22031,5
synth_22500,5
synth_22518,5
synth_22593,5
synth_23115,5
synth_23705,5
synth_23769,5
synth_24213,5
synth_21591,5
synth_22252,5
synth_22648,5
synth_22878,5
synth_23212,5
synth_23524,5
synth_21395,5
synth_21424,5
synth_22492,5
synth_22595,5
synth_22642,5
synth_22931,5
synth_23051,5
synth_23681,5
synth_23776,5
synth_22249,5
synth_24026,5
synth_24240,5
synth_21308,5
synth_21333,5
synth_21356,5
synth_21676,5
synth_21988,5
synth_22036,5
synth_22781,5
synth_23061,5
synth_23114,5
synth_23389,5
synth_23569,5
synth_21220,5
synth_21472,5
synth_21548,5
synth_21553,5
synth_21639,5
synth_21669,5
synth_21925,5
synth_22122,5
synth_22123,5
synth_22379,5
synth_22703,5
synth_23850,5
synth_23969,5
synth_23329,5
synth_23353,5
synth_23529,5
synth_21418,5
synth_21624,5
synth_21773,5
synth_21955,5
synth_22113,5
synth_22338,5
synth_22409,5
synth_22677,5
synth_22918,5
synth_22987,5
synth_23012,5
synth_23136,5
synth_23169,5
synth_23754,5
synth_24177,5
synth_24208,5
synth_24209,5
synth_23718,5
synth_24051,5
synth_22124,5
synth_22454,5
synth_23005,5
synth_23028,5
synth_23029,5
synth_23667,5
synth_24158,5
synth_22604,5
synth_23406,5
synth_24174,5
synth_24245,5
synth_21799,5
synth_21936,5
synth_22399,5
synth_22742,5
synth_22953,5
synth_23089,5
synth_23130,5
synth_23465,5
synth_23687,5
synth_22649,5
synth_23720,5
synth_23909,5
synth_23910,5
synth_23972,5
synth_21279,5
synth_21434,5
synth_21828,5
synth_21942,5
synth_22764,5
synth_23701,5
synth_23724,5
synth_24217,5
synth_22469,5
synth_23346,5
synth_23528,5
synth_21682,5
synth_21735,5
synth_22281,5
synth_22355,5
synth_22545,5
synth_22591,5
synth_22786,5
synth_22873,5
synth_22896,5
synth_22951,5
synth_22959,5
synth_23558,5
synth_23830,5
synth_21354,5
synth_22009,5
synth_22690,5
synth_23802,5
synth_21219,5
synth_21226,5
synth_21613,5
synth_21689,5
synth_21928,5
synth_21967,5
synth_22319,5
synth_23444,5
synth_23779,5
synth_24076,5
synth_24187,5
synth_24203,5
synth_22422,5
synth_22497,5
synth_24135,5
synth_21348,5
synth_21643,5
synth_21801,5
synth_21831,5
synth_22398,5
synth_22807,5
synth_22954,5
synth_23157,5
synth_23172,5
synth_23239,5
synth_24080,5
synth_22228,5
synth_22603,5
synth_22928,5
synth_24194,5
synth_21224,5
synth_21444,5
synth_21547,5
synth_21623,5
synth_21810,5
synth_21868,5
synth_21919,5
synth_21965,5
synth_22152,5
synth_22528,5
synth_23040,5
synth_23847,5
synth_24072,5
synth_24110,5
synth_22301,5
synth_22329,5
synth_22842,5
synth_21705,5
synth_22039,5
synth_22351,5
synth_22555,5
synth_22567,5
synth_23189,5
synth_23251,5
synth_23516,5
synth_21281,5
synth_22477,5
synth_23336,5
synth_23719,5
synth_24162,5
synth_24241,5
synth_21321,5
synth_21560,5
synth_21655,5
synth_21661,5
synth_21764,5
synth_21966,5
synth_22162,5
synth_22192,5
synth_22278,5
synth_22372,5
synth_22936,5
synth_22958,5
synth_23045,5
synth_23431,5
synth_23459,5
synth_23615,5
synth_23753,5
synth_23933,5
synth_23959,5
synth_22248,5
synth_23224,5
synth_23722,5
synth_21415,5
synth_21458,5
synth_22977,5
synth_22999,5
synth_23168,5
synth_23639,5
synth_21360,5
synth_21362,5
synth_22257,5
synth_22798,5
synth_23321,5
synth_21651,5
synth_21822,5
synth_22141,5
synth_22223,5
synth_22945,5
synth_23022,5
synth_23246,5
synth_23475,5
synth_23737,5
synth_23763,5
synth_23777,5
synth_23873,5
synth_23961,5
synth_24018,5
synth_24117,5
synth_22320,5
synth_23538,5
synth_24225,5
synth_21425,5
synth_21586,5
synth_22317,5
synth_22683,5
synth_22895,5
synth_22996,5
synth_23739,5
synth_22839,5
synth_23226,5
synth_23923,5
synth_24193,5
synth_24230,5
synth_21338,5
synth_21646,5
synth_21816,5
synth_22915,5
synth_23009,5
synth_23030,5
synth_23057,5
synth_23429,5
synth_24250,5
synth_21320,5
synth_21398,5
synth_21729,5
synth_22406,5
synth_22516,5
synth_23118,5
synth_23452,5
synth_23555,5
synth_22268,5
synth_21433,5
synth_21665,5
synth_21674,5
synth_21778,5
synth_21851,5
synth_21880,5
synth_22119,5
synth_22312,5
synth_22770,5
synth_22917,5
synth_23759,5
synth_24081,5
synth_24186,5
synth_23519,5
synth_23801,5
synth_21263,5
synth_21890,5
synth_22100,5
synth_22110,5
synth_22118,5
synth_22241,5
synth_22353,5
synth_22501,5
synth_23263,5
synth_23517,5
synth_23587,5
synth_23963,5
synth_23990,5
synth_24122,5
synth_21432,5
synth_21555,5
synth_21559,5
synth_21566,5
synth_21659,5
synth_21700,5
synth_21763,5
synth_21927,5
synth_22357,5
synth_22374,5
synth_22376,5
synth_22482,5
synth_23597,5
synth_23636,5
synth_23752,5
synth_23864,5
synth_23991,5
synth_21310,5
synth_21691,5
synth_22238,5
synth_23908,5
synth_23925,5
synth_24052,5
synth_21242,5
synth_21874,5
synth_21882,5
synth_22525,5
synth_22737,5
synth_22912,5
synth_22950,5
synth_23657,5
synth_24015,5
synth_23204,5
synth_23319,5
synth_23905,5
synth_24176,5
synth_21445,5
synth_21487,5
synth_21601,5
synth_22532,5
synth_22978,5
synth_22998,5
synth_23434,5
synth_23536,5
synth_24202,5
synth_22623,5
synth_23344,5
synth_23352,5
synth_24220,5
synth_21259,5
synth_21426,5
synth_21717,5
synth_21960,5
synth_22117,5
synth_22133,5
synth_22149,5
synth_22445,5
synth_23007,5
synth_23229,5
synth_23236,5
synth_23237,5
synth_23449,5
synth_23501,5
synth_23635,5
synth_24103,5
synth_23508,5
synth_24020,5
synth_24040,5
synth_21519,5
synth_21621,5
synth_21804,5
synth_21918,5
synth_22138,5
synth_22230,5
synth_22279,5
synth_22350,5
synth_22483,5
synth_23004,5
synth_23058,5
synth_23096,5
synth_23104,5
synth_23185,5
synth_23661,5
synth_23899,5
synth_22311,5
synth_22429,5
synth_21507,5
synth_21546,5
synth_21699,5
synth_21797,5
synth_22213,5
synth_22814,5
synth_23151,5
synth_23581,5
synth_23881,5
synth_23937,5
synth_24079,5
synth_24118,5
synth_22307,5
synth_23213,5
synth_23728,5
synth_24044,5
synth_21253,5
synth_21272,5
synth_21794,5
synth_21815,5
synth_21818,5
synth_21860,5
synth_21991,5
synth_22144,5
synth_22686,5
synth_22892,5
synth_23152,5
synth_23244,5
synth_23932,5
synth_23957,5
synth_23993,5
synth_23994,5
synth_23572,5
synth_21303,5
synth_21336,5
synth_21492,5
synth_21568,5
synth_21647,5
synth_21672,5
synth_22413,5
synth_22719,5
synth_22776,5
synth_22922,5
synth_23013,5
synth_23271,5
synth_24108,5
synth_21390,5
synth_21498,5
synth_22088,5
synth_22458,5
synth_21679,5
synth_21861,5
synth_22412,5
synth_22746,5
synth_22989,5
synth_23259,5
synth_23457,5
synth_23647,5
synth_23851,5
synth_23409,5
synth_24173,5
synth_24244,5
synth_21237,5
synth_22472,5
synth_22585,5
synth_22716,5
synth_22905,5
synth_23024,5
synth_23511,5
synth_23674,5
synth_23786,5
synth_24039,5
synth_24167,5
synth_22227,5
synth_22494,5
synth_22837,5
synth_21532,5
synth_21902,5
synth_21921,5
synth_22282,5
synth_22793,5
synth_23257,5
synth_23296,5
synth_23860,5
synth_23956,5
synth_23605,5
synth_21463,5
synth_22182,5
synth_22507,5
synth_23144,5
synth_23269,5
synth_23289,5
synth_23591,5
synth_22255,5
synth_22430,5
synth_22597,5
synth_23804,5
synth_21549,5
synth_21680,5
synth_21958,5
synth_22245,5
synth_22402,5
synth_22592,5
synth_23108,5
synth_23163,5
synth_24109,5
synth_22468,5
synth_22599,5
synth_21757,5
synth_22115,5
synth_22212,5
synth_22290,5
synth_22382,5
synth_22533,5
synth_22577,5
synth_22678,5
synth_22689,5
synth_22971,5
synth_23184,5
synth_23844,5
synth_21292,5
synth_21350,5
synth_22235,5
synth_22602,5
synth_24060,5
synth_21619,5
synth_21678,5
synth_21727,5
synth_21769,5
synth_22369,5
synth_22551,5
synth_22795,5
synth_23071,5
synth_23435,5
synth_23445,5
synth_23462,5
synth_23694,5
synth_21496,5
synth_24125,5
synth_21334,5
synth_21357,5
synth_21526,5
synth_21782,5
synth_22201,5
synth_22220,5
synth_22444,5
synth_22570,5
synth_22965,5
synth_23046,5
synth_23048,5
synth_23137,5
synth_23513,5
synth_23575,5
synth_23967,5
synth_22651,5
synth_23345,5
synth_23368,5
synth_21341,5
synth_21531,5
synth_21618,5
synth_21719,5
synth_22172,5
synth_22203,5
synth_22777,5
synth_23165,5
synth_23744,5
synth_23880,5
synth_22476,5
synth_22626,5
synth_23710,5
synth_23927,5
synth_21347,5
synth_21399,5
synth_21567,5
synth_21972,5
synth_23019,5
synth_23174,5
synth_23313,5
synth_23477,5
synth_23566,5
synth_23654,5
synth_24073,5
synth_24229,5
synth_22239,5
synth_21359,5
synth_21377,5
synth_21652,5
synth_21684,5
synth_21771,5
synth_23388,5
synth_23644,5
synth_23671,5
synth_23676,5
synth_23334,5
synth_24024,5
synth_21456,5
synth_21588,5
synth_21640,5
synth_22390,5
synth_22963,5
synth_23448,5
synth_23489,5
synth_23877,5
synth_21293,5
synth_23208,5
synth_21431,5
synth_21606,5
synth_21641,5
synth_21658,5
synth_21683,5
synth_21906,5
synth_22407,5
synth_22524,5
synth_22549,5
synth_22644,5
synth_22701,5
synth_22784,5
synth_23394,5
synth_23885,5
synth_24045,5
synth_21274,5
synth_21696,5
synth_21770,5
synth_21784,5
synth_22155,5
synth_22250,5
synth_23018,5
synth_23023,5
synth_23183,5
synth_23559,5
synth_23747,5
synth_23758,5
synth_22650,5
synth_23412,5
synth_24056,5
synth_21747,5
synth_22243,5
synth_22381,5
synth_22834,5
synth_23268,5
synth_23473,5
synth_23879,5
synth_23897,5
synth_23375,5
synth_24232,5
synth_21534,5
synth_21710,5
synth_21970,5
synth_22175,5
synth_22373,5
synth_22664,5
synth_22761,5
synth_22941,5
synth_23080,5
synth_23241,5
synth_23755,5
synth_24059,5
synth_21299,5
synth_22622,5
synth_23305,5
synth_23428,5
synth_23539,5
synth_23603,5
synth_23709,5
synth_24094,5
synth_21235,5
synth_21307,5
synth_21312,5
synth_21728,5
synth_22030,5
synth_22404,5
synth_22643,5
synth_22769,5
synth_22791,5
synth_23217,5
synth_23254,5
synth_23470,5
synth_23495,5
synth_23670,5
synth_23606,5
synth_21528,5
synth_21573,5
synth_22164,5
synth_22314,5
synth_22682,5
synth_22891,5
synth_23699,5
synth_23936,5
synth_23948,5
synth_23977,5
synth_24010,5
synth_24017,5
synth_24068,5
synth_24077,5
synth_21581,5
synth_22300,5
synth_22489,5
synth_22495,5
synth_24136,5
synth_21511,5
synth_21626,5
synth_21834,5
synth_21982,5
synth_22131,5
synth_22553,5
synth_22695,5
synth_22720,5
synth_22752,5
synth_22861,5
synth_22921,5
synth_23265,5
synth_23478,5
synth_23986,5
synth_22066,5
synth_22269,5
synth_22581,5
synth_22618,5
synth_22635,5
synth_24233,5
synth_21323,5
synth_21379,5
synth_21500,5
synth_21649,5
synth_22091,5
synth_22446,5
synth_22455,5
synth_22966,5
synth_23088,5
synth_23134,5
synth_23240,5
synth_23248,5
synth_23301,5
synth_24028,5
synth_23900,5
synth_24065,5
synth_21255,5
synth_21485,5
synth_21516,5
synth_21935,5
synth_22022,5
synth_22587,5
synth_22667,5
synth_22825,5
synth_22973,5
synth_23146,5
synth_23272,5
synth_23456,5
synth_23625,5
synth_23692,5
synth_24105,5
synth_21694,5
synth_22058,5
synth_22229,5
synth_22499,5
synth_22606,5
synth_24131,5
synth_21240,5
synth_21250,5
synth_21288,5
synth_21339,5
synth_21505,5
synth_21596,5
synth_21856,5
synth_21879,5
synth_22071,5
synth_22295,5
synth_23039,5
synth_23044,5
synth_23113,5
synth_23232,5
synth_23849,5
synth_24089,5
synth_21280,5
synth_22619,5
synth_23343,5
synth_21617,5
synth_21732,5
synth_21977,5
synth_22002,5
synth_22174,5
synth_22293,5
synth_22325,5
synth_22490,5
synth_22850,5
synth_22964,5
synth_23100,5
synth_23171,5
synth_23198,5
synth_23582,5
synth_23788,5
synth_23797,5
synth_23938,5
synth_24006,5
synth_23200,5
synth_23359,5
synth_23366,5
synth_24161,5
synth_24164,5
synth_21217,5
synth_21284,5
synth_21407,5
synth_21466,5
synth_22215,5
synth_22981,5
synth_23098,5
synth_23139,5
synth_23234,5
synth_23437,5
synth_23618,5
synth_23821,5
synth_24251,5
synth_22327,5
synth_22670,5
synth_23370,5
synth_24042,5
synth_21544,5
synth_21854,5
synth_21914,5
synth_21939,5
synth_23757,5
synth_23997,5
synth_21361,5
synth_22646,5
synth_23717,5
synth_23911,5
synth_24093,5
synth_24153,5
synth_21325,5
synth_21571,5
synth_21574,5
synth_21723,5
synth_21726,5
synth_21878,5
synth_22396,5
synth_22509,5
synth_23121,5
synth_23145,5
synth_23383,5
synth_23619,5
synth_24137,5
synth_21364,5
synth_22479,5
synth_21471,5
synth_21620,5
synth_21937,5
synth_22163,5
synth_22657,5
synth_22763,5
synth_23247,5
synth_23749,5
synth_23820,5
synth_24170,5
synth_21447,5
synth_21791,5
synth_21839,5
synth_22296,5
synth_22902,5
synth_22923,5
synth_23066,5
synth_23110,5
synth_23393,5
synth_24071,5
synth_24156,5
synth_23623,5
synth_21355,5
synth_21441,5
synth_21536,5
synth_21688,5
synth_21827,5
synth_22365,5
synth_22579,5
synth_22727,5
synth_22758,5
synth_23379,5
synth_23756,5
synth_24200,5
synth_22233,5
synth_23922,5
synth_21218,5
synth_21223,5
synth_21324,5
synth_21502,5
synth_21792,5
synth_21901,5
synth_22356,5
synth_22401,5
synth_22471,5
synth_22990,5
synth_23112,5
synth_23649,5
synth_23678,5
synth_23868,5
synth_24112,5
synth_22127,5
synth_22617,5
synth_23914,5
synth_24185,5
synth_21221,5
synth_21327,5
synth_21867,5
synth_21950,5
synth_22027,5
synth_22198,5
synth_22655,5
synth_23953,5
synth_24088,5
synth_23422,5
synth_23525,5
synth_23607,5
synth_21459,5
synth_21846,5
synth_22341,5
synth_22757,5
synth_22775,5
synth_22919,5
synth_23397,5
synth_23545,5
synth_23886,5
synth_22097,5
synth_22347,5
synth_22431,5
synth_24121,5
synth_21394,5
synth_21589,5
synth_21891,5
synth_22161,5
synth_23017,5
synth_23035,5
synth_23186,5
synth_23672,5
synth_23679,5
synth_23684,5
synth_23984,5
synth_22068,5
synth_22087,5
synth_22612,5
synth_22863,5
synth_22867,5
synth_23323,5
synth_23374,5
synth_23730,5
synth_21346,5
synth_21614,5
synth_21627,5
synth_22049,5
synth_22541,5
synth_23020,5
synth_23194,5
synth_23554,5
synth_23964,5
synth_24005,5
synth_24098,5
synth_23612,5
synth_21267,5
synth_21633,5
synth_21740,5
synth_21802,5
synth_21893,5
synth_22024,5
synth_22734,5
synth_22768,5
synth_22972,5
synth_23033,5
synth_23256,5
synth_23312,5
synth_23595,5
synth_23787,5
synth_23999,5
synth_22077,5
synth_23320,5
synth_21343,5
synth_21438,5
synth_21650,5
synth_21796,5
synth_21929,5
synth_22313,5
synth_23863,5
synth_24070,5
synth_24085,5
synth_24238,5
synth_22063,5
synth_23608,5
synth_23913,5
synth_24031,5
synth_21314,5
synth_21449,5
synth_21670,5
synth_21748,5
synth_21811,5
synth_21813,5
synth_22154,5
synth_22204,5
synth_22828,5
synth_23117,5
synth_23177,5
synth_22076,5
synth_22436,5
synth_22864,5
synth_23741,5
synth_23907,5
synth_24023,5
synth_24054,5
synth_24183,5
synth_21241,5
synth_21545,5
synth_21743,5
synth_21855,5
synth_21974,5
synth_22106,5
synth_22158,5
synth_22285,5
synth_22559,5
synth_23119,5
synth_23218,5
synth_23488,5
synth_23523,5
synth_23826,5
synth_23836,5
synth_23862,5
synth_23946,5
synth_24058,5
synth_23306,5
synth_23402,5
synth_24163,5
synth_21403,5
synth_21437,5
synth_21513,5
synth_21635,5
synth_22023,5
synth_22370,5
synth_22520,5
synth_22578,5
synth_22804,5
synth_23715,5
synth_21495,5
synth_22636,5
synth_23220,5
synth_24090,5
synth_21593,5
synth_21980,5
synth_22103,5
synth_22156,5
synth_22199,5
synth_22216,5
synth_22882,5
synth_23158,5
synth_23302,5
synth_23852,5
synth_23866,5
synth_24004,5
synth_21296,5
synth_23356,5
synth_23980,5
synth_24140,5
synth_21381,5
synth_21402,5
synth_21687,5
synth_21842,5
synth_22440,5
synth_22568,5
synth_22976,5
synth_23176,5
synth_23188,5
synth_24188,5
synth_21363,5
synth_22582,5
synth_22637,5
synth_21254,5
synth_21335,5
synth_21412,5
synth_22046,5
synth_22165,5
synth_22242,5
synth_22391,5
synth_22491,5
synth_22821,5
synth_22906,5
synth_23140,5
synth_23215,5
synth_23472,5
synth_23535,5
synth_23998,5
synth_21599,5
synth_22384,5
synth_22753,5
synth_22886,5
synth_23041,5
synth_23062,5
synth_23164,5
synth_23464,5
synth_22065,5
synth_22627,5
synth_23211,5
synth_23347,5
synth_23377,5
synth_21525,5
synth_21911,5
synth_21985,5
synth_22832,5
synth_23637,5
synth_23691,5
synth_23775,5
synth_24206,5
synth_22638,5
synth_23604,5
synth_24182,5
synth_21443,5
synth_21654,5
synth_21803,5
synth_22515,5
synth_22751,5
synth_22774,5
synth_23634,5
synth_24139,5
synth_22085,5
synth_22652,5
synth_23330,5
synth_23731,5
synth_23742,5
synth_23917,5
synth_24120,5
synth_22134,5
synth_22511,5
synth_22697,5
synth_23273,5
synth_23471,5
synth_23479,5
synth_23898,5
synth_22099,5
synth_22434,5
synth_22605,5
synth_23552,5
synth_23740,5
synth_23901,5
synth_21565,5
synth_21662,5
synth_21668,5
synth_21793,5
synth_21829,5
synth_21940,5
synth_22060,5
synth_22157,5
synth_22594,5
synth_22938,5
synth_23055,5
synth_23180,5
synth_23299,5
synth_23655,5
synth_23702,5
synth_23782,5
synth_23796,5
synth_23893,5
synth_24067,5
synth_24219,5
synth_23507,5
synth_24142,5
synth_21286,5
synth_21287,5
synth_21404,5
synth_21575,5
synth_21767,5
synth_22276,5
synth_22521,5
synth_22880,5
synth_23073,5
synth_23147,5
synth_24087,5
synth_22057,5
synth_23331,5
synth_23358,5
synth_23915,5
synth_21448,5
synth_21759,5
synth_21845,5
synth_22090,5
synth_22368,5
synth_22405,5
synth_22897,5
synth_22932,5
synth_23599,5
synth_23663,5
synth_23761,5
synth_24011,5
synth_22310,5
synth_22909,5
synth_23207,5
synth_21270,5
synth_21306,5
synth_21328,5
synth_21417,5
synth_21718,5
synth_21875,5
synth_21998,5
synth_22040,5
synth_22176,5
synth_22661,5
synth_22732,5
synth_23031,5
synth_23079,5
synth_23260,5
synth_23653,5
synth_23874,5
synth_24169,5
synth_22236,5
synth_21406,5
synth_21462,5
synth_21509,5
synth_21838,5
synth_22075,5
synth_22531,5
synth_22663,5
synth_22874,5
synth_23111,5
synth_23825,5
synth_24215,5
synth_21582,5
synth_22478,5
synth_22620,5
synth_22634,5
synth_24221,5
synth_21460,5
synth_21493,5
synth_22061,5
synth_22125,5
synth_22378,5
synth_22669,5
synth_22728,5
synth_22806,5
synth_23049,5
synth_23070,5
synth_23441,5
synth_21291,5
synth_22086,5
synth_22421,5
synth_22691,5
synth_23550,5
synth_23610,5
synth_21446,5
synth_21561,5
synth_21835,5
synth_21981,5
synth_21987,5
synth_22397,5
synth_22801,5
synth_22823,5
synth_22893,5
synth_23277,5
synth_24008,5
synth_22467,5
synth_23309,5
synth_23327,5
synth_24133,5
synth_21269,5
synth_21396,5
synth_21522,5
synth_21777,5
synth_21848,5
synth_22484,5
synth_22685,5
synth_22925,5
synth_23298,5
synth_23414,5
synth_23499,5
synth_23589,5
synth_23643,5
synth_22799,5
synth_22879,5
synth_23227,5
synth_24236,5
synth_24242,5
synth_21262,5
synth_21744,5
synth_22196,5
synth_22503,5
synth_22589,5
synth_22992,5
synth_23238,5
synth_23454,5
synth_23943,5
synth_23955,5
synth_23988,5
synth_22447,5
synth_23504,5
synth_21481,5
synth_21512,5
synth_21625,5
synth_21721,5
synth_21947,5
synth_22272,5
synth_22286,5
synth_22408,5
synth_22508,5
synth_22736,5
synth_23242,5
synth_23418,5
synth_23521,5
synth_23766,5
synth_24155,5
synth_22083,5
synth_22247,5
synth_24160,5
synth_21277,5
synth_21491,5
synth_21656,5
synth_21714,5
synth_22003,5
synth_22550,5
synth_22841,5
synth_22901,5
synth_23050,5
synth_23520,5
synth_23531,5
synth_23704,5
synth_23978,5
synth_24114,5
synth_22254,5
synth_23816,5
synth_21331,5
synth_22055,5
synth_22142,5
synth_22180,5
synth_22576,5
synth_22853,5
synth_23092,5
synth_23109,5
synth_23391,5
synth_23522,5
synth_23664,5
synth_23682,5
synth_23945,5
synth_23947,5
synth_24083,5
synth_22129,5
synth_21337,5
synth_21380,5
synth_21419,5
synth_21470,5
synth_21843,5
synth_21990,5
synth_22035,5
synth_22914,5
synth_22960,5
synth_23038,5
synth_23532,5
synth_24012,5
synth_23405,5
synth_21382,5
synth_21517,5
synth_21622,5
synth_22297,5
synth_22453,5
synth_22460,5
synth_22985,5
synth_23590,5
synth_23780,5
synth_23854,5
synth_23876,5
synth_22845,5
synth_23350,5
synth_23814,5
synth_24041,5
synth_24092,5
synth_21603,5
synth_21745,5
synth_21951,5
synth_22007,5
synth_22315,5
synth_22403,5
synth_22558,5
synth_23143,5
synth_23159,5
synth_23453,5
synth_23474,5
synth_23700,5
synth_23703,5
synth_23745,5
synth_23798,5
synth_24100,5
synth_22415,5
synth_22692,5
synth_21454,5
synth_21833,5
synth_21979,5
synth_22073,5
synth_22191,5
synth_22202,5
synth_23093,5
synth_23123,5
synth_23125,5
synth_23181,5
synth_23781,5
synth_23509,5
synth_21233,5
synth_21405,5
synth_21695,5
synth_21712,5
synth_21963,5
synth_22193,5
synth_22386,5
synth_22900,5
synth_23085,5
synth_23245,5
synth_23287,5
synth_23416,5
synth_23585,5
synth_23698,5
synth_23751,5
synth_23989,5
synth_22457,5
synth_23408,5
synth_23970,5
synth_21844,5
synth_22105,5
synth_22366,5
synth_22997,5
synth_23170,5
synth_23173,5
synth_23258,5
synth_23491,5
synth_23533,5
synth_23656,5
synth_23867,5
synth_23883,5
synth_24214,5
synth_23711,5
synth_21631,5
synth_22005,5
synth_22139,5
synth_22330,5
synth_22961,5
synth_23099,5
synth_23281,5
synth_23823,5
synth_24062,5
synth_21701,5
synth_21761,5
synth_21865,5
synth_21907,5
synth_21926,5
synth_21931,5
synth_22028,5
synth_22173,5
synth_22829,5
synth_22995,5
synth_23195,5
synth_23675,5
synth_22089,5
synth_22108,5
synth_22328,5
synth_22838,5
synth_24091,5
synth_21289,5
synth_21477,5
synth_21711,5
synth_21886,5
synth_22017,5
synth_22364,5
synth_22913,5
synth_22944,5
synth_23594,5
synth_23617,5
synth_24211,5
synth_21365,5
synth_21391,5
synth_22019,5
synth_21232,5
synth_21503,5
synth_21746,5
synth_21824,5
synth_21862,5
synth_21909,5
synth_22205,5
synth_22740,5
synth_23037,5
synth_23153,5
synth_23514,5
synth_23708,5
synth_23861,5
synth_23949,5
synth_24111,5
synth_22629,5
synth_23601,5
synth_21236,5
synth_21243,5
synth_21385,5
synth_21435,5
synth_21510,5
synth_21912,5
synth_22275,5
synth_22389,5
synth_22739,5
synth_22924,5
synth_23067,5
synth_23090,5
synth_23285,5
synth_23446,5
synth_23484,5
synth_23995,5
synth_22109,5
synth_23378,5
synth_23818,5
synth_24022,5
synth_24141,5
synth_21275,5
synth_21975,5
synth_22021,5
synth_22231,5
synth_22335,5
synth_22342,5
synth_22526,5
synth_22741,5
synth_23128,5
synth_23138,5
synth_23264,5
synth_24189,5
synth_22234,5
synth_23332,5
synth_23808,5
synth_21604,5
synth_21611,5
synth_21992,5
synth_22343,5
synth_22480,5
synth_22557,5
synth_22724,5
synth_23075,5
synth_23081,5
synth_24047,5
synth_24168,5
synth_22433,5
synth_22449,5
synth_23371,5
synth_24165,5
synth_21812,5
synth_21852,5
synth_21956,5
synth_22194,5
synth_22377,5
synth_22836,5
synth_23192,5
synth_23398,5
synth_23461,5
synth_23652,5
synth_23713,5
synth_21244,5
synth_21468,5
synth_21630,5
synth_21892,5
synth_21895,5
synth_22451,5
synth_22538,5
synth_22679,5
synth_22920,5
synth_22980,5
synth_23178,5
synth_23433,5
synth_23577,5
synth_23839,5
synth_24097,5
synth_24166,5
synth_24171,5
synth_21256,5
synth_21322,5
synth_21349,5
synth_21453,5
synth_21609,5
synth_21780,5
synth_22273,5
synth_22334,5
synth_22400,5
synth_22748,5
synth_23083,5
synth_23480,5
synth_22420,5
synth_22607,5
synth_21278,5
synth_21562,5
synth_22056,5
synth_22184,5
synth_22452,5
synth_22926,5
synth_23094,5
synth_23837,5
synth_24249,5
synth_23308,5
synth_23407,5
synth_21264,5
synth_21594,5
synth_21602,5
synth_21716,5
synth_21762,5
synth_21817,5
synth_21903,5
synth_21996,5
synth_22169,5
synth_22514,5
synth_22588,5
synth_22744,5
synth_22943,5
synth_23095,5
synth_23102,5
synth_23386,5
synth_23627,5
synth_23651,5
synth_24201,5
synth_22488,5
synth_22653,5
synth_23630,5
synth_24192,5
synth_21228,5
synth_21266,5
synth_21372,5
synth_21421,5
synth_21923,5
synth_21934,5
synth_21957,5
synth_22244,5
synth_22292,5
synth_22493,5
synth_22523,5
synth_22952,5
synth_23127,5
synth_23476,5
synth_23544,5
synth_23840,5
synth_21499,5
synth_22246,5
synth_22349,5
synth_23503,5
synth_23551,5
synth_23800,5
synth_21410,5
synth_21440,5
synth_21469,5
synth_21482,5
synth_21524,5
synth_21774,5
synth_21850,5
synth_21978,5
synth_22042,5
synth_22140,5
synth_22147,5
synth_22645,5
synth_22870,5
synth_22884,5
synth_22979,5
synth_23214,5
synth_23856,5
synth_23996,5
synth_24049,5
synth_23341,5
synth_24231,5
synth_21465,5
synth_21558,5
synth_21666,5
synth_21772,5
synth_21969,5
synth_22044,5
synth_22530,5
synth_22792,5
synth_22816,5
synth_22820,5
synth_22974,5
synth_23303,5
synth_23492,5
synth_23502,5
synth_23764,5
synth_21290,5
synth_23918,5
synth_24025,5
synth_21455,5
synth_21610,5
synth_21945,5
synth_22298,5
synth_23187,5
synth_23284,5
synth_24106,5
synth_24226,5
synth_21690,5
synth_22639,5
synth_22647,5
synth_22844,5
synth_23571,5
synth_23721,5
synth_21376,5
synth_21738,5
synth_22011,5
synth_22170,5
synth_22395,5
synth_22662,5
synth_22762,5
synth_22826,5
synth_23082,5
synth_23419,5
synth_23436,5
synth_23598,5
synth_23987,5
synth_22425,5
synth_23727,5
synth_21246,5
synth_21319,5
synth_21375,5
synth_21450,5
synth_21464,5
synth_21489,5
synth_21554,5
synth_21595,5
synth_21685,5
synth_22015,5
synth_22153,5
synth_22214,5
synth_22339,5
synth_22411,5
synth_22947,5
synth_23150,5
synth_23450,5
synth_23490,5
synth_23890,5
synth_24057,5
synth_24216,5
synth_22078,5
synth_22426,5
synth_22693,5
synth_22846,5
synth_23342,5
synth_23360,5
synth_23367,5
synth_21387,5
synth_21600,5
synth_22303,5
synth_22340,5
synth_22783,5
synth_22790,5
synth_22810,5
synth_23588,5
synth_23778,5
synth_21298,5
synth_22423,5
synth_23609,5
synth_23921,5
synth_21667,5
synth_21837,5
synth_21898,5
synth_22218,5
synth_22680,5
synth_22726,5
synth_22835,5
synth_22933,5
synth_22991,5
synth_23765,5
synth_23944,5
synth_24007,5
synth_21605,5
synth_22546,5
synth_22756,5
synth_22812,5
synth_22822,5
synth_23010,5
synth_23142,5
synth_23275,5
synth_23870,5
synth_21580,5
synth_22107,5
synth_23403,5
synth_23427,5
synth_23631,5
synth_21330,5
synth_21490,5
synth_22537,5
synth_22808,5
synth_23773,5
synth_24218,5
synth_22306,5
synth_23201,5
synth_23424,5
synth_21962,5
synth_22074,5
synth_23141,5
synth_23267,5
synth_23390,5
synth_23592,5
synth_23640,5
synth_23716,5
synth_22098,5
synth_22847,5
synth_23813,5
synth_23981,5
synth_24032,5
synth_21261,5
synth_21518,5
synth_22288,5
synth_22534,5
synth_22699,5
synth_22750,5
synth_23161,5
synth_23279,5
synth_23628,5
synth_23789,5
synth_21283,5
synth_22858,5
synth_24061,5
synth_21515,5
synth_21681,5
synth_21708,5
synth_21999,5
synth_22000,5
synth_22013,5
synth_22048,5
synth_22054,5
synth_22148,5
synth_22547,5
synth_22684,5
synth_22986,5
synth_23191,5
synth_23697,5
synth_23871,5
synth_23878,5
synth_23934,5
synth_24102,5
synth_21383,5
synth_21479,5
synth_21543,5
synth_21550,5
synth_22240,5
synth_22265,5
synth_22937,5
synth_23074,5
synth_23116,5
synth_23311,5
synth_23547,5
synth_23668,5
synth_23887,5
synth_24038,5
synth_22598,5
synth_23373,5
synth_21632,5
synth_21637,5
synth_21741,5
synth_21798,5
synth_21858,5
synth_22112,5
synth_22711,5
synth_22984,5
synth_23658,5
synth_23210,5
synth_23333,5
synth_24130,5
synth_21533,5
synth_21905,5
synth_22159,5
synth_22189,5
synth_22190,5
synth_22569,5
synth_22573,5
synth_22596,5
synth_22930,5
synth_23025,5
synth_23950,5
synth_21282,5
synth_22601,5
synth_22927,5
synth_23364,5
synth_23526,5
synth_23611,5
synth_21542,5
synth_21644,5
synth_21648,5
synth_22070,5
synth_22304,5
synth_22583,5
synth_22733,5
synth_22759,5
synth_24084,5
synth_22232,5
synth_22419,5
synth_23337,5
synth_23410,5
synth_21225,5
synth_21245,5
synth_21420,5
synth_21583,5
synth_21686,5
synth_21809,5
synth_21853,5
synth_21924,5
synth_21994,5
synth_22033,5
synth_22081,5
synth_22854,5
synth_23579,5
synth_23686,5
synth_23790,5
synth_24147,5
synth_22672,5
synth_23315,5
synth_23349,5
synth_23420,5
synth_23916,5
synth_21451,5
synth_22151,5
synth_22898,5
synth_22994,5
synth_23052,5
synth_23053,5
synth_23252,5
synth_23458,5
synth_23534,5
synth_23584,5
synth_23642,5
synth_23680,5
synth_23688,5
synth_23736,5
synth_23859,5
synth_23620,5
synth_23732,5
synth_24095,5
synth_21329,5
synth_21564,5
synth_21570,5
synth_21638,5
synth_21675,5
synth_21702,5
synth_21877,5
synth_21986,5
synth_22461,5
synth_22755,5
synth_23008,5
synth_23087,5
synth_23105,5
synth_23596,5
synth_23832,5
synth_23846,5
synth_22929,5
synth_23322,5
synth_23361,5
synth_23562,5
synth_23810,5
synth_21326,5
synth_22136,5
synth_22542,5
synth_22773,5
synth_22789,5
synth_23486,5
synth_24179,5
synth_21494,5
synth_22432,5
synth_23570,5
synth_23613,5
synth_23712,5
synth_23817,5
synth_21538,5
synth_22126,5
synth_22562,5
synth_22715,5
synth_22824,5
synth_22887,5
synth_22968,5
synth_23056,5
synth_23510,5
synth_23835,5
synth_23940,5
synth_23958,5
synth_24000,5
synth_24210,5
synth_23743,5
synth_23924,5
synth_21265,5
synth_21273,5
synth_21276,5
synth_21504,5
synth_21739,5
synth_21789,5
synth_21849,5
synth_22207,5
synth_22560,5
synth_23027,5
synth_23497,5
synth_23421,5
synth_24124,5
synth_24126,5
synth_24190,5
synth_21429,5
synth_21514,5
synth_21552,5
synth_21870,5
synth_21938,5
synth_22093,5
synth_22354,5
synth_22473,5
synth_22586,5
synth_22747,5
synth_22809,5
synth_22969,5
synth_23078,5
synth_23286,5
synth_23300,5
synth_24199,5
synth_22348,5
synth_23929,5
synth_21537,5
synth_21653,5
synth_21908,5
synth_22146,5
synth_22659,5
synth_22871,5
synth_22957,5
synth_23243,5
synth_23593,5
synth_23725,5
synth_23785,5
synth_22610,5
synth_23506,5
synth_23540,5
synth_23614,5
synth_24053,5
synth_21389,5
synth_21409,5
synth_21984,5
synth_22145,5
synth_22450,5
synth_22872,5
synth_22904,5
synth_22949,5
synth_23086,5
synth_23228,5
synth_23417,5
synth_23481,5
synth_23884,5
synth_24036,5
synth_23316,5
synth_23369,5
synth_21541,5
synth_21731,5
synth_21805,5
synth_21808,5
synth_21885,5
synth_22167,5
synth_22543,5
synth_22818,5
synth_23068,5
synth_23231,5
synth_23706,5
synth_23824,5
synth_22438,5
synth_23553,5
synth_23912,5
synth_23983,5
synth_24224,5
synth_22264,5
synth_22299,5
synth_22517,5
synth_22552,5
synth_22778,5
synth_22831,5
synth_22910,5
synth_23196,5
synth_23233,5
synth_23253,5
synth_23467,5
synth_23629,5
synth_23768,5
synth_23979,5
synth_23985,5
synth_22064,5
synth_21677,5
synth_21736,5
synth_21783,5
synth_21916,5
synth_22394,5
synth_22688,5
synth_22889,5
synth_23054,5
synth_23707,5
synth_23843,5
synth_24069,5
synth_24247,5
synth_22615,5
synth_21540,5
synth_21766,5
synth_21859,5
synth_22513,5
synth_22536,5
synth_23064,5
synth_23084,5
synth_23167,5
synth_23193,5
synth_24082,5
synth_24119,5
synth_22614,5
synth_24066,5
synth_21475,5
synth_21579,5
synth_21787,5
synth_21954,5
synth_22284,5
synth_22640,5
synth_22654,5
synth_23487,5
synth_22326,5
synth_22418,5
synth_23203,5
synth_23600,5
synth_21249,5
synth_21930,5
synth_22333,5
synth_22942,5
synth_23148,5
synth_24196,5
synth_22616,5
synth_23209,5
synth_23729,5
synth_21251,5
synth_21304,5
synth_21413,5
synth_21422,5
synth_21473,5
synth_21751,5
synth_21758,5
synth_21826,5
synth_22225,5
synth_22226,5
synth_22512,5
synth_22527,5
synth_22641,5
synth_22681,5
synth_23250,5
synth_23493,5
synth_23549,5
synth_23557,5
synth_23626,5
synth_23770,5
synth_23791,5
synth_24027,5
synth_24228,5
synth_21366,5
synth_22069,5
synth_22084,5
synth_21584,5
synth_21585,5
synth_21737,5
synth_22345,5
synth_23942,5
synth_24198,5
synth_22424,5
synth_23314,5
synth_23372,5
synth_21260,5
synth_21814,5
synth_21915,5
synth_22470,5
synth_22802,5
synth_23290,5
synth_23380,5
synth_22082,5
synth_22322,5
synth_24034,5
synth_21373,5
synth_21488,5
synth_21725,5
synth_21781,5
synth_21819,5
synth_21973,5
synth_22209,5
synth_22294,5
synth_22800,5
synth_22811,5
synth_22983,5
synth_23280,5
synth_23512,5
synth_23673,5
synth_23793,5
synth_23954,5
synth_24013,5
synth_22062,5
synth_21231,5
synth_21386,5
synth_22135,5
synth_22187,5
synth_22206,5
synth_22344,5
synth_22665,5
synth_22738,5
synth_22743,5
synth_22883,5
synth_23001,5
synth_23149,5
synth_23295,5
synth_23482,5
synth_23665,5
synth_23842,5
synth_23975,5
synth_24029,5
synth_24204,5
synth_24248,5
synth_22259,5
synth_22843,5
synth_21416,5
synth_22111,5
synth_22217,5
synth_23129,5
synth_23154,5
synth_23283,5
synth_23455,5
synth_23795,5
synth_24115,5
synth_21351,5
synth_21592,5
synth_22253,5
synth_23351,5
synth_23542,5
synth_24235,5
synth_21539,5
synth_22529,5
synth_22717,5
synth_22782,5
synth_22903,5
synth_22916,5
synth_23014,5
synth_23077,5
synth_23270,5
synth_23293,5
synth_23496,5
synth_23952,5
synth_24078,5
synth_22437,5
synth_22580,5
synth_23363,5
synth_23426,5
synth_21369,5
synth_21587,5
synth_21704,5
synth_21821,5
synth_21884,5
synth_22043,5
synth_22120,5
synth_23266,5
synth_23746,5
synth_23822,5
synth_24149,5
synth_22067,5
synth_22128,5
synth_23325,5
synth_21628,5
synth_21752,5
synth_21866,5
synth_21913,5
synth_22383,5
synth_22441,5
synth_23032,5
synth_23156,5
synth_23166,5
synth_23735,5
synth_22309,5
synth_22448,5
synth_23221,5
synth_23624,5
synth_21344,5
synth_21480,5
synth_21660,5
synth_21920,5
synth_21952,5
synth_22274,5
synth_22505,5
synth_22630,5
synth_22956,5
synth_23249,5
synth_23976,5
synth_24074,5
synth_23222,5
synth_23541,5
synth_23543,5
synth_23563,5
synth_23902,5
synth_24021,5
synth_24043,5
synth_24132,5
synth_21506,5
synth_21949,5
synth_22316,5
synth_22794,5
synth_22852,5
synth_23889,5
synth_24037,5
synth_21392,5
synth_23357,5
synth_23723,5
synth_21786,5
synth_21820,5
synth_22179,5
synth_22830,5
synth_23000,5
synth_23160,5
synth_23580,5
synth_23935,5
synth_24019,5
synth_24127,5
synth_21497,5
synth_22625,5
synth_22908,5
synth_23404,5
synth_23411,5
synth_23413,5
synth_23973,5
synth_24050,5
synth_21806,5
synth_22130,5
synth_22262,5
synth_22660,5
synth_22988,5
synth_22993,5
synth_24212,5
synth_22237,5
synth_22877,5
synth_23202,5
synth_23622,5
synth_21629,5
synth_21785,5
synth_21790,5
synth_21830,5
synth_22004,5
synth_22261,5
synth_23262,5
synth_23294,5
synth_23919,5
synth_21590,5
synth_21692,5
synth_23324,5
synth_21317,5
synth_21388,5
synth_21439,5
synth_21535,5
synth_21697,5
synth_21836,5
synth_21993,5
synth_22813,5
synth_23440,5
synth_23646,5
synth_23974,5
synth_24096,5
synth_21230,5
synth_21612,5
synth_21894,5
synth_22208,5
synth_22324,5
synth_22564,5
synth_22749,5
synth_22881,5
synth_22940,5
synth_23392,5
synth_23726,5
synth_23931,5
synth_22289,5
synth_22487,5
synth_22862,5
synth_24152,5
synth_21313,5
synth_21332,5
synth_21427,5
synth_21551,5
synth_21832,5
synth_21871,5
synth_21904,5
synth_21997,5
synth_22481,5
synth_22710,5
synth_22766,5
synth_22911,5
synth_23036,5
synth_22427,5
synth_22475,5
synth_23354,5
synth_21703,5
synth_21807,5
synth_21959,5
synth_22375,5
synth_22535,5
synth_22702,5
synth_22760,5
synth_22875,5
synth_23155,5
synth_23666,5
synth_23693,5
synth_23891,5
synth_21295,5
synth_23982,5
synth_24143,5
synth_24181,5
synth_21239,5
synth_21345,5
synth_21749,5
synth_21869,5
synth_21889,5
synth_22251,5
synth_22725,5
synth_23015,5
synth_23047,5
synth_23059,5
synth_23292,5
synth_23537,5
synth_23564,5
synth_22439,5
synth_22865,5
synth_24540,4
synth_24717,4
synth_24719,4
synth_24843,4
synth_24895,4
synth_25121,4
synth_25221,4
synth_25643,4
synth_25730,4
synth_25965,4
synth_26007,4
synth_26618,4
synth_27033,4
synth_27109,4
synth_27274,4
synth_27655,4
synth_27722,4
synth_27747,4
synth_27843,4
synth_28299,4
synth_28388,4
synth_25259,4
synth_24300,4
synth_24600,4
synth_24722,4
synth_24746,4
synth_24758,4
synth_24829,4
synth_25038,4
synth_25781,4
synth_26191,4
synth_26327,4
synth_26352,4
synth_26900,4
synth_26943,4
synth_26960,4
synth_27038,4
synth_27355,4
synth_27433,4
synth_27477,4
synth_27525,4
synth_27700,4
synth_28072,4
synth_28123,4
synth_28125,4
synth_28177,4
synth_28410,4
synth_28455,4
synth_28493,4
synth_24469,4
synth_24603,4
synth_24803,4
synth_24816,4
synth_25215,4
synth_25502,4
synth_25641,4
synth_25912,4
synth_26045,4
synth_26385,4
synth_26411,4
synth_26429,4
synth_26623,4
synth_27107,4
synth_27604,4
synth_28196,4
synth_28490,4
synth_28644,4
synth_25087,4
synth_25429,4
synth_26033,4
synth_24547,4
synth_24823,4
synth_24848,4
synth_25475,4
synth_25787,4
synth_26645,4
synth_26676,4
synth_26697,4
synth_26786,4
synth_27124,4
synth_27280,4
synth_27381,4
synth_27780,4
synth_27976,4
synth_28176,4
synth_28261,4
synth_28283,4
synth_28592,4
synth_28630,4
synth_25776,4
synth_24349,4
synth_24529,4
synth_24691,4
synth_24893,4
synth_25143,4
synth_25621,4
synth_25647,4
synth_25824,4
synth_26671,4
synth_26764,4
synth_26814,4
synth_27384,4
synth_27578,4
synth_27912,4
synth_28003,4
synth_28321,4
synth_24326,4
synth_25016,4
synth_25597,4
synth_28379,4
synth_28406,4
synth_24301,4
synth_24478,4
synth_24615,4
synth_24749,4
synth_24808,4
synth_26064,4
synth_26228,4
synth_26774,4
synth_26857,4
synth_27198,4
synth_27801,4
synth_27920,4
synth_28165,4
synth_25390,4
synth_25579,4
synth_28302,4
synth_24278,4
synth_24606,4
synth_25024,4
synth_25025,4
synth_25290,4
synth_25571,4
synth_25696,4
synth_25784,4
synth_25868,4
synth_25937,4
synth_26128,4
synth_26329,4
synth_26402,4
synth_27007,4
synth_27023,4
synth_27613,4
synth_27676,4
synth_28222,4
synth_28332,4
synth_28463,4
synth_24283,4
synth_24462,4
synth_24463,4
synth_24471,4
synth_28357,4
synth_24439,4
synth_24514,4
synth_25346,4
synth_25613,4
synth_25639,4
synth_25964,4
synth_25981,4
synth_26328,4
synth_26416,4
synth_26575,4
synth_27157,4
synth_27303,4
synth_27436,4
synth_27663,4
synth_28440,4
synth_28594,4
synth_24323,4
synth_24675,4
synth_25119,4
synth_24635,4
synth_24699,4
synth_24861,4
synth_25301,4
synth_25355,4
synth_25363,4
synth_25364,4
synth_25385,4
synth_25692,4
synth_25882,4
synth_25971,4
synth_26387,4
synth_26499,4
synth_26679,4
synth_26838,4
synth_26895,4
synth_27245,4
synth_27664,4
synth_27726,4
synth_27890,4
synth_28031,4
synth_28153,4
synth_28507,4
synth_28619,4
synth_24309,4
synth_25337,4
synth_25396,4
synth_25419,4
synth_27517,4
synth_24864,4
synth_25022,4
synth_25543,4
synth_25547,4
synth_25843,4
synth_25851,4
synth_25997,4
synth_27028,4
synth_27367,4
synth_27369,4
synth_27416,4
synth_27537,4
synth_27711,4
synth_27810,4
synth_28244,4
synth_28248,4
synth_25326,4
synth_26018,4
synth_26034,4
synth_24368,4
synth_24721,4
synth_25163,4
synth_25617,4
synth_26181,4
synth_26321,4
synth_26408,4
synth_26426,4
synth_27093,4
synth_27097,4
synth_27301,4
synth_27440,4
synth_27524,4
synth_27559,4
synth_27634,4
synth_28340,4
synth_28464,4
synth_28502,4
synth_24307,4
synth_25395,4
synth_25415,4
synth_25758,4
synth_28127,4
synth_28558,4
synth_24500,4
synth_24858,4
synth_25345,4
synth_25959,4
synth_26070,4
synth_26345,4
synth_26468,4
synth_26637,4
synth_26779,4
synth_26828,4
synth_27080,4
synth_27243,4
synth_27298,4
synth_27397,4
synth_27426,4
synth_27490,4
synth_27811,4
synth_27971,4
synth_28033,4
synth_28416,4
synth_28521,4
synth_28578,4
synth_24344,4
synth_28614,4
synth_24866,4
synth_24874,4
synth_24908,4
synth_24974,4
synth_24998,4
synth_25657,4
synth_26156,4
synth_26212,4
synth_26388,4
synth_26435,4
synth_26502,4
synth_26512,4
synth_26738,4
synth_27008,4
synth_27076,4
synth_27323,4
synth_27403,4
synth_27919,4
synth_27958,4
synth_24486,4
synth_25117,4
synth_25309,4
synth_25577,4
synth_24697,4
synth_25164,4
synth_25295,4
synth_25401,4
synth_25456,4
synth_25466,4
synth_25496,4
synth_25688,4
synth_25771,4
synth_25854,4
synth_26004,4
synth_26535,4
synth_26668,4
synth_26710,4
synth_26737,4
synth_26804,4
synth_26812,4
synth_26939,4
synth_27330,4
synth_27405,4
synth_27795,4
synth_27911,4
synth_27922,4
synth_27981,4
synth_28082,4
synth_28298,4
synth_28341,4
synth_28386,4
synth_28442,4
synth_28573,4
synth_28649,4
synth_25491,4
synth_24533,4
synth_25432,4
synth_25504,4
synth_25680,4
synth_25830,4
synth_25863,4
synth_25960,4
synth_26099,4
synth_26198,4
synth_26644,4
synth_27383,4
synth_27782,4
synth_27996,4
synth_24446,4
synth_25257,4
synth_28355,4
synth_24348,4
synth_24432,4
synth_24458,4
synth_25068,4
synth_25559,4
synth_25701,4
synth_25763,4
synth_25870,4
synth_25974,4
synth_26130,4
synth_26370,4
synth_26740,4
synth_27540,4
synth_27672,4
synth_28075,4
synth_28274,4
synth_28672,4
synth_25717,4
synth_28329,4
synth_24256,4
synth_24477,4
synth_24614,4
synth_24850,4
synth_25918,4
synth_26006,4
synth_26420,4
synth_26467,4
synth_26887,4
synth_26947,4
synth_27044,4
synth_27185,4
synth_27492,4
synth_27501,4
synth_27836,4
synth_28307,4
synth_28486,4
synth_28647,4
synth_25210,4
synth_25247,4
synth_24552,4
synth_24741,4
synth_25092,4
synth_25213,4
synth_25242,4
synth_25412,4
synth_25534,4
synth_25655,4
synth_25772,4
synth_25785,4
synth_26596,4
synth_26796,4
synth_26846,4
synth_27193,4
synth_27329,4
synth_27999,4
synth_28655,4
synth_24361,4
synth_24509,4
synth_24539,4
synth_24973,4
synth_25200,4
synth_25212,4
synth_25623,4
synth_25630,4
synth_26114,4
synth_26167,4
synth_26376,4
synth_26510,4
synth_27017,4
synth_27021,4
synth_27156,4
synth_27217,4
synth_27222,4
synth_27250,4
synth_27268,4
synth_27322,4
synth_27371,4
synth_27402,4
synth_27485,4
synth_27494,4
synth_27705,4
synth_28096,4
synth_28511,4
synth_25599,4
synth_24757,4
synth_24862,4
synth_25020,4
synth_25642,4
synth_25650,4
synth_25660,4
synth_25691,4
synth_25793,4
synth_25942,4
synth_26009,4
synth_26043,4
synth_26166,4
synth_26202,4
synth_26210,4
synth_26278,4
synth_26646,4
synth_26992,4
synth_27010,4
synth_27013,4
synth_27019,4
synth_27062,4
synth_27098,4
synth_27216,4
synth_27239,4
synth_27300,4
synth_27632,4
synth_27741,4
synth_27799,4
synth_27879,4
synth_28215,4
synth_28645,4
synth_25317,4
synth_24667,4
synth_24683,4
synth_25495,4
synth_25607,4
synth_25916,4
synth_25921,4
synth_26058,4
synth_26338,4
synth_27125,4
synth_27349,4
synth_27606,4
synth_28291,4
synth_24314,4
synth_24452,4
synth_24485,4
synth_24490,4
synth_28589,4
synth_24289,4
synth_24438,4
synth_24554,4
synth_24931,4
synth_25002,4
synth_25011,4
synth_25733,4
synth_26443,4
synth_26581,4
synth_26681,4
synth_26861,4
synth_26964,4
synth_27063,4
synth_27214,4
synth_27794,4
synth_27880,4
synth_28138,4
synth_28178,4
synth_28206,4
synth_24331,4
synth_25325,4
synth_24288,4
synth_24732,4
synth_25225,4
synth_25486,4
synth_25886,4
synth_25996,4
synth_26155,4
synth_26171,4
synth_26493,4
synth_26536,4
synth_27060,4
synth_27404,4
synth_27594,4
synth_27806,4
synth_28017,4
synth_28020,4
synth_28239,4
synth_28671,4
synth_25079,4
synth_24338,4
synth_24437,4
synth_24502,4
synth_24767,4
synth_24965,4
synth_24996,4
synth_25260,4
synth_25331,4
synth_25369,4
synth_25615,4
synth_25786,4
synth_25832,4
synth_26040,4
synth_26177,4
synth_26315,4
synth_26617,4
synth_26821,4
synth_27642,4
synth_27858,4
synth_28074,4
synth_28083,4
synth_28146,4
synth_28548,4
synth_24353,4
synth_25417,4
synth_26016,4
synth_28131,4
synth_28448,4
synth_28509,4
synth_24287,4
synth_24853,4
synth_25084,4
synth_25353,4
synth_25512,4
synth_25738,4
synth_25750,4
synth_25838,4
synth_25839,4
synth_26022,4
synth_26062,4
synth_26111,4
synth_26190,4
synth_26308,4
synth_26629,4
synth_27481,4
synth_27622,4
synth_27927,4
synth_28042,4
synth_28353,4
synth_28449,4
synth_24395,4
synth_24413,4
synth_24804,4
synth_25361,4
synth_25498,4
synth_25555,4
synth_25747,4
synth_25985,4
synth_26142,4
synth_26312,4
synth_27262,4
synth_27270,4
synth_27399,4
synth_27657,4
synth_27876,4
synth_28333,4
synth_28562,4
synth_28673,4
synth_24282,4
synth_24678,4
synth_25715,4
synth_24303,4
synth_24551,4
synth_24562,4
synth_24774,4
synth_24885,4
synth_25576,4
synth_25673,4
synth_25714,4
synth_25848,4
synth_25880,4
synth_25925,4
synth_26069,4
synth_26216,4
synth_26254,4
synth_26418,4
synth_26642,4
synth_27022,4
synth_27218,4
synth_27505,4
synth_27647,4
synth_27686,4
synth_27745,4
synth_27797,4
synth_28580,4
synth_24460,4
synth_25492,4
synth_24610,4
synth_24693,4
synth_24845,4
synth_24939,4
synth_25625,4
synth_25770,4
synth_26366,4
synth_26394,4
synth_26604,4
synth_26616,4
synth_26682,4
synth_26798,4
synth_27106,4
synth_27130,4
synth_27288,4
synth_27526,4
synth_27546,4
synth_27825,4
synth_27844,4
synth_27889,4
synth_27892,4
synth_27930,4
synth_27940,4
synth_27982,4
synth_28461,4
synth_25191,4
synth_25193,4
synth_28549,4
synth_28611,4
synth_24414,4
synth_24681,4
synth_24731,4
synth_25235,4
synth_25573,4
synth_25977,4
synth_26081,4
synth_26478,4
synth_26663,4
synth_26976,4
synth_27154,4
synth_27659,4
synth_27868,4
synth_28014,4
synth_28168,4
synth_28229,4
synth_28293,4
synth_28363,4
synth_28483,4
synth_28576,4
synth_24679,4
synth_24329,4
synth_24416,4
synth_24617,4
synth_24711,4
synth_24715,4
synth_26358,4
synth_26399,4
synth_26498,4
synth_26543,4
synth_27176,4
synth_27448,4
synth_27459,4
synth_28024,4
synth_28421,4
synth_28465,4
synth_24571,4
synth_26027,4
synth_28446,4
synth_24498,4
synth_24755,4
synth_24967,4
synth_26056,4
synth_26154,4
synth_26997,4
synth_27030,4
synth_27219,4
synth_27644,4
synth_27695,4
synth_27732,4
synth_27788,4
synth_27882,4
synth_27965,4
synth_28021,4
synth_28069,4
synth_28459,4
synth_28487,4
synth_24376,4
synth_26028,4
synth_24297,4
synth_24501,4
synth_24597,4
synth_24659,4
synth_24662,4
synth_25132,4
synth_25462,4
synth_25670,4
synth_25720,4
synth_25860,4
synth_25949,4
synth_25995,4
synth_26010,4
synth_26067,4
synth_26725,4
synth_26759,4
synth_27117,4
synth_27123,4
synth_27143,4
synth_27421,4
synth_27591,4
synth_27608,4
synth_27662,4
synth_27862,4
synth_27963,4
synth_28065,4
synth_26017,4
synth_24912,4
synth_25056,4
synth_25133,4
synth_25251,4
synth_25365,4
synth_25618,4
synth_25823,4
synth_25915,4
synth_25962,4
synth_26077,4
synth_26600,4
synth_26700,4
synth_26711,4
synth_26732,4
synth_26773,4
synth_26845,4
synth_26905,4
synth_26953,4
synth_27316,4
synth_27755,4
synth_27884,4
synth_28170,4
synth_28203,4
synth_24443,4
synth_26186,4
synth_28304,4
synth_24588,4
synth_24940,4
synth_25262,4
synth_25811,4
synth_26131,4
synth_26365,4
synth_26461,4
synth_26530,4
synth_26893,4
synth_26941,4
synth_26990,4
synth_27042,4
synth_27690,4
synth_27781,4
synth_27839,4
synth_28067,4
synth_28350,4
synth_24271,4
synth_24385,4
synth_25086,4
synth_26049,4
synth_28349,4
synth_24518,4
synth_24532,4
synth_24576,4
synth_25765,4
synth_25847,4
synth_26291,4
synth_26504,4
synth_27191,4
synth_27753,4
synth_27853,4
synth_28328,4
synth_28418,4
synth_25716,4
synth_26029,4
synth_24403,4
synth_24616,4
synth_24747,4
synth_24791,4
synth_24914,4
synth_24972,4
synth_25043,4
synth_25451,4
synth_25464,4
synth_25523,4
synth_25658,4
synth_25752,4
synth_25927,4
synth_25930,4
synth_26087,4
synth_26101,4
synth_26217,4
synth_27538,4
synth_28389,4
synth_28606,4
synth_24459,4
synth_24651,4
synth_25201,4
synth_26218,4
synth_27005,4
synth_27118,4
synth_27161,4
synth_27637,4
synth_27656,4
synth_28035,4
synth_28326,4
synth_28381,4
synth_25048,4
synth_28109,4
synth_28132,4
synth_24259,4
synth_24408,4
synth_24801,4
synth_24961,4
synth_25027,4
synth_25238,4
synth_25287,4
synth_25360,4
synth_25651,4
synth_25901,4
synth_25906,4
synth_26146,4
synth_26316,4
synth_26342,4
synth_26808,4
synth_26975,4
synth_27114,4
synth_27164,4
synth_27251,4
synth_28049,4
synth_28053,4
synth_28402,4
synth_28423,4
synth_24709,4
synth_24896,4
synth_24950,4
synth_25386,4
synth_26005,4
synth_26060,4
synth_26094,4
synth_26184,4
synth_26203,4
synth_26722,4
synth_26791,4
synth_26859,4
synth_27595,4
synth_27683,4
synth_28322,4
synth_28435,4
synth_24346,4
synth_25089,4
synth_26032,4
synth_24277,4
synth_24479,4
synth_24607,4
synth_24626,4
synth_25687,4
synth_25736,4
synth_25794,4
synth_25958,4
synth_26630,4
synth_26966,4
synth_27248,4
synth_27307,4
synth_27507,4
synth_28016,4
synth_28077,4
synth_28157,4
synth_28191,4
synth_28288,4
synth_25316,4
synth_28516,4
synth_24585,4
synth_24889,4
synth_25162,4
synth_25294,4
synth_25343,4
synth_25468,4
synth_25565,4
synth_25796,4
synth_25943,4
synth_26149,4
synth_26407,4
synth_26464,4
synth_26709,4
synth_26769,4
synth_26831,4
synth_27102,4
synth_27235,4
synth_27429,4
synth_27870,4
synth_28262,4
synth_25209,4
synth_25789,4
synth_28519,4
synth_24673,4
synth_24811,4
synth_25311,4
synth_25320,4
synth_25421,4
synth_25453,4
synth_26133,4
synth_26180,4
synth_26290,4
synth_26293,4
synth_26359,4
synth_26555,4
synth_26570,4
synth_26614,4
synth_26733,4
synth_27046,4
synth_27134,4
synth_27557,4
synth_27573,4
synth_27582,4
synth_27710,4
synth_27758,4
synth_27939,4
synth_27972,4
synth_28103,4
synth_28243,4
synth_28525,4
synth_24322,4
synth_24350,4
synth_24476,4
synth_24574,4
synth_24664,4
synth_24877,4
synth_24958,4
synth_25128,4
synth_25278,4
synth_25321,4
synth_25538,4
synth_25560,4
synth_25586,4
synth_25835,4
synth_25944,4
synth_25989,4
synth_26369,4
synth_26891,4
synth_27071,4
synth_27552,4
synth_27572,4
synth_28005,4
synth_28150,4
synth_28216,4
synth_28316,4
synth_25039,4
synth_24642,4
synth_24835,4
synth_24842,4
synth_25341,4
synth_25636,4
synth_25820,4
synth_25983,4
synth_26042,4
synth_26173,4
synth_26277,4
synth_26465,4
synth_26930,4
synth_27092,4
synth_27260,4
synth_27937,4
synth_28260,4
synth_28373,4
synth_28631,4
synth_25305,4
synth_25319,4
synth_28377,4
synth_28534,4
synth_24633,4
synth_24883,4
synth_24917,4
synth_24936,4
synth_24959,4
synth_25878,4
synth_25922,4
synth_26092,4
synth_26204,4
synth_26272,4
synth_26566,4
synth_26979,4
synth_27598,4
synth_27696,4
synth_27869,4
synth_28028,4
synth_28214,4
synth_28380,4
synth_28656,4
synth_28661,4
synth_24445,4
synth_25138,4
synth_28615,4
synth_24707,4
synth_24790,4
synth_24846,4
synth_26259,4
synth_26294,4
synth_26598,4
synth_26800,4
synth_27095,4
synth_28064,4
synth_28390,4
synth_24404,4
synth_24504,4
synth_24969,4
synth_25682,4
synth_25801,4
synth_26384,4
synth_26410,4
synth_26691,4
synth_26899,4
synth_27257,4
synth_28007,4
synth_28027,4
synth_28039,4
synth_28071,4
synth_28139,4
synth_28582,4
synth_25099,4
synth_28569,4
synth_24296,4
synth_24672,4
synth_24702,4
synth_24943,4
synth_25489,4
synth_25664,4
synth_25740,4
synth_25902,4
synth_26486,4
synth_26915,4
synth_27012,4
synth_27408,4
synth_27438,4
synth_27793,4
synth_28044,4
synth_28048,4
synth_28051,4
synth_28099,4
synth_28472,4
synth_28663,4
synth_25045,4
synth_24619,4
synth_24764,4
synth_25499,4
synth_25913,4
synth_26127,4
synth_26281,4
synth_26375,4
synth_26419,4
synth_26591,4
synth_26606,4
synth_26655,4
synth_27210,4
synth_27319,4
synth_27599,4
synth_27616,4
synth_28149,4
synth_28512,4
synth_25779,4
synth_25071,4
synth_25134,4
synth_25151,4
synth_25619,4
synth_25711,4
synth_25861,4
synth_26079,4
synth_26270,4
synth_26496,4
synth_26743,4
synth_26777,4
synth_26799,4
synth_27236,4
synth_27596,4
synth_27914,4
synth_27926,4
synth_27932,4
synth_28015,4
synth_28050,4
synth_28319,4
synth_28482,4
synth_28646,4
synth_24495,4
synth_25006,4
synth_24531,4
synth_24543,4
synth_25228,4
synth_25477,4
synth_25537,4
synth_25553,4
synth_25821,4
synth_25896,4
synth_26336,4
synth_26481,4
synth_26517,4
synth_26986,4
synth_27255,4
synth_27261,4
synth_27468,4
synth_27579,4
synth_27646,4
synth_27666,4
synth_27883,4
synth_28098,4
synth_28474,4
synth_24363,4
synth_24913,4
synth_25172,4
synth_25180,4
synth_25728,4
synth_25742,4
synth_25862,4
synth_25934,4
synth_26451,4
synth_26627,4
synth_27177,4
synth_27601,4
synth_27669,4
synth_27670,4
synth_27888,4
synth_28052,4
synth_28277,4
synth_28361,4
synth_28577,4
synth_24276,4
synth_24496,4
synth_26014,4
synth_28666,4
synth_24255,4
synth_25222,4
synth_25764,4
synth_25888,4
synth_26125,4
synth_26169,4
synth_26346,4
synth_26373,4
synth_26428,4
synth_26491,4
synth_26495,4
synth_26532,4
synth_26699,4
synth_26776,4
synth_26803,4
synth_27354,4
synth_27584,4
synth_27629,4
synth_27739,4
synth_24492,4
synth_25139,4
synth_25123,4
synth_25276,4
synth_25300,4
synth_25322,4
synth_25606,4
synth_25905,4
synth_26296,4
synth_26626,4
synth_26829,4
synth_26849,4
synth_26954,4
synth_27018,4
synth_27432,4
synth_27597,4
synth_27621,4
synth_27631,4
synth_27816,4
synth_27903,4
synth_28675,4
synth_24371,4
synth_24454,4
synth_25135,4
synth_24927,4
synth_25003,4
synth_25012,4
synth_25455,4
synth_26684,4
synth_26729,4
synth_27133,4
synth_27291,4
synth_27372,4
synth_27503,4
synth_27907,4
synth_28278,4
synth_28522,4
synth_25435,4
synth_25445,4
synth_28378,4
synth_28598,4
synth_24771,4
synth_24938,4
synth_25285,4
synth_25410,4
synth_25430,4
synth_25433,4
synth_25903,4
synth_26304,4
synth_26587,4
synth_26592,4
synth_26638,4
synth_26863,4
synth_26921,4
synth_27165,4
synth_27339,4
synth_27382,4
synth_27640,4
synth_27987,4
synth_28201,4
synth_28247,4
synth_28444,4
synth_28497,4
synth_24318,4
synth_24409,4
synth_24447,4
synth_24545,4
synth_24962,4
synth_25629,4
synth_25841,4
synth_25926,4
synth_25950,4
synth_25987,4
synth_26050,4
synth_26405,4
synth_26412,4
synth_26639,4
synth_26820,4
synth_26955,4
synth_27201,4
synth_27361,4
synth_27566,4
synth_27569,4
synth_27694,4
synth_27709,4
synth_27767,4
synth_27834,4
synth_28080,4
synth_28323,4
synth_28342,4
synth_28407,4
synth_24578,4
synth_24723,4
synth_24851,4
synth_25075,4
synth_25461,4
synth_25662,4
synth_25767,4
synth_26076,4
synth_26078,4
synth_26197,4
synth_26501,4
synth_26775,4
synth_27015,4
synth_27457,4
synth_27623,4
synth_27724,4
synth_27865,4
synth_28010,4
synth_28266,4
synth_25338,4
synth_25436,4
synth_27519,4
synth_24401,4
synth_24536,4
synth_24566,4
synth_24915,4
synth_25349,4
synth_25387,4
synth_25693,4
synth_25697,4
synth_25890,4
synth_25947,4
synth_26332,4
synth_26423,4
synth_26471,4
synth_26492,4
synth_26746,4
synth_27147,4
synth_27174,4
synth_27636,4
synth_28415,4
synth_28420,4
synth_24590,4
synth_25516,4
synth_27258,4
synth_28556,4
synth_24714,4
synth_24776,4
synth_25229,4
synth_25348,4
synth_25488,4
synth_25982,4
synth_26193,4
synth_26513,4
synth_26882,4
synth_26961,4
synth_27160,4
synth_27335,4
synth_27530,4
synth_27809,4
synth_27875,4
synth_28085,4
synth_28179,4
synth_28527,4
synth_24494,4
synth_25118,4
synth_27205,4
synth_28610,4
synth_25790,4
synth_25884,4
synth_25889,4
synth_25945,4
synth_25998,4
synth_26266,4
synth_26728,4
synth_27006,4
synth_27086,4
synth_27141,4
synth_27443,4
synth_27624,4
synth_27627,4
synth_27902,4
synth_28173,4
synth_28252,4
synth_28327,4
synth_28441,4
synth_28561,4
synth_28624,4
synth_24465,4
synth_24680,4
synth_25362,4
synth_25732,4
synth_25783,4
synth_25814,4
synth_25992,4
synth_26136,4
synth_26139,4
synth_26434,4
synth_26438,4
synth_26523,4
synth_26613,4
synth_26651,4
synth_26661,4
synth_26706,4
synth_26835,4
synth_26965,4
synth_27075,4
synth_27085,4
synth_27187,4
synth_27452,4
synth_27728,4
synth_28059,4
synth_28122,4
synth_28600,4
synth_28660,4
synth_26036,4
synth_26189,4
synth_24530,4
synth_24685,4
synth_24689,4
synth_24815,4
synth_24964,4
synth_26355,4
synth_26389,4
synth_26441,4
synth_26696,4
synth_26901,4
synth_26973,4
synth_27068,4
synth_27310,4
synth_27749,4
synth_28034,4
synth_28331,4
synth_28602,4
synth_26159,4
synth_24411,4
synth_24784,4
synth_25067,4
synth_25070,4
synth_25399,4
synth_25532,4
synth_25773,4
synth_26093,4
synth_26288,4
synth_26522,4
synth_26539,4
synth_26890,4
synth_26896,4
synth_27983,4
synth_28437,4
synth_28586,4
synth_24340,4
synth_25145,4
synth_25146,4
synth_25393,4
synth_26035,4
synth_27528,4
synth_28336,4
synth_24563,4
synth_25044,4
synth_25352,4
synth_25469,4
synth_25923,4
synth_26063,4
synth_26248,4
synth_26453,4
synth_26494,4
synth_26544,4
synth_26736,4
synth_26945,4
synth_27320,4
synth_27491,4
synth_27506,4
synth_27527,4
synth_27772,4
synth_27855,4
synth_28126,4
synth_28151,4
synth_25398,4
synth_25587,4
synth_24625,4
synth_24860,4
synth_24894,4
synth_25112,4
synth_25375,4
synth_25384,4
synth_26011,4
synth_26246,4
synth_26339,4
synth_26382,4
synth_26427,4
synth_26479,4
synth_26546,4
synth_26721,4
synth_26730,4
synth_27049,4
synth_27120,4
synth_27682,4
synth_27859,4
synth_27893,4
synth_27980,4
synth_28567,4
synth_25205,4
synth_25248,4
synth_24503,4
synth_24639,4
synth_24766,4
synth_25100,4
synth_25241,4
synth_25400,4
synth_25656,4
synth_25661,4
synth_25827,4
synth_26044,4
synth_26075,4
synth_26247,4
synth_26334,4
synth_26525,4
synth_26612,4
synth_26714,4
synth_26822,4
synth_27031,4
synth_27181,4
synth_27184,4
synth_27266,4
synth_27539,4
synth_28112,4
synth_28162,4
synth_28167,4
synth_24336,4
synth_25315,4
synth_25318,4
synth_25381,4
synth_25595,4
synth_24516,4
synth_24884,4
synth_25566,4
synth_25601,4
synth_26238,4
synth_26300,4
synth_26521,4
synth_26582,4
synth_26619,4
synth_27072,4
synth_27146,4
synth_27338,4
synth_27373,4
synth_27548,4
synth_27554,4
synth_28210,4
synth_25394,4
synth_24828,4
synth_24871,4
synth_25066,4
synth_25865,4
synth_26134,4
synth_26192,4
synth_26526,4
synth_26527,4
synth_26744,4
synth_27407,4
synth_27771,4
synth_28114,4
synth_28258,4
synth_24351,4
synth_25046,4
synth_28338,4
synth_24787,4
synth_24796,4
synth_24924,4
synth_24991,4
synth_25029,4
synth_25280,4
synth_25472,4
synth_25487,4
synth_25972,4
synth_26666,4
synth_26864,4
synth_27364,4
synth_27480,4
synth_27733,4
synth_28205,4
synth_28270,4
synth_24285,4
synth_24464,4
synth_24475,4
synth_25148,4
synth_28667,4
synth_25529,4
synth_25935,4
synth_26303,4
synth_26400,4
synth_26547,4
synth_26557,4
synth_26929,4
synth_27648,4
synth_27681,4
synth_27867,4
synth_28054,4
synth_28467,4
synth_28638,4
synth_24310,4
synth_25197,4
synth_25307,4
synth_28626,4
synth_24434,4
synth_24692,4
synth_24841,4
synth_24977,4
synth_25444,4
synth_25459,4
synth_25470,4
synth_25552,4
synth_26307,4
synth_26421,4
synth_26459,4
synth_26675,4
synth_26688,4
synth_26870,4
synth_26940,4
synth_27045,4
synth_27833,4
synth_27840,4
synth_27986,4
synth_28060,4
synth_28231,4
synth_28398,4
synth_28500,4
synth_28337,4
synth_28424,4
synth_28447,4
synth_24400,4
synth_24819,4
synth_25211,4
synth_25347,4
synth_25431,4
synth_25500,4
synth_25524,4
synth_25842,4
synth_25857,4
synth_25897,4
synth_25953,4
synth_26445,4
synth_26548,4
synth_26549,4
synth_26607,4
synth_27036,4
synth_27132,4
synth_27346,4
synth_27549,4
synth_28223,4
synth_28271,4
synth_24442,4
synth_25594,4
synth_24466,4
synth_24779,4
synth_24863,4
synth_24941,4
synth_25058,4
synth_25379,4
synth_26164,4
synth_26263,4
synth_26280,4
synth_26381,4
synth_26723,4
synth_26749,4
synth_26922,4
synth_27128,4
synth_27168,4
synth_27318,4
synth_27362,4
synth_27847,4
synth_28087,4
synth_28265,4
synth_28494,4
synth_24384,4
synth_24570,4
synth_25017,4
synth_25506,4
synth_24430,4
synth_24727,4
synth_25497,4
synth_25721,4
synth_25864,4
synth_25967,4
synth_26852,4
synth_27487,4
synth_27488,4
synth_28140,4
synth_28382,4
synth_28387,4
synth_28458,4
synth_28475,4
synth_28551,4
synth_24273,4
synth_24316,4
synth_24380,4
synth_25109,4
synth_27206,4
synth_28609,4
synth_24670,4
synth_25310,4
synth_25344,4
synth_25892,4
synth_26151,4
synth_26265,4
synth_26289,4
synth_26789,4
synth_26790,4
synth_27313,4
synth_27590,4
synth_27900,4
synth_28403,4
synth_25189,4
synth_25230,4
synth_25327,4
synth_25578,4
synth_25749,4
synth_24618,4
synth_24696,4
synth_25724,4
synth_25856,4
synth_26490,4
synth_27096,4
synth_27127,4
synth_27215,4
synth_27363,4
synth_27376,4
synth_27484,4
synth_27585,4
synth_27702,4
synth_27885,4
synth_27904,4
synth_28204,4
synth_28312,4
synth_28430,4
synth_28674,4
synth_24676,4
synth_25179,4
synth_24797,4
synth_24838,4
synth_24946,4
synth_24948,4
synth_24949,4
synth_24957,4
synth_25111,4
synth_25368,4
synth_25405,4
synth_25726,4
synth_25744,4
synth_26025,4
synth_26302,4
synth_26680,4
synth_26739,4
synth_26970,4
synth_26984,4
synth_26989,4
synth_27211,4
synth_27674,4
synth_27693,4
synth_27819,4
synth_28078,4
synth_28324,4
synth_28496,4
synth_28523,4
synth_28662,4
synth_28535,4
synth_24541,4
synth_24872,4
synth_24942,4
synth_25140,4
synth_25286,4
synth_25879,4
synth_25991,4
synth_26201,4
synth_26219,4
synth_26287,4
synth_26380,4
synth_26393,4
synth_26542,4
synth_26605,4
synth_26708,4
synth_27115,4
synth_27359,4
synth_27395,4
synth_27428,4
synth_27846,4
synth_28025,4
synth_28041,4
synth_28154,4
synth_28200,4
synth_28236,4
synth_28242,4
synth_24386,4
synth_25194,4
synth_28596,4
synth_24653,4
synth_24768,4
synth_24827,4
synth_24988,4
synth_25166,4
synth_25167,4
synth_25678,4
synth_26129,4
synth_26361,4
synth_26648,4
synth_26672,4
synth_26735,4
synth_26816,4
synth_27472,4
synth_27617,4
synth_27734,4
synth_28187,4
synth_28189,4
synth_28348,4
synth_28639,4
synth_24343,4
synth_28429,4
synth_24589,4
synth_24725,4
synth_24919,4
synth_25082,4
synth_25557,4
synth_25825,4
synth_26205,4
synth_26395,4
synth_26850,4
synth_27083,4
synth_27340,4
synth_28395,4
synth_28473,4
synth_28581,4
synth_24572,4
synth_25507,4
synth_28301,4
synth_28536,4
synth_24405,4
synth_24754,4
synth_24761,4
synth_24836,4
synth_24907,4
synth_24922,4
synth_24999,4
synth_25281,4
synth_25372,4
synth_25627,4
synth_26608,4
synth_27221,4
synth_27698,4
synth_27704,4
synth_27851,4
synth_28142,4
synth_28306,4
synth_28654,4
synth_24357,4
synth_24392,4
synth_24729,4
synth_24854,4
synth_24899,4
synth_24901,4
synth_26051,4
synth_26126,4
synth_26556,4
synth_26624,4
synth_26635,4
synth_26703,4
synth_27040,4
synth_27108,4
synth_27228,4
synth_24328,4
synth_24526,4
synth_24656,4
synth_25170,4
synth_25476,4
synth_25564,4
synth_25828,4
synth_25968,4
synth_26701,4
synth_26856,4
synth_27299,4
synth_27543,4
synth_27736,4
synth_28045,4
synth_28276,4
synth_28284,4
synth_28571,4
synth_24333,4
synth_24472,4
synth_25047,4
synth_25049,4
synth_28358,4
synth_24391,4
synth_24512,4
synth_25054,4
synth_25768,4
synth_25829,4
synth_26041,4
synth_26430,4
synth_26551,4
synth_26754,4
synth_26841,4
synth_26906,4
synth_27495,4
synth_27861,4
synth_28190,4
synth_28652,4
synth_25105,4
synth_25719,4
synth_24921,4
synth_24994,4
synth_25040,4
synth_25076,4
synth_26665,4
synth_26805,4
synth_27065,4
synth_27100,4
synth_27186,4
synth_27776,4
synth_27838,4
synth_28155,4
synth_25159,4
synth_28409,4
synth_28517,4
synth_24742,4
synth_24781,4
synth_24814,4
synth_24833,4
synth_25220,4
synth_25806,4
synth_25978,4
synth_26474,4
synth_26508,4
synth_26704,4
synth_26766,4
synth_26869,4
synth_26908,4
synth_27016,4
synth_27574,4
synth_27775,4
synth_27845,4
synth_27938,4
synth_28002,4
synth_28120,4
synth_28144,4
synth_28351,4
synth_28499,4
synth_25085,4
synth_25392,4
synth_26048,4
synth_28439,4
synth_28665,4
synth_28669,4
synth_24398,4
synth_24535,4
synth_24945,4
synth_24960,4
synth_25030,4
synth_25064,4
synth_25551,4
synth_25554,4
synth_25582,4
synth_25727,4
synth_25734,4
synth_26168,4
synth_26364,4
synth_26702,4
synth_27410,4
synth_27499,4
synth_27783,4
synth_27928,4
synth_28057,4
synth_28471,4
synth_24284,4
synth_25178,4
synth_25249,4
synth_27039,4
synth_28405,4
synth_24396,4
synth_24602,4
synth_24652,4
synth_24688,4
synth_24739,4
synth_24818,4
synth_24821,4
synth_25055,4
synth_25124,4
synth_25144,4
synth_25813,4
synth_25919,4
synth_26059,4
synth_26584,4
synth_27814,4
synth_27906,4
synth_27916,4
synth_28452,4
synth_28484,4
synth_28560,4
synth_25204,4
synth_24369,4
synth_25649,4
synth_25679,4
synth_25731,4
synth_25822,4
synth_25979,4
synth_25999,4
synth_26097,4
synth_26120,4
synth_26262,4
synth_26409,4
synth_26415,4
synth_26634,4
synth_26653,4
synth_27212,4
synth_27759,4
synth_28022,4
synth_28070,4
synth_28163,4
synth_28202,4
synth_28451,4
synth_28587,4
synth_24461,4
synth_25591,4
synth_24805,4
synth_25010,4
synth_25142,4
synth_26088,4
synth_27073,4
synth_27101,4
synth_27136,4
synth_27357,4
synth_27609,4
synth_27614,4
synth_27727,4
synth_27828,4
synth_27848,4
synth_27931,4
synth_28063,4
synth_28209,4
synth_28566,4
synth_24327,4
synth_25005,4
synth_25190,4
synth_24268,4
synth_25062,4
synth_25440,4
synth_25645,4
synth_25816,4
synth_26160,4
synth_26580,4
synth_26695,4
synth_26788,4
synth_27014,4
synth_27180,4
synth_27334,4
synth_27592,4
synth_27899,4
synth_28092,4
synth_24581,4
synth_25438,4
synth_25448,4
synth_28529,4
synth_24279,4
synth_24387,4
synth_24730,4
synth_24881,4
synth_25035,4
synth_25090,4
synth_25114,4
synth_25659,4
synth_25706,4
synth_26066,4
synth_26377,4
synth_26391,4
synth_26751,4
synth_27064,4
synth_27256,4
synth_27998,4
synth_28012,4
synth_28102,4
synth_28156,4
synth_28514,4
synth_24802,4
synth_24923,4
synth_25214,4
synth_25377,4
synth_26138,4
synth_26231,4
synth_26273,4
synth_26632,4
synth_26980,4
synth_27241,4
synth_27854,4
synth_28181,4
synth_28641,4
synth_24295,4
synth_24373,4
synth_24444,4
synth_24484,4
synth_26199,4
synth_28128,4
synth_28625,4
synth_24347,4
synth_24792,4
synth_25277,4
synth_25373,4
synth_25600,4
synth_25602,4
synth_26083,4
synth_26229,4
synth_26297,4
synth_26439,4
synth_26726,4
synth_26806,4
synth_26855,4
synth_26860,4
synth_27037,4
synth_27263,4
synth_27535,4
synth_27611,4
synth_27723,4
synth_27792,4
synth_27895,4
synth_27945,4
synth_28563,4
synth_25088,4
synth_25184,4
synth_28608,4
synth_24257,4
synth_24431,4
synth_24436,4
synth_24527,4
synth_24744,4
synth_24752,4
synth_25232,4
synth_25411,4
synth_25924,4
synth_25994,4
synth_26267,4
synth_26354,4
synth_26386,4
synth_26483,4
synth_26585,4
synth_26748,4
synth_26912,4
synth_26999,4
synth_27079,4
synth_27232,4
synth_27437,4
synth_27580,4
synth_28235,4
synth_28240,4
synth_28365,4
synth_28634,4
synth_24582,4
synth_24579,4
synth_24695,4
synth_24698,4
synth_25036,4
synth_26214,4
synth_26292,4
synth_26473,4
synth_26552,4
synth_26569,4
synth_26578,4
synth_27409,4
synth_27589,4
synth_27918,4
synth_27979,4
synth_28543,4
synth_24422,4
synth_24456,4
synth_28538,4
synth_24390,4
synth_24661,4
synth_24748,4
synth_25233,4
synth_25407,4
synth_25408,4
synth_25668,4
synth_25976,4
synth_26021,4
synth_26450,4
synth_26586,4
synth_26959,4
synth_27343,4
synth_27534,4
synth_27944,4
synth_28194,4
synth_28297,4
synth_28431,4
synth_25505,4
synth_25596,4
synth_26013,4
synth_24560,4
synth_24623,4
synth_24647,4
synth_24865,4
synth_24911,4
synth_25282,4
synth_25802,4
synth_26251,4
synth_26311,4
synth_26357,4
synth_26506,4
synth_27078,4
synth_27244,4
synth_27430,4
synth_27502,4
synth_27886,4
synth_28195,4
synth_24339,4
synth_24388,4
synth_24553,4
synth_24608,4
synth_24630,4
synth_24904,4
synth_25452,4
synth_25609,4
synth_25698,4
synth_25931,4
synth_26135,4
synth_26564,4
synth_26783,4
synth_26879,4
synth_27351,4
synth_27570,4
synth_27661,4
synth_27765,4
synth_27766,4
synth_27803,4
synth_27970,4
synth_25185,4
synth_24906,4
synth_24978,4
synth_25013,4
synth_25023,4
synth_25358,4
synth_25541,4
synth_25855,4
synth_25911,4
synth_26057,4
synth_26285,4
synth_26368,4
synth_26565,4
synth_26631,4
synth_27332,4
synth_27345,4
synth_28013,4
synth_28282,4
synth_28315,4
synth_28456,4
synth_28476,4
synth_28134,4
synth_28618,4
synth_24726,4
synth_24736,4
synth_24807,4
synth_24979,4
synth_25098,4
synth_25237,4
synth_25404,4
synth_25677,4
synth_25690,4
synth_25815,4
synth_26245,4
synth_26283,4
synth_26295,4
synth_26433,4
synth_26452,4
synth_26717,4
synth_27122,4
synth_27276,4
synth_27293,4
synth_28105,4
synth_28268,4
synth_28466,4
synth_25328,4
synth_24415,4
synth_24648,4
synth_24847,4
synth_25966,4
synth_26579,4
synth_27138,4
synth_27153,4
synth_27226,4
synth_27435,4
synth_27449,4
synth_27479,4
synth_27511,4
synth_27545,4
synth_27761,4
synth_27786,4
synth_27832,4
synth_27898,4
synth_27947,4
synth_28275,4
synth_25718,4
synth_27509,4
synth_25511,4
synth_25704,4
synth_25754,4
synth_25891,4
synth_26153,4
synth_26250,4
synth_26333,4
synth_26636,4
synth_26963,4
synth_27020,4
synth_27034,4
synth_27295,4
synth_27324,4
synth_27497,4
synth_27500,4
synth_27513,4
synth_27575,4
synth_27697,4
synth_27731,4
synth_27993,4
synth_28093,4
synth_28212,4
synth_28309,4
synth_28518,4
synth_24507,4
synth_24772,4
synth_24920,4
synth_24932,4
synth_25150,4
synth_25371,4
synth_25604,4
synth_25975,4
synth_26002,4
synth_26378,4
synth_26392,4
synth_26996,4
synth_27067,4
synth_27081,4
synth_27131,4
synth_27314,4
synth_27458,4
synth_27536,4
synth_27909,4
synth_27929,4
synth_27968,4
synth_28501,4
synth_28524,4
synth_28540,4
synth_28574,4
synth_24450,4
synth_25129,4
synth_25256,4
synth_25416,4
synth_28628,4
synth_24417,4
synth_24684,4
synth_25095,4
synth_25266,4
synth_25562,4
synth_25622,4
synth_25780,4
synth_25928,4
synth_26240,4
synth_26244,4
synth_26261,4
synth_26324,4
synth_26397,4
synth_26763,4
synth_26854,4
synth_26910,4
synth_26993,4
synth_27089,4
synth_27110,4
synth_27166,4
synth_27757,4
synth_28450,4
synth_25195,4
synth_28129,4
synth_24743,4
synth_24786,4
synth_24825,4
synth_24905,4
synth_24935,4
synth_25485,4
synth_25703,4
synth_26362,4
synth_26456,4
synth_26865,4
synth_27520,4
synth_27605,4
synth_27756,4
synth_27790,4
synth_27962,4
synth_28094,4
synth_28230,4
synth_28233,4
synth_28296,4
synth_28414,4
synth_28531,4
synth_26039,4
synth_24407,4
synth_24511,4
synth_25614,4
synth_25817,4
synth_25831,4
synth_26195,4
synth_26225,4
synth_26643,4
synth_26888,4
synth_27823,4
synth_27992,4
synth_28436,4
synth_24332,4
synth_25107,4
synth_24663,4
synth_24773,4
synth_24970,4
synth_25113,4
synth_25370,4
synth_26148,4
synth_26398,4
synth_26589,4
synth_26649,4
synth_26652,4
synth_26658,4
synth_26914,4
synth_27178,4
synth_27774,4
synth_27857,4
synth_27881,4
synth_28061,4
synth_28219,4
synth_28305,4
synth_28347,4
synth_28368,4
synth_24308,4
synth_24315,4
synth_25177,4
synth_28445,4
synth_24419,4
synth_24568,4
synth_24775,4
synth_24868,4
synth_26174,4
synth_26425,4
synth_26731,4
synth_26974,4
synth_27032,4
synth_27139,4
synth_27328,4
synth_27576,4
synth_27687,4
synth_27725,4
synth_28169,4
synth_28280,4
synth_28454,4
synth_28550,4
synth_24360,4
synth_24382,4
synth_26158,4
synth_24596,4
synth_24859,4
synth_24930,4
synth_24997,4
synth_25788,4
synth_25849,4
synth_26061,4
synth_26096,4
synth_26337,4
synth_26466,4
synth_26689,4
synth_26692,4
synth_26719,4
synth_26755,4
synth_26794,4
synth_27001,4
synth_27560,4
synth_27742,4
synth_27827,4
synth_27924,4
synth_27949,4
synth_28184,4
synth_28253,4
synth_28371,4
synth_28453,4
synth_28478,4
synth_25508,4
synth_28300,4
synth_28303,4
synth_24569,4
synth_24822,4
synth_24971,4
synth_25378,4
synth_25528,4
synth_25556,4
synth_25561,4
synth_25570,4
synth_25686,4
synth_25700,4
synth_25852,4
synth_26161,4
synth_26309,4
synth_26988,4
synth_27462,4
synth_27750,4
synth_28095,4
synth_28457,4
synth_24379,4
synth_25125,4
synth_25313,4
synth_25792,4
synth_25951,4
synth_26162,4
synth_26745,4
synth_26982,4
synth_27302,4
synth_27360,4
synth_27375,4
synth_27701,4
synth_28221,4
synth_28269,4
synth_28528,4
synth_24441,4
synth_26157,4
synth_27203,4
synth_28539,4
synth_24497,4
synth_24880,4
synth_24937,4
synth_25021,4
synth_25141,4
synth_25533,4
synth_25633,4
synth_25654,4
synth_25808,4
synth_25836,4
synth_26116,4
synth_26348,4
synth_26577,4
synth_26685,4
synth_26972,4
synth_27052,4
synth_27297,4
synth_27333,4
synth_27419,4
synth_27610,4
synth_28164,4
synth_28636,4
synth_24324,4
synth_24468,4
synth_24487,4
synth_24852,4
synth_25799,4
synth_25954,4
synth_26065,4
synth_26104,4
synth_26107,4
synth_26313,4
synth_26572,4
synth_26678,4
synth_26944,4
synth_27074,4
synth_27289,4
synth_27714,4
synth_28089,4
synth_28160,4
synth_28174,4
synth_28199,4
synth_28232,4
synth_28510,4
synth_28545,4
synth_25157,4
synth_25014,4
synth_25388,4
synth_25819,4
synth_26457,4
synth_26472,4
synth_26561,4
synth_26862,4
synth_27394,4
synth_27401,4
synth_28207,4
synth_28272,4
synth_28344,4
synth_28468,4
synth_25175,4
synth_25447,4
synth_26037,4
synth_26179,4
synth_27207,4
synth_24555,4
synth_24654,4
synth_24785,4
synth_24857,4
synth_24975,4
synth_25183,4
synth_25216,4
synth_25572,4
synth_26145,4
synth_26603,4
synth_26797,4
synth_26942,4
synth_27077,4
synth_27777,4
synth_27991,4
synth_28213,4
synth_28325,4
synth_28643,4
synth_25437,4
synth_24986,4
synth_25042,4
synth_25291,4
synth_25574,4
synth_26353,4
synth_26363,4
synth_26454,4
synth_26568,4
synth_26716,4
synth_27112,4
synth_27246,4
synth_27273,4
synth_27325,4
synth_27815,4
synth_28228,4
synth_28489,4
synth_24573,4
synth_25102,4
synth_25115,4
synth_25323,4
synth_25402,4
synth_26080,4
synth_26516,4
synth_26650,4
synth_26677,4
synth_26756,4
synth_26767,4
synth_26819,4
synth_26919,4
synth_27148,4
synth_27386,4
synth_27563,4
synth_27677,4
synth_27740,4
synth_27752,4
synth_27807,4
synth_28066,4
synth_28101,4
synth_28640,4
synth_24274,4
synth_24311,4
synth_24325,4
synth_26187,4
synth_24367,4
synth_24402,4
synth_24660,4
synth_24826,4
synth_24830,4
synth_24832,4
synth_24918,4
synth_24929,4
synth_24992,4
synth_25288,4
synth_25330,4
synth_25414,4
synth_25844,4
synth_26326,4
synth_26349,4
synth_26633,4
synth_26902,4
synth_27380,4
synth_27423,4
synth_27588,4
synth_27923,4
synth_28670,4
synth_24451,4
synth_25127,4
synth_25644,4
synth_25887,4
synth_26112,4
synth_26269,4
synth_26463,4
synth_26712,4
synth_26771,4
synth_26920,4
synth_26935,4
synth_27027,4
synth_27422,4
synth_27673,4
synth_27817,4
synth_28161,4
synth_28554,4
synth_28568,4
synth_28657,4
synth_25264,4
synth_25350,4
synth_25510,4
synth_26098,4
synth_26183,4
synth_26220,4
synth_26236,4
synth_26437,4
synth_26878,4
synth_27281,4
synth_27830,4
synth_27917,4
synth_28352,4
synth_28385,4
synth_28432,4
synth_28617,4
synth_24584,4
synth_24795,4
synth_24878,4
synth_25033,4
synth_25482,4
synth_25826,4
synth_26705,4
synth_26781,4
synth_26802,4
synth_26936,4
synth_27047,4
synth_28019,4
synth_28225,4
synth_28292,4
synth_28311,4
synth_28397,4
synth_28605,4
synth_24799,4
synth_24839,4
synth_24910,4
synth_25000,4
synth_25041,4
synth_25063,4
synth_25585,4
synth_25846,4
synth_26440,4
synth_26949,4
synth_27009,4
synth_27144,4
synth_27406,4
synth_27420,4
synth_27878,4
synth_28256,4
synth_28295,4
synth_28513,4
synth_28547,4
synth_25425,4
synth_25550,4
synth_24508,4
synth_24682,4
synth_24686,4
synth_24687,4
synth_24903,4
synth_25152,4
synth_25268,4
synth_25279,4
synth_25441,4
synth_25638,4
synth_25666,4
synth_25917,4
synth_26122,4
synth_26760,4
synth_26971,4
synth_26978,4
synth_27026,4
synth_27035,4
synth_27043,4
synth_27292,4
synth_27630,4
synth_27671,4
synth_27706,4
synth_27738,4
synth_27743,4
synth_27770,4
synth_27974,4
synth_28197,4
synth_24352,4
synth_25569,4
synth_28597,4
synth_24575,4
synth_24909,4
synth_24928,4
synth_25460,4
synth_25603,4
synth_25713,4
synth_26832,4
synth_26843,4
synth_27041,4
synth_27090,4
synth_27331,4
synth_27350,4
synth_27717,4
synth_27763,4
synth_27975,4
synth_28623,4
synth_25426,4
synth_25509,4
synth_25757,4
synth_24613,4
synth_24668,4
synth_24733,4
synth_25031,4
synth_25612,4
synth_25745,4
synth_26206,4
synth_26221,4
synth_26255,4
synth_26707,4
synth_26765,4
synth_26818,4
synth_26967,4
synth_27169,4
synth_27171,4
synth_27311,4
synth_27689,4
synth_28294,4
synth_28362,4
synth_28485,4
synth_24550,4
synth_24794,4
synth_25334,4
synth_25457,4
synth_25725,4
synth_25973,4
synth_26084,4
synth_26413,4
synth_26414,4
synth_26515,4
synth_26528,4
synth_26813,4
synth_26824,4
synth_27024,4
synth_27247,4
synth_27390,4
synth_27841,4
synth_24420,4
synth_25009,4
synth_25397,4
synth_28595,4
synth_24489,4
synth_25050,4
synth_25289,4
synth_25481,4
synth_25535,4
synth_25685,4
synth_26576,4
synth_26602,4
synth_26625,4
synth_26810,4
synth_26833,4
synth_26924,4
synth_27025,4
synth_27342,4
synth_27593,4
synth_27600,4
synth_27625,4
synth_27864,4
synth_27877,4
synth_28241,4
synth_28263,4
synth_28264,4
synth_28310,4
synth_28313,4
synth_24355,4
synth_25196,4
synth_25383,4
synth_28108,4
synth_24559,4
synth_24800,4
synth_25239,4
synth_25272,4
synth_25563,4
synth_25653,4
synth_25746,4
synth_25809,4
synth_26132,4
synth_26360,4
synth_26476,4
synth_26647,4
synth_26886,4
synth_26907,4
synth_28119,4
synth_28601,4
synth_24448,4
synth_24985,4
synth_25219,4
synth_25252,4
synth_25299,4
synth_25940,4
synth_25986,4
synth_26489,4
synth_26534,4
synth_26753,4
synth_26985,4
synth_27431,4
synth_27547,4
synth_27586,4
synth_28148,4
synth_28552,4
synth_24254,4
synth_24429,4
synth_24650,4
synth_25351,4
synth_25580,4
synth_25804,4
synth_25990,4
synth_26241,4
synth_26242,4
synth_26306,4
synth_26518,4
synth_26533,4
synth_26590,4
synth_26741,4
synth_26817,4
synth_26840,4
synth_26923,4
synth_27029,4
synth_27308,4
synth_27411,4
synth_27532,4
synth_27567,4
synth_27821,4
synth_27891,4
synth_27960,4
synth_28158,4
synth_28544,4
synth_25517,4
synth_24389,4
synth_24544,4
synth_24976,4
synth_25234,4
synth_25332,4
synth_25503,4
synth_26117,4
synth_26482,4
synth_26839,4
synth_26994,4
synth_27199,4
synth_27461,4
synth_27635,4
synth_27638,4
synth_27842,4
synth_28055,4
synth_28068,4
synth_28245,4
synth_28579,4
synth_25116,4
synth_25592,4
synth_25709,4
synth_24377,4
synth_24708,4
synth_25333,4
synth_25484,4
synth_26008,4
synth_26298,4
synth_26511,4
synth_26897,4
synth_27344,4
synth_27473,4
synth_27581,4
synth_27602,4
synth_27942,4
synth_28046,4
synth_28413,4
synth_28506,4
synth_25155,4
synth_25428,4
synth_25775,4
synth_28559,4
synth_25037,4
synth_25073,4
synth_25165,4
synth_25635,4
synth_25810,4
synth_25936,4
synth_26001,4
synth_26211,4
synth_26239,4
synth_26371,4
synth_26519,4
synth_26667,4
synth_27252,4
synth_27425,4
synth_27542,4
synth_27787,4
synth_27822,4
synth_27873,4
synth_28330,4
synth_28411,4
synth_28504,4
synth_28553,4
synth_28565,4
synth_24473,4
synth_25106,4
synth_25589,4
synth_25769,4
synth_24517,4
synth_24655,4
synth_24840,4
synth_24870,4
synth_25376,4
synth_25420,4
synth_25423,4
synth_25689,4
synth_25800,4
synth_25867,4
synth_25952,4
synth_26152,4
synth_26503,4
synth_26641,4
synth_26782,4
synth_26844,4
synth_26983,4
synth_27439,4
synth_27460,4
synth_27685,4
synth_27820,4
synth_27901,4
synth_28026,4
synth_28591,4
synth_24341,4
synth_25198,4
synth_24506,4
synth_24519,4
synth_25480,4
synth_25536,4
synth_25671,4
synth_25699,4
synth_26253,4
synth_26487,4
synth_26597,4
synth_26611,4
synth_26768,4
synth_27275,4
synth_27465,4
synth_27521,4
synth_27856,4
synth_28006,4
synth_25519,4
synth_25567,4
synth_24706,4
synth_24810,4
synth_24834,4
synth_25120,4
synth_25442,4
synth_25761,4
synth_25881,4
synth_26194,4
synth_26447,4
synth_26560,4
synth_26720,4
synth_26889,4
synth_27195,4
synth_27312,4
synth_27417,4
synth_27737,4
synth_27791,4
synth_28116,4
synth_28249,4
synth_28259,4
synth_28289,4
synth_28392,4
synth_28460,4
synth_28575,4
synth_24275,4
synth_24592,4
synth_25518,4
synth_27278,4
synth_24538,4
synth_24640,4
synth_25081,4
synth_25097,4
synth_25608,4
synth_25743,4
synth_25762,4
synth_25845,4
synth_25877,4
synth_26196,4
synth_26422,4
synth_26488,4
synth_26529,4
synth_26674,4
synth_26951,4
synth_26952,4
synth_27229,4
synth_27471,4
synth_27474,4
synth_27612,4
synth_28008,4
synth_28023,4
synth_28141,4
synth_28175,4
synth_28192,4
synth_28642,4
synth_24290,4
synth_24292,4
synth_25418,4
synth_25598,4
synth_26015,4
synth_24499,4
synth_24558,4
synth_24632,4
synth_24634,4
synth_24700,4
synth_24984,4
synth_26091,4
synth_26323,4
synth_26837,4
synth_27126,4
synth_27162,4
synth_27478,4
synth_27556,4
synth_27915,4
synth_28004,4
synth_28480,4
synth_25103,4
synth_24980,4
synth_25069,4
synth_25224,4
synth_25267,4
synth_25521,4
synth_25833,4
synth_25850,4
synth_25874,4
synth_26100,4
synth_26275,4
synth_26284,4
synth_26475,4
synth_26524,4
synth_26876,4
synth_26948,4
synth_27058,4
synth_27470,4
synth_27874,4
synth_28124,4
synth_28135,4
synth_28286,4
synth_28621,4
synth_25777,4
synth_28627,4
synth_24265,4
synth_24528,4
synth_24609,4
synth_24900,4
synth_26113,4
synth_26182,4
synth_26223,4
synth_26318,4
synth_26406,4
synth_26460,4
synth_26462,4
synth_26540,4
synth_26610,4
synth_26877,4
synth_26926,4
synth_27061,4
synth_27568,4
synth_27603,4
synth_27948,4
synth_28030,4
synth_28220,4
synth_28495,4
synth_28632,4
synth_28633,4
synth_24291,4
synth_24428,4
synth_24440,4
synth_24677,4
synth_28354,4
synth_28356,4
synth_24418,4
synth_24759,4
synth_25297,4
synth_25357,4
synth_25675,4
synth_25735,4
synth_25737,4
synth_25932,4
synth_25993,4
synth_26030,4
synth_26659,4
synth_26762,4
synth_27445,4
synth_27802,4
synth_27964,4
synth_28076,4
synth_28166,4
synth_28401,4
synth_24424,4
synth_27259,4
synth_24520,4
synth_24605,4
synth_24705,4
synth_24765,4
synth_24780,4
synth_24926,4
synth_25218,4
synth_25340,4
synth_25646,4
synth_26086,4
synth_26301,4
synth_26350,4
synth_26497,4
synth_26545,4
synth_26724,4
synth_28227,4
synth_24611,4
synth_24987,4
synth_25060,4
synth_25454,4
synth_25637,4
synth_25837,4
synth_25873,4
synth_26227,4
synth_26230,4
synth_26258,4
synth_26271,4
synth_26276,4
synth_26299,4
synth_26356,4
synth_26690,4
synth_26853,4
synth_26883,4
synth_27271,4
synth_27583,4
synth_27643,4
synth_27692,4
synth_28097,4
synth_28115,4
synth_28290,4
synth_28620,4
synth_28537,4
synth_24435,4
synth_24720,4
synth_24869,4
synth_24892,4
synth_25093,4
synth_25126,4
synth_25202,4
synth_25236,4
synth_25684,4
synth_26110,4
synth_26310,4
synth_26372,4
synth_26442,4
synth_26742,4
synth_27456,4
synth_27985,4
synth_28404,4
synth_28526,4
synth_24320,4
synth_25187,4
synth_24534,4
synth_24587,4
synth_25122,4
synth_25227,4
synth_26123,4
synth_26124,4
synth_26446,4
synth_26640,4
synth_27224,4
synth_27352,4
synth_27389,4
synth_27434,4
synth_28334,4
synth_24591,4
synth_25540,4
synth_28376,4
synth_24537,4
synth_24798,4
synth_24956,4
synth_25283,4
synth_25434,4
synth_25760,4
synth_25853,4
synth_26089,4
synth_26118,4
synth_26249,4
synth_26455,4
synth_26553,4
synth_26968,4
synth_27748,4
synth_27779,4
synth_27894,4
synth_27967,4
synth_28343,4
synth_25158,4
synth_25245,4
synth_24261,4
synth_24745,4
synth_24763,4
synth_25034,4
synth_25161,4
synth_25173,4
synth_25683,4
synth_25739,4
synth_25900,4
synth_25957,4
synth_26054,4
synth_26344,4
synth_27231,4
synth_27269,4
synth_27455,4
synth_27562,4
synth_28345,4
synth_28367,4
synth_28479,4
synth_28653,4
synth_28426,4
synth_24359,4
synth_24782,4
synth_24947,4
synth_25558,4
synth_25616,4
synth_25933,4
synth_26322,4
synth_26404,4
synth_26436,4
synth_27149,4
synth_27282,4
synth_27294,4
synth_27418,4
synth_27512,4
synth_27639,4
synth_27649,4
synth_27680,4
synth_28664,4
synth_25729,4
synth_27515,4
synth_24433,4
synth_24521,4
synth_24598,4
synth_24888,4
synth_24951,4
synth_25094,4
synth_25110,4
synth_25261,4
synth_25531,4
synth_25782,4
synth_26082,4
synth_27003,4
synth_27175,4
synth_27188,4
synth_27230,4
synth_27413,4
synth_27441,4
synth_27454,4
synth_27653,4
synth_27826,4
synth_27969,4
synth_28032,4
synth_28488,4
synth_24426,4
synth_24644,4
synth_24966,4
synth_25274,4
synth_25312,4
synth_25583,4
synth_25899,4
synth_26260,4
synth_26317,4
synth_26734,4
synth_26795,4
synth_26809,4
synth_27055,4
synth_27348,4
synth_27531,4
synth_27553,4
synth_27813,4
synth_24455,4
synth_25568,4
synth_27208,4
synth_24258,4
synth_24399,4
synth_24523,4
synth_24875,4
synth_25663,4
synth_25766,4
synth_25795,4
synth_25812,4
synth_25961,4
synth_26071,4
synth_26367,4
synth_26594,4
synth_26595,4
synth_26933,4
synth_27253,4
synth_27353,4
synth_27837,4
synth_28118,4
synth_28183,4
synth_24421,4
synth_24593,4
synth_24449,4
synth_24488,4
synth_24735,4
synth_24812,4
synth_24886,4
synth_25083,4
synth_25181,4
synth_25244,4
synth_25908,4
synth_26256,4
synth_26538,4
synth_26567,4
synth_26670,4
synth_26834,4
synth_27286,4
synth_27365,4
synth_28360,4
synth_28583,4
synth_24321,4
synth_25774,4
synth_28515,4
synth_24612,4
synth_24657,4
synth_24712,4
synth_25303,4
synth_25581,4
synth_25895,4
synth_26559,4
synth_26847,4
synth_26928,4
synth_27048,4
synth_27105,4
synth_27237,4
synth_27385,4
synth_27496,4
synth_27989,4
synth_28036,4
synth_28104,4
synth_28193,4
synth_24427,4
synth_28419,4
synth_24546,4
synth_24601,4
synth_24820,4
synth_25620,4
synth_25648,4
synth_25741,4
synth_25840,4
synth_25883,4
synth_26105,4
synth_26121,4
synth_26268,4
synth_26351,4
synth_26588,4
synth_26880,4
synth_26932,4
synth_26969,4
synth_26977,4
synth_27306,4
synth_27377,4
synth_27558,4
synth_27561,4
synth_27615,4
synth_27688,4
synth_27768,4
synth_27951,4
synth_28137,4
synth_28250,4
synth_28279,4
synth_28318,4
synth_28443,4
synth_28590,4
synth_24583,4
synth_25515,4
synth_28425,4
synth_28599,4
synth_24524,4
synth_24636,4
synth_24658,4
synth_24703,4
synth_24876,4
synth_24879,4
synth_25253,4
synth_25611,4
synth_25712,4
synth_25753,4
synth_25872,4
synth_25876,4
synth_26000,4
synth_26109,4
synth_26330,4
synth_26558,4
synth_26662,4
synth_26752,4
synth_26761,4
synth_27249,4
synth_27341,4
synth_27973,4
synth_28117,4
synth_28172,4
synth_28676,4
synth_24317,4
synth_25015,4
synth_24366,4
synth_24567,4
synth_24638,4
synth_25478,4
synth_25667,4
synth_25751,4
synth_25797,4
synth_25859,4
synth_26106,4
synth_26286,4
synth_26448,4
synth_27056,4
synth_27197,4
synth_27267,4
synth_27309,4
synth_27467,4
synth_27773,4
synth_27978,4
synth_28234,4
synth_28273,4
synth_28391,4
synth_24365,4
synth_25192,4
synth_27202,4
synth_27508,4
synth_24505,4
synth_25424,4
synth_25885,4
synth_25904,4
synth_27189,4
synth_27464,4
synth_27541,4
synth_27730,4
synth_27798,4
synth_28147,4
synth_28238,4
synth_28593,4
synth_24362,4
synth_26047,4
synth_28612,4
synth_24262,4
synth_24564,4
synth_24728,4
synth_24770,4
synth_24952,4
synth_25450,4
synth_25463,4
synth_25465,4
synth_25632,4
synth_25665,4
synth_25791,4
synth_26938,4
synth_27002,4
synth_27057,4
synth_27170,4
synth_27577,4
synth_28001,4
synth_28180,4
synth_28364,4
synth_28503,4
synth_28532,4
synth_24891,4
synth_24990,4
synth_25708,4
synth_25970,4
synth_26396,4
synth_26417,4
synth_26593,4
synth_27069,4
synth_27087,4
synth_27190,4
synth_27304,4
synth_27374,4
synth_27427,4
synth_27446,4
synth_27466,4
synth_27628,4
synth_27652,4
synth_27746,4
synth_28188,4
synth_25208,4
synth_25335,4
synth_25520,4
synth_26185,4
synth_28359,4
synth_24298,4
synth_24944,4
synth_25409,4
synth_25575,4
synth_26003,4
synth_26178,4
synth_26657,4
synth_26686,4
synth_27296,4
synth_27463,4
synth_27735,4
synth_28011,4
synth_28422,4
synth_24312,4
synth_24381,4
synth_25308,4
synth_25439,4
synth_25493,4
synth_25755,4
synth_27516,4
synth_27529,4
synth_24549,4
synth_24777,4
synth_24778,4
synth_25270,4
synth_25907,4
synth_26505,4
synth_27665,4
synth_27808,4
synth_28106,4
synth_28113,4
synth_28285,4
synth_28651,4
synth_25382,4
synth_25590,4
synth_26019,4
synth_24621,4
synth_24750,4
synth_24813,4
synth_24982,4
synth_25302,4
synth_25549,4
synth_25834,4
synth_25875,4
synth_25893,4
synth_25938,4
synth_26119,4
synth_26141,4
synth_26500,4
synth_26571,4
synth_26851,4
synth_26875,4
synth_26903,4
synth_26911,4
synth_26916,4
synth_26958,4
synth_27000,4
synth_27142,4
synth_27551,4
synth_27565,4
synth_27950,4
synth_27956,4
synth_28374,4
synth_24272,4
synth_24425,4
synth_24457,4
synth_24513,4
synth_24594,4
synth_24788,4
synth_24824,4
synth_24844,4
synth_24849,4
synth_25057,4
synth_25078,4
synth_25130,4
synth_25217,4
synth_25265,4
synth_25458,4
synth_25695,4
synth_26020,4
synth_26252,4
synth_26660,4
synth_26718,4
synth_26917,4
synth_27145,4
synth_27358,4
synth_27571,4
synth_27626,4
synth_27679,4
synth_27954,4
synth_28198,4
synth_28246,4
synth_28393,4
synth_28417,4
synth_28505,4
synth_28622,4
synth_24364,4
synth_24453,4
synth_24480,4
synth_25008,4
synth_25186,4
synth_25336,4
synth_25028,4
synth_25080,4
synth_25091,4
synth_25929,4
synth_26314,4
synth_26379,4
synth_26509,4
synth_26563,4
synth_26780,4
synth_26931,4
synth_27238,4
synth_27378,4
synth_27392,4
synth_27764,4
synth_27910,4
synth_24482,4
synth_25174,4
synth_25206,4
synth_25391,4
synth_24253,4
synth_24989,4
synth_25154,4
synth_25273,4
synth_26347,4
synth_26390,4
synth_27321,4
synth_27414,4
synth_27523,4
synth_27650,4
synth_27957,4
synth_28018,4
synth_28383,4
synth_28481,4
synth_28530,4
synth_24631,4
synth_24724,4
synth_24817,4
synth_24831,4
synth_24856,4
synth_24897,4
synth_24993,4
synth_25240,4
synth_25292,4
synth_26072,4
synth_26698,4
synth_26925,4
synth_26956,4
synth_27140,4
synth_27183,4
synth_27277,4
synth_27379,4
synth_27785,4
synth_27796,4
synth_27943,4
synth_27946,4
synth_28056,4
synth_28588,4
synth_24313,4
synth_24580,4
synth_24358,4
synth_24557,4
synth_24756,4
synth_24925,4
synth_25061,4
synth_25275,4
synth_25367,4
synth_25406,4
synth_25526,4
synth_25652,4
synth_25694,4
synth_25866,4
synth_26053,4
synth_26095,4
synth_26143,4
synth_26826,4
synth_26848,4
synth_26868,4
synth_27088,4
synth_27522,4
synth_27719,4
synth_24280,4
synth_24493,4
synth_28339,4
synth_24577,4
synth_24595,4
synth_24620,4
synth_24669,4
synth_24968,4
synth_25254,4
synth_25628,4
synth_25871,4
synth_26023,4
synth_26163,4
synth_27113,4
synth_27489,4
synth_27713,4
synth_27908,4
synth_27936,4
synth_27997,4
synth_28009,4
synth_28255,4
synth_28366,4
synth_28433,4
synth_25136,4
synth_24740,4
synth_24751,4
synth_24760,4
synth_24806,4
synth_25077,4
synth_25271,4
synth_25374,4
synth_25542,4
synth_25605,4
synth_26115,4
synth_26654,4
synth_26750,4
synth_26793,4
synth_27121,4
synth_27327,4
synth_27510,4
synth_27660,4
synth_27955,4
synth_24330,4
synth_25329,4
synth_25756,4
synth_24378,4
synth_24410,4
synth_24887,4
synth_25101,4
synth_25131,4
synth_25269,4
synth_25584,4
synth_25610,4
synth_25710,4
synth_25723,4
synth_26215,4
synth_26484,4
synth_26573,4
synth_26574,4
synth_26601,4
synth_26673,4
synth_26872,4
synth_26894,4
synth_26934,4
synth_27094,4
synth_27103,4
synth_27284,4
synth_27391,4
synth_27444,4
synth_27476,4
synth_27789,4
synth_27872,4
synth_28000,4
synth_28088,4
synth_24423,4
synth_25019,4
synth_25427,4
synth_27204,4
synth_27514,4
synth_24337,4
synth_24627,4
synth_24666,4
synth_24694,4
synth_24737,4
synth_24953,4
synth_25153,4
synth_26150,4
synth_26282,4
synth_26620,4
synth_26811,4
synth_26981,4
synth_27082,4
synth_27111,4
synth_27137,4
synth_28224,4
synth_28546,4
synth_28637,4
synth_28648,4
synth_25137,4
synth_24397,4
synth_24622,4
synth_25304,4
synth_25354,4
synth_25494,4
synth_25798,4
synth_26343,4
synth_26827,4
synth_26991,4
synth_27004,4
synth_27084,4
synth_27172,4
synth_27196,4
synth_27272,4
synth_27453,4
synth_27675,4
synth_27871,4
synth_27977,4
synth_28040,4
synth_28058,4
synth_28086,4
synth_28314,4
synth_28317,4
synth_28508,4
synth_28603,4
synth_25149,4
synth_28369,4
synth_24710,4
synth_24933,4
synth_25074,4
synth_25483,4
synth_25634,4
synth_25702,4
synth_25914,4
synth_25963,4
synth_26222,4
synth_26885,4
synth_27050,4
synth_27059,4
synth_27150,4
synth_27283,4
synth_27641,4
synth_28110,4
synth_28650,4
synth_24483,4
synth_25258,4
synth_26188,4
synth_24299,4
synth_24394,4
synth_24645,4
synth_24649,4
synth_24738,4
synth_25032,4
synth_25293,4
synth_25413,4
synth_25443,4
synth_25869,4
synth_25894,4
synth_25910,4
synth_26024,4
synth_26866,4
synth_26892,4
synth_26909,4
synth_26957,4
synth_26962,4
synth_26998,4
synth_27424,4
synth_27762,4
synth_27835,4
synth_27896,4
synth_28492,4
synth_28541,4
synth_24345,4
synth_24481,4
synth_25203,4
synth_27279,4
synth_24260,4
synth_24561,4
synth_24890,4
synth_24898,4
synth_25182,4
synth_25389,4
synth_25748,4
synth_26074,4
synth_26103,4
synth_26224,4
synth_26424,4
synth_26470,4
synth_26485,4
synth_26867,4
synth_26874,4
synth_27099,4
synth_27223,4
synth_27415,4
synth_27684,4
synth_27718,4
synth_27721,4
synth_27824,4
synth_28159,4
synth_28400,4
synth_28462,4
synth_28570,4
synth_28585,4
synth_24753,4
synth_25001,4
synth_25004,4
synth_25243,4
synth_25631,4
synth_26102,4
synth_26279,4
synth_26599,4
synth_26770,4
synth_26778,4
synth_26898,4
synth_27011,4
synth_27054,4
synth_27158,4
synth_27182,4
synth_27533,4
synth_27555,4
synth_27651,4
synth_27667,4
synth_27988,4
synth_28477,4
synth_24270,4
synth_24342,4
synth_25490,4
synth_27518,4
synth_28408,4
synth_25051,4
synth_25969,4
synth_26207,4
synth_27163,4
synth_27290,4
synth_27451,4
synth_27498,4
synth_27708,4
synth_27712,4
synth_27913,4
synth_28217,4
synth_28434,4
synth_28659,4
synth_25169,4
synth_25446,4
synth_25096,4
synth_25168,4
synth_25513,4
synth_26683,4
synth_26946,4
synth_27066,4
synth_27315,4
synth_27368,4
synth_27398,4
synth_27475,4
synth_27654,4
synth_27691,4
synth_27921,4
synth_27953,4
synth_27961,4
synth_28037,4
synth_28047,4
synth_28081,4
synth_28100,4
synth_28412,4
synth_27209,4
synth_28427,4
synth_24809,4
synth_26031,4
synth_26226,4
synth_26325,4
synth_26541,4
synth_26694,4
synth_26873,4
synth_26927,4
synth_27240,4
synth_27336,4
synth_27633,4
synth_27720,4
synth_27784,4
synth_27852,4
synth_28237,4
synth_28254,4
synth_24354,4
synth_26012,4
synth_28607,4
synth_28668,4
synth_25284,4
synth_25522,4
synth_25624,4
synth_25707,4
synth_25948,4
synth_26176,4
synth_26537,4
synth_26687,4
synth_26830,4
synth_26881,4
synth_27234,4
synth_27396,4
synth_27412,4
synth_27744,4
synth_27760,4
synth_27941,4
synth_24674,4
synth_25018,4
synth_25380,4
synth_24406,4
synth_24412,4
synth_24515,4
synth_24704,4
synth_24963,4
synth_25223,4
synth_26458,4
synth_26562,4
synth_26823,4
synth_27129,4
synth_27200,4
synth_27317,4
synth_27564,4
synth_27751,4
synth_27860,4
synth_27933,4
synth_27966,4
synth_28145,4
synth_25059,4
synth_28107,4
synth_28133,4
synth_24269,4
synth_24510,4
synth_25250,4
synth_25403,4
synth_25545,4
synth_25626,4
synth_25681,4
synth_26052,4
synth_26055,4
synth_26144,4
synth_26257,4
synth_26335,4
synth_26628,4
synth_26987,4
synth_27265,4
synth_27366,4
synth_27703,4
synth_27849,4
synth_27935,4
synth_28171,4
synth_28182,4
synth_28226,4
synth_28564,4
synth_24335,4
synth_24383,4
synth_25255,4
synth_28130,4
synth_24586,4
synth_24690,4
synth_24789,4
synth_24873,4
synth_26073,4
synth_26449,4
synth_26514,4
synth_26609,4
synth_27242,4
synth_27264,4
synth_27897,4
synth_27934,4
synth_28073,4
synth_28121,4
synth_28185,4
synth_28208,4
synth_28372,4
synth_28384,4
synth_28470,4
synth_25207,4
synth_24263,4
synth_24266,4
synth_24267,4
synth_24665,4
synth_24793,4
synth_24867,4
synth_25298,4
synth_25324,4
synth_25473,4
synth_26046,4
synth_26401,4
synth_26785,4
synth_26787,4
synth_27227,4
synth_27287,4
synth_27729,4
synth_27905,4
synth_28584,4
synth_24470,4
synth_24624,4
synth_25199,4
synth_25366,4
synth_26085,4
synth_26172,4
synth_26520,4
synth_27119,4
synth_27220,4
synth_27658,4
synth_27769,4
synth_27994,4
synth_28029,4
synth_28062,4
synth_28111,4
synth_28218,4
synth_28399,4
synth_25530,4
synth_26038,4
synth_24902,4
synth_25052,4
synth_25072,4
synth_25231,4
synth_26137,4
synth_26147,4
synth_26232,4
synth_26444,4
synth_26622,4
synth_26937,4
synth_27152,4
synth_27192,4
synth_27544,4
synth_27618,4
synth_27678,4
synth_27778,4
synth_24286,4
synth_25778,4
synth_28555,4
synth_24264,4
synth_24393,4
synth_24556,4
synth_24604,4
synth_24671,4
synth_25026,4
synth_25065,4
synth_25422,4
synth_25803,4
synth_25818,4
synth_25984,4
synth_26713,4
synth_27442,4
synth_27447,4
synth_27483,4
synth_27800,4
synth_24375,4
synth_28428,4
synth_28557,4
synth_24467,4
synth_24983,4
synth_25314,4
synth_25342,4
synth_25359,4
synth_25672,4
synth_26234,4
synth_26664,4
synth_26747,4
synth_26801,4
synth_26815,4
synth_26842,4
synth_27104,4
synth_27213,4
synth_27305,4
synth_27347,4
synth_27469,4
synth_27504,4
synth_27619,4
synth_27668,4
synth_27984,4
synth_27995,4
synth_28084,4
synth_28308,4
synth_28346,4
synth_28394,4
synth_28491,4
synth_28635,4
synth_28658,4
synth_24474,4
synth_24542,4
synth_24713,4
synth_24954,4
synth_25467,4
synth_25539,4
synth_25705,4
synth_25909,4
synth_26208,4
synth_26583,4
synth_26758,4
synth_26858,4
synth_26884,4
synth_26995,4
synth_27053,4
synth_28152,4
synth_28267,4
synth_28438,4
synth_28533,4
synth_28572,4
synth_25246,4
synth_25449,4
synth_28616,4
synth_28629,4
synth_24882,4
synth_25479,4
synth_25640,4
synth_25920,4
synth_25939,4
synth_26068,4
synth_26140,4
synth_26340,4
synth_26341,4
synth_26469,4
synth_26554,4
synth_26784,4
synth_26904,4
synth_26913,4
synth_26918,4
synth_26950,4
synth_27179,4
synth_27194,4
synth_27393,4
synth_27450,4
synth_27482,4
synth_27804,4
synth_27925,4
synth_28143,4
synth_24304,4
synth_24374,4
synth_25306,4
synth_24565,4
synth_24637,4
synth_24646,4
synth_25160,4
synth_25474,4
synth_26319,4
synth_26477,4
synth_26480,4
synth_26757,4
synth_27285,4
synth_27607,4
synth_27829,4
synth_28043,4
synth_28251,4
synth_28281,4
synth_28320,4
synth_28370,4
synth_25007,4
synth_28604,4
synth_24629,4
synth_24981,4
synth_25544,4
synth_25546,4
synth_25548,4
synth_25805,4
synth_25941,4
synth_26090,4
synth_26108,4
synth_26175,4
synth_26237,4
synth_26274,4
synth_26305,4
synth_26383,4
synth_26431,4
synth_26531,4
synth_26693,4
synth_26807,4
synth_27155,4
synth_27254,4
synth_27388,4
synth_27587,4
synth_27707,4
synth_27959,4
synth_28136,4
synth_28396,4
synth_25156,4
synth_25593,4
synth_26026,4
synth_24302,4
synth_24916,4
synth_24995,4
synth_25053,4
synth_25471,4
synth_25514,4
synth_25946,4
synth_26331,4
synth_26550,4
synth_26669,4
synth_27116,4
synth_27550,4
synth_27699,4
synth_27805,4
synth_27831,4
synth_27990,4
synth_28469,4
synth_28498,4
synth_25176,4
synth_24701,4
synth_24718,4
synth_24769,4
synth_25171,4
synth_25226,4
synth_25501,4
synth_26170,4
synth_26209,4
synth_26715,4
synth_27051,4
synth_27159,4
synth_27233,4
synth_27818,4
synth_28038,4
synth_28091,4
synth_24281,4
synth_24306,4
synth_24334,4
synth_24372,4
synth_25108,4
synth_25188,4
synth_25588,4
synth_24599,4
synth_24628,4
synth_24641,4
synth_24643,4
synth_24734,4
synth_24783,4
synth_26213,4
synth_26264,4
synth_26374,4
synth_26403,4
synth_26432,4
synth_26507,4
synth_26615,4
synth_26656,4
synth_27167,4
synth_27356,4
synth_28287,4
synth_24293,4
synth_28613,4
synth_24762,4
synth_24837,4
synth_24855,4
synth_25356,4
synth_25527,4
synth_25674,4
synth_25722,4
synth_25807,4
synth_25858,4
synth_25988,4
synth_26235,4
synth_26621,4
synth_26772,4
synth_27151,4
synth_27326,4
synth_27387,4
synth_27486,4
synth_27493,4
synth_27715,4
synth_27850,4
synth_27863,4
synth_27866,4
synth_27887,4
synth_28079,4
synth_28090,4
synth_28186,4
synth_28520,4
synth_24294,4
synth_24491,4
synth_25339,4
synth_24356,4
synth_24522,4
synth_24934,4
synth_24955,4
synth_25296,4
synth_25525,4
synth_25669,4
synth_25676,4
synth_26165,4
synth_26233,4
synth_26727,4
synth_26825,4
synth_26871,4
synth_27070,4
synth_27135,4
synth_27173,4
synth_27225,4
synth_27645,4
synth_27952,4
synth_28211,4
synth_24305,4
synth_24319,4
synth_24370,4
synth_25147,4
synth_28335,4
synth_28375,4
synth_24525,4
synth_24548,4
synth_24716,4
synth_25263,4
synth_25898,4
synth_25955,4
synth_25956,4
synth_25980,4
synth_26200,4
synth_26243,4
synth_26320,4
synth_26792,4
synth_26836,4
synth_27091,4
synth_27337,4
synth_27370,4
synth_27400,4
synth_27620,4
synth_27716,4
synth_27754,4
synth_27812,4
synth_28257,4
synth_28542,4
synth_25104,4
synth_25759,4
synth_28939,3
synth_29074,3
synth_29256,3
synth_29444,3
synth_29465,3
synth_30037,3
synth_30337,3
synth_31331,3
synth_32046,3
synth_32075,3
synth_32202,3
synth_32853,3
synth_32879,3
synth_33218,3
synth_33221,3
synth_33225,3
synth_33258,3
synth_33410,3
synth_33671,3
synth_33783,3
synth_33870,3
synth_33920,3
synth_34009,3
synth_34030,3
synth_34183,3
synth_34519,3
synth_35230,3
synth_35234,3
synth_30659,3
synth_30869,3
synth_30903,3
synth_30943,3
synth_31445,3
synth_32674,3
synth_32861,3
synth_33807,3
synth_33897,3
synth_34888,3
synth_35811,3
synth_28784,3
synth_28877,3
synth_28986,3
synth_29040,3
synth_29416,3
synth_29829,3
synth_29834,3
synth_29896,3
synth_29940,3
synth_29959,3
synth_29960,3
synth_30136,3
synth_30932,3
synth_31032,3
synth_31514,3
synth_32032,3
synth_32081,3
synth_32136,3
synth_32799,3
synth_33043,3
synth_33063,3
synth_33832,3
synth_34273,3
synth_34348,3
synth_34527,3
synth_34958,3
synth_35155,3
synth_35462,3
synth_35529,3
synth_35537,3
synth_29531,3
synth_29586,3
synth_30551,3
synth_31279,3
synth_31904,3
synth_31994,3
synth_32452,3
synth_32565,3
synth_32614,3
synth_32942,3
synth_32955,3
synth_28994,3
synth_29097,3
synth_29102,3
synth_29243,3
synth_29617,3
synth_30017,3
synth_30148,3
synth_30642,3
synth_31207,3
synth_31333,3
synth_31340,3
synth_31349,3
synth_32085,3
synth_32147,3
synth_32209,3
synth_32372,3
synth_32739,3
synth_33049,3
synth_33322,3
synth_33653,3
synth_33956,3
synth_34264,3
synth_34564,3
synth_34666,3
synth_34945,3
synth_35582,3
synth_31146,3
synth_31256,3
synth_31642,3
synth_31825,3
synth_31985,3
synth_32980,3
synth_33482,3
synth_33724,3
synth_33727,3
synth_34792,3
synth_34894,3
synth_35688,3
synth_28746,3
synth_28874,3
synth_28922,3
synth_29232,3
synth_29392,3
synth_29676,3
synth_31538,3
synth_32167,3
synth_32322,3
synth_32397,3
synth_32539,3
synth_32915,3
synth_32922,3
synth_33155,3
synth_33156,3
synth_33164,3
synth_33685,3
synth_33909,3
synth_34302,3
synth_34563,3
synth_34787,3
synth_34891,3
synth_34931,3
synth_35195,3
synth_35199,3
synth_35590,3
synth_29737,3
synth_31145,3
synth_31768,3
synth_31946,3
synth_32564,3
synth_32650,3
synth_32801,3
synth_33566,3
synth_34582,3
synth_34614,3
synth_35883,3
synth_28747,3
synth_28923,3
synth_28973,3
synth_29139,3
synth_29592,3
synth_29668,3
synth_29825,3
synth_30067,3
synth_30175,3
synth_30327,3
synth_30926,3
synth_31025,3
synth_31205,3
synth_31370,3
synth_31560,3
synth_31807,3
synth_33388,3
synth_33534,3
synth_33716,3
synth_33821,3
synth_34186,3
synth_34966,3
synth_35197,3
synth_35324,3
synth_35442,3
synth_30470,3
synth_30475,3
synth_31288,3
synth_33520,3
synth_33602,3
synth_33997,3
synth_34905,3
synth_35801,3
synth_35842,3
synth_28742,3
synth_28791,3
synth_29528,3
synth_29822,3
synth_29957,3
synth_30121,3
synth_30612,3
synth_30649,3
synth_31283,3
synth_32079,3
synth_32132,3
synth_32190,3
synth_33053,3
synth_33201,3
synth_33270,3
synth_33662,3
synth_33801,3
synth_34114,3
synth_34181,3
synth_34560,3
synth_35074,3
synth_35150,3
synth_35171,3
synth_35249,3
synth_35623,3
synth_30505,3
synth_31124,3
synth_31482,3
synth_31660,3
synth_31822,3
synth_31975,3
synth_31990,3
synth_32121,3
synth_32638,3
synth_32818,3
synth_32830,3
synth_32839,3
synth_35040,3
synth_29210,3
synth_29826,3
synth_29844,3
synth_30070,3
synth_30283,3
synth_30461,3
synth_30832,3
synth_30945,3
synth_31004,3
synth_31725,3
synth_32235,3
synth_32313,3
synth_32328,3
synth_32603,3
synth_33094,3
synth_33108,3
synth_33397,3
synth_33802,3
synth_34211,3
synth_34404,3
synth_34418,3
synth_34427,3
synth_34493,3
synth_34873,3
synth_34963,3
synth_35233,3
synth_35361,3
synth_35596,3
synth_29061,3
synth_29609,3
synth_30363,3
synth_30942,3
synth_30972,3
synth_31437,3
synth_34901,3
synth_29215,3
synth_29241,3
synth_29745,3
synth_29881,3
synth_30011,3
synth_30706,3
synth_30728,3
synth_30895,3
synth_32117,3
synth_32168,3
synth_32725,3
synth_32793,3
synth_34046,3
synth_34280,3
synth_34370,3
synth_34656,3
synth_35168,3
synth_35520,3
synth_35578,3
synth_35857,3
synth_30264,3
synth_30479,3
synth_30578,3
synth_31127,3
synth_31404,3
synth_31676,3
synth_32406,3
synth_34778,3
synth_28810,3
synth_28891,3
synth_28978,3
synth_29251,3
synth_30061,3
synth_30333,3
synth_30898,3
synth_31034,3
synth_31057,3
synth_31187,3
synth_31731,3
synth_32006,3
synth_32392,3
synth_32722,3
synth_33269,3
synth_33289,3
synth_33380,3
synth_33583,3
synth_34056,3
synth_34439,3
synth_34767,3
synth_34882,3
synth_34959,3
synth_35180,3
synth_35216,3
synth_35647,3
synth_29626,3
synth_30902,3
synth_30937,3
synth_31327,3
synth_31456,3
synth_31893,3
synth_31920,3
synth_31952,3
synth_31953,3
synth_32677,3
synth_33434,3
synth_35042,3
synth_35670,3
synth_28799,3
synth_28871,3
synth_29180,3
synth_29218,3
synth_29357,3
synth_29655,3
synth_29792,3
synth_29868,3
synth_29964,3
synth_30687,3
synth_30799,3
synth_31102,3
synth_31176,3
synth_31519,3
synth_31571,3
synth_31756,3
synth_32064,3
synth_32247,3
synth_33065,3
synth_33371,3
synth_33541,3
synth_34747,3
synth_34936,3
synth_35359,3
synth_29411,3
synth_30254,3
synth_30276,3
synth_30592,3
synth_31143,3
synth_31413,3
synth_31603,3
synth_31986,3
synth_32027,3
synth_32417,3
synth_32499,3
synth_32627,3
synth_33426,3
synth_33608,3
synth_28722,3
synth_29105,3
synth_29173,3
synth_29685,3
synth_29743,3
synth_30633,3
synth_31111,3
synth_31199,3
synth_32269,3
synth_33142,3
synth_33595,3
synth_33789,3
synth_33861,3
synth_34372,3
synth_34511,3
synth_34569,3
synth_34617,3
synth_35086,3
synth_35217,3
synth_35876,3
synth_30102,3
synth_30983,3
synth_31995,3
synth_32694,3
synth_33516,3
synth_33569,3
synth_33858,3
synth_34720,3
synth_34847,3
synth_28764,3
synth_28932,3
synth_29107,3
synth_29222,3
synth_29231,3
synth_29233,3
synth_29342,3
synth_29467,3
synth_29523,3
synth_29596,3
synth_29636,3
synth_29727,3
synth_29796,3
synth_29992,3
synth_30310,3
synth_30608,3
synth_31072,3
synth_31332,3
synth_31508,3
synth_31606,3
synth_31621,3
synth_32241,3
synth_32584,3
synth_33396,3
synth_33424,3
synth_33972,3
synth_34241,3
synth_34408,3
synth_34504,3
synth_35160,3
synth_35332,3
synth_29193,3
synth_30543,3
synth_31255,3
synth_31403,3
synth_31460,3
synth_31704,3
synth_32466,3
synth_34684,3
synth_34729,3
synth_35000,3
synth_29057,3
synth_29324,3
synth_29703,3
synth_29713,3
synth_29797,3
synth_29966,3
synth_30211,3
synth_30805,3
synth_30974,3
synth_31506,3
synth_31750,3
synth_31800,3
synth_32239,3
synth_32256,3
synth_32292,3
synth_33971,3
synth_34002,3
synth_34040,3
synth_34335,3
synth_34828,3
synth_35173,3
synth_35312,3
synth_33430,3
synth_33470,3
synth_33613,3
synth_33746,3
synth_33817,3
synth_34812,3
synth_35005,3
synth_28752,3
synth_29309,3
synth_29364,3
synth_29571,3
synth_29597,3
synth_29671,3
synth_29883,3
synth_30493,3
synth_30518,3
synth_30755,3
synth_31110,3
synth_31169,3
synth_31627,3
synth_31783,3
synth_32024,3
synth_32477,3
synth_33619,3
synth_34061,3
synth_34068,3
synth_34078,3
synth_34263,3
synth_35093,3
synth_35094,3
synth_35281,3
synth_35422,3
synth_35441,3
synth_35456,3
synth_35557,3
synth_29001,3
synth_30394,3
synth_30564,3
synth_30653,3
synth_30811,3
synth_31275,3
synth_31462,3
synth_31848,3
synth_32188,3
synth_32461,3
synth_32600,3
synth_35011,3
synth_28820,3
synth_28906,3
synth_29007,3
synth_29514,3
synth_29742,3
synth_30001,3
synth_30115,3
synth_30331,3
synth_30733,3
synth_31338,3
synth_31574,3
synth_31586,3
synth_32537,3
synth_32756,3
synth_33742,3
synth_33862,3
synth_33903,3
synth_33967,3
synth_34358,3
synth_34957,3
synth_34993,3
synth_28967,3
synth_29618,3
synth_31400,3
synth_31857,3
synth_31914,3
synth_31947,3
synth_32429,3
synth_32871,3
synth_33628,3
synth_35053,3
synth_28786,3
synth_28920,3
synth_29478,3
synth_29642,3
synth_29679,3
synth_29850,3
synth_29979,3
synth_30059,3
synth_30351,3
synth_30935,3
synth_31010,3
synth_31011,3
synth_32244,3
synth_32338,3
synth_32352,3
synth_32556,3
synth_32754,3
synth_33577,3
synth_33830,3
synth_34023,3
synth_34307,3
synth_34332,3
synth_34413,3
synth_34541,3
synth_35113,3
synth_35129,3
synth_35211,3
synth_35413,3
synth_29714,3
synth_30224,3
synth_30233,3
synth_30238,3
synth_30248,3
synth_31379,3
synth_31436,3
synth_31898,3
synth_31957,3
synth_32555,3
synth_32619,3
synth_32813,3
synth_33527,3
synth_33610,3
synth_33679,3
synth_33895,3
synth_28773,3
synth_28882,3
synth_29236,3
synth_29495,3
synth_30212,3
synth_30281,3
synth_30847,3
synth_31191,3
synth_31311,3
synth_31346,3
synth_31511,3
synth_31720,3
synth_32138,3
synth_32872,3
synth_33020,3
synth_33274,3
synth_33306,3
synth_33743,3
synth_33845,3
synth_34232,3
synth_34243,3
synth_34642,3
synth_35021,3
synth_35069,3
synth_35159,3
synth_35248,3
synth_35733,3
synth_30561,3
synth_30650,3
synth_30871,3
synth_31527,3
synth_31779,3
synth_31843,3
synth_31956,3
synth_31961,3
synth_32918,3
synth_33404,3
synth_33656,3
synth_34633,3
synth_28935,3
synth_29046,3
synth_29114,3
synth_29172,3
synth_29286,3
synth_29929,3
synth_30467,3
synth_30816,3
synth_31549,3
synth_31623,3
synth_31624,3
synth_32227,3
synth_32334,3
synth_33077,3
synth_33594,3
synth_33777,3
synth_33786,3
synth_34150,3
synth_34231,3
synth_35424,3
synth_29550,3
synth_29770,3
synth_30237,3
synth_30574,3
synth_31708,3
synth_32648,3
synth_32669,3
synth_32811,3
synth_33519,3
synth_33538,3
synth_33945,3
synth_35061,3
synth_35882,3
synth_28709,3
synth_28812,3
synth_29141,3
synth_29200,3
synth_29208,3
synth_29283,3
synth_29335,3
synth_29337,3
synth_29704,3
synth_29843,3
synth_29875,3
synth_29919,3
synth_29976,3
synth_30106,3
synth_30122,3
synth_30435,3
synth_30512,3
synth_30995,3
synth_31629,3
synth_32690,3
synth_32925,3
synth_33200,3
synth_33210,3
synth_33299,3
synth_33846,3
synth_33934,3
synth_34007,3
synth_34230,3
synth_34926,3
synth_35343,3
synth_35362,3
synth_35656,3
synth_28716,3
synth_29430,3
synth_29738,3
synth_30553,3
synth_31125,3
synth_31259,3
synth_31824,3
synth_31871,3
synth_31921,3
synth_32631,3
synth_32710,3
synth_32730,3
synth_33812,3
synth_35784,3
synth_28772,3
synth_28804,3
synth_28808,3
synth_28971,3
synth_30193,3
synth_30463,3
synth_30803,3
synth_30960,3
synth_31062,3
synth_31383,3
synth_31619,3
synth_31802,3
synth_32254,3
synth_32289,3
synth_32310,3
synth_32364,3
synth_33073,3
synth_33128,3
synth_33159,3
synth_33243,3
synth_33366,3
synth_33894,3
synth_34460,3
synth_34580,3
synth_34726,3
synth_34731,3
synth_34743,3
synth_34753,3
synth_35237,3
synth_35344,3
synth_35490,3
synth_30652,3
synth_30656,3
synth_30827,3
synth_31277,3
synth_31864,3
synth_32087,3
synth_32494,3
synth_32999,3
synth_33937,3
synth_28811,3
synth_28859,3
synth_28974,3
synth_29349,3
synth_29378,3
synth_29928,3
synth_29933,3
synth_29972,3
synth_29993,3
synth_30215,3
synth_30316,3
synth_30332,3
synth_30515,3
synth_30765,3
synth_30819,3
synth_31058,3
synth_31183,3
synth_31242,3
synth_31608,3
synth_31620,3
synth_32151,3
synth_32201,3
synth_32206,3
synth_32278,3
synth_32280,3
synth_32308,3
synth_32319,3
synth_33389,3
synth_33697,3
synth_33910,3
synth_33933,3
synth_33994,3
synth_34494,3
synth_34808,3
synth_35172,3
synth_35206,3
synth_35307,3
synth_35523,3
synth_35600,3
synth_29010,3
synth_30256,3
synth_30918,3
synth_31454,3
synth_32420,3
synth_32945,3
synth_33317,3
synth_33446,3
synth_35776,3
synth_28766,3
synth_29603,3
synth_29622,3
synth_29677,3
synth_30196,3
synth_30769,3
synth_30846,3
synth_30893,3
synth_31006,3
synth_31201,3
synth_31280,3
synth_31618,3
synth_32153,3
synth_32534,3
synth_32916,3
synth_33030,3
synth_33068,3
synth_33367,3
synth_34063,3
synth_34237,3
synth_34437,3
synth_34540,3
synth_34892,3
synth_34951,3
synth_35101,3
synth_35289,3
synth_35683,3
synth_29505,3
synth_29610,3
synth_29709,3
synth_30556,3
synth_31834,3
synth_32886,3
synth_32997,3
synth_33342,3
synth_34898,3
synth_35006,3
synth_28873,3
synth_29050,3
synth_29147,3
synth_29202,3
synth_29295,3
synth_29399,3
synth_29674,3
synth_29695,3
synth_30186,3
synth_30571,3
synth_30780,3
synth_31394,3
synth_31409,3
synth_31545,3
synth_31587,3
synth_31771,3
synth_31796,3
synth_31803,3
synth_32157,3
synth_32242,3
synth_32389,3
synth_32715,3
synth_32921,3
synth_33113,3
synth_33190,3
synth_33295,3
synth_33542,3
synth_33651,3
synth_33863,3
synth_34245,3
synth_34470,3
synth_34679,3
synth_35082,3
synth_35119,3
synth_28968,3
synth_30872,3
synth_31236,3
synth_32488,3
synth_32695,3
synth_33456,3
synth_33493,3
synth_33544,3
synth_34893,3
synth_35755,3
synth_28993,3
synth_29125,3
synth_29425,3
synth_29489,3
synth_29765,3
synth_29885,3
synth_30431,3
synth_30947,3
synth_31069,3
synth_31130,3
synth_31170,3
synth_31335,3
synth_31380,3
synth_31727,3
synth_31816,3
synth_32282,3
synth_32905,3
synth_33018,3
synth_33050,3
synth_33203,3
synth_33579,3
synth_33779,3
synth_34324,3
synth_35198,3
synth_35291,3
synth_35659,3
synth_29749,3
synth_31137,3
synth_31248,3
synth_31497,3
synth_31861,3
synth_32487,3
synth_29263,3
synth_29821,3
synth_30094,3
synth_30367,3
synth_30666,3
synth_30966,3
synth_31080,3
synth_31087,3
synth_31179,3
synth_32099,3
synth_32279,3
synth_32342,3
synth_32394,3
synth_32575,3
synth_32902,3
synth_33241,3
synth_33297,3
synth_33304,3
synth_33673,3
synth_34084,3
synth_34275,3
synth_35179,3
synth_35494,3
synth_30119,3
synth_30246,3
synth_31421,3
synth_31487,3
synth_31654,3
synth_31681,3
synth_31844,3
synth_31964,3
synth_32661,3
synth_32896,3
synth_32973,3
synth_33479,3
synth_33499,3
synth_33500,3
synth_33930,3
synth_34895,3
synth_35807,3
synth_29024,3
synth_29401,3
synth_30074,3
synth_30087,3
synth_30620,3
synth_30763,3
synth_30792,3
synth_30967,3
synth_31002,3
synth_31031,3
synth_31555,3
synth_31999,3
synth_32363,3
synth_32685,3
synth_33261,3
synth_33411,3
synth_33412,3
synth_33606,3
synth_33781,3
synth_33887,3
synth_34214,3
synth_34809,3
synth_35551,3
synth_35631,3
synth_29759,3
synth_30360,3
synth_30501,3
synth_30545,3
synth_30981,3
synth_31459,3
synth_31840,3
synth_32771,3
synth_33726,3
synth_33805,3
synth_35862,3
synth_29088,3
synth_29137,3
synth_29385,3
synth_29578,3
synth_30024,3
synth_30154,3
synth_30492,3
synth_30795,3
synth_31071,3
synth_31075,3
synth_31163,3
synth_32007,3
synth_32140,3
synth_32359,3
synth_32869,3
synth_33494,3
synth_33880,3
synth_34166,3
synth_34223,3
synth_35207,3
synth_35855,3
synth_30163,3
synth_30800,3
synth_30829,3
synth_32613,3
synth_32841,3
synth_33318,3
synth_33405,3
synth_34748,3
synth_35860,3
synth_28870,3
synth_29033,3
synth_29127,3
synth_30091,3
synth_30204,3
synth_31081,3
synth_31264,3
synth_31491,3
synth_31671,3
synth_31837,3
synth_32558,3
synth_32573,3
synth_33179,3
synth_33760,3
synth_33770,3
synth_33776,3
synth_34152,3
synth_34479,3
synth_35229,3
synth_35391,3
synth_35416,3
synth_35579,3
synth_35728,3
synth_29565,3
synth_30654,3
synth_30717,3
synth_31455,3
synth_31526,3
synth_31701,3
synth_31777,3
synth_31974,3
synth_32781,3
synth_32970,3
synth_33331,3
synth_33526,3
synth_33529,3
synth_35852,3
synth_28953,3
synth_29004,3
synth_29068,3
synth_29367,3
synth_29773,3
synth_29915,3
synth_31500,3
synth_31559,3
synth_32268,3
synth_32378,3
synth_32379,3
synth_32737,3
synth_33011,3
synth_35513,3
synth_35816,3
synth_35859,3
synth_28910,3
synth_29421,3
synth_30266,3
synth_31357,3
synth_31826,3
synth_32112,3
synth_32448,3
synth_32829,3
synth_34604,3
synth_34837,3
synth_35672,3
synth_28737,3
synth_28848,3
synth_29025,3
synth_29185,3
synth_29207,3
synth_29290,3
synth_29694,3
synth_29871,3
synth_30153,3
synth_30636,3
synth_31026,3
synth_31469,3
synth_31509,3
synth_32324,3
synth_32637,3
synth_33002,3
synth_33022,3
synth_33120,3
synth_33761,3
synth_34707,3
synth_35559,3
synth_35576,3
synth_35767,3
synth_29192,3
synth_31247,3
synth_31478,3
synth_31924,3
synth_32885,3
synth_33509,3
synth_34624,3
synth_34634,3
synth_34698,3
synth_35002,3
synth_35066,3
synth_35629,3
synth_35693,3
synth_28698,3
synth_29079,3
synth_29094,3
synth_29109,3
synth_29178,3
synth_29209,3
synth_29706,3
synth_30133,3
synth_30548,3
synth_32503,3
synth_32532,3
synth_33115,3
synth_33229,3
synth_33240,3
synth_33495,3
synth_33864,3
synth_33954,3
synth_34075,3
synth_34495,3
synth_34952,3
synth_35502,3
synth_35504,3
synth_35511,3
synth_30503,3
synth_31254,3
synth_31600,3
synth_32887,3
synth_32963,3
synth_32993,3
synth_33522,3
synth_33611,3
synth_33738,3
synth_35760,3
synth_35788,3
synth_29315,3
synth_29344,3
synth_29469,3
synth_29613,3
synth_29870,3
synth_29967,3
synth_29982,3
synth_30192,3
synth_30290,3
synth_30923,3
synth_30977,3
synth_30985,3
synth_31030,3
synth_31061,3
synth_31171,3
synth_32773,3
synth_33003,3
synth_33230,3
synth_33393,3
synth_34553,3
synth_34709,3
synth_35154,3
synth_35303,3
synth_29711,3
synth_30349,3
synth_30599,3
synth_31134,3
synth_31328,3
synth_31856,3
synth_31988,3
synth_32621,3
synth_32652,3
synth_33467,3
synth_33539,3
synth_33717,3
synth_33728,3
synth_33835,3
synth_34446,3
synth_35790,3
synth_29090,3
synth_29121,3
synth_29910,3
synth_29924,3
synth_29974,3
synth_30123,3
synth_30313,3
synth_30694,3
synth_31609,3
synth_31879,3
synth_32376,3
synth_32680,3
synth_32903,3
synth_32989,3
synth_33782,3
synth_34097,3
synth_34556,3
synth_34785,3
synth_35084,3
synth_35122,3
synth_35597,3
synth_30371,3
synth_30540,3
synth_31664,3
synth_32110,3
synth_32836,3
synth_34632,3
synth_35013,3
synth_29123,3
synth_29155,3
synth_29379,3
synth_29415,3
synth_29748,3
synth_29889,3
synth_30628,3
synth_30916,3
synth_31430,3
synth_31467,3
synth_32107,3
synth_32260,3
synth_33124,3
synth_33680,3
synth_34461,3
synth_34499,3
synth_34525,3
synth_34639,3
synth_34703,3
synth_34734,3
synth_34933,3
synth_35027,3
synth_35151,3
synth_35497,3
synth_30439,3
synth_30970,3
synth_31709,3
synth_31775,3
synth_32663,3
synth_32749,3
synth_34827,3
synth_35625,3
synth_35824,3
synth_28903,3
synth_29099,3
synth_29557,3
synth_30131,3
synth_30955,3
synth_31512,3
synth_32161,3
synth_32381,3
synth_32863,3
synth_32935,3
synth_33105,3
synth_33169,3
synth_33665,3
synth_33670,3
synth_34281,3
synth_34304,3
synth_34516,3
synth_34715,3
synth_34783,3
synth_35181,3
synth_35373,3
synth_35708,3
synth_29721,3
synth_30255,3
synth_30273,3
synth_31493,3
synth_31900,3
synth_31954,3
synth_32566,3
synth_32589,3
synth_32828,3
synth_32870,3
synth_32895,3
synth_33517,3
synth_34627,3
synth_35863,3
synth_28785,3
synth_28868,3
synth_29100,3
synth_29591,3
synth_30468,3
synth_30753,3
synth_30808,3
synth_30946,3
synth_31085,3
synth_31240,3
synth_31270,3
synth_31314,3
synth_31770,3
synth_32023,3
synth_32396,3
synth_32604,3
synth_32704,3
synth_32789,3
synth_33145,3
synth_33592,3
synth_34314,3
synth_34454,3
synth_34562,3
synth_34791,3
synth_35131,3
synth_35187,3
synth_35241,3
synth_35535,3
synth_35745,3
synth_28705,3
synth_29070,3
synth_29629,3
synth_30502,3
synth_31252,3
synth_33648,3
synth_35820,3
synth_29122,3
synth_29793,3
synth_29898,3
synth_30028,3
synth_30857,3
synth_32729,3
synth_33086,3
synth_33242,3
synth_33476,3
synth_33477,3
synth_33784,3
synth_34107,3
synth_34259,3
synth_34278,3
synth_34298,3
synth_34315,3
synth_34329,3
synth_34980,3
synth_35348,3
synth_35563,3
synth_35604,3
synth_35768,3
synth_29788,3
synth_30144,3
synth_30239,3
synth_30481,3
synth_30598,3
synth_31863,3
synth_32105,3
synth_32450,3
synth_32483,3
synth_32531,3
synth_33341,3
synth_29375,3
synth_29696,3
synth_29806,3
synth_29913,3
synth_30051,3
synth_30736,3
synth_31558,3
synth_31785,3
synth_32542,3
synth_32606,3
synth_32857,3
synth_33239,3
synth_33916,3
synth_34027,3
synth_34234,3
synth_34308,3
synth_34498,3
synth_34508,3
synth_35457,3
synth_35740,3
synth_30405,3
synth_30982,3
synth_31439,3
synth_31880,3
synth_31938,3
synth_31983,3
synth_33485,3
synth_34626,3
synth_28693,3
synth_28955,3
synth_29106,3
synth_29274,3
synth_29852,3
synth_29917,3
synth_29950,3
synth_30114,3
synth_30350,3
synth_30443,3
synth_30954,3
synth_30988,3
synth_31215,3
synth_32098,3
synth_32208,3
synth_32907,3
synth_33045,3
synth_33260,3
synth_33272,3
synth_33386,3
synth_33825,3
synth_33847,3
synth_34154,3
synth_34399,3
synth_34407,3
synth_34665,3
synth_35286,3
synth_35461,3
synth_29611,3
synth_29758,3
synth_30229,3
synth_30664,3
synth_31810,3
synth_31930,3
synth_31932,3
synth_31980,3
synth_33637,3
synth_35873,3
synth_28822,3
synth_28840,3
synth_29590,3
synth_29659,3
synth_29884,3
synth_30089,3
synth_30525,3
synth_30630,3
synth_31077,3
synth_32082,3
synth_32305,3
synth_32345,3
synth_32535,3
synth_33121,3
synth_33543,3
synth_33593,3
synth_33720,3
synth_33901,3
synth_34838,3
synth_35366,3
synth_35710,3
synth_30183,3
synth_30739,3
synth_31887,3
synth_31905,3
synth_32529,3
synth_33316,3
synth_33464,3
synth_34682,3
synth_34772,3
synth_34799,3
synth_28686,3
synth_29302,3
synth_29533,3
synth_30297,3
synth_30689,3
synth_30726,3
synth_30859,3
synth_30860,3
synth_31066,3
synth_31108,3
synth_31330,3
synth_31688,3
synth_31989,3
synth_32038,3
synth_32333,3
synth_32517,3
synth_32597,3
synth_33199,3
synth_33365,3
synth_33712,3
synth_33882,3
synth_33923,3
synth_34088,3
synth_34201,3
synth_34759,3
synth_34948,3
synth_35035,3
synth_35319,3
synth_35430,3
synth_28913,3
synth_29351,3
synth_30848,3
synth_31488,3
synth_33330,3
synth_33601,3
synth_33659,3
synth_28677,3
synth_28852,3
synth_29270,3
synth_29813,3
synth_29892,3
synth_29918,3
synth_29973,3
synth_30250,3
synth_30549,3
synth_30670,3
synth_30787,3
synth_31291,3
synth_31577,3
synth_31625,3
synth_31687,3
synth_31781,3
synth_32065,3
synth_32221,3
synth_32253,3
synth_32682,3
synth_33060,3
synth_33131,3
synth_33167,3
synth_33235,3
synth_33312,3
synth_33540,3
synth_34188,3
synth_34242,3
synth_34503,3
synth_34648,3
synth_35200,3
synth_35260,3
synth_35370,3
synth_35476,3
synth_35556,3
synth_35574,3
synth_35588,3
synth_35612,3
synth_28703,3
synth_29718,3
synth_30573,3
synth_30651,3
synth_31155,3
synth_31476,3
synth_31811,3
synth_31828,3
synth_33337,3
synth_34815,3
synth_34855,3
synth_35675,3
synth_28815,3
synth_28823,3
synth_28827,3
synth_28952,3
synth_28989,3
synth_29078,3
synth_29171,3
synth_29174,3
synth_29484,3
synth_29722,3
synth_29778,3
synth_30321,3
synth_30329,3
synth_30522,3
synth_30629,3
synth_30850,3
synth_30915,3
synth_30961,3
synth_31090,3
synth_31092,3
synth_31114,3
synth_31132,3
synth_31372,3
synth_33173,3
synth_33344,3
synth_33551,3
synth_34403,3
synth_34423,3
synth_34744,3
synth_35114,3
synth_35380,3
synth_35451,3
synth_35459,3
synth_35618,3
synth_35622,3
synth_30253,3
synth_30499,3
synth_32938,3
synth_33705,3
synth_33718,3
synth_34445,3
synth_34630,3
synth_34683,3
synth_35690,3
synth_35818,3
synth_28895,3
synth_29012,3
synth_29077,3
synth_29118,3
synth_29284,3
synth_29650,3
synth_29708,3
synth_30058,3
synth_30213,3
synth_30412,3
synth_30613,3
synth_30684,3
synth_30740,3
synth_30764,3
synth_31513,3
synth_32294,3
synth_32369,3
synth_32385,3
synth_32917,3
synth_33163,3
synth_33209,3
synth_33326,3
synth_33778,3
synth_33986,3
synth_34018,3
synth_34033,3
synth_34034,3
synth_34122,3
synth_34240,3
synth_34316,3
synth_34464,3
synth_34991,3
synth_35111,3
synth_35134,3
synth_35414,3
synth_35500,3
synth_35501,3
synth_28908,3
synth_31308,3
synth_31496,3
synth_32124,3
synth_32553,3
synth_33438,3
synth_34701,3
synth_28887,3
synth_29427,3
synth_29942,3
synth_29997,3
synth_30260,3
synth_30989,3
synth_31244,3
synth_31451,3
synth_31689,3
synth_32022,3
synth_32332,3
synth_32387,3
synth_32445,3
synth_33099,3
synth_33346,3
synth_33400,3
synth_34711,3
synth_34939,3
synth_35014,3
synth_35055,3
synth_35174,3
synth_35394,3
synth_35435,3
synth_35527,3
synth_35648,3
synth_35651,3
synth_35719,3
synth_30403,3
synth_30418,3
synth_30971,3
synth_32404,3
synth_32495,3
synth_32761,3
synth_35032,3
synth_35774,3
synth_28921,3
synth_29101,3
synth_29662,3
synth_29690,3
synth_29886,3
synth_29941,3
synth_30021,3
synth_30517,3
synth_31782,3
synth_32045,3
synth_32270,3
synth_32507,3
synth_32592,3
synth_33034,3
synth_33130,3
synth_33194,3
synth_33766,3
synth_33907,3
synth_34131,3
synth_34156,3
synth_34305,3
synth_34559,3
synth_34704,3
synth_35109,3
synth_35428,3
synth_35681,3
synth_29431,3
synth_30181,3
synth_31423,3
synth_31917,3
synth_33654,3
synth_34835,3
synth_34884,3
synth_28730,3
synth_28795,3
synth_29144,3
synth_29331,3
synth_29672,3
synth_29846,3
synth_29905,3
synth_30151,3
synth_30364,3
synth_30788,3
synth_30809,3
synth_30817,3
synth_30933,3
synth_31105,3
synth_31174,3
synth_31208,3
synth_31354,3
synth_32215,3
synth_32220,3
synth_32442,3
synth_33117,3
synth_33358,3
synth_33764,3
synth_33788,3
synth_33891,3
synth_34362,3
synth_34468,3
synth_34581,3
synth_34988,3
synth_34990,3
synth_35026,3
synth_35455,3
synth_30361,3
synth_30388,3
synth_30557,3
synth_31685,3
synth_31814,3
synth_31854,3
synth_32434,3
synth_32490,3
synth_32833,3
synth_33518,3
synth_33548,3
synth_29073,3
synth_29230,3
synth_29255,3
synth_29353,3
synth_29400,3
synth_29741,3
synth_30005,3
synth_30178,3
synth_30415,3
synth_30634,3
synth_31262,3
synth_31546,3
synth_31553,3
synth_32118,3
synth_32341,3
synth_33147,3
synth_33246,3
synth_33555,3
synth_33664,3
synth_34151,3
synth_34389,3
synth_34552,3
synth_34571,3
synth_34590,3
synth_34928,3
synth_35037,3
synth_35193,3
synth_35228,3
synth_35460,3
synth_35858,3
synth_28702,3
synth_30353,3
synth_30372,3
synth_30447,3
synth_31158,3
synth_31159,3
synth_31457,3
synth_31925,3
synth_32475,3
synth_32586,3
synth_32731,3
synth_32741,3
synth_33675,3
synth_33811,3
synth_33965,3
synth_34589,3
synth_34593,3
synth_35762,3
synth_35796,3
synth_28843,3
synth_29198,3
synth_29381,3
synth_29406,3
synth_29438,3
synth_29464,3
synth_29895,3
synth_30035,3
synth_30325,3
synth_30440,3
synth_30533,3
synth_30854,3
synth_30976,3
synth_31009,3
synth_31216,3
synth_31429,3
synth_31806,3
synth_32329,3
synth_32358,3
synth_33039,3
synth_33281,3
synth_33755,3
synth_34003,3
synth_34369,3
synth_35190,3
synth_35275,3
synth_35311,3
synth_28911,3
synth_30164,3
synth_30497,3
synth_31238,3
synth_31532,3
synth_31968,3
synth_32701,3
synth_33335,3
synth_33837,3
synth_34430,3
synth_35046,3
synth_35677,3
synth_35772,3
synth_28744,3
synth_28774,3
synth_28854,3
synth_28931,3
synth_29131,3
synth_29179,3
synth_29598,3
synth_29987,3
synth_30022,3
synth_30532,3
synth_30855,3
synth_31097,3
synth_31122,3
synth_31569,3
synth_32361,3
synth_32784,3
synth_33057,3
synth_33100,3
synth_33207,3
synth_33219,3
synth_33401,3
synth_33417,3
synth_33919,3
synth_34065,3
synth_34554,3
synth_34640,3
synth_34678,3
synth_34765,3
synth_35120,3
synth_35124,3
synth_35285,3
synth_35839,3
synth_30483,3
synth_30586,3
synth_31836,3
synth_31944,3
synth_32655,3
synth_33737,3
synth_34857,3
synth_35033,3
synth_35765,3
synth_29103,3
synth_29199,3
synth_29276,3
synth_29332,3
synth_29494,3
synth_29511,3
synth_29815,3
synth_30513,3
synth_30539,3
synth_30603,3
synth_30638,3
synth_30643,3
synth_31086,3
synth_31150,3
synth_31592,3
synth_32020,3
synth_32255,3
synth_32456,3
synth_33536,3
synth_33573,3
synth_33868,3
synth_34112,3
synth_34135,3
synth_34144,3
synth_34171,3
synth_34202,3
synth_34210,3
synth_34219,3
synth_34375,3
synth_34512,3
synth_34913,3
synth_35503,3
synth_30356,3
synth_31157,3
synth_31273,3
synth_31899,3
synth_32509,3
synth_32617,3
synth_33336,3
synth_33963,3
synth_29486,3
synth_29832,3
synth_29990,3
synth_30696,3
synth_30737,3
synth_30899,3
synth_31507,3
synth_32031,3
synth_32146,3
synth_32210,3
synth_32757,3
synth_32762,3
synth_33072,3
synth_33144,3
synth_33183,3
synth_33510,3
synth_34141,3
synth_34345,3
synth_34466,3
synth_34984,3
synth_35325,3
synth_35452,3
synth_35518,3
synth_35519,3
synth_35645,3
synth_30269,3
synth_30389,3
synth_31358,3
synth_31774,3
synth_32966,3
synth_34452,3
synth_34612,3
synth_34796,3
synth_34920,3
synth_35812,3
synth_28680,3
synth_29242,3
synth_29443,3
synth_29492,3
synth_29681,3
synth_30072,3
synth_30366,3
synth_31501,3
synth_31579,3
synth_32595,3
synth_32868,3
synth_33193,3
synth_33642,3
synth_34172,3
synth_34306,3
synth_34506,3
synth_34746,3
synth_34983,3
synth_35219,3
synth_35279,3
synth_35603,3
synth_29585,3
synth_30345,3
synth_31652,3
synth_31911,3
synth_31972,3
synth_32019,3
synth_32791,3
synth_33939,3
synth_33982,3
synth_35030,3
synth_28688,3
synth_30374,3
synth_30605,3
synth_31083,3
synth_31106,3
synth_31241,3
synth_31392,3
synth_31522,3
synth_31607,3
synth_32219,3
synth_33005,3
synth_33151,3
synth_33290,3
synth_33959,3
synth_34123,3
synth_34137,3
synth_34168,3
synth_34732,3
synth_35162,3
synth_35176,3
synth_35184,3
synth_35341,3
synth_35377,3
synth_35458,3
synth_35465,3
synth_35479,3
synth_35508,3
synth_35573,3
synth_30143,3
synth_30487,3
synth_31424,3
synth_31461,3
synth_33970,3
synth_34616,3
synth_34740,3
synth_35819,3
synth_28762,3
synth_28763,3
synth_28779,3
synth_28918,3
synth_29272,3
synth_29333,3
synth_29395,3
synth_29426,3
synth_29501,3
synth_29740,3
synth_29840,3
synth_29861,3
synth_29931,3
synth_29975,3
synth_30006,3
synth_30086,3
synth_30230,3
synth_30641,3
synth_30965,3
synth_31504,3
synth_31557,3
synth_32128,3
synth_32166,3
synth_32180,3
synth_32258,3
synth_32365,3
synth_32786,3
synth_33166,3
synth_33217,3
synth_34546,3
synth_34964,3
synth_35400,3
synth_35639,3
synth_28969,3
synth_30482,3
synth_31474,3
synth_31973,3
synth_33471,3
synth_33490,3
synth_33816,3
synth_33978,3
synth_34823,3
synth_34854,3
synth_34897,3
synth_35832,3
synth_35849,3
synth_28976,3
synth_29217,3
synth_29485,3
synth_29527,3
synth_29602,3
synth_29752,3
synth_29782,3
synth_30014,3
synth_30146,3
synth_30341,3
synth_30509,3
synth_31232,3
synth_32076,3
synth_32326,3
synth_32457,3
synth_32782,3
synth_32867,3
synth_33101,3
synth_33900,3
synth_33913,3
synth_34235,3
synth_34250,3
synth_34252,3
synth_34323,3
synth_34433,3
synth_34534,3
synth_34579,3
synth_34609,3
synth_35104,3
synth_35161,3
synth_35209,3
synth_35390,3
synth_35549,3
synth_28947,3
synth_30426,3
synth_30572,3
synth_31830,3
synth_32125,3
synth_32407,3
synth_32697,3
synth_32809,3
synth_33725,3
synth_33839,3
synth_33848,3
synth_34595,3
synth_34923,3
synth_28745,3
synth_28788,3
synth_28866,3
synth_28980,3
synth_29091,3
synth_29268,3
synth_29307,3
synth_29473,3
synth_29725,3
synth_29934,3
synth_30023,3
synth_30324,3
synth_30451,3
synth_30624,3
synth_30708,3
synth_30796,3
synth_31306,3
synth_31342,3
synth_32009,3
synth_32302,3
synth_32785,3
synth_32847,3
synth_33008,3
synth_33314,3
synth_34167,3
synth_34255,3
synth_34346,3
synth_34398,3
synth_34649,3
synth_35221,3
synth_35383,3
synth_30348,3
synth_30585,3
synth_31883,3
synth_31992,3
synth_32743,3
synth_33501,3
synth_34585,3
synth_34793,3
synth_34802,3
synth_29146,3
synth_29435,3
synth_29500,3
synth_29675,3
synth_29814,3
synth_30048,3
synth_30064,3
synth_30068,3
synth_30301,3
synth_30312,3
synth_30469,3
synth_30601,3
synth_30678,3
synth_30994,3
synth_31064,3
synth_31177,3
synth_32115,3
synth_32200,3
synth_32228,3
synth_32267,3
synth_32806,3
synth_33176,3
synth_33226,3
synth_33451,3
synth_33769,3
synth_34026,3
synth_34124,3
synth_34355,3
synth_35158,3
synth_35268,3
synth_35558,3
synth_35715,3
synth_30118,3
synth_31678,3
synth_32768,3
synth_32985,3
synth_35678,3
synth_28767,3
synth_29051,3
synth_29093,3
synth_29133,3
synth_29683,3
synth_30046,3
synth_30095,3
synth_30757,3
synth_31019,3
synth_31580,3
synth_31784,3
synth_32000,3
synth_32216,3
synth_32716,3
synth_32724,3
synth_32848,3
synth_32904,3
synth_33095,3
synth_33205,3
synth_33640,3
synth_34386,3
synth_34557,3
synth_34650,3
synth_34673,3
synth_34725,3
synth_35137,3
synth_35484,3
synth_35638,3
synth_35650,3
synth_30142,3
synth_31452,3
synth_31852,3
synth_32491,3
synth_34779,3
synth_35777,3
synth_28888,3
synth_29282,3
synth_29418,3
synth_29631,3
synth_29661,3
synth_29835,3
synth_29946,3
synth_30084,3
synth_30288,3
synth_31101,3
synth_31198,3
synth_31521,3
synth_31562,3
synth_31622,3
synth_32108,3
synth_32377,3
synth_32522,3
synth_32684,3
synth_33695,3
synth_33772,3
synth_33921,3
synth_34074,3
synth_34090,3
synth_34381,3
synth_34702,3
synth_29719,3
synth_30180,3
synth_31272,3
synth_31351,3
synth_31841,3
synth_32802,3
synth_33433,3
synth_33462,3
synth_33700,3
synth_33941,3
synth_34820,3
synth_35804,3
synth_35844,3
synth_28894,3
synth_29115,3
synth_29158,3
synth_29299,3
synth_29477,3
synth_29482,3
synth_29615,3
synth_30220,3
synth_30293,3
synth_30776,3
synth_31078,3
synth_31312,3
synth_31611,3
synth_32041,3
synth_32536,3
synth_32607,3
synth_33033,3
synth_33418,3
synth_33605,3
synth_33692,3
synth_34165,3
synth_34474,3
synth_34533,3
synth_35128,3
synth_35514,3
synth_35646,3
synth_35653,3
synth_32978,3
synth_32992,3
synth_33480,3
synth_33984,3
synth_28849,3
synth_30318,3
synth_30326,3
synth_30524,3
synth_30669,3
synth_31115,3
synth_31516,3
synth_33349,3
synth_33383,3
synth_33735,3
synth_33854,3
synth_34015,3
synth_34047,3
synth_34062,3
synth_35016,3
synth_35288,3
synth_35879,3
synth_29229,3
synth_29608,3
synth_30552,3
synth_31470,3
synth_31902,3
synth_32581,3
synth_34798,3
synth_35627,3
synth_35751,3
synth_28819,3
synth_29165,3
synth_29235,3
synth_30065,3
synth_30158,3
synth_30379,3
synth_30786,3
synth_31088,3
synth_31573,3
synth_32034,3
synth_32039,3
synth_33387,3
synth_33513,3
synth_33585,3
synth_34303,3
synth_34710,3
synth_35543,3
synth_30161,3
synth_31365,3
synth_31915,3
synth_33408,3
synth_34485,3
synth_34883,3
synth_28694,3
synth_28831,3
synth_28844,3
synth_29116,3
synth_29312,3
synth_29336,3
synth_29388,3
synth_29984,3
synth_29989,3
synth_30125,3
synth_30320,3
synth_31113,3
synth_31218,3
synth_31788,3
synth_32354,3
synth_32582,3
synth_33032,3
synth_33061,3
synth_33785,3
synth_34004,3
synth_34265,3
synth_35517,3
synth_35611,3
synth_30473,3
synth_31138,3
synth_31156,3
synth_31465,3
synth_31498,3
synth_31705,3
synth_32620,3
synth_32823,3
synth_32897,3
synth_34610,3
synth_28880,3
synth_29260,3
synth_29644,3
synth_29652,3
synth_30390,3
synth_30466,3
synth_30979,3
synth_31014,3
synth_31178,3
synth_32231,3
synth_32783,3
synth_33129,3
synth_34184,3
synth_34762,3
synth_34937,3
synth_34997,3
synth_35036,3
synth_35188,3
synth_35552,3
synth_32778,3
synth_33473,3
synth_33506,3
synth_33627,3
synth_34450,3
synth_34615,3
synth_35067,3
synth_35665,3
synth_28682,3
synth_28729,3
synth_28741,3
synth_29021,3
synth_29064,3
synth_29072,3
synth_29377,3
synth_29555,3
synth_29904,3
synth_30491,3
synth_30621,3
synth_30640,3
synth_30727,3
synth_30863,3
synth_31515,3
synth_31567,3
synth_31637,3
synth_31692,3
synth_32284,3
synth_32512,3
synth_33182,3
synth_33278,3
synth_33343,3
synth_33348,3
synth_34087,3
synth_34095,3
synth_34116,3
synth_34162,3
synth_34262,3
synth_34347,3
synth_34472,3
synth_34542,3
synth_35330,3
synth_35493,3
synth_35709,3
synth_31602,3
synth_31978,3
synth_32943,3
synth_33319,3
synth_33469,3
synth_33502,3
synth_33828,3
synth_34692,3
synth_28726,3
synth_28838,3
synth_29037,3
synth_29162,3
synth_29463,3
synth_29503,3
synth_29574,3
synth_29831,3
synth_30434,3
synth_30673,3
synth_31265,3
synth_31615,3
synth_31638,3
synth_32026,3
synth_32130,3
synth_32502,3
synth_32599,3
synth_32732,3
synth_33096,3
synth_33103,3
synth_33140,3
synth_34066,3
synth_34677,3
synth_35125,3
synth_35317,3
synth_35378,3
synth_35420,3
synth_35643,3
synth_32967,3
synth_33432,3
synth_33545,3
synth_33624,3
synth_35798,3
synth_28768,3
synth_28937,3
synth_29066,3
synth_29429,3
synth_30749,3
synth_30929,3
synth_31074,3
synth_31104,3
synth_31628,3
synth_31748,3
synth_31786,3
synth_32390,3
synth_33351,3
synth_33762,3
synth_33872,3
synth_33936,3
synth_34008,3
synth_34036,3
synth_34412,3
synth_34417,3
synth_34509,3
synth_34591,3
synth_34713,3
synth_34967,3
synth_35222,3
synth_35245,3
synth_35663,3
synth_29361,3
synth_29627,3
synth_30343,3
synth_31463,3
synth_31492,3
synth_33340,3
synth_28679,3
synth_28821,3
synth_28834,3
synth_29657,3
synth_29836,3
synth_30069,3
synth_30206,3
synth_30614,3
synth_30622,3
synth_31065,3
synth_31632,3
synth_31668,3
synth_31719,3
synth_31736,3
synth_31797,3
synth_32056,3
synth_32233,3
synth_33394,3
synth_35205,3
synth_35309,3
synth_35701,3
synth_35705,3
synth_30278,3
synth_30663,3
synth_31386,3
synth_31405,3
synth_31406,3
synth_32616,3
synth_32689,3
synth_32948,3
synth_33979,3
synth_35050,3
synth_35884,3
synth_28756,3
synth_28769,3
synth_28792,3
synth_28835,3
synth_29386,3
synth_30020,3
synth_30039,3
synth_30285,3
synth_30676,3
synth_30797,3
synth_31649,3
synth_32230,3
synth_32717,3
synth_33362,3
synth_33535,3
synth_33758,3
synth_34393,3
synth_34716,3
synth_34758,3
synth_35185,3
synth_35464,3
synth_35716,3
synth_28717,3
synth_30569,3
synth_31360,3
synth_31443,3
synth_31950,3
synth_31971,3
synth_32751,3
synth_32774,3
synth_33943,3
synth_33962,3
synth_35785,3
synth_28902,3
synth_28982,3
synth_29152,3
synth_29303,3
synth_29794,3
synth_30882,3
synth_31348,3
synth_31582,3
synth_31735,3
synth_31969,3
synth_32291,3
synth_33172,3
synth_33512,3
synth_34093,3
synth_34319,3
synth_35057,3
synth_35759,3
synth_35878,3
synth_31821,3
synth_32172,3
synth_32567,3
synth_32611,3
synth_32629,3
synth_32819,3
synth_34488,3
synth_34851,3
synth_35668,3
synth_28837,3
synth_29285,3
synth_29423,3
synth_29760,3
synth_29944,3
synth_30063,3
synth_30462,3
synth_30510,3
synth_30683,3
synth_30911,3
synth_30912,3
synth_31536,3
synth_32265,3
synth_32909,3
synth_33007,3
synth_33083,3
synth_33165,3
synth_33170,3
synth_33926,3
synth_34006,3
synth_34187,3
synth_34368,3
synth_34943,3
synth_34965,3
synth_35141,3
synth_35175,3
synth_35316,3
synth_35405,3
synth_35584,3
synth_35700,3
synth_29735,3
synth_30849,3
synth_31847,3
synth_31941,3
synth_31959,3
synth_31997,3
synth_32175,3
synth_32186,3
synth_32834,3
synth_32900,3
synth_34583,3
synth_28896,3
synth_28916,3
synth_28945,3
synth_29372,3
synth_29374,3
synth_30031,3
synth_30496,3
synth_30623,3
synth_30881,3
synth_30891,3
synth_31228,3
synth_31717,3
synth_31780,3
synth_32544,3
synth_33180,3
synth_34286,3
synth_34641,3
synth_35018,3
synth_35538,3
synth_35702,3
synth_35714,3
synth_35757,3
synth_30275,3
synth_30409,3
synth_30544,3
synth_31540,3
synth_31895,3
synth_32120,3
synth_32449,3
synth_32590,3
synth_32615,3
synth_32960,3
synth_33481,3
synth_33546,3
synth_33838,3
synth_33898,3
synth_34777,3
synth_34825,3
synth_35007,3
synth_28855,3
synth_28883,3
synth_29239,3
synth_29287,3
synth_29301,3
synth_29318,3
synth_29393,3
synth_29414,3
synth_29620,3
synth_29824,3
synth_30330,3
synth_30413,3
synth_31151,3
synth_31185,3
synth_31286,3
synth_31296,3
synth_31539,3
synth_32059,3
synth_32708,3
synth_32934,3
synth_33051,3
synth_33079,3
synth_33092,3
synth_33192,3
synth_33773,3
synth_33987,3
synth_34052,3
synth_34197,3
synth_34342,3
synth_34528,3
synth_34637,3
synth_34935,3
synth_35335,3
synth_35758,3
synth_29559,3
synth_30358,3
synth_30704,3
synth_31353,3
synth_31683,3
synth_32485,3
synth_32570,3
synth_32958,3
synth_32974,3
synth_32979,3
synth_33444,3
synth_35626,3
synth_29848,3
synth_30511,3
synth_30713,3
synth_30734,3
synth_30747,3
synth_30839,3
synth_30853,3
synth_30921,3
synth_32533,3
synth_32718,3
synth_33097,3
synth_33125,3
synth_34276,3
synth_34373,3
synth_34471,3
synth_34578,3
synth_34663,3
synth_34829,3
synth_34858,3
synth_34880,3
synth_34932,3
synth_35139,3
synth_35315,3
synth_35374,3
synth_35566,3
synth_30581,3
synth_30655,3
synth_31154,3
synth_31601,3
synth_31813,3
synth_32197,3
synth_32427,3
synth_32671,3
synth_32850,3
synth_33478,3
synth_28724,3
synth_29053,3
synth_29128,3
synth_30066,3
synth_30750,3
synth_30824,3
synth_31391,3
synth_31535,3
synth_32865,3
synth_33291,3
synth_33414,3
synth_34017,3
synth_34769,3
synth_34868,3
synth_35157,3
synth_35242,3
synth_35470,3
synth_29567,3
synth_30373,3
synth_30404,3
synth_30437,3
synth_31136,3
synth_31711,3
synth_31882,3
synth_31955,3
synth_32438,3
synth_33445,3
synth_33447,3
synth_33655,3
synth_34611,3
synth_34741,3
synth_35752,3
synth_29135,3
synth_29223,3
synth_29362,3
synth_30187,3
synth_30200,3
synth_30314,3
synth_30777,3
synth_31084,3
synth_31121,3
synth_31140,3
synth_31227,3
synth_31747,3
synth_31753,3
synth_31819,3
synth_32037,3
synth_32317,3
synth_32712,3
synth_33054,3
synth_33881,3
synth_34012,3
synth_34133,3
synth_34217,3
synth_34350,3
synth_34510,3
synth_34576,3
synth_34782,3
synth_34845,3
synth_34940,3
synth_35386,3
synth_35445,3
synth_35542,3
synth_35617,3
synth_35731,3
synth_28718,3
synth_29000,3
synth_29228,3
synth_32411,3
synth_32983,3
synth_34925,3
synth_35068,3
synth_35070,3
synth_35684,3
synth_29246,3
synth_29253,3
synth_29456,3
synth_29981,3
synth_30302,3
synth_30953,3
synth_31020,3
synth_31518,3
synth_31550,3
synth_31759,3
synth_32911,3
synth_33004,3
synth_33098,3
synth_33141,3
synth_33531,3
synth_33751,3
synth_33928,3
synth_33993,3
synth_34028,3
synth_34083,3
synth_34402,3
synth_34555,3
synth_35020,3
synth_29548,3
synth_31235,3
synth_32067,3
synth_32546,3
synth_32968,3
synth_33525,3
synth_33567,3
synth_33631,3
synth_35880,3
synth_28731,3
synth_28735,3
synth_28801,3
synth_28957,3
synth_28997,3
synth_29104,3
synth_29150,3
synth_29169,3
synth_29368,3
synth_29391,3
synth_29841,3
synth_30465,3
synth_30798,3
synth_30833,3
synth_31023,3
synth_32357,3
synth_33357,3
synth_33853,3
synth_33990,3
synth_34469,3
synth_34651,3
synth_34944,3
synth_35183,3
synth_35580,3
synth_35875,3
synth_30263,3
synth_30550,3
synth_31598,3
synth_32048,3
synth_32402,3
synth_32579,3
synth_32658,3
synth_32821,3
synth_34602,3
synth_34800,3
synth_34818,3
synth_35845,3
synth_28685,3
synth_28781,3
synth_29365,3
synth_29847,3
synth_29894,3
synth_30156,3
synth_31194,3
synth_32622,3
synth_32882,3
synth_33842,3
synth_34014,3
synth_34205,3
synth_34351,3
synth_34390,3
synth_34558,3
synth_35038,3
synth_35210,3
synth_35262,3
synth_35489,3
synth_29549,3
synth_30162,3
synth_30384,3
synth_30428,3
synth_30436,3
synth_30448,3
synth_30980,3
synth_31425,3
synth_31604,3
synth_31820,3
synth_31846,3
synth_32470,3
synth_32489,3
synth_32642,3
synth_32844,3
synth_33376,3
synth_33514,3
synth_33719,3
synth_33932,3
synth_34797,3
synth_34814,3
synth_35868,3
synth_29278,3
synth_29479,3
synth_30284,3
synth_30420,3
synth_30843,3
synth_31565,3
synth_31616,3
synth_32021,3
synth_32086,3
synth_32113,3
synth_32163,3
synth_32212,3
synth_32501,3
synth_32585,3
synth_33059,3
synth_33257,3
synth_33688,3
synth_34058,3
synth_34111,3
synth_34191,3
synth_34973,3
synth_35616,3
synth_30542,3
synth_31109,3
synth_31851,3
synth_32929,3
synth_33503,3
synth_34606,3
synth_34813,3
synth_34848,3
synth_35848,3
synth_28719,3
synth_29515,3
synth_29686,3
synth_29689,3
synth_29998,3
synth_30218,3
synth_31022,3
synth_32096,3
synth_32337,3
synth_32353,3
synth_32386,3
synth_32399,3
synth_32703,3
synth_33323,3
synth_33570,3
synth_33822,3
synth_34195,3
synth_34448,3
synth_34790,3
synth_34956,3
synth_35287,3
synth_35403,3
synth_35555,3
synth_29539,3
synth_29540,3
synth_29780,3
synth_31144,3
synth_31645,3
synth_32198,3
synth_32414,3
synth_32464,3
synth_32472,3
synth_32831,3
synth_29059,3
synth_29906,3
synth_30033,3
synth_30045,3
synth_30959,3
synth_33423,3
synth_33533,3
synth_34094,3
synth_35450,3
synth_35495,3
synth_35532,3
synth_30472,3
synth_30558,3
synth_31835,3
synth_31923,3
synth_31967,3
synth_32498,3
synth_32510,3
synth_33749,3
synth_33980,3
synth_34689,3
synth_28776,3
synth_28956,3
synth_29003,3
synth_29347,3
synth_29810,3
synth_30076,3
synth_30221,3
synth_31027,3
synth_33325,3
synth_33530,3
synth_33713,3
synth_34175,3
synth_34321,3
synth_34339,3
synth_34500,3
synth_35024,3
synth_35212,3
synth_35837,3
synth_31253,3
synth_31599,3
synth_31651,3
synth_32479,3
synth_32698,3
synth_33508,3
synth_28678,3
synth_28943,3
synth_29048,3
synth_29096,3
synth_29112,3
synth_29142,3
synth_29316,3
synth_30117,3
synth_31043,3
synth_31047,3
synth_31103,3
synth_31583,3
synth_32012,3
synth_32752,3
synth_33475,3
synth_33572,3
synth_33580,3
synth_34140,3
synth_34169,3
synth_34279,3
synth_35103,3
synth_28929,3
synth_29340,3
synth_29645,3
synth_30259,3
synth_30401,3
synth_30867,3
synth_31287,3
synth_31418,3
synth_32845,3
synth_32953,3
synth_33636,3
synth_34869,3
synth_28829,3
synth_29084,3
synth_29261,3
synth_29319,3
synth_29498,3
synth_29678,3
synth_30124,3
synth_30546,3
synth_30922,3
synth_31141,3
synth_31195,3
synth_31211,3
synth_31245,3
synth_31646,3
synth_31737,3
synth_32010,3
synth_32360,3
synth_33181,3
synth_33385,3
synth_34045,3
synth_34193,3
synth_34341,3
synth_34568,3
synth_34646,3
synth_34992,3
synth_35019,3
synth_35337,3
synth_29507,3
synth_30225,3
synth_31499,3
synth_32199,3
synth_32409,3
synth_32561,3
synth_33689,3
synth_34587,3
synth_34853,3
synth_28789,3
synth_28800,3
synth_29329,3
synth_29827,3
synth_30056,3
synth_30746,3
synth_31142,3
synth_31225,3
synth_31838,3
synth_32275,3
synth_32331,3
synth_32593,3
synth_32914,3
synth_33029,3
synth_33040,3
synth_34120,3
synth_35023,3
synth_35130,3
synth_35192,3
synth_35225,3
synth_35283,3
synth_35320,3
synth_35510,3
synth_35602,3
synth_35738,3
synth_30247,3
synth_32972,3
synth_34687,3
synth_34770,3
synth_34852,3
synth_35666,3
synth_35669,3
synth_35810,3
synth_35828,3
synth_28847,3
synth_29089,3
synth_29160,3
synth_29201,3
synth_29513,3
synth_29556,3
synth_29777,3
synth_29779,3
synth_29787,3
synth_29927,3
synth_30034,3
synth_30195,3
synth_30453,3
synth_31000,3
synth_31224,3
synth_31630,3
synth_31633,3
synth_31739,3
synth_31751,3
synth_32144,3
synth_32339,3
synth_32351,3
synth_32557,3
synth_32636,3
synth_33110,3
synth_33303,3
synth_33372,3
synth_33698,3
synth_33714,3
synth_34226,3
synth_34248,3
synth_34457,3
synth_34473,3
synth_34535,3
synth_35170,3
synth_35284,3
synth_35318,3
synth_35526,3
synth_35658,3
synth_35723,3
synth_35729,3
synth_29790,3
synth_30101,3
synth_30478,3
synth_32632,3
synth_32740,3
synth_32820,3
synth_32961,3
synth_33856,3
synth_28963,3
synth_29006,3
synth_29013,3
synth_29138,3
synth_29582,3
synth_29666,3
synth_30040,3
synth_30077,3
synth_30208,3
synth_30724,3
synth_31073,3
synth_31718,3
synth_32559,3
synth_32881,3
synth_33160,3
synth_33287,3
synth_33793,3
synth_34025,3
synth_34126,3
synth_34465,3
synth_34547,3
synth_34745,3
synth_35427,3
synth_35632,3
synth_35743,3
synth_30589,3
synth_30812,3
synth_31596,3
synth_32435,3
synth_32610,3
synth_33435,3
synth_33515,3
synth_33630,3
synth_33806,3
synth_33940,3
synth_34694,3
synth_34761,3
synth_34816,3
synth_34910,3
synth_35694,3
synth_35763,3
synth_28878,3
synth_29404,3
synth_30041,3
synth_30692,3
synth_31117,3
synth_31189,3
synth_31584,3
synth_31793,3
synth_31809,3
synth_32205,3
synth_33074,3
synth_33135,3
synth_33399,3
synth_34132,3
synth_34359,3
synth_34927,3
synth_34947,3
synth_35194,3
synth_35352,3
synth_35664,3
synth_30279,3
synth_31672,3
synth_31845,3
synth_32846,3
synth_32982,3
synth_34821,3
synth_34900,3
synth_35004,3
synth_29687,3
synth_29879,3
synth_29882,3
synth_30433,3
synth_30767,3
synth_31012,3
synth_31341,3
synth_32164,3
synth_32311,3
synth_32727,3
synth_33066,3
synth_33763,3
synth_34420,3
synth_34608,3
synth_34881,3
synth_35439,3
synth_35654,3
synth_30710,3
synth_30721,3
synth_31865,3
synth_31888,3
synth_31970,3
synth_32421,3
synth_32910,3
synth_32995,3
synth_33429,3
synth_33549,3
synth_33810,3
synth_29252,3
synth_29358,3
synth_29803,3
synth_30760,3
synth_31375,3
synth_32623,3
synth_33280,3
synth_33402,3
synth_33798,3
synth_33912,3
synth_34115,3
synth_34982,3
synth_35255,3
synth_35393,3
synth_29728,3
synth_30228,3
synth_30408,3
synth_31663,3
synth_33487,3
synth_35695,3
synth_28996,3
synth_29029,3
synth_29938,3
synth_29971,3
synth_30004,3
synth_30071,3
synth_30422,3
synth_30521,3
synth_30609,3
synth_30611,3
synth_31068,3
synth_31293,3
synth_31754,3
synth_32229,3
synth_33116,3
synth_33150,3
synth_33321,3
synth_34174,3
synth_34283,3
synth_34343,3
synth_34401,3
synth_34706,3
synth_34724,3
synth_35718,3
synth_30560,3
synth_31153,3
synth_31702,3
synth_31890,3
synth_32653,3
synth_32941,3
synth_33951,3
synth_35808,3
synth_28720,3
synth_28740,3
synth_29257,3
synth_29460,3
synth_29860,3
synth_30075,3
synth_30189,3
synth_30442,3
synth_30627,3
synth_30723,3
synth_30908,3
synth_31575,3
synth_31647,3
synth_32133,3
synth_32424,3
synth_32736,3
synth_33255,3
synth_33368,3
synth_34096,3
synth_34244,3
synth_34478,3
synth_34705,3
synth_30594,3
synth_31366,3
synth_31897,3
synth_32418,3
synth_32511,3
synth_33633,3
synth_33938,3
synth_35041,3
synth_29433,3
synth_29804,3
synth_29994,3
synth_30280,3
synth_31123,3
synth_31188,3
synth_31694,3
synth_32300,3
synth_32683,3
synth_33850,3
synth_34020,3
synth_34072,3
synth_34251,3
synth_34411,3
synth_34518,3
synth_34570,3
synth_34938,3
synth_35148,3
synth_35621,3
synth_35635,3
synth_29568,3
synth_29639,3
synth_31593,3
synth_31707,3
synth_31870,3
synth_31922,3
synth_31965,3
synth_32403,3
synth_32554,3
synth_32626,3
synth_32634,3
synth_32667,3
synth_32711,3
synth_32766,3
synth_32949,3
synth_33815,3
synth_33985,3
synth_33989,3
synth_34441,3
synth_34831,3
synth_35047,3
synth_35060,3
synth_35062,3
synth_29023,3
synth_29184,3
synth_29205,3
synth_29271,3
synth_29376,3
synth_29398,3
synth_29412,3
synth_29858,3
synth_29867,3
synth_30113,3
synth_30261,3
synth_30494,3
synth_30861,3
synth_30914,3
synth_31325,3
synth_31697,3
synth_32772,3
synth_33162,3
synth_33198,3
synth_33214,3
synth_33353,3
synth_33375,3
synth_33395,3
synth_33774,3
synth_33851,3
synth_34322,3
synth_34735,3
synth_35081,3
synth_35169,3
synth_35294,3
synth_35349,3
synth_35533,3
synth_35769,3
synth_29420,3
synth_31258,3
synth_32410,3
synth_32455,3
synth_32520,3
synth_32775,3
synth_34623,3
synth_35861,3
synth_28721,3
synth_29175,3
synth_29262,3
synth_29808,3
synth_29985,3
synth_30648,3
synth_30731,3
synth_30894,3
synth_31196,3
synth_31214,3
synth_31292,3
synth_31381,3
synth_31407,3
synth_31581,3
synth_32245,3
synth_33174,3
synth_33285,3
synth_34001,3
synth_34022,3
synth_34051,3
synth_34109,3
synth_34312,3
synth_34397,3
synth_34505,3
synth_34522,3
synth_34672,3
synth_34999,3
synth_28707,3
synth_29647,3
synth_30277,3
synth_32173,3
synth_32825,3
synth_33804,3
synth_35072,3
synth_35756,3
synth_35792,3
synth_28687,3
synth_29083,3
synth_29092,3
synth_29140,3
synth_29926,3
synth_30015,3
synth_30165,3
synth_30381,3
synth_30490,3
synth_30602,3
synth_31182,3
synth_32035,3
synth_32232,3
synth_32276,3
synth_33023,3
synth_34128,3
synth_34297,3
synth_34629,3
synth_35177,3
synth_35541,3
synth_29564,3
synth_30138,3
synth_30575,3
synth_32425,3
synth_32765,3
synth_32843,3
synth_33635,3
synth_34622,3
synth_34819,3
synth_35864,3
synth_35870,3
synth_29354,3
synth_29816,3
synth_29951,3
synth_30732,3
synth_31076,3
synth_31175,3
synth_31743,3
synth_32142,3
synth_32733,3
synth_33320,3
synth_33723,3
synth_33771,3
synth_33826,3
synth_34170,3
synth_34196,3
synth_34309,3
synth_34575,3
synth_34875,3
synth_35127,3
synth_35321,3
synth_35606,3
synth_35739,3
synth_35746,3
synth_30813,3
synth_31388,3
synth_32678,3
synth_34489,3
synth_35064,3
synth_29518,3
synth_29542,3
synth_29684,3
synth_29903,3
synth_30081,3
synth_30536,3
synth_30688,3
synth_30837,3
synth_31384,3
synth_31801,3
synth_32395,3
synth_33227,3
synth_33588,3
synth_33893,3
synth_34011,3
synth_34059,3
synth_34360,3
synth_34618,3
synth_34664,3
synth_35339,3
synth_35829,3
synth_29530,3
synth_30471,3
synth_31594,3
synth_31827,3
synth_32518,3
synth_32548,3
synth_32568,3
synth_32664,3
synth_32776,3
synth_32779,3
synth_33612,3
synth_33809,3
synth_33834,3
synth_28759,3
synth_28830,3
synth_28869,3
synth_29075,3
synth_29153,3
synth_29240,3
synth_29244,3
synth_29525,3
synth_30209,3
synth_30685,3
synth_30693,3
synth_30775,3
synth_30865,3
synth_31059,3
synth_31091,3
synth_31566,3
synth_31721,3
synth_31789,3
synth_31791,3
synth_32119,3
synth_32932,3
synth_33652,3
synth_34194,3
synth_34282,3
synth_34330,3
synth_34374,3
synth_34930,3
synth_35350,3
synth_35375,3
synth_35384,3
synth_35838,3
synth_30400,3
synth_30480,3
synth_30711,3
synth_31378,3
synth_32454,3
synth_32838,3
synth_33377,3
synth_34742,3
synth_35065,3
synth_35793,3
synth_28699,3
synth_28748,3
synth_28962,3
synth_29149,3
synth_29673,3
synth_29688,3
synth_30430,3
synth_30529,3
synth_30691,3
synth_30949,3
synth_31165,3
synth_31220,3
synth_32154,3
synth_32792,3
synth_33204,3
synth_33250,3
synth_33361,3
synth_33865,3
synth_34080,3
synth_34179,3
synth_34380,3
synth_34536,3
synth_34817,3
synth_34961,3
synth_35039,3
synth_35083,3
synth_35313,3
synth_35336,3
synth_35474,3
synth_35564,3
synth_35730,3
synth_35789,3
synth_29440,3
synth_29600,3
synth_31680,3
synth_33488,3
synth_34886,3
synth_35674,3
synth_35783,3
synth_29194,3
synth_29614,3
synth_29854,3
synth_29891,3
synth_29893,3
synth_30128,3
synth_30309,3
synth_30686,3
synth_30875,3
synth_30990,3
synth_31209,3
synth_31226,3
synth_32008,3
synth_32141,3
synth_32383,3
synth_32602,3
synth_32755,3
synth_33599,3
synth_33683,3
synth_33918,3
synth_34361,3
synth_34467,3
synth_34712,3
synth_34754,3
synth_35531,3
synth_35536,3
synth_35613,3
synth_30880,3
synth_33491,3
synth_28885,3
synth_29857,3
synth_29874,3
synth_30083,3
synth_30416,3
synth_30495,3
synth_30963,3
synth_31051,3
synth_31095,3
synth_31302,3
synth_31385,3
synth_31395,3
synth_31631,3
synth_31817,3
synth_31889,3
synth_32072,3
synth_32158,3
synth_33012,3
synth_33126,3
synth_33138,3
synth_33364,3
synth_33715,3
synth_34050,3
synth_34108,3
synth_34730,3
synth_35133,3
synth_35218,3
synth_35243,3
synth_35273,3
synth_35282,3
synth_35482,3
synth_35712,3
synth_29720,3
synth_29729,3
synth_29769,3
synth_30498,3
synth_30568,3
synth_31135,3
synth_31257,3
synth_31363,3
synth_31662,3
synth_32176,3
synth_32476,3
synth_32770,3
synth_35791,3
synth_35872,3
synth_28749,3
synth_29020,3
synth_29087,3
synth_29313,3
synth_29317,3
synth_29348,3
synth_29512,3
synth_29753,3
synth_29838,3
synth_29923,3
synth_29952,3
synth_30665,3
synth_30784,3
synth_31015,3
synth_31037,3
synth_31162,3
synth_31251,3
synth_31284,3
synth_31323,3
synth_31591,3
synth_31795,3
synth_32321,3
synth_32327,3
synth_32723,3
synth_33220,3
synth_33345,3
synth_33591,3
synth_33734,3
synth_34247,3
synth_34365,3
synth_34915,3
synth_35100,3
synth_35251,3
synth_35387,3
synth_30354,3
synth_30554,3
synth_31431,3
synth_31962,3
synth_32111,3
synth_32540,3
synth_35782,3
synth_28802,3
synth_29383,3
synth_29593,3
synth_30116,3
synth_30315,3
synth_30969,3
synth_31585,3
synth_31839,3
synth_32513,3
synth_33111,3
synth_33157,3
synth_33233,3
synth_33315,3
synth_33663,3
synth_34021,3
synth_34101,3
synth_34102,3
synth_34185,3
synth_34490,3
synth_34529,3
synth_34878,3
synth_34909,3
synth_34987,3
synth_35049,3
synth_35191,3
synth_35270,3
synth_35446,3
synth_35516,3
synth_29060,3
synth_30105,3
synth_31530,3
synth_31832,3
synth_32668,3
synth_33455,3
synth_34849,3
synth_34921,3
synth_28782,3
synth_28940,3
synth_29176,3
synth_29496,3
synth_29510,3
synth_29812,3
synth_29866,3
synth_30368,3
synth_30992,3
synth_31792,3
synth_32043,3
synth_32214,3
synth_32577,3
synth_32728,3
synth_33016,3
synth_33236,3
synth_33596,3
synth_33752,3
synth_33884,3
synth_34538,3
synth_34844,3
synth_34859,3
synth_34970,3
synth_35182,3
synth_35505,3
synth_29509,3
synth_29624,3
synth_30139,3
synth_30362,3
synth_30449,3
synth_30460,3
synth_31147,3
synth_31872,3
synth_32189,3
synth_32748,3
synth_35685,3
synth_35827,3
synth_29888,3
synth_29932,3
synth_29961,3
synth_30677,3
synth_30840,3
synth_31393,3
synth_31648,3
synth_32042,3
synth_32055,3
synth_32500,3
synth_33187,3
synth_33352,3
synth_33966,3
synth_34190,3
synth_34225,3
synth_34227,3
synth_34246,3
synth_34254,3
synth_34405,3
synth_35076,3
synth_35189,3
synth_35224,3
synth_35232,3
synth_35371,3
synth_35379,3
synth_35506,3
synth_35732,3
synth_30500,3
synth_31329,3
synth_32177,3
synth_32408,3
synth_32693,3
synth_32721,3
synth_32919,3
synth_33669,3
synth_28681,3
synth_28977,3
synth_29359,3
synth_29651,3
synth_29784,3
synth_29939,3
synth_30111,3
synth_30528,3
synth_30735,3
synth_30864,3
synth_30957,3
synth_31028,3
synth_31107,3
synth_31118,3
synth_31300,3
synth_31588,3
synth_32060,3
synth_32090,3
synth_32316,3
synth_32657,3
synth_33000,3
synth_34300,3
synth_34318,3
synth_34364,3
synth_34410,3
synth_34462,3
synth_34638,3
synth_34645,3
synth_34934,3
synth_35304,3
synth_35396,3
synth_35599,3
synth_29648,3
synth_30236,3
synth_30244,3
synth_30258,3
synth_30657,3
synth_31684,3
synth_31884,3
synth_31960,3
synth_32182,3
synth_33379,3
synth_33428,3
synth_35787,3
synth_28793,3
synth_29801,3
synth_30073,3
synth_30092,3
synth_30099,3
synth_30375,3
synth_30425,3
synth_30697,3
synth_31213,3
synth_31468,3
synth_32263,3
synth_32735,3
synth_32891,3
synth_32923,3
synth_33042,3
synth_33123,3
synth_33296,3
synth_33308,3
synth_33660,3
synth_34198,3
synth_34876,3
synth_35357,3
synth_35365,3
synth_35438,3
synth_28907,3
synth_30477,3
synth_31477,3
synth_31525,3
synth_31896,3
synth_31940,3
synth_35031,3
synth_28727,3
synth_28979,3
synth_29203,3
synth_29476,3
synth_30537,3
synth_30610,3
synth_30715,3
synth_30866,3
synth_32226,3
synth_32237,3
synth_32797,3
synth_32827,3
synth_32913,3
synth_33037,3
synth_33081,3
synth_33392,3
synth_33575,3
synth_33694,3
synth_33731,3
synth_33879,3
synth_34213,3
synth_34481,3
synth_35256,3
synth_35314,3
synth_35483,3
synth_35571,3
synth_35649,3
synth_30579,3
synth_31528,3
synth_31529,3
synth_31640,3
synth_32171,3
synth_32462,3
synth_32977,3
synth_33739,3
synth_34613,3
synth_34824,3
synth_35809,3
synth_29018,3
synth_29447,3
synth_29637,3
synth_29702,3
synth_29783,3
synth_29980,3
synth_31039,3
synth_31060,3
synth_31303,3
synth_31313,3
synth_32350,3
synth_32807,3
synth_32859,3
synth_33292,3
synth_33563,3
synth_33794,3
synth_34267,3
synth_34272,3
synth_35095,3
synth_35246,3
synth_35388,3
synth_35496,3
synth_29441,3
synth_29599,3
synth_30868,3
synth_31494,3
synth_32437,3
synth_32484,3
synth_33441,3
synth_33442,3
synth_33459,3
synth_35797,3
synth_28893,3
synth_28965,3
synth_29698,3
synth_29955,3
synth_29995,3
synth_30013,3
synth_31373,3
synth_31741,3
synth_32504,3
synth_32884,3
synth_33009,3
synth_33184,3
synth_33621,3
synth_33687,3
synth_33927,3
synth_34105,3
synth_34212,3
synth_34422,3
synth_34647,3
synth_34661,3
synth_34675,3
synth_35421,3
synth_35744,3
synth_35748,3
synth_35835,3
synth_29736,3
synth_30488,3
synth_31703,3
synth_31958,3
synth_32028,3
synth_32192,3
synth_28732,3
synth_28805,3
synth_29159,3
synth_29305,3
synth_29437,3
synth_29762,3
synth_29764,3
synth_29962,3
synth_30019,3
synth_30107,3
synth_30171,3
synth_30432,3
synth_30625,3
synth_31221,3
synth_32145,3
synth_32238,3
synth_32525,3
synth_32912,3
synth_33552,3
synth_33796,3
synth_33833,3
synth_34447,3
synth_34513,3
synth_34968,3
synth_35090,3
synth_35322,3
synth_35363,3
synth_35544,3
synth_35545,3
synth_28949,3
synth_31417,3
synth_31776,3
synth_31881,3
synth_31910,3
synth_31998,3
synth_32029,3
synth_32187,3
synth_32675,3
synth_32746,3
synth_33615,3
synth_34896,3
synth_35689,3
synth_35692,3
synth_28865,3
synth_28889,3
synth_28981,3
synth_28987,3
synth_29187,3
synth_29304,3
synth_30295,3
synth_30339,3
synth_30590,3
synth_30841,3
synth_31167,3
synth_33852,3
synth_33905,3
synth_34145,3
synth_34287,3
synth_34295,3
synth_34384,3
synth_34572,3
synth_35008,3
synth_35296,3
synth_35351,3
synth_35367,3
synth_35548,3
synth_30103,3
synth_30595,3
synth_31475,3
synth_31495,3
synth_31541,3
synth_31862,3
synth_31993,3
synth_32957,3
synth_33300,3
synth_28828,3
synth_29279,3
synth_29296,3
synth_29330,3
synth_29699,3
synth_30304,3
synth_30520,3
synth_31343,3
synth_31440,3
synth_32422,3
synth_33369,3
synth_33416,3
synth_33948,3
synth_34209,3
synth_34524,3
synth_34551,3
synth_34676,3
synth_35059,3
synth_35149,3
synth_35247,3
synth_35261,3
synth_30395,3
synth_32482,3
synth_32758,3
synth_32814,3
synth_33489,3
synth_34693,3
synth_35841,3
synth_28771,3
synth_28861,3
synth_29019,3
synth_29065,3
synth_29452,3
synth_29454,3
synth_29526,3
synth_29663,3
synth_29958,3
synth_31152,3
synth_31164,3
synth_31200,3
synth_31568,3
synth_32093,3
synth_32152,3
synth_32371,3
synth_32873,3
synth_33112,3
synth_33152,3
synth_33298,3
synth_35165,3
synth_35346,3
synth_29791,3
synth_30718,3
synth_31129,3
synth_31268,3
synth_31419,3
synth_31449,3
synth_32526,3
synth_32551,3
synth_32777,3
synth_32939,3
synth_28695,3
synth_28755,3
synth_28796,3
synth_29212,3
synth_29293,3
synth_29422,3
synth_29475,3
synth_29524,3
synth_29930,3
synth_30147,3
synth_30299,3
synth_30639,3
synth_31035,3
synth_31799,3
synth_32109,3
synth_32738,3
synth_33035,3
synth_33168,3
synth_33256,3
synth_33799,3
synth_33876,3
synth_33953,3
synth_34016,3
synth_34455,3
synth_34477,3
synth_34502,3
synth_34507,3
synth_34738,3
synth_34995,3
synth_35521,3
synth_35711,3
synth_29646,3
synth_29649,3
synth_31458,3
synth_32842,3
synth_32975,3
synth_32976,3
synth_32991,3
synth_33436,3
synth_34584,3
synth_34681,3
synth_34922,3
synth_28832,3
synth_29949,3
synth_30088,3
synth_30271,3
synth_30307,3
synth_30679,3
synth_30772,3
synth_30997,3
synth_31001,3
synth_32143,3
synth_32705,3
synth_32892,3
synth_33085,3
synth_34317,3
synth_35118,3
synth_35680,3
synth_35737,3
synth_30873,3
synth_31533,3
synth_31766,3
synth_31934,3
synth_32467,3
synth_32492,3
synth_32654,3
synth_32676,3
synth_32790,3
synth_32920,3
synth_33706,3
synth_34592,3
synth_28743,3
synth_28754,3
synth_28985,3
synth_29156,3
synth_29238,3
synth_29468,3
synth_29864,3
synth_30080,3
synth_30217,3
synth_30303,3
synth_30411,3
synth_30606,3
synth_30793,3
synth_30920,3
synth_31450,3
synth_31634,3
synth_32306,3
synth_33391,3
synth_34035,3
synth_34099,3
synth_34354,3
synth_34671,3
synth_34908,3
synth_35102,3
synth_35340,3
synth_35722,3
synth_35741,3
synth_28704,3
synth_28714,3
synth_29589,3
synth_29607,3
synth_30940,3
synth_32478,3
synth_32643,3
synth_33419,3
synth_34904,3
synth_28817,3
synth_28946,3
synth_29036,3
synth_29120,3
synth_29126,3
synth_29409,3
synth_29472,3
synth_29766,3
synth_29851,3
synth_30286,3
synth_30600,3
synth_31133,3
synth_32016,3
synth_32025,3
synth_32286,3
synth_32299,3
synth_32508,3
synth_33056,3
synth_33078,3
synth_33559,3
synth_33589,3
synth_33754,3
synth_34060,3
synth_34363,3
synth_34660,3
synth_34727,3
synth_35409,3
synth_35660,3
synth_30591,3
synth_31237,3
synth_31444,3
synth_31855,3
synth_31860,3
synth_31874,3
synth_32194,3
synth_32471,3
synth_33708,3
synth_35853,3
synth_29170,3
synth_29308,3
synth_29327,3
synth_29457,3
synth_29701,3
synth_29947,3
synth_30177,3
synth_30296,3
synth_30617,3
synth_31271,3
synth_31612,3
synth_31730,3
synth_32053,3
synth_32423,3
synth_33087,3
synth_33275,3
synth_33403,3
synth_33922,3
synth_34311,3
synth_34475,3
synth_34654,3
synth_34906,3
synth_34986,3
synth_35022,3
synth_35108,3
synth_35142,3
synth_35466,3
synth_35534,3
synth_35605,3
synth_35704,3
synth_30185,3
synth_30393,3
synth_30828,3
synth_31875,3
synth_31913,3
synth_31966,3
synth_32759,3
synth_32969,3
synth_34699,3
synth_34776,3
synth_28905,3
synth_29195,3
synth_29363,3
synth_29584,3
synth_29823,3
synth_30444,3
synth_30838,3
synth_30984,3
synth_32155,3
synth_32277,3
synth_32298,3
synth_32787,3
synth_33212,3
synth_33753,3
synth_34010,3
synth_34049,3
synth_34435,3
synth_34520,3
synth_34789,3
synth_34979,3
synth_35143,3
synth_35263,3
synth_35561,3
synth_30588,3
synth_31401,3
synth_32901,3
synth_33431,3
synth_34440,3
synth_35676,3
synth_28856,3
synth_28988,3
synth_29356,3
synth_29535,3
synth_29570,3
synth_29669,3
synth_29693,3
synth_29907,3
synth_30036,3
synth_30231,3
synth_31190,3
synth_31804,3
synth_31869,3
synth_32788,3
synth_33006,3
synth_33643,3
synth_34147,3
synth_34331,3
synth_34628,3
synth_34659,3
synth_35399,3
synth_35437,3
synth_35565,3
synth_28948,3
synth_29588,3
synth_30234,3
synth_31309,3
synth_31433,3
synth_31473,3
synth_32122,3
synth_32672,3
synth_32692,3
synth_32954,3
synth_33634,3
synth_35770,3
synth_28725,3
synth_29130,3
synth_29837,3
synth_30340,3
synth_30535,3
synth_30885,3
synth_30993,3
synth_31510,3
synth_31760,3
synth_31787,3
synth_32057,3
synth_32134,3
synth_33216,3
synth_33237,3
synth_33277,3
synth_33354,3
synth_33381,3
synth_33584,3
synth_33958,3
synth_34326,3
synth_34521,3
synth_35443,3
synth_31149,3
synth_31276,3
synth_31542,3
synth_31868,3
synth_32451,3
synth_33704,3
synth_33747,3
synth_34719,3
synth_29008,3
synth_29320,3
synth_29389,3
synth_29665,3
synth_29887,3
synth_29969,3
synth_30748,3
synth_30996,3
synth_31094,3
synth_31186,3
synth_31578,3
synth_31732,3
synth_31740,3
synth_31746,3
synth_32608,3
synth_32880,3
synth_33561,3
synth_33767,3
synth_33973,3
synth_34515,3
synth_35138,3
synth_35220,3
synth_35395,3
synth_35415,3
synth_35434,3
synth_35449,3
synth_35554,3
synth_35577,3
synth_29587,3
synth_30429,3
synth_31765,3
synth_32651,3
synth_35800,3
synth_28959,3
synth_29449,3
synth_29634,3
synth_29730,3
synth_31210,3
synth_31282,3
synth_31371,3
synth_32514,3
synth_32795,3
synth_32878,3
synth_33251,3
synth_34142,3
synth_34159,3
synth_34199,3
synth_34655,3
synth_34755,3
synth_35575,3
synth_28927,3
synth_29606,3
synth_30566,3
synth_30702,3
synth_31653,3
synth_31849,3
synth_31908,3
synth_32100,3
synth_32486,3
synth_32560,3
synth_32665,3
synth_32745,3
synth_32971,3
synth_33439,3
synth_35781,3
synth_35847,3
synth_28825,3
synth_28984,3
synth_29129,3
synth_29288,3
synth_29387,3
synth_29397,3
synth_29554,3
synth_29865,3
synth_29900,3
synth_30580,3
synth_30845,3
synth_30876,3
synth_30892,3
synth_30948,3
synth_31005,3
synth_31024,3
synth_31219,3
synth_31261,3
synth_31729,3
synth_31752,3
synth_32095,3
synth_32139,3
synth_32204,3
synth_32271,3
synth_32598,3
synth_32906,3
synth_32926,3
synth_33114,3
synth_33118,3
synth_33186,3
synth_34024,3
synth_34206,3
synth_34293,3
synth_34336,3
synth_34340,3
synth_34969,3
synth_35058,3
synth_35525,3
synth_35655,3
synth_28708,3
synth_30182,3
synth_30226,3
synth_30355,3
synth_31912,3
synth_32412,3
synth_32805,3
synth_33676,3
synth_33709,3
synth_33869,3
synth_34598,3
synth_35686,3
synth_35773,3
synth_28862,3
synth_28875,3
synth_29005,3
synth_29206,3
synth_29247,3
synth_29346,3
synth_29536,3
synth_29640,3
synth_29744,3
synth_29802,3
synth_29817,3
synth_29922,3
synth_30457,3
synth_30547,3
synth_30806,3
synth_31049,3
synth_31119,3
synth_31322,3
synth_31544,3
synth_32273,3
synth_32443,3
synth_32706,3
synth_33682,3
synth_34222,3
synth_34438,3
synth_34619,3
synth_34757,3
synth_34774,3
synth_35054,3
synth_35274,3
synth_35448,3
synth_35568,3
synth_35641,3
synth_29371,3
synth_30265,3
synth_30387,3
synth_30398,3
synth_30399,3
synth_30874,3
synth_31453,3
synth_31484,3
synth_31524,3
synth_31659,3
synth_32196,3
synth_32497,3
synth_33814,3
synth_34442,3
synth_29052,3
synth_29085,3
synth_29408,3
synth_29442,3
synth_30519,3
synth_30618,3
synth_30714,3
synth_30781,3
synth_30807,3
synth_30896,3
synth_30907,3
synth_31166,3
synth_33262,3
synth_33305,3
synth_33307,3
synth_33356,3
synth_33860,3
synth_34117,3
synth_34182,3
synth_34288,3
synth_34668,3
synth_35087,3
synth_35546,3
synth_30235,3
synth_31831,3
synth_31935,3
synth_31982,3
synth_32530,3
synth_32601,3
synth_32946,3
synth_32994,3
synth_33332,3
synth_34483,3
synth_34749,3
synth_29047,3
synth_29653,3
synth_29799,3
synth_30026,3
synth_30216,3
synth_30282,3
synth_30910,3
synth_30978,3
synth_31041,3
synth_31818,3
synth_32044,3
synth_32135,3
synth_32222,3
synth_32370,3
synth_32856,3
synth_33324,3
synth_33374,3
synth_33496,3
synth_33988,3
synth_34449,3
synth_34877,3
synth_35278,3
synth_35385,3
synth_35586,3
synth_35657,3
synth_35721,3
synth_28928,3
synth_29519,3
synth_30232,3
synth_30587,3
synth_31368,3
synth_32441,3
synth_32547,3
synth_32964,3
synth_28758,3
synth_29300,3
synth_29451,3
synth_29643,3
synth_29798,3
synth_29830,3
synth_29912,3
synth_30060,3
synth_30126,3
synth_30458,3
synth_30712,3
synth_30768,3
synth_30852,3
synth_31050,3
synth_31374,3
synth_33197,3
synth_33206,3
synth_33284,3
synth_33294,3
synth_33452,3
synth_33562,3
synth_34160,3
synth_34221,3
synth_34353,3
synth_34382,3
synth_34409,3
synth_34862,3
synth_34866,3
synth_34890,3
synth_35360,3
synth_35587,3
synth_35749,3
synth_35856,3
synth_29569,3
synth_31448,3
synth_31661,3
synth_31675,3
synth_31991,3
synth_32184,3
synth_32401,3
synth_32990,3
synth_34690,3
synth_34795,3
synth_28899,3
synth_28942,3
synth_29211,3
synth_30078,3
synth_30190,3
synth_30527,3
synth_30672,3
synth_30822,3
synth_31734,3
synth_32077,3
synth_32325,3
synth_32336,3
synth_32346,3
synth_32349,3
synth_33024,3
synth_33158,3
synth_33178,3
synth_33574,3
synth_33578,3
synth_34544,3
synth_34723,3
synth_34974,3
synth_35353,3
synth_35492,3
synth_35615,3
synth_35652,3
synth_35717,3
synth_29619,3
synth_30386,3
synth_30559,3
synth_30700,3
synth_31269,3
synth_31906,3
synth_32635,3
synth_32950,3
synth_34432,3
synth_35825,3
synth_29254,3
synth_29562,3
synth_29697,3
synth_29853,3
synth_30085,3
synth_30311,3
synth_30456,3
synth_30877,3
synth_31738,3
synth_32078,3
synth_33001,3
synth_33119,3
synth_33696,3
synth_34383,3
synth_35468,3
synth_35619,3
synth_35735,3
synth_29226,3
synth_29546,3
synth_30396,3
synth_31877,3
synth_32468,3
synth_32549,3
synth_32639,3
synth_32804,3
synth_32930,3
synth_33638,3
synth_33819,3
synth_33977,3
synth_34605,3
synth_34811,3
synth_28941,3
synth_29032,3
synth_29436,3
synth_29561,3
synth_29754,3
synth_30008,3
synth_31048,3
synth_32073,3
synth_32854,3
synth_33107,3
synth_33134,3
synth_33248,3
synth_33556,3
synth_33576,3
synth_33969,3
synth_34157,3
synth_34395,3
synth_34996,3
synth_35231,3
synth_35369,3
synth_35410,3
synth_35423,3
synth_35426,3
synth_35463,3
synth_35595,3
synth_33301,3
synth_28733,3
synth_28892,3
synth_28934,3
synth_29405,3
synth_29453,3
synth_29839,3
synth_29909,3
synth_30110,3
synth_30931,3
synth_31246,3
synth_31728,3
synth_31755,3
synth_32030,3
synth_32149,3
synth_32162,3
synth_32702,3
synth_33249,3
synth_33253,3
synth_33267,3
synth_33820,3
synth_33924,3
synth_34070,3
synth_34119,3
synth_34962,3
synth_35310,3
synth_35598,3
synth_30145,3
synth_30267,3
synth_30720,3
synth_31278,3
synth_33406,3
synth_33425,3
synth_33964,3
synth_34760,3
synth_34771,3
synth_35806,3
synth_35843,3
synth_29108,3
synth_29458,3
synth_30644,3
synth_30991,3
synth_31100,3
synth_31315,3
synth_31626,3
synth_31722,3
synth_31749,3
synth_33398,3
synth_33840,3
synth_34220,3
synth_34497,3
synth_34653,3
synth_35411,3
synth_35583,3
synth_35601,3
synth_30661,3
synth_31367,3
synth_31432,3
synth_31951,3
synth_32447,3
synth_33946,3
synth_34850,3
synth_35001,3
synth_35822,3
synth_28884,3
synth_28998,3
synth_29487,3
synth_29664,3
synth_29772,3
synth_29977,3
synth_29999,3
synth_30194,3
synth_30631,3
synth_31376,3
synth_31505,3
synth_31639,3
synth_31742,3
synth_31929,3
synth_32083,3
synth_32320,3
synth_33044,3
synth_34129,3
synth_34208,3
synth_34239,3
synth_34277,3
synth_34429,3
synth_34942,3
synth_35334,3
synth_35356,3
synth_35473,3
synth_29370,3
synth_30346,3
synth_30406,3
synth_31361,3
synth_31435,3
synth_31712,3
synth_35045,3
synth_28697,3
synth_28806,3
synth_29204,3
synth_29298,3
synth_29497,3
synth_30159,3
synth_30534,3
synth_30820,3
synth_31116,3
synth_31576,3
synth_32374,3
synth_32380,3
synth_32391,3
synth_33048,3
synth_33148,3
synth_33222,3
synth_33668,3
synth_33732,3
synth_33759,3
synth_34334,3
synth_34400,3
synth_34577,3
synth_34861,3
synth_35126,3
synth_35202,3
synth_35528,3
synth_35610,3
synth_35706,3
synth_29734,3
synth_30485,3
synth_30584,3
synth_30719,3
synth_31479,3
synth_31763,3
synth_32463,3
synth_32496,3
synth_32521,3
synth_32633,3
synth_33889,3
synth_34594,3
synth_34599,3
synth_28936,3
synth_29280,3
synth_29289,3
synth_29953,3
synth_30012,3
synth_30044,3
synth_30057,3
synth_30376,3
synth_30744,3
synth_30758,3
synth_31231,3
synth_32296,3
synth_32753,3
synth_33185,3
synth_33422,3
synth_33886,3
synth_33915,3
synth_34055,3
synth_34092,3
synth_34224,3
synth_34320,3
synth_35276,3
synth_35425,3
synth_28912,3
synth_30446,3
synth_30939,3
synth_31274,3
synth_31677,3
synth_32106,3
synth_32580,3
synth_32822,3
synth_32940,3
synth_33409,3
synth_33437,3
synth_33944,3
synth_28924,3
synth_29009,3
synth_29168,3
synth_29532,3
synth_30455,3
synth_31038,3
synth_31063,3
synth_31112,3
synth_31161,3
synth_31217,3
synth_31411,3
synth_31691,3
synth_32001,3
synth_32071,3
synth_32084,3
synth_33384,3
synth_33413,3
synth_33800,3
synth_33873,3
synth_33968,3
synth_34086,3
synth_34218,3
synth_34914,3
synth_35254,3
synth_35265,3
synth_35328,3
synth_29545,3
synth_32179,3
synth_32647,3
synth_32769,3
synth_32812,3
synth_32981,3
synth_33896,3
synth_33998,3
synth_35794,3
synth_28839,3
synth_29014,3
synth_29154,3
synth_29181,3
synth_29795,3
synth_29818,3
synth_29978,3
synth_30050,3
synth_31099,3
synth_31168,3
synth_31334,3
synth_31428,3
synth_31547,3
synth_32002,3
synth_32344,3
synth_32594,3
synth_32625,3
synth_33010,3
synth_33071,3
synth_33208,3
synth_33293,3
synth_34371,3
synth_35145,3
synth_35264,3
synth_35358,3
synth_35392,3
synth_35815,3
synth_31359,3
synth_31442,3
synth_32432,3
synth_32460,3
synth_32552,3
synth_32588,3
synth_32959,3
synth_32986,3
synth_33453,3
synth_33950,3
synth_34635,3
synth_35010,3
synth_35799,3
synth_29248,3
synth_29322,3
synth_29632,3
synth_29807,3
synth_30052,3
synth_30055,3
synth_30647,3
synth_30698,3
synth_30890,3
synth_31013,3
synth_31089,3
synth_31298,3
synth_31337,3
synth_31563,3
synth_32116,3
synth_32203,3
synth_32285,3
synth_32318,3
synth_32384,3
synth_32876,3
synth_33390,3
synth_34385,3
synth_34860,3
synth_35253,3
synth_35630,3
synth_29081,3
synth_30104,3
synth_31531,3
synth_31644,3
synth_31892,3
synth_32430,3
synth_32469,3
synth_33639,3
synth_33996,3
synth_34924,3
synth_35813,3
synth_28975,3
synth_29039,3
synth_29267,3
synth_29369,3
synth_29491,3
synth_29529,3
synth_29670,3
synth_29707,3
synth_29869,3
synth_29916,3
synth_29965,3
synth_30009,3
synth_30130,3
synth_30531,3
synth_30759,3
synth_30782,3
synth_30968,3
synth_31021,3
synth_31203,3
synth_31382,3
synth_31733,3
synth_31939,3
synth_32855,3
synth_33146,3
synth_33245,3
synth_33497,3
synth_34143,3
synth_34523,3
synth_35147,3
synth_35703,3
synth_35877,3
synth_29410,3
synth_30140,3
synth_31319,3
synth_31605,3
synth_31987,3
synth_32400,3
synth_32700,3
synth_32944,3
synth_33649,3
synth_33729,3
synth_34846,3
synth_35850,3
synth_35874,3
synth_28850,3
synth_28930,3
synth_28995,3
synth_30090,3
synth_30149,3
synth_30240,3
synth_30779,3
synth_30851,3
synth_30930,3
synth_30975,3
synth_31290,3
synth_32014,3
synth_32481,3
synth_32794,3
synth_33252,3
synth_33757,3
synth_33787,3
synth_33797,3
synth_34238,3
synth_34270,3
synth_35272,3
synth_35345,3
synth_30397,3
synth_31858,3
synth_31943,3
synth_32832,3
synth_33849,3
synth_35063,3
synth_28753,3
synth_28803,3
synth_29002,3
synth_29186,3
synth_29445,3
synth_30010,3
synth_30538,3
synth_30646,3
synth_30675,3
synth_30725,3
synth_30936,3
synth_31044,3
synth_31131,3
synth_31297,3
synth_32207,3
synth_32264,3
synth_32323,3
synth_33175,3
synth_33722,3
synth_33892,3
synth_33906,3
synth_34357,3
synth_34543,3
synth_34929,3
synth_35017,3
synth_35240,3
synth_28712,3
synth_30222,3
synth_31414,3
synth_31931,3
synth_32446,3
synth_32628,3
synth_32660,3
synth_33813,3
synth_33899,3
synth_34487,3
synth_34700,3
synth_35865,3
synth_28780,3
synth_28872,3
synth_28958,3
synth_29017,3
synth_29044,3
synth_29196,3
synth_29470,3
synth_29552,3
synth_29705,3
synth_29914,3
synth_29925,3
synth_29986,3
synth_31490,3
synth_32266,3
synth_32347,3
synth_32398,3
synth_32714,3
synth_32890,3
synth_33052,3
synth_33154,3
synth_33211,3
synth_33790,3
synth_33929,3
synth_34670,3
synth_34807,3
synth_34907,3
synth_35481,3
synth_31249,3
synth_31387,3
synth_31480,3
synth_32089,3
synth_33609,3
synth_33818,3
synth_35754,3
synth_35831,3
synth_28876,3
synth_29461,3
synth_29483,3
synth_29502,3
synth_29763,3
synth_29774,3
synth_30191,3
synth_30197,3
synth_31053,3
synth_31590,3
synth_31614,3
synth_31693,3
synth_33415,3
synth_33666,3
synth_33674,3
synth_34207,3
synth_34492,3
synth_35406,3
synth_35440,3
synth_35485,3
synth_35581,3
synth_35609,3
synth_31239,3
synth_31307,3
synth_32666,3
synth_33603,3
synth_35667,3
synth_29035,3
synth_29082,3
synth_29334,3
synth_29339,3
synth_29805,3
synth_29988,3
synth_30173,3
synth_30214,3
synth_30917,3
synth_30925,3
synth_31067,3
synth_31715,3
synth_32094,3
synth_32249,3
synth_32252,3
synth_33139,3
synth_33161,3
synth_33264,3
synth_33313,3
synth_33765,3
synth_34081,3
synth_34098,3
synth_34215,3
synth_34313,3
synth_34391,3
synth_34975,3
synth_35146,3
synth_35167,3
synth_35338,3
synth_35382,3
synth_35562,3
synth_35644,3
synth_30274,3
synth_32473,3
synth_32641,3
synth_32998,3
synth_33617,3
synth_33657,3
synth_34806,3
synth_34889,3
synth_35628,3
synth_35881,3
synth_28944,3
synth_29407,3
synth_29471,3
synth_29490,3
synth_29667,3
synth_30054,3
synth_30801,3
synth_30830,3
synth_30879,3
synth_31040,3
synth_31310,3
synth_32003,3
synth_32091,3
synth_33069,3
synth_33171,3
synth_33645,3
synth_33661,3
synth_33844,3
synth_33914,3
synth_34173,3
synth_34271,3
synth_34379,3
synth_34394,3
synth_34526,3
synth_34733,3
synth_34918,3
synth_35156,3
synth_35250,3
synth_35418,3
synth_35444,3
synth_35607,3
synth_35633,3
synth_35713,3
synth_35814,3
synth_29625,3
synth_29710,3
synth_30504,3
synth_30582,3
synth_31402,3
synth_33702,3
synth_34834,3
synth_35699,3
synth_35771,3
synth_28851,3
synth_29183,3
synth_29220,3
synth_29311,3
synth_29396,3
synth_29692,3
synth_29862,3
synth_29945,3
synth_30323,3
synth_30836,3
synth_31033,3
synth_33153,3
synth_33311,3
synth_33532,3
synth_33885,3
synth_33890,3
synth_34134,3
synth_34537,3
synth_34953,3
synth_35178,3
synth_35372,3
synth_35509,3
synth_35560,3
synth_35742,3
synth_28909,3
synth_29756,3
synth_30249,3
synth_30791,3
synth_31710,3
synth_32181,3
synth_32687,3
synth_33427,3
synth_33626,3
synth_34451,3
synth_34833,3
synth_28683,3
synth_29177,3
synth_29328,3
synth_29382,3
synth_29428,3
synth_29616,3
synth_29996,3
synth_30120,3
synth_30129,3
synth_30155,3
synth_30424,3
synth_31192,3
synth_31517,3
synth_31610,3
synth_32033,3
synth_32218,3
synth_32290,3
synth_32297,3
synth_32908,3
synth_33228,3
synth_33263,3
synth_33878,3
synth_34019,3
synth_34177,3
synth_34284,3
synth_34463,3
synth_34561,3
synth_35295,3
synth_35376,3
synth_35636,3
synth_31318,3
synth_31829,3
synth_33334,3
synth_33678,3
synth_34879,3
synth_35003,3
synth_28723,3
synth_28833,3
synth_28915,3
synth_29119,3
synth_29124,3
synth_29197,3
synth_29321,3
synth_29402,3
synth_29641,3
synth_29724,3
synth_29855,3
synth_29983,3
synth_30082,3
synth_30188,3
synth_30464,3
synth_31007,3
synth_31233,3
synth_31321,3
synth_31714,3
synth_32366,3
synth_32609,3
synth_33047,3
synth_33062,3
synth_33104,3
synth_33564,3
synth_33711,3
synth_34349,3
synth_34396,3
synth_34530,3
synth_34652,3
synth_34714,3
synth_34912,3
synth_35080,3
synth_35153,3
synth_35186,3
synth_35238,3
synth_35277,3
synth_35305,3
synth_35436,3
synth_29360,3
synth_29716,3
synth_30938,3
synth_31326,3
synth_31464,3
synth_31901,3
synth_32578,3
synth_32815,3
synth_32826,3
synth_32888,3
synth_33528,3
synth_34691,3
synth_35866,3
synth_35867,3
synth_28690,3
synth_28961,3
synth_28970,3
synth_29026,3
synth_29049,3
synth_29076,3
synth_29161,3
synth_29273,3
synth_29459,3
synth_29573,3
synth_30308,3
synth_30380,3
synth_30681,3
synth_30909,3
synth_31798,3
synth_32303,3
synth_32362,3
synth_32368,3
synth_32852,3
synth_32893,3
synth_33015,3
synth_33089,3
synth_33276,3
synth_33949,3
synth_34130,3
synth_34775,3
synth_35107,3
synth_35116,3
synth_35539,3
synth_35634,3
synth_30184,3
synth_30243,3
synth_30565,3
synth_31362,3
synth_32519,3
synth_32563,3
synth_32764,3
synth_32956,3
synth_32965,3
synth_33483,3
synth_34887,3
synth_34911,3
synth_29043,3
synth_29269,3
synth_29343,3
synth_29432,3
synth_29474,3
synth_29553,3
synth_30079,3
synth_30707,3
synth_30825,3
synth_31046,3
synth_31347,3
synth_31589,3
synth_31744,3
synth_31790,3
synth_32005,3
synth_32348,3
synth_32849,3
synth_33014,3
synth_33247,3
synth_33582,3
synth_34104,3
synth_34180,3
synth_34950,3
synth_34978,3
synth_35115,3
synth_35259,3
synth_35429,3
synth_35454,3
synth_30593,3
synth_31769,3
synth_31936,3
synth_32618,3
synth_33748,3
synth_33836,3
synth_33961,3
synth_34596,3
synth_35691,3
synth_35697,3
synth_28691,3
synth_28926,3
synth_29417,3
synth_29572,3
synth_30530,3
synth_30730,3
synth_30842,3
synth_31745,3
synth_32070,3
synth_32097,3
synth_32129,3
synth_32335,3
synth_32605,3
synth_33177,3
synth_33238,3
synth_33550,3
synth_34153,3
synth_34985,3
synth_35408,3
synth_35488,3
synth_29715,3
synth_31389,3
synth_31977,3
synth_31996,3
synth_32069,3
synth_32591,3
synth_32649,3
synth_32780,3
synth_32987,3
synth_33474,3
synth_35871,3
synth_28777,3
synth_28886,3
synth_28917,3
synth_29143,3
synth_29264,3
synth_29785,3
synth_29943,3
synth_30682,3
synth_31029,3
synth_31304,3
synth_32343,3
synth_33017,3
synth_33282,3
synth_33355,3
synth_34005,3
synth_34338,3
synth_35123,3
synth_29071,3
synth_29506,3
synth_30392,3
synth_30445,3
synth_30555,3
synth_30901,3
synth_31148,3
synth_31412,3
synth_31650,3
synth_31713,3
synth_31918,3
synth_33701,3
synth_33808,3
synth_34443,3
synth_34903,3
synth_35051,3
synth_35073,3
synth_28807,3
synth_29216,3
synth_29424,3
synth_29856,3
synth_29897,3
synth_30526,3
synth_30964,3
synth_31054,3
synth_31223,3
synth_31410,3
synth_32114,3
synth_32165,3
synth_33554,3
synth_33565,3
synth_33911,3
synth_34249,3
synth_34356,3
synth_35166,3
synth_35404,3
synth_35467,3
synth_29739,3
synth_30359,3
synth_31778,3
synth_31859,3
synth_31919,3
synth_31928,3
synth_34482,3
synth_35750,3
synth_35834,3
synth_35851,3
synth_28966,3
synth_29504,3
synth_29638,3
synth_29859,3
synth_29956,3
synth_30007,3
synth_30167,3
synth_30252,3
synth_30637,3
synth_30952,3
synth_31669,3
synth_31670,3
synth_32388,3
synth_32864,3
synth_33310,3
synth_33667,3
synth_33721,3
synth_34378,3
synth_34566,3
synth_34657,3
synth_35025,3
synth_30357,3
synth_31446,3
synth_31523,3
synth_31945,3
synth_32431,3
synth_32742,3
synth_33600,3
synth_33629,3
synth_33857,3
synth_34621,3
synth_35803,3
synth_28798,3
synth_28867,3
synth_28964,3
synth_29016,3
synth_29063,3
synth_29281,3
synth_29466,3
synth_29488,3
synth_29612,3
synth_29761,3
synth_29800,3
synth_30038,3
synth_30506,3
synth_30645,3
synth_31336,3
synth_31364,3
synth_32796,3
synth_33231,3
synth_33347,3
synth_33373,3
synth_33827,3
synth_34192,3
synth_34233,3
synth_34256,3
synth_34266,3
synth_34294,3
synth_34456,3
synth_34549,3
synth_34667,3
synth_34674,3
synth_34773,3
synth_35208,3
synth_35293,3
synth_35301,3
synth_29755,3
synth_30262,3
synth_30583,3
synth_32413,3
synth_32840,3
synth_32851,3
synth_35753,3
synth_35778,3
synth_28900,3
synth_28919,3
synth_29390,3
synth_29403,3
synth_29413,3
synth_29732,3
synth_29828,3
synth_29863,3
synth_29963,3
synth_30207,3
synth_30741,3
synth_30858,3
synth_30889,3
synth_30897,3
synth_31716,3
synth_31909,3
synth_32013,3
synth_32051,3
synth_32054,3
synth_32261,3
synth_32576,3
synth_32707,3
synth_33232,3
synth_33363,3
synth_33553,3
synth_34089,3
synth_34722,3
synth_34786,3
synth_35213,3
synth_35327,3
synth_35487,3
synth_28711,3
synth_29227,3
synth_30567,3
synth_31655,3
synth_32947,3
synth_33460,3
synth_33468,3
synth_33507,3
synth_34601,3
synth_28775,3
synth_29219,3
synth_29691,3
synth_29890,3
synth_29954,3
synth_30289,3
synth_30410,3
synth_30474,3
synth_30802,3
synth_30835,3
synth_30886,3
synth_30905,3
synth_30951,3
synth_31281,3
synth_32288,3
synth_32862,3
synth_33027,3
synth_33268,3
synth_33329,3
synth_33420,3
synth_33571,3
synth_33866,3
synth_34203,3
synth_34216,3
synth_34550,3
synth_35292,3
synth_35419,3
synth_35512,3
synth_29604,3
synth_30352,3
synth_30563,3
synth_31658,3
synth_31815,3
synth_32587,3
synth_32803,3
synth_32860,3
synth_33981,3
synth_34695,3
synth_34830,3
synth_35775,3
synth_28734,3
synth_28736,3
synth_28814,3
synth_28954,3
synth_29259,3
synth_29352,3
synth_29575,3
synth_29595,3
synth_30137,3
synth_30484,3
synth_30862,3
synth_30962,3
synth_31396,3
synth_31397,3
synth_32036,3
synth_32223,3
synth_32933,3
synth_33143,3
synth_33149,3
synth_34574,3
synth_34717,3
synth_34946,3
synth_34976,3
synth_35029,3
synth_35034,3
synth_35290,3
synth_35540,3
synth_30160,3
synth_31316,3
synth_31481,3
synth_32102,3
synth_32183,3
synth_32440,3
synth_33931,3
synth_34832,3
synth_28879,3
synth_29132,3
synth_29221,3
synth_29480,3
synth_30047,3
synth_30108,3
synth_30203,3
synth_30441,3
synth_30454,3
synth_31399,3
synth_31408,3
synth_31699,3
synth_33109,3
synth_33641,3
synth_33686,3
synth_33874,3
synth_34458,3
synth_34496,3
synth_34501,3
synth_34658,3
synth_35280,3
synth_35478,3
synth_35553,3
synth_35591,3
synth_29341,3
synth_30170,3
synth_30370,3
synth_30402,3
synth_32493,3
synth_32686,3
synth_33309,3
synth_33547,3
synth_34697,3
synth_34842,3
synth_28794,3
synth_28841,3
synth_28972,3
synth_29062,3
synth_29182,3
synth_29249,3
synth_29373,3
synth_30093,3
synth_30169,3
synth_30752,3
synth_31017,3
synth_31229,3
synth_31301,3
synth_32092,3
synth_32131,3
synth_32293,3
synth_33710,3
synth_33823,3
synth_34125,3
synth_34289,3
synth_34377,3
synth_34763,3
synth_35196,3
synth_35736,3
synth_28706,3
synth_30716,3
synth_32527,3
synth_32656,3
synth_32696,3
synth_33466,3
synth_33623,3
synth_34680,3
synth_35043,3
synth_28990,3
synth_29067,3
synth_29086,3
synth_29157,3
synth_29314,3
synth_29633,3
synth_29901,3
synth_30619,3
synth_30709,3
synth_30743,3
synth_30754,3
synth_30826,3
synth_30831,3
synth_31772,3
synth_32017,3
synth_32148,3
synth_32523,3
synth_33780,3
synth_33831,3
synth_33904,3
synth_33935,3
synth_34076,3
synth_34236,3
synth_34344,3
synth_34406,3
synth_34567,3
synth_34788,3
synth_35099,3
synth_35297,3
synth_35550,3
synth_35614,3
synth_28710,3
synth_30438,3
synth_30660,3
synth_31657,3
synth_31674,3
synth_31903,3
synth_32178,3
synth_32646,3
synth_33976,3
synth_34843,3
synth_34856,3
synth_35012,3
synth_35795,3
synth_28750,3
synth_29297,3
synth_29517,3
synth_29658,3
synth_30291,3
synth_30778,3
synth_31502,3
synth_32356,3
synth_33327,3
synth_33699,3
synth_33768,3
synth_34029,3
synth_34258,3
synth_34517,3
synth_34971,3
synth_34998,3
synth_35136,3
synth_35306,3
synth_35469,3
synth_35547,3
synth_29551,3
synth_29558,3
synth_30100,3
synth_30427,3
synth_30577,3
synth_31438,3
synth_31543,3
synth_31597,3
synth_31767,3
synth_32824,3
synth_33505,3
synth_34631,3
synth_34885,3
synth_29030,3
synth_29069,3
synth_29873,3
synth_29937,3
synth_30002,3
synth_30604,3
synth_31243,3
synth_31503,3
synth_31794,3
synth_32225,3
synth_32309,3
synth_33875,3
synth_34077,3
synth_34366,3
synth_34764,3
synth_34972,3
synth_35048,3
synth_35144,3
synth_35869,3
synth_30344,3
synth_30701,3
synth_31850,3
synth_32174,3
synth_32439,3
synth_32550,3
synth_32817,3
synth_32988,3
synth_33458,3
synth_33492,3
synth_34484,3
synth_28760,3
synth_28797,3
synth_29056,3
synth_29310,3
synth_29833,3
synth_29878,3
synth_29948,3
synth_30127,3
synth_30690,3
synth_30815,3
synth_30927,3
synth_31008,3
synth_31320,3
synth_31427,3
synth_31696,3
synth_32883,3
synth_33188,3
synth_33189,3
synth_33202,3
synth_33259,3
synth_33288,3
synth_33693,3
synth_33792,3
synth_33925,3
synth_33957,3
synth_34091,3
synth_34261,3
synth_34292,3
synth_34977,3
synth_34989,3
synth_35140,3
synth_35567,3
synth_35886,3
synth_30541,3
synth_30941,3
synth_31350,3
synth_31369,3
synth_31485,3
synth_31706,3
synth_32193,3
synth_32571,3
synth_32810,3
synth_34696,3
synth_34826,3
synth_28836,3
synth_28881,3
synth_29366,3
synth_29448,3
synth_29635,3
synth_30210,3
synth_30570,3
synth_30615,3
synth_31193,3
synth_31613,3
synth_32262,3
synth_32524,3
synth_32713,3
synth_33036,3
synth_34054,3
synth_34260,3
synth_34532,3
synth_35223,3
synth_35471,3
synth_30417,3
synth_31700,3
synth_31949,3
synth_33498,3
synth_28761,3
synth_28765,3
synth_29326,3
synth_29563,3
synth_29849,3
synth_30172,3
synth_30756,3
synth_30771,3
synth_30956,3
synth_31036,3
synth_31045,3
synth_31056,3
synth_31299,3
synth_32312,3
synth_33136,3
synth_33382,3
synth_33741,3
synth_34229,3
synth_34328,3
synth_34874,3
synth_35499,3
synth_35593,3
synth_35637,3
synth_30944,3
synth_31885,3
synth_32088,3
synth_32101,3
synth_32673,3
synth_33855,3
synth_34840,3
synth_28858,3
synth_28901,3
synth_29027,3
synth_29041,3
synth_29117,3
synth_29746,3
synth_29747,3
synth_29775,3
synth_30319,3
synth_32281,3
synth_32355,3
synth_32572,3
synth_32734,3
synth_33084,3
synth_33102,3
synth_33234,3
synth_33421,3
synth_33449,3
synth_33650,3
synth_33740,3
synth_33756,3
synth_33824,3
synth_34039,3
synth_34539,3
synth_35078,3
synth_35354,3
synth_35661,3
synth_30662,3
synth_30814,3
synth_31422,3
synth_31823,3
synth_31876,3
synth_31891,3
synth_32474,3
synth_33484,3
synth_28684,3
synth_28818,3
synth_28951,3
synth_29621,3
synth_30030,3
synth_30135,3
synth_30242,3
synth_30507,3
synth_30774,3
synth_30789,3
synth_31441,3
synth_32367,3
synth_32515,3
synth_33690,3
synth_33841,3
synth_34100,3
synth_34110,3
synth_34149,3
synth_34414,3
synth_34545,3
synth_34607,3
synth_34955,3
synth_35079,3
synth_28713,3
synth_29190,3
synth_30347,3
synth_30385,3
synth_31267,3
synth_31665,3
synth_31948,3
synth_33703,3
synth_33859,3
synth_34721,3
synth_35696,3
synth_35764,3
synth_28816,3
synth_28999,3
synth_29034,3
synth_29224,3
synth_29576,3
synth_30032,3
synth_30202,3
synth_30378,3
synth_30722,3
synth_30745,3
synth_31294,3
synth_31561,3
synth_31572,3
synth_32063,3
synth_32211,3
synth_32248,3
synth_32251,3
synth_33215,3
synth_33586,3
synth_33733,3
synth_34032,3
synth_34079,3
synth_34291,3
synth_34453,3
synth_34662,3
synth_34864,3
synth_35085,3
synth_35097,3
synth_35105,3
synth_35252,3
synth_35269,3
synth_35331,3
synth_35401,3
synth_35727,3
synth_30476,3
synth_32047,3
synth_32049,3
synth_32459,3
synth_32612,3
synth_33504,3
synth_33521,3
synth_35786,3
synth_28898,3
synth_29560,3
synth_29577,3
synth_29660,3
synth_30888,3
synth_30934,3
synth_31250,3
synth_32393,3
synth_33587,3
synth_33947,3
synth_34327,3
synth_34426,3
synth_34784,3
synth_34917,3
synth_35236,3
synth_35402,3
synth_35524,3
synth_35585,3
synth_35624,3
synth_30383,3
synth_30738,3
synth_32816,3
synth_32899,3
synth_33486,3
synth_34444,3
synth_34804,3
synth_34805,3
synth_35671,3
synth_29462,3
synth_29819,3
synth_30027,3
synth_30423,3
synth_30794,3
synth_31173,3
synth_31234,3
synth_31263,3
synth_31426,3
synth_31548,3
synth_32080,3
synth_32234,3
synth_32240,3
synth_32574,3
synth_33058,3
synth_33254,3
synth_33597,3
synth_33598,3
synth_33620,3
synth_33791,3
synth_33843,3
synth_33877,3
synth_34053,3
synth_34103,3
synth_34106,3
synth_34136,3
synth_34204,3
synth_34434,3
synth_34643,3
synth_35570,3
synth_35682,3
synth_29544,3
synth_30199,3
synth_30562,3
synth_30658,3
synth_31595,3
synth_31981,3
synth_32433,3
synth_32889,3
synth_32952,3
synth_33568,3
synth_33614,3
synth_33983,3
synth_34588,3
synth_34794,3
synth_34899,3
synth_34902,3
synth_35052,3
synth_35846,3
synth_29038,3
synth_29188,3
synth_29345,3
synth_30201,3
synth_30516,3
synth_30773,3
synth_31160,3
synth_32382,3
synth_33021,3
synth_33090,3
synth_33093,3
synth_33224,3
synth_33581,3
synth_33681,3
synth_34139,3
synth_34296,3
synth_34419,3
synth_34548,3
synth_34916,3
synth_35028,3
synth_35056,3
synth_35257,3
synth_35298,3
synth_35480,3
synth_35491,3
synth_35589,3
synth_35720,3
synth_29757,3
synth_30141,3
synth_30223,3
synth_30257,3
synth_30597,3
synth_31126,3
synth_31139,3
synth_31842,3
synth_31976,3
synth_32767,3
synth_32984,3
synth_33440,3
synth_33523,3
synth_34686,3
synth_35802,3
synth_28813,3
synth_28857,3
synth_29214,3
synth_29237,3
synth_29543,3
synth_29809,3
synth_30000,3
synth_30616,3
synth_30729,3
synth_30906,3
synth_30950,3
synth_32015,3
synth_32040,3
synth_32058,3
synth_32213,3
synth_32874,3
synth_33360,3
synth_34870,3
synth_35132,3
synth_35266,3
synth_35572,3
synth_35620,3
synth_30268,3
synth_30973,3
synth_31317,3
synth_32541,3
synth_32688,3
synth_32744,3
synth_33378,3
synth_35766,3
synth_35823,3
synth_28689,3
synth_28826,3
synth_28845,3
synth_28950,3
synth_29055,3
synth_29277,3
synth_29338,3
synth_29522,3
synth_29700,3
synth_29936,3
synth_30003,3
synth_30053,3
synth_30294,3
synth_30668,3
synth_30695,3
synth_30887,3
synth_30904,3
synth_31222,3
synth_31230,3
synth_31556,3
synth_32160,3
synth_32931,3
synth_33025,3
synth_33031,3
synth_33191,3
synth_33370,3
synth_33560,3
synth_33590,3
synth_33730,3
synth_33795,3
synth_34071,3
synth_34476,3
synth_34839,3
synth_34949,3
synth_35239,3
synth_35258,3
synth_35342,3
synth_35407,3
synth_29521,3
synth_30407,3
synth_30489,3
synth_31927,3
synth_31933,3
synth_32670,3
synth_32679,3
synth_32750,3
synth_32837,3
synth_33658,3
synth_33745,3
synth_34486,3
synth_35673,3
synth_28842,3
synth_28890,3
synth_29323,3
synth_29845,3
synth_30098,3
synth_30761,3
synth_30878,3
synth_30986,3
synth_31398,3
synth_32217,3
synth_32709,3
synth_33013,3
synth_33080,3
synth_34228,3
synth_34301,3
synth_34416,3
synth_34436,3
synth_35135,3
synth_35333,3
synth_35515,3
synth_35642,3
synth_31643,3
synth_32453,3
synth_32458,3
synth_33461,3
synth_33960,3
synth_33999,3
synth_34597,3
synth_34603,3
synth_34728,3
synth_34750,3
synth_28739,3
synth_28787,3
synth_28824,3
synth_28938,3
synth_29136,3
synth_29455,3
synth_29493,3
synth_29580,3
synth_29723,3
synth_30097,3
synth_30166,3
synth_30179,3
synth_30421,3
synth_31082,3
synth_31305,3
synth_32259,3
synth_32340,3
synth_32726,3
synth_32763,3
synth_32924,3
synth_32927,3
synth_33607,3
synth_34333,3
synth_34387,3
synth_34514,3
synth_34954,3
synth_35077,3
synth_35472,3
synth_35507,3
synth_35747,3
synth_28700,3
synth_29508,3
synth_29771,3
synth_30419,3
synth_30870,3
synth_31489,3
synth_31963,3
synth_32103,3
synth_32436,3
synth_33407,3
synth_33616,3
synth_29015,3
synth_29581,3
synth_29682,3
synth_29876,3
synth_29935,3
synth_30270,3
synth_30607,3
synth_30626,3
synth_31055,3
synth_31537,3
synth_31617,3
synth_32624,3
synth_33883,3
synth_34176,3
synth_34274,3
synth_34337,3
synth_34565,3
synth_34752,3
synth_34981,3
synth_35355,3
synth_35592,3
synth_35594,3
synth_29566,3
synth_29781,3
synth_30150,3
synth_31472,3
synth_31942,3
synth_32699,3
synth_32951,3
synth_34822,3
synth_35779,3
synth_35833,3
synth_28738,3
synth_28770,3
synth_28809,3
synth_29450,3
synth_29786,3
synth_30168,3
synth_30219,3
synth_30322,3
synth_30450,3
synth_31172,3
synth_31324,3
synth_32004,3
synth_32050,3
synth_32074,3
synth_32156,3
synth_32224,3
synth_32444,3
synth_32545,3
synth_32719,3
synth_33511,3
synth_34042,3
synth_34082,3
synth_34127,3
synth_34480,3
synth_34718,3
synth_34736,3
synth_35009,3
synth_35397,3
synth_35432,3
synth_35887,3
synth_28914,3
synth_31377,3
synth_31937,3
synth_32195,3
synth_32415,3
synth_32528,3
synth_33333,3
synth_33448,3
synth_33625,3
synth_34586,3
synth_35761,3
synth_35854,3
synth_28783,3
synth_28846,3
synth_28853,3
synth_29167,3
synth_29355,3
synth_30016,3
synth_30132,3
synth_30335,3
synth_30699,3
synth_30834,3
synth_30928,3
synth_30958,3
synth_31212,3
synth_31390,3
synth_31466,3
synth_31551,3
synth_31979,3
synth_32127,3
synth_32169,3
synth_32330,3
synth_33132,3
synth_33213,3
synth_33271,3
synth_33888,3
synth_33991,3
synth_34037,3
synth_34043,3
synth_34459,3
synth_34573,3
synth_34863,3
synth_34941,3
synth_34994,3
synth_35152,3
synth_35323,3
synth_35447,3
synth_30342,3
synth_30596,3
synth_31916,3
synth_31926,3
synth_32185,3
synth_33465,3
synth_34751,3
synth_29534,3
synth_29537,3
synth_30751,3
synth_30785,3
synth_30856,3
synth_31260,3
synth_32011,3
synth_32052,3
synth_32243,3
synth_32516,3
synth_32866,3
synth_33283,3
synth_34310,3
synth_34415,3
synth_34491,3
synth_34644,3
synth_35204,3
synth_35226,3
synth_35431,3
synth_29541,3
synth_31352,3
synth_32068,3
synth_33443,3
synth_33975,3
synth_34803,3
synth_28728,3
synth_29275,3
synth_29325,3
synth_29908,3
synth_30742,3
synth_30884,3
synth_31184,3
synth_31197,3
synth_31554,3
synth_31723,3
synth_32307,3
synth_32596,3
synth_33055,3
synth_33070,3
synth_33223,3
synth_33266,3
synth_33328,3
synth_33775,3
synth_35163,3
synth_35326,3
synth_35486,3
synth_35640,3
synth_30227,3
synth_31355,3
synth_31679,3
synth_33632,3
synth_34431,3
synth_34841,3
synth_35821,3
synth_28863,3
synth_29045,3
synth_29163,3
synth_29499,3
synth_29654,3
synth_29811,3
synth_29968,3
synth_30241,3
synth_30818,3
synth_31202,3
synth_31762,3
synth_31805,3
synth_32137,3
synth_32315,3
synth_32480,3
synth_33244,3
synth_33622,3
synth_33672,3
synth_34085,3
synth_34161,3
synth_35110,3
synth_35164,3
synth_35412,3
synth_35530,3
synth_30790,3
synth_30900,3
synth_31471,3
synth_31656,3
synth_32562,3
synth_32644,3
synth_35805,3
synth_28778,3
synth_29042,3
synth_29439,3
synth_30452,3
synth_31345,3
synth_31695,3
synth_32250,3
synth_32538,3
synth_32691,3
synth_32894,3
synth_33091,3
synth_33558,3
synth_33644,3
synth_33871,3
synth_34118,3
synth_34148,3
synth_34531,3
synth_34781,3
synth_34919,3
synth_35106,3
synth_35112,3
synth_35235,3
synth_35302,3
synth_35308,3
synth_35662,3
synth_35724,3
synth_28715,3
synth_29538,3
synth_29789,3
synth_30272,3
synth_30382,3
synth_32126,3
synth_32416,3
synth_32659,3
synth_33339,3
synth_33618,3
synth_34620,3
synth_28751,3
synth_28757,3
synth_29292,3
synth_29384,3
synth_29630,3
synth_29750,3
synth_30062,3
synth_30298,3
synth_30762,3
synth_30766,3
synth_30770,3
synth_30913,3
synth_31018,3
synth_31570,3
synth_31724,3
synth_32543,3
synth_32858,3
synth_32936,3
synth_33038,3
synth_33195,3
synth_33750,3
synth_33908,3
synth_34038,3
synth_34189,3
synth_34872,3
synth_29350,3
synth_31289,3
synth_31764,3
synth_31886,3
synth_32465,3
synth_33454,3
synth_33472,3
synth_35044,3
synth_35687,3
synth_28897,3
synth_28904,3
synth_29145,3
synth_29245,3
synth_29902,3
synth_29920,3
synth_30251,3
synth_30523,3
synth_31003,3
synth_31070,3
synth_31698,3
synth_31757,3
synth_32274,3
synth_32283,3
synth_32304,3
synth_32373,3
synth_32875,3
synth_33041,3
synth_33196,3
synth_33286,3
synth_33359,3
synth_33450,3
synth_33557,3
synth_33902,3
synth_33917,3
synth_34146,3
synth_34325,3
synth_34367,3
synth_35329,3
synth_35368,3
synth_31416,3
synth_31682,3
synth_32760,3
synth_32898,3
synth_32962,3
synth_33829,3
synth_28864,3
synth_29234,3
synth_29250,3
synth_29380,3
synth_29911,3
synth_30042,3
synth_30176,3
synth_30300,3
synth_30671,3
synth_31667,3
synth_31726,3
synth_32150,3
synth_32246,3
synth_32287,3
synth_32295,3
synth_33046,3
synth_33646,3
synth_34158,3
synth_34268,3
synth_34865,3
synth_35098,3
synth_35201,3
synth_29547,3
synth_30576,3
synth_32428,3
synth_32720,3
synth_33463,3
synth_33524,3
synth_34739,3
synth_28692,3
synth_29028,3
synth_29134,3
synth_29594,3
synth_29842,3
synth_30152,3
synth_30317,3
synth_30328,3
synth_30338,3
synth_30823,3
synth_30924,3
synth_31016,3
synth_31052,3
synth_31344,3
synth_32159,3
synth_32236,3
synth_32505,3
synth_32506,3
synth_33067,3
synth_33265,3
synth_33691,3
synth_34064,3
synth_34067,3
synth_34352,3
synth_34392,3
synth_34756,3
synth_35121,3
synth_35725,3
synth_35734,3
synth_28701,3
synth_31415,3
synth_32123,3
synth_32426,3
synth_32630,3
synth_32800,3
synth_32808,3
synth_32835,3
synth_33677,3
synth_34836,3
synth_35780,3
synth_35826,3
synth_28790,3
synth_28992,3
synth_29098,3
synth_29225,3
synth_29767,3
synth_30096,3
synth_30112,3
synth_30157,3
synth_30287,3
synth_30705,3
synth_30883,3
synth_31096,3
synth_31098,3
synth_31564,3
synth_31636,3
synth_31686,3
synth_32062,3
synth_33019,3
synth_33279,3
synth_33350,3
synth_34113,3
synth_34376,3
synth_34388,3
synth_34708,3
synth_34867,3
synth_34871,3
synth_35096,3
synth_35398,3
synth_35453,3
synth_35836,3
synth_31356,3
synth_31673,3
synth_31853,3
synth_33457,3
synth_33604,3
synth_35698,3
synth_29266,3
synth_29291,3
synth_29516,3
synth_29751,3
synth_29768,3
synth_29880,3
synth_30043,3
synth_30306,3
synth_30377,3
synth_30459,3
synth_30635,3
synth_30821,3
synth_30998,3
synth_31042,3
synth_31079,3
synth_31690,3
synth_32877,3
synth_33064,3
synth_33273,3
synth_33955,3
synth_34013,3
synth_34253,3
synth_34424,3
synth_34766,3
synth_35015,3
synth_35389,3
synth_35433,3
synth_29579,3
synth_29605,3
synth_31666,3
synth_31984,3
synth_33338,3
synth_34625,3
synth_34636,3
synth_35885,3
synth_29031,3
synth_29148,3
synth_29189,3
synth_29213,3
synth_29877,3
synth_30049,3
synth_30109,3
synth_30174,3
synth_30205,3
synth_30292,3
synth_30365,3
synth_30414,3
synth_30632,3
synth_30987,3
synth_31758,3
synth_32375,3
synth_33026,3
synth_33075,3
synth_33076,3
synth_34000,3
synth_34041,3
synth_34057,3
synth_34178,3
synth_34200,3
synth_34768,3
synth_35215,3
synth_35227,3
synth_35381,3
synth_35498,3
synth_35522,3
synth_35679,3
synth_30810,3
synth_31483,3
synth_31486,3
synth_31812,3
synth_32640,3
synth_33803,3
synth_34801,3
synth_29022,3
synth_29095,3
synth_29151,3
synth_29164,3
synth_29166,3
synth_29258,3
synth_29306,3
synth_29583,3
synth_29623,3
synth_29656,3
synth_30025,3
synth_30134,3
synth_30336,3
synth_30667,3
synth_31093,3
synth_31180,3
synth_32257,3
synth_33647,3
synth_34069,3
synth_34121,3
synth_34164,3
synth_34299,3
synth_34425,3
synth_35203,3
synth_35244,3
synth_35726,3
synth_29080,3
synth_30198,3
synth_30245,3
synth_31894,3
synth_31907,3
synth_32104,3
synth_32569,3
synth_33736,3
synth_34685,3
synth_28925,3
synth_28983,3
synth_29113,3
synth_29394,3
synth_29419,3
synth_29820,3
synth_29872,3
synth_29899,3
synth_30018,3
synth_30369,3
synth_30680,3
synth_30844,3
synth_31204,3
synth_31295,3
synth_31339,3
synth_31761,3
synth_32681,3
synth_33122,3
synth_33133,3
synth_34257,3
synth_34269,3
synth_34421,3
synth_34669,3
synth_35117,3
synth_35267,3
synth_35271,3
synth_35475,3
synth_30703,3
synth_31266,3
synth_31866,3
synth_31867,3
synth_31873,3
synth_32191,3
synth_32419,3
synth_32747,3
synth_33302,3
synth_34600,3
synth_34688,3
synth_28933,3
synth_29054,3
synth_29111,3
synth_29265,3
synth_29446,3
synth_29481,3
synth_29680,3
synth_29712,3
synth_29776,3
synth_29921,3
synth_29970,3
synth_30391,3
synth_30508,3
synth_30514,3
synth_30999,3
synth_31181,3
synth_31552,3
synth_31635,3
synth_32061,3
synth_32170,3
synth_32798,3
synth_33137,3
synth_34044,3
synth_34073,3
synth_34155,3
synth_34285,3
synth_34428,3
synth_35089,3
synth_35092,3
synth_35299,3
synth_35300,3
synth_35417,3
synth_29191,3
synth_29601,3
synth_29717,3
synth_30919,3
synth_32405,3
synth_33537,3
synth_33707,3
synth_33744,3
synth_35071,3
synth_28860,3
synth_28960,3
synth_28991,3
synth_29058,3
synth_29294,3
synth_29434,3
synth_29991,3
synth_30029,3
synth_30305,3
synth_30674,3
synth_31120,3
synth_31285,3
synth_31520,3
synth_31534,3
synth_31808,3
synth_32272,3
synth_32301,3
synth_32314,3
synth_33028,3
synth_33106,3
synth_33867,3
synth_33992,3
synth_34031,3
synth_34048,3
synth_34138,3
synth_34290,3
synth_34960,3
synth_35091,3
synth_35214,3
synth_35364,3
synth_35477,3
synth_35569,3
synth_35707,3
synth_30486,3
synth_31128,3
synth_31434,3
synth_31447,3
synth_31773,3
synth_31833,3
synth_31878,3
synth_32645,3
synth_32662,3
synth_34810,3
synth_35817,3
synth_28696,3
synth_29110,3
synth_29726,3
synth_29731,3
synth_29733,3
synth_30334,3
synth_30783,3
synth_30804,3
synth_31206,3
synth_32018,3
synth_32066,3
synth_32583,3
synth_32937,3
synth_33082,3
synth_33088,3
synth_33127,3
synth_33684,3
synth_33952,3
synth_33974,3
synth_33995,3
synth_34163,3
synth_34737,3
synth_34780,3
synth_35075,3
synth_35088,3
synth_35347,3
synth_35608,3
synth_29011,3
synth_29520,3
synth_29628,3
synth_31420,3
synth_31641,3
synth_32928,3
synth_32996,3
synth_33942,3
synth_35830,3
synth_35840,3
synth_36260,2
synth_36407,2
synth_36432,2
synth_36730,2
synth_37010,2
synth_37472,2
synth_37895,2
synth_38015,2
synth_39222,2
synth_39334,2
synth_39955,2
synth_40315,2
synth_40329,2
synth_40620,2
synth_41309,2
synth_41324,2
synth_41362,2
synth_41746,2
synth_41873,2
synth_42097,2
synth_42156,2
synth_42247,2
synth_42439,2
synth_42510,2
synth_42808,2
synth_43330,2
synth_43924,2
synth_44042,2
synth_44305,2
synth_44454,2
synth_44677,2
synth_44777,2
synth_44787,2
synth_45070,2
synth_45130,2
synth_45242,2
synth_45305,2
synth_45396,2
synth_45770,2
synth_45904,2
synth_46515,2
synth_46932,2
synth_47060,2
synth_47289,2
synth_47329,2
synth_47356,2
synth_47554,2
synth_47881,2
synth_48161,2
synth_48228,2
synth_48454,2
synth_48758,2
synth_49057,2
synth_49248,2
synth_49350,2
synth_49399,2
synth_49520,2
synth_49808,2
synth_49935,2
synth_36683,2
synth_36826,2
synth_38538,2
synth_38772,2
synth_39706,2
synth_39754,2
synth_39787,2
synth_40001,2
synth_43205,2
synth_43985,2
synth_44972,2
synth_45982,2
synth_46207,2
synth_46394,2
synth_46556,2
synth_46820,2
synth_46952,2
synth_47712,2
synth_47915,2
synth_36050,2
synth_36240,2
synth_36511,2
synth_37417,2
synth_37478,2
synth_37595,2
synth_38978,2
synth_39205,2
synth_40281,2
synth_40310,2
synth_40321,2
synth_40334,2
synth_41004,2
synth_41200,2
synth_41493,2
synth_41902,2
synth_41944,2
synth_42128,2
synth_42341,2
synth_42407,2
synth_43218,2
synth_43242,2
synth_43252,2
synth_43260,2
synth_43483,2
synth_44000,2
synth_44403,2
synth_45010,2
synth_45259,2
synth_45284,2
synth_45968,2
synth_46255,2
synth_46664,2
synth_47196,2
synth_47423,2
synth_47588,2
synth_47788,2
synth_48687,2
synth_48862,2
synth_49360,2
synth_49677,2
synth_36648,2
synth_38147,2
synth_38935,2
synth_39647,2
synth_39674,2
synth_40682,2
synth_41940,2
synth_42100,2
synth_42357,2
synth_42939,2
synth_43713,2
synth_45950,2
synth_46134,2
synth_46608,2
synth_47627,2
synth_47824,2
synth_48900,2
synth_48977,2
synth_35930,2
synth_35974,2
synth_36164,2
synth_36612,2
synth_36982,2
synth_37062,2
synth_37286,2
synth_37872,2
synth_38106,2
synth_38251,2
synth_38281,2
synth_38412,2
synth_38964,2
synth_39001,2
synth_39133,2
synth_39202,2
synth_39274,2
synth_39527,2
synth_39946,2
synth_40378,2
synth_40532,2
synth_40883,2
synth_40961,2
synth_41844,2
synth_42217,2
synth_42231,2
synth_42432,2
synth_42806,2
synth_43284,2
synth_43490,2
synth_43916,2
synth_44358,2
synth_44417,2
synth_44702,2
synth_45302,2
synth_45328,2
synth_45329,2
synth_46066,2
synth_46521,2
synth_47099,2
synth_47122,2
synth_47431,2
synth_47432,2
synth_47782,2
synth_48146,2
synth_48211,2
synth_48238,2
synth_48241,2
synth_48673,2
synth_48733,2
synth_48875,2
synth_49328,2
synth_49334,2
synth_49519,2
synth_49538,2
synth_49848,2
synth_49922,2
synth_36092,2
synth_36541,2
synth_37969,2
synth_38415,2
synth_38946,2
synth_41033,2
synth_42024,2
synth_42929,2
synth_46668,2
synth_48315,2
synth_48794,2
synth_49231,2
synth_35985,2
synth_35988,2
synth_35999,2
synth_36205,2
synth_36236,2
synth_36310,2
synth_36491,2
synth_37190,2
synth_37995,2
synth_38111,2
synth_38316,2
synth_38684,2
synth_39111,2
synth_39170,2
synth_39191,2
synth_39217,2
synth_39818,2
synth_39928,2
synth_39972,2
synth_40165,2
synth_41317,2
synth_41491,2
synth_41959,2
synth_42286,2
synth_42721,2
synth_43245,2
synth_43398,2
synth_43441,2
synth_43545,2
synth_44067,2
synth_44413,2
synth_44476,2
synth_44513,2
synth_45762,2
synth_46006,2
synth_46015,2
synth_46776,2
synth_46916,2
synth_47226,2
synth_47381,2
synth_48043,2
synth_48534,2
synth_48550,2
synth_48562,2
synth_48947,2
synth_49029,2
synth_49084,2
synth_49533,2
synth_49553,2
synth_37037,2
synth_37246,2
synth_38124,2
synth_38127,2
synth_38869,2
synth_39256,2
synth_39621,2
synth_39796,2
synth_39887,2
synth_41460,2
synth_41502,2
synth_41663,2
synth_42568,2
synth_42862,2
synth_42901,2
synth_42948,2
synth_44554,2
synth_44940,2
synth_45829,2
synth_46396,2
synth_46557,2
synth_46628,2
synth_46988,2
synth_47858,2
synth_48215,2
synth_48506,2
synth_48882,2
synth_49119,2
synth_36008,2
synth_36380,2
synth_37293,2
synth_38411,2
synth_38658,2
synth_38820,2
synth_39329,2
synth_39446,2
synth_39450,2
synth_39779,2
synth_39822,2
synth_40168,2
synth_40322,2
synth_40348,2
synth_40671,2
synth_40806,2
synth_40836,2
synth_41199,2
synth_41223,2
synth_42437,2
synth_42636,2
synth_42778,2
synth_43247,2
synth_43523,2
synth_43598,2
synth_43633,2
synth_43834,2
synth_43839,2
synth_44225,2
synth_44294,2
synth_44569,2
synth_44817,2
synth_44850,2
synth_45207,2
synth_45808,2
synth_45878,2
synth_47148,2
synth_47693,2
synth_48252,2
synth_48281,2
synth_48777,2
synth_49261,2
synth_49456,2
synth_49478,2
synth_49668,2
synth_49827,2
synth_38417,2
synth_39339,2
synth_39671,2
synth_39718,2
synth_40906,2
synth_41012,2
synth_41773,2
synth_42013,2
synth_42032,2
synth_42213,2
synth_42951,2
synth_44995,2
synth_45910,2
synth_46343,2
synth_46853,2
synth_46936,2
synth_46944,2
synth_47817,2
synth_47909,2
synth_48538,2
synth_48922,2
synth_48969,2
synth_49853,2
synth_36069,2
synth_36210,2
synth_36516,2
synth_37061,2
synth_37501,2
synth_37555,2
synth_37843,2
synth_38335,2
synth_38795,2
synth_39327,2
synth_39839,2
synth_40163,2
synth_40435,2
synth_40446,2
synth_40500,2
synth_40506,2
synth_40540,2
synth_40544,2
synth_41269,2
synth_41408,2
synth_41620,2
synth_41799,2
synth_41915,2
synth_42465,2
synth_42592,2
synth_43229,2
synth_43395,2
synth_43554,2
synth_43618,2
synth_43952,2
synth_44218,2
synth_44238,2
synth_44455,2
synth_44696,2
synth_45091,2
synth_46502,2
synth_46826,2
synth_47168,2
synth_47292,2
synth_47977,2
synth_48290,2
synth_48852,2
synth_49741,2
synth_36224,2
synth_36487,2
synth_36634,2
synth_36895,2
synth_37827,2
synth_38139,2
synth_38477,2
synth_38789,2
synth_38953,2
synth_39937,2
synth_40064,2
synth_41400,2
synth_41522,2
synth_41971,2
synth_42007,2
synth_42335,2
synth_42866,2
synth_42884,2
synth_43067,2
synth_43393,2
synth_44916,2
synth_45608,2
synth_46320,2
synth_46980,2
synth_47820,2
synth_47865,2
synth_48307,2
synth_48650,2
synth_49016,2
synth_49309,2
synth_36086,2
synth_36242,2
synth_36386,2
synth_36905,2
synth_37392,2
synth_37470,2
synth_37589,2
synth_37597,2
synth_37858,2
synth_38391,2
synth_38671,2
synth_39188,2
synth_39361,2
synth_39554,2
synth_40079,2
synth_40187,2
synth_40210,2
synth_40225,2
synth_40244,2
synth_40245,2
synth_40314,2
synth_40470,2
synth_40748,2
synth_40882,2
synth_40967,2
synth_41140,2
synth_41427,2
synth_41549,2
synth_41604,2
synth_41918,2
synth_41969,2
synth_42297,2
synth_42360,2
synth_42754,2
synth_43339,2
synth_43702,2
synth_43754,2
synth_43776,2
synth_44155,2
synth_44176,2
synth_44250,2
synth_44306,2
synth_44497,2
synth_44738,2
synth_44802,2
synth_45136,2
synth_45252,2
synth_45264,2
synth_45532,2
synth_46430,2
synth_46870,2
synth_47029,2
synth_47459,2
synth_47590,2
synth_47668,2
synth_47787,2
synth_48063,2
synth_49031,2
synth_49188,2
synth_49264,2
synth_49540,2
synth_36296,2
synth_36637,2
synth_36775,2
synth_36890,2
synth_37148,2
synth_37369,2
synth_38196,2
synth_38756,2
synth_39714,2
synth_39874,2
synth_40142,2
synth_42796,2
synth_43384,2
synth_43724,2
synth_44551,2
synth_44552,2
synth_46389,2
synth_46392,2
synth_46953,2
synth_46975,2
synth_47921,2
synth_48903,2
synth_35928,2
synth_36048,2
synth_36178,2
synth_36577,2
synth_37031,2
synth_37604,2
synth_37782,2
synth_37987,2
synth_38056,2
synth_38660,2
synth_39019,2
synth_39145,2
synth_39206,2
synth_39292,2
synth_39306,2
synth_39444,2
synth_39605,2
synth_39635,2
synth_39814,2
synth_40395,2
synth_40469,2
synth_40523,2
synth_40760,2
synth_40950,2
synth_41079,2
synth_41380,2
synth_41598,2
synth_41699,2
synth_41755,2
synth_42770,2
synth_43375,2
synth_43938,2
synth_44543,2
synth_44583,2
synth_44872,2
synth_45901,2
synth_46188,2
synth_47561,2
synth_48157,2
synth_48284,2
synth_48590,2
synth_48888,2
synth_49537,2
synth_49768,2
synth_36583,2
synth_38463,2
synth_38741,2
synth_39870,2
synth_39895,2
synth_42528,2
synth_43190,2
synth_46321,2
synth_46338,2
synth_46691,2
synth_47866,2
synth_47903,2
synth_47944,2
synth_48524,2
synth_48604,2
synth_49491,2
synth_36020,2
synth_36043,2
synth_36139,2
synth_36838,2
synth_37198,2
synth_37343,2
synth_37468,2
synth_37793,2
synth_37840,2
synth_38715,2
synth_39489,2
synth_40331,2
synth_40436,2
synth_40617,2
synth_40654,2
synth_40925,2
synth_40955,2
synth_40973,2
synth_41048,2
synth_41314,2
synth_41469,2
synth_41701,2
synth_41737,2
synth_41768,2
synth_42551,2
synth_42598,2
synth_42740,2
synth_43259,2
synth_43447,2
synth_43663,2
synth_43740,2
synth_43812,2
synth_43816,2
synth_44462,2
synth_44653,2
synth_44664,2
synth_44697,2
synth_44733,2
synth_44815,2
synth_44853,2
synth_45501,2
synth_45855,2
synth_46355,2
synth_46369,2
synth_46734,2
synth_46889,2
synth_47021,2
synth_47030,2
synth_47106,2
synth_47184,2
synth_47234,2
synth_47265,2
synth_47288,2
synth_47448,2
synth_48101,2
synth_48194,2
synth_48689,2
synth_48906,2
synth_48973,2
synth_49028,2
synth_49914,2
synth_36080,2
synth_36551,2
synth_37438,2
synth_38079,2
synth_38346,2
synth_38788,2
synth_43075,2
synth_43280,2
synth_43310,2
synth_45983,2
synth_46220,2
synth_47751,2
synth_48448,2
synth_48849,2
synth_49221,2
synth_37222,2
synth_37805,2
synth_37832,2
synth_37950,2
synth_38442,2
synth_38495,2
synth_38580,2
synth_39054,2
synth_39064,2
synth_39212,2
synth_39393,2
synth_39521,2
synth_39930,2
synth_39954,2
synth_40227,2
synth_40407,2
synth_40461,2
synth_40549,2
synth_40788,2
synth_40828,2
synth_40850,2
synth_41116,2
synth_41995,2
synth_42077,2
synth_42291,2
synth_42298,2
synth_42660,2
synth_43055,2
synth_43196,2
synth_43232,2
synth_43266,2
synth_43326,2
synth_43336,2
synth_44170,2
synth_44338,2
synth_44350,2
synth_44538,2
synth_44910,2
synth_45038,2
synth_45061,2
synth_45782,2
synth_46034,2
synth_46882,2
synth_47461,2
synth_48003,2
synth_48163,2
synth_48471,2
synth_48788,2
synth_48823,2
synth_49157,2
synth_49325,2
synth_49339,2
synth_49523,2
synth_49837,2
synth_49838,2
synth_36097,2
synth_36643,2
synth_36860,2
synth_37000,2
synth_37908,2
synth_37913,2
synth_38001,2
synth_38610,2
synth_38806,2
synth_39637,2
synth_40010,2
synth_40134,2
synth_40525,2
synth_41610,2
synth_42023,2
synth_42846,2
synth_42976,2
synth_43098,2
synth_43111,2
synth_46314,2
synth_46578,2
synth_47674,2
synth_48371,2
synth_48828,2
synth_49711,2
synth_36018,2
synth_36113,2
synth_36351,2
synth_36404,2
synth_36481,2
synth_36701,2
synth_37185,2
synth_37271,2
synth_37455,2
synth_38295,2
synth_38360,2
synth_38845,2
synth_38863,2
synth_39104,2
synth_39970,2
synth_40582,2
synth_41093,2
synth_41284,2
synth_41447,2
synth_41723,2
synth_41758,2
synth_42831,2
synth_43294,2
synth_43721,2
synth_43741,2
synth_44258,2
synth_44263,2
synth_44352,2
synth_44423,2
synth_44575,2
synth_44744,2
synth_45369,2
synth_45760,2
synth_45836,2
synth_45998,2
synth_46001,2
synth_46401,2
synth_46815,2
synth_47216,2
synth_47390,2
synth_47480,2
synth_47991,2
synth_48029,2
synth_48060,2
synth_48382,2
synth_48692,2
synth_48899,2
synth_49356,2
synth_49501,2
synth_49551,2
synth_49774,2
synth_36070,2
synth_36854,2
synth_38456,2
synth_38774,2
synth_38776,2
synth_38807,2
synth_39257,2
synth_39665,2
synth_39841,2
synth_40915,2
synth_43126,2
synth_45966,2
synth_46224,2
synth_46412,2
synth_47114,2
synth_48218,2
synth_49211,2
synth_49230,2
synth_36078,2
synth_36344,2
synth_37077,2
synth_37151,2
synth_37323,2
synth_37486,2
synth_37558,2
synth_37599,2
synth_37779,2
synth_38028,2
synth_38118,2
synth_38190,2
synth_38962,2
synth_39364,2
synth_39557,2
synth_39586,2
synth_40497,2
synth_40600,2
synth_40888,2
synth_40894,2
synth_41326,2
synth_41340,2
synth_41472,2
synth_41570,2
synth_41809,2
synth_42057,2
synth_42082,2
synth_43278,2
synth_43659,2
synth_43900,2
synth_43973,2
synth_44023,2
synth_44380,2
synth_44383,2
synth_44794,2
synth_45177,2
synth_45303,2
synth_45694,2
synth_46182,2
synth_46884,2
synth_46895,2
synth_47158,2
synth_47290,2
synth_47500,2
synth_48619,2
synth_48738,2
synth_49452,2
synth_49602,2
synth_49609,2
synth_49776,2
synth_36654,2
synth_36746,2
synth_36928,2
synth_36934,2
synth_38944,2
synth_39119,2
synth_40259,2
synth_42608,2
synth_43792,2
synth_45970,2
synth_45991,2
synth_46260,2
synth_46545,2
synth_46593,2
synth_46636,2
synth_47273,2
synth_47904,2
synth_48976,2
synth_37480,2
synth_37624,2
synth_37752,2
synth_38017,2
synth_38037,2
synth_38389,2
synth_38736,2
synth_39350,2
synth_39517,2
synth_39804,2
synth_40044,2
synth_40839,2
synth_41282,2
synth_41470,2
synth_41702,2
synth_42295,2
synth_42475,2
synth_42665,2
synth_42726,2
synth_42731,2
synth_43020,2
synth_43465,2
synth_43515,2
synth_43722,2
synth_43851,2
synth_44177,2
synth_44466,2
synth_44496,2
synth_44642,2
synth_44844,2
synth_44849,2
synth_44864,2
synth_45165,2
synth_45166,2
synth_45364,2
synth_45421,2
synth_45883,2
synth_46522,2
synth_47062,2
synth_47067,2
synth_47434,2
synth_47780,2
synth_47797,2
synth_48002,2
synth_48027,2
synth_48172,2
synth_48563,2
synth_48739,2
synth_48772,2
synth_48864,2
synth_49070,2
synth_49117,2
synth_49436,2
synth_36297,2
synth_36533,2
synth_36534,2
synth_36862,2
synth_36999,2
synth_38858,2
synth_39650,2
synth_39738,2
synth_42333,2
synth_42877,2
synth_42907,2
synth_42928,2
synth_43095,2
synth_43302,2
synth_43737,2
synth_43790,2
synth_45621,2
synth_46632,2
synth_46640,2
synth_46780,2
synth_48308,2
synth_48358,2
synth_48407,2
synth_48935,2
synth_49256,2
synth_49418,2
synth_35951,2
synth_36738,2
synth_37292,2
synth_37364,2
synth_37373,2
synth_37702,2
synth_37772,2
synth_37960,2
synth_38108,2
synth_38350,2
synth_38548,2
synth_39289,2
synth_39492,2
synth_40242,2
synth_40427,2
synth_40495,2
synth_40503,2
synth_40616,2
synth_40910,2
synth_40939,2
synth_41113,2
synth_41363,2
synth_41446,2
synth_41456,2
synth_41983,2
synth_43594,2
synth_43940,2
synth_44131,2
synth_44151,2
synth_44361,2
synth_44457,2
synth_44605,2
synth_44950,2
synth_45448,2
synth_45487,2
synth_45969,2
synth_46420,2
synth_46421,2
synth_47224,2
synth_47312,2
synth_47806,2
synth_47807,2
synth_48183,2
synth_48859,2
synth_48927,2
synth_49336,2
synth_49635,2
synth_49641,2
synth_36453,2
synth_38938,2
synth_39717,2
synth_44980,2
synth_45708,2
synth_45954,2
synth_46169,2
synth_46473,2
synth_46475,2
synth_46907,2
synth_47417,2
synth_47906,2
synth_47913,2
synth_48398,2
synth_48439,2
synth_48959,2
synth_35969,2
synth_35975,2
synth_36803,2
synth_37404,2
synth_37445,2
synth_37594,2
synth_38044,2
synth_38132,2
synth_38891,2
synth_39108,2
synth_39301,2
synth_39593,2
synth_40763,2
synth_41423,2
synth_41676,2
synth_41727,2
synth_41735,2
synth_41738,2
synth_41980,2
synth_42089,2
synth_42391,2
synth_42502,2
synth_42585,2
synth_42652,2
synth_42818,2
synth_43010,2
synth_43217,2
synth_43362,2
synth_43543,2
synth_43575,2
synth_43577,2
synth_43608,2
synth_43627,2
synth_43646,2
synth_43689,2
synth_43819,2
synth_43907,2
synth_43943,2
synth_44035,2
synth_44190,2
synth_44236,2
synth_44937,2
synth_45124,2
synth_45360,2
synth_45419,2
synth_45530,2
synth_46013,2
synth_47046,2
synth_47077,2
synth_47264,2
synth_47367,2
synth_47969,2
synth_48225,2
synth_48473,2
synth_48970,2
synth_49066,2
synth_49090,2
synth_49123,2
synth_49163,2
synth_49206,2
synth_49385,2
synth_49498,2
synth_49626,2
synth_49761,2
synth_36627,2
synth_37633,2
synth_37964,2
synth_38176,2
synth_38949,2
synth_39707,2
synth_39728,2
synth_39941,2
synth_40003,2
synth_40135,2
synth_42170,2
synth_42857,2
synth_43305,2
synth_43388,2
synth_45723,2
synth_45726,2
synth_45861,2
synth_47902,2
synth_48319,2
synth_48682,2
synth_48717,2
synth_48797,2
synth_48892,2
synth_49482,2
synth_49862,2
synth_36706,2
synth_36716,2
synth_37380,2
synth_37388,2
synth_37512,2
synth_37869,2
synth_37877,2
synth_38364,2
synth_38614,2
synth_38683,2
synth_39029,2
synth_39533,2
synth_40223,2
synth_40558,2
synth_40775,2
synth_40884,2
synth_41486,2
synth_41553,2
synth_41763,2
synth_42034,2
synth_42040,2
synth_42093,2
synth_42118,2
synth_42187,2
synth_42460,2
synth_42804,2
synth_43040,2
synth_43255,2
synth_43544,2
synth_44027,2
synth_44283,2
synth_44500,2
synth_44674,2
synth_44936,2
synth_45034,2
synth_45105,2
synth_45263,2
synth_45463,2
synth_45525,2
synth_46186,2
synth_46485,2
synth_46769,2
synth_47173,2
synth_47236,2
synth_47580,2
synth_48123,2
synth_48212,2
synth_48227,2
synth_48257,2
synth_48297,2
synth_48432,2
synth_49127,2
synth_49752,2
synth_49849,2
synth_36228,2
synth_36923,2
synth_37043,2
synth_38308,2
synth_38437,2
synth_38958,2
synth_40061,2
synth_40913,2
synth_42201,2
synth_42955,2
synth_43061,2
synth_45925,2
synth_46136,2
synth_46330,2
synth_46696,2
synth_46750,2
synth_47658,2
synth_47941,2
synth_47970,2
synth_48424,2
synth_48802,2
synth_36702,2
synth_36736,2
synth_37561,2
synth_38488,2
synth_38573,2
synth_38792,2
synth_38794,2
synth_38881,2
synth_39073,2
synth_39129,2
synth_39801,2
synth_39988,2
synth_39989,2
synth_40160,2
synth_40483,2
synth_40721,2
synth_40815,2
synth_40902,2
synth_41100,2
synth_41329,2
synth_41519,2
synth_41829,2
synth_41932,2
synth_43878,2
synth_43927,2
synth_44006,2
synth_44438,2
synth_44590,2
synth_44591,2
synth_44594,2
synth_44608,2
synth_44785,2
synth_45358,2
synth_45460,2
synth_45659,2
synth_45834,2
synth_45909,2
synth_46024,2
synth_47031,2
synth_47051,2
synth_49138,2
synth_49905,2
synth_36469,2
synth_36810,2
synth_36844,2
synth_36846,2
synth_38185,2
synth_38838,2
synth_39885,2
synth_40087,2
synth_40182,2
synth_42334,2
synth_43094,2
synth_43999,2
synth_44890,2
synth_46866,2
synth_47268,2
synth_47930,2
synth_48527,2
synth_48881,2
synth_49404,2
synth_35910,2
synth_35944,2
synth_36036,2
synth_36265,2
synth_36323,2
synth_36434,2
synth_36500,2
synth_36512,2
synth_37274,2
synth_37305,2
synth_37325,2
synth_38171,2
synth_38266,2
synth_38388,2
synth_38512,2
synth_38624,2
synth_38668,2
synth_38713,2
synth_38893,2
synth_39087,2
synth_39116,2
synth_39179,2
synth_39545,2
synth_39983,2
synth_40251,2
synth_40985,2
synth_41092,2
synth_41826,2
synth_41938,2
synth_42120,2
synth_42189,2
synth_42300,2
synth_42504,2
synth_42688,2
synth_42694,2
synth_42697,2
synth_42714,2
synth_43507,2
synth_43568,2
synth_43953,2
synth_44083,2
synth_44947,2
synth_45146,2
synth_45238,2
synth_45376,2
synth_45892,2
synth_46180,2
synth_47647,2
synth_48769,2
synth_49148,2
synth_49765,2
synth_36528,2
synth_36748,2
synth_36825,2
synth_38642,2
synth_39687,2
synth_39792,2
synth_39794,2
synth_39883,2
synth_39959,2
synth_40267,2
synth_42356,2
synth_43736,2
synth_44140,2
synth_44978,2
synth_45751,2
synth_46596,2
synth_46992,2
synth_47677,2
synth_47914,2
synth_48893,2
synth_49109,2
synth_49233,2
synth_36160,2
synth_36189,2
synth_36202,2
synth_36483,2
synth_36514,2
synth_37006,2
synth_37075,2
synth_37341,2
synth_37363,2
synth_37691,2
synth_37822,2
synth_38061,2
synth_38095,2
synth_38567,2
synth_38664,2
synth_39922,2
synth_41081,2
synth_41087,2
synth_41607,2
synth_41732,2
synth_41823,2
synth_42063,2
synth_42185,2
synth_42235,2
synth_42646,2
synth_43541,2
synth_43976,2
synth_44167,2
synth_45352,2
synth_45642,2
synth_46377,2
synth_47304,2
synth_47413,2
synth_47486,2
synth_47774,2
synth_47784,2
synth_47893,2
synth_49692,2
synth_49805,2
synth_36628,2
synth_36685,2
synth_36830,2
synth_36938,2
synth_36976,2
synth_37317,2
synth_38859,2
synth_38877,2
synth_39702,2
synth_40263,2
synth_44076,2
synth_44137,2
synth_44141,2
synth_44341,2
synth_45748,2
synth_45995,2
synth_46202,2
synth_46993,2
synth_47926,2
synth_48633,2
synth_48664,2
synth_48960,2
synth_49017,2
synth_36359,2
synth_36367,2
synth_36397,2
synth_36412,2
synth_37233,2
synth_37387,2
synth_37882,2
synth_38089,2
synth_38386,2
synth_38505,2
synth_38716,2
synth_38822,2
synth_39089,2
synth_39382,2
synth_40637,2
synth_40644,2
synth_41291,2
synth_41414,2
synth_41837,2
synth_42086,2
synth_42146,2
synth_42433,2
synth_42478,2
synth_42505,2
synth_43328,2
synth_43452,2
synth_44172,2
synth_44227,2
synth_44475,2
synth_44492,2
synth_44648,2
synth_44718,2
synth_44824,2
synth_45552,2
synth_45658,2
synth_47293,2
synth_47581,2
synth_47769,2
synth_47894,2
synth_47999,2
synth_48236,2
synth_48337,2
synth_48783,2
synth_49120,2
synth_49195,2
synth_49439,2
synth_49448,2
synth_49461,2
synth_49679,2
synth_36752,2
synth_36758,2
synth_37129,2
synth_38135,2
synth_38761,2
synth_38952,2
synth_39158,2
synth_40283,2
synth_42844,2
synth_44880,2
synth_45981,2
synth_46097,2
synth_46541,2
synth_46680,2
synth_47117,2
synth_47507,2
synth_48626,2
synth_48642,2
synth_48948,2
synth_49240,2
synth_36055,2
synth_36211,2
synth_36261,2
synth_36294,2
synth_36806,2
synth_36828,2
synth_37110,2
synth_37410,2
synth_37451,2
synth_37473,2
synth_37735,2
synth_37764,2
synth_38087,2
synth_38280,2
synth_38357,2
synth_39335,2
synth_39570,2
synth_39821,2
synth_39831,2
synth_40335,2
synth_41151,2
synth_41266,2
synth_41292,2
synth_41483,2
synth_41605,2
synth_41734,2
synth_41798,2
synth_42265,2
synth_43345,2
synth_43530,2
synth_43682,2
synth_43956,2
synth_44244,2
synth_45048,2
synth_45784,2
synth_45796,2
synth_45893,2
synth_45967,2
synth_46092,2
synth_47281,2
synth_47336,2
synth_47445,2
synth_47466,2
synth_47551,2
synth_48361,2
synth_48484,2
synth_49087,2
synth_49502,2
synth_49693,2
synth_49797,2
synth_49880,2
synth_49961,2
synth_37168,2
synth_37689,2
synth_39840,2
synth_41685,2
synth_45739,2
synth_46558,2
synth_46732,2
synth_46950,2
synth_48357,2
synth_48427,2
synth_49487,2
synth_36180,2
synth_36317,2
synth_36617,2
synth_37056,2
synth_37103,2
synth_37645,2
synth_37761,2
synth_37849,2
synth_37982,2
synth_38081,2
synth_38105,2
synth_38296,2
synth_38690,2
synth_38853,2
synth_39053,2
synth_39219,2
synth_39315,2
synth_39394,2
synth_39520,2
synth_40601,2
synth_40679,2
synth_41026,2
synth_41120,2
synth_41360,2
synth_41557,2
synth_41979,2
synth_42037,2
synth_42039,2
synth_42080,2
synth_43286,2
synth_43445,2
synth_43571,2
synth_43867,2
synth_44025,2
synth_44323,2
synth_44447,2
synth_44780,2
synth_45011,2
synth_45295,2
synth_45397,2
synth_45683,2
synth_45809,2
synth_46094,2
synth_46199,2
synth_46365,2
synth_47178,2
synth_47215,2
synth_47368,2
synth_47429,2
synth_47975,2
synth_48086,2
synth_48485,2
synth_48763,2
synth_49187,2
synth_49724,2
synth_49794,2
synth_36452,2
synth_37636,2
synth_38785,2
synth_40694,2
synth_40714,2
synth_41972,2
synth_43088,2
synth_45789,2
synth_45962,2
synth_46158,2
synth_46911,2
synth_46943,2
synth_47822,2
synth_48670,2
synth_48890,2
synth_49222,2
synth_49277,2
synth_36269,2
synth_36424,2
synth_37223,2
synth_37257,2
synth_37449,2
synth_37623,2
synth_37743,2
synth_38025,2
synth_38153,2
synth_38264,2
synth_38374,2
synth_38979,2
synth_39051,2
synth_39299,2
synth_39488,2
synth_39540,2
synth_39573,2
synth_40350,2
synth_40358,2
synth_40418,2
synth_40458,2
synth_40724,2
synth_41060,2
synth_41276,2
synth_41325,2
synth_42390,2
synth_42674,2
synth_43177,2
synth_43451,2
synth_43525,2
synth_43696,2
synth_43766,2
synth_44863,2
synth_46219,2
synth_46352,2
synth_46366,2
synth_46383,2
synth_46404,2
synth_46663,2
synth_46738,2
synth_46823,2
synth_47205,2
synth_47571,2
synth_48026,2
synth_48589,2
synth_48648,2
synth_48764,2
synth_48841,2
synth_49560,2
synth_49956,2
synth_36475,2
synth_37616,2
synth_38165,2
synth_39762,2
synth_39774,2
synth_42890,2
synth_43083,2
synth_43794,2
synth_44823,2
synth_46131,2
synth_46140,2
synth_46175,2
synth_46624,2
synth_48135,2
synth_48569,2
synth_36137,2
synth_36322,2
synth_36720,2
synth_37524,2
synth_38101,2
synth_38220,2
synth_38861,2
synth_39042,2
synth_39101,2
synth_39221,2
synth_39532,2
synth_39906,2
synth_40272,2
synth_40353,2
synth_40376,2
synth_40940,2
synth_41061,2
synth_41070,2
synth_41279,2
synth_41306,2
synth_41484,2
synth_41576,2
synth_41635,2
synth_41855,2
synth_42696,2
synth_42869,2
synth_43478,2
synth_43648,2
synth_43846,2
synth_43852,2
synth_43877,2
synth_44291,2
synth_44698,2
synth_44728,2
synth_44924,2
synth_45016,2
synth_45050,2
synth_45977,2
synth_45979,2
synth_46048,2
synth_46243,2
synth_46279,2
synth_46438,2
synth_46504,2
synth_47068,2
synth_47310,2
synth_47985,2
synth_48085,2
synth_48090,2
synth_48112,2
synth_48148,2
synth_48232,2
synth_48982,2
synth_48992,2
synth_49164,2
synth_49575,2
synth_49944,2
synth_36532,2
synth_36542,2
synth_37042,2
synth_38189,2
synth_38348,2
synth_38449,2
synth_38802,2
synth_38876,2
synth_40018,2
synth_40193,2
synth_40299,2
synth_42374,2
synth_42925,2
synth_43204,2
synth_43206,2
synth_45602,2
synth_45926,2
synth_46309,2
synth_46878,2
synth_47724,2
synth_47870,2
synth_48359,2
synth_48645,2
synth_48896,2
synth_49580,2
synth_49812,2
synth_35918,2
synth_36343,2
synth_36370,2
synth_36406,2
synth_36597,2
synth_36725,2
synth_36908,2
synth_37099,2
synth_37192,2
synth_37498,2
synth_38509,2
synth_39091,2
synth_39142,2
synth_39464,2
synth_40054,2
synth_40393,2
synth_40652,2
synth_41222,2
synth_41274,2
synth_41416,2
synth_41807,2
synth_41834,2
synth_42461,2
synth_42643,2
synth_43248,2
synth_43432,2
synth_43860,2
synth_43884,2
synth_43914,2
synth_44049,2
synth_44915,2
synth_45032,2
synth_45053,2
synth_45117,2
synth_45140,2
synth_45514,2
synth_45574,2
synth_45862,2
synth_46390,2
synth_46422,2
synth_46724,2
synth_47022,2
synth_47302,2
synth_47572,2
synth_47960,2
synth_48004,2
synth_48097,2
synth_48652,2
synth_49040,2
synth_49088,2
synth_49617,2
synth_49916,2
synth_36095,2
synth_36571,2
synth_36591,2
synth_36994,2
synth_37836,2
synth_38187,2
synth_38773,2
synth_38987,2
synth_39263,2
synth_42892,2
synth_42921,2
synth_43707,2
synth_45923,2
synth_45972,2
synth_46231,2
synth_46477,2
synth_46850,2
synth_46909,2
synth_47876,2
synth_47912,2
synth_49496,2
synth_49811,2
synth_36216,2
synth_36247,2
synth_36340,2
synth_37340,2
synth_37716,2
synth_37774,2
synth_37857,2
synth_38446,2
synth_39213,2
synth_39369,2
synth_39973,2
synth_40562,2
synth_41001,2
synth_41193,2
synth_41275,2
synth_41448,2
synth_41574,2
synth_41897,2
synth_42035,2
synth_42566,2
synth_42639,2
synth_42817,2
synth_43015,2
synth_43017,2
synth_43253,2
synth_43424,2
synth_43845,2
synth_44089,2
synth_44282,2
synth_44310,2
synth_44389,2
synth_44483,2
synth_44548,2
synth_44618,2
synth_44691,2
synth_45170,2
synth_45197,2
synth_45591,2
synth_45902,2
synth_46240,2
synth_46298,2
synth_46376,2
synth_46486,2
synth_47164,2
synth_47177,2
synth_47203,2
synth_47331,2
synth_47371,2
synth_47538,2
synth_48053,2
synth_48430,2
synth_48480,2
synth_48581,2
synth_49036,2
synth_49038,2
synth_49184,2
synth_49374,2
synth_49744,2
synth_49796,2
synth_36550,2
synth_37036,2
synth_39711,2
synth_39797,2
synth_40085,2
synth_42150,2
synth_42897,2
synth_42908,2
synth_44891,2
synth_46147,2
synth_46468,2
synth_47621,2
synth_47831,2
synth_47860,2
synth_47888,2
synth_48422,2
synth_49214,2
synth_49421,2
synth_36066,2
synth_36165,2
synth_36251,2
synth_36268,2
synth_36354,2
synth_36670,2
synth_36715,2
synth_36807,2
synth_37051,2
synth_37097,2
synth_37211,2
synth_37214,2
synth_37418,2
synth_37566,2
synth_37641,2
synth_37650,2
synth_37722,2
synth_38576,2
synth_38592,2
synth_38661,2
synth_39008,2
synth_39132,2
synth_39546,2
synth_40816,2
synth_40938,2
synth_41069,2
synth_41202,2
synth_41228,2
synth_41458,2
synth_41824,2
synth_41867,2
synth_41923,2
synth_42444,2
synth_42670,2
synth_43009,2
synth_43358,2
synth_43535,2
synth_43550,2
synth_43855,2
synth_44344,2
synth_44930,2
synth_45058,2
synth_45201,2
synth_45339,2
synth_45863,2
synth_46009,2
synth_46063,2
synth_46740,2
synth_46833,2
synth_47137,2
synth_47241,2
synth_47359,2
synth_47550,2
synth_48174,2
synth_48274,2
synth_48552,2
synth_48570,2
synth_49587,2
synth_49627,2
synth_49690,2
synth_36464,2
synth_36788,2
synth_36882,2
synth_36889,2
synth_37673,2
synth_37916,2
synth_38194,2
synth_38349,2
synth_38439,2
synth_39319,2
synth_42410,2
synth_42449,2
synth_43203,2
synth_46157,2
synth_46370,2
synth_47615,2
synth_48810,2
synth_49295,2
synth_49816,2
synth_35937,2
synth_36399,2
synth_37199,2
synth_37252,2
synth_37739,2
synth_37756,2
synth_37975,2
synth_37979,2
synth_38312,2
synth_38865,2
synth_39057,2
synth_39148,2
synth_39175,2
synth_39345,2
synth_39412,2
synth_39541,2
synth_39799,2
synth_40137,2
synth_40248,2
synth_41098,2
synth_41127,2
synth_41184,2
synth_41289,2
synth_41367,2
synth_41731,2
synth_42016,2
synth_42223,2
synth_42649,2
synth_42803,2
synth_42827,2
synth_43149,2
synth_43781,2
synth_44056,2
synth_44090,2
synth_44943,2
synth_45127,2
synth_45208,2
synth_45235,2
synth_46532,2
synth_46912,2
synth_48107,2
synth_48770,2
synth_48942,2
synth_49453,2
synth_49512,2
synth_49740,2
synth_49951,2
synth_49972,2
synth_36073,2
synth_38950,2
synth_39723,2
synth_46393,2
synth_46414,2
synth_46686,2
synth_47826,2
synth_48606,2
synth_49279,2
synth_49292,2
synth_36526,2
synth_36598,2
synth_37088,2
synth_37283,2
synth_37475,2
synth_37485,2
synth_37718,2
synth_37842,2
synth_39099,2
synth_39151,2
synth_39182,2
synth_39243,2
synth_39308,2
synth_39806,2
synth_40368,2
synth_40369,2
synth_40533,2
synth_40536,2
synth_40596,2
synth_40618,2
synth_40646,2
synth_40787,2
synth_41194,2
synth_41252,2
synth_41870,2
synth_41922,2
synth_42715,2
synth_42825,2
synth_43037,2
synth_43189,2
synth_43848,2
synth_44295,2
synth_44735,2
synth_45148,2
synth_45818,2
synth_45887,2
synth_46197,2
synth_46424,2
synth_46523,2
synth_46710,2
synth_46918,2
synth_47039,2
synth_47212,2
synth_47386,2
synth_48944,2
synth_49137,2
synth_49534,2
synth_49588,2
synth_49932,2
synth_49985,2
synth_36963,2
synth_38731,2
synth_38745,2
synth_39793,2
synth_40710,2
synth_40917,2
synth_41651,2
synth_42932,2
synth_45738,2
synth_46971,2
synth_48374,2
synth_48558,2
synth_48623,2
synth_49236,2
synth_49590,2
synth_49700,2
synth_35997,2
synth_36101,2
synth_37085,2
synth_37231,2
synth_37280,2
synth_37311,2
synth_37506,2
synth_37510,2
synth_37565,2
synth_37742,2
synth_37796,2
synth_38440,2
synth_38443,2
synth_38621,2
synth_38673,2
synth_38872,2
synth_39497,2
synth_40751,2
synth_40758,2
synth_41058,2
synth_41494,2
synth_41619,2
synth_42614,2
synth_43070,2
synth_43235,2
synth_44036,2
synth_44587,2
synth_44655,2
synth_44665,2
synth_44679,2
synth_44693,2
synth_44931,2
synth_45138,2
synth_45191,2
synth_45851,2
synth_45905,2
synth_47388,2
synth_48023,2
synth_48104,2
synth_49392,2
synth_49506,2
synth_49895,2
synth_49990,2
synth_36450,2
synth_38879,2
synth_40090,2
synth_40706,2
synth_41783,2
synth_42904,2
synth_44993,2
synth_45740,2
synth_45881,2
synth_46146,2
synth_46600,2
synth_46781,2
synth_46858,2
synth_46939,2
synth_48829,2
synth_49497,2
synth_49707,2
synth_49903,2
synth_36062,2
synth_36320,2
synth_37664,2
synth_38248,2
synth_38402,2
synth_38575,2
synth_38669,2
synth_38864,2
synth_39115,2
synth_39144,2
synth_39208,2
synth_39423,2
synth_39434,2
synth_39606,2
synth_39949,2
synth_40303,2
synth_40504,2
synth_40857,2
synth_40963,2
synth_41046,2
synth_41080,2
synth_41143,2
synth_41421,2
synth_42508,2
synth_42524,2
synth_42579,2
synth_43241,2
synth_43403,2
synth_43558,2
synth_43813,2
synth_43842,2
synth_44051,2
synth_44092,2
synth_44164,2
synth_44517,2
synth_45043,2
synth_45109,2
synth_45440,2
synth_45468,2
synth_45495,2
synth_45906,2
synth_46419,2
synth_47392,2
synth_47555,2
synth_47574,2
synth_47882,2
synth_48080,2
synth_48120,2
synth_48167,2
synth_49125,2
synth_49643,2
synth_49783,2
synth_49795,2
synth_36282,2
synth_37149,2
synth_37247,2
synth_38537,2
synth_38803,2
synth_39344,2
synth_40025,2
synth_40105,2
synth_42389,2
synth_42609,2
synth_43719,2
synth_44553,2
synth_44859,2
synth_45675,2
synth_45725,2
synth_46478,2
synth_46945,2
synth_47418,2
synth_47744,2
synth_48305,2
synth_48923,2
synth_48974,2
synth_35978,2
synth_36208,2
synth_36295,2
synth_36315,2
synth_36611,2
synth_37571,2
synth_37697,2
synth_37970,2
synth_37986,2
synth_38172,2
synth_38358,2
synth_38616,2
synth_38633,2
synth_39131,2
synth_39153,2
synth_39199,2
synth_39953,2
synth_39960,2
synth_39996,2
synth_40291,2
synth_40344,2
synth_40474,2
synth_40981,2
synth_41006,2
synth_41871,2
synth_41987,2
synth_42616,2
synth_42835,2
synth_43046,2
synth_43198,2
synth_43374,2
synth_43540,2
synth_44414,2
synth_44628,2
synth_44685,2
synth_44759,2
synth_45240,2
synth_45299,2
synth_45507,2
synth_46817,2
synth_47074,2
synth_47190,2
synth_47328,2
synth_47405,2
synth_47454,2
synth_48187,2
synth_48272,2
synth_48348,2
synth_48723,2
synth_49077,2
synth_49663,2
synth_49682,2
synth_36477,2
synth_36845,2
synth_37613,2
synth_38126,2
synth_38229,2
synth_38536,2
synth_38988,2
synth_38995,2
synth_39646,2
synth_39854,2
synth_39938,2
synth_45800,2
synth_46120,2
synth_46133,2
synth_47010,2
synth_47489,2
synth_47983,2
synth_48179,2
synth_48517,2
synth_48616,2
synth_48705,2
synth_48800,2
synth_49300,2
synth_36017,2
synth_36162,2
synth_36273,2
synth_37250,2
synth_37259,2
synth_37461,2
synth_38342,2
synth_38649,2
synth_38726,2
synth_38873,2
synth_39012,2
synth_39238,2
synth_40176,2
synth_40387,2
synth_40586,2
synth_40590,2
synth_40947,2
synth_41162,2
synth_41561,2
synth_41762,2
synth_43613,2
synth_43920,2
synth_43926,2
synth_44179,2
synth_44235,2
synth_44393,2
synth_44481,2
synth_44926,2
synth_45027,2
synth_45040,2
synth_45057,2
synth_45075,2
synth_45645,2
synth_45656,2
synth_46020,2
synth_46766,2
synth_46849,2
synth_46891,2
synth_47244,2
synth_47987,2
synth_47995,2
synth_48151,2
synth_48354,2
synth_48876,2
synth_49186,2
synth_49606,2
synth_49759,2
synth_36641,2
synth_36912,2
synth_36936,2
synth_37025,2
synth_37389,2
synth_37610,2
synth_37711,2
synth_37906,2
synth_38325,2
synth_39162,2
synth_39756,2
synth_40704,2
synth_40713,2
synth_41011,2
synth_42002,2
synth_42206,2
synth_42368,2
synth_42995,2
synth_43164,2
synth_45568,2
synth_46176,2
synth_46652,2
synth_46958,2
synth_47981,2
synth_48368,2
synth_49290,2
synth_49570,2
synth_49842,2
synth_49851,2
synth_37608,2
synth_37719,2
synth_37811,2
synth_37902,2
synth_38107,2
synth_38200,2
synth_38482,2
synth_38916,2
synth_39603,2
synth_39992,2
synth_40078,2
synth_40318,2
synth_40524,2
synth_41038,2
synth_41096,2
synth_41978,2
synth_42294,2
synth_42572,2
synth_43071,2
synth_43090,2
synth_43277,2
synth_43415,2
synth_43957,2
synth_44094,2
synth_44173,2
synth_44200,2
synth_44217,2
synth_44359,2
synth_44565,2
synth_44848,2
synth_45014,2
synth_45142,2
synth_45222,2
synth_46754,2
synth_46885,2
synth_46896,2
synth_47024,2
synth_47094,2
synth_47395,2
synth_47553,2
synth_47582,2
synth_47781,2
synth_48144,2
synth_49007,2
synth_49566,2
synth_49647,2
synth_49686,2
synth_49778,2
synth_36488,2
synth_36593,2
synth_36653,2
synth_36973,2
synth_37038,2
synth_37158,2
synth_38849,2
synth_38983,2
synth_39163,2
synth_40026,2
synth_40133,2
synth_42003,2
synth_42314,2
synth_42352,2
synth_43120,2
synth_45746,2
synth_47517,2
synth_47810,2
synth_48311,2
synth_48939,2
synth_49494,2
synth_36382,2
synth_37086,2
synth_37172,2
synth_37277,2
synth_37296,2
synth_37428,2
synth_37514,2
synth_37529,2
synth_37806,2
synth_37853,2
synth_38019,2
synth_38071,2
synth_38260,2
synth_38450,2
synth_38553,2
synth_38670,2
synth_39025,2
synth_39330,2
synth_39555,2
synth_39614,2
synth_40089,2
synth_40158,2
synth_40411,2
synth_40482,2
synth_40659,2
synth_40745,2
synth_40831,2
synth_40841,2
synth_40931,2
synth_41133,2
synth_41148,2
synth_41164,2
synth_41538,2
synth_42078,2
synth_42107,2
synth_42330,2
synth_42456,2
synth_42522,2
synth_42645,2
synth_42713,2
synth_42725,2
synth_43423,2
synth_43472,2
synth_43971,2
synth_44044,2
synth_44068,2
synth_44124,2
synth_44243,2
synth_44692,2
synth_44746,2
synth_45065,2
synth_45225,2
synth_45307,2
synth_45412,2
synth_45509,2
synth_45598,2
synth_45671,2
synth_45939,2
synth_47301,2
synth_47372,2
synth_47527,2
synth_47694,2
synth_48230,2
synth_48259,2
synth_48780,2
synth_49381,2
synth_49743,2
synth_49976,2
synth_36307,2
synth_36308,2
synth_36894,2
synth_37206,2
synth_37708,2
synth_38778,2
synth_39359,2
synth_41674,2
synth_42171,2
synth_42490,2
synth_42864,2
synth_44197,2
synth_44999,2
synth_45565,2
synth_46923,2
synth_46986,2
synth_46994,2
synth_47828,2
synth_48119,2
synth_49026,2
synth_49426,2
synth_49481,2
synth_35956,2
synth_38003,2
synth_38099,2
synth_38243,2
synth_38657,2
synth_39068,2
synth_39491,2
synth_39525,2
synth_39592,2
synth_39808,2
synth_40548,2
synth_41417,2
synth_41457,2
synth_41696,2
synth_41752,2
synth_41861,2
synth_42563,2
synth_43251,2
synth_43291,2
synth_43803,2
synth_44147,2
synth_44411,2
synth_44472,2
synth_44682,2
synth_44816,2
synth_45033,2
synth_45322,2
synth_45444,2
synth_45684,2
synth_45917,2
synth_46023,2
synth_46431,2
synth_46934,2
synth_47790,2
synth_48021,2
synth_48433,2
synth_48488,2
synth_48952,2
synth_49030,2
synth_49043,2
synth_49753,2
synth_36478,2
synth_36794,2
synth_36948,2
synth_37677,2
synth_38907,2
synth_39653,2
synth_40145,2
synth_40711,2
synth_42324,2
synth_43383,2
synth_45729,2
synth_46409,2
synth_46540,2
synth_46586,2
synth_46656,2
synth_46863,2
synth_47614,2
synth_47761,2
synth_47763,2
synth_49814,2
synth_36176,2
synth_36270,2
synth_37273,2
synth_37361,2
synth_37411,2
synth_37860,2
synth_38080,2
synth_38270,2
synth_39410,2
synth_39980,2
synth_40201,2
synth_40215,2
synth_40295,2
synth_40343,2
synth_40595,2
synth_40899,2
synth_41035,2
synth_41089,2
synth_41535,2
synth_41780,2
synth_42036,2
synth_42068,2
synth_42257,2
synth_42703,2
synth_43367,2
synth_43548,2
synth_43720,2
synth_43746,2
synth_44799,2
synth_45054,2
synth_45410,2
synth_45488,2
synth_46519,2
synth_46807,2
synth_46812,2
synth_47052,2
synth_47211,2
synth_47776,2
synth_48269,2
synth_49091,2
synth_49161,2
synth_49349,2
synth_49592,2
synth_49787,2
synth_49874,2
synth_36687,2
synth_36811,2
synth_37013,2
synth_37044,2
synth_38069,2
synth_38232,2
synth_38409,2
synth_38999,2
synth_39843,2
synth_39882,2
synth_40068,2
synth_40691,2
synth_41514,2
synth_41601,2
synth_42191,2
synth_42469,2
synth_42922,2
synth_43077,2
synth_45601,2
synth_45624,2
synth_46201,2
synth_46323,2
synth_46972,2
synth_48206,2
synth_48535,2
synth_49843,2
synth_35906,2
synth_36109,2
synth_36149,2
synth_36578,2
synth_36816,2
synth_37204,2
synth_37346,2
synth_37483,2
synth_37720,2
synth_37773,2
synth_37814,2
synth_38421,2
synth_38543,2
synth_39479,2
synth_39950,2
synth_40305,2
synth_40624,2
synth_41207,2
synth_41398,2
synth_41689,2
synth_42166,2
synth_42228,2
synth_42246,2
synth_42582,2
synth_42668,2
synth_43319,2
synth_43421,2
synth_43788,2
synth_43917,2
synth_43960,2
synth_44063,2
synth_44558,2
synth_44944,2
synth_44968,2
synth_45351,2
synth_45452,2
synth_45494,2
synth_45613,2
synth_46743,2
synth_46774,2
synth_47490,2
synth_48095,2
synth_48567,2
synth_49181,2
synth_49667,2
synth_49714,2
synth_49749,2
synth_49886,2
synth_37166,2
synth_37945,2
synth_38021,2
synth_38129,2
synth_38168,2
synth_38534,2
synth_38825,2
synth_38940,2
synth_39265,2
synth_39786,2
synth_40285,2
synth_40686,2
synth_41792,2
synth_42912,2
synth_45538,2
synth_45964,2
synth_46638,2
synth_46989,2
synth_48366,2
synth_48549,2
synth_49316,2
synth_49470,2
synth_49810,2
synth_36415,2
synth_36713,2
synth_36728,2
synth_37609,2
synth_37738,2
synth_37794,2
synth_38151,2
synth_38291,2
synth_38390,2
synth_38651,2
synth_38714,2
synth_38834,2
synth_38981,2
synth_39004,2
synth_39195,2
synth_39425,2
synth_39812,2
synth_39912,2
synth_40326,2
synth_40403,2
synth_40838,2
synth_40845,2
synth_41074,2
synth_41117,2
synth_41158,2
synth_41185,2
synth_41206,2
synth_41372,2
synth_41821,2
synth_42188,2
synth_42234,2
synth_42270,2
synth_42304,2
synth_42747,2
synth_42822,2
synth_43237,2
synth_43495,2
synth_43697,2
synth_43750,2
synth_44528,2
synth_44616,2
synth_44632,2
synth_45005,2
synth_45344,2
synth_45449,2
synth_45517,2
synth_45580,2
synth_45806,2
synth_46512,2
synth_46759,2
synth_47562,2
synth_48032,2
synth_48243,2
synth_48260,2
synth_48468,2
synth_48597,2
synth_49879,2
synth_36140,2
synth_36832,2
synth_37339,2
synth_37957,2
synth_38345,2
synth_38725,2
synth_38905,2
synth_39729,2
synth_39862,2
synth_41775,2
synth_42030,2
synth_42252,2
synth_42843,2
synth_42940,2
synth_42974,2
synth_42994,2
synth_44340,2
synth_44982,2
synth_45812,2
synth_46149,2
synth_46223,2
synth_46592,2
synth_46622,2
synth_46641,2
synth_46782,2
synth_46799,2
synth_47837,2
synth_48507,2
synth_49020,2
synth_49995,2
synth_36348,2
synth_36521,2
synth_36607,2
synth_37531,2
synth_37780,2
synth_38014,2
synth_38193,2
synth_38444,2
synth_38559,2
synth_38587,2
synth_38607,2
synth_38841,2
synth_39098,2
synth_39105,2
synth_40098,2
synth_40507,2
synth_40768,2
synth_41236,2
synth_41342,2
synth_41507,2
synth_41634,2
synth_42624,2
synth_43268,2
synth_43502,2
synth_44031,2
synth_44252,2
synth_44297,2
synth_44331,2
synth_44386,2
synth_44573,2
synth_44660,2
synth_44703,2
synth_44753,2
synth_44861,2
synth_45132,2
synth_45342,2
synth_45845,2
synth_45896,2
synth_46115,2
synth_46204,2
synth_46827,2
synth_47054,2
synth_47568,2
synth_47592,2
synth_48168,2
synth_48343,2
synth_48752,2
synth_49919,2
synth_36091,2
synth_36669,2
synth_36945,2
synth_38236,2
synth_40907,2
synth_42549,2
synth_42860,2
synth_42944,2
synth_43079,2
synth_43101,2
synth_43351,2
synth_43509,2
synth_46785,2
synth_47748,2
synth_48521,2
synth_48796,2
synth_36372,2
synth_37218,2
synth_39294,2
synth_40330,2
synth_40782,2
synth_41134,2
synth_41226,2
synth_41239,2
synth_41736,2
synth_41833,2
synth_42119,2
synth_42346,2
synth_42719,2
synth_43215,2
synth_43869,2
synth_43874,2
synth_44130,2
synth_44603,2
synth_44896,2
synth_45274,2
synth_45791,2
synth_45792,2
synth_46499,2
synth_46500,2
synth_46722,2
synth_46762,2
synth_47042,2
synth_47064,2
synth_47523,2
synth_47576,2
synth_47739,2
synth_47798,2
synth_48190,2
synth_48223,2
synth_48283,2
synth_48364,2
synth_48765,2
synth_48889,2
synth_49054,2
synth_49061,2
synth_49323,2
synth_49637,2
synth_49992,2
synth_36225,2
synth_36632,2
synth_36821,2
synth_36985,2
synth_37436,2
synth_37647,2
synth_37907,2
synth_37922,2
synth_38000,2
synth_38824,2
synth_40112,2
synth_40703,2
synth_41503,2
synth_42428,2
synth_43728,2
synth_45742,2
synth_46229,2
synth_46335,2
synth_46453,2
synth_47818,2
synth_48536,2
synth_48547,2
synth_48555,2
synth_35909,2
synth_36147,2
synth_37081,2
synth_37265,2
synth_38522,2
synth_38709,2
synth_39196,2
synth_39310,2
synth_39934,2
synth_40362,2
synth_40382,2
synth_40384,2
synth_40397,2
synth_41251,2
synth_41327,2
synth_41508,2
synth_41961,2
synth_42284,2
synth_42443,2
synth_42479,2
synth_43227,2
synth_43293,2
synth_44153,2
synth_44348,2
synth_44374,2
synth_44495,2
synth_44593,2
synth_44865,2
synth_45063,2
synth_45243,2
synth_45367,2
synth_46069,2
synth_46353,2
synth_46764,2
synth_47038,2
synth_47544,2
synth_47589,2
synth_47727,2
synth_47965,2
synth_48042,2
synth_48744,2
synth_48972,2
synth_49114,2
synth_49131,2
synth_49175,2
synth_49219,2
synth_36659,2
synth_36872,2
synth_38327,2
synth_39663,2
synth_41516,2
synth_42959,2
synth_46374,2
synth_46459,2
synth_47249,2
synth_48989,2
synth_35912,2
synth_36145,2
synth_36209,2
synth_36662,2
synth_36851,2
synth_37631,2
synth_37749,2
synth_38267,2
synth_38299,2
synth_39007,2
synth_39237,2
synth_39325,2
synth_40280,2
synth_40338,2
synth_41041,2
synth_41156,2
synth_41187,2
synth_41205,2
synth_41303,2
synth_41463,2
synth_41778,2
synth_41779,2
synth_41997,2
synth_42260,2
synth_42415,2
synth_42419,2
synth_42458,2
synth_42599,2
synth_42732,2
synth_43854,2
synth_43903,2
synth_43937,2
synth_44085,2
synth_44188,2
synth_44354,2
synth_44444,2
synth_44650,2
synth_44670,2
synth_45179,2
synth_45193,2
synth_45250,2
synth_45826,2
synth_46010,2
synth_46118,2
synth_47028,2
synth_47133,2
synth_48574,2
synth_49111,2
synth_36783,2
synth_37309,2
synth_37826,2
synth_37838,2
synth_38748,2
synth_39623,2
synth_40198,2
synth_43988,2
synth_43989,2
synth_45619,2
synth_45944,2
synth_46935,2
synth_48544,2
synth_48851,2
synth_35893,2
synth_36316,2
synth_36579,2
synth_36906,2
synth_37074,2
synth_37243,2
synth_37551,2
synth_37723,2
synth_37815,2
synth_37873,2
synth_37892,2
synth_38183,2
synth_38366,2
synth_38404,2
synth_38606,2
synth_38678,2
synth_39235,2
synth_40349,2
synth_40394,2
synth_40396,2
synth_40449,2
synth_40635,2
synth_40740,2
synth_40873,2
synth_41124,2
synth_41293,2
synth_41361,2
synth_41370,2
synth_41464,2
synth_41759,2
synth_42106,2
synth_42179,2
synth_42482,2
synth_42589,2
synth_42638,2
synth_42720,2
synth_42727,2
synth_42829,2
synth_44902,2
synth_45392,2
synth_45437,2
synth_45443,2
synth_45814,2
synth_46181,2
synth_46191,2
synth_46492,2
synth_46814,2
synth_46834,2
synth_46914,2
synth_47295,2
synth_47709,2
synth_47738,2
synth_47992,2
synth_48128,2
synth_48321,2
synth_48748,2
synth_48750,2
synth_49271,2
synth_49320,2
synth_49440,2
synth_36647,2
synth_38701,2
synth_38848,2
synth_39764,2
synth_39853,2
synth_42569,2
synth_42910,2
synth_42933,2
synth_44822,2
synth_45562,2
synth_45564,2
synth_45722,2
synth_45727,2
synth_45736,2
synth_45743,2
synth_46642,2
synth_46671,2
synth_46751,2
synth_46995,2
synth_47713,2
synth_47756,2
synth_47973,2
synth_48511,2
synth_36029,2
synth_36121,2
synth_36124,2
synth_36125,2
synth_36138,2
synth_36305,2
synth_36378,2
synth_36383,2
synth_36621,2
synth_37281,2
synth_37507,2
synth_37683,2
synth_37863,2
synth_37889,2
synth_38104,2
synth_38354,2
synth_38474,2
synth_38540,2
synth_39184,2
synth_39304,2
synth_39529,2
synth_40207,2
synth_40250,2
synth_40386,2
synth_40468,2
synth_40765,2
synth_40934,2
synth_41183,2
synth_41495,2
synth_41532,2
synth_41633,2
synth_41679,2
synth_42382,2
synth_42385,2
synth_42834,2
synth_43274,2
synth_43742,2
synth_43861,2
synth_44727,2
synth_44841,2
synth_44881,2
synth_45013,2
synth_45169,2
synth_45332,2
synth_45348,2
synth_45663,2
synth_45780,2
synth_46044,2
synth_46214,2
synth_46402,2
synth_47254,2
synth_47385,2
synth_48033,2
synth_48835,2
synth_49179,2
synth_49532,2
synth_49674,2
synth_49799,2
synth_49899,2
synth_36081,2
synth_36883,2
synth_36969,2
synth_37207,2
synth_39684,2
synth_39890,2
synth_39893,2
synth_40693,2
synth_41020,2
synth_41681,2
synth_41793,2
synth_44839,2
synth_45567,2
synth_45703,2
synth_45985,2
synth_46454,2
synth_48620,2
synth_48643,2
synth_48961,2
synth_35911,2
synth_36015,2
synth_36244,2
synth_37160,2
synth_37261,2
synth_37300,2
synth_37456,2
synth_37560,2
synth_38063,2
synth_38682,2
synth_38732,2
synth_38735,2
synth_38823,2
synth_38860,2
synth_39197,2
synth_39260,2
synth_40185,2
synth_40235,2
synth_40598,2
synth_40608,2
synth_40843,2
synth_41225,2
synth_41814,2
synth_41815,2
synth_42220,2
synth_42435,2
synth_42499,2
synth_42705,2
synth_42734,2
synth_42838,2
synth_43174,2
synth_43238,2
synth_43666,2
synth_43862,2
synth_43955,2
synth_44016,2
synth_44262,2
synth_44619,2
synth_45089,2
synth_45108,2
synth_45147,2
synth_45172,2
synth_45596,2
synth_46031,2
synth_46128,2
synth_46493,2
synth_46748,2
synth_47240,2
synth_47321,2
synth_47337,2
synth_47484,2
synth_47958,2
synth_48000,2
synth_48062,2
synth_49008,2
synth_49893,2
synth_49946,2
synth_37627,2
synth_38429,2
synth_38924,2
synth_39670,2
synth_39742,2
synth_39845,2
synth_40156,2
synth_41521,2
synth_41770,2
synth_42028,2
synth_42527,2
synth_42936,2
synth_45566,2
synth_45631,2
synth_45714,2
synth_46577,2
synth_46666,2
synth_46673,2
synth_46727,2
synth_46787,2
synth_48891,2
synth_36431,2
synth_36490,2
synth_36517,2
synth_36618,2
synth_36808,2
synth_37210,2
synth_37298,2
synth_37690,2
synth_37755,2
synth_37804,2
synth_38006,2
synth_38162,2
synth_38451,2
synth_38628,2
synth_38698,2
synth_39096,2
synth_39280,2
synth_39431,2
synth_39440,2
synth_40340,2
synth_40761,2
synth_40827,2
synth_41170,2
synth_41375,2
synth_41564,2
synth_41964,2
synth_42386,2
synth_42620,2
synth_42661,2
synth_42815,2
synth_43214,2
synth_43271,2
synth_43534,2
synth_44144,2
synth_44567,2
synth_44584,2
synth_45200,2
synth_45399,2
synth_45466,2
synth_45474,2
synth_45510,2
synth_45515,2
synth_45799,2
synth_46809,2
synth_46813,2
synth_47050,2
synth_47135,2
synth_47594,2
synth_47640,2
synth_48158,2
synth_48288,2
synth_48323,2
synth_48344,2
synth_48667,2
synth_48932,2
synth_49375,2
synth_49531,2
synth_49791,2
synth_36479,2
synth_36555,2
synth_36842,2
synth_37002,2
synth_37435,2
synth_37953,2
synth_37956,2
synth_38765,2
synth_39157,2
synth_39624,2
synth_39700,2
synth_39745,2
synth_40063,2
synth_40119,2
synth_40919,2
synth_41672,2
synth_42210,2
synth_42329,2
synth_43386,2
synth_43997,2
synth_46122,2
synth_46729,2
synth_48799,2
synth_49237,2
synth_49424,2
synth_36254,2
synth_37197,2
synth_37643,2
synth_38045,2
synth_39040,2
synth_39247,2
synth_39512,2
synth_39613,2
synth_40046,2
synth_40520,2
synth_40738,2
synth_40807,2
synth_40848,2
synth_40926,2
synth_40935,2
synth_40954,2
synth_41407,2
synth_42065,2
synth_42523,2
synth_42605,2
synth_42685,2
synth_43023,2
synth_43325,2
synth_43549,2
synth_43649,2
synth_43930,2
synth_44208,2
synth_44278,2
synth_44355,2
synth_44382,2
synth_44756,2
synth_44906,2
synth_44994,2
synth_45019,2
synth_45492,2
synth_45697,2
synth_46002,2
synth_46190,2
synth_46538,2
synth_46708,2
synth_46736,2
synth_46838,2
synth_47056,2
synth_47180,2
synth_47246,2
synth_47363,2
synth_47536,2
synth_47600,2
synth_47954,2
synth_48010,2
synth_48475,2
synth_48579,2
synth_48697,2
synth_49579,2
synth_49654,2
synth_36651,2
synth_37357,2
synth_38224,2
synth_38775,2
synth_38815,2
synth_40067,2
synth_40197,2
synth_41523,2
synth_42205,2
synth_42972,2
synth_43103,2
synth_45536,2
synth_46163,2
synth_46232,2
synth_46650,2
synth_46857,2
synth_47209,2
synth_47657,2
synth_47829,2
synth_48204,2
synth_48526,2
synth_48718,2
synth_48887,2
synth_49013,2
synth_49059,2
synth_35914,2
synth_36355,2
synth_36661,2
synth_36712,2
synth_37372,2
synth_37405,2
synth_37880,2
synth_38161,2
synth_38202,2
synth_38420,2
synth_38528,2
synth_38890,2
synth_39177,2
synth_39233,2
synth_39251,2
synth_40499,2
synth_40501,2
synth_40655,2
synth_40849,2
synth_41235,2
synth_41563,2
synth_42169,2
synth_42227,2
synth_42647,2
synth_42676,2
synth_42767,2
synth_43030,2
synth_43759,2
synth_43771,2
synth_43799,2
synth_44248,2
synth_45432,2
synth_46513,2
synth_46810,2
synth_47006,2
synth_47366,2
synth_47453,2
synth_48091,2
synth_48339,2
synth_49052,2
synth_49377,2
synth_36529,2
synth_36910,2
synth_37155,2
synth_37931,2
synth_37939,2
synth_38531,2
synth_39776,2
synth_40122,2
synth_41034,2
synth_42412,2
synth_42930,2
synth_43380,2
synth_44857,2
synth_46161,2
synth_46610,2
synth_46899,2
synth_46982,2
synth_48248,2
synth_48603,2
synth_48612,2
synth_49409,2
synth_49911,2
synth_36196,2
synth_36218,2
synth_37098,2
synth_37182,2
synth_37606,2
synth_37620,2
synth_37974,2
synth_39402,2
synth_39807,2
synth_40040,2
synth_40636,2
synth_40750,2
synth_40784,2
synth_40956,2
synth_41281,2
synth_41287,2
synth_41471,2
synth_41669,2
synth_41816,2
synth_41933,2
synth_41939,2
synth_42351,2
synth_42604,2
synth_43434,2
synth_43610,2
synth_43667,2
synth_43868,2
synth_44069,2
synth_44425,2
synth_44574,2
synth_44835,2
synth_45072,2
synth_45158,2
synth_45377,2
synth_45425,2
synth_45584,2
synth_45761,2
synth_45918,2
synth_46119,2
synth_46415,2
synth_46741,2
synth_46763,2
synth_46917,2
synth_47350,2
synth_47411,2
synth_47481,2
synth_48008,2
synth_48110,2
synth_48162,2
synth_48346,2
synth_48656,2
synth_48768,2
synth_48988,2
synth_49153,2
synth_49535,2
synth_49597,2
synth_49754,2
synth_49847,2
synth_49876,2
synth_36753,2
synth_37020,2
synth_37105,2
synth_37316,2
synth_38533,2
synth_39795,2
synth_42467,2
synth_44836,2
synth_46209,2
synth_46961,2
synth_36102,2
synth_36104,2
synth_36271,2
synth_36345,2
synth_36433,2
synth_36440,2
synth_37297,2
synth_37845,2
synth_37891,2
synth_38039,2
synth_38203,2
synth_38551,2
synth_38556,2
synth_39114,2
synth_39209,2
synth_40075,2
synth_40164,2
synth_40428,2
synth_40626,2
synth_41101,2
synth_41161,2
synth_41176,2
synth_41599,2
synth_41629,2
synth_42340,2
synth_42394,2
synth_42417,2
synth_42562,2
synth_42821,2
synth_43091,2
synth_43342,2
synth_43600,2
synth_43837,2
synth_43841,2
synth_43908,2
synth_44280,2
synth_44711,2
synth_45171,2
synth_45289,2
synth_46714,2
synth_46758,2
synth_46881,2
synth_47123,2
synth_47243,2
synth_48141,2
synth_48456,2
synth_48586,2
synth_49572,2
synth_49973,2
synth_36694,2
synth_38059,2
synth_38234,2
synth_38249,2
synth_38923,2
synth_39159,2
synth_40114,2
synth_40707,2
synth_42841,2
synth_45934,2
synth_46635,2
synth_47272,2
synth_48175,2
synth_48825,2
synth_48883,2
synth_48998,2
synth_35970,2
synth_36054,2
synth_36409,2
synth_37073,2
synth_37262,2
synth_37552,2
synth_37740,2
synth_37983,2
synth_39300,2
synth_39565,2
synth_39574,2
synth_39956,2
synth_39993,2
synth_40224,2
synth_40793,2
synth_41747,2
synth_41822,2
synth_41866,2
synth_41937,2
synth_42073,2
synth_42564,2
synth_42594,2
synth_42708,2
synth_42781,2
synth_43263,2
synth_43324,2
synth_43643,2
synth_43671,2
synth_43679,2
synth_43712,2
synth_44105,2
synth_44907,2
synth_45185,2
synth_45194,2
synth_45407,2
synth_45424,2
synth_45665,2
synth_45692,2
synth_45805,2
synth_45822,2
synth_45989,2
synth_46083,2
synth_46345,2
synth_46380,2
synth_46848,2
synth_46886,2
synth_47066,2
synth_47955,2
synth_48666,2
synth_49074,2
synth_49165,2
synth_49338,2
synth_49681,2
synth_49875,2
synth_37159,2
synth_37955,2
synth_38921,2
synth_39161,2
synth_39338,2
synth_39712,2
synth_39713,2
synth_41795,2
synth_43281,2
synth_45542,2
synth_45576,2
synth_45579,2
synth_46141,2
synth_46168,2
synth_46954,2
synth_47113,2
synth_48245,2
synth_48647,2
synth_48661,2
synth_48714,2
synth_48949,2
synth_35954,2
synth_36410,2
synth_36522,2
synth_36671,2
synth_36904,2
synth_37263,2
synth_37526,2
synth_37696,2
synth_37847,2
synth_37951,2
synth_38012,2
synth_38191,2
synth_38552,2
synth_38602,2
synth_38796,2
synth_39033,2
synth_39178,2
synth_39604,2
synth_39835,2
synth_40509,2
synth_41234,2
synth_41341,2
synth_41869,2
synth_41881,2
synth_42183,2
synth_43298,2
synth_43450,2
synth_43640,2
synth_43661,2
synth_43701,2
synth_44086,2
synth_44156,2
synth_44226,2
synth_44328,2
synth_44368,2
synth_44397,2
synth_44422,2
synth_44726,2
synth_45220,2
synth_46089,2
synth_46417,2
synth_47309,2
synth_47342,2
synth_47485,2
synth_47729,2
synth_48186,2
synth_48303,2
synth_48467,2
synth_48760,2
synth_49047,2
synth_49193,2
synth_49332,2
synth_36561,2
synth_36781,2
synth_36868,2
synth_36897,2
synth_38230,2
synth_38948,2
synth_39628,2
synth_41501,2
synth_41603,2
synth_42103,2
synth_46429,2
synth_46464,2
synth_48396,2
synth_48804,2
synth_48826,2
synth_48905,2
synth_49217,2
synth_49411,2
synth_49420,2
synth_36259,2
synth_36471,2
synth_37350,2
synth_37550,2
synth_37553,2
synth_37601,2
synth_37831,2
synth_38083,2
synth_38452,2
synth_39229,2
synth_39314,2
synth_39363,2
synth_39454,2
synth_39997,2
synth_40149,2
synth_40361,2
synth_40656,2
synth_40669,2
synth_41135,2
synth_41335,2
synth_41355,2
synth_41665,2
synth_41966,2
synth_42133,2
synth_42249,2
synth_42277,2
synth_42282,2
synth_42446,2
synth_42495,2
synth_43144,2
synth_43361,2
synth_43440,2
synth_43625,2
synth_43656,2
synth_43760,2
synth_43965,2
synth_44391,2
synth_44596,2
synth_44606,2
synth_45291,2
synth_45524,2
synth_48470,2
synth_49140,2
synth_49171,2
synth_49719,2
synth_49739,2
synth_49982,2
synth_36570,2
synth_36693,2
synth_36790,2
synth_37358,2
synth_38136,2
synth_38159,2
synth_38458,2
synth_40023,2
synth_42845,2
synth_43114,2
synth_43184,2
synth_43391,2
synth_45769,2
synth_45914,2
synth_46166,2
synth_46399,2
synth_48304,2
synth_48515,2
synth_48719,2
synth_49024,2
synth_49216,2
synth_49475,2
synth_35926,2
synth_36028,2
synth_36106,2
synth_36126,2
synth_36545,2
synth_37852,2
synth_38072,2
synth_38506,2
synth_39240,2
synth_39550,2
synth_39589,2
synth_40096,2
synth_40466,2
synth_40545,2
synth_40772,2
synth_40792,2
synth_40814,2
synth_40886,2
synth_41351,2
synth_41435,2
synth_41530,2
synth_41630,2
synth_41850,2
synth_41916,2
synth_41934,2
synth_42259,2
synth_42634,2
synth_42820,2
synth_43006,2
synth_43757,2
synth_44210,2
synth_44329,2
synth_45028,2
synth_45131,2
synth_45258,2
synth_45573,2
synth_46830,2
synth_46883,2
synth_47160,2
synth_47195,2
synth_47347,2
synth_47379,2
synth_47796,2
synth_49039,2
synth_49051,2
synth_49577,2
synth_49715,2
synth_49729,2
synth_38829,2
synth_38985,2
synth_39694,2
synth_40120,2
synth_40720,2
synth_42979,2
synth_42992,2
synth_43161,2
synth_44858,2
synth_44987,2
synth_45548,2
synth_45603,2
synth_45933,2
synth_46644,2
synth_46930,2
synth_46965,2
synth_47846,2
synth_48716,2
synth_49003,2
synth_49246,2
synth_36156,2
synth_36325,2
synth_37868,2
synth_38114,2
synth_38405,2
synth_38518,2
synth_39031,2
synth_39203,2
synth_39284,2
synth_39309,2
synth_39354,2
synth_39915,2
synth_40247,2
synth_40754,2
synth_40895,2
synth_41242,2
synth_41244,2
synth_41308,2
synth_41527,2
synth_42061,2
synth_43146,2
synth_43431,2
synth_43486,2
synth_43505,2
synth_43673,2
synth_43968,2
synth_44015,2
synth_44205,2
synth_44259,2
synth_44399,2
synth_45160,2
synth_45490,2
synth_46053,2
synth_46111,2
synth_46291,2
synth_46378,2
synth_46494,2
synth_46802,2
synth_46831,2
synth_47036,2
synth_47532,2
synth_48267,2
synth_48353,2
synth_48736,2
synth_49149,2
synth_49180,2
synth_49563,2
synth_49614,2
synth_49645,2
synth_36467,2
synth_37117,2
synth_37219,2
synth_38931,2
synth_38996,2
synth_39061,2
synth_39258,2
synth_39765,2
synth_40106,2
synth_40687,2
synth_41650,2
synth_42313,2
synth_42982,2
synth_44118,2
synth_45560,2
synth_46388,2
synth_47932,2
synth_48845,2
synth_35971,2
synth_36300,2
synth_36601,2
synth_36942,2
synth_37244,2
synth_37603,2
synth_37835,2
synth_37976,2
synth_38024,2
synth_38085,2
synth_39456,2
synth_39978,2
synth_39994,2
synth_40208,2
synth_40255,2
synth_40664,2
synth_40864,2
synth_40928,2
synth_41086,2
synth_41197,2
synth_41208,2
synth_41845,2
synth_41854,2
synth_41876,2
synth_42240,2
synth_42264,2
synth_42520,2
synth_43028,2
synth_43052,2
synth_43192,2
synth_43412,2
synth_43573,2
synth_43950,2
synth_43983,2
synth_44002,2
synth_44064,2
synth_44135,2
synth_44158,2
synth_44293,2
synth_45227,2
synth_45345,2
synth_45462,2
synth_45609,2
synth_45758,2
synth_45885,2
synth_46286,2
synth_47150,2
synth_47154,2
synth_47239,2
synth_47335,2
synth_47364,2
synth_47420,2
synth_47543,2
synth_47667,2
synth_48064,2
synth_48070,2
synth_48224,2
synth_48773,2
synth_49344,2
synth_49526,2
synth_49623,2
synth_49698,2
synth_49780,2
synth_49924,2
synth_36499,2
synth_37929,2
synth_38959,2
synth_39340,2
synth_39749,2
synth_39855,2
synth_39863,2
synth_39865,2
synth_42369,2
synth_42376,2
synth_42539,2
synth_45747,2
synth_46262,2
synth_46615,2
synth_46672,2
synth_46771,2
synth_47984,2
synth_48349,2
synth_49280,2
synth_35947,2
synth_37113,2
synth_37173,2
synth_37591,2
synth_38244,2
synth_38615,2
synth_40239,2
synth_41606,2
synth_41951,2
synth_42018,2
synth_42595,2
synth_42683,2
synth_43141,2
synth_43143,2
synth_43299,2
synth_43429,2
synth_43561,2
synth_43563,2
synth_43619,2
synth_43967,2
synth_44047,2
synth_44367,2
synth_44494,2
synth_45035,2
synth_45219,2
synth_45500,2
synth_45833,2
synth_45872,2
synth_46117,2
synth_46192,2
synth_46819,2
synth_47100,2
synth_47111,2
synth_47181,2
synth_47612,2
synth_48156,2
synth_48594,2
synth_48761,2
synth_49082,2
synth_49253,2
synth_49689,2
synth_49977,2
synth_36684,2
synth_36695,2
synth_36743,2
synth_36792,2
synth_38278,2
synth_38640,2
synth_38710,2
synth_39943,2
synth_42794,2
synth_42986,2
synth_44320,2
synth_45543,2
synth_46150,2
synth_46164,2
synth_46551,2
synth_46587,2
synth_47816,2
synth_48216,2
synth_49428,2
synth_35888,2
synth_36263,2
synth_36272,2
synth_37072,2
synth_37568,2
synth_38293,2
synth_38875,2
synth_40742,2
synth_40993,2
synth_41268,2
synth_41323,2
synth_41551,2
synth_41636,2
synth_41892,2
synth_41920,2
synth_42098,2
synth_42363,2
synth_42675,2
synth_42760,2
synth_43003,2
synth_43025,2
synth_43273,2
synth_43901,2
synth_44048,2
synth_44527,2
synth_45006,2
synth_45062,2
synth_45319,2
synth_45797,2
synth_46008,2
synth_46185,2
synth_46536,2
synth_46808,2
synth_47199,2
synth_47410,2
synth_47492,2
synth_47717,2
synth_48872,2
synth_49095,2
synth_49340,2
synth_49586,2
synth_49648,2
synth_49917,2
synth_36786,2
synth_36924,2
synth_37967,2
synth_38720,2
synth_38818,2
synth_39777,2
synth_39864,2
synth_40029,2
synth_40180,2
synth_41612,2
synth_41675,2
synth_42903,2
synth_43385,2
synth_45605,2
synth_45712,2
synth_46228,2
synth_46331,2
synth_46568,2
synth_46682,2
synth_47722,2
synth_48200,2
synth_48611,2
synth_48628,2
synth_49220,2
synth_35996,2
synth_37100,2
synth_37301,2
synth_38960,2
synth_39379,2
synth_39500,2
synth_39563,2
synth_39945,2
synth_39976,2
synth_40389,2
synth_40423,2
synth_40464,2
synth_40473,2
synth_40567,2
synth_40676,2
synth_40801,2
synth_40859,2
synth_41112,2
synth_41307,2
synth_41313,2
synth_41597,2
synth_41756,2
synth_42041,2
synth_42114,2
synth_42245,2
synth_42459,2
synth_42777,2
synth_42813,2
synth_43012,2
synth_43292,2
synth_43394,2
synth_43636,2
synth_43872,2
synth_44013,2
synth_44316,2
synth_44396,2
synth_45073,2
synth_45137,2
synth_45823,2
synth_46509,2
synth_47058,2
synth_47447,2
synth_47719,2
synth_47786,2
synth_47956,2
synth_48270,2
synth_48295,2
synth_48392,2
synth_48720,2
synth_48833,2
synth_49183,2
synth_49578,2
synth_49665,2
synth_49858,2
synth_36222,2
synth_36552,2
synth_37028,2
synth_37541,2
synth_37614,2
synth_37618,2
synth_38145,2
synth_38324,2
synth_40153,2
synth_41653,2
synth_42153,2
synth_42372,2
synth_42429,2
synth_42532,2
synth_43308,2
synth_43718,2
synth_45963,2
synth_46462,2
synth_46922,2
synth_46937,2
synth_47269,2
synth_47659,2
synth_48403,2
synth_48999,2
synth_49818,2
synth_49997,2
synth_36185,2
synth_37047,2
synth_37331,2
synth_37563,2
synth_38656,2
synth_39013,2
synth_39123,2
synth_39373,2
synth_39494,2
synth_39739,2
synth_39909,2
synth_39984,2
synth_40166,2
synth_40312,2
synth_40320,2
synth_40420,2
synth_40667,2
synth_40872,2
synth_41040,2
synth_41884,2
synth_41984,2
synth_42370,2
synth_43034,2
synth_43154,2
synth_43517,2
synth_43830,2
synth_43949,2
synth_44299,2
synth_44360,2
synth_44523,2
synth_44789,2
synth_44888,2
synth_45002,2
synth_45017,2
synth_45133,2
synth_45285,2
synth_45987,2
synth_46361,2
synth_46659,2
synth_47127,2
synth_47151,2
synth_47355,2
synth_47394,2
synth_47516,2
synth_48256,2
synth_48991,2
synth_49372,2
synth_36932,2
synth_36944,2
synth_37041,2
synth_38157,2
synth_38279,2
synth_39259,2
synth_39629,2
synth_39689,2
synth_40192,2
synth_41970,2
synth_42378,2
synth_42518,2
synth_43739,2
synth_45622,2
synth_45753,2
synth_46319,2
synth_46619,2
synth_47508,2
synth_48651,2
synth_49006,2
synth_49713,2
synth_35919,2
synth_36411,2
synth_37241,2
synth_37384,2
synth_37425,2
synth_37530,2
synth_38042,2
synth_38253,2
synth_38283,2
synth_38840,2
synth_39066,2
synth_39106,2
synth_39378,2
synth_39501,2
synth_39803,2
synth_39963,2
synth_40402,2
synth_40465,2
synth_41336,2
synth_41587,2
synth_41968,2
synth_43035,2
synth_43059,2
synth_43578,2
synth_43583,2
synth_44096,2
synth_44106,2
synth_44652,2
synth_44716,2
synth_44792,2
synth_45039,2
synth_45595,2
synth_45850,2
synth_45948,2
synth_46249,2
synth_46900,2
synth_47258,2
synth_47280,2
synth_47525,2
synth_47716,2
synth_48233,2
synth_48566,2
synth_48679,2
synth_49207,2
synth_49228,2
synth_49619,2
synth_49991,2
synth_37018,2
synth_37139,2
synth_37225,2
synth_38867,2
synth_44895,2
synth_46589,2
synth_46643,2
synth_47208,2
synth_49416,2
synth_36266,2
synth_36318,2
synth_36430,2
synth_36608,2
synth_36960,2
synth_37132,2
synth_37171,2
synth_37646,2
synth_37871,2
synth_37887,2
synth_37898,2
synth_37903,2
synth_38376,2
synth_38542,2
synth_38612,2
synth_38618,2
synth_39113,2
synth_39181,2
synth_39391,2
synth_39561,2
synth_40445,2
synth_41165,2
synth_41180,2
synth_41376,2
synth_41579,2
synth_41806,2
synth_41863,2
synth_42131,2
synth_42463,2
synth_42573,2
synth_43033,2
synth_43049,2
synth_43166,2
synth_43265,2
synth_43297,2
synth_43316,2
synth_43763,2
synth_44381,2
synth_44437,2
synth_44450,2
synth_44474,2
synth_44592,2
synth_44831,2
synth_45135,2
synth_45156,2
synth_45315,2
synth_45523,2
synth_46055,2
synth_46266,2
synth_46364,2
synth_46818,2
synth_47322,2
synth_47467,2
synth_47768,2
synth_48040,2
synth_48159,2
synth_48335,2
synth_48533,2
synth_48584,2
synth_48784,2
synth_49154,2
synth_49358,2
synth_49952,2
synth_36072,2
synth_36090,2
synth_36279,2
synth_36766,2
synth_37135,2
synth_38419,2
synth_38464,2
synth_38909,2
synth_38925,2
synth_40132,2
synth_42021,2
synth_42347,2
synth_42567,2
synth_43100,2
synth_43178,2
synth_43519,2
synth_44602,2
synth_46123,2
synth_48177,2
synth_48246,2
synth_48365,2
synth_48377,2
synth_48644,2
synth_49129,2
synth_49302,2
synth_36190,2
synth_36734,2
synth_36990,2
synth_37393,2
synth_37508,2
synth_38096,2
synth_38423,2
synth_38426,2
synth_39071,2
synth_40342,2
synth_40442,2
synth_40467,2
synth_40731,2
synth_40818,2
synth_41118,2
synth_41163,2
synth_41333,2
synth_41450,2
synth_41546,2
synth_41566,2
synth_41712,2
synth_43378,2
synth_43595,2
synth_43817,2
synth_44585,2
synth_44734,2
synth_45150,2
synth_45203,2
synth_45310,2
synth_45898,2
synth_46217,2
synth_46894,2
synth_48342,2
synth_48766,2
synth_48870,2
synth_49396,2
synth_49446,2
synth_49489,2
synth_49738,2
synth_49762,2
synth_49781,2
synth_36509,2
synth_36584,2
synth_37653,2
synth_37943,2
synth_38164,2
synth_38747,2
synth_40262,2
synth_42353,2
synth_42447,2
synth_42973,2
synth_44077,2
synth_45556,2
synth_46152,2
synth_47267,2
synth_47519,2
synth_48217,2
synth_48409,2
synth_48512,2
synth_48801,2
synth_48925,2
synth_35980,2
synth_36334,2
synth_36921,2
synth_37237,2
synth_37288,2
synth_37333,2
synth_37562,2
synth_37824,2
synth_38088,2
synth_38466,2
synth_38793,2
synth_38883,2
synth_39107,2
synth_39432,2
synth_39465,2
synth_39913,2
synth_40048,2
synth_40640,2
synth_40805,2
synth_40869,2
synth_41641,2
synth_41687,2
synth_41827,2
synth_42299,2
synth_42511,2
synth_42775,2
synth_43150,2
synth_43272,2
synth_43822,2
synth_43894,2
synth_44424,2
synth_44441,2
synth_44595,2
synth_45068,2
synth_45226,2
synth_45239,2
synth_45414,2
synth_45475,2
synth_45653,2
synth_46052,2
synth_46296,2
synth_46358,2
synth_46825,2
synth_47057,2
synth_47121,2
synth_47433,2
synth_47497,2
synth_47524,2
synth_47530,2
synth_47632,2
synth_48324,2
synth_48578,2
synth_48690,2
synth_48873,2
synth_49160,2
synth_49351,2
synth_49883,2
synth_49980,2
synth_36762,2
synth_37545,2
synth_37628,2
synth_38237,2
synth_39625,2
synth_42533,2
synth_44960,2
synth_46347,2
synth_46458,2
synth_46460,2
synth_46618,2
synth_46964,2
synth_47227,2
synth_47887,2
synth_47911,2
synth_48818,2
synth_49215,2
synth_49417,2
synth_35903,2
synth_36002,2
synth_36203,2
synth_36356,2
synth_36374,2
synth_36981,2
synth_37477,2
synth_37556,2
synth_37813,2
synth_38300,2
synth_38499,2
synth_38583,2
synth_39135,2
synth_39322,2
synth_39389,2
synth_39435,2
synth_39566,2
synth_40057,2
synth_40217,2
synth_41002,2
synth_41059,2
synth_41136,2
synth_41311,2
synth_41312,2
synth_41412,2
synth_41558,2
synth_41624,2
synth_41628,2
synth_41841,2
synth_42627,2
synth_43446,2
synth_43455,2
synth_44439,2
synth_44442,2
synth_44449,2
synth_44681,2
synth_44845,2
synth_45003,2
synth_45081,2
synth_45113,2
synth_45278,2
synth_45372,2
synth_45413,2
synth_45550,2
synth_45691,2
synth_46765,2
synth_47189,2
synth_47225,2
synth_47596,2
synth_48995,2
synth_49092,2
synth_49173,2
synth_49552,2
synth_49610,2
synth_37395,2
synth_40009,2
synth_42875,2
synth_44856,2
synth_46308,2
synth_46582,2
synth_46794,2
synth_46940,2
synth_46946,2
synth_48373,2
synth_36219,2
synth_36546,2
synth_37326,2
synth_37600,2
synth_39528,2
synth_39828,2
synth_40049,2
synth_40367,2
synth_40892,2
synth_41395,2
synth_42302,2
synth_42371,2
synth_42464,2
synth_42540,2
synth_43267,2
synth_43359,2
synth_43463,2
synth_43755,2
synth_44223,2
synth_44520,2
synth_44633,2
synth_44793,2
synth_44909,2
synth_45415,2
synth_45793,2
synth_46382,2
synth_46701,2
synth_46702,2
synth_46711,2
synth_47136,2
synth_47161,2
synth_47210,2
synth_47296,2
synth_47403,2
synth_47482,2
synth_47613,2
synth_47726,2
synth_48499,2
synth_48874,2
synth_48965,2
synth_49159,2
synth_49530,2
synth_49649,2
synth_49742,2
synth_49965,2
synth_36843,2
synth_38209,2
synth_38784,2
synth_39264,2
synth_39641,2
synth_39679,2
synth_40692,2
synth_43113,2
synth_43998,2
synth_45755,2
synth_46569,2
synth_46990,2
synth_48459,2
synth_36089,2
synth_36292,2
synth_37282,2
synth_37442,2
synth_37460,2
synth_37574,2
synth_37642,2
synth_37855,2
synth_37870,2
synth_38385,2
synth_38427,2
synth_39201,2
synth_39448,2
synth_39830,2
synth_39975,2
synth_40588,2
synth_40607,2
synth_40634,2
synth_40810,2
synth_41175,2
synth_41420,2
synth_41588,2
synth_41646,2
synth_41710,2
synth_41858,2
synth_42285,2
synth_43296,2
synth_43329,2
synth_43457,2
synth_43843,2
synth_44219,2
synth_44260,2
synth_44535,2
synth_44566,2
synth_44939,2
synth_45099,2
synth_45641,2
synth_45646,2
synth_47192,2
synth_47221,2
synth_47664,2
synth_48020,2
synth_48383,2
synth_48834,2
synth_49367,2
synth_49387,2
synth_49684,2
synth_49927,2
synth_36679,2
synth_36929,2
synth_37209,2
synth_39747,2
synth_39846,2
synth_42327,2
synth_42487,2
synth_44078,2
synth_44138,2
synth_45537,2
synth_46300,2
synth_46311,2
synth_46427,2
synth_46476,2
synth_46599,2
synth_48812,2
synth_49422,2
synth_49821,2
synth_49850,2
synth_36114,2
synth_36172,2
synth_36365,2
synth_36387,2
synth_37163,2
synth_37196,2
synth_37463,2
synth_37680,2
synth_38285,2
synth_39021,2
synth_39045,2
synth_39076,2
synth_39302,2
synth_39332,2
synth_39908,2
synth_40109,2
synth_40363,2
synth_40795,2
synth_40820,2
synth_41097,2
synth_41108,2
synth_41298,2
synth_41394,2
synth_41813,2
synth_42421,2
synth_42462,2
synth_42695,2
synth_43606,2
synth_43669,2
synth_44185,2
synth_44230,2
synth_44521,2
synth_44625,2
synth_45114,2
synth_45286,2
synth_45533,2
synth_45865,2
synth_48234,2
synth_48340,2
synth_48391,2
synth_48458,2
synth_48580,2
synth_49369,2
synth_49383,2
synth_49467,2
synth_49770,2
synth_49978,2
synth_36625,2
synth_36640,2
synth_36769,2
synth_36827,2
synth_37040,2
synth_37839,2
synth_38049,2
synth_39727,2
synth_39741,2
synth_39897,2
synth_42975,2
synth_44820,2
synth_45555,2
synth_46151,2
synth_46559,2
synth_46611,2
synth_47741,2
synth_47753,2
synth_47814,2
synth_48520,2
synth_35901,2
synth_36324,2
synth_36418,2
synth_37234,2
synth_37255,2
synth_37328,2
synth_37371,2
synth_37409,2
synth_37467,2
synth_37894,2
synth_37973,2
synth_38465,2
synth_39223,2
synth_39991,2
synth_40660,2
synth_40798,2
synth_40887,2
synth_41003,2
synth_41018,2
synth_41406,2
synth_42162,2
synth_42399,2
synth_42619,2
synth_42669,2
synth_42733,2
synth_43134,2
synth_43314,2
synth_43835,2
synth_43935,2
synth_44369,2
synth_44376,2
synth_44630,2
synth_44762,2
synth_44948,2
synth_45456,2
synth_45660,2
synth_45816,2
synth_45844,2
synth_45868,2
synth_46033,2
synth_47017,2
synth_47130,2
synth_47175,2
synth_47374,2
synth_47642,2
synth_49514,2
synth_49688,2
synth_36858,2
synth_36869,2
synth_36925,2
synth_36951,2
synth_37612,2
synth_38749,2
synth_39688,2
synth_39743,2
synth_40684,2
synth_44136,2
synth_45561,2
synth_47945,2
synth_48434,2
synth_36039,2
synth_36543,2
synth_37067,2
synth_37492,2
synth_39351,2
synth_40253,2
synth_40437,2
synth_41095,2
synth_41402,2
synth_41543,2
synth_41655,2
synth_41692,2
synth_41853,2
synth_41947,2
synth_42058,2
synth_42273,2
synth_42331,2
synth_42474,2
synth_42735,2
synth_43140,2
synth_43155,2
synth_43327,2
synth_43407,2
synth_43553,2
synth_43565,2
synth_44408,2
synth_44514,2
synth_44742,2
synth_44743,2
synth_44783,2
synth_44784,2
synth_45161,2
synth_45644,2
synth_45879,2
synth_46423,2
synth_46491,2
synth_47103,2
synth_47220,2
synth_47496,2
synth_47520,2
synth_48009,2
synth_48293,2
synth_48583,2
synth_49324,2
synth_49371,2
synth_49930,2
synth_49981,2
synth_49983,2
synth_36590,2
synth_36954,2
synth_38177,2
synth_39117,2
synth_39691,2
synth_40002,2
synth_40904,2
synth_41661,2
synth_43107,2
synth_44838,2
synth_44977,2
synth_45558,2
synth_45810,2
synth_46693,2
synth_46698,2
synth_47629,2
synth_47933,2
synth_48621,2
synth_49227,2
synth_49998,2
synth_36246,2
synth_37693,2
synth_37770,2
synth_37961,2
synth_38555,2
synth_38734,2
synth_39165,2
synth_39381,2
synth_39530,2
synth_40038,2
synth_40216,2
synth_40241,2
synth_40417,2
synth_40757,2
synth_40813,2
synth_41008,2
synth_41029,2
synth_41044,2
synth_41656,2
synth_41830,2
synth_42060,2
synth_42431,2
synth_42745,2
synth_43221,2
synth_43262,2
synth_43444,2
synth_43489,2
synth_43677,2
synth_43858,2
synth_44037,2
synth_44286,2
synth_44530,2
synth_44532,2
synth_44577,2
synth_44581,2
synth_44622,2
synth_44668,2
synth_44819,2
synth_44826,2
synth_45281,2
synth_45427,2
synth_46101,2
synth_46723,2
synth_47255,2
synth_47470,2
synth_48044,2
synth_48170,2
synth_48495,2
synth_48926,2
synth_49333,2
synth_49373,2
synth_49444,2
synth_49604,2
synth_49747,2
synth_49898,2
synth_36327,2
synth_36445,2
synth_37154,2
synth_38889,2
synth_39658,2
synth_39716,2
synth_39892,2
synth_42000,2
synth_42366,2
synth_43130,2
synth_46159,2
synth_46597,2
synth_46862,2
synth_47539,2
synth_47862,2
synth_47942,2
synth_48425,2
synth_48523,2
synth_48665,2
synth_48683,2
synth_48884,2
synth_36414,2
synth_36980,2
synth_36993,2
synth_37320,2
synth_37484,2
synth_38298,2
synth_38353,2
synth_38368,2
synth_38511,2
synth_39010,2
synth_39809,2
synth_39825,2
synth_39837,2
synth_40179,2
synth_40188,2
synth_40364,2
synth_40444,2
synth_40896,2
synth_41141,2
synth_41377,2
synth_41454,2
synth_41718,2
synth_41753,2
synth_42320,2
synth_42653,2
synth_42680,2
synth_43142,2
synth_43193,2
synth_43474,2
synth_43557,2
synth_43597,2
synth_43833,2
synth_43923,2
synth_43974,2
synth_44373,2
synth_44617,2
synth_44736,2
synth_45465,2
synth_45587,2
synth_45688,2
synth_47340,2
synth_47353,2
synth_47377,2
synth_48463,2
synth_48771,2
synth_48776,2
synth_48945,2
synth_49135,2
synth_49782,2
synth_49889,2
synth_36198,2
synth_36588,2
synth_36657,2
synth_36776,2
synth_36823,2
synth_37821,2
synth_37937,2
synth_38174,2
synth_38837,2
synth_38951,2
synth_39164,2
synth_39638,2
synth_40258,2
synth_40702,2
synth_41013,2
synth_42414,2
synth_45679,2
synth_46457,2
synth_46647,2
synth_48208,2
synth_48375,2
synth_48706,2
synth_49425,2
synth_49912,2
synth_35989,2
synth_36364,2
synth_36721,2
synth_37240,2
synth_37465,2
synth_37487,2
synth_37575,2
synth_37810,2
synth_38180,2
synth_38544,2
synth_38623,2
synth_38900,2
synth_39084,2
synth_39399,2
synth_40058,2
synth_40234,2
synth_40252,2
synth_40447,2
synth_40767,2
synth_41103,2
synth_41548,2
synth_41754,2
synth_42445,2
synth_42655,2
synth_43021,2
synth_43048,2
synth_43405,2
synth_43652,2
synth_43831,2
synth_43885,2
synth_44814,2
synth_44945,2
synth_45763,2
synth_46077,2
synth_46096,2
synth_46282,2
synth_46511,2
synth_46717,2
synth_46803,2
synth_47521,2
synth_47631,2
synth_48573,2
synth_49355,2
synth_49785,2
synth_36689,2
synth_36699,2
synth_36793,2
synth_36871,2
synth_36971,2
synth_37032,2
synth_38212,2
synth_38707,2
synth_38918,2
synth_39642,2
synth_39790,2
synth_43703,2
synth_45700,2
synth_45737,2
synth_45777,2
synth_46465,2
synth_47731,2
synth_47734,2
synth_47867,2
synth_48309,2
synth_48725,2
synth_48726,2
synth_48811,2
synth_35977,2
synth_36187,2
synth_37522,2
synth_38492,2
synth_39017,2
synth_39067,2
synth_39271,2
synth_39404,2
synth_39436,2
synth_39513,2
synth_40583,2
synth_40803,2
synth_41331,2
synth_41565,2
synth_41578,2
synth_41638,2
synth_41810,2
synth_41819,2
synth_41929,2
synth_41953,2
synth_41982,2
synth_42081,2
synth_42157,2
synth_42485,2
synth_42666,2
synth_42698,2
synth_42969,2
synth_43230,2
synth_43406,2
synth_43749,2
synth_44110,2
synth_44351,2
synth_44371,2
synth_44400,2
synth_45004,2
synth_45149,2
synth_45831,2
synth_46281,2
synth_46755,2
synth_46756,2
synth_47155,2
synth_48075,2
synth_48275,2
synth_48482,2
synth_48599,2
synth_49275,2
synth_49389,2
synth_49517,2
synth_49611,2
synth_49672,2
synth_49727,2
synth_49775,2
synth_36093,2
synth_36652,2
synth_36764,2
synth_36946,2
synth_37029,2
synth_37819,2
synth_38254,2
synth_38535,2
synth_39138,2
synth_40739,2
synth_42208,2
synth_43104,2
synth_44991,2
synth_46617,2
synth_46631,2
synth_46951,2
synth_47732,2
synth_47733,2
synth_48684,2
synth_48839,2
synth_49213,2
synth_49313,2
synth_49485,2
synth_36132,2
synth_36428,2
synth_36739,2
synth_38247,2
synth_38250,2
synth_38634,2
synth_38835,2
synth_38917,2
synth_39110,2
synth_39536,2
synth_39596,2
synth_40095,2
synth_40211,2
synth_40425,2
synth_40625,2
synth_41073,2
synth_41271,2
synth_41707,2
synth_41728,2
synth_42064,2
synth_42342,2
synth_42424,2
synth_42783,2
synth_43341,2
synth_43396,2
synth_43443,2
synth_43948,2
synth_44203,2
synth_44401,2
synth_44588,2
synth_44760,2
synth_45218,2
synth_45234,2
synth_45669,2
synth_45894,2
synth_46257,2
synth_46267,2
synth_46354,2
synth_46450,2
synth_46660,2
synth_46725,2
synth_47218,2
synth_47283,2
synth_47515,2
synth_47541,2
synth_48113,2
synth_48253,2
synth_48263,2
synth_48296,2
synth_48381,2
synth_48565,2
synth_49662,2
synth_49949,2
synth_36573,2
synth_36649,2
synth_36698,2
synth_36795,2
synth_36911,2
synth_36939,2
synth_36952,2
synth_37224,2
synth_38702,2
synth_38816,2
synth_38937,2
synth_39724,2
synth_39750,2
synth_40209,2
synth_40717,2
synth_41580,2
synth_42025,2
synth_42323,2
synth_42858,2
synth_42965,2
synth_43099,2
synth_43207,2
synth_46981,2
synth_47720,2
synth_48378,2
synth_48554,2
synth_48814,2
synth_35920,2
synth_36158,2
synth_36245,2
synth_36680,2
synth_37187,2
synth_37598,2
synth_38091,2
synth_39239,2
synth_39349,2
synth_39414,2
synth_39544,2
synth_40332,2
synth_40385,2
synth_40726,2
synth_40770,2
synth_41102,2
synth_41188,2
synth_41678,2
synth_41965,2
synth_42159,2
synth_42755,2
synth_42810,2
synth_43024,2
synth_44146,2
synth_44287,2
synth_44714,2
synth_44766,2
synth_46129,2
synth_46767,2
synth_46887,2
synth_47233,2
synth_47522,2
synth_47533,2
synth_47681,2
synth_48394,2
synth_48702,2
synth_48759,2
synth_48962,2
synth_49198,2
synth_49683,2
synth_36472,2
synth_36575,2
synth_36785,2
synth_37688,2
synth_38753,2
synth_39751,2
synth_41584,2
synth_42867,2
synth_43312,2
synth_45707,2
synth_46210,2
synth_46326,2
synth_46371,2
synth_46373,2
synth_46584,2
synth_46633,2
synth_47228,2
synth_47745,2
synth_49476,2
synth_36420,2
synth_36711,2
synth_36943,2
synth_37375,2
synth_37443,2
synth_38131,2
synth_38384,2
synth_38797,2
synth_39403,2
synth_40206,2
synth_40237,2
synth_40256,2
synth_40337,2
synth_40374,2
synth_40486,2
synth_40493,2
synth_40785,2
synth_40972,2
synth_41007,2
synth_41540,2
synth_41985,2
synth_42125,2
synth_42681,2
synth_42742,2
synth_42752,2
synth_42788,2
synth_43159,2
synth_43427,2
synth_43462,2
synth_43467,2
synth_43533,2
synth_43801,2
synth_43859,2
synth_44102,2
synth_44222,2
synth_44840,2
synth_44957,2
synth_45417,2
synth_45832,2
synth_46109,2
synth_46804,2
synth_46816,2
synth_47105,2
synth_47188,2
synth_47404,2
synth_47513,2
synth_47680,2
synth_48490,2
synth_48532,2
synth_48791,2
synth_49115,2
synth_49488,2
synth_49888,2
synth_36458,2
synth_37137,2
synth_37229,2
synth_38468,2
synth_39668,2
synth_39690,2
synth_39692,2
synth_39748,2
synth_40050,2
synth_40131,2
synth_42203,2
synth_42211,2
synth_42980,2
synth_44074,2
synth_46800,2
synth_47116,2
synth_47836,2
synth_47850,2
synth_47901,2
synth_37242,2
synth_37256,2
synth_37287,2
synth_38016,2
synth_38116,2
synth_38485,2
synth_38486,2
synth_38589,2
synth_38627,2
synth_38991,2
synth_39011,2
synth_39347,2
synth_39433,2
synth_39478,2
synth_39569,2
synth_39925,2
synth_41106,2
synth_41128,2
synth_41166,2
synth_41358,2
synth_41410,2
synth_41616,2
synth_41739,2
synth_41942,2
synth_42214,2
synth_43001,2
synth_43129,2
synth_43236,2
synth_43348,2
synth_43360,2
synth_43761,2
synth_44132,2
synth_44148,2
synth_44678,2
synth_44683,2
synth_45283,2
synth_45311,2
synth_45471,2
synth_46278,2
synth_46356,2
synth_46360,2
synth_46880,2
synth_47282,2
synth_47575,2
synth_48030,2
synth_48694,2
synth_48863,2
synth_48946,2
synth_48950,2
synth_49124,2
synth_49200,2
synth_49644,2
synth_49723,2
synth_37679,2
synth_38148,2
synth_38222,2
synth_39669,2
synth_39686,2
synth_41652,2
synth_42970,2
synth_44621,2
synth_46877,2
synth_47274,2
synth_47868,2
synth_47949,2
synth_49018,2
synth_49311,2
synth_49419,2
synth_35950,2
synth_36127,2
synth_36233,2
synth_36609,2
synth_37133,2
synth_37254,2
synth_37861,2
synth_37867,2
synth_38013,2
synth_38152,2
synth_39169,2
synth_40565,2
synth_40958,2
synth_41090,2
synth_41593,2
synth_42136,2
synth_42288,2
synth_42303,2
synth_42759,2
synth_42802,2
synth_43785,2
synth_44112,2
synth_44254,2
synth_44721,2
synth_44772,2
synth_44812,2
synth_45031,2
synth_45080,2
synth_45202,2
synth_45206,2
synth_45221,2
synth_45309,2
synth_45572,2
synth_45766,2
synth_46054,2
synth_46235,2
synth_46517,2
synth_47093,2
synth_47349,2
synth_47473,2
synth_47585,2
synth_48150,2
synth_48737,2
synth_48822,2
synth_49633,2
synth_49671,2
synth_49745,2
synth_49790,2
synth_49877,2
synth_49937,2
synth_49942,2
synth_38020,2
synth_40074,2
synth_41683,2
synth_42538,2
synth_42870,2
synth_42960,2
synth_43185,2
synth_43797,2
synth_44979,2
synth_45544,2
synth_45617,2
synth_45750,2
synth_46303,2
synth_46456,2
synth_46601,2
synth_47616,2
synth_47697,2
synth_47875,2
synth_48846,2
synth_49242,2
synth_49994,2
synth_35927,2
synth_36400,2
synth_36672,2
synth_37184,2
synth_37347,2
synth_37462,2
synth_37525,2
synth_37644,2
synth_37684,2
synth_38302,2
synth_39147,2
synth_39418,2
synth_39468,2
synth_40357,2
synth_40603,2
synth_40666,2
synth_40737,2
synth_40824,2
synth_40970,2
synth_42218,2
synth_43555,2
synth_43826,2
synth_43918,2
synth_44705,2
synth_44729,2
synth_45400,2
synth_45434,2
synth_46090,2
synth_46487,2
synth_46518,2
synth_47307,2
synth_47735,2
synth_48984,2
synth_49459,2
synth_36881,2
synth_36887,2
synth_36888,2
synth_37024,2
synth_38744,2
synth_38752,2
synth_38839,2
synth_39918,2
synth_42161,2
synth_42202,2
synth_44198,2
synth_45891,2
synth_46155,2
synth_47853,2
synth_49415,2
synth_35889,2
synth_36291,2
synth_36710,2
synth_37141,2
synth_37354,2
synth_37444,2
synth_37893,2
synth_38098,2
synth_38380,2
synth_40230,2
synth_40675,2
synth_40743,2
synth_40812,2
synth_40833,2
synth_40854,2
synth_41049,2
synth_41555,2
synth_42015,2
synth_42392,2
synth_42530,2
synth_43414,2
synth_43520,2
synth_44194,2
synth_44436,2
synth_44564,2
synth_44688,2
synth_44695,2
synth_44867,2
synth_45023,2
synth_45111,2
synth_45155,2
synth_45316,2
synth_45338,2
synth_45611,2
synth_45886,2
synth_46183,2
synth_46367,2
synth_46690,2
synth_47040,2
synth_47266,2
synth_47375,2
synth_48082,2
synth_48083,2
synth_48387,2
synth_48994,2
synth_49152,2
synth_49384,2
synth_49398,2
synth_49974,2
synth_37114,2
synth_38306,2
synth_39730,2
synth_39858,2
synth_40130,2
synth_41640,2
synth_42140,2
synth_42555,2
synth_43381,2
synth_44183,2
synth_45634,2
synth_45715,2
synth_45973,2
synth_46139,2
synth_46544,2
synth_46639,2
synth_47839,2
synth_48176,2
synth_48313,2
synth_48447,2
synth_35939,2
synth_36148,2
synth_36258,2
synth_36486,2
synth_36610,2
synth_37439,2
synth_37578,2
synth_37736,2
synth_37762,2
synth_37799,2
synth_37834,2
synth_38303,2
synth_38338,2
synth_38696,2
synth_39038,2
synth_39609,2
synth_39931,2
synth_40076,2
synth_40475,2
synth_40609,2
synth_40776,2
synth_41000,2
synth_41178,2
synth_41265,2
synth_41590,2
synth_41910,2
synth_41952,2
synth_42577,2
synth_42741,2
synth_42814,2
synth_43333,2
synth_43512,2
synth_43590,2
synth_43699,2
synth_43772,2
synth_44285,2
synth_44549,2
synth_44599,2
synth_44933,2
synth_45096,2
synth_45125,2
synth_45409,2
synth_45597,2
synth_46041,2
synth_46287,2
synth_47087,2
synth_47488,2
synth_48385,2
synth_48441,2
synth_48591,2
synth_49430,2
synth_49907,2
synth_36531,2
synth_36812,2
synth_36964,2
synth_42491,2
synth_43715,2
synth_46529,2
synth_46657,2
synth_46948,2
synth_47502,2
synth_47749,2
synth_47900,2
synth_48325,2
synth_48819,2
synth_36276,2
synth_36492,2
synth_37180,2
synth_37567,2
synth_38058,2
synth_38377,2
synth_38392,2
synth_38407,2
synth_38431,2
synth_38467,2
synth_38595,2
synth_38686,2
synth_38712,2
synth_39086,2
synth_39141,2
synth_39254,2
synth_40496,2
synth_40809,2
synth_41182,2
synth_41203,2
synth_41334,2
synth_42222,2
synth_42261,2
synth_42267,2
synth_43039,2
synth_43435,2
synth_43779,2
synth_44009,2
synth_44128,2
synth_44342,2
synth_44686,2
synth_45159,2
synth_45401,2
synth_45522,2
synth_45570,2
synth_45655,2
synth_45840,2
synth_46184,2
synth_46539,2
synth_46720,2
synth_47107,2
synth_47380,2
synth_47422,2
synth_47534,2
synth_47998,2
synth_48229,2
synth_49009,2
synth_49058,2
synth_49130,2
synth_49133,2
synth_49347,2
synth_37145,2
synth_37205,2
synth_37674,2
synth_38255,2
synth_39341,2
synth_40015,2
synth_41010,2
synth_41031,2
synth_42387,2
synth_42938,2
synth_44540,2
synth_45620,2
synth_46681,2
synth_46938,2
synth_47746,2
synth_48136,2
synth_48436,2
synth_48615,2
synth_49910,2
synth_35938,2
synth_36704,2
synth_37059,2
synth_37112,2
synth_37663,2
synth_38078,2
synth_38441,2
synth_38582,2
synth_38862,2
synth_38897,2
synth_39140,2
synth_39320,2
synth_39384,2
synth_39415,2
synth_39548,2
synth_40611,2
synth_40733,2
synth_40766,2
synth_41154,2
synth_41258,2
synth_41852,2
synth_42711,2
synth_42801,2
synth_43068,2
synth_43481,2
synth_43528,2
synth_44168,2
synth_44175,2
synth_44202,2
synth_44261,2
synth_44269,2
synth_44531,2
synth_44638,2
synth_44647,2
synth_45128,2
synth_45144,2
synth_45324,2
synth_45362,2
synth_46435,2
synth_46496,2
synth_46718,2
synth_47012,2
synth_47535,2
synth_47686,2
synth_47883,2
synth_49116,2
synth_49172,2
synth_49788,2
synth_49950,2
synth_36444,2
synth_36494,2
synth_37356,2
synth_37433,2
synth_37714,2
synth_38233,2
synth_38770,2
synth_38989,2
synth_42317,2
synth_42916,2
synth_43693,2
synth_43714,2
synth_44562,2
synth_46567,2
synth_46621,2
synth_46856,2
synth_46879,2
synth_46949,2
synth_47618,2
synth_47740,2
synth_47764,2
synth_48419,2
synth_48978,2
synth_49401,2
synth_49833,2
synth_36038,2
synth_36342,2
synth_36903,2
synth_36991,2
synth_37471,2
synth_37520,2
synth_37661,2
synth_37848,2
synth_38340,2
synth_38521,2
synth_39035,2
synth_39090,2
synth_39610,2
synth_40354,2
synth_41042,2
synth_41257,2
synth_41886,2
synth_41900,2
synth_42177,2
synth_42509,2
synth_43073,2
synth_43879,2
synth_44126,2
synth_44274,2
synth_44343,2
synth_44412,2
synth_44464,2
synth_44465,2
synth_44546,2
synth_44723,2
synth_44846,2
synth_45036,2
synth_45167,2
synth_45483,2
synth_45903,2
synth_46386,2
synth_46432,2
synth_47004,2
synth_47142,2
synth_47770,2
synth_47963,2
synth_48164,2
synth_48868,2
synth_48898,2
synth_48993,2
synth_49521,2
synth_49675,2
synth_49918,2
synth_36959,2
synth_37615,2
synth_38138,2
synth_40170,2
synth_41032,2
synth_42413,2
synth_42937,2
synth_45951,2
synth_46213,2
synth_46928,2
synth_47757,2
synth_47863,2
synth_48317,2
synth_48326,2
synth_49235,2
synth_49472,2
synth_35932,2
synth_36152,2
synth_36256,2
synth_36439,2
synth_36480,2
synth_37203,2
synth_37321,2
synth_38297,2
synth_38341,2
synth_38600,2
synth_39171,2
synth_39241,2
synth_39932,2
synth_40214,2
synth_40304,2
synth_40510,2
synth_40542,2
synth_40543,2
synth_40937,2
synth_41518,2
synth_41644,2
synth_42050,2
synth_42132,2
synth_42287,2
synth_42514,2
synth_42805,2
synth_43524,2
synth_43647,2
synth_43984,2
synth_44463,2
synth_44882,2
synth_45268,2
synth_45394,2
synth_45593,2
synth_45670,2
synth_45772,2
synth_46017,2
synth_47020,2
synth_47170,2
synth_47370,2
synth_47526,2
synth_47884,2
synth_48250,2
synth_48282,2
synth_48486,2
synth_48585,2
synth_49564,2
synth_36859,2
synth_36900,2
synth_37678,2
synth_38326,2
synth_38809,2
synth_38920,2
synth_44071,2
synth_46337,2
synth_46874,2
synth_48109,2
synth_48469,2
synth_48539,2
synth_48680,2
synth_49823,2
synth_49832,2
synth_36051,2
synth_36405,2
synth_37084,2
synth_37513,2
synth_38070,2
synth_38413,2
synth_38608,2
synth_38613,2
synth_38874,2
synth_38892,2
synth_39018,2
synth_39126,2
synth_39149,2
synth_39581,2
synth_39631,2
synth_40339,2
synth_41250,2
synth_41319,2
synth_41433,2
synth_41537,2
synth_41847,2
synth_41926,2
synth_41956,2
synth_42052,2
synth_42226,2
synth_42809,2
synth_43116,2
synth_43397,2
synth_43587,2
synth_43599,2
synth_43804,2
synth_44012,2
synth_44453,2
synth_44732,2
synth_45196,2
synth_46239,2
synth_47026,2
synth_47129,2
synth_47166,2
synth_47358,2
synth_47463,2
synth_47511,2
synth_47766,2
synth_47809,2
synth_48668,2
synth_48753,2
synth_48986,2
synth_49067,2
synth_49136,2
synth_49145,2
synth_49252,2
synth_49555,2
synth_49891,2
synth_49931,2
synth_36476,2
synth_36853,2
synth_37658,2
synth_38455,2
synth_38878,2
synth_39683,2
synth_40908,2
synth_46334,2
synth_46346,2
synth_46977,2
synth_47871,2
synth_47923,2
synth_48219,2
synth_48404,2
synth_48415,2
synth_48429,2
synth_49224,2
synth_35929,2
synth_35959,2
synth_36252,2
synth_36338,2
synth_37080,2
synth_37094,2
synth_37515,2
synth_37538,2
synth_38529,2
synth_38871,2
synth_39275,2
synth_39453,2
synth_39498,2
synth_39967,2
synth_40069,2
synth_40162,2
synth_40643,2
synth_40844,2
synth_41137,2
synth_41467,2
synth_41948,2
synth_42095,2
synth_43276,2
synth_43285,2
synth_43409,2
synth_43665,2
synth_44390,2
synth_44430,2
synth_44529,2
synth_45261,2
synth_45300,2
synth_45674,2
synth_46035,2
synth_46073,2
synth_46550,2
synth_47131,2
synth_47191,2
synth_47556,2
synth_48005,2
synth_48016,2
synth_48568,2
synth_48774,2
synth_49100,2
synth_49166,2
synth_49543,2
synth_49622,2
synth_49657,2
synth_49789,2
synth_36237,2
synth_37118,2
synth_38011,2
synth_38213,2
synth_38819,2
synth_39644,2
synth_40004,2
synth_40519,2
synth_41611,2
synth_42790,2
synth_43353,2
synth_44923,2
synth_44971,2
synth_45980,2
synth_46471,2
synth_46605,2
synth_46626,2
synth_47619,2
synth_47841,2
synth_47924,2
synth_47971,2
synth_48968,2
synth_49913,2
synth_35916,2
synth_36192,2
synth_36421,2
synth_36619,2
synth_37360,2
synth_37971,2
synth_37984,2
synth_38588,2
synth_38912,2
synth_39150,2
synth_39291,2
synth_39305,2
synth_39535,2
synth_39591,2
synth_39935,2
synth_40172,2
synth_40274,2
synth_40964,2
synth_41304,2
synth_41365,2
synth_41475,2
synth_41694,2
synth_42525,2
synth_42580,2
synth_42601,2
synth_42784,2
synth_43145,2
synth_43223,2
synth_43370,2
synth_43402,2
synth_43513,2
synth_43556,2
synth_43569,2
synth_43576,2
synth_43774,2
synth_43829,2
synth_44428,2
synth_45205,2
synth_45433,2
synth_45502,2
synth_45513,2
synth_45866,2
synth_46072,2
synth_46102,2
synth_46242,2
synth_47073,2
synth_47278,2
synth_47320,2
synth_47654,2
synth_47891,2
synth_48069,2
synth_49249,2
synth_49438,2
synth_49516,2
synth_49548,2
synth_49669,2
synth_49984,2
synth_36455,2
synth_36566,2
synth_36879,2
synth_36915,2
synth_36935,2
synth_38128,2
synth_38758,2
synth_39318,2
synth_39788,2
synth_45778,2
synth_45941,2
synth_35994,2
synth_37195,2
synth_37303,2
synth_38086,2
synth_38337,2
synth_38541,2
synth_39014,2
synth_39215,2
synth_39323,2
synth_39408,2
synth_39499,2
synth_40559,2
synth_40613,2
synth_41241,2
synth_41545,2
synth_41904,2
synth_42129,2
synth_42380,2
synth_42611,2
synth_42650,2
synth_43031,2
synth_43199,2
synth_43514,2
synth_43685,2
synth_43889,2
synth_43959,2
synth_44195,2
synth_44337,2
synth_44468,2
synth_45313,2
synth_45651,2
synth_46391,2
synth_46483,2
synth_46744,2
synth_47341,2
synth_47446,2
synth_47989,2
synth_48184,2
synth_48341,2
synth_49034,2
synth_49093,2
synth_49106,2
synth_49288,2
synth_49393,2
synth_49601,2
synth_49608,2
synth_49639,2
synth_49722,2
synth_49859,2
synth_36574,2
synth_36902,2
synth_39337,2
synth_42207,2
synth_42373,2
synth_42991,2
synth_43208,2
synth_44301,2
synth_44730,2
synth_45554,2
synth_46344,2
synth_46581,2
synth_46947,2
synth_47479,2
synth_47623,2
synth_48418,2
synth_48614,2
synth_48997,2
synth_49139,2
synth_49317,2
synth_36105,2
synth_36191,2
synth_36214,2
synth_36375,2
synth_36394,2
synth_37201,2
synth_37345,2
synth_37745,2
synth_38737,2
synth_38896,2
synth_39059,2
synth_39070,2
synth_39180,2
synth_39244,2
synth_39385,2
synth_39838,2
synth_40221,2
synth_40406,2
synth_40890,2
synth_42090,2
synth_43167,2
synth_43639,2
synth_44460,2
synth_44515,2
synth_44666,2
synth_44748,2
synth_44797,2
synth_44935,2
synth_45044,2
synth_45077,2
synth_45209,2
synth_45350,2
synth_45365,2
synth_45408,2
synth_45682,2
synth_46007,2
synth_46244,2
synth_46712,2
synth_47090,2
synth_47646,2
synth_47685,2
synth_48028,2
synth_48100,2
synth_48193,2
synth_48478,2
synth_48497,2
synth_48678,2
synth_49094,2
synth_49134,2
synth_49239,2
synth_49287,2
synth_36197,2
synth_37125,2
synth_37134,2
synth_37707,2
synth_37923,2
synth_38258,2
synth_38922,2
synth_39139,2
synth_39775,2
synth_40190,2
synth_42793,2
synth_42946,2
synth_43105,2
synth_43309,2
synth_43311,2
synth_45625,2
synth_45706,2
synth_46130,2
synth_46144,2
synth_46634,2
synth_47628,2
synth_49276,2
synth_49400,2
synth_49581,2
synth_49801,2
synth_36157,2
synth_36174,2
synth_37063,2
synth_37441,2
synth_37803,2
synth_38055,2
synth_39027,2
synth_39218,2
synth_39234,2
synth_39313,2
synth_39451,2
synth_39836,2
synth_40174,2
synth_40480,2
synth_40508,2
synth_40832,2
synth_40877,2
synth_40893,2
synth_40965,2
synth_41216,2
synth_41550,2
synth_41658,2
synth_41839,2
synth_42046,2
synth_42281,2
synth_42771,2
synth_42812,2
synth_43224,2
synth_43439,2
synth_43516,2
synth_43684,2
synth_43764,2
synth_44309,2
synth_44452,2
synth_45162,2
synth_45229,2
synth_45337,2
synth_46440,2
synth_46489,2
synth_46747,2
synth_47000,2
synth_47591,2
synth_48056,2
synth_48345,2
synth_48940,2
synth_49178,2
synth_49528,2
synth_49779,2
synth_49920,2
synth_37208,2
synth_37837,2
synth_38647,2
synth_38814,2
synth_39137,2
synth_39269,2
synth_39752,2
synth_42552,2
synth_42840,2
synth_42996,2
synth_44973,2
synth_45756,2
synth_45986,2
synth_46564,2
synth_46583,2
synth_47813,2
synth_47974,2
synth_48625,2
synth_48803,2
synth_36520,2
synth_36523,2
synth_37251,2
synth_37536,2
synth_37731,2
synth_38503,2
synth_38593,2
synth_38688,2
synth_38733,2
synth_39039,2
synth_39348,2
synth_39507,2
synth_40426,2
synth_40429,2
synth_40560,2
synth_40632,2
synth_40866,2
synth_40992,2
synth_41077,2
synth_41283,2
synth_41396,2
synth_41569,2
synth_41925,2
synth_42043,2
synth_42138,2
synth_42426,2
synth_43004,2
synth_43212,2
synth_44115,2
synth_44482,2
synth_45066,2
synth_45126,2
synth_45198,2
synth_45383,2
synth_45388,2
synth_45528,2
synth_45680,2
synth_45804,2
synth_46091,2
synth_46503,2
synth_46516,2
synth_46661,2
synth_47041,2
synth_47316,2
synth_47352,2
synth_47510,2
synth_47528,2
synth_47573,2
synth_47606,2
synth_47652,2
synth_48076,2
synth_48496,2
synth_49202,2
synth_36770,2
synth_36813,2
synth_36966,2
synth_36977,2
synth_38750,2
synth_39780,2
synth_40151,2
synth_42448,2
synth_42848,2
synth_42981,2
synth_43282,2
synth_45946,2
synth_46623,2
synth_47669,2
synth_47689,2
synth_48310,2
synth_48402,2
synth_36088,2
synth_36133,2
synth_36207,2
synth_36402,2
synth_37186,2
synth_37306,2
synth_37342,2
synth_37685,2
synth_37769,2
synth_37798,2
synth_38065,2
synth_38092,2
synth_38221,2
synth_38263,2
synth_38424,2
synth_38685,2
synth_39052,2
synth_39075,2
synth_39810,2
synth_40333,2
synth_40440,2
synth_40847,2
synth_40861,2
synth_40957,2
synth_40962,2
synth_41296,2
synth_41350,2
synth_41627,2
synth_41811,2
synth_42067,2
synth_42455,2
synth_43029,2
synth_43234,2
synth_43442,2
synth_43508,2
synth_43510,2
synth_43609,2
synth_44014,2
synth_44312,2
synth_44370,2
synth_44434,2
synth_44458,2
synth_44598,2
synth_44954,2
synth_45037,2
synth_45389,2
synth_45422,2
synth_45612,2
synth_45664,2
synth_45846,2
synth_46071,2
synth_47125,2
synth_47391,2
synth_47398,2
synth_47626,2
synth_47892,2
synth_48092,2
synth_48121,2
synth_48607,2
synth_48659,2
synth_49102,2
synth_49728,2
synth_49828,2
synth_36891,2
synth_37106,2
synth_37355,2
synth_37667,2
synth_38643,2
synth_39656,2
synth_39708,2
synth_39740,2
synth_40749,2
synth_44143,2
synth_44601,2
synth_45626,2
synth_45745,2
synth_46783,2
synth_46929,2
synth_47419,2
synth_47855,2
synth_48209,2
synth_48529,2
synth_48610,2
synth_35973,2
synth_36221,2
synth_36760,2
synth_37579,2
synth_37759,2
synth_37784,2
synth_37911,2
synth_38097,2
synth_38554,2
synth_39023,2
synth_39293,2
synth_40443,2
synth_40463,2
synth_40871,2
synth_40976,2
synth_41479,2
synth_41556,2
synth_41765,2
synth_42722,2
synth_42757,2
synth_43089,2
synth_43902,2
synth_43975,2
synth_44754,2
synth_44928,2
synth_45233,2
synth_45270,2
synth_45529,2
synth_45549,2
synth_46037,2
synth_46050,2
synth_46903,2
synth_47049,2
synth_47483,2
synth_47795,2
synth_47819,2
synth_48068,2
synth_48130,2
synth_48235,2
synth_49081,2
synth_49099,2
synth_49101,2
synth_49322,2
synth_49653,2
synth_49764,2
synth_49868,2
synth_49933,2
synth_36568,2
synth_36581,2
synth_36677,2
synth_36876,2
synth_37925,2
synth_38927,2
synth_39662,2
synth_39884,2
synth_40027,2
synth_41931,2
synth_42851,2
synth_42878,2
synth_42898,2
synth_42977,2
synth_43060,2
synth_46413,2
synth_46630,2
synth_46646,2
synth_47695,2
synth_47917,2
synth_48663,2
synth_49281,2
synth_49314,2
synth_49495,2
synth_35935,2
synth_35981,2
synth_35993,2
synth_36267,2
synth_36829,2
synth_36837,2
synth_37767,2
synth_38498,2
synth_38561,2
synth_38894,2
synth_39168,2
synth_40097,2
synth_40432,2
synth_40460,2
synth_40592,2
synth_40597,2
synth_40658,2
synth_40673,2
synth_41992,2
synth_42617,2
synth_42635,2
synth_42672,2
synth_42824,2
synth_43043,2
synth_43153,2
synth_43331,2
synth_43338,2
synth_43628,2
synth_43678,2
synth_43745,2
synth_43770,2
synth_43886,2
synth_44032,2
synth_44088,2
synth_44362,2
synth_46256,2
synth_46520,2
synth_47185,2
synth_47253,2
synth_47332,2
synth_47430,2
synth_47663,2
synth_48242,2
synth_48762,2
synth_48878,2
synth_48967,2
synth_49105,2
synth_49112,2
synth_49825,2
synth_36131,2
synth_36508,2
synth_37022,2
synth_38239,2
synth_38461,2
synth_40268,2
synth_42379,2
synth_45935,2
synth_46222,2
synth_46336,2
synth_46997,2
synth_47443,2
synth_47518,2
synth_47546,2
synth_47916,2
synth_48913,2
synth_49830,2
synth_35936,2
synth_36204,2
synth_36290,2
synth_36429,2
synth_37095,2
synth_37572,2
synth_37671,2
synth_37766,2
synth_38545,2
synth_38687,2
synth_38886,2
synth_39044,2
synth_39282,2
synth_39417,2
synth_39477,2
synth_39602,2
synth_39929,2
synth_40623,2
synth_41149,2
synth_41288,2
synth_41373,2
synth_41415,2
synth_42056,2
synth_42242,2
synth_42381,2
synth_42707,2
synth_43376,2
synth_43621,2
synth_43932,2
synth_44231,2
synth_44659,2
synth_44662,2
synth_44717,2
synth_45042,2
synth_45088,2
synth_45181,2
synth_45245,2
synth_45346,2
synth_46036,2
synth_46095,2
synth_46434,2
synth_47138,2
synth_47324,2
synth_47400,2
synth_47775,2
synth_48254,2
synth_49174,2
synth_49342,2
synth_49432,2
synth_49505,2
synth_49518,2
synth_36535,2
synth_37015,2
synth_37115,2
synth_37652,2
synth_38462,2
synth_38724,2
synth_39753,2
synth_40093,2
synth_40116,2
synth_40155,2
synth_43123,2
synth_43131,2
synth_43986,2
synth_45787,2
synth_45993,2
synth_46317,2
synth_46342,2
synth_46552,2
synth_47947,2
synth_48850,2
synth_48918,2
synth_48934,2
synth_49014,2
synth_49226,2
synth_49303,2
synth_49407,2
synth_35940,2
synth_35990,2
synth_36001,2
synth_36201,2
synth_36377,2
synth_36557,2
synth_37087,2
synth_37290,2
synth_37313,2
synth_37482,2
synth_37494,2
synth_37535,2
synth_37570,2
synth_37704,2
synth_38375,2
synth_38697,2
synth_38870,2
synth_39539,2
synth_39559,2
synth_39579,2
synth_39995,2
synth_40232,2
synth_40293,2
synth_40570,2
synth_40865,2
synth_41247,2
synth_41439,2
synth_41452,2
synth_41943,2
synth_42268,2
synth_42305,2
synth_42453,2
synth_42626,2
synth_42704,2
synth_43225,2
synth_43344,2
synth_43615,2
synth_43634,2
synth_43977,2
synth_44247,2
synth_44296,2
synth_44421,2
synth_44485,2
synth_44774,2
synth_44813,2
synth_44847,2
synth_45152,2
synth_45380,2
synth_45643,2
synth_46258,2
synth_46480,2
synth_47034,2
synth_47048,2
synth_47305,2
synth_47464,2
synth_47670,2
synth_48025,2
synth_48049,2
synth_48210,2
synth_48380,2
synth_48582,2
synth_49083,2
synth_49758,2
synth_36309,2
synth_36676,2
synth_36740,2
synth_37009,2
synth_38826,2
synth_39676,2
synth_40024,2
synth_40629,2
synth_40696,2
synth_42011,2
synth_42359,2
synth_42853,2
synth_44983,2
synth_46178,2
synth_46274,2
synth_46692,2
synth_46854,2
synth_47705,2
synth_47812,2
synth_48395,2
synth_48627,2
synth_35957,2
synth_36025,2
synth_36243,2
synth_36395,2
synth_36427,2
synth_37069,2
synth_37193,2
synth_37698,2
synth_38549,2
synth_38790,2
synth_38831,2
synth_38884,2
synth_38973,2
synth_39124,2
synth_39189,2
synth_39261,2
synth_39443,2
synth_39630,2
synth_39901,2
synth_40175,2
synth_40323,2
synth_40492,2
synth_40779,2
synth_40835,2
synth_41138,2
synth_41359,2
synth_41688,2
synth_41851,2
synth_41909,2
synth_41967,2
synth_42517,2
synth_42642,2
synth_42644,2
synth_43210,2
synth_43850,2
synth_44187,2
synth_44237,2
synth_44357,2
synth_44699,2
synth_45195,2
synth_45385,2
synth_45520,2
synth_45927,2
synth_45928,2
synth_46481,2
synth_46822,2
synth_47217,2
synth_48061,2
synth_48127,2
synth_48298,2
synth_49463,2
synth_49615,2
synth_49964,2
synth_39627,2
synth_42212,2
synth_42328,2
synth_42950,2
synth_42997,2
synth_43300,2
synth_44116,2
synth_46271,2
synth_46313,2
synth_46316,2
synth_46322,2
synth_46969,2
synth_47821,2
synth_48379,2
synth_48508,2
synth_49852,2
synth_36009,2
synth_36423,2
synth_36470,2
synth_37150,2
synth_37504,2
synth_37876,2
synth_37900,2
synth_38122,2
synth_38287,2
synth_38317,2
synth_38693,2
synth_38810,2
synth_39316,2
synth_39598,2
synth_40359,2
synth_40441,2
synth_40511,2
synth_40547,2
synth_40932,2
synth_41429,2
synth_41643,2
synth_42075,2
synth_43027,2
synth_43506,2
synth_43567,2
synth_43732,2
synth_43978,2
synth_44007,2
synth_44103,2
synth_44204,2
synth_44212,2
synth_44615,2
synth_44713,2
synth_44833,2
synth_44927,2
synth_44938,2
synth_45118,2
synth_45173,2
synth_45180,2
synth_45476,2
synth_45511,2
synth_45519,2
synth_45650,2
synth_46028,2
synth_46100,2
synth_46679,2
synth_46689,2
synth_46893,2
synth_47080,2
synth_47650,2
synth_49113,2
synth_49460,2
synth_49928,2
synth_36285,2
synth_36857,2
synth_37924,2
synth_39722,2
synth_40196,2
synth_40276,2
synth_40681,2
synth_42993,2
synth_43694,2
synth_44561,2
synth_44918,2
synth_46171,2
synth_46200,2
synth_46261,2
synth_46770,2
synth_48314,2
synth_49477,2
synth_36413,2
synth_36426,2
synth_36513,2
synth_37258,2
synth_37344,2
synth_37385,2
synth_37737,2
synth_37758,2
synth_38029,2
synth_38110,2
synth_38363,2
synth_39176,2
synth_39355,2
synth_39411,2
synth_39459,2
synth_39462,2
synth_40301,2
synth_40494,2
synth_40790,2
synth_40867,2
synth_40951,2
synth_41352,2
synth_41404,2
synth_41478,2
synth_41618,2
synth_42122,2
synth_42395,2
synth_42623,2
synth_43591,2
synth_43958,2
synth_44304,2
synth_44427,2
synth_44568,2
synth_44825,2
synth_44967,2
synth_45957,2
synth_46065,2
synth_46843,2
synth_47259,2
synth_47299,2
synth_47346,2
synth_47540,2
synth_48012,2
synth_48013,2
synth_48188,2
synth_48195,2
synth_48451,2
synth_48711,2
synth_48907,2
synth_48943,2
synth_49055,2
synth_49078,2
synth_49107,2
synth_49748,2
synth_49760,2
synth_49968,2
synth_36745,2
synth_36926,2
synth_36975,2
synth_38641,2
synth_38828,2
synth_38930,2
synth_38947,2
synth_40030,2
synth_40914,2
synth_43080,2
synth_43382,2
synth_44963,2
synth_46616,2
synth_47857,2
synth_48957,2
synth_49223,2
synth_49301,2
synth_49999,2
synth_37778,2
synth_38075,2
synth_38292,2
synth_38401,2
synth_38655,2
synth_38856,2
synth_38901,2
synth_39088,2
synth_39109,2
synth_39571,2
synth_39948,2
synth_40610,2
synth_40936,2
synth_41132,2
synth_41181,2
synth_41210,2
synth_41338,2
synth_41686,2
synth_41981,2
synth_42232,2
synth_42481,2
synth_42486,2
synth_43038,2
synth_43053,2
synth_43171,2
synth_43287,2
synth_43425,2
synth_43473,2
synth_44111,2
synth_44267,2
synth_44416,2
synth_44636,2
synth_44749,2
synth_45199,2
synth_45347,2
synth_45472,2
synth_45649,2
synth_46061,2
synth_46237,2
synth_47070,2
synth_47578,2
synth_47885,2
synth_48251,2
synth_49062,2
synth_49122,2
synth_49155,2
synth_49185,2
synth_49190,2
synth_49203,2
synth_49510,2
synth_36096,2
synth_37016,2
synth_37817,2
synth_38178,2
synth_39695,2
synth_39888,2
synth_39891,2
synth_41511,2
synth_41660,2
synth_42931,2
synth_43122,2
synth_45677,2
synth_45733,2
synth_46226,2
synth_46571,2
synth_46572,2
synth_46956,2
synth_46966,2
synth_48367,2
synth_48413,2
synth_48685,2
synth_48919,2
synth_49708,2
synth_35983,2
synth_36016,2
synth_36416,2
synth_36604,2
synth_36620,2
synth_36719,2
synth_37048,2
synth_37049,2
synth_37200,2
synth_37559,2
synth_37786,2
synth_37878,2
synth_38115,2
synth_38833,2
synth_38902,2
synth_38975,2
synth_39288,2
synth_39336,2
synth_39560,2
synth_39936,2
synth_40404,2
synth_40433,2
synth_40522,2
synth_40642,2
synth_41626,2
synth_42117,2
synth_42404,2
synth_42436,2
synth_42618,2
synth_42648,2
synth_43172,2
synth_43363,2
synth_43469,2
synth_43644,2
synth_43863,2
synth_44026,2
synth_44503,2
synth_44651,2
synth_44747,2
synth_45085,2
synth_45255,2
synth_45357,2
synth_45794,2
synth_46049,2
synth_46106,2
synth_47687,2
synth_47767,2
synth_47783,2
synth_48576,2
synth_49075,2
synth_49265,2
synth_49286,2
synth_49353,2
synth_49363,2
synth_49658,2
synth_49678,2
synth_49694,2
synth_49915,2
synth_36287,2
synth_36556,2
synth_36773,2
synth_38216,2
synth_38319,2
synth_38760,2
synth_39736,2
synth_41581,2
synth_42010,2
synth_42175,2
synth_42534,2
synth_42535,2
synth_42553,2
synth_42909,2
synth_44555,2
synth_45871,2
synth_46772,2
synth_47207,2
synth_47622,2
synth_47833,2
synth_48355,2
synth_48617,2
synth_48632,2
synth_48708,2
synth_36006,2
synth_36173,2
synth_36280,2
synth_36482,2
synth_36818,2
synth_37528,2
synth_38523,2
synth_38524,2
synth_39024,2
synth_39368,2
synth_40405,2
synth_40457,2
synth_40804,2
synth_40851,2
synth_40897,2
synth_40933,2
synth_40983,2
synth_41366,2
synth_42066,2
synth_42085,2
synth_42092,2
synth_42402,2
synth_42438,2
synth_42590,2
synth_42889,2
synth_43321,2
synth_43492,2
synth_43687,2
synth_43925,2
synth_44232,2
synth_44801,2
synth_45356,2
synth_45508,2
synth_45858,2
synth_46026,2
synth_47095,2
synth_47143,2
synth_47201,2
synth_47384,2
synth_48059,2
synth_48099,2
synth_48131,2
synth_48237,2
synth_48255,2
synth_49176,2
synth_49433,2
synth_49549,2
synth_49550,2
synth_49829,2
synth_36227,2
synth_36442,2
synth_36507,2
synth_37637,2
synth_39878,2
synth_40017,2
synth_42856,2
synth_42967,2
synth_43209,2
synth_45633,2
synth_45728,2
synth_46555,2
synth_46594,2
synth_46959,2
synth_47801,2
synth_47873,2
synth_48709,2
synth_49486,2
synth_35976,2
synth_36624,2
synth_37142,2
synth_37279,2
synth_37885,2
synth_38047,2
synth_38516,2
synth_39190,2
synth_39413,2
synth_39719,2
synth_39834,2
synth_39979,2
synth_40591,2
synth_40699,2
synth_40746,2
synth_40846,2
synth_41192,2
synth_42640,2
synth_42756,2
synth_42787,2
synth_42837,2
synth_43279,2
synth_43371,2
synth_43807,2
synth_44061,2
synth_44113,2
synth_44279,2
synth_44518,2
synth_44649,2
synth_44873,2
synth_45041,2
synth_45217,2
synth_45355,2
synth_45420,2
synth_45819,2
synth_46038,2
synth_46056,2
synth_46070,2
synth_46403,2
synth_47194,2
synth_47451,2
synth_48734,2
synth_48941,2
synth_49457,2
synth_36459,2
synth_36841,2
synth_37039,2
synth_37935,2
synth_37962,2
synth_39063,2
synth_39778,2
synth_40716,2
synth_41500,2
synth_42315,2
synth_42628,2
synth_44160,2
synth_45776,2
synth_46302,2
synth_46580,2
synth_47678,2
synth_47723,2
synth_47919,2
synth_48420,2
synth_48537,2
synth_48704,2
synth_48885,2
synth_48924,2
synth_37217,2
synth_37230,2
synth_37294,2
synth_37812,2
synth_38004,2
synth_38023,2
synth_39296,2
synth_39445,2
synth_39511,2
synth_40240,2
synth_40563,2
synth_40830,2
synth_41111,2
synth_41177,2
synth_41270,2
synth_41353,2
synth_41525,2
synth_41691,2
synth_42053,2
synth_42425,2
synth_42466,2
synth_42571,2
synth_42603,2
synth_42612,2
synth_42800,2
synth_43366,2
synth_43560,2
synth_43815,2
synth_43904,2
synth_44008,2
synth_44215,2
synth_44255,2
synth_45327,2
synth_45334,2
synth_45553,2
synth_45830,2
synth_46707,2
synth_47345,2
synth_47665,2
synth_48039,2
synth_48041,2
synth_48292,2
synth_48858,2
synth_49053,2
synth_49298,2
synth_49354,2
synth_49695,2
synth_49988,2
synth_36658,2
synth_36696,2
synth_36755,2
synth_36757,2
synth_36820,2
synth_37126,2
synth_37713,2
synth_38764,2
synth_40031,2
synth_40526,2
synth_42033,2
synth_42927,2
synth_42962,2
synth_43387,2
synth_45744,2
synth_46148,2
synth_46897,2
synth_48139,2
synth_48646,2
synth_48955,2
synth_49232,2
synth_49471,2
synth_36682,2
synth_36909,2
synth_37174,2
synth_37236,2
synth_37278,2
synth_37424,2
synth_37505,2
synth_37586,2
synth_37590,2
synth_37703,2
synth_37920,2
synth_38100,2
synth_38635,2
synth_38695,2
synth_38913,2
synth_38976,2
synth_39365,2
synth_39442,2
synth_39633,2
synth_39634,2
synth_39849,2
synth_40351,2
synth_40944,2
synth_41480,2
synth_41506,2
synth_41698,2
synth_41700,2
synth_41800,2
synth_42691,2
synth_42701,2
synth_43136,2
synth_43168,2
synth_43379,2
synth_43698,2
synth_43782,2
synth_44104,2
synth_44108,2
synth_44178,2
synth_44307,2
synth_44432,2
synth_44956,2
synth_45078,2
synth_45183,2
synth_45667,2
synth_45668,2
synth_46498,2
synth_47140,2
synth_47147,2
synth_47162,2
synth_47435,2
synth_49250,2
synth_49378,2
synth_49631,2
synth_49656,2
synth_36580,2
synth_36655,2
synth_37045,2
synth_38703,2
synth_38786,2
synth_40515,2
synth_44075,2
synth_44922,2
synth_44981,2
synth_45720,2
synth_45984,2
synth_46463,2
synth_47742,2
synth_48880,2
synth_49703,2
synth_36182,2
synth_36220,2
synth_36510,2
synth_36817,2
synth_37314,2
synth_37416,2
synth_37539,2
synth_37921,2
synth_37990,2
synth_38274,2
synth_38331,2
synth_38383,2
synth_39485,2
synth_39832,2
synth_39927,2
synth_40094,2
synth_40167,2
synth_40177,2
synth_40408,2
synth_40612,2
synth_41064,2
synth_42045,2
synth_42283,2
synth_42405,2
synth_42480,2
synth_42560,2
synth_43008,2
synth_43564,2
synth_44127,2
synth_44303,2
synth_45015,2
synth_45079,2
synth_45151,2
synth_46078,2
synth_46479,2
synth_46805,2
synth_46888,2
synth_47079,2
synth_47369,2
synth_47408,2
synth_47952,2
synth_48014,2
synth_48048,2
synth_48350,2
synth_48503,2
synth_49060,2
synth_49085,2
synth_49576,2
synth_49809,2
synth_36965,2
synth_37396,2
synth_37947,2
synth_38644,2
synth_38719,2
synth_38743,2
synth_38783,2
synth_39648,2
synth_40479,2
synth_41662,2
synth_42014,2
synth_42529,2
synth_45638,2
synth_45704,2
synth_45956,2
synth_46449,2
synth_47442,2
synth_47444,2
synth_48727,2
synth_48909,2
synth_49701,2
synth_36004,2
synth_36215,2
synth_36332,2
synth_36385,2
synth_36425,2
synth_36815,2
synth_37130,2
synth_37440,2
synth_37496,2
synth_37734,2
synth_39036,2
synth_39486,2
synth_39490,2
synth_39582,2
synth_40401,2
synth_40453,2
synth_40863,2
synth_41310,2
synth_41528,2
synth_41720,2
synth_41890,2
synth_42484,2
synth_42749,2
synth_43137,2
synth_43256,2
synth_43261,2
synth_43426,2
synth_43562,2
synth_43623,2
synth_44623,2
synth_45000,2
synth_45020,2
synth_45375,2
synth_47008,2
synth_47016,2
synth_47086,2
synth_47146,2
synth_47421,2
synth_47560,2
synth_47577,2
synth_48055,2
synth_48198,2
synth_48220,2
synth_48222,2
synth_48455,2
synth_48564,2
synth_48779,2
synth_48877,2
synth_48985,2
synth_49600,2
synth_49798,2
synth_49971,2
synth_36076,2
synth_36141,2
synth_40071,2
synth_40708,2
synth_40712,2
synth_44942,2
synth_46212,2
synth_46730,2
synth_46801,2
synth_46963,2
synth_47918,2
synth_48376,2
synth_48936,2
synth_49312,2
synth_36144,2
synth_37027,2
synth_37068,2
synth_37216,2
synth_37269,2
synth_37670,2
synth_37888,2
synth_38009,2
synth_38093,2
synth_38160,2
synth_38617,2
synth_38631,2
synth_39375,2
synth_39522,2
synth_40231,2
synth_40672,2
synth_40978,2
synth_41071,2
synth_41201,2
synth_41384,2
synth_41449,2
synth_41498,2
synth_41860,2
synth_41914,2
synth_42258,2
synth_43674,2
synth_43748,2
synth_43933,2
synth_43954,2
synth_44060,2
synth_44221,2
synth_44654,2
synth_44706,2
synth_45049,2
synth_45100,2
synth_46067,2
synth_46193,2
synth_46306,2
synth_47257,2
synth_47277,2
synth_48108,2
synth_48111,2
synth_48363,2
synth_48688,2
synth_48879,2
synth_49182,2
synth_49437,2
synth_49574,2
synth_36447,2
synth_36629,2
synth_36673,2
synth_36674,2
synth_36831,2
synth_37035,2
synth_37164,2
synth_38339,2
synth_40698,2
synth_42492,2
synth_43121,2
synth_45961,2
synth_46542,2
synth_46791,2
synth_46998,2
synth_47847,2
synth_47877,2
synth_35945,2
synth_35965,2
synth_36347,2
synth_36599,2
synth_37367,2
synth_37381,2
synth_37469,2
synth_38142,2
synth_38273,2
synth_38373,2
synth_38568,2
synth_39048,2
synth_39204,2
synth_39231,2
synth_39903,2
synth_40271,2
synth_40557,2
synth_41024,2
synth_41337,2
synth_41888,2
synth_42269,2
synth_42434,2
synth_42581,2
synth_43372,2
synth_43529,2
synth_43614,2
synth_43972,2
synth_43992,2
synth_44033,2
synth_44065,2
synth_44488,2
synth_44764,2
synth_44775,2
synth_44781,2
synth_44958,2
synth_45087,2
synth_45265,2
synth_45343,2
synth_46406,2
synth_47348,2
synth_47406,2
synth_47468,2
synth_47777,2
synth_48226,2
synth_49267,2
synth_36972,2
synth_36974,2
synth_38146,2
synth_38149,2
synth_38708,2
synth_39160,2
synth_39737,2
synth_40125,2
synth_41784,2
synth_43306,2
synth_47730,2
synth_47843,2
synth_48138,2
synth_48414,2
synth_48915,2
synth_49212,2
synth_36085,2
synth_36623,2
synth_36735,2
synth_36750,2
synth_37446,2
synth_37862,2
synth_38332,2
synth_38812,2
synth_39134,2
synth_39173,2
synth_39438,2
synth_39449,2
synth_39460,2
synth_40243,2
synth_41389,2
synth_41589,2
synth_41989,2
synth_42084,2
synth_42137,2
synth_42593,2
synth_42659,2
synth_42729,2
synth_42765,2
synth_43093,2
synth_43645,2
synth_43836,2
synth_43942,2
synth_44107,2
synth_44152,2
synth_44266,2
synth_44522,2
synth_44559,2
synth_44634,2
synth_44904,2
synth_45107,2
synth_45393,2
synth_45404,2
synth_45672,2
synth_45685,2
synth_45695,2
synth_45900,2
synth_46058,2
synth_46549,2
synth_46719,2
synth_46844,2
synth_47794,2
synth_49201,2
synth_49262,2
synth_49731,2
synth_49865,2
synth_36223,2
synth_36527,2
synth_37034,2
synth_37825,2
synth_38328,2
synth_39636,2
synth_40013,2
synth_40036,2
synth_40060,2
synth_42536,2
synth_42557,2
synth_43081,2
synth_43085,2
synth_43690,2
synth_45623,2
synth_46143,2
synth_47477,2
synth_48169,2
synth_49245,2
synth_49902,2
synth_35894,2
synth_35913,2
synth_36068,2
synth_36100,2
synth_36234,2
synth_36333,2
synth_36690,2
synth_37452,2
synth_37705,2
synth_37726,2
synth_37896,2
synth_38094,2
synth_38379,2
synth_38636,2
synth_39009,2
synth_39156,2
synth_39194,2
synth_39452,2
synth_39509,2
synth_39632,2
synth_40043,2
synth_40226,2
synth_40345,2
synth_40488,2
synth_40599,2
synth_40650,2
synth_40661,2
synth_40725,2
synth_41015,2
synth_41053,2
synth_41750,2
synth_41868,2
synth_41917,2
synth_42083,2
synth_42126,2
synth_42859,2
synth_43401,2
synth_43479,2
synth_43500,2
synth_43588,2
synth_43913,2
synth_43941,2
synth_44080,2
synth_44265,2
synth_44604,2
synth_45182,2
synth_45186,2
synth_46112,2
synth_48166,2
synth_48196,2
synth_48258,2
synth_48352,2
synth_48710,2
synth_48757,2
synth_49269,2
synth_49395,2
synth_49844,2
synth_36289,2
synth_36797,2
synth_37941,2
synth_38276,2
synth_39798,2
synth_40084,2
synth_40124,2
synth_40194,2
synth_40685,2
synth_42176,2
synth_42547,2
synth_42954,2
synth_45731,2
synth_46528,2
synth_46927,2
synth_46967,2
synth_46996,2
synth_47832,2
synth_47920,2
synth_35979,2
synth_36293,2
synth_36737,2
synth_37270,2
synth_38033,2
synth_38140,2
synth_38382,2
synth_38625,2
synth_39000,2
synth_39827,2
synth_40398,2
synth_40419,2
synth_40573,2
synth_40668,2
synth_41129,2
synth_41152,2
synth_41209,2
synth_41240,2
synth_41536,2
synth_41642,2
synth_42544,2
synth_42789,2
synth_43147,2
synth_43269,2
synth_43642,2
synth_44490,2
synth_44572,2
synth_44969,2
synth_45129,2
synth_45381,2
synth_45435,2
synth_46114,2
synth_46510,2
synth_46806,2
synth_47343,2
synth_47569,2
synth_47666,2
synth_47791,2
synth_48732,2
synth_48831,2
synth_49509,2
synth_38740,2
synth_39704,2
synth_40115,2
synth_42915,2
synth_43133,2
synth_43200,2
synth_44600,2
synth_45710,2
synth_45718,2
synth_46167,2
synth_46910,2
synth_47721,2
synth_49484,2
synth_35948,2
synth_35963,2
synth_36059,2
synth_36142,2
synth_36179,2
synth_36235,2
synth_36983,2
synth_37089,2
synth_37875,2
synth_38314,2
synth_38963,2
synth_38966,2
synth_39290,2
synth_39388,2
synth_39421,2
synth_39951,2
synth_40045,2
synth_40275,2
synth_41399,2
synth_42051,2
synth_42570,2
synth_42684,2
synth_42710,2
synth_42724,2
synth_43050,2
synth_43335,2
synth_43522,2
synth_43635,2
synth_44473,2
synth_44510,2
synth_44609,2
synth_45092,2
synth_45280,2
synth_45298,2
synth_45949,2
synth_46484,2
synth_47076,2
synth_47078,2
synth_47179,2
synth_47387,2
synth_47402,2
synth_47639,2
synth_47682,2
synth_48007,2
synth_48483,2
synth_49229,2
synth_49335,2
synth_49364,2
synth_49613,2
synth_36756,2
synth_38144,2
synth_39083,2
synth_39731,2
synth_40019,2
synth_40088,2
synth_40101,2
synth_43062,2
synth_43392,2
synth_45801,2
synth_45942,2
synth_46865,2
synth_47929,2
synth_48412,2
synth_48519,2
synth_50000,2
synth_36129,2
synth_36314,2
synth_37289,2
synth_37497,2
synth_37621,2
synth_37717,2
synth_37741,2
synth_38052,2
synth_38113,2
synth_38170,2
synth_38381,2
synth_38473,2
synth_38846,2
synth_38885,2
synth_39032,2
synth_39130,2
synth_39255,2
synth_39405,2
synth_39515,2
synth_39575,2
synth_39580,2
synth_39820,2
synth_40551,2
synth_40678,2
synth_40885,2
synth_40969,2
synth_40977,2
synth_40995,2
synth_41028,2
synth_41160,2
synth_41805,2
synth_42087,2
synth_42196,2
synth_42280,2
synth_42651,2
synth_43002,2
synth_43173,2
synth_43354,2
synth_43368,2
synth_43416,2
synth_43547,2
synth_43806,2
synth_44435,2
synth_45279,2
synth_45318,2
synth_45331,2
synth_45371,2
synth_45802,2
synth_45853,2
synth_46057,2
synth_46811,2
synth_47112,2
synth_47634,2
synth_47951,2
synth_48031,2
synth_48192,2
synth_48268,2
synth_48276,2
synth_48592,2
synth_48693,2
synth_49209,2
synth_49464,2
synth_49556,2
synth_49640,2
synth_49963,2
synth_36880,2
synth_37334,2
synth_40110,2
synth_40144,2
synth_41771,2
synth_42895,2
synth_43191,2
synth_44300,2
synth_46733,2
synth_46904,2
synth_48118,2
synth_48516,2
synth_49005,2
synth_36023,2
synth_36616,2
synth_37202,2
synth_37348,2
synth_37450,2
synth_37581,2
synth_38090,2
synth_39034,2
synth_39439,2
synth_39441,2
synth_39572,2
synth_39933,2
synth_40309,2
synth_40375,2
synth_40862,2
synth_41036,2
synth_41426,2
synth_41444,2
synth_41560,2
synth_41993,2
synth_42198,2
synth_42263,2
synth_42309,2
synth_42496,2
synth_42497,2
synth_42687,2
synth_43019,2
synth_43119,2
synth_43318,2
synth_43456,2
synth_43711,2
synth_43751,2
synth_43915,2
synth_43946,2
synth_44387,2
synth_44669,2
synth_44709,2
synth_45223,2
synth_45260,2
synth_45363,2
synth_46042,2
synth_47134,2
synth_48093,2
synth_48498,2
synth_49541,2
synth_49938,2
synth_36288,2
synth_36949,2
synth_37668,2
synth_38418,2
synth_38722,2
synth_39866,2
synth_39917,2
synth_40066,2
synth_40080,2
synth_41974,2
synth_42348,2
synth_42349,2
synth_42375,2
synth_42519,2
synth_42923,2
synth_46273,2
synth_46658,2
synth_47598,2
synth_47699,2
synth_48916,2
synth_49001,2
synth_35991,2
synth_36213,2
synth_36437,2
synth_36605,2
synth_36714,2
synth_37161,2
synth_37626,2
synth_37791,2
synth_37999,2
synth_38294,2
synth_38372,2
synth_39220,2
synth_39253,2
synth_40148,2
synth_40246,2
synth_40415,2
synth_40744,2
synth_40794,2
synth_40829,2
synth_40986,2
synth_41119,2
synth_41648,2
synth_41741,2
synth_41818,2
synth_41999,2
synth_42139,2
synth_42591,2
synth_43054,2
synth_43582,2
synth_43961,2
synth_44366,2
synth_44586,2
synth_44612,2
synth_44614,2
synth_44631,2
synth_44658,2
synth_45086,2
synth_45378,2
synth_45382,2
synth_46745,2
synth_47015,2
synth_47157,2
synth_47563,2
synth_47673,2
synth_47808,2
synth_48034,2
synth_48051,2
synth_48214,2
synth_48453,2
synth_48712,2
synth_49329,2
synth_49388,2
synth_49458,2
synth_49734,2
synth_36878,2
synth_38256,2
synth_38827,2
synth_39643,2
synth_39697,2
synth_39851,2
synth_41600,2
synth_41790,2
synth_42256,2
synth_42905,2
synth_44129,2
synth_45607,2
synth_45719,2
synth_46145,2
synth_46443,2
synth_47939,2
synth_49490,2
synth_36013,2
synth_36034,2
synth_36401,2
synth_36839,2
synth_37153,2
synth_37284,2
synth_39003,2
synth_39437,2
synth_40723,2
synth_41110,2
synth_42164,2
synth_42545,2
synth_43169,2
synth_43250,2
synth_44375,2
synth_44484,2
synth_44645,2
synth_44866,2
synth_45001,2
synth_45082,2
synth_45213,2
synth_45267,2
synth_45308,2
synth_45534,2
synth_45599,2
synth_46051,2
synth_46107,2
synth_46839,2
synth_47169,2
synth_47465,2
synth_47804,2
synth_48134,2
synth_48279,2
synth_49598,2
synth_49629,2
synth_49716,2
synth_49947,2
synth_36779,2
synth_36913,2
synth_37226,2
synth_37335,2
synth_37432,2
synth_38227,2
synth_38908,2
synth_39732,2
synth_39783,2
synth_40715,2
synth_40719,2
synth_42911,2
synth_43729,2
synth_44541,2
synth_45545,2
synth_45627,2
synth_47943,2
synth_48328,2
synth_49225,2
synth_35961,2
synth_36026,2
synth_36064,2
synth_36146,2
synth_36331,2
synth_36731,2
synth_37046,2
synth_37383,2
synth_37789,2
synth_37897,2
synth_37997,2
synth_38219,2
synth_38476,2
synth_39232,2
synth_40039,2
synth_40783,2
synth_41045,2
synth_41169,2
synth_41174,2
synth_41487,2
synth_41677,2
synth_41911,2
synth_42416,2
synth_42750,2
synth_43194,2
synth_43838,2
synth_43898,2
synth_44487,2
synth_44672,2
synth_44707,2
synth_45084,2
synth_45333,2
synth_45478,2
synth_45551,2
synth_45907,2
synth_46046,2
synth_47002,2
synth_47089,2
synth_47102,2
synth_47153,2
synth_47542,2
synth_47799,2
synth_47994,2
synth_48024,2
synth_48050,2
synth_48654,2
synth_48853,2
synth_49097,2
synth_49254,2
synth_49642,2
synth_36742,2
synth_37676,2
synth_37818,2
synth_38166,2
synth_38275,2
synth_38866,2
synth_39699,2
synth_41794,2
synth_42883,2
synth_42894,2
synth_46264,2
synth_47872,2
synth_48707,2
synth_49293,2
synth_36321,2
synth_36362,2
synth_36518,2
synth_37052,2
synth_37362,2
synth_37423,2
synth_37427,2
synth_37593,2
synth_38487,2
synth_38546,2
synth_39092,2
synth_39287,2
synth_39307,2
synth_39474,2
synth_39506,2
synth_39595,2
synth_39902,2
synth_40365,2
synth_40422,2
synth_40505,2
synth_40677,2
synth_40876,2
synth_40974,2
synth_41037,2
synth_41221,2
synth_41617,2
synth_41820,2
synth_41877,2
synth_42149,2
synth_42393,2
synth_42500,2
synth_42512,2
synth_42682,2
synth_43000,2
synth_43480,2
synth_43484,2
synth_43622,2
synth_44339,2
synth_44597,2
synth_44663,2
synth_44901,2
synth_45097,2
synth_45446,2
synth_45464,2
synth_45781,2
synth_46080,2
synth_46127,2
synth_46362,2
synth_46400,2
synth_46704,2
synth_46749,2
synth_47144,2
synth_47287,2
synth_48240,2
synth_49636,2
synth_49904,2
synth_36744,2
synth_37124,2
synth_37318,2
synth_37359,2
synth_38030,2
synth_38228,2
synth_38435,2
synth_39082,2
synth_40006,2
synth_40129,2
synth_40181,2
synth_41602,2
synth_41975,2
synth_42141,2
synth_45616,2
synth_46333,2
synth_46543,2
synth_46606,2
synth_46861,2
synth_46898,2
synth_46979,2
synth_47715,2
synth_48728,2
synth_49241,2
synth_49284,2
synth_36123,2
synth_36391,2
synth_37050,2
synth_37502,2
synth_37592,2
synth_38112,2
synth_38150,2
synth_38591,2
synth_38652,2
synth_38691,2
synth_39002,2
synth_39041,2
synth_39286,2
synth_39518,2
synth_39519,2
synth_39526,2
synth_40108,2
synth_40534,2
synth_40581,2
synth_40585,2
synth_41171,2
synth_41297,2
synth_41316,2
synth_41615,2
synth_41838,2
synth_41894,2
synth_42062,2
synth_42679,2
synth_42989,2
synth_43356,2
synth_43475,2
synth_43584,2
synth_43873,2
synth_44165,2
synth_44241,2
synth_44311,2
synth_44607,2
synth_44761,2
synth_45326,2
synth_45485,2
synth_45590,2
synth_45661,2
synth_46103,2
synth_46154,2
synth_47043,2
synth_47967,2
synth_48502,2
synth_49756,2
synth_49890,2
synth_49926,2
synth_49957,2
synth_36586,2
synth_36595,2
synth_36896,2
synth_37003,2
synth_37014,2
synth_37033,2
synth_37437,2
synth_37712,2
synth_37912,2
synth_38125,2
synth_38211,2
synth_38721,2
synth_38754,2
synth_38757,2
synth_40128,2
synth_40286,2
synth_41941,2
synth_42152,2
synth_42494,2
synth_42556,2
synth_42559,2
synth_42893,2
synth_42990,2
synth_44072,2
synth_45912,2
synth_46867,2
synth_47229,2
synth_48437,2
synth_48816,2
synth_49413,2
synth_49710,2
synth_36326,2
synth_37170,2
synth_37583,2
synth_37692,2
synth_38365,2
synth_38558,2
synth_38564,2
synth_38676,2
synth_39055,2
synth_39428,2
synth_39789,2
synth_39823,2
synth_40561,2
synth_40878,2
synth_41063,2
synth_41391,2
synth_41497,2
synth_41533,2
synth_41562,2
synth_41595,2
synth_42094,2
synth_42472,2
synth_43036,2
synth_43264,2
synth_43323,2
synth_43499,2
synth_43871,2
synth_43891,2
synth_44214,2
synth_44257,2
synth_44385,2
synth_44467,2
synth_44557,2
synth_44689,2
synth_44722,2
synth_44964,2
synth_44988,2
synth_45056,2
synth_45157,2
synth_45248,2
synth_45272,2
synth_45571,2
synth_45681,2
synth_45820,2
synth_46307,2
synth_46821,2
synth_47096,2
synth_47187,2
synth_47223,2
synth_47279,2
synth_48384,2
synth_48608,2
synth_48675,2
synth_49192,2
synth_49238,2
synth_49721,2
synth_49835,2
synth_36553,2
synth_36886,2
synth_38868,2
synth_39357,2
synth_40718,2
synth_41614,2
synth_41772,2
synth_42325,2
synth_42354,2
synth_42914,2
synth_43179,2
synth_44996,2
synth_46448,2
synth_47437,2
synth_47889,2
synth_48438,2
synth_48513,2
synth_49319,2
synth_35902,2
synth_35925,2
synth_35931,2
synth_35962,2
synth_36330,2
synth_37459,2
synth_37700,2
synth_37800,2
synth_38397,2
synth_38494,2
synth_38526,2
synth_39900,2
synth_40261,2
synth_40270,2
synth_40388,2
synth_40802,2
synth_41488,2
synth_41568,2
synth_41704,2
synth_41725,2
synth_41950,2
synth_42055,2
synth_42293,2
synth_42706,2
synth_42730,2
synth_43026,2
synth_43488,2
synth_43753,2
synth_44289,2
synth_44379,2
synth_44667,2
synth_44687,2
synth_44701,2
synth_44715,2
synth_44778,2
synth_44796,2
synth_44828,2
synth_45123,2
synth_45257,2
synth_45321,2
synth_46075,2
synth_47063,2
synth_47204,2
synth_47645,2
synth_48300,2
synth_48691,2
synth_48743,2
synth_48964,2
synth_49268,2
synth_49547,2
synth_49766,2
synth_36898,2
synth_39262,2
synth_39619,2
synth_39678,2
synth_39844,2
synth_42797,2
synth_43108,2
synth_45600,2
synth_46579,2
synth_47936,2
synth_47948,2
synth_48423,2
synth_48557,2
synth_35900,2
synth_36033,2
synth_36167,2
synth_36241,2
synth_36357,2
synth_36389,2
synth_36692,2
synth_37379,2
synth_37864,2
synth_38367,2
synth_38396,2
synth_38547,2
synth_38566,2
synth_38574,2
synth_38974,2
synth_39457,2
synth_39968,2
synth_40324,2
synth_40409,2
synth_40574,2
synth_40858,2
synth_40930,2
synth_41019,2
synth_41356,2
synth_41382,2
synth_41623,2
synth_41639,2
synth_41828,2
synth_41991,2
synth_42088,2
synth_42182,2
synth_43092,2
synth_43220,2
synth_43477,2
synth_43504,2
synth_43668,2
synth_43783,2
synth_43944,2
synth_44024,2
synth_44330,2
synth_44646,2
synth_44673,2
synth_45060,2
synth_45103,2
synth_45115,2
synth_45241,2
synth_45457,2
synth_46469,2
synth_47018,2
synth_48221,2
synth_49076,2
synth_49132,2
synth_49289,2
synth_49544,2
synth_49562,2
synth_49595,2
synth_49735,2
synth_37127,2
synth_37338,2
synth_37938,2
synth_37965,2
synth_38158,2
synth_38184,2
synth_38198,2
synth_38968,2
synth_39081,2
synth_39856,2
synth_39881,2
synth_40697,2
synth_41786,2
synth_42891,2
synth_46328,2
synth_46669,2
synth_48205,2
synth_48408,2
synth_48426,2
synth_48428,2
synth_49010,2
synth_49582,2
synth_36031,2
synth_36303,2
synth_36361,2
synth_37143,2
synth_37267,2
synth_37376,2
synth_37588,2
synth_37994,2
synth_38315,2
synth_38739,2
synth_39122,2
synth_39829,2
synth_40139,2
synth_40307,2
synth_40414,2
synth_40554,2
synth_40593,2
synth_40621,2
synth_40701,2
synth_41145,2
synth_41230,2
synth_41238,2
synth_41246,2
synth_41302,2
synth_41374,2
synth_41667,2
synth_41742,2
synth_42091,2
synth_42769,2
synth_42786,2
synth_43464,2
synth_43496,2
synth_43762,2
synth_43787,2
synth_44159,2
synth_44189,2
synth_44431,2
synth_44533,2
synth_44755,2
synth_45059,2
synth_45374,2
synth_45423,2
synth_45786,2
synth_45807,2
synth_45938,2
synth_46253,2
synth_46901,2
synth_47230,2
synth_47317,2
synth_47382,2
synth_48360,2
synth_48362,2
synth_49128,2
synth_49208,2
synth_49441,2
synth_36987,2
synth_37017,2
synth_37023,2
synth_37169,2
synth_37807,2
synth_38215,2
synth_38705,2
synth_38808,2
synth_39861,2
synth_40035,2
synth_42942,2
synth_44321,2
synth_46121,2
synth_46387,2
synth_46441,2
synth_49901,2
synth_35892,2
synth_36053,2
synth_36120,2
synth_36403,2
synth_36603,2
synth_37457,2
synth_37841,2
synth_37910,2
synth_38330,2
synth_38514,2
synth_38781,2
synth_39050,2
synth_39326,2
synth_39429,2
synth_39469,2
synth_39473,2
synth_39608,2
synth_39824,2
synth_39923,2
synth_40055,2
synth_40169,2
synth_40233,2
synth_40410,2
synth_40800,2
synth_41220,2
synth_41261,2
synth_42216,2
synth_42452,2
synth_43369,2
synth_43537,2
synth_43637,2
synth_43683,2
synth_43897,2
synth_44010,2
synth_44319,2
synth_44505,2
synth_44795,2
synth_45009,2
synth_45190,2
synth_45461,2
synth_45493,2
synth_45647,2
synth_45997,2
synth_46721,2
synth_46835,2
synth_48440,2
synth_48489,2
synth_48500,2
synth_48677,2
synth_48781,2
synth_49515,2
synth_49943,2
synth_49967,2
synth_36565,2
synth_36968,2
synth_38269,2
synth_39733,2
synth_39850,2
synth_39939,2
synth_40184,2
synth_41513,2
synth_42318,2
synth_43704,2
synth_44162,2
synth_45604,2
synth_46312,2
synth_46318,2
synth_46547,2
synth_46598,2
synth_46684,2
synth_47506,2
synth_47845,2
synth_48618,2
synth_48895,2
synth_49492,2
synth_49584,2
synth_36814,2
synth_37007,2
synth_37557,2
synth_37750,2
synth_37760,2
synth_37850,2
synth_38334,2
synth_39396,2
synth_39447,2
synth_39904,2
synth_40218,2
synth_40254,2
synth_40797,2
synth_40949,2
synth_41065,2
synth_41442,2
synth_41631,2
synth_41812,2
synth_42096,2
synth_42290,2
synth_42409,2
synth_43187,2
synth_43233,2
synth_44011,2
synth_44030,2
synth_44099,2
synth_44579,2
synth_44611,2
synth_44671,2
synth_44779,2
synth_44870,2
synth_45453,2
synth_46004,2
synth_46385,2
synth_46505,2
synth_46761,2
synth_47557,2
synth_47728,2
synth_48036,2
synth_48073,2
synth_48301,2
synth_48336,2
synth_48855,2
synth_49151,2
synth_49196,2
synth_49204,2
synth_49447,2
synth_49451,2
synth_49792,2
synth_37710,2
synth_39940,2
synth_40065,2
synth_42854,2
synth_42880,2
synth_42882,2
synth_42945,2
synth_43795,2
synth_44975,2
synth_46325,2
synth_46627,2
synth_46960,2
synth_47702,2
synth_48446,2
synth_48449,2
synth_48504,2
synth_48921,2
synth_48996,2
synth_49012,2
synth_49414,2
synth_49820,2
synth_36257,2
synth_36388,2
synth_36501,2
synth_36703,2
synth_37795,2
synth_38073,2
synth_38428,2
synth_39154,2
synth_39583,2
synth_39590,2
synth_39859,2
synth_40777,2
synth_40982,2
synth_41122,2
synth_41465,2
synth_42483,2
synth_42736,2
synth_43527,2
synth_44018,2
synth_44524,2
synth_45354,2
synth_45959,2
synth_46079,2
synth_46275,2
synth_46913,2
synth_47033,2
synth_47101,2
synth_47152,2
synth_47163,2
synth_47805,2
synth_48094,2
synth_49033,2
synth_49073,2
synth_49272,2
synth_49618,2
synth_49772,2
synth_49989,2
synth_36874,2
synth_37227,2
synth_37936,2
synth_37952,2
synth_39118,2
synth_39693,2
synth_39744,2
synth_39942,2
synth_40062,2
synth_42008,2
synth_43074,2
synth_43096,2
synth_47834,2
synth_48372,2
synth_49297,2
synth_36060,2
synth_36537,2
synth_36804,2
synth_37079,2
synth_37131,2
synth_37353,2
synth_37823,2
synth_38578,2
synth_38620,2
synth_39155,2
synth_39281,2
synth_39298,2
synth_39367,2
synth_39370,2
synth_39407,2
synth_39802,2
synth_40605,2
synth_40670,2
synth_40730,2
synth_40755,2
synth_40773,2
synth_40911,2
synth_40971,2
synth_41349,2
synth_41424,2
synth_41492,2
synth_41594,2
synth_41865,2
synth_42044,2
synth_42099,2
synth_42279,2
synth_42310,2
synth_42667,2
synth_42774,2
synth_43118,2
synth_43347,2
synth_43579,2
synth_43980,2
synth_44242,2
synth_44410,2
synth_44582,2
synth_44676,2
synth_44740,2
synth_45098,2
synth_45215,2
synth_45292,2
synth_45512,2
synth_46110,2
synth_47252,2
synth_47300,2
synth_47428,2
synth_48930,2
synth_49064,2
synth_49522,2
synth_49986,2
synth_37021,2
synth_37336,2
synth_37709,2
synth_37944,2
synth_38119,2
synth_42020,2
synth_42872,2
synth_45614,2
synth_46270,2
synth_46576,2
synth_35952,2
synth_36040,2
synth_36301,2
synth_36809,2
synth_37057,2
synth_37183,2
synth_37221,2
synth_37406,2
synth_37458,2
synth_37509,2
synth_37605,2
synth_38032,2
synth_38371,2
synth_38493,2
synth_38694,2
synth_39174,2
synth_39475,2
synth_39607,2
synth_39965,2
synth_39987,2
synth_40317,2
synth_40452,2
synth_40817,2
synth_40822,2
synth_41745,2
synth_41889,2
synth_41986,2
synth_42278,2
synth_42420,2
synth_42782,2
synth_43213,2
synth_43222,2
synth_43249,2
synth_43365,2
synth_43921,2
synth_44040,2
synth_44767,2
synth_44798,2
synth_44830,2
synth_45323,2
synth_45654,2
synth_46426,2
synth_46436,2
synth_46591,2
synth_47047,2
synth_47085,2
synth_47319,2
synth_47365,2
synth_47401,2
synth_47593,2
synth_47950,2
synth_48072,2
synth_48460,2
synth_49037,2
synth_49330,2
synth_49697,2
synth_49953,2
synth_36751,2
synth_37431,2
synth_38530,2
synth_38759,2
synth_39771,2
synth_39772,2
synth_40034,2
synth_40127,2
synth_41441,2
synth_41973,2
synth_42200,2
synth_43066,2
synth_43110,2
synth_45705,2
synth_46179,2
synth_47940,2
synth_48201,2
synth_48435,2
synth_48637,2
synth_49571,2
synth_36007,2
synth_36274,2
synth_36729,2
synth_37549,2
synth_37607,2
synth_38002,2
synth_38026,2
synth_38208,2
synth_38246,2
synth_39058,2
synth_39826,2
synth_40099,2
synth_40371,2
synth_40870,2
synth_40874,2
synth_40990,2
synth_41267,2
synth_41388,2
synth_41572,2
synth_41716,2
synth_41883,2
synth_41898,2
synth_42079,2
synth_42457,2
synth_42746,2
synth_43246,2
synth_43288,2
synth_43315,2
synth_43453,2
synth_43581,2
synth_43730,2
synth_43880,2
synth_44275,2
synth_44277,2
synth_44349,2
synth_44433,2
synth_44589,2
synth_45093,2
synth_45277,2
synth_45588,2
synth_46384,2
synth_46530,2
synth_46715,2
synth_46753,2
synth_47027,2
synth_47053,2
synth_47303,2
synth_47414,2
synth_47684,2
synth_48022,2
synth_48160,2
synth_48302,2
synth_48658,2
synth_48843,2
synth_49144,2
synth_49569,2
synth_49940,2
synth_36466,2
synth_36642,2
synth_36772,2
synth_36958,2
synth_37004,2
synth_37128,2
synth_37954,2
synth_38706,2
synth_40051,2
synth_40729,2
synth_44322,2
synth_46177,2
synth_46234,2
synth_46566,2
synth_47547,2
synth_48306,2
synth_48316,2
synth_48369,2
synth_48509,2
synth_48635,2
synth_48686,2
synth_49841,2
synth_36122,2
synth_36206,2
synth_36836,2
synth_37402,2
synth_37490,2
synth_37500,2
synth_37632,2
synth_37765,2
synth_38048,2
synth_38481,2
synth_38520,2
synth_38550,2
synth_38852,2
synth_38903,2
synth_39811,2
synth_39966,2
synth_40587,2
synth_40856,2
synth_40912,2
synth_41445,2
synth_41596,2
synth_41645,2
synth_41846,2
synth_42507,2
synth_42662,2
synth_42772,2
synth_43399,2
synth_43551,2
synth_43800,2
synth_43922,2
synth_43931,2
synth_44281,2
synth_44440,2
synth_44445,2
synth_44570,2
synth_44739,2
synth_44758,2
synth_45253,2
synth_45526,2
synth_46105,2
synth_46216,2
synth_46775,2
synth_47072,2
synth_47083,2
synth_47088,2
synth_47339,2
synth_47583,2
synth_48462,2
synth_48477,2
synth_49391,2
synth_49960,2
synth_36075,2
synth_36596,2
synth_36917,2
synth_36918,2
synth_38763,2
synth_38954,2
synth_39266,2
synth_39705,2
synth_39773,2
synth_40117,2
synth_41930,2
synth_42546,2
synth_42968,2
synth_43313,2
synth_44919,2
synth_44976,2
synth_44989,2
synth_45788,2
synth_46397,2
synth_46574,2
synth_47548,2
synth_48247,2
synth_36116,2
synth_36150,2
synth_36311,2
synth_36337,2
synth_37152,2
synth_37403,2
synth_37744,2
synth_37972,2
synth_38288,2
synth_38842,2
synth_39072,2
synth_39074,2
synth_39224,2
synth_39386,2
synth_39576,2
synth_40476,2
synth_40550,2
synth_40796,2
synth_40880,2
synth_41277,2
synth_41397,2
synth_41547,2
synth_42296,2
synth_43485,2
synth_43620,2
synth_43710,2
synth_44251,2
synth_44327,2
synth_44392,2
synth_44477,2
synth_44480,2
synth_44610,2
synth_44661,2
synth_45244,2
synth_45314,2
synth_46068,2
synth_46082,2
synth_46288,2
synth_46501,2
synth_46919,2
synth_47354,2
synth_47641,2
synth_47896,2
synth_48145,2
synth_48655,2
synth_48735,2
synth_48981,2
synth_49594,2
synth_36226,2
synth_36286,2
synth_36576,2
synth_36636,2
synth_38926,2
synth_42358,2
synth_42863,2
synth_42934,2
synth_43165,2
synth_45773,2
synth_46165,2
synth_46654,2
synth_46675,2
synth_47706,2
synth_47758,2
synth_47869,2
synth_48602,2
synth_48641,2
synth_35949,2
synth_35998,2
synth_36035,2
synth_36548,2
synth_37266,2
synth_37352,2
synth_37519,2
synth_37830,2
synth_38590,2
synth_38677,2
synth_38850,2
synth_39207,2
synth_39504,2
synth_39567,2
synth_41278,2
synth_41476,2
synth_41625,2
synth_41744,2
synth_41749,2
synth_41859,2
synth_42215,2
synth_43022,2
synth_43051,2
synth_43175,2
synth_43410,2
synth_43461,2
synth_43470,2
synth_44133,2
synth_44201,2
synth_44318,2
synth_44493,2
synth_44507,2
synth_44641,2
synth_44694,2
synth_45064,2
synth_45273,2
synth_45288,2
synth_45411,2
synth_45795,2
synth_45847,2
synth_46416,2
synth_47306,2
synth_47457,2
synth_47458,2
synth_47637,2
synth_47737,2
synth_48035,2
synth_48098,2
synth_48541,2
synth_48572,2
synth_48598,2
synth_48980,2
synth_49056,2
synth_49255,2
synth_49869,2
synth_36937,2
synth_37634,2
synth_43086,2
synth_45635,2
synth_46637,2
synth_46793,2
synth_46859,2
synth_47704,2
synth_47854,2
synth_47934,2
synth_48505,2
synth_49258,2
synth_49493,2
synth_36154,2
synth_37078,2
synth_37308,2
synth_37511,2
synth_37886,2
synth_38355,2
synth_39085,2
synth_39246,2
synth_39616,2
synth_40159,2
synth_40189,2
synth_40627,2
synth_41082,2
synth_41144,2
synth_41167,2
synth_41173,2
synth_41835,2
synth_41887,2
synth_42109,2
synth_42197,2
synth_42230,2
synth_42301,2
synth_42584,2
synth_43158,2
synth_43186,2
synth_43632,2
synth_43747,2
synth_43789,2
synth_43809,2
synth_43875,2
synth_44028,2
synth_44246,2
synth_44443,2
synth_44512,2
synth_45012,2
synth_45026,2
synth_45051,2
synth_45214,2
synth_45330,2
synth_45445,2
synth_45825,2
synth_45856,2
synth_46778,2
synth_47145,2
synth_47197,2
synth_47276,2
synth_47633,2
synth_48106,2
synth_48609,2
synth_48854,2
synth_48860,2
synth_48987,2
synth_49103,2
synth_36901,2
synth_37917,2
synth_37942,2
synth_38457,2
synth_38982,2
synth_39342,2
synth_40100,2
synth_40639,2
synth_42537,2
synth_42629,2
synth_42958,2
synth_45547,2
synth_45930,2
synth_46099,2
synth_46411,2
synth_46924,2
synth_46976,2
synth_48356,2
synth_48445,2
synth_48671,2
synth_49079,2
synth_49815,2
synth_35967,2
synth_35986,2
synth_36011,2
synth_36349,2
synth_36663,2
synth_36733,2
synth_36940,2
synth_37533,2
synth_37991,2
synth_38359,2
synth_38425,2
synth_38519,2
synth_38662,2
synth_38674,2
synth_39095,2
synth_39200,2
synth_39252,2
synth_39353,2
synth_39800,2
synth_40424,2
synth_40566,2
synth_40808,2
synth_41139,2
synth_41227,2
synth_41413,2
synth_41477,2
synth_41609,2
synth_42111,2
synth_42244,2
synth_42748,2
synth_42799,2
synth_43047,2
synth_43611,2
synth_43680,2
synth_43899,2
synth_44224,2
synth_44273,2
synth_44624,2
synth_44627,2
synth_44827,2
synth_44829,2
synth_44855,2
synth_45224,2
synth_45489,2
synth_46215,2
synth_46247,2
synth_47471,2
synth_47559,2
synth_47671,2
synth_47785,2
synth_48785,2
synth_48857,2
synth_49126,2
synth_49162,2
synth_49194,2
synth_49263,2
synth_49612,2
synth_49632,2
synth_36822,2
synth_36848,2
synth_37116,2
synth_37909,2
synth_38718,2
synth_39277,2
synth_39746,2
synth_40021,2
synth_40073,2
synth_40728,2
synth_41788,2
synth_42254,2
synth_43994,2
synth_45678,2
synth_45870,2
synth_46563,2
synth_46840,2
synth_47747,2
synth_47803,2
synth_47859,2
synth_47927,2
synth_48327,2
synth_48605,2
synth_49021,2
synth_49585,2
synth_36606,2
synth_37285,2
synth_37368,2
synth_37378,2
synth_38241,2
synth_38406,2
synth_38525,2
synth_38594,2
synth_39362,2
synth_39380,2
synth_39424,2
synth_39905,2
synth_39916,2
synth_40383,2
synth_40853,2
synth_40879,2
synth_40997,2
synth_41099,2
synth_41243,2
synth_41693,2
synth_42209,2
synth_42332,2
synth_42406,2
synth_42470,2
synth_43808,2
synth_43810,2
synth_43929,2
synth_44157,2
synth_45007,2
synth_45112,2
synth_45134,2
synth_45429,2
synth_46280,2
synth_46490,2
synth_46846,2
synth_47037,2
synth_47238,2
synth_47409,2
synth_47512,2
synth_47566,2
synth_48015,2
synth_48122,2
synth_48278,2
synth_48331,2
synth_49346,2
synth_49857,2
synth_49896,2
synth_36098,2
synth_36697,2
synth_36791,2
synth_37179,2
synth_37248,2
synth_37905,2
synth_37918,2
synth_38730,2
synth_38906,2
synth_38992,2
synth_39062,2
synth_39080,2
synth_39666,2
synth_39696,2
synth_40008,2
synth_40102,2
synth_42001,2
synth_42876,2
synth_44990,2
synth_45540,2
synth_46162,2
synth_46221,2
synth_46451,2
synth_46653,2
synth_47762,2
synth_48397,2
synth_48897,2
synth_49015,2
synth_36010,2
synth_36350,2
synth_36393,2
synth_37391,2
synth_37503,2
synth_37527,2
synth_37651,2
synth_37747,2
synth_37930,2
synth_38109,2
synth_38282,2
synth_38336,2
synth_38672,2
synth_39152,2
synth_39166,2
synth_39273,2
synth_39974,2
synth_40205,2
synth_40327,2
synth_40842,2
synth_40852,2
synth_40948,2
synth_40998,2
synth_41150,2
synth_41436,2
synth_42147,2
synth_42184,2
synth_42401,2
synth_42513,2
synth_42637,2
synth_42761,2
synth_43468,2
synth_43758,2
synth_43865,2
synth_44057,2
synth_44145,2
synth_44192,2
synth_44206,2
synth_44288,2
synth_45008,2
synth_45153,2
synth_45269,2
synth_45386,2
synth_47149,2
synth_47159,2
synth_47214,2
synth_47373,2
synth_47660,2
synth_48165,2
synth_48730,2
synth_48842,2
synth_48951,2
synth_49042,2
synth_49046,2
synth_49365,2
synth_49670,2
synth_36787,2
synth_36957,2
synth_37329,2
synth_37543,2
synth_37638,2
synth_37968,2
synth_39876,2
synth_42919,2
synth_42998,2
synth_43163,2
synth_46869,2
synth_47271,2
synth_48956,2
synth_49025,2
synth_49702,2
synth_36032,2
synth_36041,2
synth_36111,2
synth_36398,2
synth_36408,2
synth_36707,2
synth_36922,2
synth_37370,2
synth_37788,2
synth_37851,2
synth_37884,2
synth_38064,2
synth_38453,2
synth_39049,2
synth_40341,2
synth_40819,2
synth_40941,2
synth_41451,2
synth_41473,2
synth_42233,2
synth_42541,2
synth_42576,2
synth_42738,2
synth_43056,2
synth_43317,2
synth_43572,2
synth_43585,2
synth_44245,2
synth_44498,2
synth_44504,2
synth_44629,2
synth_44635,2
synth_45184,2
synth_45249,2
synth_45256,2
synth_46003,2
synth_46088,2
synth_46198,2
synth_46276,2
synth_46497,2
synth_47110,2
synth_47165,2
synth_47326,2
synth_47376,2
synth_47425,2
synth_47601,2
synth_47611,2
synth_48443,2
synth_48866,2
synth_49177,2
synth_49366,2
synth_49561,2
synth_49652,2
synth_49746,2
synth_49878,2
synth_49945,2
synth_36997,2
synth_37629,2
synth_37649,2
synth_38277,2
synth_38857,2
synth_41520,2
synth_41582,2
synth_42012,2
synth_42027,2
synth_42852,2
synth_43390,2
synth_45932,2
synth_46561,2
synth_46570,2
synth_46602,2
synth_46697,2
synth_46797,2
synth_46942,2
synth_47440,2
synth_47937,2
synth_48911,2
synth_35890,2
synth_37011,2
synth_37366,2
synth_37701,2
synth_38005,2
synth_38007,2
synth_38181,2
synth_38265,2
synth_38301,2
synth_38609,2
synth_39356,2
synth_39374,2
synth_39869,2
synth_41190,2
synth_41364,2
synth_41703,2
synth_41893,2
synth_41899,2
synth_42121,2
synth_42221,2
synth_42476,2
synth_42574,2
synth_43197,2
synth_43471,2
synth_43503,2
synth_43641,2
synth_43864,2
synth_43909,2
synth_43936,2
synth_44325,2
synth_44501,2
synth_44657,2
synth_44955,2
synth_45294,2
synth_45340,2
synth_45467,2
synth_45837,2
synth_46526,2
synth_47323,2
synth_47378,2
synth_47635,2
synth_48084,2
synth_48713,2
synth_48755,2
synth_48830,2
synth_49071,2
synth_49143,2
synth_49921,2
synth_36759,2
synth_36877,2
synth_37119,2
synth_38769,2
synth_38847,2
synth_38957,2
synth_40688,2
synth_42250,2
synth_43125,2
synth_46230,2
synth_46685,2
synth_46789,2
synth_46926,2
synth_47922,2
synth_48400,2
synth_49002,2
synth_35921,2
synth_36502,2
synth_36660,2
synth_37070,2
synth_37272,2
synth_37602,2
synth_37619,2
synth_37732,2
synth_37787,2
synth_38261,2
synth_38272,2
synth_38475,2
synth_38727,2
synth_39216,2
synth_39295,2
synth_39419,2
synth_40662,2
synth_40924,2
synth_41121,2
synth_41708,2
synth_41751,2
synth_41906,2
synth_41908,2
synth_41928,2
synth_42049,2
synth_42832,2
synth_42839,2
synth_43963,2
synth_43964,2
synth_44082,2
synth_44302,2
synth_44643,2
synth_45174,2
synth_45336,2
synth_45447,2
synth_45828,2
synth_45874,2
synth_46921,2
synth_47242,2
synth_47260,2
synth_47778,2
synth_47890,2
synth_47996,2
synth_48125,2
synth_48264,2
synth_48740,2
synth_48837,2
synth_49469,2
synth_49646,2
synth_49717,2
synth_36238,2
synth_36899,2
synth_36984,2
synth_37107,2
synth_37319,2
synth_37434,2
synth_37548,2
synth_38309,2
synth_38751,2
synth_39868,2
synth_39958,2
synth_42956,2
synth_42978,2
synth_43180,2
synth_45890,2
synth_45913,2
synth_45931,2
synth_45952,2
synth_46124,2
synth_47755,2
synth_47907,2
synth_48401,2
synth_48514,2
synth_49259,2
synth_49817,2
synth_36027,2
synth_36046,2
synth_36232,2
synth_36419,2
synth_37351,2
synth_37630,2
synth_37781,2
synth_37996,2
synth_38182,2
synth_38666,2
synth_39077,2
synth_39167,2
synth_39226,2
synth_39321,2
synth_39467,2
synth_40041,2
synth_40302,2
synth_40346,2
synth_40552,2
synth_40900,2
synth_41481,2
synth_41874,2
synth_41954,2
synth_42219,2
synth_42262,2
synth_43511,2
synth_43651,2
synth_44039,2
synth_44228,2
synth_44264,2
synth_44545,2
synth_45120,2
synth_45122,2
synth_45335,2
synth_45686,2
synth_45867,2
synth_45895,2
synth_46011,2
synth_46039,2
synth_47183,2
synth_47311,2
synth_47564,2
synth_48696,2
synth_48861,2
synth_48953,2
synth_49048,2
synth_49661,2
synth_49720,2
synth_49855,2
synth_49979,2
synth_36678,2
synth_36840,2
synth_36916,2
synth_38717,2
synth_39710,2
synth_39842,2
synth_40011,2
synth_42336,2
synth_42999,2
synth_43307,2
synth_45632,2
synth_46595,2
synth_46790,2
synth_46906,2
synth_48203,2
synth_48546,2
synth_48548,2
synth_49824,2
synth_36099,2
synth_36336,2
synth_36396,2
synth_36602,2
synth_37400,2
synth_37580,2
synth_37748,2
synth_37940,2
synth_38562,2
synth_38961,2
synth_39383,2
synth_39496,2
synth_39538,2
synth_40296,2
synth_40674,2
synth_40923,2
synth_41280,2
synth_41348,2
synth_41632,2
synth_41637,2
synth_41733,2
synth_41797,2
synth_41903,2
synth_42112,2
synth_42451,2
synth_42763,2
synth_42833,2
synth_43240,2
synth_44174,2
synth_44256,2
synth_44364,2
synth_44446,2
synth_44509,2
synth_44805,2
synth_45067,2
synth_45102,2
synth_45168,2
synth_45477,2
synth_45518,2
synth_45521,2
synth_45884,2
synth_46000,2
synth_46022,2
synth_46269,2
synth_46379,2
synth_46381,2
synth_47537,2
synth_48277,2
synth_48560,2
synth_49044,2
synth_49545,2
synth_35899,2
synth_36884,2
synth_37639,2
synth_37808,2
synth_38210,2
synth_38932,2
synth_39782,2
synth_40529,2
synth_41680,2
synth_42887,2
synth_43182,2
synth_43301,2
synth_44752,2
synth_44997,2
synth_45953,2
synth_46991,2
synth_46999,2
synth_48904,2
synth_49473,2
synth_35972,2
synth_36151,2
synth_37401,2
synth_38527,2
synth_38605,2
synth_38729,2
synth_38895,2
synth_39328,2
synth_39376,2
synth_39759,2
synth_39971,2
synth_40311,2
synth_40412,2
synth_40462,2
synth_40579,2
synth_40657,2
synth_40875,2
synth_40922,2
synth_41017,2
synth_41083,2
synth_41085,2
synth_41094,2
synth_41114,2
synth_41295,2
synth_41347,2
synth_41379,2
synth_41453,2
synth_41534,2
synth_41539,2
synth_41541,2
synth_41994,2
synth_42143,2
synth_42163,2
synth_43607,2
synth_44017,2
synth_44229,2
synth_44346,2
synth_45164,2
synth_45187,2
synth_45282,2
synth_45436,2
synth_46087,2
synth_46350,2
synth_46508,2
synth_46716,2
synth_47069,2
synth_47284,2
synth_47436,2
synth_47718,2
synth_48273,2
synth_48472,2
synth_48793,2
synth_49431,2
synth_49696,2
synth_49934,2
synth_37544,2
synth_38225,2
synth_39715,2
synth_40072,2
synth_40298,2
synth_41673,2
synth_42548,2
synth_42906,2
synth_42983,2
synth_43087,2
synth_45701,2
synth_45915,2
synth_46142,2
synth_46310,2
synth_46315,2
synth_46398,2
synth_46554,2
synth_46604,2
synth_46612,2
synth_46645,2
synth_46695,2
synth_47609,2
synth_47928,2
synth_36030,2
synth_36188,2
synth_36544,2
synth_37121,2
synth_37235,2
synth_37275,2
synth_37408,2
synth_37776,2
synth_37816,2
synth_37844,2
synth_38036,2
synth_38313,2
synth_38663,2
synth_39005,2
synth_39552,2
synth_40220,2
synth_40381,2
synth_40421,2
synth_40491,2
synth_40502,2
synth_40594,2
synth_40606,2
synth_40628,2
synth_40988,2
synth_41392,2
synth_42123,2
synth_42531,2
synth_43239,2
synth_43373,2
synth_43408,2
synth_43882,2
synth_44059,2
synth_44332,2
synth_44791,2
synth_45116,2
synth_45254,2
synth_45379,2
synth_45387,2
synth_45480,2
synth_45889,2
synth_46284,2
synth_47773,2
synth_47792,2
synth_48213,2
synth_48338,2
synth_48450,2
synth_48749,2
synth_48990,2
synth_49362,2
synth_49730,2
synth_49954,2
synth_36955,2
synth_38179,2
synth_38956,2
synth_39654,2
synth_39767,2
synth_42355,2
synth_42949,2
synth_46527,2
synth_46588,2
synth_46955,2
synth_47469,2
synth_47707,2
synth_48559,2
synth_48662,2
synth_49244,2
synth_36253,2
synth_36304,2
synth_36920,2
synth_37295,2
synth_37662,2
synth_38060,2
synth_38130,2
synth_38143,2
synth_38217,2
synth_38242,2
synth_38887,2
synth_39236,2
synth_39285,2
synth_39483,2
synth_39562,2
synth_40454,2
synth_40541,2
synth_41204,2
synth_41321,2
synth_41592,2
synth_41726,2
synth_41879,2
synth_42042,2
synth_42134,2
synth_42408,2
synth_42477,2
synth_42575,2
synth_42663,2
synth_43117,2
synth_43151,2
synth_43152,2
synth_43418,2
synth_43526,2
synth_43866,2
synth_43890,2
synth_44315,2
synth_45121,2
synth_45366,2
synth_45479,2
synth_45594,2
synth_45785,2
synth_46560,2
synth_47065,2
synth_47318,2
synth_48143,2
synth_48596,2
synth_48649,2
synth_48756,2
synth_49664,2
synth_49958,2
synth_36130,2
synth_36229,2
synth_37138,2
synth_37542,2
synth_37934,2
synth_38231,2
synth_38305,2
synth_38650,2
synth_38933,2
synth_38994,2
synth_39652,2
synth_39682,2
synth_41791,2
synth_44961,2
synth_44986,2
synth_46428,2
synth_47620,2
synth_47835,2
synth_48908,2
synth_49011,2
synth_49243,2
synth_49480,2
synth_36058,2
synth_36067,2
synth_36161,2
synth_36613,2
synth_37491,2
synth_38067,2
synth_38102,2
synth_38262,2
synth_38454,2
synth_39006,2
synth_39514,2
synth_39568,2
synth_39926,2
synth_39985,2
synth_40355,2
synth_40431,2
synth_40478,2
synth_40484,2
synth_40521,2
synth_40577,2
synth_40889,2
synth_41107,2
synth_41927,2
synth_42596,2
synth_42723,2
synth_43521,2
synth_43566,2
synth_43664,2
synth_43688,2
synth_43939,2
synth_44062,2
synth_44186,2
synth_44253,2
synth_44270,2
synth_44491,2
synth_44547,2
synth_44675,2
synth_45104,2
synth_45143,2
synth_45450,2
synth_45527,2
synth_45592,2
synth_46093,2
synth_46251,2
synth_46295,2
synth_47061,2
synth_47460,2
synth_47595,2
synth_47961,2
synth_48038,2
synth_48065,2
synth_49141,2
synth_49147,2
synth_49500,2
synth_49687,2
synth_49767,2
synth_49894,2
synth_49908,2
synth_36998,2
synth_37397,2
synth_37948,2
synth_40517,2
synth_42926,2
synth_46332,2
synth_46548,2
synth_48525,2
synth_48545,2
synth_48601,2
synth_35968,2
synth_36435,2
synth_37327,2
synth_37421,2
synth_38050,2
synth_38517,2
synth_38699,2
synth_38821,2
synth_38990,2
synth_39037,2
synth_39102,2
synth_39198,2
synth_39400,2
synth_39817,2
synth_40292,2
synth_40789,2
synth_41131,2
synth_41299,2
synth_41369,2
synth_41386,2
synth_41843,2
synth_41882,2
synth_42071,2
synth_43211,2
synth_43546,2
synth_43552,2
synth_43605,2
synth_44038,2
synth_44313,2
synth_44317,2
synth_44326,2
synth_44415,2
synth_44854,2
synth_44889,2
synth_45390,2
synth_45416,2
synth_45937,2
synth_46218,2
synth_47206,2
synth_47219,2
synth_47389,2
synth_47636,2
synth_47653,2
synth_48011,2
synth_48191,2
synth_48465,2
synth_48787,2
synth_49158,2
synth_49321,2
synth_49341,2
synth_49565,2
synth_49568,2
synth_49651,2
synth_49845,2
synth_36777,2
synth_37966,2
synth_38436,2
synth_39651,2
synth_39660,2
synth_40183,2
synth_41014,2
synth_44117,2
synth_45702,2
synth_46160,2
synth_46444,2
synth_46905,2
synth_47848,2
synth_48207,2
synth_35897,2
synth_36166,2
synth_36353,2
synth_36390,2
synth_37332,2
synth_37448,2
synth_37481,2
synth_38068,2
synth_38570,2
synth_38603,2
synth_38637,2
synth_39030,2
synth_39127,2
synth_39136,2
synth_39225,2
synth_39549,2
synth_39889,2
synth_39952,2
synth_40308,2
synth_40471,2
synth_40898,2
synth_41054,2
synth_41345,2
synth_41706,2
synth_41832,2
synth_42430,2
synth_42473,2
synth_42689,2
synth_43258,2
synth_43731,2
synth_43775,2
synth_44022,2
synth_44516,2
synth_45815,2
synth_46108,2
synth_46126,2
synth_46488,2
synth_46506,2
synth_46662,2
synth_46933,2
synth_47186,2
synth_47886,2
synth_48494,2
synth_48629,2
synth_49032,2
synth_49380,2
synth_49536,2
synth_49755,2
synth_49993,2
synth_36563,2
synth_36873,2
synth_37156,2
synth_37547,2
synth_37927,2
synth_39659,2
synth_39734,2
synth_39766,2
synth_39784,2
synth_39919,2
synth_40104,2
synth_40126,2
synth_40264,2
synth_40289,2
synth_41785,2
synth_42193,2
synth_42935,2
synth_43082,2
synth_43303,2
synth_45713,2
synth_45839,2
synth_46620,2
synth_46728,2
synth_47842,2
synth_48116,2
synth_48638,2
synth_48681,2
synth_48979,2
synth_49000,2
synth_49306,2
synth_36021,2
synth_36195,2
synth_36718,2
synth_37464,2
synth_37846,2
synth_37874,2
synth_38133,2
synth_38207,2
synth_38502,2
synth_38507,2
synth_38584,2
synth_39185,2
synth_40347,2
synth_40399,2
synth_40472,2
synth_40487,2
synth_40631,2
synth_40980,2
synth_41072,2
synth_41260,2
synth_41346,2
synth_41438,2
synth_41474,2
synth_41831,2
synth_41896,2
synth_42048,2
synth_42144,2
synth_42830,2
synth_43018,2
synth_43355,2
synth_43413,2
synth_44347,2
synth_44806,2
synth_44834,2
synth_45176,2
synth_45192,2
synth_45406,2
synth_45470,2
synth_45482,2
synth_45854,2
synth_46005,2
synth_46189,2
synth_46268,2
synth_46590,2
synth_46703,2
synth_47452,2
synth_47683,2
synth_47959,2
synth_48152,2
synth_49673,2
synth_36638,2
synth_36675,2
synth_36761,2
synth_37239,2
synth_37946,2
synth_38197,2
synth_38936,2
synth_38969,2
synth_39701,2
synth_39726,2
synth_39768,2
synth_40516,2
synth_42411,2
synth_45636,2
synth_46372,2
synth_46670,2
synth_46852,2
synth_46925,2
synth_47011,2
synth_47509,2
synth_47825,2
synth_48518,2
synth_48630,2
synth_36049,2
synth_36175,2
synth_36504,2
synth_37268,2
synth_37377,2
synth_37523,2
synth_37564,2
synth_38022,2
synth_38323,2
synth_38403,2
synth_38811,2
synth_39387,2
synth_39815,2
synth_40273,2
synth_40290,2
synth_40372,2
synth_40391,2
synth_40413,2
synth_40732,2
synth_40747,2
synth_40921,2
synth_40959,2
synth_41232,2
synth_41490,2
synth_41504,2
synth_41895,2
synth_41996,2
synth_42029,2
synth_42673,2
synth_42692,2
synth_43586,2
synth_43743,2
synth_43881,2
synth_44019,2
synth_44394,2
synth_45154,2
synth_45841,2
synth_46294,2
synth_46525,2
synth_46902,2
synth_47604,2
synth_48045,2
synth_48181,2
synth_48266,2
synth_48466,2
synth_48699,2
synth_48789,2
synth_36298,2
synth_36771,2
synth_37108,2
synth_38648,2
synth_39626,2
synth_39657,2
synth_39860,2
synth_39957,2
synth_40022,2
synth_40086,2
synth_40279,2
synth_40288,2
synth_40918,2
synth_42180,2
synth_42795,2
synth_42988,2
synth_44620,2
synth_46408,2
synth_46461,2
synth_46962,2
synth_47879,2
synth_49706,2
synth_36118,2
synth_36249,2
synth_36615,2
synth_36691,2
synth_36705,2
synth_37055,2
synth_37120,2
synth_37307,2
synth_37665,2
synth_37977,2
synth_38472,2
synth_38483,2
synth_38515,2
synth_38880,2
synth_39210,2
synth_39397,2
synth_39588,2
synth_40416,2
synth_40438,2
synth_40630,2
synth_40663,2
synth_40665,2
synth_40727,2
synth_40752,2
synth_40811,2
synth_40927,2
synth_41062,2
synth_41300,2
synth_41668,2
synth_41724,2
synth_41748,2
synth_41796,2
synth_42017,2
synth_42423,2
synth_43389,2
synth_43422,2
synth_43765,2
synth_44345,2
synth_44356,2
synth_44398,2
synth_44407,2
synth_44768,2
synth_45052,2
synth_45076,2
synth_45228,2
synth_45391,2
synth_45583,2
synth_46277,2
synth_48182,2
synth_48287,2
synth_48390,2
synth_48653,2
synth_49072,2
synth_49361,2
synth_49394,2
synth_49834,2
synth_49966,2
synth_36329,2
synth_37109,2
synth_38742,2
synth_38993,2
synth_39664,2
synth_45711,2
synth_45922,2
synth_46575,2
synth_46609,2
synth_47115,2
synth_47503,2
synth_47849,2
synth_47851,2
synth_47874,2
synth_47982,2
synth_48795,2
synth_49023,2
synth_49305,2
synth_49406,2
synth_35896,2
synth_35907,2
synth_36107,2
synth_36708,2
synth_37122,2
synth_37212,2
synth_37291,2
synth_37312,2
synth_37453,2
synth_37746,2
synth_38333,2
synth_38560,2
synth_38565,2
synth_38586,2
synth_38851,2
synth_39283,2
synth_39371,2
synth_39805,2
synth_40212,2
synth_40352,2
synth_40456,2
synth_40837,2
synth_41105,2
synth_41509,2
synth_41804,2
synth_42009,2
synth_42622,2
synth_42753,2
synth_42776,2
synth_43007,2
synth_43072,2
synth_43824,2
synth_44004,2
synth_44046,2
synth_44058,2
synth_44471,2
synth_44803,2
synth_44885,2
synth_44959,2
synth_45090,2
synth_45178,2
synth_45441,2
synth_45958,2
synth_45978,2
synth_46252,2
synth_47139,2
synth_47672,2
synth_47772,2
synth_47978,2
synth_48057,2
synth_48079,2
synth_48140,2
synth_48334,2
synth_48701,2
synth_49352,2
synth_36461,2
synth_36780,2
synth_37001,2
synth_37008,2
synth_40012,2
synth_42558,2
synth_42881,2
synth_42952,2
synth_43078,2
synth_45639,2
synth_46607,2
synth_46699,2
synth_47811,2
synth_48189,2
synth_49247,2
synth_49304,2
synth_36524,2
synth_36992,2
synth_37188,2
synth_37253,2
synth_37382,2
synth_37493,2
synth_38076,2
synth_38352,2
synth_38399,2
synth_38408,2
synth_38585,2
synth_38910,2
synth_38915,2
synth_38970,2
synth_39333,2
synth_39472,2
synth_39907,2
synth_40313,2
synth_40319,2
synth_40513,2
synth_40535,2
synth_40762,2
synth_40929,2
synth_41055,2
synth_41068,2
synth_41224,2
synth_41253,2
synth_41315,2
synth_41621,2
synth_41777,2
synth_41802,2
synth_42239,2
synth_42384,2
synth_42602,2
synth_42693,2
synth_43045,2
synth_43188,2
synth_43343,2
synth_43570,2
synth_43617,2
synth_43777,2
synth_43827,2
synth_44336,2
synth_44353,2
synth_44384,2
synth_45262,2
synth_45276,2
synth_45852,2
synth_46018,2
synth_46043,2
synth_46254,2
synth_46915,2
synth_47032,2
synth_47075,2
synth_47126,2
synth_47330,2
synth_47396,2
synth_48087,2
synth_48291,2
synth_48869,2
synth_49065,2
synth_49546,2
synth_49630,2
synth_49655,2
synth_49806,2
synth_49807,2
synth_49884,2
synth_36554,2
synth_36644,2
synth_36667,2
synth_37669,2
synth_38137,2
synth_38154,2
synth_39681,2
synth_39781,2
synth_39877,2
synth_45559,2
synth_45629,2
synth_45965,2
synth_46613,2
synth_47838,2
synth_49069,2
synth_49315,2
synth_49318,2
synth_49863,2
synth_35908,2
synth_36346,2
synth_36360,2
synth_37447,2
synth_37532,2
synth_37672,2
synth_37879,2
synth_38692,2
synth_39183,2
synth_39471,2
synth_40042,2
synth_40439,2
synth_41259,2
synth_41273,2
synth_41301,2
synth_41945,2
synth_42229,2
synth_42785,2
synth_43744,2
synth_43814,2
synth_43970,2
synth_43991,2
synth_44003,2
synth_44052,2
synth_44055,2
synth_44193,2
synth_44519,2
synth_44737,2
synth_45405,2
synth_45589,2
synth_45821,2
synth_45827,2
synth_46187,2
synth_46534,2
synth_46920,2
synth_47082,2
synth_47357,2
synth_47455,2
synth_47644,2
synth_47688,2
synth_47736,2
synth_48017,2
synth_48153,2
synth_48745,2
synth_49080,2
synth_49573,2
synth_49882,2
synth_36077,2
synth_36564,2
synth_36767,2
synth_36855,2
synth_38175,2
synth_38479,2
synth_40028,2
synth_40150,2
synth_44821,2
synth_45971,2
synth_46173,2
synth_46211,2
synth_46339,2
synth_46687,2
synth_47108,2
synth_47750,2
synth_47844,2
synth_47935,2
synth_48724,2
synth_49282,2
synth_49283,2
synth_35964,2
synth_36384,2
synth_37386,2
synth_37479,2
synth_37587,2
synth_38192,2
synth_38432,2
synth_38491,2
synth_38898,2
synth_39047,2
synth_39395,2
synth_39543,2
synth_40680,2
synth_41023,2
synth_41123,2
synth_41272,2
synth_41567,2
synth_42124,2
synth_42403,2
synth_42751,2
synth_42826,2
synth_43042,2
synth_43290,2
synth_43436,2
synth_43437,2
synth_43460,2
synth_43840,2
synth_43856,2
synth_43990,2
synth_43993,2
synth_44700,2
synth_44952,2
synth_45188,2
synth_45361,2
synth_45496,2
synth_45586,2
synth_46104,2
synth_46194,2
synth_47013,2
synth_47262,2
synth_48231,2
synth_49118,2
synth_49274,2
synth_49589,2
synth_49839,2
synth_36635,2
synth_36656,2
synth_36927,2
synth_36967,2
synth_36988,2
synth_37933,2
synth_39680,2
synth_40070,2
synth_41512,2
synth_42493,2
synth_45936,2
synth_45975,2
synth_47505,2
synth_47656,2
synth_48806,2
synth_48954,2
synth_36117,2
synth_36212,2
synth_36335,2
synth_36369,2
synth_36506,2
synth_37123,2
synth_37429,2
synth_37516,2
synth_38356,2
synth_38361,2
synth_38626,2
synth_39026,2
synth_39078,2
synth_39476,2
synth_39553,2
synth_40451,2
synth_40530,2
synth_40722,2
synth_40778,2
synth_40966,2
synth_41022,2
synth_41332,2
synth_41531,2
synth_41649,2
synth_41990,2
synth_42047,2
synth_42275,2
synth_42578,2
synth_42686,2
synth_42758,2
synth_43138,2
synth_43536,2
synth_43602,2
synth_43658,2
synth_44207,2
synth_44213,2
synth_44268,2
synth_44534,2
synth_44868,2
synth_44946,2
synth_45145,2
synth_45325,2
synth_45484,2
synth_46074,2
synth_46847,2
synth_47182,2
synth_47213,2
synth_47765,2
synth_47968,2
synth_48088,2
synth_48180,2
synth_48262,2
synth_48492,2
synth_48571,2
synth_38416,2
synth_38777,2
synth_39267,2
synth_41684,2
synth_42101,2
synth_42377,2
synth_44119,2
synth_44180,2
synth_44998,2
synth_45606,2
synth_45779,2
synth_46208,2
synth_46327,2
synth_46676,2
synth_46752,2
synth_47247,2
synth_47441,2
synth_47714,2
synth_47878,2
synth_48405,2
synth_48958,2
synth_48975,2
synth_36003,2
synth_36379,2
synth_37474,2
synth_37518,2
synth_37596,2
synth_37978,2
synth_38304,2
synth_38362,2
synth_38369,2
synth_38394,2
synth_39484,2
synth_39487,2
synth_39510,2
synth_40173,2
synth_40868,2
synth_41428,2
synth_41455,2
synth_41803,2
synth_41880,2
synth_42104,2
synth_42165,2
synth_42361,2
synth_42610,2
synth_42625,2
synth_42743,2
synth_43433,2
synth_43630,2
synth_44079,2
synth_44782,2
synth_44862,2
synth_45025,2
synth_45251,2
synth_45312,2
synth_45648,2
synth_45689,2
synth_45798,2
synth_46029,2
synth_47474,2
synth_47529,2
synth_48461,2
synth_48501,2
synth_49197,2
synth_49218,2
synth_49525,2
synth_49718,2
synth_49726,2
synth_49777,2
synth_49793,2
synth_49969,2
synth_36456,2
synth_36799,2
synth_36833,2
synth_36849,2
synth_36866,2
synth_36885,2
synth_39343,2
synth_40257,2
synth_41664,2
synth_43183,2
synth_43734,2
synth_44941,2
synth_45960,2
synth_46153,2
synth_46170,2
synth_46329,2
synth_46585,2
synth_46649,2
synth_47905,2
synth_48809,2
synth_48912,2
synth_48929,2
synth_49278,2
synth_49900,2
synth_35987,2
synth_36087,2
synth_36163,2
synth_36264,2
synth_36371,2
synth_37584,2
synth_37730,2
synth_37992,2
synth_38038,2
synth_38077,2
synth_39093,2
synth_39103,2
synth_39112,2
synth_39879,2
synth_40578,2
synth_40641,2
synth_41057,2
synth_41195,2
synth_41245,2
synth_41381,2
synth_41425,2
synth_41848,2
synth_41946,2
synth_42350,2
synth_42397,2
synth_42712,2
synth_43032,2
synth_43773,2
synth_43820,2
synth_44154,2
synth_44220,2
synth_44249,2
synth_44271,2
synth_44506,2
synth_44899,2
synth_45398,2
synth_45503,2
synth_45842,2
synth_46433,2
synth_47055,2
synth_47499,2
synth_48066,2
synth_48669,2
synth_48751,2
synth_48871,2
synth_49539,2
synth_49769,2
synth_49885,2
synth_36979,2
synth_36989,2
synth_37104,2
synth_37228,2
synth_37919,2
synth_38478,2
synth_38768,2
synth_38941,2
synth_39645,2
synth_40282,2
synth_42847,2
synth_42861,2
synth_43124,2
synth_43725,2
synth_44892,2
synth_44917,2
synth_45724,2
synth_46683,2
synth_46726,2
synth_47438,2
synth_47608,2
synth_47754,2
synth_48886,2
synth_49294,2
synth_35915,2
synth_35941,2
synth_36084,2
synth_36103,2
synth_36181,2
synth_36339,2
synth_36366,2
synth_36614,2
synth_37091,2
synth_37466,2
synth_37534,2
synth_37625,2
synth_37660,2
synth_39028,2
synth_40434,2
synth_40546,2
synth_40645,2
synth_40920,2
synth_40994,2
synth_41263,2
synth_42110,2
synth_42130,2
synth_42274,2
synth_42396,2
synth_42418,2
synth_43014,2
synth_43115,2
synth_43216,2
synth_43400,2
synth_43532,2
synth_43832,2
synth_43870,2
synth_43892,2
synth_43905,2
synth_44405,2
synth_44409,2
synth_44640,2
synth_44912,2
synth_45139,2
synth_45232,2
synth_45266,2
synth_45817,2
synth_45882,2
synth_47092,2
synth_47514,2
synth_47584,2
synth_48767,2
synth_48836,2
synth_49542,2
synth_49737,2
synth_49897,2
synth_36094,2
synth_36668,2
synth_36686,2
synth_36995,2
synth_38704,2
synth_39725,2
synth_39852,2
synth_39873,2
synth_40103,2
synth_42160,2
synth_42489,2
synth_42971,2
synth_43097,2
synth_44893,2
synth_44985,2
synth_45628,2
synth_47476,2
synth_48636,2
synth_48902,2
synth_37065,2
synth_37682,2
synth_37763,2
synth_38163,2
synth_38659,2
synth_39406,2
synth_39813,2
synth_39833,2
synth_39982,2
synth_40780,2
synth_41039,2
synth_41153,2
synth_41357,2
synth_41489,2
synth_41715,2
synth_41721,2
synth_41936,2
synth_41957,2
synth_42312,2
synth_42422,2
synth_42768,2
synth_43257,2
synth_43662,2
synth_43752,2
synth_44429,2
synth_44763,2
synth_44773,2
synth_45024,2
synth_45341,2
synth_45428,2
synth_47456,2
synth_47605,2
synth_47610,2
synth_47661,2
synth_48154,2
synth_48197,2
synth_48393,2
synth_48587,2
synth_48746,2
synth_48792,2
synth_49386,2
synth_49455,2
synth_49763,2
synth_49939,2
synth_36796,2
synth_36950,2
synth_37144,2
synth_37635,2
synth_37659,2
synth_37958,2
synth_38438,2
synth_38746,2
synth_39677,2
synth_39760,2
synth_39944,2
synth_40619,2
synth_41789,2
synth_43084,2
synth_43709,2
synth_44142,2
synth_44837,2
synth_46553,2
synth_46855,2
synth_46978,2
synth_47118,2
synth_47897,2
synth_47972,2
synth_48624,2
synth_48920,2
synth_35960,2
synth_36042,2
synth_36547,2
synth_36622,2
synth_36681,2
synth_36801,2
synth_37076,2
synth_37213,2
synth_37374,2
synth_37488,2
synth_37768,2
synth_37783,2
synth_38245,2
synth_38286,2
synth_38500,2
synth_38539,2
synth_39100,2
synth_39214,2
synth_39577,2
synth_40157,2
synth_40539,2
synth_40821,2
synth_41109,2
synth_41390,2
synth_41817,2
synth_42543,2
synth_42664,2
synth_42744,2
synth_42828,2
synth_43011,2
synth_43612,2
synth_43657,2
synth_43934,2
synth_43982,2
synth_44239,2
synth_44284,2
synth_44418,2
synth_44486,2
synth_45290,2
synth_45459,2
synth_45499,2
synth_46828,2
synth_47450,2
synth_47495,2
synth_47779,2
synth_48074,2
synth_49063,2
synth_49443,2
synth_49599,2
synth_36451,2
synth_36540,2
synth_37189,2
synth_38235,2
synth_38700,2
synth_38836,2
synth_39857,2
synth_40032,2
synth_40146,2
synth_40905,2
synth_41654,2
synth_42850,2
synth_42868,2
synth_43708,2
synth_46227,2
synth_46795,2
synth_46851,2
synth_47802,2
synth_47899,2
synth_48129,2
synth_48729,2
synth_35905,2
synth_35924,2
synth_36231,2
synth_37622,2
synth_37724,2
synth_38054,2
synth_38268,2
synth_38738,2
synth_39227,2
synth_40370,2
synth_40735,2
synth_41526,2
synth_42019,2
synth_42398,2
synth_43906,2
synth_44637,2
synth_44807,2
synth_44884,2
synth_45119,2
synth_45306,2
synth_45899,2
synth_46125,2
synth_46482,2
synth_46871,2
synth_46892,2
synth_47019,2
synth_47231,2
synth_47313,2
synth_47570,2
synth_47990,2
synth_48001,2
synth_48199,2
synth_48261,2
synth_48476,2
synth_48530,2
synth_48695,2
synth_48742,2
synth_48747,2
synth_49108,2
synth_49168,2
synth_49251,2
synth_49442,2
synth_49479,2
synth_49929,2
synth_36582,2
synth_36996,2
synth_37012,2
synth_39672,2
synth_39673,2
synth_40033,2
synth_40683,2
synth_40705,2
synth_42900,2
synth_43996,2
synth_46442,2
synth_46786,2
synth_47759,2
synth_47856,2
synth_48137,2
synth_48178,2
synth_48798,2
synth_49022,2
synth_49583,2
synth_36005,2
synth_36134,2
synth_36665,2
synth_37066,2
synth_37981,2
synth_38057,2
synth_38604,2
synth_38899,2
synth_39242,2
synth_39470,2
synth_39508,2
synth_39594,2
synth_39769,2
synth_39899,2
synth_40249,2
synth_40572,2
synth_40584,2
synth_40651,2
synth_40968,2
synth_41021,2
synth_41142,2
synth_41215,2
synth_41411,2
synth_41554,2
synth_41647,2
synth_41717,2
synth_41757,2
synth_41901,2
synth_42069,2
synth_42383,2
synth_42606,2
synth_43013,2
synth_43231,2
synth_43601,2
synth_43672,2
synth_43849,2
synth_43981,2
synth_44365,2
synth_44720,2
synth_44786,2
synth_45030,2
synth_45864,2
synth_46019,2
synth_46113,2
synth_46205,2
synth_46742,2
synth_46768,2
synth_47275,2
synth_47315,2
synth_47789,2
synth_47962,2
synth_48047,2
synth_48058,2
synth_48347,2
synth_48595,2
synth_49331,2
synth_49465,2
synth_49511,2
synth_49819,2
synth_49872,2
synth_49873,2
synth_49925,2
synth_36930,2
synth_37019,2
synth_37178,2
synth_37949,2
synth_38801,2
synth_38919,2
synth_39761,2
synth_40007,2
synth_40118,2
synth_40266,2
synth_40284,2
synth_41583,2
synth_43202,2
synth_43727,2
synth_44731,2
synth_44771,2
synth_45974,2
synth_46565,2
synth_47840,2
synth_48318,2
synth_48894,2
synth_49019,2
synth_49704,2
synth_36186,2
synth_36962,2
synth_37792,2
synth_37802,2
synth_37901,2
synth_38343,2
synth_38484,2
synth_39250,2
synth_40147,2
synth_40392,2
synth_41248,2
synth_41254,2
synth_41585,2
synth_41955,2
synth_41976,2
synth_42074,2
synth_42142,2
synth_42266,2
synth_42272,2
synth_42515,2
synth_42658,2
synth_43226,2
synth_43466,2
synth_43482,2
synth_43681,2
synth_44240,2
synth_44832,2
synth_45141,2
synth_45211,2
synth_45231,2
synth_45237,2
synth_45296,2
synth_45505,2
synth_45843,2
synth_45947,2
synth_47245,2
synth_47351,2
synth_48244,2
synth_48561,2
synth_49397,2
synth_49554,2
synth_49736,2
synth_49870,2
synth_36560,2
synth_36765,2
synth_36768,2
synth_39770,2
synth_42026,2
synth_45775,2
synth_45921,2
synth_46796,2
synth_47597,2
synth_48115,2
synth_48938,2
synth_49412,2
synth_49712,2
synth_49800,2
synth_35933,2
synth_36012,2
synth_36014,2
synth_36262,2
synth_36724,2
synth_37426,2
synth_37681,2
synth_37988,2
synth_37993,2
synth_38027,2
synth_38791,2
synth_38799,2
synth_38914,2
synth_39211,2
synth_39331,2
synth_39346,2
synth_39910,2
synth_40236,2
synth_40575,2
synth_40791,2
synth_40952,2
synth_41198,2
synth_41378,2
synth_41542,2
synth_41695,2
synth_41713,2
synth_42116,2
synth_42440,2
synth_42454,2
synth_42678,2
synth_42709,2
synth_43058,2
synth_43228,2
synth_43538,2
synth_44053,2
synth_44626,2
synth_44860,2
synth_44949,2
synth_45426,2
synth_45569,2
synth_46236,2
synth_46737,2
synth_47009,2
synth_47045,2
synth_47084,2
synth_47643,2
synth_47771,2
synth_48124,2
synth_48126,2
synth_48754,2
synth_49086,2
synth_49205,2
synth_49270,2
synth_49345,2
synth_49975,2
synth_36594,2
synth_37245,2
synth_39640,2
synth_39703,2
synth_39872,2
synth_40121,2
synth_41613,2
synth_42172,2
synth_42204,2
synth_42917,2
synth_43726,2
synth_45911,2
synth_46573,2
synth_46970,2
synth_48634,2
synth_48815,2
synth_48901,2
synth_36052,2
synth_36061,2
synth_36352,2
synth_37640,2
synth_38043,2
synth_38422,2
synth_38470,2
synth_38557,2
synth_38622,2
synth_39015,2
synth_39312,2
synth_39398,2
synth_39420,2
synth_40366,2
synth_40564,2
synth_40569,2
synth_40647,2
synth_40736,2
synth_40771,2
synth_40786,2
synth_41383,2
synth_41468,2
synth_41586,2
synth_41729,2
synth_41781,2
synth_41988,2
synth_42054,2
synth_42583,2
synth_42690,2
synth_42819,2
synth_43057,2
synth_44029,2
synth_44166,2
synth_44209,2
synth_44333,2
synth_44372,2
synth_44925,2
synth_44951,2
synth_45699,2
synth_46706,2
synth_46824,2
synth_47007,2
synth_47091,2
synth_47120,2
synth_47156,2
synth_47167,2
synth_47362,2
synth_47426,2
synth_47494,2
synth_47607,2
synth_48089,2
synth_48320,2
synth_48856,2
synth_48867,2
synth_49449,2
synth_49513,2
synth_49529,2
synth_49628,2
synth_49725,2
synth_49909,2
synth_36463,2
synth_36645,2
synth_36892,2
synth_38214,2
synth_38782,2
synth_39279,2
synth_39720,2
synth_40709,2
synth_41401,2
synth_41776,2
synth_42006,2
synth_42488,2
synth_42961,2
synth_43063,2
synth_43106,2
synth_43738,2
synth_44139,2
synth_45811,2
synth_45916,2
synth_46446,2
synth_48640,2
synth_48660,2
synth_49813,2
synth_36373,2
synth_36515,2
synth_36722,2
synth_36749,2
synth_36852,2
synth_37260,2
synth_38040,2
synth_38433,2
synth_38445,2
synth_38448,2
synth_38611,2
synth_38977,2
synth_39584,2
synth_40531,2
synth_40538,2
synth_40576,2
synth_40615,2
synth_40840,2
synth_40860,2
synth_40891,2
synth_41104,2
synth_41168,2
synth_41211,2
synth_41328,2
synth_41344,2
synth_41419,2
synth_41891,2
synth_42186,2
synth_42364,2
synth_43069,2
synth_43135,2
synth_43419,2
synth_43454,2
synth_43476,2
synth_43888,2
synth_44066,2
synth_44150,2
synth_44292,2
synth_44298,2
synth_44745,2
synth_44800,2
synth_44876,2
synth_44886,2
synth_45071,2
synth_45293,2
synth_45431,2
synth_45469,2
synth_45640,2
synth_46842,2
synth_47334,2
synth_48588,2
synth_48840,2
synth_49559,2
synth_49625,2
synth_36449,2
synth_36454,2
synth_36536,2
synth_36798,2
synth_37656,2
synth_38460,2
synth_38929,2
synth_40091,2
synth_41670,2
synth_41787,2
synth_43987,2
synth_45990,2
synth_45992,2
synth_47504,2
synth_48937,2
synth_49049,2
synth_49408,2
synth_49474,2
synth_36022,2
synth_36248,2
synth_36358,2
synth_36363,2
synth_37413,2
synth_37476,2
synth_37666,2
synth_37715,2
synth_37725,2
synth_38378,2
synth_38400,2
synth_38447,2
synth_38508,2
synth_39016,2
synth_39120,2
synth_39537,2
synth_39611,2
synth_40448,2
synth_40945,2
synth_40996,2
synth_41146,2
synth_41418,2
synth_41709,2
synth_41766,2
synth_41842,2
synth_41856,2
synth_42322,2
synth_42811,2
synth_43364,2
synth_43780,2
synth_44001,2
synth_44081,2
synth_44095,2
synth_44290,2
synth_44395,2
synth_44451,2
synth_44508,2
synth_44525,2
synth_44810,2
synth_45045,2
synth_45046,2
synth_45204,2
synth_45402,2
synth_45430,2
synth_45473,2
synth_45790,2
synth_45869,2
synth_46047,2
synth_46225,2
synth_46375,2
synth_46739,2
synth_47071,2
synth_47202,2
synth_47338,2
synth_47383,2
synth_47552,2
synth_48018,2
synth_49527,2
synth_49638,2
synth_49856,2
synth_36495,2
synth_36784,2
synth_37005,2
synth_37349,2
synth_37926,2
synth_38167,2
synth_38762,2
synth_39785,2
synth_40016,2
synth_40649,2
synth_42102,2
synth_42791,2
synth_42924,2
synth_42941,2
synth_43352,2
synth_43705,2
synth_43796,2
synth_45734,2
synth_45752,2
synth_46233,2
synth_46625,2
synth_46941,2
synth_48149,2
synth_48542,2
synth_48847,2
synth_35958,2
synth_37276,2
synth_37695,2
synth_38103,2
synth_38351,2
synth_38579,2
synth_39065,2
synth_39401,2
synth_39531,2
synth_41229,2
synth_41354,2
synth_41690,2
synth_42321,2
synth_42716,2
synth_43428,2
synth_44091,2
synth_44163,2
synth_44234,2
synth_44526,2
synth_44571,2
synth_44804,2
synth_44953,2
synth_45163,2
synth_45297,2
synth_45698,2
synth_45771,2
synth_46085,2
synth_46931,2
synth_47097,2
synth_47198,2
synth_47308,2
synth_47558,2
synth_48052,2
synth_48330,2
synth_48493,2
synth_49142,2
synth_49709,2
synth_49733,2
synth_49784,2
synth_36277,2
synth_36847,2
synth_38010,2
synth_38329,2
synth_38945,2
synth_39667,2
synth_41517,2
synth_42947,2
synth_42957,2
synth_43716,2
synth_46137,2
synth_46172,2
synth_46875,2
synth_46876,2
synth_46983,2
synth_48421,2
synth_36169,2
synth_36184,2
synth_36312,2
synth_36700,2
synth_38034,2
synth_38218,2
synth_38675,2
synth_39597,2
synth_41051,2
synth_41157,2
synth_41256,2
synth_41339,2
synth_41529,2
synth_42167,2
synth_42441,2
synth_42737,2
synth_43559,2
synth_43616,2
synth_43805,2
synth_44021,2
synth_44171,2
synth_44684,2
synth_44808,2
synth_44877,2
synth_45074,2
synth_45497,2
synth_45803,2
synth_45876,2
synth_46259,2
synth_46297,2
synth_46368,2
synth_46533,2
synth_47098,2
synth_47222,2
synth_47491,2
synth_48185,2
synth_49110,2
synth_49450,2
synth_49462,2
synth_49634,2
synth_49846,2
synth_36633,2
synth_36763,2
synth_36861,2
synth_36970,2
synth_37959,2
synth_37963,2
synth_38031,2
synth_40005,2
synth_41671,2
synth_42022,2
synth_42319,2
synth_42873,2
synth_42885,2
synth_42896,2
synth_43076,2
synth_43201,2
synth_44560,2
synth_44751,2
synth_46665,2
synth_46984,2
synth_47760,2
synth_47852,2
synth_49004,2
synth_36275,2
synth_36723,2
synth_36819,2
synth_37299,2
synth_37706,2
synth_37859,2
synth_38066,2
synth_38205,2
synth_39409,2
synth_39502,2
synth_39503,2
synth_39615,2
synth_39921,2
synth_39981,2
synth_40037,2
synth_40178,2
synth_41052,2
synth_41179,2
synth_41496,2
synth_41552,2
synth_41622,2
synth_41722,2
synth_42148,2
synth_42450,2
synth_42597,2
synth_42615,2
synth_42632,2
synth_43893,2
synth_44363,2
synth_44461,2
synth_44724,2
synth_44790,2
synth_45287,2
synth_46012,2
synth_46418,2
synth_46798,2
synth_47003,2
synth_48386,2
synth_48577,2
synth_49435,2
synth_49786,2
synth_49923,2
synth_36457,2
synth_36569,2
synth_36585,2
synth_36864,2
synth_37136,2
synth_38155,2
synth_38199,2
synth_38532,2
synth_40111,2
synth_42338,2
synth_42842,2
synth_43181,2
synth_45741,2
synth_45996,2
synth_46348,2
synth_46395,2
synth_46410,2
synth_46629,2
synth_46731,2
synth_46973,2
synth_47815,2
synth_49804,2
synth_35946,2
synth_36065,2
synth_36136,2
synth_36168,2
synth_36177,2
synth_36392,2
synth_37495,2
synth_37890,2
synth_38082,2
synth_38596,2
synth_38629,2
synth_38653,2
synth_38689,2
synth_38728,2
synth_40238,2
synth_40316,2
synth_40477,2
synth_40975,2
synth_40989,2
synth_41050,2
synth_41231,2
synth_41499,2
synth_41608,2
synth_41719,2
synth_41836,2
synth_43501,2
synth_43769,2
synth_43887,2
synth_43951,2
synth_44020,2
synth_44043,2
synth_44054,2
synth_44149,2
synth_44536,2
synth_44580,2
synth_44712,2
synth_45506,2
synth_47044,2
synth_47232,2
synth_47286,2
synth_47294,2
synth_47964,2
synth_48933,2
synth_49096,2
synth_49146,2
synth_49376,2
synth_49603,2
synth_49605,2
synth_36473,2
synth_36474,2
synth_36631,2
synth_37157,2
synth_37546,2
synth_37675,2
synth_37809,2
synth_37915,2
synth_38723,2
synth_38939,2
synth_40123,2
synth_40141,2
synth_42554,2
synth_42920,2
synth_42963,2
synth_44199,2
synth_44984,2
synth_45563,2
synth_45774,2
synth_45849,2
synth_45859,2
synth_46868,2
synth_46968,2
synth_48817,2
synth_49257,2
synth_49705,2
synth_36019,2
synth_36119,2
synth_36381,2
synth_36717,2
synth_37753,2
synth_38117,2
synth_38490,2
synth_39311,2
synth_39962,2
synth_39964,2
synth_40199,2
synth_40202,2
synth_40622,2
synth_40991,2
synth_41368,2
synth_41559,2
synth_42072,2
synth_42243,2
synth_42442,2
synth_42501,2
synth_42600,2
synth_42739,2
synth_43005,2
synth_43270,2
synth_43592,2
synth_43670,2
synth_43675,2
synth_43686,2
synth_43828,2
synth_43847,2
synth_43979,2
synth_44084,2
synth_44101,2
synth_45083,2
synth_45275,2
synth_45384,2
synth_46059,2
synth_46305,2
synth_46531,2
synth_48133,2
synth_48639,2
synth_48674,2
synth_49035,2
synth_49068,2
synth_49379,2
synth_49557,2
synth_49887,2
synth_36562,2
synth_38188,2
synth_39655,2
synth_39685,2
synth_40152,2
synth_40278,2
synth_42253,2
synth_42339,2
synth_42964,2
synth_43735,2
synth_46272,2
synth_46667,2
synth_46678,2
synth_47549,2
synth_47931,2
synth_48202,2
synth_48808,2
synth_48848,2
synth_37090,2
synth_37365,2
synth_37554,2
synth_37729,2
synth_38393,2
synth_38581,2
synth_38599,2
synth_39430,2
synth_39551,2
synth_39920,2
synth_39986,2
synth_40077,2
synth_40213,2
synth_40260,2
synth_40328,2
synth_40450,2
synth_40589,2
synth_41088,2
synth_41159,2
synth_41825,2
synth_42127,2
synth_42654,2
synth_42762,2
synth_43157,2
synth_43626,2
synth_43655,2
synth_44469,2
synth_44680,2
synth_45491,2
synth_46836,2
synth_47953,2
synth_47979,2
synth_48006,2
synth_49189,2
synth_49507,2
synth_49750,2
synth_36462,2
synth_36468,2
synth_36567,2
synth_36867,2
synth_36893,2
synth_38186,2
synth_39317,2
synth_40020,2
synth_40518,2
synth_40700,2
synth_42031,2
synth_42388,2
synth_43733,2
synth_44770,2
synth_44894,2
synth_45676,2
synth_46562,2
synth_47725,2
synth_48117,2
synth_35942,2
synth_36044,2
synth_36525,2
synth_37310,2
synth_37833,2
synth_38398,2
synth_38480,2
synth_38832,2
synth_38980,2
synth_39097,2
synth_39480,2
synth_39524,2
synth_39542,2
synth_39612,2
synth_39998,2
synth_40781,2
synth_41305,2
synth_41949,2
synth_42135,2
synth_42271,2
synth_42292,2
synth_42306,2
synth_42503,2
synth_42836,2
synth_42899,2
synth_43244,2
synth_43786,2
synth_43947,2
synth_44544,2
synth_44757,2
synth_45403,2
synth_45458,2
synth_45877,2
synth_45888,2
synth_46076,2
synth_46245,2
synth_46299,2
synth_46535,2
synth_46829,2
synth_47325,2
synth_47407,2
synth_47691,2
synth_48452,2
synth_48700,2
synth_49468,2
synth_49948,2
synth_49970,2
synth_36328,2
synth_36931,2
synth_37648,2
synth_37914,2
synth_39060,2
synth_39639,2
synth_39880,2
synth_40082,2
synth_42985,2
synth_43128,2
synth_45535,2
synth_45730,2
synth_48114,2
synth_48249,2
synth_49296,2
synth_49591,2
synth_35891,2
synth_35895,2
synth_35982,2
synth_36193,2
synth_36519,2
synth_36539,2
synth_37082,2
synth_37092,2
synth_37785,2
synth_38311,2
synth_39481,2
synth_39947,2
synth_40356,2
synth_40514,2
synth_40568,2
synth_40571,2
synth_40764,2
synth_41155,2
synth_41196,2
synth_41573,2
synth_41769,2
synth_42199,2
synth_42471,2
synth_42550,2
synth_43459,2
synth_43493,2
synth_44034,2
synth_44272,2
synth_44335,2
synth_44537,2
synth_44898,2
synth_44965,2
synth_44974,2
synth_45757,2
synth_46285,2
synth_46359,2
synth_47035,2
synth_47360,2
synth_47427,2
synth_48593,2
synth_48790,2
synth_49045,2
synth_49050,2
synth_49854,2
synth_36986,2
synth_37175,2
synth_37928,2
synth_38169,2
synth_38195,2
synth_40083,2
synth_40154,2
synth_43692,2
synth_45575,2
synth_45709,2
synth_46132,2
synth_46156,2
synth_46603,2
synth_46648,2
synth_46974,2
synth_47248,2
synth_47270,2
synth_47545,2
synth_49405,2
synth_35917,2
synth_36000,2
synth_36436,2
synth_36805,2
synth_37238,2
synth_37304,2
synth_37733,2
synth_38240,2
synth_38571,2
synth_38854,2
synth_39193,2
synth_39230,2
synth_39360,2
synth_39493,2
synth_40059,2
synth_40222,2
synth_40498,2
synth_40580,2
synth_40638,2
synth_40756,2
synth_40881,2
synth_40987,2
synth_41076,2
synth_41219,2
synth_41286,2
synth_41459,2
synth_41711,2
synth_41808,2
synth_41878,2
synth_41919,2
synth_41921,2
synth_42113,2
synth_42311,2
synth_42641,2
synth_43139,2
synth_43195,2
synth_43219,2
synth_43275,2
synth_43332,2
synth_43596,2
synth_43911,2
synth_43928,2
synth_45029,2
synth_45047,2
synth_45759,2
synth_45783,2
synth_45838,2
synth_46040,2
synth_46084,2
synth_47361,2
synth_47988,2
synth_48531,2
synth_49167,2
synth_49170,2
synth_49959,2
synth_36587,2
synth_36747,2
synth_38226,2
synth_38238,2
synth_38984,2
synth_39847,2
synth_40014,2
synth_40689,2
synth_42888,2
synth_43283,2
synth_45577,2
synth_45860,2
synth_46304,2
synth_46447,2
synth_47475,2
synth_47864,2
synth_47946,2
synth_48416,2
synth_48715,2
synth_35922,2
synth_36108,2
synth_36171,2
synth_36230,2
synth_37102,2
synth_37191,2
synth_37194,2
synth_37407,2
synth_37686,2
synth_37777,2
synth_37801,2
synth_38513,2
synth_38601,2
synth_38798,2
synth_39046,2
synth_40056,2
synth_40203,2
synth_40377,2
synth_40734,2
synth_40953,2
synth_41264,2
synth_41505,2
synth_41705,2
synth_42345,2
synth_43337,2
synth_43417,2
synth_44842,2
synth_44908,2
synth_44913,2
synth_44966,2
synth_45022,2
synth_45095,2
synth_45451,2
synth_46116,2
synth_46135,2
synth_46283,2
synth_47124,2
synth_47297,2
synth_48271,2
synth_48299,2
synth_48474,2
synth_48698,2
synth_48782,2
synth_49337,2
synth_49620,2
synth_36284,2
synth_36441,2
synth_36465,2
synth_38766,2
synth_38943,2
synth_39278,2
synth_39735,2
synth_42151,2
synth_42607,2
synth_43109,2
synth_44161,2
synth_44556,2
synth_45615,2
synth_45920,2
synth_46655,2
synth_46694,2
synth_46908,2
synth_47675,2
synth_47703,2
synth_48805,2
synth_48827,2
synth_49822,2
synth_49840,2
synth_49861,2
synth_36319,2
synth_36505,2
synth_36559,2
synth_37232,2
synth_37414,2
synth_37721,2
synth_37728,2
synth_37866,2
synth_37985,2
synth_38041,2
synth_38344,2
synth_38496,2
synth_38630,2
synth_38667,2
synth_39458,2
synth_40379,2
synth_40602,2
synth_40834,2
synth_40943,2
synth_41091,2
synth_41218,2
synth_41912,2
synth_42289,2
synth_42630,2
synth_42728,2
synth_43438,2
synth_43542,2
synth_43756,2
synth_43857,2
synth_43962,2
synth_44470,2
synth_44874,2
synth_44879,2
synth_44903,2
synth_45069,2
synth_45873,2
synth_45897,2
synth_46324,2
synth_47141,2
synth_47250,2
synth_47416,2
synth_47472,2
synth_48096,2
synth_48289,2
synth_48540,2
synth_49370,2
synth_49504,2
synth_49596,2
synth_49864,2
synth_49871,2
synth_49881,2
synth_36953,2
synth_37337,2
synth_37540,2
synth_38289,2
synth_38434,2
synth_39358,2
synth_39758,2
synth_40092,2
synth_40297,2
synth_40759,2
synth_42792,2
synth_42943,2
synth_43064,2
synth_43127,2
synth_47119,2
synth_48910,2
synth_36200,2
synth_37576,2
synth_37881,2
synth_38310,2
synth_38572,2
synth_39297,2
synth_39482,2
synth_39534,2
synth_39911,2
synth_39914,2
synth_40229,2
synth_40459,2
synth_41147,2
synth_41217,2
synth_41924,2
synth_42076,2
synth_42702,2
synth_42717,2
synth_42849,2
synth_43289,2
synth_43574,2
synth_43768,2
synth_44125,2
synth_44690,2
synth_44769,2
synth_44809,2
synth_44887,2
synth_45349,2
synth_45373,2
synth_45439,2
synth_45481,2
synth_45582,2
synth_45610,2
synth_45687,2
synth_45824,2
synth_45988,2
synth_46030,2
synth_46363,2
synth_46514,2
synth_47081,2
synth_47291,2
synth_47333,2
synth_47415,2
synth_47587,2
synth_47625,2
synth_48147,2
synth_48487,2
synth_48672,2
synth_49327,2
synth_49593,2
synth_36446,2
synth_36639,2
synth_36782,2
synth_36856,2
synth_37828,2
synth_38646,2
synth_38767,2
synth_38771,2
synth_38934,2
synth_38955,2
synth_39871,2
synth_40000,2
synth_40695,2
synth_42918,2
synth_43160,2
synth_45630,2
synth_45721,2
synth_46651,2
synth_48370,2
synth_48510,2
synth_48631,2
synth_49427,2
synth_49860,2
synth_35923,2
synth_35953,2
synth_36024,2
synth_36057,2
synth_36250,2
synth_36907,2
synth_37064,2
synth_37071,2
synth_37302,2
synth_37537,2
synth_37771,2
synth_37899,2
synth_38430,2
synth_38471,2
synth_38638,2
synth_39372,2
synth_39416,2
synth_39599,2
synth_40604,2
synth_40825,2
synth_41027,2
synth_41047,2
synth_41760,2
synth_41862,2
synth_41875,2
synth_41962,2
synth_42506,2
synth_43254,2
synth_43322,2
synth_43357,2
synth_43448,2
synth_43487,2
synth_43498,2
synth_43802,2
synth_44050,2
synth_44216,2
synth_44402,2
synth_44499,2
synth_44818,2
synth_44883,2
synth_45317,2
synth_45359,2
synth_45442,2
synth_45486,2
synth_45516,2
synth_46014,2
synth_47498,2
synth_48081,2
synth_48102,2
synth_48294,2
synth_48457,2
synth_48731,2
synth_49524,2
synth_49607,2
synth_49836,2
synth_36688,2
synth_36947,2
synth_37398,2
synth_38259,2
synth_40140,2
synth_41462,2
synth_42155,2
synth_42190,2
synth_42337,2
synth_43791,2
synth_46174,2
synth_46340,2
synth_46788,2
synth_47676,2
synth_47861,2
synth_47898,2
synth_47938,2
synth_48917,2
synth_49831,2
synth_35904,2
synth_35934,2
synth_35943,2
synth_35995,2
synth_36484,2
synth_37215,2
synth_38141,2
synth_38206,2
synth_38320,2
synth_38489,2
synth_38882,2
synth_39270,2
synth_39585,2
synth_40161,2
synth_40380,2
synth_40490,2
synth_40741,2
synth_41130,2
synth_41262,2
synth_41322,2
synth_41666,2
synth_41935,2
synth_42241,2
synth_42631,2
synth_42816,2
synth_43044,2
synth_43676,2
synth_43876,2
synth_43912,2
synth_44041,2
synth_44109,2
synth_44134,2
synth_44324,2
synth_44388,2
synth_44404,2
synth_44426,2
synth_44478,2
synth_44708,2
synth_44710,2
synth_44869,2
synth_45018,2
synth_45055,2
synth_45094,2
synth_45236,2
synth_45247,2
synth_45353,2
synth_45848,2
synth_45857,2
synth_46025,2
synth_46357,2
synth_46760,2
synth_47104,2
synth_47397,2
synth_47690,2
synth_48491,2
synth_48722,2
synth_48971,2
synth_49098,2
synth_49454,2
synth_49616,2
synth_49751,2
synth_49867,2
synth_36071,2
synth_36082,2
synth_36870,2
synth_36914,2
synth_38805,2
synth_39698,2
synth_40052,2
synth_40113,2
synth_40287,2
synth_40528,2
synth_41782,2
synth_42195,2
synth_42255,2
synth_42913,2
synth_43995,2
synth_44121,2
synth_44196,2
synth_45541,2
synth_45618,2
synth_46301,2
synth_46860,2
synth_46987,2
synth_47478,2
synth_47700,2
synth_47743,2
synth_49308,2
synth_49402,2
synth_36306,2
synth_36941,2
synth_37060,2
synth_37569,2
synth_37585,2
synth_38074,2
synth_38322,2
synth_38395,2
synth_38639,2
synth_38855,2
synth_39079,2
synth_39094,2
synth_39245,2
synth_39352,2
synth_39377,2
synth_39392,2
synth_39427,2
synth_39990,2
synth_40300,2
synth_40485,2
synth_40553,2
synth_41285,2
synth_41443,2
synth_41485,2
synth_41840,2
synth_41857,2
synth_41963,2
synth_42168,2
synth_42225,2
synth_42498,2
synth_42588,2
synth_42633,2
synth_43494,2
synth_43518,2
synth_43589,2
synth_44211,2
synth_44420,2
synth_44511,2
synth_45246,2
synth_45271,2
synth_45498,2
synth_45764,2
synth_46032,2
synth_46292,2
synth_47001,2
synth_47171,2
synth_47172,2
synth_47493,2
synth_47648,2
synth_47793,2
synth_47895,2
synth_47993,2
synth_48775,2
synth_48820,2
synth_49260,2
synth_49326,2
synth_49357,2
synth_36448,2
synth_37932,2
synth_38469,2
synth_39675,2
synth_40916,2
synth_43162,2
synth_44550,2
synth_45578,2
synth_45943,2
synth_45945,2
synth_46452,2
synth_46467,2
synth_47655,2
synth_47908,2
synth_48556,2
synth_48928,2
synth_36056,2
synth_37054,2
synth_37111,2
synth_37727,2
synth_38284,2
synth_38410,2
synth_38577,2
synth_38665,2
synth_38681,2
synth_38904,2
synth_38967,2
synth_39228,2
synth_39276,2
synth_39366,2
synth_39422,2
synth_39617,2
synth_40219,2
synth_40306,2
synth_40400,2
synth_40769,2
synth_41016,2
synth_41126,2
synth_41249,2
synth_41294,2
synth_41393,2
synth_41422,2
synth_41430,2
synth_42145,2
synth_42158,2
synth_42238,2
synth_42764,2
synth_43156,2
synth_43170,2
synth_43176,2
synth_43334,2
synth_43411,2
synth_43531,2
synth_43629,2
synth_43631,2
synth_44122,2
synth_44456,2
synth_44843,2
synth_45210,2
synth_45230,2
synth_45929,2
synth_46086,2
synth_46777,2
synth_47023,2
synth_47200,2
synth_47256,2
synth_47501,2
synth_47602,2
synth_47638,2
synth_47966,2
synth_47976,2
synth_48173,2
synth_48332,2
synth_48703,2
synth_49169,2
synth_49499,2
synth_49660,2
synth_49906,2
synth_36239,2
synth_36493,2
synth_36646,2
synth_36789,2
synth_37176,2
synth_40195,2
synth_42367,2
synth_42427,2
synth_43132,2
synth_44921,2
synth_46203,2
synth_46349,2
synth_46474,2
synth_46546,2
synth_48622,2
synth_48838,2
synth_49291,2
synth_49803,2
synth_36281,2
synth_36503,2
synth_37053,2
synth_37330,2
synth_37694,2
synth_37790,2
synth_38018,2
synth_38201,2
synth_39558,2
synth_39709,2
synth_39961,2
synth_40294,2
synth_40325,2
synth_40774,2
synth_40901,2
synth_40942,2
synth_40999,2
synth_41212,2
synth_41213,2
synth_41409,2
synth_41659,2
synth_42586,2
synth_42677,2
synth_42779,2
synth_42879,2
synth_43604,2
synth_43660,2
synth_43811,2
synth_43853,2
synth_44191,2
synth_44406,2
synth_44489,2
synth_44578,2
synth_44914,2
synth_45418,2
synth_45652,2
synth_46405,2
synth_46705,2
synth_47005,2
synth_47344,2
synth_47424,2
synth_47662,2
synth_47692,2
synth_48054,2
synth_48071,2
synth_48103,2
synth_48657,2
synth_48741,2
synth_49150,2
synth_49285,2
synth_49508,2
synth_39755,2
synth_39791,2
synth_41030,2
synth_42468,2
synth_43065,2
synth_43350,2
synth_43798,2
synth_44920,2
synth_45717,2
synth_46614,2
synth_46985,2
synth_48410,2
synth_49483,2
synth_36110,2
synth_36170,2
synth_36255,2
synth_36485,2
synth_37394,2
synth_37856,2
synth_38046,2
synth_38370,2
synth_38971,2
synth_39143,2
synth_39618,2
synth_39999,2
synth_40512,2
synth_40614,2
synth_41084,2
synth_41403,2
synth_41697,2
synth_41801,2
synth_42038,2
synth_42108,2
synth_42343,2
synth_42565,2
synth_42699,2
synth_43320,2
synth_43654,2
synth_43895,2
synth_44123,2
synth_44308,2
synth_44419,2
synth_44448,2
synth_44563,2
synth_44656,2
synth_44851,2
synth_44871,2
synth_44932,2
synth_44934,2
synth_45101,2
synth_45189,2
synth_45370,2
synth_45662,2
synth_45666,2
synth_46265,2
synth_46293,2
synth_46537,2
synth_46735,2
synth_47025,2
synth_47176,2
synth_47586,2
synth_48132,2
synth_48388,2
synth_48464,2
synth_48551,2
synth_48676,2
synth_48721,2
synth_48832,2
synth_48931,2
synth_48963,2
synth_36592,2
synth_37430,2
synth_38156,2
synth_38347,2
synth_38928,2
synth_38997,2
synth_39649,2
synth_41510,2
synth_41774,2
synth_42871,2
synth_42902,2
synth_45546,2
synth_45768,2
synth_45976,2
synth_46445,2
synth_46773,2
synth_47649,2
synth_49307,2
synth_36732,2
synth_37101,2
synth_37162,2
synth_37415,2
synth_37582,2
synth_37757,2
synth_38123,2
synth_38597,2
synth_38911,2
synth_39125,2
synth_39186,2
synth_39390,2
synth_39523,2
synth_39819,2
synth_40200,2
synth_40228,2
synth_40799,2
synth_41318,2
synth_41431,2
synth_41591,2
synth_41730,2
synth_41740,2
synth_41913,2
synth_42613,2
synth_42823,2
synth_43969,2
synth_44334,2
synth_44479,2
synth_44776,2
synth_45320,2
synth_45690,2
synth_45765,2
synth_45908,2
synth_46062,2
synth_47393,2
synth_47567,2
synth_48077,2
synth_49041,2
synth_49191,2
synth_49359,2
synth_49624,2
synth_49666,2
synth_49892,2
synth_35898,2
synth_36278,2
synth_36650,2
synth_36933,2
synth_37167,2
synth_37611,2
synth_38134,2
synth_38711,2
synth_38800,2
synth_39898,2
synth_40171,2
synth_41515,2
synth_42194,2
synth_43112,2
synth_44073,2
synth_44181,2
synth_45735,2
synth_45994,2
synth_46470,2
synth_46688,2
synth_47599,2
synth_47617,2
synth_47800,2
synth_48239,2
synth_48528,2
synth_48600,2
synth_48807,2
synth_48813,2
synth_48914,2
synth_49429,2
synth_36063,2
synth_36079,2
synth_36153,2
synth_36194,2
synth_36302,2
synth_36600,2
synth_36709,2
synth_36727,2
synth_36800,2
synth_36919,2
synth_37140,2
synth_37751,2
synth_38204,2
synth_38510,2
synth_39461,2
synth_39463,2
synth_40138,2
synth_40390,2
synth_40648,2
synth_40823,2
synth_40979,2
synth_41387,2
synth_41764,2
synth_42526,2
synth_42657,2
synth_42671,2
synth_43346,2
synth_43580,2
synth_43966,2
synth_44644,2
synth_44900,2
synth_45835,2
synth_45875,2
synth_46016,2
synth_46021,2
synth_46081,2
synth_46524,2
synth_47298,2
synth_47327,2
synth_47449,2
synth_47462,2
synth_48280,2
synth_49266,2
synth_49382,2
synth_49732,2
synth_36083,2
synth_36299,2
synth_36496,2
synth_36626,2
synth_36754,2
synth_37657,2
synth_38307,2
synth_38986,2
synth_39268,2
synth_39763,2
synth_40265,2
synth_41461,2
synth_42173,2
synth_42174,2
synth_43102,2
synth_43793,2
synth_44992,2
synth_45557,2
synth_46206,2
synth_46466,2
synth_47679,2
synth_47980,2
synth_48406,2
synth_49802,2
synth_35966,2
synth_36558,2
synth_36726,2
synth_37030,2
synth_37220,2
synth_37865,2
synth_38271,2
synth_38563,2
synth_39578,2
synth_39600,2
synth_39816,2
synth_40336,2
synth_40653,2
synth_40826,2
synth_41043,2
synth_41078,2
synth_41320,2
synth_41434,2
synth_41767,2
synth_42070,2
synth_42237,2
synth_42516,2
synth_42521,2
synth_42780,2
synth_43910,2
synth_43919,2
synth_44233,2
synth_44314,2
synth_44502,2
synth_44639,2
synth_44704,2
synth_44875,2
synth_45021,2
synth_45106,2
synth_45368,2
synth_45581,2
synth_46060,2
synth_46064,2
synth_46196,2
synth_46439,2
synth_46872,2
synth_47128,2
synth_47531,2
synth_48037,2
synth_48286,2
synth_48442,2
synth_48786,2
synth_48821,2
synth_48966,2
synth_49273,2
synth_49299,2
synth_49390,2
synth_49445,2
synth_49558,2
synth_49941,2
synth_36074,2
synth_36589,2
synth_36741,2
synth_36824,2
synth_37177,2
synth_37820,2
synth_38223,2
synth_40053,2
synth_40269,2
synth_40690,2
synth_43717,2
synth_44970,2
synth_45754,2
synth_45767,2
synth_45940,2
synth_47752,2
synth_49234,2
synth_49996,2
synth_36045,2
synth_36155,2
synth_36549,2
synth_37058,2
synth_38504,2
synth_39022,2
synth_39146,2
synth_39249,2
synth_39601,2
synth_39969,2
synth_39977,2
synth_40136,2
synth_40481,2
synth_40489,2
synth_40960,2
synth_40984,2
synth_41172,2
synth_41385,2
synth_41437,2
synth_41761,2
synth_41998,2
synth_42059,2
synth_42178,2
synth_42365,2
synth_42766,2
synth_43295,2
synth_43458,2
synth_43603,2
synth_44005,2
synth_44114,2
synth_44276,2
synth_44765,2
synth_45216,2
synth_45395,2
synth_45657,2
synth_45919,2
synth_46290,2
synth_47579,2
synth_47630,2
synth_48142,2
synth_48155,2
synth_48575,2
synth_49348,2
synth_49621,2
synth_36834,2
synth_36875,2
synth_37146,2
synth_37687,2
synth_39867,2
synth_40277,2
synth_43706,2
synth_46455,2
synth_46472,2
synth_46674,2
synth_47696,2
synth_47925,2
synth_48399,2
synth_48411,2
synth_48444,2
synth_48543,2
synth_48613,2
synth_49210,2
synth_35992,2
synth_36112,2
synth_36313,2
synth_36368,2
synth_36664,2
synth_36666,2
synth_37096,2
synth_37181,2
synth_37264,2
synth_37573,2
synth_37998,2
synth_38035,2
synth_38387,2
synth_38497,2
synth_38965,2
synth_39248,2
synth_39303,2
synth_39426,2
synth_39466,2
synth_39516,2
synth_39547,2
synth_39564,2
synth_39924,2
synth_41025,2
synth_41115,2
synth_41290,2
synth_41577,2
synth_41864,2
synth_41872,2
synth_42773,2
synth_43377,2
synth_43491,2
synth_43593,2
synth_43624,2
synth_43883,2
synth_44097,2
synth_44377,2
synth_44459,2
synth_44741,2
synth_44911,2
synth_45504,2
synth_45585,2
synth_45673,2
synth_46045,2
synth_46195,2
synth_46241,2
synth_46246,2
synth_46248,2
synth_46873,2
synth_47014,2
synth_47235,2
synth_47251,2
synth_47261,2
synth_47314,2
synth_47565,2
synth_47603,2
synth_48067,2
synth_48285,2
synth_48778,2
synth_49676,2
synth_49691,2
synth_36199,2
synth_36283,2
synth_36443,2
synth_36460,2
synth_36530,2
synth_37147,2
synth_38942,2
synth_39721,2
synth_40191,2
synth_42326,2
synth_43304,2
synth_44542,2
synth_45749,2
synth_45955,2
synth_46407,2
synth_47624,2
synth_47698,2
synth_47708,2
synth_47710,2
synth_47910,2
synth_48329,2
synth_48417,2
synth_48522,2
synth_35984,2
synth_36037,2
synth_36159,2
synth_36376,2
synth_36438,2
synth_37093,2
synth_37489,2
synth_37517,2
synth_38173,2
synth_39121,2
synth_39172,2
synth_39187,2
synth_39192,2
synth_39272,2
synth_39495,2
synth_40047,2
synth_40186,2
synth_40430,2
synth_40537,2
synth_41237,2
synth_41343,2
synth_41524,2
synth_41571,2
synth_41907,2
synth_41977,2
synth_42621,2
synth_42656,2
synth_43243,2
synth_43404,2
synth_43420,2
synth_43539,2
synth_43823,2
synth_43945,2
synth_44100,2
synth_44184,2
synth_45455,2
synth_45531,2
synth_45999,2
synth_46027,2
synth_46238,2
synth_46507,2
synth_46713,2
synth_46832,2
synth_46890,2
synth_47059,2
synth_47174,2
synth_48019,2
synth_48351,2
synth_49104,2
synth_49156,2
synth_49567,2
synth_49757,2
synth_49771,2
synth_49962,2
synth_36572,2
synth_36956,2
synth_37617,2
synth_37829,2
synth_37904,2
synth_38755,2
synth_38787,2
synth_38813,2
synth_39620,2
synth_39875,2
synth_40527,2
synth_42798,2
synth_42966,2
synth_46341,2
synth_46677,2
synth_49423,2
synth_36128,2
synth_36417,2
synth_36835,2
synth_37521,2
synth_37577,2
synth_37854,2
synth_37883,2
synth_38008,2
synth_38053,2
synth_38084,2
synth_38290,2
synth_38414,2
synth_38632,2
synth_38780,2
synth_38844,2
synth_39043,2
synth_39128,2
synth_41125,2
synth_41189,2
synth_41330,2
synth_41371,2
synth_41405,2
synth_41482,2
synth_41544,2
synth_41714,2
synth_41905,2
synth_42105,2
synth_42236,2
synth_42308,2
synth_42718,2
synth_43016,2
synth_43430,2
synth_43449,2
synth_43695,2
synth_43825,2
synth_43844,2
synth_44539,2
synth_44576,2
synth_44725,2
synth_44788,2
synth_44905,2
synth_45212,2
synth_46351,2
synth_46425,2
synth_46746,2
synth_47285,2
synth_47412,2
synth_48078,2
synth_48171,2
synth_48431,2
synth_48479,2
synth_48865,2
synth_49503,2
synth_49659,2
synth_49826,2
synth_36498,2
synth_37655,2
synth_39757,2
synth_40081,2
synth_40143,2
synth_42316,2
synth_42886,2
synth_42984,2
synth_43723,2
synth_45637,2
synth_45880,2
synth_46098,2
synth_47439,2
synth_47823,2
synth_48824,2
synth_36115,2
synth_36183,2
synth_36341,2
synth_37419,2
synth_37499,2
synth_37754,2
synth_37797,2
synth_37980,2
synth_38654,2
synth_38679,2
synth_38843,2
synth_38972,2
synth_39020,2
synth_39556,2
synth_40204,2
synth_40633,2
synth_41191,2
synth_41466,2
synth_41575,2
synth_41958,2
synth_41960,2
synth_42115,2
synth_42248,2
synth_42307,2
synth_42344,2
synth_42362,2
synth_42400,2
synth_43340,2
synth_43349,2
synth_44811,2
synth_44929,2
synth_45110,2
synth_45175,2
synth_45454,2
synth_46437,2
synth_46700,2
synth_46837,2
synth_47880,2
synth_47986,2
synth_47997,2
synth_48322,2
synth_48983,2
synth_49434,2
synth_36497,2
synth_36774,2
synth_37315,2
synth_38804,2
synth_41682,2
synth_42154,2
synth_42192,2
synth_43691,2
synth_45539,2
synth_45924,2
synth_46138,2
synth_48312,2
synth_35955,2
synth_36135,2
synth_36217,2
synth_37083,2
synth_37322,2
synth_37390,2
synth_37454,2
synth_37699,2
synth_38062,2
synth_38121,2
synth_38318,2
synth_38321,2
synth_38501,2
synth_38680,2
synth_39505,2
synth_39587,2
synth_40360,2
synth_40455,2
synth_40946,2
synth_41009,2
synth_41255,2
synth_41743,2
synth_41885,2
synth_42587,2
synth_42807,2
synth_43497,2
synth_43650,2
synth_43778,2
synth_43784,2
synth_43818,2
synth_44087,2
synth_44378,2
synth_44719,2
synth_44852,2
synth_44878,2
synth_45301,2
synth_45438,2
synth_45696,2
synth_46709,2
synth_46757,2
synth_47237,2
synth_47263,2
synth_47399,2
synth_47651,2
synth_47957,2
synth_48265,2
synth_48553,2
synth_49121,2
synth_49343,2
synth_49680,2
synth_49685,2
synth_49773,2
synth_49866,2
synth_36863,2
synth_37165,2
synth_38459,2
synth_38817,2
synth_38998,2
synth_39848,2
synth_39896,2
synth_41440,2
synth_42181,2
synth_42874,2
synth_42953,2
synth_42987,2
synth_44120,2
synth_44182,2
synth_44750,2
synth_46263,2
synth_46864,2
synth_47827,2
synth_49403,2
synth_49410,2
synth_36047,2
synth_36422,2
synth_36802,2
synth_36850,2
synth_36961,2
synth_37324,2
synth_37412,2
synth_37420,2
synth_37422,2
synth_38051,2
synth_38252,2
synth_38569,2
synth_38598,2
synth_38830,2
synth_39069,2
synth_40373,2
synth_40555,2
synth_40556,2
synth_41056,2
synth_41066,2
synth_41067,2
synth_41075,2
synth_41186,2
synth_41432,2
synth_41849,2
synth_42276,2
synth_42542,2
synth_42561,2
synth_42700,2
synth_43041,2
synth_43148,2
synth_43638,2
synth_43653,2
synth_43700,2
synth_44093,2
synth_44098,2
synth_44613,2
synth_44897,2
synth_45304,2
synth_45693,2
synth_45813,2
synth_46250,2
synth_46495,2
synth_46779,2
synth_47132,2
synth_47193,2
synth_47487,2
synth_48105,2
synth_48333,2
synth_49027,2
synth_49650,2
synth_49699,2
synth_49936,2
synth_49987,2
synth_36778,2
synth_37026,2
synth_37249,2
synth_38645,2
synth_42004,2
synth_42251,2
synth_42855,2
synth_44962,2
synth_45716,2
synth_47109,2
synth_47701,2
synth_47711,2
synth_48844,2
synth_36143,2
synth_36538,2
synth_37775,2
synth_38120,2
synth_38619,2
synth_39056,2
synth_39324,2
synth_39455,2
synth_40107,2
synth_40753,2
synth_40855,2
synth_41005,2
synth_41214,2
synth_41233,2
synth_41657,2
synth_42224,2
synth_43767,2
synth_43821,2
synth_43896,2
synth_44045,2
synth_44169,2
synth_46289,2
synth_46845,2
synth_48046,2
synth_48481,2
synth_49089,2
synth_49199,2
synth_49368,2
synth_49466,2
synth_49955,2
synth_36489,2
synth_36630,2
synth_36865,2
synth_36978,2
synth_37399,2
synth_37654,2
synth_37989,2
synth_38257,2
synth_38779,2
synth_38888,2
synth_39622,2
synth_39661,2
synth_39886,2
synth_39894,2
synth_40903,2
synth_40909,2
synth_42005,2
synth_42865,2
synth_44070,2
synth_45732,2
synth_46784,2
synth_46792,2
synth_46841,2
synth_46957,2
synth_47830,2
synth_48389,2
synth_49310,2
