key,total_views
synth_1,70872
synth_2,46758
synth_3,36661
synth_4,30849
synth_5,26983
synth_6,24187
synth_7,22050
synth_8,20353
synth_9,18964
synth_10,17802
synth_11,16813
synth_12,15958
synth_13,15209
synth_14,14548
synth_15,13958
synth_16,13428
synth_17,12948
synth_18,12512
synth_19,12112
synth_20,11745
synth_21,11406
synth_22,11092
synth_23,10800
synth_24,10528
synth_25,10273
synth_26,10034
synth_27,9810
synth_28,9598
synth_29,9398
synth_30,9209
synth_31,9029
synth_32,8859
synth_33,8697
synth_34,8543
synth_35,8395
synth_36,8255
synth_37,8120
synth_38,7991
synth_39,7867
synth_40,7749
synth_41,7635
synth_42,7525
synth_43,7420
synth_44,7318
synth_45,7220
synth_46,7126
synth_47,7034
synth_48,6946
synth_49,6861
synth_50,6778
synth_51,6698
synth_52,6620
synth_53,6545
synth_54,6472
synth_55,6401
synth_56,6332
synth_57,6265
synth_58,6200
synth_59,6137
synth_60,6076
synth_61,6016
synth_62,5957
synth_63,5900
synth_64,5845
synth_65,5791
synth_66,5738
synth_67,5686
synth_68,5636
synth_69,5587
synth_70,5539
synth_71,5492
synth_72,5446
synth_73,5401
synth_74,5357
synth_75,5314
synth_76,5272
synth_77,5231
synth_78,5191
synth_79,5151
synth_80,5112
synth_81,5074
synth_82,5037
synth_83,5001
synth_84,4965
synth_85,4930
synth_86,4895
synth_87,4861
synth_88,4828
synth_89,4796
synth_90,4764
synth_91,4732
synth_92,4701
synth_93,4671
synth_94,4641
synth_95,4611
synth_96,4583
synth_97,4554
synth_98,4526
synth_99,4499
synth_100,4472
synth_101,4445
synth_102,4419
synth_103,4393
synth_104,4368
synth_105,4343
synth_106,4318
synth_107,4294
synth_108,4270
synth_109,4246
synth_110,4223
synth_111,4200
synth_112,4178
synth_113,4156
synth_114,4134
synth_115,4112
synth_116,4091
synth_117,4070
synth_118,4049
synth_119,4029
synth_120,4008
synth_121,3988
synth_122,3969
synth_123,3949
synth_124,3930
synth_125,3911
synth_126,3893
synth_127,3874
synth_128,3856
synth_129,3838
synth_130,3820
synth_131,3803
synth_132,3786
synth_133,3768
synth_134,3752
synth_135,3735
synth_136,3718
synth_137,3702
synth_138,3686
synth_139,3670
synth_140,3654
synth_141,3639
synth_142,3623
synth_143,3608
synth_144,3593
synth_145,3578
synth_146,3563
synth_147,3549
synth_148,3534
synth_149,3520
synth_150,3506
synth_151,3492
synth_152,3478
synth_153,3465
synth_154,3451
synth_155,3438
synth_156,3425
synth_157,3411
synth_158,3398
synth_159,3386
synth_160,3373
synth_161,3360
synth_162,3348
synth_163,3336
synth_164,3323
synth_165,3311
synth_166,3299
synth_167,3287
synth_168,3276
synth_169,3264
synth_170,3252
synth_171,3241
synth_172,3230
synth_173,3218
synth_174,3207
synth_175,3196
synth_176,3185
synth_177,3175
synth_178,3164
synth_179,3153
synth_180,3143
synth_181,3132
synth_182,3122
synth_183,3112
synth_184,3102
synth_185,3092
synth_186,3082
synth_187,3072
synth_188,3062
synth_189,3052
synth_190,3042
synth_191,3033
synth_192,3023
synth_193,3014
synth_194,3005
synth_195,2995
synth_196,2986
synth_197,2977
synth_198,2968
synth_199,2959
synth_200,2950
synth_201,2941
synth_202,2933
synth_203,2924
synth_204,2915
synth_205,2907
synth_206,2898
synth_207,2890
synth_208,2882
synth_209,2873
synth_210,2865
synth_211,2857
synth_212,2849
synth_213,2841
synth_214,2833
synth_215,2825
synth_216,2817
synth_217,2809
synth_218,2802
synth_219,2794
synth_220,2786
synth_221,2779
synth_222,2771
synth_223,2764
synth_224,2756
synth_225,2749
synth_226,2742
synth_227,2734
synth_228,2727
synth_229,2720
synth_230,2713
synth_231,2706
synth_232,2699
synth_233,2692
synth_234,2685
synth_235,2678
synth_236,2671
synth_237,2665
synth_238,2658
synth_239,2651
synth_240,2645
synth_241,2638
synth_242,2631
synth_243,2625
synth_244,2618
synth_245,2612
synth_246,2606
synth_247,2599
synth_248,2593
synth_249,2587
synth_250,2581
synth_251,2574
synth_252,2568
synth_253,2562
synth_254,2556
synth_255,2550
synth_256,2544
synth_257,2538
synth_258,2532
synth_259,2526
synth_260,2521
synth_261,2515
synth_262,2509
synth_263,2503
synth_264,2498
synth_265,2492
synth_266,2486
synth_267,2481
synth_268,2475
synth_269,2470
synth_270,2464
synth_271,2459
synth_272,2453
synth_273,2448
synth_274,2442
synth_275,2437
synth_276,2432
synth_277,2427
synth_278,2421
synth_279,2416
synth_280,2411
synth_281,2406
synth_282,2401
synth_283,2396
synth_284,2390
synth_285,2385
synth_286,2380
synth_287,2375
synth_288,2370
synth_289,2366
synth_290,2361
synth_291,2356
synth_292,2351
synth_293,2346
synth_294,2341
synth_295,2337
synth_296,2332
synth_297,2327
synth_298,2322
synth_299,2318
synth_300,2313
synth_301,2309
synth_302,2304
synth_303,2299
synth_304,2295
synth_305,2290
synth_306,2286
synth_307,2281
synth_308,2277
synth_309,2272
synth_310,2268
synth_311,2264
synth_312,2259
synth_313,2255
synth_314,2251
synth_315,2246
synth_316,2242
synth_317,2238
synth_318,2234
synth_319,2229
synth_320,2225
synth_321,2221
synth_322,2217
synth_323,2213
synth_324,2209
synth_325,2205
synth_326,2201
synth_327,2197
synth_328,2193
synth_329,2189
synth_330,2185
synth_331,2181
synth_332,2177
synth_333,2173
synth_334,2169
synth_335,2165
synth_336,2161
synth_337,2157
synth_338,2153
synth_339,2150
synth_340,2146
synth_341,2142
synth_342,2138
synth_343,2135
synth_344,2131
synth_345,2127
synth_346,2123
synth_347,2120
synth_348,2116
synth_349,2112
synth_350,2109
synth_351,2105
synth_352,2102
synth_353,2098
synth_354,2094
synth_355,2091
synth_356,2087
synth_357,2084
synth_358,2080
synth_359,2077
synth_360,2073
synth_361,2070
synth_362,2067
synth_363,2063
synth_364,2060
synth_365,2056
synth_366,2053
synth_367,2050
synth_368,2046
synth_369,2043
synth_370,2040
synth_371,2036
synth_372,2033
synth_373,2030
synth_374,2027
synth_375,2023
synth_376,2020
synth_377,2017
synth_378,2014
synth_379,2010
synth_380,2007
synth_381,2004
synth_382,2001
synth_383,1998
synth_384,1995
synth_385,1992
synth_386,1988
synth_387,1985
synth_388,1982
synth_389,1979
synth_390,1976
synth_391,1973
synth_392,1970
synth_393,1967
synth_394,1964
synth_395,1961
synth_396,1958
synth_397,1955
synth_398,1952
synth_399,1949
synth_400,1946
synth_401,1944
synth_402,1941
synth_403,1938
synth_404,1935
synth_405,1932
synth_406,1929
synth_407,1926
synth_408,1923
synth_409,1921
synth_410,1918
synth_411,1915
synth_412,1912
synth_413,1909
synth_414,1907
synth_415,1904
synth_416,1901
synth_417,1898
synth_418,1896
synth_419,1893
synth_420,1890
synth_421,1888
synth_422,1885
synth_423,1882
synth_424,1880
synth_425,1877
synth_426,1874
synth_427,1872
synth_428,1869
synth_429,1866
synth_430,1864
synth_431,1861
synth_432,1859
synth_433,1856
synth_434,1853
synth_435,1851
synth_436,1848
synth_437,1846
synth_438,1843
synth_439,1841
synth_440,1838
synth_441,1836
synth_442,1833
synth_443,1831
synth_444,1828
synth_445,1826
synth_446,1823
synth_447,1821
synth_448,1818
synth_449,1816
synth_450,1814
synth_451,1811
synth_452,1809
synth_453,1806
synth_454,1804
synth_455,1802
synth_456,1799
synth_457,1797
synth_458,1795
synth_459,1792
synth_460,1790
synth_461,1788
synth_462,1785
synth_463,1783
synth_464,1781
synth_465,1778
synth_466,1776
synth_467,1774
synth_468,1771
synth_469,1769
synth_470,1767
synth_471,1765
synth_472,1762
synth_473,1760
synth_474,1758
synth_475,1756
synth_476,1754
synth_477,1751
synth_478,1749
synth_479,1747
synth_480,1745
synth_481,1743
synth_482,1740
synth_483,1738
synth_484,1736
synth_485,1734
synth_486,1732
synth_487,1730
synth_488,1728
synth_489,1725
synth_490,1723
synth_491,1721
synth_492,1719
synth_493,1717
synth_494,1715
synth_495,1713
synth_496,1711
synth_497,1709
synth_498,1707
synth_499,1705
synth_500,1703
synth_501,1700
synth_502,1698
synth_503,1696
synth_504,1694
synth_505,1692
synth_506,1690
synth_507,1688
synth_508,1686
synth_509,1684
synth_510,1682
synth_511,1680
synth_512,1678
synth_513,1677
synth_514,1675
synth_515,1673
synth_516,1671
synth_517,1669
synth_518,1667
synth_519,1665
synth_520,1663
synth_521,1661
synth_522,1659
synth_523,1657
synth_524,1655
synth_525,1653
synth_526,1652
synth_527,1650
synth_528,1648
synth_529,1646
synth_530,1644
synth_531,1642
synth_532,1640
synth_533,1638
synth_534,1637
synth_535,1635
synth_536,1633
synth_537,1631
synth_538,1629
synth_539,1628
synth_540,1626
synth_541,1624
synth_542,1622
synth_543,1620
synth_544,1619
synth_545,1617
synth_546,1615
synth_547,1613
synth_548,1611
synth_549,1610
synth_550,1608
synth_551,1606
synth_552,1604
synth_553,1603
synth_554,1601
synth_555,1599
synth_556,1597
synth_557,1596
synth_558,1594
synth_559,1592
synth_560,1591
synth_561,1589
synth_562,1587
synth_563,1586
synth_564,1584
synth_565,1582
synth_566,1580
synth_567,1579
synth_568,1577
synth_569,1575
synth_570,1574
synth_571,1572
synth_572,1570
synth_573,1569
synth_574,1567
synth_575,1566
synth_576,1564
synth_577,1562
synth_578,1561
synth_579,1559
synth_580,1557
synth_581,1556
synth_582,1554
synth_583,1553
synth_584,1551
synth_585,1549
synth_586,1548
synth_587,1546
synth_588,1545
synth_589,1543
synth_590,1542
synth_591,1540
synth_592,1538
synth_593,1537
synth_594,1535
synth_595,1534
synth_596,1532
synth_597,1531
synth_598,1529
synth_599,1528
synth_600,1526
synth_601,1525
synth_602,1523
synth_603,1522
synth_604,1520
synth_605,1519
synth_606,1517
synth_607,1516
synth_608,1514
synth_609,1513
synth_610,1511
synth_611,1510
synth_612,1508
synth_613,1507
synth_614,1505
synth_615,1504
synth_616,1502
synth_617,1501
synth_618,1499
synth_619,1498
synth_620,1496
synth_621,1495
synth_622,1493
synth_623,1492
synth_624,1491
synth_625,1489
synth_626,1488
synth_627,1486
synth_628,1485
synth_629,1483
synth_630,1482
synth_631,1481
synth_632,1479
synth_633,1478
synth_634,1476
synth_635,1475
synth_636,1474
synth_637,1472
synth_638,1471
synth_639,1470
synth_640,1468
synth_641,1467
synth_642,1465
synth_643,1464
synth_644,1463
synth_645,1461
synth_646,1460
synth_647,1459
synth_648,1457
synth_649,1456
synth_650,1455
synth_651,1453
synth_652,1452
synth_653,1451
synth_654,1449
synth_655,1448
synth_656,1447
synth_657,1445
synth_658,1444
synth_659,1443
synth_660,1441
synth_661,1440
synth_662,1439
synth_663,1437
synth_664,1436
synth_665,1435
synth_666,1433
synth_667,1432
synth_668,1431
synth_669,1430
synth_670,1428
synth_671,1427
synth_672,1426
synth_673,1425
synth_674,1423
synth_675,1422
synth_676,1421
synth_677,1419
synth_678,1418
synth_679,1417
synth_680,1416
synth_681,1414
synth_682,1413
synth_683,1412
synth_684,1411
synth_685,1409
synth_686,1408
synth_687,1407
synth_688,1406
synth_689,1405
synth_690,1403
synth_691,1402
synth_692,1401
synth_693,1400
synth_694,1398
synth_695,1397
synth_696,1396
synth_697,1395
synth_698,1394
synth_699,1392
synth_700,1391
synth_701,1390
synth_702,1389
synth_703,1388
synth_704,1387
synth_705,1385
synth_706,1384
synth_707,1383
synth_708,1382
synth_709,1381
synth_710,1379
synth_711,1378
synth_712,1377
synth_713,1376
synth_714,1375
synth_715,1374
synth_716,1373
synth_717,1371
synth_718,1370
synth_719,1369
synth_720,1368
synth_721,1367
synth_722,1366
synth_723,1365
synth_724,1363
synth_725,1362
synth_726,1361
synth_727,1360
synth_728,1359
synth_729,1358
synth_730,1357
synth_731,1356
synth_732,1354
synth_733,1353
synth_734,1352
synth_735,1351
synth_736,1350
synth_737,1349
synth_738,1348
synth_739,1347
synth_740,1346
synth_741,1345
synth_742,1343
synth_743,1342
synth_744,1341
synth_745,1340
synth_746,1339
synth_747,1338
synth_748,1337
synth_749,1336
synth_750,1335
synth_751,1334
synth_752,1333
synth_753,1332
synth_754,1331
synth_755,1330
synth_756,1329
synth_757,1327
synth_758,1326
synth_759,1325
synth_760,1324
synth_761,1323
synth_762,1322
synth_763,1321
synth_764,1320
synth_765,1319
synth_766,1318
synth_767,1317
synth_768,1316
synth_769,1315
synth_770,1314
synth_771,1313
synth_772,1312
synth_773,1311
synth_774,1310
synth_775,1309
synth_776,1308
synth_777,1307
synth_778,1306
synth_779,1305
synth_780,1304
synth_781,1303
synth_782,1302
synth_783,1301
synth_784,1300
synth_785,1299
synth_786,1298
synth_787,1297
synth_788,1296
synth_789,1295
synth_790,1294
synth_791,1293
synth_792,1292
synth_793,1291
synth_794,1290
synth_795,1289
synth_796,1288
synth_797,1287
synth_798,1286
synth_799,1285
synth_800,1284
synth_801,1283
synth_802,1282
synth_803,1281
synth_804,1280
synth_805,1279
synth_806,1278
synth_807,1277
synth_808,1277
synth_809,1276
synth_810,1275
synth_811,1274
synth_812,1273
synth_813,1272
synth_814,1271
synth_815,1270
synth_816,1269
synth_817,1268
synth_818,1267
synth_819,1266
synth_820,1265
synth_821,1264
synth_823,1263
synth_822,1263
synth_824,1262
synth_825,1261
synth_826,1260
synth_827,1259
synth_828,1258
synth_829,1257
synth_830,1256
synth_831,1255
synth_832,1254
synth_833,1253
synth_835,1252
synth_834,1252
synth_836,1251
synth_837,1250
synth_838,1249
synth_839,1248
synth_840,1247
synth_841,1246
synth_842,1245
synth_843,1244
synth_844,1244
synth_845,1243
synth_846,1242
synth_847,1241
synth_848,1240
synth_849,1239
synth_850,1238
synth_852,1237
synth_851,1237
synth_853,1236
synth_854,1235
synth_855,1234
synth_856,1233
synth_857,1232
synth_858,1231
synth_860,1230
synth_859,1230
synth_861,1229
synth_862,1228
synth_863,1227
synth_864,1226
synth_866,1225
synth_865,1225
synth_867,1224
synth_868,1223
synth_869,1222
synth_870,1221
synth_871,1220
synth_873,1219
synth_872,1219
synth_874,1218
synth_875,1217
synth_876,1216
synth_877,1215
synth_879,1214
synth_878,1214
synth_880,1213
synth_881,1212
synth_882,1211
synth_883,1210
synth_885,1209
synth_884,1209
synth_886,1208
synth_887,1207
synth_888,1206
synth_889,1205
synth_890,1205
synth_891,1204
synth_892,1203
synth_893,1202
synth_895,1201
synth_894,1201
synth_896,1200
synth_897,1199
synth_898,1198
synth_899,1197
synth_900,1197
synth_901,1196
synth_902,1195
synth_903,1194
synth_905,1193
synth_904,1193
synth_906,1192
synth_907,1191
synth_908,1190
synth_910,1189
synth_909,1189
synth_911,1188
synth_912,1187
synth_913,1186
synth_914,1186
synth_915,1185
synth_916,1184
synth_917,1183
synth_919,1182
synth_918,1182
synth_920,1181
synth_921,1180
synth_923,1179
synth_922,1179
synth_924,1178
synth_925,1177
synth_927,1176
synth_926,1176
synth_928,1175
synth_929,1174
synth_930,1173
synth_931,1172
synth_932,1172
synth_933,1171
synth_934,1170
synth_935,1169
synth_936,1169
synth_937,1168
synth_938,1167
synth_939,1166
synth_940,1166
synth_941,1165
synth_942,1164
synth_943,1164
synth_944,1163
synth_945,1162
synth_946,1161
synth_947,1161
synth_948,1160
synth_949,1159
synth_950,1158
synth_951,1158
synth_952,1157
synth_953,1156
synth_955,1155
synth_954,1155
synth_956,1154
synth_958,1153
synth_957,1153
synth_959,1152
synth_960,1151
synth_962,1150
synth_961,1150
synth_963,1149
synth_964,1148
synth_965,1148
synth_966,1147
synth_967,1146
synth_969,1145
synth_968,1145
synth_970,1144
synth_971,1143
synth_972,1143
synth_973,1142
synth_974,1141
synth_975,1140
synth_976,1140
synth_977,1139
synth_978,1138
synth_979,1138
synth_980,1137
synth_981,1136
synth_982,1136
synth_983,1135
synth_984,1134
synth_986,1133
synth_985,1133
synth_987,1132
synth_989,1131
synth_988,1131
synth_990,1130
synth_991,1129
synth_992,1129
synth_993,1128
synth_995,1127
synth_994,1127
synth_996,1126
synth_998,1125
synth_997,1125
synth_999,1124
synth_1000,1123
synth_1001,1123
synth_1002,1122
synth_1004,1121
synth_1003,1121
synth_1005,1120
synth_1007,1119
synth_1006,1119
synth_1008,1118
synth_1010,1117
synth_1009,1117
synth_1011,1116
synth_1013,1115
synth_1012,1115
synth_1014,1114
synth_1015,1113
synth_1016,1113
synth_1017,1112
synth_1018,1111
synth_1019,1111
synth_1020,1110
synth_1021,1109
synth_1022,1109
synth_1023,1108
synth_1025,1107
synth_1024,1107
synth_1026,1106
synth_1028,1105
synth_1027,1105
synth_1029,1104
synth_1030,1104
synth_1031,1103
synth_1032,1102
synth_1033,1102
synth_1034,1101
synth_1036,1100
synth_1035,1100
synth_1037,1099
synth_1038,1098
synth_1039,1098
synth_1040,1097
synth_1041,1096
synth_1042,1096
synth_1043,1095
synth_1044,1095
synth_1045,1094
synth_1046,1093
synth_1047,1093
synth_1048,1092
synth_1049,1091
synth_1050,1091
synth_1052,1090
synth_1051,1090
synth_1053,1089
synth_1055,1088
synth_1054,1088
synth_1057,1087
synth_1056,1087
synth_1058,1086
synth_1060,1085
synth_1059,1085
synth_1061,1084
synth_1062,1083
synth_1063,1083
synth_1065,1082
synth_1064,1082
synth_1066,1081
synth_1067,1080
synth_1068,1080
synth_1069,1079
synth_1070,1079
synth_1071,1078
synth_1072,1077
synth_1073,1077
synth_1074,1076
synth_1075,1076
synth_1076,1075
synth_1078,1074
synth_1077,1074
synth_1079,1073
synth_1080,1073
synth_1081,1072
synth_1083,1071
synth_1082,1071
synth_1084,1070
synth_1085,1070
synth_1086,1069
synth_1087,1068
synth_1088,1068
synth_1089,1067
synth_1090,1067
synth_1091,1066
synth_1093,1065
synth_1092,1065
synth_1094,1064
synth_1095,1064
synth_1097,1063
synth_1096,1063
synth_1098,1062
synth_1100,1061
synth_1099,1061
synth_1102,1060
synth_1101,1060
synth_1103,1059
synth_1104,1059
synth_1105,1058
synth_1106,1057
synth_1107,1057
synth_1109,1056
synth_1108,1056
synth_1111,1055
synth_1110,1055
synth_1112,1054
synth_1113,1053
synth_1114,1053
synth_1116,1052
synth_1115,1052
synth_1117,1051
synth_1118,1051
synth_1119,1050
synth_1121,1049
synth_1120,1049
synth_1122,1048
synth_1123,1048
synth_1125,1047
synth_1124,1047
synth_1126,1046
synth_1127,1045
synth_1128,1045
synth_1130,1044
synth_1129,1044
synth_1132,1043
synth_1131,1043
synth_1134,1042
synth_1133,1042
synth_1136,1041
synth_1135,1041
synth_1137,1040
synth_1139,1039
synth_1138,1039
synth_1140,1038
synth_1141,1038
synth_1143,1037
synth_1142,1037
synth_1144,1036
synth_1145,1036
synth_1146,1035
synth_1147,1035
synth_1148,1034
synth_1149,1033
synth_1150,1033
synth_1151,1032
synth_1152,1032
synth_1154,1031
synth_1153,1031
synth_1155,1030
synth_1156,1030
synth_1157,1029
synth_1158,1029
synth_1159,1028
synth_1160,1028
synth_1161,1027
synth_1162,1026
synth_1163,1026
synth_1165,1025
synth_1164,1025
synth_1166,1024
synth_1167,1024
synth_1169,1023
synth_1168,1023
synth_1171,1022
synth_1170,1022
synth_1172,1021
synth_1173,1021
synth_1174,1020
synth_1175,1020
synth_1176,1019
synth_1177,1019
synth_1179,1018
synth_1178,1018
synth_1181,1017
synth_1180,1017
synth_1183,1016
synth_1182,1016
synth_1184,1015
synth_1186,1014
synth_1185,1014
synth_1187,1013
synth_1188,1013
synth_1189,1012
synth_1190,1012
synth_1191,1011
synth_1192,1011
synth_1194,1010
synth_1193,1010
synth_1196,1009
synth_1195,1009
synth_1198,1008
synth_1197,1008
synth_1200,1007
synth_1199,1007
synth_1202,1006
synth_1201,1006
synth_1203,1005
synth_1204,1005
synth_1206,1004
synth_1205,1004
synth_1208,1003
synth_1207,1003
synth_1210,1002
synth_1209,1002
synth_1211,1001
synth_1212,1001
synth_1214,1000
synth_1213,1000
synth_1216,999
synth_1215,999
synth_1217,998
synth_1218,998
synth_1220,997
synth_1219,997
synth_1222,996
synth_1221,996
synth_1224,995
synth_1223,995
synth_1225,994
synth_1226,994
synth_1227,994
synth_1228,993
synth_1229,993
synth_1231,992
synth_1230,992
synth_1232,991
synth_1233,991
synth_1235,990
synth_1234,990
synth_1236,989
synth_1237,989
synth_1239,988
synth_1238,988
synth_1241,987
synth_1240,987
synth_1243,986
synth_1242,986
synth_1244,985
synth_1245,985
synth_1247,984
synth_1246,984
synth_1248,983
synth_1249,983
synth_1252,982
synth_1250,982
synth_1251,982
synth_1254,981
synth_1253,981
synth_1255,980
synth_1256,980
synth_1258,979
synth_1257,979
synth_1259,978
synth_1260,978
synth_1261,977
synth_1262,977
synth_1264,976
synth_1263,976
synth_1266,975
synth_1267,975
synth_1265,975
synth_1268,974
synth_1269,974
synth_1271,973
synth_1270,973
synth_1272,972
synth_1273,972
synth_1275,971
synth_1274,971
synth_1276,970
synth_1277,970
synth_1278,970
synth_1280,969
synth_1279,969
synth_1281,968
synth_1282,968
synth_1283,967
synth_1284,967
synth_1285,966
synth_1286,966
synth_1289,965
synth_1288,965
synth_1287,965
synth_1291,964
synth_1290,964
synth_1292,963
synth_1293,963
synth_1295,962
synth_1294,962
synth_1297,961
synth_1298,961
synth_1296,961
synth_1300,960
synth_1299,960
synth_1302,959
synth_1301,959
synth_1304,958
synth_1303,958
synth_1307,957
synth_1306,957
synth_1305,957
synth_1309,956
synth_1308,956
synth_1311,955
synth_1310,955
synth_1313,954
synth_1312,954
synth_1315,953
synth_1314,953
synth_1316,953
synth_1317,952
synth_1318,952
synth_1320,951
synth_1319,951
synth_1321,950
synth_1323,950
synth_1322,950
synth_1324,949
synth_1325,949
synth_1326,948
synth_1327,948
synth_1328,947
synth_1330,947
synth_1329,947
synth_1332,946
synth_1331,946
synth_1334,945
synth_1333,945
synth_1335,944
synth_1336,944
synth_1337,944
synth_1338,943
synth_1339,943
synth_1340,942
synth_1342,942
synth_1341,942
synth_1343,941
synth_1344,941
synth_1346,940
synth_1345,940
synth_1348,939
synth_1347,939
synth_1349,939
synth_1350,938
synth_1351,938
synth_1353,937
synth_1352,937
synth_1356,936
synth_1355,936
synth_1354,936
synth_1357,935
synth_1358,935
synth_1359,934
synth_1361,934
synth_1360,934
synth_1362,933
synth_1363,933
synth_1364,932
synth_1366,932
synth_1365,932
synth_1368,931
synth_1367,931
synth_1369,930
synth_1370,930
synth_1371,930
synth_1372,929
synth_1373,929
synth_1375,928
synth_1374,928
synth_1378,927
synth_1377,927
synth_1376,927
synth_1380,926
synth_1379,926
synth_1382,925
synth_1381,925
synth_1383,925
synth_1384,924
synth_1385,924
synth_1386,923
synth_1388,923
synth_1387,923
synth_1390,922
synth_1389,922
synth_1391,921
synth_1392,921
synth_1393,921
synth_1394,920
synth_1395,920
synth_1398,919
synth_1397,919
synth_1396,919
synth_1400,918
synth_1401,918
synth_1399,918
synth_1402,917
synth_1403,917
synth_1404,916
synth_1406,916
synth_1405,916
synth_1407,915
synth_1408,915
synth_1410,914
synth_1409,914
synth_1411,914
synth_1412,913
synth_1413,913
synth_1415,912
synth_1416,912
synth_1414,912
synth_1418,911
synth_1417,911
synth_1419,911
synth_1421,910
synth_1420,910
synth_1424,909
synth_1423,909
synth_1422,909
synth_1426,908
synth_1425,908
synth_1428,907
synth_1429,907
synth_1427,907
synth_1432,906
synth_1431,906
synth_1430,906
synth_1433,905
synth_1434,905
synth_1436,904
synth_1435,904
synth_1437,904
synth_1438,903
synth_1439,903
synth_1440,903
synth_1442,902
synth_1441,902
synth_1444,901
synth_1445,901
synth_1443,901
synth_1448,900
synth_1447,900
synth_1446,900
synth_1450,899
synth_1449,899
synth_1451,898
synth_1453,898
synth_1452,898
synth_1454,897
synth_1456,897
synth_1455,897
synth_1458,896
synth_1457,896
synth_1460,895
synth_1461,895
synth_1459,895
synth_1463,894
synth_1464,894
synth_1462,894
synth_1467,893
synth_1465,893
synth_1466,893
synth_1469,892
synth_1468,892
synth_1470,891
synth_1471,891
synth_1472,891
synth_1474,890
synth_1475,890
synth_1473,890
synth_1477,889
synth_1478,889
synth_1476,889
synth_1480,888
synth_1479,888
synth_1482,887
synth_1481,887
synth_1483,887
synth_1485,886
synth_1486,886
synth_1484,886
synth_1489,885
synth_1487,885
synth_1488,885
synth_1492,884
synth_1491,884
synth_1490,884
synth_1494,883
synth_1493,883
synth_1496,882
synth_1497,882
synth_1495,882
synth_1500,881
synth_1498,881
synth_1499,881
synth_1503,880
synth_1502,880
synth_1501,880
synth_1504,879
synth_1506,879
synth_1505,879
synth_1507,878
synth_1509,878
synth_1508,878
synth_1510,877
synth_1511,877
synth_1512,876
synth_1513,876
synth_1514,876
synth_1517,875
synth_1515,875
synth_1516,875
synth_1520,874
synth_1518,874
synth_1519,874
synth_1523,873
synth_1522,873
synth_1521,873
synth_1524,872
synth_1525,872
synth_1526,872
synth_1529,871
synth_1528,871
synth_1527,871
synth_1532,870
synth_1530,870
synth_1531,870
synth_1535,869
synth_1533,869
synth_1534,869
synth_1537,868
synth_1536,868
synth_1538,868
synth_1539,867
synth_1541,867
synth_1540,867
synth_1543,866
synth_1542,866
synth_1544,866
synth_1545,865
synth_1547,865
synth_1546,865
synth_1548,864
synth_1550,864
synth_1549,864
synth_1551,863
synth_1552,863
synth_1553,863
synth_1554,862
synth_1556,862
synth_1555,862
synth_1559,861
synth_1558,861
synth_1557,861
synth_1561,860
synth_1562,860
synth_1560,860
synth_1563,859
synth_1564,859
synth_1565,859
synth_1566,858
synth_1567,858
synth_1568,858
synth_1569,857
synth_1571,857
synth_1570,857
synth_1573,856
synth_1572,856
synth_1574,856
synth_1575,855
synth_1576,855
synth_1577,855
synth_1578,854
synth_1579,854
synth_1580,854
synth_1581,853
synth_1582,853
synth_1583,853
synth_1586,852
synth_1585,852
synth_1584,852
synth_1587,851
synth_1589,851
synth_1588,851
synth_1591,850
synth_1590,850
synth_1592,850
synth_1594,849
synth_1596,849
synth_1595,849
synth_1593,849
synth_1598,848
synth_1599,848
synth_1597,848
synth_1600,847
synth_1601,847
synth_1602,847
synth_1605,846
synth_1603,846
synth_1604,846
synth_1606,845
synth_1607,845
synth_1608,845
synth_1611,844
synth_1610,844
synth_1609,844
synth_1612,843
synth_1614,843
synth_1615,843
synth_1613,843
synth_1616,842
synth_1618,842
synth_1617,842
synth_1621,841
synth_1620,841
synth_1619,841
synth_1622,840
synth_1623,840
synth_1624,840
synth_1625,839
synth_1626,839
synth_1627,839
synth_1628,838
synth_1629,838
synth_1630,838
synth_1631,838
synth_1633,837
synth_1632,837
synth_1634,837
synth_1636,836
synth_1637,836
synth_1635,836
synth_1639,835
synth_1638,835
synth_1640,835
synth_1644,834
synth_1641,834
synth_1643,834
synth_1642,834
synth_1647,833
synth_1646,833
synth_1645,833
synth_1649,832
synth_1648,832
synth_1650,832
synth_1652,831
synth_1651,831
synth_1653,831
synth_1654,831
synth_1657,830
synth_1655,830
synth_1656,830
synth_1658,829
synth_1659,829
synth_1660,829
synth_1664,828
synth_1662,828
synth_1661,828
synth_1663,828
synth_1667,827
synth_1666,827
synth_1665,827
synth_1669,826
synth_1668,826
synth_1670,826
synth_1672,825
synth_1671,825
synth_1673,825
synth_1674,825
synth_1676,824
synth_1677,824
synth_1675,824
synth_1679,823
synth_1678,823
synth_1680,823
synth_1682,822
synth_1683,822
synth_1681,822
synth_1684,822
synth_1685,821
synth_1687,821
synth_1686,821
synth_1691,820
synth_1689,820
synth_1688,820
synth_1690,820
synth_1694,819
synth_1693,819
synth_1692,819
synth_1695,818
synth_1696,818
synth_1698,818
synth_1697,818
synth_1700,817
synth_1701,817
synth_1699,817
synth_1703,816
synth_1704,816
synth_1702,816
synth_1705,816
synth_1707,815
synth_1708,815
synth_1706,815
synth_1712,814
synth_1710,814
synth_1711,814
synth_1709,814
synth_1713,813
synth_1714,813
synth_1715,813
synth_1717,812
synth_1719,812
synth_1716,812
synth_1718,812
synth_1722,811
synth_1720,811
synth_1721,811
synth_1724,810
synth_1726,810
synth_1723,810
synth_1725,810
synth_1729,809
synth_1727,809
synth_1728,809
synth_1732,808
synth_1730,808
synth_1733,808
synth_1731,808
synth_1736,807
synth_1734,807
synth_1735,807
synth_1740,806
synth_1739,806
synth_1738,806
synth_1737,806
synth_1742,805
synth_1744,805
synth_1743,805
synth_1741,805
synth_1747,804
synth_1746,804
synth_1745,804
synth_1749,803
synth_1751,803
synth_1750,803
synth_1748,803
synth_1755,802
synth_1754,802
synth_1753,802
synth_1752,802
synth_1756,801
synth_1757,801
synth_1758,801
synth_1760,800
synth_1759,800
synth_1762,800
synth_1761,800
synth_1763,799
synth_1765,799
synth_1766,799
synth_1764,799
synth_1769,798
synth_1767,798
synth_1768,798
synth_1771,797
synth_1770,797
synth_1772,797
synth_1773,797
synth_1775,796
synth_1777,796
synth_1776,796
synth_1774,796
synth_1780,795
synth_1778,795
synth_1779,795
synth_1784,794
synth_1783,794
synth_1782,794
synth_1781,794
synth_1788,793
synth_1786,793
synth_1785,793
synth_1787,793
synth_1791,792
synth_1789,792
synth_1792,792
synth_1790,792
synth_1794,791
synth_1795,791
synth_1793,791
synth_1797,790
synth_1796,790
synth_1799,790
synth_1798,790
synth_1800,789
synth_1803,789
synth_1801,789
synth_1802,789
synth_1806,788
synth_1804,788
synth_1805,788
synth_1807,788
synth_1809,787
synth_1810,787
synth_1808,787
synth_1811,787
synth_1813,786
synth_1814,786
synth_1812,786
synth_1815,786
synth_1818,785
synth_1817,785
synth_1816,785
synth_1820,784
synth_1821,784
synth_1819,784
synth_1822,784
synth_1825,783
synth_1826,783
synth_1824,783
synth_1823,783
synth_1829,782
synth_1828,782
synth_1827,782
synth_1830,782
synth_1831,781
synth_1834,781
synth_1832,781
synth_1833,781
synth_1838,780
synth_1837,780
synth_1836,780
synth_1835,780
synth_1842,779
synth_1841,779
synth_1840,779
synth_1839,779
synth_1844,778
synth_1845,778
synth_1846,778
synth_1843,778
synth_1847,777
synth_1850,777
synth_1849,777
synth_1848,777
synth_1852,776
synth_1853,776
synth_1854,776
synth_1851,776
synth_1857,775
synth_1858,775
synth_1856,775
synth_1855,775
synth_1861,774
synth_1859,774
synth_1862,774
synth_1860,774
synth_1863,773
synth_1866,773
synth_1864,773
synth_1865,773
synth_1868,772
synth_1867,772
synth_1870,772
synth_1869,772
synth_1874,771
synth_1872,771
synth_1871,771
synth_1873,771
synth_1876,770
synth_1878,770
synth_1875,770
synth_1877,770
synth_1879,769
synth_1880,769
synth_1881,769
synth_1882,769
synth_1883,768
synth_1885,768
synth_1886,768
synth_1884,768
synth_1887,767
synth_1888,767
synth_1890,767
synth_1889,767
synth_1893,766
synth_1891,766
synth_1892,766
synth_1894,766
synth_1896,765
synth_1898,765
synth_1897,765
synth_1895,765
synth_1901,764
synth_1899,764
synth_1900,764
synth_1902,764
synth_1903,764
synth_1905,763
synth_1906,763
synth_1907,763
synth_1904,763
synth_1909,762
synth_1911,762
synth_1910,762
synth_1908,762
synth_1915,761
synth_1914,761
synth_1913,761
synth_1912,761
synth_1917,760
synth_1919,760
synth_1916,760
synth_1918,760
synth_1921,759
synth_1922,759
synth_1920,759
synth_1923,759
synth_1924,758
synth_1926,758
synth_1925,758
synth_1927,758
synth_1928,758
synth_1930,757
synth_1931,757
synth_1932,757
synth_1929,757
synth_1934,756
synth_1936,756
synth_1933,756
synth_1935,756
synth_1938,755
synth_1939,755
synth_1940,755
synth_1941,755
synth_1937,755
synth_1943,754
synth_1945,754
synth_1944,754
synth_1942,754
synth_1948,753
synth_1946,753
synth_1949,753
synth_1947,753
synth_1952,752
synth_1953,752
synth_1950,752
synth_1951,752
synth_1958,751
synth_1954,751
synth_1956,751
synth_1957,751
synth_1955,751
synth_1962,750
synth_1959,750
synth_1961,750
synth_1960,750
synth_1967,749
synth_1966,749
synth_1964,749
synth_1963,749
synth_1965,749
synth_1969,748
synth_1971,748
synth_1970,748
synth_1968,748
synth_1973,747
synth_1972,747
synth_1974,747
synth_1975,747
synth_1977,746
synth_1976,746
synth_1979,746
synth_1980,746
synth_1978,746
synth_1982,745
synth_1983,745
synth_1984,745
synth_1981,745
synth_1987,744
synth_1989,744
synth_1985,744
synth_1986,744
synth_1988,744
synth_1990,743
synth_1991,743
synth_1992,743
synth_1993,743
synth_1997,742
synth_1994,742
synth_1998,742
synth_1996,742
synth_1995,742
synth_2000,741
synth_1999,741
synth_2002,741
synth_2001,741
synth_2004,740
synth_2007,740
synth_2003,740
synth_2006,740
synth_2005,740
synth_2008,739
synth_2011,739
synth_2010,739
synth_2009,739
synth_2012,738
synth_2016,738
synth_2013,738
synth_2014,738
synth_2015,738
synth_2017,737
synth_2018,737
synth_2019,737
synth_2020,737
synth_2024,736
synth_2023,736
synth_2022,736
synth_2021,736
synth_2025,736
synth_2026,735
synth_2027,735
synth_2029,735
synth_2028,735
synth_2031,734
synth_2032,734
synth_2030,734
synth_2034,734
synth_2033,734
synth_2039,733
synth_2035,733
synth_2036,733
synth_2038,733
synth_2037,733
synth_2042,732
synth_2041,732
synth_2040,732
synth_2043,732
synth_2047,731
synth_2048,731
synth_2046,731
synth_2044,731
synth_2045,731
synth_2052,730
synth_2051,730
synth_2053,730
synth_2050,730
synth_2049,730
synth_2057,729
synth_2054,729
synth_2055,729
synth_2056,729
synth_2058,728
synth_2060,728
synth_2061,728
synth_2062,728
synth_2059,728
synth_2067,727
synth_2066,727
synth_2064,727
synth_2065,727
synth_2063,727
synth_2070,726
synth_2069,726
synth_2072,726
synth_2068,726
synth_2071,726
synth_2075,725
synth_2074,725
synth_2073,725
synth_2076,725
synth_2080,724
synth_2079,724
synth_2077,724
synth_2081,724
synth_2078,724
synth_2085,723
synth_2082,723
synth_2086,723
synth_2083,723
synth_2084,723
synth_2087,722
synth_2089,722
synth_2091,722
synth_2090,722
synth_2088,722
synth_2094,721
synth_2092,721
synth_2096,721
synth_2093,721
synth_2095,721
synth_2100,720
synth_2098,720
synth_2097,720
synth_2099,720
synth_2104,719
synth_2102,719
synth_2101,719
synth_2105,719
synth_2103,719
synth_2106,718
synth_2110,718
synth_2107,718
synth_2108,718
synth_2109,718
synth_2112,717
synth_2113,717
synth_2111,717
synth_2115,717
synth_2114,717
synth_2118,716
synth_2116,716
synth_2117,716
synth_2119,716
synth_2120,716
synth_2121,715
synth_2124,715
synth_2122,715
synth_2125,715
synth_2123,715
synth_2126,714
synth_2130,714
synth_2129,714
synth_2127,714
synth_2128,714
synth_2131,713
synth_2133,713
synth_2134,713
synth_2132,713
synth_2135,713
synth_2137,712
synth_2138,712
synth_2139,712
synth_2136,712
synth_2140,712
synth_2144,711
synth_2143,711
synth_2141,711
synth_2142,711
synth_2145,711
synth_2148,710
synth_2150,710
synth_2149,710
synth_2146,710
synth_2147,710
synth_2154,709
synth_2152,709
synth_2151,709
synth_2153,709
synth_2155,709
synth_2158,708
synth_2156,708
synth_2157,708
synth_2159,708
synth_2160,708
synth_2165,707
synth_2162,707
synth_2161,707
synth_2164,707
synth_2163,707
synth_2166,706
synth_2170,706
synth_2168,706
synth_2169,706
synth_2167,706
synth_2171,705
synth_2174,705
synth_2173,705
synth_2172,705
synth_2175,705
synth_2176,704
synth_2178,704
synth_2177,704
synth_2180,704
synth_2181,704
synth_2179,704
synth_2182,703
synth_2184,703
synth_2183,703
synth_2185,703
synth_2186,703
synth_2190,702
synth_2187,702
synth_2189,702
synth_2188,702
synth_2191,702
synth_2195,701
synth_2196,701
synth_2194,701
synth_2193,701
synth_2192,701
synth_2197,700
synth_2201,700
synth_2200,700
synth_2199,700
synth_2198,700
synth_2204,699
synth_2207,699
synth_2205,699
synth_2202,699
synth_2203,699
synth_2206,699
synth_2212,698
synth_2211,698
synth_2208,698
synth_2209,698
synth_2210,698
synth_2216,697
synth_2215,697
synth_2213,697
synth_2214,697
synth_2217,697
synth_2222,696
synth_2218,696
synth_2219,696
synth_2223,696
synth_2221,696
synth_2220,696
synth_2226,695
synth_2224,695
synth_2228,695
synth_2227,695
synth_2225,695
synth_2230,694
synth_2232,694
synth_2231,694
synth_2233,694
synth_2229,694
synth_2234,693
synth_2239,693
synth_2238,693
synth_2235,693
synth_2237,693
synth_2236,693
synth_2242,692
synth_2240,692
synth_2243,692
synth_2244,692
synth_2241,692
synth_2246,691
synth_2248,691
synth_2245,691
synth_2247,691
synth_2250,691
synth_2249,691
synth_2253,690
synth_2251,690
synth_2254,690
synth_2255,690
synth_2252,690
synth_2257,689
synth_2260,689
synth_2259,689
synth_2256,689
synth_2258,689
synth_2263,688
synth_2262,688
synth_2261,688
synth_2264,688
synth_2266,688
synth_2265,688
synth_2271,687
synth_2267,687
synth_2268,687
synth_2270,687
synth_2269,687
synth_2272,686
synth_2275,686
synth_2277,686
synth_2276,686
synth_2274,686
synth_2273,686
synth_2280,685
synth_2281,685
synth_2282,685
synth_2278,685
synth_2279,685
synth_2286,684
synth_2283,684
synth_2285,684
synth_2288,684
synth_2287,684
synth_2284,684
synth_2289,683
synth_2291,683
synth_2294,683
synth_2292,683
synth_2290,683
synth_2293,683
synth_2297,682
synth_2299,682
synth_2296,682
synth_2298,682
synth_2295,682
synth_2304,681
synth_2301,681
synth_2302,681
synth_2300,681
synth_2305,681
synth_2303,681
synth_2310,680
synth_2309,680
synth_2308,680
synth_2311,680
synth_2306,680
synth_2307,680
synth_2312,679
synth_2316,679
synth_2313,679
synth_2315,679
synth_2314,679
synth_2318,678
synth_2321,678
synth_2322,678
synth_2317,678
synth_2319,678
synth_2320,678
synth_2323,677
synth_2327,677
synth_2325,677
synth_2326,677
synth_2328,677
synth_2324,677
synth_2329,676
synth_2330,676
synth_2332,676
synth_2331,676
synth_2333,676
synth_2338,675
synth_2335,675
synth_2337,675
synth_2336,675
synth_2334,675
synth_2339,675
synth_2344,674
synth_2345,674
synth_2343,674
synth_2341,674
synth_2342,674
synth_2340,674
synth_2351,673
synth_2347,673
synth_2346,673
synth_2348,673
synth_2350,673
synth_2349,673
synth_2356,672
synth_2355,672
synth_2352,672
synth_2354,672
synth_2357,672
synth_2353,672
synth_2359,671
synth_2361,671
synth_2358,671
synth_2362,671
synth_2360,671
synth_2364,670
synth_2366,670
synth_2363,670
synth_2367,670
synth_2368,670
synth_2365,670
synth_2373,669
synth_2370,669
synth_2372,669
synth_2369,669
synth_2374,669
synth_2371,669
synth_2378,668
synth_2379,668
synth_2376,668
synth_2377,668
synth_2380,668
synth_2375,668
synth_2381,667
synth_2383,667
synth_2385,667
synth_2382,667
synth_2386,667
synth_2384,667
synth_2391,666
synth_2392,666
synth_2390,666
synth_2389,666
synth_2387,666
synth_2388,666
synth_2395,665
synth_2397,665
synth_2394,665
synth_2396,665
synth_2398,665
synth_2393,665
synth_2402,664
synth_2399,664
synth_2404,664
synth_2401,664
synth_2403,664
synth_2400,664
synth_2405,663
synth_2406,663
synth_2410,663
synth_2408,663
synth_2407,663
synth_2409,663
synth_2415,662
synth_2413,662
synth_2411,662
synth_2416,662
synth_2414,662
synth_2412,662
synth_2419,661
synth_2420,661
synth_2417,661
synth_2422,661
synth_2418,661
synth_2421,661
synth_2423,660
synth_2428,660
synth_2426,660
synth_2427,660
synth_2424,660
synth_2425,660
synth_2429,660
synth_2430,659
synth_2435,659
synth_2433,659
synth_2432,659
synth_2434,659
synth_2431,659
synth_2436,658
synth_2440,658
synth_2437,658
synth_2439,658
synth_2441,658
synth_2438,658
synth_2446,657
synth_2445,657
synth_2442,657
synth_2447,657
synth_2443,657
synth_2444,657
synth_2448,656
synth_2453,656
synth_2449,656
synth_2451,656
synth_2452,656
synth_2450,656
synth_2460,655
synth_2458,655
synth_2457,655
synth_2454,655
synth_2455,655
synth_2456,655
synth_2459,655
synth_2462,654
synth_2464,654
synth_2466,654
synth_2461,654
synth_2465,654
synth_2463,654
synth_2469,653
synth_2468,653
synth_2467,653
synth_2470,653
synth_2471,653
synth_2472,653
synth_2478,652
synth_2476,652
synth_2474,652
synth_2473,652
synth_2477,652
synth_2475,652
synth_2481,651
synth_2484,651
synth_2483,651
synth_2480,651
synth_2479,651
synth_2482,651
synth_2485,651
synth_2488,650
synth_2487,650
synth_2489,650
synth_2490,650
synth_2491,650
synth_2486,650
synth_2496,649
synth_2494,649
synth_2497,649
synth_2492,649
synth_2493,649
synth_2495,649
synth_2498,649
synth_2503,648
synth_2504,648
synth_2500,648
synth_2501,648
synth_2499,648
synth_2502,648
synth_2507,647
synth_2510,647
synth_2505,647
synth_2509,647
synth_2506,647
synth_2508,647
synth_2511,646
synth_2514,646
synth_2517,646
synth_2513,646
synth_2512,646
synth_2516,646
synth_2515,646
synth_2520,645
synth_2522,645
synth_2521,645
synth_2523,645
synth_2518,645
synth_2519,645
synth_2526,644
synth_2529,644
synth_2525,644
synth_2527,644
synth_2524,644
synth_2530,644
synth_2528,644
synth_2532,643
synth_2534,643
synth_2535,643
synth_2537,643
synth_2531,643
synth_2533,643
synth_2536,643
synth_2540,642
synth_2542,642
synth_2538,642
synth_2539,642
synth_2541,642
synth_2543,642
synth_2546,641
synth_2549,641
synth_2548,641
synth_2544,641
synth_2550,641
synth_2547,641
synth_2545,641
synth_2556,640
synth_2552,640
synth_2553,640
synth_2554,640
synth_2551,640
synth_2555,640
synth_2561,639
synth_2560,639
synth_2557,639
synth_2562,639
synth_2563,639
synth_2558,639
synth_2559,639
synth_2568,638
synth_2567,638
synth_2566,638
synth_2569,638
synth_2564,638
synth_2570,638
synth_2565,638
synth_2572,637
synth_2577,637
synth_2571,637
synth_2574,637
synth_2575,637
synth_2573,637
synth_2576,637
synth_2581,636
synth_2582,636
synth_2580,636
synth_2583,636
synth_2578,636
synth_2579,636
synth_2585,635
synth_2587,635
synth_2584,635
synth_2590,635
synth_2588,635
synth_2586,635
synth_2589,635
synth_2591,634
synth_2597,634
synth_2595,634
synth_2592,634
synth_2596,634
synth_2594,634
synth_2593,634
synth_2604,633
synth_2602,633
synth_2598,633
synth_2600,633
synth_2603,633
synth_2599,633
synth_2601,633
synth_2605,632
synth_2606,632
synth_2607,632
synth_2609,632
synth_2608,632
synth_2610,632
synth_2611,632
synth_2613,631
synth_2617,631
synth_2616,631
synth_2615,631
synth_2612,631
synth_2618,631
synth_2614,631
synth_2619,630
synth_2625,630
synth_2620,630
synth_2624,630
synth_2622,630
synth_2621,630
synth_2623,630
synth_2628,629
synth_2631,629
synth_2630,629
synth_2626,629
synth_2629,629
synth_2627,629
synth_2632,628
synth_2635,628
synth_2637,628
synth_2636,628
synth_2638,628
synth_2633,628
synth_2634,628
synth_2646,627
synth_2642,627
synth_2643,627
synth_2644,627
synth_2640,627
synth_2645,627
synth_2641,627
synth_2639,627
synth_2647,626
synth_2651,626
synth_2652,626
synth_2653,626
synth_2648,626
synth_2650,626
synth_2649,626
synth_2657,625
synth_2656,625
synth_2658,625
synth_2660,625
synth_2659,625
synth_2655,625
synth_2654,625
synth_2665,624
synth_2661,624
synth_2662,624
synth_2667,624
synth_2664,624
synth_2666,624
synth_2663,624
synth_2672,623
synth_2673,623
synth_2671,623
synth_2670,623
synth_2674,623
synth_2669,623
synth_2668,623
synth_2678,622
synth_2676,622
synth_2675,622
synth_2680,622
synth_2681,622
synth_2679,622
synth_2677,622
synth_2684,621
synth_2688,621
synth_2682,621
synth_2685,621
synth_2687,621
synth_2686,621
synth_2683,621
synth_2689,620
synth_2696,620
synth_2695,620
synth_2692,620
synth_2693,620
synth_2690,620
synth_2691,620
synth_2694,620
synth_2701,619
synth_2697,619
synth_2698,619
synth_2699,619
synth_2703,619
synth_2702,619
synth_2700,619
synth_2704,618
synth_2706,618
synth_2709,618
synth_2710,618
synth_2708,618
synth_2707,618
synth_2705,618
synth_2711,617
synth_2716,617
synth_2717,617
synth_2714,617
synth_2715,617
synth_2712,617
synth_2713,617
synth_2723,616
synth_2719,616
synth_2718,616
synth_2724,616
synth_2721,616
synth_2722,616
synth_2720,616
synth_2725,616
synth_2726,615
synth_2728,615
synth_2731,615
synth_2729,615
synth_2727,615
synth_2732,615
synth_2730,615
synth_2734,614
synth_2738,614
synth_2735,614
synth_2739,614
synth_2736,614
synth_2733,614
synth_2740,614
synth_2737,614
synth_2742,613
synth_2746,613
synth_2743,613
synth_2747,613
synth_2744,613
synth_2745,613
synth_2741,613
synth_2748,612
synth_2755,612
synth_2750,612
synth_2749,612
synth_2754,612
synth_2753,612
synth_2752,612
synth_2751,612
synth_2761,611
synth_2762,611
synth_2759,611
synth_2758,611
synth_2760,611
synth_2757,611
synth_2756,611
synth_2766,610
synth_2764,610
synth_2765,610
synth_2769,610
synth_2763,610
synth_2767,610
synth_2768,610
synth_2770,610
synth_2775,609
synth_2776,609
synth_2777,609
synth_2773,609
synth_2774,609
synth_2771,609
synth_2772,609
synth_2783,608
synth_2781,608
synth_2782,608
synth_2779,608
synth_2785,608
synth_2784,608
synth_2778,608
synth_2780,608
synth_2789,607
synth_2793,607
synth_2791,607
synth_2788,607
synth_2786,607
synth_2787,607
synth_2792,607
synth_2790,607
synth_2796,606
synth_2797,606
synth_2794,606
synth_2798,606
synth_2800,606
synth_2799,606
synth_2795,606
synth_2806,605
synth_2801,605
synth_2805,605
synth_2808,605
synth_2802,605
synth_2803,605
synth_2807,605
synth_2804,605
synth_2816,604
synth_2810,604
synth_2812,604
synth_2815,604
synth_2813,604
synth_2809,604
synth_2814,604
synth_2811,604
synth_2819,603
synth_2822,603
synth_2821,603
synth_2823,603
synth_2817,603
synth_2818,603
synth_2820,603
synth_2830,602
synth_2825,602
synth_2824,602
synth_2828,602
synth_2826,602
synth_2831,602
synth_2829,602
synth_2827,602
synth_2833,601
synth_2834,601
synth_2832,601
synth_2836,601
synth_2838,601
synth_2839,601
synth_2837,601
synth_2835,601
synth_2844,600
synth_2843,600
synth_2842,600
synth_2840,600
synth_2847,600
synth_2841,600
synth_2846,600
synth_2845,600
synth_2849,599
synth_2848,599
synth_2853,599
synth_2854,599
synth_2851,599
synth_2852,599
synth_2855,599
synth_2850,599
synth_2860,598
synth_2856,598
synth_2857,598
synth_2862,598
synth_2858,598
synth_2859,598
synth_2863,598
synth_2861,598
synth_2870,597
synth_2866,597
synth_2865,597
synth_2868,597
synth_2871,597
synth_2867,597
synth_2869,597
synth_2864,597
synth_2875,596
synth_2872,596
synth_2879,596
synth_2874,596
synth_2876,596
synth_2878,596
synth_2873,596
synth_2877,596
synth_2884,595
synth_2883,595
synth_2887,595
synth_2881,595
synth_2882,595
synth_2885,595
synth_2886,595
synth_2880,595
synth_2893,594
synth_2889,594
synth_2890,594
synth_2888,594
synth_2894,594
synth_2895,594
synth_2891,594
synth_2892,594
synth_2897,593
synth_2899,593
synth_2901,593
synth_2900,593
synth_2896,593
synth_2898,593
synth_2903,593
synth_2902,593
synth_2905,592
synth_2912,592
synth_2908,592
synth_2911,592
synth_2909,592
synth_2910,592
synth_2904,592
synth_2907,592
synth_2906,592
synth_2918,591
synth_2916,591
synth_2919,591
synth_2917,591
synth_2920,591
synth_2915,591
synth_2914,591
synth_2913,591
synth_2921,590
synth_2925,590
synth_2922,590
synth_2927,590
synth_2928,590
synth_2926,590
synth_2923,590
synth_2924,590
synth_2932,589
synth_2933,589
synth_2931,589
synth_2930,589
synth_2929,589
synth_2936,589
synth_2935,589
synth_2934,589
synth_2945,588
synth_2942,588
synth_2941,588
synth_2943,588
synth_2937,588
synth_2940,588
synth_2944,588
synth_2939,588
synth_2938,588
synth_2947,587
synth_2950,587
synth_2953,587
synth_2951,587
synth_2949,587
synth_2946,587
synth_2952,587
synth_2948,587
synth_2955,586
synth_2954,586
synth_2958,586
synth_2959,586
synth_2956,586
synth_2960,586
synth_2961,586
synth_2957,586
synth_2968,585
synth_2962,585
synth_2963,585
synth_2964,585
synth_2966,585
synth_2970,585
synth_2965,585
synth_2967,585
synth_2969,585
synth_2977,584
synth_2972,584
synth_2971,584
synth_2978,584
synth_2975,584
synth_2973,584
synth_2976,584
synth_2974,584
synth_2983,583
synth_2979,583
synth_2985,583
synth_2981,583
synth_2986,583
synth_2982,583
synth_2984,583
synth_2987,583
synth_2980,583
synth_2996,582
synth_2989,582
synth_2992,582
synth_2994,582
synth_2990,582
synth_2991,582
synth_2993,582
synth_2995,582
synth_2988,582
synth_2998,581
synth_3002,581
synth_2997,581
synth_2999,581
synth_3000,581
synth_3001,581
synth_3004,581
synth_3003,581
synth_3006,580
synth_3013,580
synth_3012,580
synth_3005,580
synth_3009,580
synth_3010,580
synth_3007,580
synth_3011,580
synth_3008,580
synth_3018,579
synth_3014,579
synth_3016,579
synth_3021,579
synth_3017,579
synth_3015,579
synth_3019,579
synth_3020,579
synth_3026,578
synth_3027,578
synth_3022,578
synth_3028,578
synth_3024,578
synth_3030,578
synth_3025,578
synth_3029,578
synth_3023,578
synth_3038,577
synth_3036,577
synth_3033,577
synth_3034,577
synth_3037,577
synth_3032,577
synth_3031,577
synth_3039,577
synth_3035,577
synth_3047,576
synth_3045,576
synth_3044,576
synth_3048,576
synth_3041,576
synth_3040,576
synth_3043,576
synth_3042,576
synth_3046,576
synth_3050,575
synth_3049,575
synth_3055,575
synth_3057,575
synth_3051,575
synth_3054,575
synth_3056,575
synth_3052,575
synth_3053,575
synth_3063,574
synth_3065,574
synth_3058,574
synth_3059,574
synth_3061,574
synth_3060,574
synth_3062,574
synth_3064,574
synth_3073,573
synth_3069,573
synth_3072,573
synth_3066,573
synth_3070,573
synth_3068,573
synth_3071,573
synth_3067,573
synth_3074,573
synth_3075,572
synth_3079,572
synth_3080,572
synth_3082,572
synth_3076,572
synth_3081,572
synth_3078,572
synth_3083,572
synth_3077,572
synth_3088,571
synth_3090,571
synth_3092,571
synth_3087,571
synth_3089,571
synth_3085,571
synth_3091,571
synth_3084,571
synth_3086,571
synth_3094,570
synth_3100,570
synth_3096,570
synth_3098,570
synth_3099,570
synth_3095,570
synth_3093,570
synth_3101,570
synth_3097,570
synth_3102,569
synth_3107,569
synth_3104,569
synth_3108,569
synth_3109,569
synth_3111,569
synth_3106,569
synth_3105,569
synth_3110,569
synth_3103,569
synth_3120,568
synth_3116,568
synth_3118,568
synth_3113,568
synth_3112,568
synth_3117,568
synth_3115,568
synth_3119,568
synth_3114,568
synth_3127,567
synth_3122,567
synth_3125,567
synth_3129,567
synth_3124,567
synth_3121,567
synth_3123,567
synth_3126,567
synth_3128,567
synth_3133,566
synth_3134,566
synth_3132,566
synth_3136,566
synth_3137,566
synth_3138,566
synth_3131,566
synth_3130,566
synth_3135,566
synth_3146,565
synth_3147,565
synth_3144,565
synth_3141,565
synth_3140,565
synth_3142,565
synth_3145,565
synth_3143,565
synth_3139,565
synth_3154,564
synth_3151,564
synth_3152,564
synth_3155,564
synth_3153,564
synth_3156,564
synth_3149,564
synth_3150,564
synth_3148,564
synth_3157,564
synth_3166,563
synth_3162,563
synth_3159,563
synth_3158,563
synth_3160,563
synth_3164,563
synth_3165,563
synth_3163,563
synth_3161,563
synth_3171,562
synth_3172,562
synth_3167,562
synth_3168,562
synth_3173,562
synth_3170,562
synth_3175,562
synth_3169,562
synth_3174,562
synth_3180,561
synth_3182,561
synth_3181,561
synth_3177,561
synth_3185,561
synth_3176,561
synth_3183,561
synth_3184,561
synth_3178,561
synth_3179,561
synth_3187,560
synth_3194,560
synth_3193,560
synth_3186,560
synth_3189,560
synth_3192,560
synth_3191,560
synth_3188,560
synth_3190,560
synth_3203,559
synth_3198,559
synth_3204,559
synth_3195,559
synth_3202,559
synth_3199,559
synth_3197,559
synth_3200,559
synth_3201,559
synth_3196,559
synth_3207,558
synth_3212,558
synth_3214,558
synth_3208,558
synth_3211,558
synth_3209,558
synth_3210,558
synth_3205,558
synth_3213,558
synth_3206,558
synth_3222,557
synth_3217,557
synth_3220,557
synth_3216,557
synth_3223,557
synth_3219,557
synth_3215,557
synth_3218,557
synth_3221,557
synth_3228,556
synth_3224,556
synth_3231,556
synth_3225,556
synth_3227,556
synth_3229,556
synth_3230,556
synth_3233,556
synth_3226,556
synth_3232,556
synth_3234,555
synth_3238,555
synth_3243,555
synth_3242,555
synth_3240,555
synth_3235,555
synth_3241,555
synth_3236,555
synth_3239,555
synth_3237,555
synth_3247,554
synth_3251,554
synth_3245,554
synth_3250,554
synth_3252,554
synth_3249,554
synth_3248,554
synth_3246,554
synth_3244,554
synth_3261,553
synth_3253,553
synth_3255,553
synth_3258,553
synth_3257,553
synth_3262,553
synth_3256,553
synth_3254,553
synth_3259,553
synth_3260,553
synth_3270,552
synth_3266,552
synth_3264,552
synth_3263,552
synth_3269,552
synth_3265,552
synth_3267,552
synth_3271,552
synth_3272,552
synth_3268,552
synth_3275,551
synth_3278,551
synth_3276,551
synth_3279,551
synth_3281,551
synth_3274,551
synth_3273,551
synth_3277,551
synth_3280,551
synth_3282,551
synth_3284,550
synth_3288,550
synth_3285,550
synth_3291,550
synth_3287,550
synth_3290,550
synth_3286,550
synth_3292,550
synth_3283,550
synth_3289,550
synth_3298,549
synth_3296,549
synth_3302,549
synth_3299,549
synth_3300,549
synth_3301,549
synth_3294,549
synth_3293,549
synth_3295,549
synth_3297,549
synth_3308,548
synth_3309,548
synth_3305,548
synth_3304,548
synth_3307,548
synth_3312,548
synth_3311,548
synth_3303,548
synth_3306,548
synth_3310,548
synth_3313,547
synth_3322,547
synth_3320,547
synth_3319,547
synth_3321,547
synth_3317,547
synth_3318,547
synth_3314,547
synth_3316,547
synth_3315,547
synth_3324,546
synth_3328,546
synth_3325,546
synth_3332,546
synth_3323,546
synth_3330,546
synth_3326,546
synth_3331,546
synth_3329,546
synth_3327,546
synth_3333,545
synth_3338,545
synth_3336,545
synth_3342,545
synth_3339,545
synth_3334,545
synth_3340,545
synth_3335,545
synth_3337,545
synth_3341,545
synth_3346,544
synth_3353,544
synth_3343,544
synth_3347,544
synth_3344,544
synth_3351,544
synth_3345,544
synth_3350,544
synth_3348,544
synth_3352,544
synth_3349,544
synth_3361,543
synth_3356,543
synth_3363,543
synth_3358,543
synth_3362,543
synth_3354,543
synth_3355,543
synth_3360,543
synth_3357,543
synth_3359,543
synth_3369,542
synth_3364,542
synth_3366,542
synth_3365,542
synth_3371,542
synth_3373,542
synth_3367,542
synth_3370,542
synth_3368,542
synth_3372,542
synth_3378,541
synth_3381,541
synth_3380,541
synth_3376,541
synth_3379,541
synth_3384,541
synth_3375,541
synth_3383,541
synth_3374,541
synth_3377,541
synth_3382,541
synth_3394,540
synth_3392,540
synth_3389,540
synth_3385,540
synth_3393,540
synth_3387,540
synth_3390,540
synth_3388,540
synth_3391,540
synth_3386,540
synth_3402,539
synth_3399,539
synth_3400,539
synth_3398,539
synth_3405,539
synth_3396,539
synth_3403,539
synth_3397,539
synth_3395,539
synth_3401,539
synth_3404,539
synth_3409,538
synth_3408,538
synth_3406,538
synth_3414,538
synth_3407,538
synth_3411,538
synth_3410,538
synth_3412,538
synth_3413,538
synth_3415,538
synth_3426,537
synth_3418,537
synth_3425,537
synth_3424,537
synth_3422,537
synth_3420,537
synth_3421,537
synth_3417,537
synth_3419,537
synth_3423,537
synth_3416,537
synth_3430,536
synth_3436,536
synth_3435,536
synth_3437,536
synth_3432,536
synth_3434,536
synth_3429,536
synth_3431,536
synth_3433,536
synth_3427,536
synth_3428,536
synth_3440,535
synth_3445,535
synth_3446,535
synth_3438,535
synth_3442,535
synth_3443,535
synth_3439,535
synth_3444,535
synth_3447,535
synth_3441,535
synth_3456,534
synth_3449,534
synth_3448,534
synth_3458,534
synth_3452,534
synth_3457,534
synth_3453,534
synth_3454,534
synth_3455,534
synth_3450,534
synth_3451,534
synth_3459,533
synth_3461,533
synth_3466,533
synth_3462,533
synth_3460,533
synth_3464,533
synth_3469,533
synth_3465,533
synth_3468,533
synth_3467,533
synth_3463,533
synth_3473,532
synth_3478,532
synth_3470,532
synth_3471,532
synth_3474,532
synth_3477,532
synth_3472,532
synth_3476,532
synth_3475,532
synth_3479,532
synth_3480,532
synth_3490,531
synth_3486,531
synth_3484,531
synth_3487,531
synth_3481,531
synth_3488,531
synth_3489,531
synth_3483,531
synth_3482,531
synth_3491,531
synth_3485,531
synth_3496,530
synth_3494,530
synth_3497,530
synth_3499,530
synth_3495,530
synth_3502,530
synth_3500,530
synth_3492,530
synth_3493,530
synth_3498,530
synth_3501,530
synth_3507,529
synth_3503,529
synth_3506,529
synth_3513,529
synth_3505,529
synth_3509,529
synth_3511,529
synth_3510,529
synth_3508,529
synth_3512,529
synth_3504,529
synth_3524,528
synth_3516,528
synth_3519,528
synth_3515,528
synth_3521,528
synth_3522,528
synth_3514,528
synth_3518,528
synth_3517,528
synth_3523,528
synth_3520,528
synth_3528,527
synth_3533,527
synth_3525,527
synth_3535,527
synth_3527,527
synth_3526,527
synth_3531,527
synth_3534,527
synth_3532,527
synth_3530,527
synth_3529,527
synth_3546,526
synth_3537,526
synth_3540,526
synth_3536,526
synth_3538,526
synth_3544,526
synth_3542,526
synth_3539,526
synth_3541,526
synth_3545,526
synth_3543,526
synth_3554,525
synth_3552,525
synth_3548,525
synth_3555,525
synth_3553,525
synth_3558,525
synth_3549,525
synth_3556,525
synth_3551,525
synth_3557,525
synth_3547,525
synth_3550,525
synth_3560,524
synth_3562,524
synth_3563,524
synth_3568,524
synth_3559,524
synth_3566,524
synth_3569,524
synth_3561,524
synth_3567,524
synth_3565,524
synth_3564,524
synth_3575,523
synth_3573,523
synth_3576,523
synth_3572,523
synth_3577,523
synth_3574,523
synth_3571,523
synth_3570,523
synth_3578,523
synth_3580,523
synth_3579,523
synth_3584,522
synth_3583,522
synth_3589,522
synth_3581,522
synth_3590,522
synth_3585,522
synth_3587,522
synth_3586,522
synth_3591,522
synth_3592,522
synth_3588,522
synth_3582,522
synth_3598,521
synth_3601,521
synth_3596,521
synth_3594,521
synth_3595,521
synth_3602,521
synth_3600,521
synth_3597,521
synth_3599,521
synth_3603,521
synth_3593,521
synth_3615,520
synth_3605,520
synth_3604,520
synth_3614,520
synth_3609,520
synth_3606,520
synth_3613,520
synth_3612,520
synth_3607,520
synth_3608,520
synth_3611,520
synth_3610,520
synth_3620,519
synth_3626,519
synth_3616,519
synth_3624,519
synth_3619,519
synth_3623,519
synth_3617,519
synth_3625,519
synth_3618,519
synth_3622,519
synth_3621,519
synth_3635,518
synth_3631,518
synth_3630,518
synth_3628,518
synth_3633,518
synth_3636,518
synth_3632,518
synth_3629,518
synth_3637,518
synth_3627,518
synth_3634,518
synth_3638,518
synth_3639,517
synth_3640,517
synth_3641,517
synth_3645,517
synth_3644,517
synth_3646,517
synth_3648,517
synth_3647,517
synth_3649,517
synth_3643,517
synth_3650,517
synth_3642,517
synth_3661,516
synth_3651,516
synth_3652,516
synth_3654,516
synth_3659,516
synth_3658,516
synth_3653,516
synth_3660,516
synth_3655,516
synth_3662,516
synth_3657,516
synth_3656,516
synth_3670,515
synth_3673,515
synth_3669,515
synth_3664,515
synth_3674,515
synth_3667,515
synth_3671,515
synth_3668,515
synth_3665,515
synth_3666,515
synth_3672,515
synth_3663,515
synth_3679,514
synth_3678,514
synth_3686,514
synth_3685,514
synth_3675,514
synth_3683,514
synth_3677,514
synth_3681,514
synth_3680,514
synth_3676,514
synth_3682,514
synth_3684,514
synth_3690,513
synth_3689,513
synth_3694,513
synth_3688,513
synth_3691,513
synth_3697,513
synth_3698,513
synth_3692,513
synth_3687,513
synth_3696,513
synth_3693,513
synth_3695,513
synth_3704,512
synth_3710,512
synth_3701,512
synth_3706,512
synth_3702,512
synth_3699,512
synth_3703,512
synth_3708,512
synth_3700,512
synth_3705,512
synth_3709,512
synth_3707,512
synth_3714,511
synth_3721,511
synth_3715,511
synth_3718,511
synth_3713,511
synth_3717,511
synth_3712,511
synth_3711,511
synth_3716,511
synth_3720,511
synth_3719,511
synth_3722,511
synth_3734,510
synth_3724,510
synth_3729,510
synth_3728,510
synth_3733,510
synth_3732,510
synth_3731,510
synth_3725,510
synth_3730,510
synth_3726,510
synth_3727,510
synth_3723,510
synth_3743,509
synth_3744,509
synth_3745,509
synth_3739,509
synth_3738,509
synth_3736,509
synth_3746,509
synth_3741,509
synth_3742,509
synth_3735,509
synth_3740,509
synth_3737,509
synth_3756,508
synth_3754,508
synth_3748,508
synth_3753,508
synth_3750,508
synth_3758,508
synth_3751,508
synth_3749,508
synth_3755,508
synth_3747,508
synth_3752,508
synth_3757,508
synth_3768,507
synth_3766,507
synth_3771,507
synth_3767,507
synth_3769,507
synth_3760,507
synth_3763,507
synth_3759,507
synth_3761,507
synth_3765,507
synth_3762,507
synth_3770,507
synth_3764,507
synth_3775,506
synth_3780,506
synth_3774,506
synth_3778,506
synth_3772,506
synth_3783,506
synth_3773,506
synth_3781,506
synth_3782,506
synth_3779,506
synth_3776,506
synth_3777,506
synth_3795,505
synth_3789,505
synth_3790,505
synth_3785,505
synth_3786,505
synth_3791,505
synth_3788,505
synth_3792,505
synth_3787,505
synth_3793,505
synth_3784,505
synth_3796,505
synth_3794,505
synth_3799,504
synth_3798,504
synth_3801,504
synth_3804,504
synth_3808,504
synth_3806,504
synth_3807,504
synth_3803,504
synth_3797,504
synth_3800,504
synth_3802,504
synth_3805,504
synth_3817,503
synth_3811,503
synth_3821,503
synth_3809,503
synth_3818,503
synth_3816,503
synth_3820,503
synth_3810,503
synth_3812,503
synth_3814,503
synth_3819,503
synth_3813,503
synth_3815,503
synth_3831,502
synth_3830,502
synth_3822,502
synth_3825,502
synth_3828,502
synth_3829,502
synth_3826,502
synth_3823,502
synth_3834,502
synth_3824,502
synth_3832,502
synth_3827,502
synth_3833,502
synth_3837,501
synth_3843,501
synth_3842,501
synth_3845,501
synth_3840,501
synth_3839,501
synth_3838,501
synth_3835,501
synth_3836,501
synth_3841,501
synth_3846,501
synth_3844,501
synth_3850,500
synth_3855,500
synth_3849,500
synth_3847,500
synth_3853,500
synth_3856,500
synth_3851,500
synth_3852,500
synth_3857,500
synth_3859,500
synth_3854,500
synth_3848,500
synth_3858,500
synth_3870,499
synth_3868,499
synth_3861,499
synth_3869,499
synth_3872,499
synth_3866,499
synth_3860,499
synth_3862,499
synth_3871,499
synth_3867,499
synth_3864,499
synth_3865,499
synth_3863,499
synth_3874,498
synth_3880,498
synth_3875,498
synth_3878,498
synth_3879,498
synth_3885,498
synth_3876,498
synth_3873,498
synth_3883,498
synth_3881,498
synth_3882,498
synth_3877,498
synth_3884,498
synth_3896,497
synth_3898,497
synth_3892,497
synth_3895,497
synth_3889,497
synth_3886,497
synth_3887,497
synth_3894,497
synth_3893,497
synth_3897,497
synth_3890,497
synth_3891,497
synth_3888,497
synth_3900,496
synth_3905,496
synth_3901,496
synth_3899,496
synth_3902,496
synth_3906,496
synth_3910,496
synth_3903,496
synth_3911,496
synth_3909,496
synth_3908,496
synth_3904,496
synth_3907,496
synth_3920,495
synth_3915,495
synth_3921,495
synth_3918,495
synth_3925,495
synth_3923,495
synth_3912,495
synth_3919,495
synth_3917,495
synth_3914,495
synth_3924,495
synth_3916,495
synth_3922,495
synth_3913,495
synth_3930,494
synth_3933,494
synth_3931,494
synth_3936,494
synth_3927,494
synth_3938,494
synth_3932,494
synth_3929,494
synth_3937,494
synth_3934,494
synth_3926,494
synth_3935,494
synth_3928,494
synth_3941,493
synth_3944,493
synth_3949,493
synth_3940,493
synth_3951,493
synth_3945,493
synth_3946,493
synth_3948,493
synth_3939,493
synth_3943,493
synth_3950,493
synth_3947,493
synth_3942,493
synth_3957,492
synth_3956,492
synth_3955,492
synth_3961,492
synth_3960,492
synth_3962,492
synth_3965,492
synth_3959,492
synth_3958,492
synth_3954,492
synth_3964,492
synth_3952,492
synth_3953,492
synth_3963,492
synth_3972,491
synth_3970,491
synth_3976,491
synth_3977,491
synth_3967,491
synth_3971,491
synth_3978,491
synth_3966,491
synth_3969,491
synth_3973,491
synth_3975,491
synth_3974,491
synth_3968,491
synth_3988,490
synth_3979,490
synth_3990,490
synth_3991,490
synth_3986,490
synth_3981,490
synth_3980,490
synth_3987,490
synth_3989,490
synth_3985,490
synth_3992,490
synth_3984,490
synth_3983,490
synth_3982,490
synth_3995,489
synth_4005,489
synth_3996,489
synth_3993,489
synth_3998,489
synth_4000,489
synth_3994,489
synth_3999,489
synth_3997,489
synth_4001,489
synth_4003,489
synth_4002,489
synth_4004,489
synth_4009,488
synth_4019,488
synth_4015,488
synth_4018,488
synth_4017,488
synth_4010,488
synth_4016,488
synth_4011,488
synth_4008,488
synth_4012,488
synth_4007,488
synth_4013,488
synth_4014,488
synth_4006,488
synth_4030,487
synth_4031,487
synth_4025,487
synth_4022,487
synth_4021,487
synth_4028,487
synth_4026,487
synth_4023,487
synth_4032,487
synth_4027,487
synth_4033,487
synth_4029,487
synth_4020,487
synth_4024,487
synth_4042,486
synth_4046,486
synth_4034,486
synth_4040,486
synth_4036,486
synth_4038,486
synth_4045,486
synth_4047,486
synth_4044,486
synth_4039,486
synth_4041,486
synth_4035,486
synth_4037,486
synth_4043,486
synth_4057,485
synth_4055,485
synth_4049,485
synth_4050,485
synth_4048,485
synth_4056,485
synth_4061,485
synth_4053,485
synth_4054,485
synth_4051,485
synth_4060,485
synth_4052,485
synth_4059,485
synth_4058,485
synth_4066,484
synth_4072,484
synth_4063,484
synth_4071,484
synth_4074,484
synth_4062,484
synth_4075,484
synth_4070,484
synth_4068,484
synth_4069,484
synth_4073,484
synth_4067,484
synth_4064,484
synth_4065,484
synth_4079,483
synth_4086,483
synth_4084,483
synth_4083,483
synth_4081,483
synth_4085,483
synth_4082,483
synth_4088,483
synth_4087,483
synth_4077,483
synth_4080,483
synth_4078,483
synth_4076,483
synth_4089,483
synth_4092,482
synth_4101,482
synth_4093,482
synth_4103,482
synth_4096,482
synth_4097,482
synth_4100,482
synth_4090,482
synth_4091,482
synth_4094,482
synth_4099,482
synth_4095,482
synth_4098,482
synth_4102,482
synth_4113,481
synth_4110,481
synth_4104,481
synth_4115,481
synth_4106,481
synth_4109,481
synth_4117,481
synth_4114,481
synth_4105,481
synth_4107,481
synth_4108,481
synth_4111,481
synth_4112,481
synth_4116,481
synth_4123,480
synth_4122,480
synth_4128,480
synth_4124,480
synth_4127,480
synth_4118,480
synth_4126,480
synth_4121,480
synth_4120,480
synth_4130,480
synth_4129,480
synth_4131,480
synth_4119,480
synth_4125,480
synth_4146,479
synth_4135,479
synth_4139,479
synth_4133,479
synth_4145,479
synth_4136,479
synth_4144,479
synth_4142,479
synth_4143,479
synth_4137,479
synth_4141,479
synth_4134,479
synth_4140,479
synth_4138,479
synth_4132,479
synth_4150,478
synth_4149,478
synth_4154,478
synth_4155,478
synth_4151,478
synth_4147,478
synth_4157,478
synth_4160,478
synth_4156,478
synth_4159,478
synth_4152,478
synth_4158,478
synth_4148,478
synth_4153,478
synth_4165,477
synth_4169,477
synth_4171,477
synth_4175,477
synth_4172,477
synth_4167,477
synth_4163,477
synth_4162,477
synth_4166,477
synth_4170,477
synth_4161,477
synth_4174,477
synth_4164,477
synth_4173,477
synth_4168,477
synth_4187,476
synth_4188,476
synth_4186,476
synth_4189,476
synth_4180,476
synth_4183,476
synth_4179,476
synth_4184,476
synth_4181,476
synth_4178,476
synth_4177,476
synth_4182,476
synth_4185,476
synth_4176,476
synth_4193,475
synth_4201,475
synth_4198,475
synth_4204,475
synth_4200,475
synth_4203,475
synth_4195,475
synth_4191,475
synth_4190,475
synth_4202,475
synth_4199,475
synth_4197,475
synth_4192,475
synth_4196,475
synth_4194,475
synth_4218,474
synth_4206,474
synth_4213,474
synth_4216,474
synth_4210,474
synth_4214,474
synth_4215,474
synth_4212,474
synth_4217,474
synth_4205,474
synth_4211,474
synth_4207,474
synth_4219,474
synth_4208,474
synth_4209,474
synth_4231,473
synth_4221,473
synth_4228,473
synth_4220,473
synth_4229,473
synth_4227,473
synth_4234,473
synth_4233,473
synth_4226,473
synth_4230,473
synth_4225,473
synth_4223,473
synth_4232,473
synth_4222,473
synth_4224,473
synth_4235,472
synth_4236,472
synth_4240,472
synth_4244,472
synth_4238,472
synth_4243,472
synth_4237,472
synth_4242,472
synth_4246,472
synth_4245,472
synth_4241,472
synth_4248,472
synth_4247,472
synth_4239,472
synth_4249,472
synth_4251,471
synth_4264,471
synth_4261,471
synth_4255,471
synth_4263,471
synth_4250,471
synth_4256,471
synth_4253,471
synth_4252,471
synth_4257,471
synth_4262,471
synth_4254,471
synth_4258,471
synth_4259,471
synth_4260,471
synth_4276,470
synth_4275,470
synth_4278,470
synth_4266,470
synth_4279,470
synth_4270,470
synth_4277,470
synth_4268,470
synth_4272,470
synth_4274,470
synth_4267,470
synth_4265,470
synth_4269,470
synth_4273,470
synth_4271,470
synth_4282,469
synth_4293,469
synth_4287,469
synth_4289,469
synth_4291,469
synth_4292,469
synth_4280,469
synth_4294,469
synth_4286,469
synth_4288,469
synth_4283,469
synth_4285,469
synth_4284,469
synth_4281,469
synth_4290,469
synth_4300,468
synth_4299,468
synth_4298,468
synth_4304,468
synth_4297,468
synth_4306,468
synth_4302,468
synth_4301,468
synth_4296,468
synth_4305,468
synth_4310,468
synth_4295,468
synth_4309,468
synth_4308,468
synth_4303,468
synth_4307,468
synth_4325,467
synth_4323,467
synth_4319,467
synth_4320,467
synth_4322,467
synth_4314,467
synth_4317,467
synth_4318,467
synth_4313,467
synth_4316,467
synth_4324,467
synth_4315,467
synth_4311,467
synth_4312,467
synth_4321,467
synth_4339,466
synth_4335,466
synth_4326,466
synth_4332,466
synth_4328,466
synth_4329,466
synth_4331,466
synth_4340,466
synth_4341,466
synth_4334,466
synth_4330,466
synth_4336,466
synth_4338,466
synth_4333,466
synth_4327,466
synth_4337,466
synth_4354,465
synth_4350,465
synth_4344,465
synth_4343,465
synth_4356,465
synth_4351,465
synth_4348,465
synth_4353,465
synth_4355,465
synth_4342,465
synth_4345,465
synth_4346,465
synth_4347,465
synth_4352,465
synth_4349,465
synth_4364,464
synth_4357,464
synth_4361,464
synth_4372,464
synth_4371,464
synth_4358,464
synth_4368,464
synth_4366,464
synth_4362,464
synth_4369,464
synth_4363,464
synth_4367,464
synth_4359,464
synth_4370,464
synth_4365,464
synth_4360,464
synth_4376,463
synth_4377,463
synth_4388,463
synth_4379,463
synth_4375,463
synth_4383,463
synth_4385,463
synth_4374,463
synth_4373,463
synth_4378,463
synth_4380,463
synth_4381,463
synth_4387,463
synth_4384,463
synth_4382,463
synth_4386,463
synth_4401,462
synth_4395,462
synth_4400,462
synth_4393,462
synth_4397,462
synth_4399,462
synth_4403,462
synth_4392,462
synth_4389,462
synth_4390,462
synth_4402,462
synth_4391,462
synth_4396,462
synth_4398,462
synth_4394,462
synth_4406,461
synth_4405,461
synth_4418,461
synth_4411,461
synth_4408,461
synth_4416,461
synth_4417,461
synth_4404,461
synth_4419,461
synth_4415,461
synth_4413,461
synth_4410,461
synth_4412,461
synth_4409,461
synth_4407,461
synth_4414,461
synth_4427,460
synth_4432,460
synth_4434,460
synth_4425,460
synth_4433,460
synth_4428,460
synth_4429,460
synth_4431,460
synth_4430,460
synth_4426,460
synth_4422,460
synth_4424,460
synth_4420,460
synth_4435,460
synth_4423,460
synth_4421,460
synth_4450,459
synth_4447,459
synth_4440,459
synth_4437,459
synth_4436,459
synth_4448,459
synth_4439,459
synth_4452,459
synth_4438,459
synth_4446,459
synth_4449,459
synth_4451,459
synth_4444,459
synth_4445,459
synth_4443,459
synth_4441,459
synth_4442,459
synth_4463,458
synth_4459,458
synth_4457,458
synth_4464,458
synth_4454,458
synth_4460,458
synth_4458,458
synth_4453,458
synth_4468,458
synth_4466,458
synth_4461,458
synth_4455,458
synth_4456,458
synth_4462,458
synth_4467,458
synth_4465,458
synth_4482,457
synth_4469,457
synth_4478,457
synth_4471,457
synth_4474,457
synth_4480,457
synth_4476,457
synth_4473,457
synth_4479,457
synth_4470,457
synth_4484,457
synth_4472,457
synth_4477,457
synth_4475,457
synth_4483,457
synth_4481,457
synth_4495,456
synth_4501,456
synth_4496,456
synth_4499,456
synth_4500,456
synth_4488,456
synth_4497,456
synth_4487,456
synth_4492,456
synth_4489,456
synth_4493,456
synth_4485,456
synth_4490,456
synth_4491,456
synth_4498,456
synth_4494,456
synth_4486,456
synth_4514,455
synth_4508,455
synth_4513,455
synth_4517,455
synth_4502,455
synth_4509,455
synth_4511,455
synth_4515,455
synth_4503,455
synth_4512,455
synth_4505,455
synth_4507,455
synth_4516,455
synth_4510,455
synth_4504,455
synth_4506,455
synth_4522,454
synth_4524,454
synth_4528,454
synth_4527,454
synth_4523,454
synth_4518,454
synth_4534,454
synth_4531,454
synth_4532,454
synth_4520,454
synth_4521,454
synth_4519,454
synth_4533,454
synth_4530,454
synth_4526,454
synth_4525,454
synth_4529,454
synth_4535,453
synth_4547,453
synth_4550,453
synth_4536,453
synth_4543,453
synth_4539,453
synth_4541,453
synth_4549,453
synth_4540,453
synth_4548,453
synth_4538,453
synth_4545,453
synth_4544,453
synth_4546,453
synth_4542,453
synth_4537,453
synth_4559,452
synth_4552,452
synth_4551,452
synth_4563,452
synth_4561,452
synth_4553,452
synth_4555,452
synth_4566,452
synth_4565,452
synth_4558,452
synth_4567,452
synth_4560,452
synth_4556,452
synth_4564,452
synth_4557,452
synth_4554,452
synth_4562,452
synth_4583,451
synth_4568,451
synth_4580,451
synth_4571,451
synth_4581,451
synth_4576,451
synth_4569,451
synth_4572,451
synth_4574,451
synth_4573,451
synth_4584,451
synth_4582,451
synth_4575,451
synth_4578,451
synth_4577,451
synth_4579,451
synth_4570,451
synth_4593,450
synth_4594,450
synth_4587,450
synth_4601,450
synth_4585,450
synth_4591,450
synth_4588,450
synth_4589,450
synth_4586,450
synth_4590,450
synth_4600,450
synth_4595,450
synth_4598,450
synth_4597,450
synth_4592,450
synth_4599,450
synth_4596,450
synth_4606,449
synth_4602,449
synth_4613,449
synth_4616,449
synth_4608,449
synth_4603,449
synth_4615,449
synth_4611,449
synth_4609,449
synth_4614,449
synth_4607,449
synth_4604,449
synth_4610,449
synth_4617,449
synth_4612,449
synth_4618,449
synth_4605,449
synth_4629,448
synth_4631,448
synth_4628,448
synth_4635,448
synth_4632,448
synth_4623,448
synth_4634,448
synth_4621,448
synth_4620,448
synth_4630,448
synth_4622,448
synth_4626,448
synth_4625,448
synth_4624,448
synth_4619,448
synth_4633,448
synth_4627,448
synth_4644,447
synth_4649,447
synth_4653,447
synth_4642,447
synth_4643,447
synth_4636,447
synth_4639,447
synth_4640,447
synth_4641,447
synth_4652,447
synth_4637,447
synth_4646,447
synth_4647,447
synth_4648,447
synth_4650,447
synth_4638,447
synth_4645,447
synth_4651,447
synth_4665,446
synth_4654,446
synth_4663,446
synth_4657,446
synth_4664,446
synth_4656,446
synth_4670,446
synth_4662,446
synth_4661,446
synth_4667,446
synth_4658,446
synth_4666,446
synth_4669,446
synth_4668,446
synth_4660,446
synth_4655,446
synth_4659,446
synth_4671,445
synth_4676,445
synth_4673,445
synth_4686,445
synth_4679,445
synth_4680,445
synth_4683,445
synth_4677,445
synth_4675,445
synth_4688,445
synth_4682,445
synth_4685,445
synth_4687,445
synth_4684,445
synth_4672,445
synth_4681,445
synth_4674,445
synth_4678,445
synth_4689,444
synth_4692,444
synth_4701,444
synth_4700,444
synth_4702,444
synth_4698,444
synth_4690,444
synth_4696,444
synth_4697,444
synth_4705,444
synth_4703,444
synth_4691,444
synth_4695,444
synth_4704,444
synth_4699,444
synth_4694,444
synth_4693,444
synth_4708,443
synth_4714,443
synth_4710,443
synth_4723,443
synth_4716,443
synth_4712,443
synth_4722,443
synth_4715,443
synth_4718,443
synth_4719,443
synth_4709,443
synth_4711,443
synth_4706,443
synth_4707,443
synth_4713,443
synth_4717,443
synth_4721,443
synth_4720,443
synth_4741,442
synth_4737,442
synth_4740,442
synth_4725,442
synth_4738,442
synth_4732,442
synth_4733,442
synth_4730,442
synth_4726,442
synth_4739,442
synth_4735,442
synth_4724,442
synth_4736,442
synth_4727,442
synth_4731,442
synth_4728,442
synth_4734,442
synth_4729,442
synth_4756,441
synth_4742,441
synth_4749,441
synth_4748,441
synth_4747,441
synth_4753,441
synth_4743,441
synth_4759,441
synth_4755,441
synth_4757,441
synth_4746,441
synth_4754,441
synth_4758,441
synth_4745,441
synth_4744,441
synth_4750,441
synth_4752,441
synth_4751,441
synth_4773,440
synth_4770,440
synth_4771,440
synth_4762,440
synth_4774,440
synth_4768,440
synth_4769,440
synth_4766,440
synth_4777,440
synth_4763,440
synth_4761,440
synth_4760,440
synth_4765,440
synth_4776,440
synth_4764,440
synth_4772,440
synth_4767,440
synth_4775,440
synth_4778,439
synth_4791,439
synth_4782,439
synth_4787,439
synth_4786,439
synth_4781,439
synth_4784,439
synth_4795,439
synth_4793,439
synth_4788,439
synth_4779,439
synth_4785,439
synth_4783,439
synth_4790,439
synth_4792,439
synth_4794,439
synth_4780,439
synth_4789,439
synth_4799,438
synth_4813,438
synth_4810,438
synth_4811,438
synth_4798,438
synth_4812,438
synth_4807,438
synth_4808,438
synth_4806,438
synth_4800,438
synth_4804,438
synth_4801,438
synth_4805,438
synth_4809,438
synth_4803,438
synth_4796,438
synth_4802,438
synth_4797,438
synth_4823,437
synth_4818,437
synth_4824,437
synth_4816,437
synth_4827,437
synth_4817,437
synth_4820,437
synth_4826,437
synth_4832,437
synth_4821,437
synth_4822,437
synth_4815,437
synth_4814,437
synth_4829,437
synth_4828,437
synth_4830,437
synth_4825,437
synth_4819,437
synth_4831,437
synth_4843,436
synth_4837,436
synth_4838,436
synth_4845,436
synth_4842,436
synth_4846,436
synth_4844,436
synth_4836,436
synth_4835,436
synth_4841,436
synth_4848,436
synth_4840,436
synth_4847,436
synth_4849,436
synth_4850,436
synth_4839,436
synth_4834,436
synth_4833,436
synth_4867,435
synth_4853,435
synth_4859,435
synth_4868,435
synth_4865,435
synth_4852,435
synth_4861,435
synth_4863,435
synth_4858,435
synth_4856,435
synth_4854,435
synth_4851,435
synth_4857,435
synth_4869,435
synth_4862,435
synth_4864,435
synth_4866,435
synth_4855,435
synth_4860,435
synth_4876,434
synth_4881,434
synth_4874,434
synth_4870,434
synth_4883,434
synth_4879,434
synth_4886,434
synth_4882,434
synth_4884,434
synth_4875,434
synth_4878,434
synth_4873,434
synth_4888,434
synth_4877,434
synth_4887,434
synth_4880,434
synth_4872,434
synth_4885,434
synth_4871,434
synth_4889,433
synth_4901,433
synth_4905,433
synth_4902,433
synth_4894,433
synth_4898,433
synth_4892,433
synth_4903,433
synth_4896,433
synth_4899,433
synth_4891,433
synth_4906,433
synth_4893,433
synth_4897,433
synth_4900,433
synth_4890,433
synth_4895,433
synth_4904,433
synth_4911,432
synth_4919,432
synth_4918,432
synth_4922,432
synth_4908,432
synth_4907,432
synth_4913,432
synth_4917,432
synth_4914,432
synth_4921,432
synth_4925,432
synth_4910,432
synth_4915,432
synth_4909,432
synth_4912,432
synth_4923,432
synth_4924,432
synth_4916,432
synth_4920,432
synth_4928,431
synth_4937,431
synth_4929,431
synth_4944,431
synth_4945,431
synth_4932,431
synth_4941,431
synth_4943,431
synth_4934,431
synth_4927,431
synth_4930,431
synth_4942,431
synth_4933,431
synth_4935,431
synth_4938,431
synth_4940,431
synth_4926,431
synth_4939,431
synth_4936,431
synth_4931,431
synth_4947,430
synth_4962,430
synth_4946,430
synth_4948,430
synth_4952,430
synth_4949,430
synth_4950,430
synth_4958,430
synth_4961,430
synth_4953,430
synth_4963,430
synth_4960,430
synth_4956,430
synth_4957,430
synth_4964,430
synth_4954,430
synth_4955,430
synth_4959,430
synth_4951,430
synth_4967,429
synth_4977,429
synth_4966,429
synth_4972,429
synth_4975,429
synth_4976,429
synth_4978,429
synth_4983,429
synth_4981,429
synth_4982,429
synth_4970,429
synth_4968,429
synth_4971,429
synth_4980,429
synth_4965,429
synth_4979,429
synth_4974,429
synth_4973,429
synth_4969,429
synth_5000,428
synth_5003,428
synth_4987,428
synth_4998,428
synth_4988,428
synth_4989,428
synth_4986,428
synth_4997,428
synth_4985,428
synth_5002,428
synth_4996,428
synth_4992,428
synth_4993,428
synth_5001,428
synth_4990,428
synth_4991,428
synth_4999,428
synth_4994,428
synth_4984,428
synth_4995,428
synth_5010,427
synth_5017,427
synth_5006,427
synth_5009,427
synth_5011,427
synth_5004,427
synth_5018,427
synth_5016,427
synth_5007,427
synth_5015,427
synth_5021,427
synth_5012,427
synth_5019,427
synth_5022,427
synth_5020,427
synth_5014,427
synth_5008,427
synth_5005,427
synth_5013,427
synth_5038,426
synth_5030,426
synth_5042,426
synth_5024,426
synth_5027,426
synth_5025,426
synth_5039,426
synth_5035,426
synth_5036,426
synth_5031,426
synth_5041,426
synth_5032,426
synth_5023,426
synth_5037,426
synth_5033,426
synth_5029,426
synth_5040,426
synth_5026,426
synth_5034,426
synth_5028,426
synth_5049,425
synth_5052,425
synth_5044,425
synth_5055,425
synth_5054,425
synth_5060,425
synth_5048,425
synth_5059,425
synth_5061,425
synth_5057,425
synth_5056,425
synth_5043,425
synth_5047,425
synth_5045,425
synth_5058,425
synth_5046,425
synth_5051,425
synth_5053,425
synth_5050,425
synth_5062,425
synth_5072,424
synth_5064,424
synth_5069,424
synth_5073,424
synth_5070,424
synth_5074,424
synth_5065,424
synth_5080,424
synth_5066,424
synth_5077,424
synth_5071,424
synth_5067,424
synth_5078,424
synth_5079,424
synth_5082,424
synth_5063,424
synth_5076,424
synth_5068,424
synth_5075,424
synth_5081,424
synth_5089,423
synth_5087,423
synth_5091,423
synth_5101,423
synth_5097,423
synth_5090,423
synth_5088,423
synth_5100,423
synth_5083,423
synth_5098,423
synth_5102,423
synth_5092,423
synth_5093,423
synth_5094,423
synth_5095,423
synth_5086,423
synth_5084,423
synth_5099,423
synth_5085,423
synth_5096,423
synth_5116,422
synth_5113,422
synth_5119,422
synth_5105,422
synth_5122,422
synth_5115,422
synth_5109,422
synth_5111,422
synth_5117,422
synth_5120,422
synth_5108,422
synth_5114,422
synth_5103,422
synth_5107,422
synth_5106,422
synth_5110,422
synth_5112,422
synth_5104,422
synth_5118,422
synth_5121,422
synth_5136,421
synth_5124,421
synth_5138,421
synth_5123,421
synth_5137,421
synth_5134,421
synth_5131,421
synth_5140,421
synth_5142,421
synth_5130,421
synth_5126,421
synth_5141,421
synth_5127,421
synth_5133,421
synth_5139,421
synth_5135,421
synth_5128,421
synth_5132,421
synth_5129,421
synth_5125,421
synth_5147,420
synth_5144,420
synth_5154,420
synth_5161,420
synth_5151,420
synth_5143,420
synth_5150,420
synth_5159,420
synth_5149,420
synth_5156,420
synth_5153,420
synth_5157,420
synth_5158,420
synth_5160,420
synth_5148,420
synth_5152,420
synth_5155,420
synth_5162,420
synth_5146,420
synth_5163,420
synth_5145,420
synth_5169,419
synth_5166,419
synth_5183,419
synth_5174,419
synth_5170,419
synth_5167,419
synth_5180,419
synth_5172,419
synth_5171,419
synth_5175,419
synth_5177,419
synth_5179,419
synth_5173,419
synth_5176,419
synth_5165,419
synth_5178,419
synth_5168,419
synth_5182,419
synth_5164,419
synth_5181,419
synth_5197,418
synth_5189,418
synth_5191,418
synth_5184,418
synth_5199,418
synth_5203,418
synth_5200,418
synth_5201,418
synth_5185,418
synth_5193,418
synth_5196,418
synth_5202,418
synth_5190,418
synth_5198,418
synth_5188,418
synth_5204,418
synth_5194,418
synth_5186,418
synth_5192,418
synth_5187,418
synth_5195,418
synth_5215,417
synth_5209,417
synth_5220,417
synth_5225,417
synth_5216,417
synth_5208,417
synth_5219,417
synth_5222,417
synth_5218,417
synth_5217,417
synth_5224,417
synth_5211,417
synth_5205,417
synth_5207,417
synth_5221,417
synth_5213,417
synth_5212,417
synth_5210,417
synth_5214,417
synth_5206,417
synth_5223,417
synth_5227,416
synth_5243,416
synth_5245,416
synth_5229,416
synth_5241,416
synth_5242,416
synth_5236,416
synth_5239,416
synth_5233,416
synth_5244,416
synth_5238,416
synth_5228,416
synth_5230,416
synth_5246,416
synth_5231,416
synth_5232,416
synth_5226,416
synth_5235,416
synth_5237,416
synth_5240,416
synth_5234,416
synth_5267,415
synth_5248,415
synth_5256,415
synth_5262,415
synth_5260,415
synth_5261,415
synth_5265,415
synth_5250,415
synth_5253,415
synth_5264,415
synth_5255,415
synth_5258,415
synth_5257,415
synth_5249,415
synth_5251,415
synth_5254,415
synth_5247,415
synth_5263,415
synth_5259,415
synth_5266,415
synth_5252,415
synth_5273,414
synth_5287,414
synth_5284,414
synth_5278,414
synth_5272,414
synth_5270,414
synth_5286,414
synth_5279,414
synth_5271,414
synth_5268,414
synth_5283,414
synth_5275,414
synth_5277,414
synth_5285,414
synth_5281,414
synth_5282,414
synth_5288,414
synth_5274,414
synth_5276,414
synth_5269,414
synth_5280,414
synth_5290,413
synth_5299,413
synth_5309,413
synth_5289,413
synth_5291,413
synth_5298,413
synth_5303,413
synth_5306,413
synth_5304,413
synth_5293,413
synth_5300,413
synth_5307,413
synth_5305,413
synth_5292,413
synth_5308,413
synth_5301,413
synth_5295,413
synth_5294,413
synth_5297,413
synth_5296,413
synth_5302,413
synth_5316,412
synth_5310,412
synth_5323,412
synth_5311,412
synth_5329,412
synth_5314,412
synth_5320,412
synth_5322,412
synth_5313,412
synth_5331,412
synth_5325,412
synth_5318,412
synth_5330,412
synth_5317,412
synth_5319,412
synth_5326,412
synth_5324,412
synth_5312,412
synth_5315,412
synth_5321,412
synth_5327,412
synth_5328,412
synth_5345,411
synth_5353,411
synth_5339,411
synth_5348,411
synth_5351,411
synth_5344,411
synth_5337,411
synth_5346,411
synth_5332,411
synth_5336,411
synth_5341,411
synth_5343,411
synth_5333,411
synth_5340,411
synth_5342,411
synth_5335,411
synth_5350,411
synth_5349,411
synth_5334,411
synth_5352,411
synth_5347,411
synth_5338,411
synth_5355,410
synth_5362,410
synth_5354,410
synth_5371,410
synth_5365,410
synth_5357,410
synth_5367,410
synth_5356,410
synth_5360,410
synth_5372,410
synth_5363,410
synth_5358,410
synth_5366,410
synth_5364,410
synth_5369,410
synth_5374,410
synth_5370,410
synth_5368,410
synth_5373,410
synth_5359,410
synth_5361,410
synth_5392,409
synth_5384,409
synth_5388,409
synth_5387,409
synth_5377,409
synth_5381,409
synth_5383,409
synth_5391,409
synth_5393,409
synth_5380,409
synth_5375,409
synth_5385,409
synth_5389,409
synth_5378,409
synth_5390,409
synth_5382,409
synth_5379,409
synth_5376,409
synth_5394,409
synth_5395,409
synth_5396,409
synth_5386,409
synth_5412,408
synth_5413,408
synth_5408,408
synth_5397,408
synth_5400,408
synth_5417,408
synth_5418,408
synth_5403,408
synth_5414,408
synth_5398,408
synth_5402,408
synth_5415,408
synth_5404,408
synth_5405,408
synth_5409,408
synth_5416,408
synth_5401,408
synth_5406,408
synth_5411,408
synth_5407,408
synth_5410,408
synth_5399,408
synth_5431,407
synth_5426,407
synth_5440,407
synth_5434,407
synth_5425,407
synth_5432,407
synth_5423,407
synth_5435,407
synth_5441,407
synth_5428,407
synth_5420,407
synth_5439,407
synth_5419,407
synth_5430,407
synth_5427,407
synth_5422,407
synth_5424,407
synth_5436,407
synth_5433,407
synth_5438,407
synth_5421,407
synth_5429,407
synth_5437,407
synth_5452,406
synth_5453,406
synth_5463,406
synth_5447,406
synth_5448,406
synth_5449,406
synth_5442,406
synth_5456,406
synth_5451,406
synth_5450,406
synth_5443,406
synth_5461,406
synth_5455,406
synth_5444,406
synth_5454,406
synth_5460,406
synth_5462,406
synth_5457,406
synth_5459,406
synth_5446,406
synth_5458,406
synth_5445,406
synth_5469,405
synth_5474,405
synth_5473,405
synth_5481,405
synth_5466,405
synth_5472,405
synth_5482,405
synth_5465,405
synth_5478,405
synth_5479,405
synth_5470,405
synth_5468,405
synth_5467,405
synth_5464,405
synth_5475,405
synth_5476,405
synth_5483,405
synth_5485,405
synth_5480,405
synth_5486,405
synth_5477,405
synth_5471,405
synth_5484,405
synth_5508,404
synth_5504,404
synth_5500,404
synth_5502,404
synth_5491,404
synth_5493,404
synth_5495,404
synth_5505,404
synth_5498,404
synth_5497,404
synth_5487,404
synth_5506,404
synth_5507,404
synth_5496,404
synth_5489,404
synth_5490,404
synth_5499,404
synth_5503,404
synth_5492,404
synth_5494,404
synth_5488,404
synth_5501,404
synth_5515,403
synth_5525,403
synth_5527,403
synth_5519,403
synth_5509,403
synth_5516,403
synth_5518,403
synth_5529,403
synth_5522,403
synth_5523,403
synth_5517,403
synth_5526,403
synth_5520,403
synth_5510,403
synth_5531,403
synth_5511,403
synth_5524,403
synth_5530,403
synth_5521,403
synth_5512,403
synth_5528,403
synth_5513,403
synth_5514,403
synth_5552,402
synth_5550,402
synth_5543,402
synth_5536,402
synth_5532,402
synth_5542,402
synth_5535,402
synth_5534,402
synth_5545,402
synth_5551,402
synth_5541,402
synth_5533,402
synth_5540,402
synth_5539,402
synth_5548,402
synth_5554,402
synth_5547,402
synth_5549,402
synth_5546,402
synth_5553,402
synth_5544,402
synth_5537,402
synth_5538,402
synth_5570,401
synth_5562,401
synth_5577,401
synth_5557,401
synth_5568,401
synth_5569,401
synth_5571,401
synth_5561,401
synth_5556,401
synth_5564,401
synth_5558,401
synth_5572,401
synth_5566,401
synth_5576,401
synth_5575,401
synth_5559,401
synth_5563,401
synth_5565,401
synth_5573,401
synth_5560,401
synth_5567,401
synth_5555,401
synth_5574,401
synth_5583,400
synth_5594,400
synth_5592,400
synth_5589,400
synth_5591,400
synth_5584,400
synth_5597,400
synth_5593,400
synth_5587,400
synth_5581,400
synth_5582,400
synth_5586,400
synth_5580,400
synth_5579,400
synth_5599,400
synth_5600,400
synth_5598,400
synth_5578,400
synth_5585,400
synth_5588,400
synth_5596,400
synth_5595,400
synth_5590,400
synth_5613,399
synth_5606,399
synth_5612,399
synth_5605,399
synth_5603,399
synth_5624,399
synth_5611,399
synth_5615,399
synth_5618,399
synth_5601,399
synth_5621,399
synth_5623,399
synth_5622,399
synth_5616,399
synth_5609,399
synth_5617,399
synth_5614,399
synth_5607,399
synth_5610,399
synth_5604,399
synth_5619,399
synth_5602,399
synth_5608,399
synth_5620,399
synth_5628,398
synth_5634,398
synth_5644,398
synth_5633,398
synth_5638,398
synth_5641,398
synth_5647,398
synth_5636,398
synth_5646,398
synth_5629,398
synth_5625,398
synth_5630,398
synth_5635,398
synth_5632,398
synth_5645,398
synth_5626,398
synth_5642,398
synth_5631,398
synth_5640,398
synth_5648,398
synth_5643,398
synth_5639,398
synth_5627,398
synth_5637,398
synth_5660,397
synth_5670,397
synth_5666,397
synth_5654,397
synth_5665,397
synth_5662,397
synth_5671,397
synth_5661,397
synth_5656,397
synth_5663,397
synth_5655,397
synth_5667,397
synth_5650,397
synth_5668,397
synth_5657,397
synth_5649,397
synth_5659,397
synth_5652,397
synth_5653,397
synth_5669,397
synth_5664,397
synth_5651,397
synth_5658,397
synth_5681,396
synth_5672,396
synth_5689,396
synth_5678,396
synth_5687,396
synth_5683,396
synth_5694,396
synth_5679,396
synth_5684,396
synth_5675,396
synth_5680,396
synth_5673,396
synth_5674,396
synth_5686,396
synth_5677,396
synth_5685,396
synth_5692,396
synth_5691,396
synth_5676,396
synth_5695,396
synth_5690,396
synth_5682,396
synth_5693,396
synth_5688,396
synth_5715,395
synth_5709,395
synth_5700,395
synth_5703,395
synth_5706,395
synth_5716,395
synth_5713,395
synth_5698,395
synth_5705,395
synth_5701,395
synth_5708,395
synth_5711,395
synth_5718,395
synth_5699,395
synth_5710,395
synth_5702,395
synth_5719,395
synth_5696,395
synth_5717,395
synth_5697,395
synth_5714,395
synth_5707,395
synth_5712,395
synth_5704,395
synth_5725,394
synth_5724,394
synth_5726,394
synth_5729,394
synth_5730,394
synth_5739,394
synth_5731,394
synth_5732,394
synth_5735,394
synth_5740,394
synth_5736,394
synth_5738,394
synth_5728,394
synth_5737,394
synth_5721,394
synth_5722,394
synth_5743,394
synth_5742,394
synth_5733,394
synth_5734,394
synth_5720,394
synth_5744,394
synth_5727,394
synth_5741,394
synth_5723,394
synth_5746,393
synth_5752,393
synth_5760,393
synth_5766,393
synth_5751,393
synth_5756,393
synth_5759,393
synth_5754,393
synth_5758,393
synth_5761,393
synth_5757,393
synth_5749,393
synth_5755,393
synth_5764,393
synth_5767,393
synth_5762,393
synth_5745,393
synth_5768,393
synth_5748,393
synth_5753,393
synth_5747,393
synth_5763,393
synth_5765,393
synth_5750,393
synth_5780,392
synth_5782,392
synth_5776,392
synth_5788,392
synth_5785,392
synth_5787,392
synth_5793,392
synth_5791,392
synth_5777,392
synth_5790,392
synth_5774,392
synth_5770,392
synth_5772,392
synth_5773,392
synth_5792,392
synth_5779,392
synth_5781,392
synth_5786,392
synth_5769,392
synth_5789,392
synth_5775,392
synth_5771,392
synth_5784,392
synth_5783,392
synth_5778,392
synth_5805,391
synth_5795,391
synth_5809,391
synth_5812,391
synth_5803,391
synth_5794,391
synth_5799,391
synth_5810,391
synth_5815,391
synth_5800,391
synth_5816,391
synth_5811,391
synth_5817,391
synth_5814,391
synth_5796,391
synth_5798,391
synth_5813,391
synth_5807,391
synth_5802,391
synth_5808,391
synth_5801,391
synth_5806,391
synth_5804,391
synth_5797,391
synth_5832,390
synth_5837,390
synth_5839,390
synth_5833,390
synth_5825,390
synth_5835,390
synth_5836,390
synth_5840,390
synth_5828,390
synth_5819,390
synth_5838,390
synth_5830,390
synth_5820,390
synth_5823,390
synth_5831,390
synth_5842,390
synth_5841,390
synth_5824,390
synth_5834,390
synth_5827,390
synth_5822,390
synth_5818,390
synth_5826,390
synth_5821,390
synth_5829,390
synth_5849,389
synth_5867,389
synth_5851,389
synth_5848,389
synth_5844,389
synth_5860,389
synth_5862,389
synth_5859,389
synth_5866,389
synth_5854,389
synth_5846,389
synth_5852,389
synth_5861,389
synth_5853,389
synth_5857,389
synth_5865,389
synth_5856,389
synth_5845,389
synth_5847,389
synth_5864,389
synth_5843,389
synth_5850,389
synth_5858,389
synth_5855,389
synth_5863,389
synth_5889,388
synth_5868,388
synth_5869,388
synth_5876,388
synth_5883,388
synth_5878,388
synth_5875,388
synth_5882,388
synth_5893,388
synth_5885,388
synth_5886,388
synth_5874,388
synth_5880,388
synth_5872,388
synth_5884,388
synth_5890,388
synth_5892,388
synth_5873,388
synth_5877,388
synth_5879,388
synth_5887,388
synth_5870,388
synth_5891,388
synth_5881,388
synth_5888,388
synth_5871,388
synth_5904,387
synth_5910,387
synth_5899,387
synth_5913,387
synth_5894,387
synth_5897,387
synth_5912,387
synth_5918,387
synth_5900,387
synth_5917,387
synth_5911,387
synth_5895,387
synth_5907,387
synth_5908,387
synth_5896,387
synth_5902,387
synth_5906,387
synth_5914,387
synth_5903,387
synth_5915,387
synth_5905,387
synth_5916,387
synth_5909,387
synth_5901,387
synth_5898,387
synth_5933,386
synth_5941,386
synth_5931,386
synth_5919,386
synth_5922,386
synth_5939,386
synth_5940,386
synth_5934,386
synth_5937,386
synth_5924,386
synth_5932,386
synth_5929,386
synth_5930,386
synth_5938,386
synth_5943,386
synth_5921,386
synth_5923,386
synth_5928,386
synth_5925,386
synth_5944,386
synth_5935,386
synth_5927,386
synth_5926,386
synth_5942,386
synth_5920,386
synth_5936,386
synth_5961,385
synth_5946,385
synth_5949,385
synth_5945,385
synth_5958,385
synth_5963,385
synth_5952,385
synth_5950,385
synth_5954,385
synth_5966,385
synth_5962,385
synth_5956,385
synth_5960,385
synth_5948,385
synth_5967,385
synth_5957,385
synth_5953,385
synth_5947,385
synth_5969,385
synth_5965,385
synth_5955,385
synth_5959,385
synth_5964,385
synth_5951,385
synth_5968,385
synth_5990,384
synth_5989,384
synth_5975,384
synth_5991,384
synth_5994,384
synth_5973,384
synth_5980,384
synth_5985,384
synth_5972,384
synth_5982,384
synth_5984,384
synth_5974,384
synth_5993,384
synth_5981,384
synth_5976,384
synth_5979,384
synth_5983,384
synth_5995,384
synth_5977,384
synth_5971,384
synth_5986,384
synth_5970,384
synth_5978,384
synth_5988,384
synth_5992,384
synth_5987,384
synth_6000,383
synth_6019,383
synth_6011,383
synth_6018,383
synth_6009,383
synth_6008,383
synth_6020,383
synth_6005,383
synth_6016,383
synth_6014,383
synth_5996,383
synth_6006,383
synth_6003,383
synth_6007,383
synth_5999,383
synth_6004,383
synth_5997,383
synth_6017,383
synth_6021,383
synth_6015,383
synth_6010,383
synth_5998,383
synth_6001,383
synth_6013,383
synth_6002,383
synth_6012,383
synth_6043,382
synth_6027,382
synth_6028,382
synth_6037,382
synth_6042,382
synth_6030,382
synth_6025,382
synth_6039,382
synth_6045,382
synth_6035,382
synth_6040,382
synth_6026,382
synth_6033,382
synth_6044,382
synth_6034,382
synth_6024,382
synth_6023,382
synth_6036,382
synth_6047,382
synth_6046,382
synth_6032,382
synth_6031,382
synth_6022,382
synth_6029,382
synth_6041,382
synth_6038,382
synth_6048,382
synth_6074,381
synth_6051,381
synth_6068,381
synth_6060,381
synth_6055,381
synth_6056,381
synth_6064,381
synth_6053,381
synth_6059,381
synth_6063,381
synth_6071,381
synth_6058,381
synth_6052,381
synth_6049,381
synth_6065,381
synth_6070,381
synth_6062,381
synth_6057,381
synth_6066,381
synth_6073,381
synth_6061,381
synth_6067,381
synth_6072,381
synth_6069,381
synth_6054,381
synth_6050,381
synth_6076,380
synth_6092,380
synth_6091,380
synth_6096,380
synth_6098,380
synth_6084,380
synth_6082,380
synth_6081,380
synth_6094,380
synth_6087,380
synth_6099,380
synth_6075,380
synth_6077,380
synth_6078,380
synth_6088,380
synth_6086,380
synth_6080,380
synth_6097,380
synth_6089,380
synth_6090,380
synth_6079,380
synth_6093,380
synth_6100,380
synth_6085,380
synth_6101,380
synth_6095,380
synth_6083,380
synth_6114,379
synth_6117,379
synth_6120,379
synth_6126,379
synth_6127,379
synth_6122,379
synth_6107,379
synth_6123,379
synth_6111,379
synth_6124,379
synth_6113,379
synth_6110,379
synth_6115,379
synth_6118,379
synth_6105,379
synth_6116,379
synth_6103,379
synth_6104,379
synth_6125,379
synth_6119,379
synth_6112,379
synth_6128,379
synth_6121,379
synth_6106,379
synth_6102,379
synth_6108,379
synth_6109,379
synth_6141,378
synth_6153,378
synth_6138,378
synth_6154,378
synth_6145,378
synth_6131,378
synth_6130,378
synth_6147,378
synth_6133,378
synth_6151,378
synth_6140,378
synth_6137,378
synth_6132,378
synth_6135,378
synth_6152,378
synth_6134,378
synth_6129,378
synth_6144,378
synth_6139,378
synth_6146,378
synth_6149,378
synth_6142,378
synth_6143,378
synth_6148,378
synth_6150,378
synth_6136,378
synth_6155,378
synth_6180,377
synth_6172,377
synth_6157,377
synth_6169,377
synth_6170,377
synth_6156,377
synth_6181,377
synth_6165,377
synth_6160,377
synth_6176,377
synth_6177,377
synth_6166,377
synth_6167,377
synth_6161,377
synth_6168,377
synth_6174,377
synth_6179,377
synth_6171,377
synth_6173,377
synth_6162,377
synth_6159,377
synth_6158,377
synth_6182,377
synth_6178,377
synth_6164,377
synth_6175,377
synth_6163,377
synth_6204,376
synth_6206,376
synth_6198,376
synth_6210,376
synth_6209,376
synth_6189,376
synth_6193,376
synth_6200,376
synth_6187,376
synth_6183,376
synth_6202,376
synth_6194,376
synth_6205,376
synth_6207,376
synth_6191,376
synth_6184,376
synth_6201,376
synth_6196,376
synth_6192,376
synth_6197,376
synth_6186,376
synth_6203,376
synth_6199,376
synth_6188,376
synth_6185,376
synth_6190,376
synth_6208,376
synth_6195,376
synth_6233,375
synth_6219,375
synth_6230,375
synth_6236,375
synth_6224,375
synth_6229,375
synth_6235,375
synth_6215,375
synth_6226,375
synth_6231,375
synth_6225,375
synth_6222,375
synth_6232,375
synth_6228,375
synth_6227,375
synth_6220,375
synth_6218,375
synth_6221,375
synth_6223,375
synth_6211,375
synth_6237,375
synth_6217,375
synth_6234,375
synth_6212,375
synth_6213,375
synth_6216,375
synth_6214,375
synth_6239,374
synth_6245,374
synth_6262,374
synth_6259,374
synth_6247,374
synth_6246,374
synth_6243,374
synth_6254,374
synth_6250,374
synth_6252,374
synth_6257,374
synth_6238,374
synth_6264,374
synth_6256,374
synth_6260,374
synth_6242,374
synth_6258,374
synth_6249,374
synth_6251,374
synth_6241,374
synth_6248,374
synth_6244,374
synth_6263,374
synth_6255,374
synth_6253,374
synth_6265,374
synth_6240,374
synth_6261,374
synth_6279,373
synth_6289,373
synth_6276,373
synth_6292,373
synth_6273,373
synth_6266,373
synth_6271,373
synth_6272,373
synth_6267,373
synth_6269,373
synth_6270,373
synth_6287,373
synth_6282,373
synth_6291,373
synth_6274,373
synth_6284,373
synth_6268,373
synth_6277,373
synth_6275,373
synth_6286,373
synth_6280,373
synth_6288,373
synth_6285,373
synth_6293,373
synth_6278,373
synth_6290,373
synth_6283,373
synth_6281,373
synth_6318,372
synth_6322,372
synth_6309,372
synth_6320,372
synth_6297,372
synth_6298,372
synth_6300,372
synth_6310,372
synth_6305,372
synth_6312,372
synth_6308,372
synth_6303,372
synth_6315,372
synth_6321,372
synth_6307,372
synth_6316,372
synth_6311,372
synth_6296,372
synth_6319,372
synth_6313,372
synth_6302,372
synth_6306,372
synth_6301,372
synth_6295,372
synth_6314,372
synth_6299,372
synth_6294,372
synth_6304,372
synth_6317,372
synth_6338,371
synth_6325,371
synth_6348,371
synth_6326,371
synth_6330,371
synth_6324,371
synth_6340,371
synth_6350,371
synth_6342,371
synth_6329,371
synth_6335,371
synth_6343,371
synth_6323,371
synth_6333,371
synth_6331,371
synth_6334,371
synth_6336,371
synth_6327,371
synth_6345,371
synth_6341,371
synth_6344,371
synth_6339,371
synth_6328,371
synth_6337,371
synth_6347,371
synth_6349,371
synth_6346,371
synth_6332,371
synth_6353,370
synth_6373,370
synth_6378,370
synth_6366,370
synth_6356,370
synth_6374,370
synth_6379,370
synth_6376,370
synth_6361,370
synth_6372,370
synth_6377,370
synth_6359,370
synth_6358,370
synth_6367,370
synth_6375,370
synth_6364,370
synth_6369,370
synth_6370,370
synth_6365,370
synth_6355,370
synth_6371,370
synth_6360,370
synth_6363,370
synth_6354,370
synth_6352,370
synth_6368,370
synth_6351,370
synth_6362,370
synth_6357,370
synth_6392,369
synth_6407,369
synth_6385,369
synth_6380,369
synth_6402,369
synth_6405,369
synth_6408,369
synth_6406,369
synth_6399,369
synth_6395,369
synth_6383,369
synth_6381,369
synth_6400,369
synth_6393,369
synth_6387,369
synth_6390,369
synth_6386,369
synth_6384,369
synth_6403,369
synth_6404,369
synth_6396,369
synth_6388,369
synth_6401,369
synth_6389,369
synth_6397,369
synth_6398,369
synth_6382,369
synth_6394,369
synth_6391,369
synth_6434,368
synth_6416,368
synth_6418,368
synth_6429,368
synth_6415,368
synth_6420,368
synth_6421,368
synth_6423,368
synth_6419,368
synth_6428,368
synth_6410,368
synth_6427,368
synth_6430,368
synth_6414,368
synth_6412,368
synth_6426,368
synth_6433,368
synth_6411,368
synth_6436,368
synth_6425,368
synth_6409,368
synth_6432,368
synth_6413,368
synth_6424,368
synth_6422,368
synth_6417,368
synth_6431,368
synth_6437,368
synth_6435,368
synth_6460,367
synth_6448,367
synth_6466,367
synth_6439,367
synth_6447,367
synth_6465,367
synth_6446,367
synth_6451,367
synth_6438,367
synth_6445,367
synth_6443,367
synth_6457,367
synth_6442,367
synth_6453,367
synth_6461,367
synth_6440,367
synth_6458,367
synth_6464,367
synth_6454,367
synth_6463,367
synth_6455,367
synth_6459,367
synth_6450,367
synth_6452,367
synth_6449,367
synth_6441,367
synth_6456,367
synth_6462,367
synth_6444,367
synth_6492,366
synth_6485,366
synth_6488,366
synth_6474,366
synth_6490,366
synth_6473,366
synth_6484,366
synth_6487,366
synth_6494,366
synth_6479,366
synth_6480,366
synth_6486,366
synth_6469,366
synth_6482,366
synth_6468,366
synth_6471,366
synth_6496,366
synth_6489,366
synth_6476,366
synth_6475,366
synth_6483,366
synth_6495,366
synth_6472,366
synth_6478,366
synth_6491,366
synth_6477,366
synth_6493,366
synth_6470,366
synth_6467,366
synth_6481,366
synth_6519,365
synth_6518,365
synth_6501,365
synth_6522,365
synth_6510,365
synth_6523,365
synth_6517,365
synth_6511,365
synth_6521,365
synth_6498,365
synth_6509,365
synth_6507,365
synth_6503,365
synth_6502,365
synth_6525,365
synth_6515,365
synth_6514,365
synth_6524,365
synth_6497,365
synth_6516,365
synth_6508,365
synth_6504,365
synth_6505,365
synth_6506,365
synth_6520,365
synth_6499,365
synth_6500,365
synth_6512,365
synth_6513,365
synth_6547,364
synth_6533,364
synth_6553,364
synth_6541,364
synth_6543,364
synth_6529,364
synth_6534,364
synth_6554,364
synth_6530,364
synth_6538,364
synth_6536,364
synth_6552,364
synth_6545,364
synth_6549,364
synth_6528,364
synth_6532,364
synth_6551,364
synth_6535,364
synth_6537,364
synth_6548,364
synth_6539,364
synth_6544,364
synth_6540,364
synth_6527,364
synth_6546,364
synth_6550,364
synth_6531,364
synth_6526,364
synth_6542,364
synth_6555,364
synth_6569,363
synth_6566,363
synth_6568,363
synth_6581,363
synth_6583,363
synth_6562,363
synth_6574,363
synth_6560,363
synth_6576,363
synth_6571,363
synth_6579,363
synth_6575,363
synth_6580,363
synth_6570,363
synth_6584,363
synth_6582,363
synth_6585,363
synth_6567,363
synth_6557,363
synth_6559,363
synth_6556,363
synth_6577,363
synth_6578,363
synth_6561,363
synth_6565,363
synth_6558,363
synth_6564,363
synth_6573,363
synth_6563,363
synth_6572,363
synth_6605,362
synth_6607,362
synth_6610,362
synth_6599,362
synth_6609,362
synth_6590,362
synth_6586,362
synth_6604,362
synth_6615,362
synth_6595,362
synth_6603,362
synth_6589,362
synth_6591,362
synth_6614,362
synth_6588,362
synth_6616,362
synth_6592,362
synth_6600,362
synth_6601,362
synth_6587,362
synth_6597,362
synth_6612,362
synth_6606,362
synth_6598,362
synth_6596,362
synth_6593,362
synth_6611,362
synth_6594,362
synth_6602,362
synth_6608,362
synth_6613,362
synth_6621,361
synth_6637,361
synth_6618,361
synth_6622,361
synth_6623,361
synth_6619,361
synth_6645,361
synth_6627,361
synth_6640,361
synth_6644,361
synth_6624,361
synth_6636,361
synth_6646,361
synth_6629,361
synth_6617,361
synth_6628,361
synth_6638,361
synth_6643,361
synth_6632,361
synth_6620,361
synth_6625,361
synth_6634,361
synth_6630,361
synth_6633,361
synth_6639,361
synth_6635,361
synth_6631,361
synth_6641,361
synth_6642,361
synth_6626,361
synth_6661,360
synth_6669,360
synth_6647,360
synth_6676,360
synth_6653,360
synth_6673,360
synth_6675,360
synth_6667,360
synth_6655,360
synth_6650,360
synth_6658,360
synth_6664,360
synth_6654,360
synth_6671,360
synth_6656,360
synth_6662,360
synth_6659,360
synth_6651,360
synth_6668,360
synth_6649,360
synth_6677,360
synth_6672,360
synth_6665,360
synth_6670,360
synth_6648,360
synth_6660,360
synth_6674,360
synth_6657,360
synth_6652,360
synth_6666,360
synth_6663,360
synth_6698,359
synth_6691,359
synth_6706,359
synth_6697,359
synth_6707,359
synth_6693,359
synth_6680,359
synth_6700,359
synth_6688,359
synth_6702,359
synth_6685,359
synth_6689,359
synth_6699,359
synth_6708,359
synth_6679,359
synth_6694,359
synth_6696,359
synth_6703,359
synth_6681,359
synth_6701,359
synth_6678,359
synth_6692,359
synth_6695,359
synth_6682,359
synth_6690,359
synth_6687,359
synth_6686,359
synth_6704,359
synth_6705,359
synth_6684,359
synth_6683,359
synth_6727,358
synth_6719,358
synth_6718,358
synth_6714,358
synth_6725,358
synth_6736,358
synth_6724,358
synth_6737,358
synth_6717,358
synth_6728,358
synth_6740,358
synth_6723,358
synth_6726,358
synth_6712,358
synth_6722,358
synth_6734,358
synth_6711,358
synth_6739,358
synth_6716,358
synth_6733,358
synth_6715,358
synth_6738,358
synth_6735,358
synth_6729,358
synth_6721,358
synth_6710,358
synth_6713,358
synth_6730,358
synth_6709,358
synth_6720,358
synth_6731,358
synth_6732,358
synth_6766,357
synth_6769,357
synth_6753,357
synth_6757,357
synth_6759,357
synth_6751,357
synth_6768,357
synth_6748,357
synth_6749,357
synth_6752,357
synth_6755,357
synth_6743,357
synth_6770,357
synth_6761,357
synth_6741,357
synth_6742,357
synth_6767,357
synth_6758,357
synth_6760,357
synth_6747,357
synth_6754,357
synth_6746,357
synth_6762,357
synth_6745,357
synth_6771,357
synth_6764,357
synth_6763,357
synth_6744,357
synth_6756,357
synth_6765,357
synth_6750,357
synth_6783,356
synth_6801,356
synth_6802,356
synth_6773,356
synth_6790,356
synth_6777,356
synth_6796,356
synth_6785,356
synth_6786,356
synth_6800,356
synth_6803,356
synth_6799,356
synth_6798,356
synth_6795,356
synth_6779,356
synth_6797,356
synth_6794,356
synth_6781,356
synth_6774,356
synth_6784,356
synth_6780,356
synth_6776,356
synth_6788,356
synth_6778,356
synth_6775,356
synth_6793,356
synth_6791,356
synth_6787,356
synth_6789,356
synth_6792,356
synth_6782,356
synth_6772,356
synth_6814,355
synth_6808,355
synth_6811,355
synth_6827,355
synth_6809,355
synth_6831,355
synth_6810,355
synth_6835,355
synth_6817,355
synth_6826,355
synth_6832,355
synth_6806,355
synth_6816,355
synth_6830,355
synth_6813,355
synth_6823,355
synth_6819,355
synth_6820,355
synth_6828,355
synth_6834,355
synth_6815,355
synth_6824,355
synth_6825,355
synth_6807,355
synth_6821,355
synth_6818,355
synth_6804,355
synth_6812,355
synth_6822,355
synth_6829,355
synth_6833,355
synth_6805,355
synth_6867,354
synth_6847,354
synth_6845,354
synth_6862,354
synth_6850,354
synth_6863,354
synth_6859,354
synth_6860,354
synth_6852,354
synth_6861,354
synth_6849,354
synth_6856,354
synth_6844,354
synth_6838,354
synth_6853,354
synth_6839,354
synth_6854,354
synth_6843,354
synth_6864,354
synth_6865,354
synth_6855,354
synth_6851,354
synth_6841,354
synth_6840,354
synth_6837,354
synth_6848,354
synth_6846,354
synth_6857,354
synth_6858,354
synth_6842,354
synth_6866,354
synth_6836,354
synth_6886,353
synth_6879,353
synth_6900,353
synth_6889,353
synth_6899,353
synth_6877,353
synth_6878,353
synth_6896,353
synth_6895,353
synth_6874,353
synth_6872,353
synth_6870,353
synth_6873,353
synth_6888,353
synth_6869,353
synth_6881,353
synth_6898,353
synth_6885,353
synth_6893,353
synth_6894,353
synth_6883,353
synth_6887,353
synth_6890,353
synth_6891,353
synth_6884,353
synth_6897,353
synth_6875,353
synth_6880,353
synth_6892,353
synth_6871,353
synth_6876,353
synth_6868,353
synth_6882,353
synth_6905,352
synth_6928,352
synth_6915,352
synth_6917,352
synth_6926,352
synth_6901,352
synth_6924,352
synth_6907,352
synth_6912,352
synth_6916,352
synth_6920,352
synth_6925,352
synth_6906,352
synth_6932,352
synth_6903,352
synth_6927,352
synth_6923,352
synth_6922,352
synth_6931,352
synth_6908,352
synth_6930,352
synth_6919,352
synth_6910,352
synth_6921,352
synth_6914,352
synth_6918,352
synth_6909,352
synth_6929,352
synth_6904,352
synth_6911,352
synth_6913,352
synth_6902,352
synth_6964,351
synth_6941,351
synth_6944,351
synth_6943,351
synth_6938,351
synth_6965,351
synth_6940,351
synth_6952,351
synth_6948,351
synth_6947,351
synth_6962,351
synth_6955,351
synth_6945,351
synth_6959,351
synth_6950,351
synth_6951,351
synth_6949,351
synth_6956,351
synth_6953,351
synth_6960,351
synth_6939,351
synth_6937,351
synth_6936,351
synth_6957,351
synth_6935,351
synth_6942,351
synth_6933,351
synth_6954,351
synth_6961,351
synth_6934,351
synth_6963,351
synth_6958,351
synth_6946,351
synth_6998,350
synth_6972,350
synth_6989,350
synth_6982,350
synth_6990,350
synth_6993,350
synth_6969,350
synth_6967,350
synth_6973,350
synth_6971,350
synth_6984,350
synth_6995,350
synth_6975,350
synth_6991,350
synth_6987,350
synth_6983,350
synth_6978,350
synth_6970,350
synth_6997,350
synth_6986,350
synth_6980,350
synth_6981,350
synth_6999,350
synth_6996,350
synth_6966,350
synth_6979,350
synth_6992,350
synth_6985,350
synth_6974,350
synth_6968,350
synth_6994,350
synth_6977,350
synth_6988,350
synth_6976,350
synth_7014,349
synth_7015,349
synth_7022,349
synth_7002,349
synth_7007,349
synth_7004,349
synth_7016,349
synth_7011,349
synth_7020,349
synth_7008,349
synth_7024,349
synth_7032,349
synth_7026,349
synth_7023,349
synth_7012,349
synth_7027,349
synth_7000,349
synth_7029,349
synth_7003,349
synth_7028,349
synth_7010,349
synth_7019,349
synth_7021,349
synth_7006,349
synth_7005,349
synth_7031,349
synth_7001,349
synth_7009,349
synth_7030,349
synth_7017,349
synth_7013,349
synth_7018,349
synth_7025,349
synth_7064,348
synth_7034,348
synth_7057,348
synth_7056,348
synth_7039,348
synth_7061,348
synth_7055,348
synth_7063,348
synth_7054,348
synth_7044,348
synth_7042,348
synth_7060,348
synth_7045,348
synth_7038,348
synth_7065,348
synth_7048,348
synth_7058,348
synth_7059,348
synth_7049,348
synth_7041,348
synth_7046,348
synth_7066,348
synth_7040,348
synth_7047,348
synth_7050,348
synth_7035,348
synth_7036,348
synth_7051,348
synth_7037,348
synth_7043,348
synth_7052,348
synth_7053,348
synth_7062,348
synth_7033,348
synth_7097,347
synth_7090,347
synth_7069,347
synth_7082,347
synth_7084,347
synth_7073,347
synth_7083,347
synth_7086,347
synth_7077,347
synth_7080,347
synth_7067,347
synth_7085,347
synth_7098,347
synth_7081,347
synth_7087,347
synth_7071,347
synth_7072,347
synth_7095,347
synth_7089,347
synth_7070,347
synth_7075,347
synth_7094,347
synth_7100,347
synth_7092,347
synth_7099,347
synth_7074,347
synth_7088,347
synth_7096,347
synth_7079,347
synth_7078,347
synth_7093,347
synth_7076,347
synth_7091,347
synth_7068,347
synth_7116,346
synth_7107,346
synth_7133,346
synth_7119,346
synth_7124,346
synth_7128,346
synth_7127,346
synth_7125,346
synth_7117,346
synth_7115,346
synth_7111,346
synth_7122,346
synth_7132,346
synth_7130,346
synth_7112,346
synth_7108,346
synth_7114,346
synth_7105,346
synth_7134,346
synth_7103,346
synth_7106,346
synth_7118,346
synth_7120,346
synth_7121,346
synth_7131,346
synth_7109,346
synth_7126,346
synth_7102,346
synth_7129,346
synth_7101,346
synth_7113,346
synth_7104,346
synth_7123,346
synth_7110,346
synth_7163,345
synth_7153,345
synth_7151,345
synth_7166,345
synth_7168,345
synth_7157,345
synth_7162,345
synth_7137,345
synth_7169,345
synth_7145,345
synth_7139,345
synth_7142,345
synth_7161,345
synth_7144,345
synth_7140,345
synth_7135,345
synth_7136,345
synth_7164,345
synth_7149,345
synth_7147,345
synth_7158,345
synth_7167,345
synth_7159,345
synth_7150,345
synth_7148,345
synth_7146,345
synth_7156,345
synth_7138,345
synth_7155,345
synth_7141,345
synth_7160,345
synth_7143,345
synth_7152,345
synth_7154,345
synth_7165,345
synth_7187,344
synth_7183,344
synth_7195,344
synth_7174,344
synth_7189,344
synth_7177,344
synth_7199,344
synth_7201,344
synth_7185,344
synth_7180,344
synth_7204,344
synth_7182,344
synth_7193,344
synth_7191,344
synth_7192,344
synth_7202,344
synth_7184,344
synth_7200,344
synth_7172,344
synth_7194,344
synth_7197,344
synth_7190,344
synth_7173,344
synth_7171,344
synth_7179,344
synth_7175,344
synth_7188,344
synth_7170,344
synth_7196,344
synth_7198,344
synth_7178,344
synth_7203,344
synth_7176,344
synth_7186,344
synth_7181,344
synth_7220,343
synth_7208,343
synth_7222,343
synth_7207,343
synth_7209,343
synth_7228,343
synth_7231,343
synth_7237,343
synth_7215,343
synth_7223,343
synth_7211,343
synth_7205,343
synth_7210,343
synth_7233,343
synth_7213,343
synth_7218,343
synth_7234,343
synth_7225,343
synth_7226,343
synth_7238,343
synth_7221,343
synth_7236,343
synth_7206,343
synth_7224,343
synth_7229,343
synth_7232,343
synth_7214,343
synth_7219,343
synth_7235,343
synth_7239,343
synth_7212,343
synth_7217,343
synth_7227,343
synth_7230,343
synth_7216,343
synth_7266,342
synth_7265,342
synth_7250,342
synth_7245,342
synth_7271,342
synth_7264,342
synth_7256,342
synth_7261,342
synth_7274,342
synth_7241,342
synth_7244,342
synth_7259,342
synth_7246,342
synth_7267,342
synth_7273,342
synth_7248,342
synth_7253,342
synth_7269,342
synth_7251,342
synth_7252,342
synth_7258,342
synth_7240,342
synth_7263,342
synth_7255,342
synth_7268,342
synth_7270,342
synth_7247,342
synth_7254,342
synth_7260,342
synth_7257,342
synth_7243,342
synth_7249,342
synth_7242,342
synth_7272,342
synth_7262,342
synth_7288,341
synth_7293,341
synth_7306,341
synth_7310,341
synth_7276,341
synth_7294,341
synth_7298,341
synth_7303,341
synth_7292,341
synth_7281,341
synth_7302,341
synth_7290,341
synth_7296,341
synth_7284,341
synth_7291,341
synth_7279,341
synth_7280,341
synth_7295,341
synth_7305,341
synth_7289,341
synth_7287,341
synth_7301,341
synth_7299,341
synth_7283,341
synth_7307,341
synth_7297,341
synth_7304,341
synth_7286,341
synth_7282,341
synth_7278,341
synth_7308,341
synth_7300,341
synth_7285,341
synth_7275,341
synth_7277,341
synth_7309,341
synth_7338,340
synth_7316,340
synth_7317,340
synth_7340,340
synth_7327,340
synth_7319,340
synth_7333,340
synth_7314,340
synth_7323,340
synth_7320,340
synth_7342,340
synth_7343,340
synth_7326,340
synth_7335,340
synth_7336,340
synth_7311,340
synth_7330,340
synth_7331,340
synth_7313,340
synth_7334,340
synth_7315,340
synth_7341,340
synth_7329,340
synth_7321,340
synth_7328,340
synth_7318,340
synth_7312,340
synth_7337,340
synth_7332,340
synth_7345,340
synth_7346,340
synth_7344,340
synth_7324,340
synth_7339,340
synth_7322,340
synth_7325,340
synth_7350,339
synth_7359,339
synth_7354,339
synth_7368,339
synth_7369,339
synth_7365,339
synth_7376,339
synth_7358,339
synth_7374,339
synth_7363,339
synth_7361,339
synth_7356,339
synth_7381,339
synth_7372,339
synth_7348,339
synth_7349,339
synth_7353,339
synth_7347,339
synth_7370,339
synth_7355,339
synth_7377,339
synth_7373,339
synth_7379,339
synth_7364,339
synth_7360,339
synth_7366,339
synth_7378,339
synth_7362,339
synth_7380,339
synth_7351,339
synth_7382,339
synth_7352,339
synth_7357,339
synth_7367,339
synth_7375,339
synth_7371,339
synth_7414,338
synth_7398,338
synth_7403,338
synth_7418,338
synth_7396,338
synth_7393,338
synth_7411,338
synth_7406,338
synth_7413,338
synth_7383,338
synth_7417,338
synth_7388,338
synth_7387,338
synth_7402,338
synth_7385,338
synth_7407,338
synth_7384,338
synth_7405,338
synth_7397,338
synth_7399,338
synth_7404,338
synth_7386,338
synth_7400,338
synth_7401,338
synth_7416,338
synth_7410,338
synth_7392,338
synth_7391,338
synth_7415,338
synth_7409,338
synth_7408,338
synth_7395,338
synth_7412,338
synth_7389,338
synth_7394,338
synth_7390,338
synth_7447,337
synth_7446,337
synth_7437,337
synth_7452,337
synth_7454,337
synth_7424,337
synth_7432,337
synth_7439,337
synth_7430,337
synth_7442,337
synth_7429,337
synth_7422,337
synth_7451,337
synth_7423,337
synth_7433,337
synth_7443,337
synth_7440,337
synth_7441,337
synth_7428,337
synth_7444,337
synth_7453,337
synth_7436,337
synth_7425,337
synth_7449,337
synth_7427,337
synth_7420,337
synth_7455,337
synth_7434,337
synth_7450,337
synth_7421,337
synth_7419,337
synth_7438,337
synth_7445,337
synth_7426,337
synth_7448,337
synth_7435,337
synth_7431,337
synth_7486,336
synth_7478,336
synth_7469,336
synth_7467,336
synth_7490,336
synth_7460,336
synth_7482,336
synth_7476,336
synth_7464,336
synth_7481,336
synth_7473,336
synth_7458,336
synth_7488,336
synth_7468,336
synth_7491,336
synth_7456,336
synth_7492,336
synth_7463,336
synth_7475,336
synth_7465,336
synth_7479,336
synth_7487,336
synth_7461,336
synth_7471,336
synth_7485,336
synth_7466,336
synth_7484,336
synth_7472,336
synth_7477,336
synth_7480,336
synth_7483,336
synth_7459,336
synth_7470,336
synth_7489,336
synth_7474,336
synth_7462,336
synth_7457,336
synth_7528,335
synth_7527,335
synth_7511,335
synth_7498,335
synth_7509,335
synth_7529,335
synth_7518,335
synth_7500,335
synth_7497,335
synth_7496,335
synth_7530,335
synth_7526,335
synth_7503,335
synth_7510,335
synth_7505,335
synth_7507,335
synth_7524,335
synth_7515,335
synth_7495,335
synth_7502,335
synth_7506,335
synth_7504,335
synth_7513,335
synth_7522,335
synth_7493,335
synth_7525,335
synth_7519,335
synth_7501,335
synth_7520,335
synth_7517,335
synth_7512,335
synth_7521,335
synth_7508,335
synth_7516,335
synth_7514,335
synth_7499,335
synth_7494,335
synth_7523,335
synth_7551,334
synth_7538,334
synth_7565,334
synth_7534,334
synth_7533,334
synth_7550,334
synth_7556,334
synth_7560,334
synth_7541,334
synth_7543,334
synth_7540,334
synth_7547,334
synth_7563,334
synth_7539,334
synth_7545,334
synth_7561,334
synth_7531,334
synth_7564,334
synth_7546,334
synth_7542,334
synth_7554,334
synth_7555,334
synth_7535,334
synth_7536,334
synth_7562,334
synth_7566,334
synth_7544,334
synth_7532,334
synth_7558,334
synth_7557,334
synth_7552,334
synth_7537,334
synth_7559,334
synth_7549,334
synth_7553,334
synth_7548,334
synth_7567,334
synth_7583,333
synth_7572,333
synth_7584,333
synth_7597,333
synth_7593,333
synth_7580,333
synth_7594,333
synth_7605,333
synth_7579,333
synth_7570,333
synth_7585,333
synth_7574,333
synth_7587,333
synth_7573,333
synth_7569,333
synth_7576,333
synth_7581,333
synth_7582,333
synth_7592,333
synth_7599,333
synth_7603,333
synth_7600,333
synth_7568,333
synth_7601,333
synth_7596,333
synth_7578,333
synth_7598,333
synth_7602,333
synth_7591,333
synth_7604,333
synth_7588,333
synth_7595,333
synth_7590,333
synth_7577,333
synth_7575,333
synth_7586,333
synth_7589,333
synth_7571,333
synth_7634,332
synth_7618,332
synth_7608,332
synth_7613,332
synth_7643,332
synth_7624,332
synth_7619,332
synth_7635,332
synth_7640,332
synth_7614,332
synth_7629,332
synth_7641,332
synth_7636,332
synth_7642,332
synth_7625,332
synth_7639,332
synth_7632,332
synth_7612,332
synth_7631,332
synth_7622,332
synth_7623,332
synth_7620,332
synth_7609,332
synth_7621,332
synth_7607,332
synth_7617,332
synth_7606,332
synth_7626,332
synth_7611,332
synth_7633,332
synth_7615,332
synth_7638,332
synth_7627,332
synth_7630,332
synth_7610,332
synth_7637,332
synth_7616,332
synth_7628,332
synth_7661,331
synth_7647,331
synth_7659,331
synth_7675,331
synth_7680,331
synth_7666,331
synth_7678,331
synth_7674,331
synth_7651,331
synth_7649,331
synth_7657,331
synth_7682,331
synth_7676,331
synth_7656,331
synth_7673,331
synth_7669,331
synth_7646,331
synth_7663,331
synth_7665,331
synth_7652,331
synth_7672,331
synth_7667,331
synth_7681,331
synth_7660,331
synth_7655,331
synth_7658,331
synth_7679,331
synth_7644,331
synth_7648,331
synth_7645,331
synth_7662,331
synth_7671,331
synth_7653,331
synth_7668,331
synth_7677,331
synth_7670,331
synth_7650,331
synth_7664,331
synth_7654,331
synth_7718,330
synth_7687,330
synth_7708,330
synth_7706,330
synth_7721,330
synth_7689,330
synth_7690,330
synth_7693,330
synth_7685,330
synth_7705,330
synth_7698,330
synth_7712,330
synth_7688,330
synth_7711,330
synth_7714,330
synth_7703,330
synth_7709,330
synth_7707,330
synth_7694,330
synth_7697,330
synth_7684,330
synth_7715,330
synth_7691,330
synth_7699,330
synth_7696,330
synth_7720,330
synth_7692,330
synth_7710,330
synth_7686,330
synth_7713,330
synth_7701,330
synth_7719,330
synth_7695,330
synth_7704,330
synth_7702,330
synth_7700,330
synth_7717,330
synth_7716,330
synth_7683,330
synth_7745,329
synth_7728,329
synth_7757,329
synth_7752,329
synth_7723,329
synth_7734,329
synth_7730,329
synth_7749,329
synth_7729,329
synth_7736,329
synth_7755,329
synth_7725,329
synth_7756,329
synth_7758,329
synth_7740,329
synth_7744,329
synth_7726,329
synth_7746,329
synth_7743,329
synth_7727,329
synth_7742,329
synth_7732,329
synth_7747,329
synth_7748,329
synth_7739,329
synth_7759,329
synth_7733,329
synth_7741,329
synth_7760,329
synth_7754,329
synth_7751,329
synth_7738,329
synth_7753,329
synth_7735,329
synth_7722,329
synth_7724,329
synth_7731,329
synth_7750,329
synth_7737,329
synth_7774,328
synth_7785,328
synth_7768,328
synth_7776,328
synth_7791,328
synth_7788,328
synth_7787,328
synth_7764,328
synth_7761,328
synth_7784,328
synth_7781,328
synth_7777,328
synth_7782,328
synth_7790,328
synth_7797,328
synth_7786,328
synth_7796,328
synth_7763,328
synth_7798,328
synth_7766,328
synth_7772,328
synth_7789,328
synth_7770,328
synth_7799,328
synth_7769,328
synth_7762,328
synth_7780,328
synth_7773,328
synth_7765,328
synth_7778,328
synth_7794,328
synth_7767,328
synth_7779,328
synth_7795,328
synth_7775,328
synth_7792,328
synth_7771,328
synth_7793,328
synth_7783,328
synth_7800,328
synth_7820,327
synth_7819,327
synth_7832,327
synth_7824,327
synth_7838,327
synth_7807,327
synth_7834,327
synth_7825,327
synth_7836,327
synth_7816,327
synth_7811,327
synth_7815,327
synth_7822,327
synth_7812,327
synth_7821,327
synth_7828,327
synth_7804,327
synth_7837,327
synth_7805,327
synth_7814,327
synth_7823,327
synth_7817,327
synth_7809,327
synth_7829,327
synth_7839,327
synth_7813,327
synth_7833,327
synth_7830,327
synth_7831,327
synth_7810,327
synth_7827,327
synth_7808,327
synth_7802,327
synth_7826,327
synth_7835,327
synth_7801,327
synth_7803,327
synth_7818,327
synth_7840,327
synth_7806,327
synth_7878,326
synth_7859,326
synth_7877,326
synth_7870,326
synth_7858,326
synth_7871,326
synth_7860,326
synth_7855,326
synth_7845,326
synth_7853,326
synth_7842,326
synth_7876,326
synth_7844,326
synth_7861,326
synth_7841,326
synth_7851,326
synth_7874,326
synth_7846,326
synth_7854,326
synth_7843,326
synth_7847,326
synth_7852,326
synth_7875,326
synth_7849,326
synth_7868,326
synth_7862,326
synth_7864,326
synth_7863,326
synth_7865,326
synth_7857,326
synth_7866,326
synth_7873,326
synth_7867,326
synth_7850,326
synth_7869,326
synth_7848,326
synth_7856,326
synth_7879,326
synth_7880,326
synth_7872,326
synth_7882,325
synth_7896,325
synth_7884,325
synth_7899,325
synth_7881,325
synth_7914,325
synth_7886,325
synth_7889,325
synth_7905,325
synth_7888,325
synth_7917,325
synth_7912,325
synth_7916,325
synth_7892,325
synth_7904,325
synth_7910,325
synth_7887,325
synth_7906,325
synth_7900,325
synth_7913,325
synth_7909,325
synth_7918,325
synth_7885,325
synth_7902,325
synth_7894,325
synth_7919,325
synth_7907,325
synth_7897,325
synth_7895,325
synth_7890,325
synth_7883,325
synth_7891,325
synth_7911,325
synth_7901,325
synth_7915,325
synth_7903,325
synth_7893,325
synth_7920,325
synth_7908,325
synth_7898,325
synth_7952,324
synth_7960,324
synth_7924,324
synth_7959,324
synth_7948,324
synth_7929,324
synth_7945,324
synth_7923,324
synth_7953,324
synth_7926,324
synth_7947,324
synth_7936,324
synth_7937,324
synth_7944,324
synth_7958,324
synth_7940,324
synth_7928,324
synth_7927,324
synth_7956,324
synth_7932,324
synth_7933,324
synth_7939,324
synth_7955,324
synth_7943,324
synth_7934,324
synth_7938,324
synth_7931,324
synth_7925,324
synth_7930,324
synth_7950,324
synth_7935,324
synth_7961,324
synth_7951,324
synth_7941,324
synth_7942,324
synth_7921,324
synth_7946,324
synth_7957,324
synth_7954,324
synth_7949,324
synth_7922,324
synth_7971,323
synth_8002,323
synth_7997,323
synth_7979,323
synth_7972,323
synth_7970,323
synth_7998,323
synth_7999,323
synth_7969,323
synth_7981,323
synth_7986,323
synth_7994,323
synth_8000,323
synth_7988,323
synth_7993,323
synth_7990,323
synth_7967,323
synth_7985,323
synth_7991,323
synth_7983,323
synth_7963,323
synth_7989,323
synth_7976,323
synth_7973,323
synth_8001,323
synth_7980,323
synth_7995,323
synth_7962,323
synth_7978,323
synth_7996,323
synth_7964,323
synth_7982,323
synth_7977,323
synth_7975,323
synth_7974,323
synth_7992,323
synth_7966,323
synth_7968,323
synth_7984,323
synth_7987,323
synth_7965,323
synth_8024,322
synth_8037,322
synth_8003,322
synth_8014,322
synth_8008,322
synth_8022,322
synth_8044,322
synth_8027,322
synth_8038,322
synth_8009,322
synth_8019,322
synth_8018,322
synth_8026,322
synth_8042,322
synth_8039,322
synth_8025,322
synth_8041,322
synth_8043,322
synth_8031,322
synth_8040,322
synth_8033,322
synth_8032,322
synth_8013,322
synth_8016,322
synth_8006,322
synth_8036,322
synth_8005,322
synth_8020,322
synth_8028,322
synth_8029,322
synth_8004,322
synth_8015,322
synth_8035,322
synth_8034,322
synth_8011,322
synth_8012,322
synth_8021,322
synth_8010,322
synth_8030,322
synth_8017,322
synth_8023,322
synth_8007,322
synth_8069,321
synth_8064,321
synth_8076,321
synth_8058,321
synth_8075,321
synth_8063,321
synth_8080,321
synth_8073,321
synth_8049,321
synth_8067,321
synth_8051,321
synth_8059,321
synth_8062,321
synth_8066,321
synth_8086,321
synth_8055,321
synth_8061,321
synth_8048,321
synth_8081,321
synth_8050,321
synth_8085,321
synth_8072,321
synth_8077,321
synth_8057,321
synth_8082,321
synth_8046,321
synth_8056,321
synth_8074,321
synth_8083,321
synth_8045,321
synth_8053,321
synth_8079,321
synth_8065,321
synth_8052,321
synth_8071,321
synth_8047,321
synth_8070,321
synth_8084,321
synth_8078,321
synth_8054,321
synth_8060,321
synth_8068,321
synth_8107,320
synth_8121,320
synth_8124,320
synth_8087,320
synth_8109,320
synth_8123,320
synth_8126,320
synth_8092,320
synth_8114,320
synth_8120,320
synth_8122,320
synth_8112,320
synth_8091,320
synth_8099,320
synth_8096,320
synth_8117,320
synth_8100,320
synth_8101,320
synth_8098,320
synth_8128,320
synth_8103,320
synth_8097,320
synth_8125,320
synth_8093,320
synth_8090,320
synth_8119,320
synth_8106,320
synth_8118,320
synth_8111,320
synth_8113,320
synth_8102,320
synth_8116,320
synth_8095,320
synth_8115,320
synth_8089,320
synth_8104,320
synth_8088,320
synth_8105,320
synth_8127,320
synth_8094,320
synth_8108,320
synth_8110,320
synth_8161,319
synth_8154,319
synth_8138,319
synth_8146,319
synth_8160,319
synth_8167,319
synth_8171,319
synth_8148,319
synth_8149,319
synth_8170,319
synth_8129,319
synth_8156,319
synth_8135,319
synth_8136,319
synth_8157,319
synth_8166,319
synth_8150,319
synth_8153,319
synth_8137,319
synth_8132,319
synth_8164,319
synth_8145,319
synth_8162,319
synth_8147,319
synth_8151,319
synth_8152,319
synth_8158,319
synth_8159,319
synth_8168,319
synth_8143,319
synth_8131,319
synth_8144,319
synth_8134,319
synth_8140,319
synth_8165,319
synth_8169,319
synth_8142,319
synth_8155,319
synth_8130,319
synth_8163,319
synth_8139,319
synth_8133,319
synth_8141,319
synth_8197,318
synth_8183,318
synth_8209,318
synth_8190,318
synth_8196,318
synth_8173,318
synth_8211,318
synth_8199,318
synth_8174,318
synth_8189,318
synth_8210,318
synth_8186,318
synth_8179,318
synth_8207,318
synth_8194,318
synth_8178,318
synth_8206,318
synth_8204,318
synth_8172,318
synth_8188,318
synth_8195,318
synth_8182,318
synth_8184,318
synth_8212,318
synth_8201,318
synth_8200,318
synth_8180,318
synth_8185,318
synth_8191,318
synth_8203,318
synth_8181,318
synth_8187,318
synth_8213,318
synth_8202,318
synth_8176,318
synth_8208,318
synth_8193,318
synth_8205,318
synth_8198,318
synth_8177,318
synth_8175,318
synth_8192,318
synth_8221,317
synth_8217,317
synth_8250,317
synth_8244,317
synth_8233,317
synth_8253,317
synth_8257,317
synth_8239,317
synth_8220,317
synth_8234,317
synth_8246,317
synth_8235,317
synth_8229,317
synth_8241,317
synth_8240,317
synth_8236,317
synth_8242,317
synth_8252,317
synth_8251,317
synth_8224,317
synth_8237,317
synth_8215,317
synth_8256,317
synth_8219,317
synth_8228,317
synth_8223,317
synth_8243,317
synth_8225,317
synth_8231,317
synth_8245,317
synth_8249,317
synth_8214,317
synth_8254,317
synth_8255,317
synth_8247,317
synth_8222,317
synth_8216,317
synth_8232,317
synth_8230,317
synth_8227,317
synth_8226,317
synth_8248,317
synth_8218,317
synth_8238,317
synth_8283,316
synth_8285,316
synth_8262,316
synth_8288,316
synth_8280,316
synth_8270,316
synth_8268,316
synth_8282,316
synth_8279,316
synth_8264,316
synth_8287,316
synth_8272,316
synth_8265,316
synth_8260,316
synth_8274,316
synth_8273,316
synth_8259,316
synth_8291,316
synth_8266,316
synth_8267,316
synth_8275,316
synth_8276,316
synth_8297,316
synth_8263,316
synth_8281,316
synth_8278,316
synth_8277,316
synth_8294,316
synth_8269,316
synth_8290,316
synth_8295,316
synth_8299,316
synth_8298,316
synth_8271,316
synth_8300,316
synth_8258,316
synth_8296,316
synth_8293,316
synth_8284,316
synth_8261,316
synth_8289,316
synth_8292,316
synth_8286,316
synth_8338,315
synth_8306,315
synth_8336,315
synth_8337,315
synth_8303,315
synth_8319,315
synth_8328,315
synth_8333,315
synth_8334,315
synth_8301,315
synth_8331,315
synth_8324,315
synth_8316,315
synth_8317,315
synth_8305,315
synth_8321,315
synth_8318,315
synth_8339,315
synth_8309,315
synth_8308,315
synth_8325,315
synth_8326,315
synth_8307,315
synth_8322,315
synth_8344,315
synth_8320,315
synth_8340,315
synth_8311,315
synth_8314,315
synth_8343,315
synth_8335,315
synth_8342,315
synth_8315,315
synth_8330,315
synth_8313,315
synth_8302,315
synth_8327,315
synth_8310,315
synth_8329,315
synth_8304,315
synth_8323,315
synth_8341,315
synth_8312,315
synth_8332,315
synth_8379,314
synth_8358,314
synth_8354,314
synth_8360,314
synth_8362,314
synth_8368,314
synth_8387,314
synth_8382,314
synth_8345,314
synth_8385,314
synth_8348,314
synth_8371,314
synth_8373,314
synth_8350,314
synth_8353,314
synth_8372,314
synth_8364,314
synth_8386,314
synth_8351,314
synth_8369,314
synth_8349,314
synth_8357,314
synth_8378,314
synth_8352,314
synth_8381,314
synth_8363,314
synth_8366,314
synth_8376,314
synth_8388,314
synth_8374,314
synth_8356,314
synth_8389,314
synth_8355,314
synth_8375,314
synth_8359,314
synth_8377,314
synth_8361,314
synth_8380,314
synth_8370,314
synth_8384,314
synth_8346,314
synth_8347,314
synth_8383,314
synth_8365,314
synth_8367,314
synth_8403,313
synth_8393,313
synth_8414,313
synth_8432,313
synth_8401,313
synth_8394,313
synth_8423,313
synth_8396,313
synth_8415,313
synth_8431,313
synth_8399,313
synth_8425,313
synth_8427,313
synth_8419,313
synth_8434,313
synth_8395,313
synth_8406,313
synth_8412,313
synth_8417,313
synth_8400,313
synth_8424,313
synth_8428,313
synth_8422,313
synth_8407,313
synth_8420,313
synth_8391,313
synth_8429,313
synth_8398,313
synth_8421,313
synth_8410,313
synth_8392,313
synth_8408,313
synth_8418,313
synth_8402,313
synth_8397,313
synth_8411,313
synth_8404,313
synth_8426,313
synth_8390,313
synth_8433,313
synth_8430,313
synth_8405,313
synth_8409,313
synth_8413,313
synth_8416,313
synth_8458,312
synth_8465,312
synth_8449,312
synth_8472,312
synth_8479,312
synth_8455,312
synth_8459,312
synth_8454,312
synth_8457,312
synth_8451,312
synth_8450,312
synth_8471,312
synth_8476,312
synth_8439,312
synth_8475,312
synth_8461,312
synth_8440,312
synth_8444,312
synth_8464,312
synth_8466,312
synth_8467,312
synth_8462,312
synth_8442,312
synth_8447,312
synth_8438,312
synth_8435,312
synth_8437,312
synth_8460,312
synth_8470,312
synth_8443,312
synth_8448,312
synth_8436,312
synth_8463,312
synth_8473,312
synth_8478,312
synth_8456,312
synth_8453,312
synth_8441,312
synth_8452,312
synth_8445,312
synth_8468,312
synth_8474,312
synth_8446,312
synth_8477,312
synth_8469,312
synth_8507,311
synth_8490,311
synth_8519,311
synth_8481,311
synth_8495,311
synth_8503,311
synth_8504,311
synth_8506,311
synth_8509,311
synth_8514,311
synth_8484,311
synth_8501,311
synth_8524,311
synth_8520,311
synth_8515,311
synth_8498,311
synth_8489,311
synth_8497,311
synth_8505,311
synth_8485,311
synth_8496,311
synth_8517,311
synth_8522,311
synth_8499,311
synth_8494,311
synth_8510,311
synth_8518,311
synth_8500,311
synth_8483,311
synth_8488,311
synth_8513,311
synth_8521,311
synth_8482,311
synth_8511,311
synth_8512,311
synth_8487,311
synth_8480,311
synth_8508,311
synth_8523,311
synth_8493,311
synth_8486,311
synth_8502,311
synth_8516,311
synth_8492,311
synth_8491,311
synth_8551,310
synth_8553,310
synth_8534,310
synth_8538,310
synth_8546,310
synth_8569,310
synth_8560,310
synth_8536,310
synth_8544,310
synth_8549,310
synth_8531,310
synth_8541,310
synth_8540,310
synth_8548,310
synth_8566,310
synth_8567,310
synth_8535,310
synth_8556,310
synth_8537,310
synth_8529,310
synth_8562,310
synth_8565,310
synth_8564,310
synth_8561,310
synth_8563,310
synth_8525,310
synth_8559,310
synth_8545,310
synth_8570,310
synth_8539,310
synth_8533,310
synth_8558,310
synth_8554,310
synth_8528,310
synth_8552,310
synth_8542,310
synth_8547,310
synth_8530,310
synth_8532,310
synth_8527,310
synth_8526,310
synth_8555,310
synth_8557,310
synth_8550,310
synth_8543,310
synth_8568,310
synth_8583,309
synth_8617,309
synth_8572,309
synth_8606,309
synth_8590,309
synth_8605,309
synth_8591,309
synth_8584,309
synth_8611,309
synth_8594,309
synth_8616,309
synth_8589,309
synth_8599,309
synth_8576,309
synth_8596,309
synth_8608,309
synth_8577,309
synth_8574,309
synth_8610,309
synth_8609,309
synth_8582,309
synth_8614,309
synth_8604,309
synth_8579,309
synth_8598,309
synth_8575,309
synth_8581,309
synth_8585,309
synth_8587,309
synth_8603,309
synth_8580,309
synth_8571,309
synth_8600,309
synth_8597,309
synth_8612,309
synth_8602,309
synth_8588,309
synth_8601,309
synth_8578,309
synth_8593,309
synth_8595,309
synth_8586,309
synth_8607,309
synth_8613,309
synth_8573,309
synth_8592,309
synth_8615,309
synth_8649,308
synth_8662,308
synth_8637,308
synth_8661,308
synth_8642,308
synth_8628,308
synth_8630,308
synth_8645,308
synth_8625,308
synth_8648,308
synth_8660,308
synth_8638,308
synth_8656,308
synth_8626,308
synth_8646,308
synth_8655,308
synth_8659,308
synth_8631,308
synth_8654,308
synth_8663,308
synth_8620,308
synth_8639,308
synth_8653,308
synth_8629,308
synth_8658,308
synth_8657,308
synth_8636,308
synth_8624,308
synth_8621,308
synth_8635,308
synth_8643,308
synth_8627,308
synth_8618,308
synth_8647,308
synth_8622,308
synth_8632,308
synth_8650,308
synth_8652,308
synth_8623,308
synth_8633,308
synth_8644,308
synth_8619,308
synth_8640,308
synth_8634,308
synth_8651,308
synth_8641,308
synth_8676,307
synth_8705,307
synth_8697,307
synth_8675,307
synth_8687,307
synth_8664,307
synth_8711,307
synth_8680,307
synth_8695,307
synth_8704,307
synth_8682,307
synth_8692,307
synth_8674,307
synth_8685,307
synth_8710,307
synth_8684,307
synth_8683,307
synth_8700,307
synth_8689,307
synth_8707,307
synth_8691,307
synth_8679,307
synth_8686,307
synth_8666,307
synth_8668,307
synth_8699,307
synth_8665,307
synth_8703,307
synth_8709,307
synth_8681,307
synth_8670,307
synth_8688,307
synth_8696,307
synth_8690,307
synth_8673,307
synth_8706,307
synth_8693,307
synth_8669,307
synth_8667,307
synth_8677,307
synth_8701,307
synth_8702,307
synth_8708,307
synth_8671,307
synth_8694,307
synth_8698,307
synth_8672,307
synth_8678,307
synth_8722,306
synth_8738,306
synth_8758,306
synth_8727,306
synth_8721,306
synth_8740,306
synth_8746,306
synth_8747,306
synth_8736,306
synth_8725,306
synth_8739,306
synth_8734,306
synth_8723,306
synth_8755,306
synth_8729,306
synth_8737,306
synth_8715,306
synth_8726,306
synth_8717,306
synth_8757,306
synth_8745,306
synth_8716,306
synth_8719,306
synth_8714,306
synth_8748,306
synth_8756,306
synth_8750,306
synth_8732,306
synth_8718,306
synth_8730,306
synth_8752,306
synth_8741,306
synth_8712,306
synth_8733,306
synth_8744,306
synth_8728,306
synth_8720,306
synth_8751,306
synth_8742,306
synth_8754,306
synth_8735,306
synth_8724,306
synth_8753,306
synth_8749,306
synth_8713,306
synth_8743,306
synth_8731,306
synth_8788,305
synth_8803,305
synth_8790,305
synth_8793,305
synth_8759,305
synth_8763,305
synth_8761,305
synth_8769,305
synth_8771,305
synth_8780,305
synth_8799,305
synth_8805,305
synth_8776,305
synth_8775,305
synth_8798,305
synth_8783,305
synth_8802,305
synth_8777,305
synth_8774,305
synth_8784,305
synth_8794,305
synth_8806,305
synth_8800,305
synth_8787,305
synth_8762,305
synth_8764,305
synth_8768,305
synth_8778,305
synth_8785,305
synth_8796,305
synth_8786,305
synth_8795,305
synth_8773,305
synth_8782,305
synth_8779,305
synth_8770,305
synth_8765,305
synth_8797,305
synth_8791,305
synth_8760,305
synth_8772,305
synth_8781,305
synth_8789,305
synth_8801,305
synth_8766,305
synth_8767,305
synth_8792,305
synth_8804,305
synth_8843,304
synth_8838,304
synth_8829,304
synth_8845,304
synth_8813,304
synth_8840,304
synth_8831,304
synth_8822,304
synth_8817,304
synth_8854,304
synth_8836,304
synth_8807,304
synth_8832,304
synth_8825,304
synth_8810,304
synth_8847,304
synth_8837,304
synth_8827,304
synth_8833,304
synth_8849,304
synth_8850,304
synth_8844,304
synth_8841,304
synth_8846,304
synth_8808,304
synth_8834,304
synth_8814,304
synth_8852,304
synth_8826,304
synth_8820,304
synth_8816,304
synth_8848,304
synth_8835,304
synth_8812,304
synth_8828,304
synth_8851,304
synth_8821,304
synth_8842,304
synth_8818,304
synth_8853,304
synth_8811,304
synth_8823,304
synth_8830,304
synth_8809,304
synth_8824,304
synth_8815,304
synth_8839,304
synth_8819,304
synth_8855,304
synth_8896,303
synth_8887,303
synth_8900,303
synth_8878,303
synth_8884,303
synth_8857,303
synth_8861,303
synth_8877,303
synth_8862,303
synth_8901,303
synth_8876,303
synth_8871,303
synth_8894,303
synth_8893,303
synth_8886,303
synth_8856,303
synth_8898,303
synth_8892,303
synth_8895,303
synth_8868,303
synth_8883,303
synth_8867,303
synth_8874,303
synth_8897,303
synth_8890,303
synth_8881,303
synth_8888,303
synth_8882,303
synth_8885,303
synth_8873,303
synth_8899,303
synth_8870,303
synth_8859,303
synth_8858,303
synth_8860,303
synth_8879,303
synth_8889,303
synth_8865,303
synth_8902,303
synth_8869,303
synth_8880,303
synth_8872,303
synth_8866,303
synth_8875,303
synth_8863,303
synth_8891,303
synth_8903,303
synth_8864,303
synth_8907,302
synth_8920,302
synth_8932,302
synth_8953,302
synth_8918,302
synth_8939,302
synth_8942,302
synth_8947,302
synth_8931,302
synth_8944,302
synth_8928,302
synth_8909,302
synth_8945,302
synth_8929,302
synth_8938,302
synth_8926,302
synth_8951,302
synth_8908,302
synth_8913,302
synth_8930,302
synth_8915,302
synth_8924,302
synth_8921,302
synth_8906,302
synth_8943,302
synth_8923,302
synth_8916,302
synth_8905,302
synth_8917,302
synth_8935,302
synth_8936,302
synth_8946,302
synth_8911,302
synth_8904,302
synth_8940,302
synth_8941,302
synth_8948,302
synth_8927,302
synth_8933,302
synth_8937,302
synth_8912,302
synth_8922,302
synth_8934,302
synth_8919,302
synth_8949,302
synth_8950,302
synth_8952,302
synth_8910,302
synth_8925,302
synth_8914,302
synth_8961,301
synth_8976,301
synth_8989,301
synth_8958,301
synth_8992,301
synth_8977,301
synth_8962,301
synth_8965,301
synth_9000,301
synth_8995,301
synth_8983,301
synth_8967,301
synth_8970,301
synth_8979,301
synth_8990,301
synth_8966,301
synth_8964,301
synth_8999,301
synth_8973,301
synth_8988,301
synth_8975,301
synth_8996,301
synth_9001,301
synth_8998,301
synth_8978,301
synth_8954,301
synth_8969,301
synth_8972,301
synth_8959,301
synth_9002,301
synth_8981,301
synth_8994,301
synth_8955,301
synth_8963,301
synth_8968,301
synth_8980,301
synth_8971,301
synth_8985,301
synth_8993,301
synth_8984,301
synth_8956,301
synth_8997,301
synth_8982,301
synth_8974,301
synth_8991,301
synth_8960,301
synth_8986,301
synth_8957,301
synth_8987,301
synth_9003,300
synth_9027,300
synth_9042,300
synth_9049,300
synth_9050,300
synth_9053,300
synth_9028,300
synth_9029,300
synth_9006,300
synth_9013,300
synth_9043,300
synth_9024,300
synth_9032,300
synth_9041,300
synth_9040,300
synth_9039,300
synth_9048,300
synth_9046,300
synth_9012,300
synth_9019,300
synth_9034,300
synth_9023,300
synth_9020,300
synth_9014,300
synth_9004,300
synth_9052,300
synth_9007,300
synth_9009,300
synth_9044,300
synth_9005,300
synth_9051,300
synth_9038,300
synth_9031,300
synth_9026,300
synth_9025,300
synth_9030,300
synth_9018,300
synth_9021,300
synth_9008,300
synth_9045,300
synth_9016,300
synth_9017,300
synth_9037,300
synth_9015,300
synth_9036,300
synth_9011,300
synth_9022,300
synth_9035,300
synth_9033,300
synth_9010,300
synth_9047,300
synth_9091,299
synth_9092,299
synth_9071,299
synth_9094,299
synth_9100,299
synth_9064,299
synth_9083,299
synth_9058,299
synth_9057,299
synth_9085,299
synth_9096,299
synth_9101,299
synth_9066,299
synth_9076,299
synth_9067,299
synth_9086,299
synth_9082,299
synth_9074,299
synth_9061,299
synth_9072,299
synth_9097,299
synth_9055,299
synth_9073,299
synth_9090,299
synth_9102,299
synth_9099,299
synth_9080,299
synth_9068,299
synth_9098,299
synth_9089,299
synth_9087,299
synth_9063,299
synth_9060,299
synth_9054,299
synth_9103,299
synth_9079,299
synth_9062,299
synth_9093,299
synth_9088,299
synth_9084,299
synth_9077,299
synth_9095,299
synth_9059,299
synth_9081,299
synth_9075,299
synth_9065,299
synth_9078,299
synth_9056,299
synth_9070,299
synth_9069,299
synth_9105,298
synth_9121,298
synth_9106,298
synth_9112,298
synth_9125,298
synth_9134,298
synth_9131,298
synth_9122,298
synth_9132,298
synth_9140,298
synth_9128,298
synth_9152,298
synth_9153,298
synth_9144,298
synth_9114,298
synth_9129,298
synth_9116,298
synth_9119,298
synth_9127,298
synth_9109,298
synth_9108,298
synth_9120,298
synth_9117,298
synth_9115,298
synth_9104,298
synth_9123,298
synth_9147,298
synth_9146,298
synth_9138,298
synth_9107,298
synth_9149,298
synth_9142,298
synth_9126,298
synth_9130,298
synth_9154,298
synth_9124,298
synth_9148,298
synth_9136,298
synth_9145,298
synth_9111,298
synth_9118,298
synth_9113,298
synth_9151,298
synth_9137,298
synth_9133,298
synth_9135,298
synth_9139,298
synth_9143,298
synth_9150,298
synth_9110,298
synth_9141,298
synth_9156,297
synth_9173,297
synth_9197,297
synth_9198,297
synth_9183,297
synth_9188,297
synth_9190,297
synth_9169,297
synth_9186,297
synth_9158,297
synth_9185,297
synth_9162,297
synth_9166,297
synth_9191,297
synth_9192,297
synth_9196,297
synth_9161,297
synth_9200,297
synth_9187,297
synth_9176,297
synth_9164,297
synth_9180,297
synth_9184,297
synth_9206,297
synth_9159,297
synth_9203,297
synth_9201,297
synth_9189,297
synth_9202,297
synth_9194,297
synth_9171,297
synth_9195,297
synth_9168,297
synth_9160,297
synth_9163,297
synth_9175,297
synth_9165,297
synth_9181,297
synth_9204,297
synth_9182,297
synth_9178,297
synth_9177,297
synth_9155,297
synth_9199,297
synth_9179,297
synth_9157,297
synth_9205,297
synth_9170,297
synth_9174,297
synth_9167,297
synth_9172,297
synth_9193,297
synth_9217,296
synth_9254,296
synth_9218,296
synth_9235,296
synth_9226,296
synth_9244,296
synth_9222,296
synth_9224,296
synth_9240,296
synth_9242,296
synth_9245,296
synth_9255,296
synth_9209,296
synth_9211,296
synth_9248,296
synth_9230,296
synth_9229,296
synth_9258,296
synth_9221,296
synth_9233,296
synth_9241,296
synth_9251,296
synth_9213,296
synth_9232,296
synth_9212,296
synth_9236,296
synth_9256,296
synth_9208,296
synth_9238,296
synth_9214,296
synth_9257,296
synth_9249,296
synth_9215,296
synth_9219,296
synth_9237,296
synth_9210,296
synth_9220,296
synth_9228,296
synth_9243,296
synth_9231,296
synth_9247,296
synth_9234,296
synth_9246,296
synth_9252,296
synth_9239,296
synth_9223,296
synth_9253,296
synth_9225,296
synth_9207,296
synth_9227,296
synth_9250,296
synth_9216,296
synth_9259,295
synth_9285,295
synth_9293,295
synth_9271,295
synth_9308,295
synth_9289,295
synth_9297,295
synth_9288,295
synth_9291,295
synth_9275,295
synth_9294,295
synth_9278,295
synth_9277,295
synth_9310,295
synth_9287,295
synth_9282,295
synth_9273,295
synth_9281,295
synth_9300,295
synth_9267,295
synth_9309,295
synth_9305,295
synth_9274,295
synth_9266,295
synth_9268,295
synth_9290,295
synth_9298,295
synth_9302,295
synth_9272,295
synth_9286,295
synth_9263,295
synth_9303,295
synth_9269,295
synth_9306,295
synth_9270,295
synth_9264,295
synth_9280,295
synth_9299,295
synth_9283,295
synth_9304,295
synth_9265,295
synth_9284,295
synth_9301,295
synth_9307,295
synth_9262,295
synth_9279,295
synth_9261,295
synth_9276,295
synth_9295,295
synth_9296,295
synth_9292,295
synth_9260,295
synth_9335,294
synth_9330,294
synth_9363,294
synth_9333,294
synth_9353,294
synth_9321,294
synth_9354,294
synth_9362,294
synth_9313,294
synth_9325,294
synth_9336,294
synth_9351,294
synth_9337,294
synth_9346,294
synth_9361,294
synth_9312,294
synth_9315,294
synth_9328,294
synth_9318,294
synth_9350,294
synth_9342,294
synth_9323,294
synth_9314,294
synth_9324,294
synth_9357,294
synth_9356,294
synth_9340,294
synth_9359,294
synth_9343,294
synth_9322,294
synth_9338,294
synth_9327,294
synth_9355,294
synth_9331,294
synth_9316,294
synth_9319,294
synth_9329,294
synth_9332,294
synth_9345,294
synth_9358,294
synth_9311,294
synth_9320,294
synth_9349,294
synth_9360,294
synth_9317,294
synth_9352,294
synth_9334,294
synth_9326,294
synth_9347,294
synth_9344,294
synth_9341,294
synth_9339,294
synth_9348,294
synth_9410,293
synth_9370,293
synth_9401,293
synth_9390,293
synth_9388,293
synth_9412,293
synth_9409,293
synth_9385,293
synth_9397,293
synth_9392,293
synth_9379,293
synth_9402,293
synth_9380,293
synth_9365,293
synth_9367,293
synth_9375,293
synth_9393,293
synth_9386,293
synth_9407,293
synth_9377,293
synth_9364,293
synth_9413,293
synth_9405,293
synth_9399,293
synth_9366,293
synth_9368,293
synth_9378,293
synth_9400,293
synth_9411,293
synth_9416,293
synth_9383,293
synth_9391,293
synth_9381,293
synth_9414,293
synth_9417,293
synth_9376,293
synth_9384,293
synth_9389,293
synth_9382,293
synth_9394,293
synth_9395,293
synth_9374,293
synth_9415,293
synth_9372,293
synth_9398,293
synth_9406,293
synth_9403,293
synth_9408,293
synth_9387,293
synth_9404,293
synth_9373,293
synth_9371,293
synth_9369,293
synth_9396,293
synth_9420,292
synth_9438,292
synth_9459,292
synth_9422,292
synth_9464,292
synth_9442,292
synth_9432,292
synth_9425,292
synth_9460,292
synth_9461,292
synth_9462,292
synth_9448,292
synth_9452,292
synth_9449,292
synth_9458,292
synth_9451,292
synth_9457,292
synth_9418,292
synth_9440,292
synth_9434,292
synth_9433,292
synth_9454,292
synth_9443,292
synth_9436,292
synth_9431,292
synth_9441,292
synth_9426,292
synth_9463,292
synth_9447,292
synth_9445,292
synth_9469,292
synth_9470,292
synth_9466,292
synth_9439,292
synth_9446,292
synth_9465,292
synth_9435,292
synth_9429,292
synth_9428,292
synth_9437,292
synth_9423,292
synth_9424,292
synth_9467,292
synth_9444,292
synth_9427,292
synth_9450,292
synth_9456,292
synth_9430,292
synth_9468,292
synth_9453,292
synth_9455,292
synth_9419,292
synth_9421,292
synth_9484,291
synth_9487,291
synth_9489,291
synth_9495,291
synth_9473,291
synth_9491,291
synth_9499,291
synth_9471,291
synth_9502,291
synth_9476,291
synth_9524,291
synth_9518,291
synth_9477,291
synth_9514,291
synth_9505,291
synth_9497,291
synth_9515,291
synth_9483,291
synth_9486,291
synth_9494,291
synth_9482,291
synth_9501,291
synth_9481,291
synth_9511,291
synth_9478,291
synth_9519,291
synth_9474,291
synth_9516,291
synth_9513,291
synth_9479,291
synth_9507,291
synth_9504,291
synth_9493,291
synth_9510,291
synth_9508,291
synth_9488,291
synth_9492,291
synth_9506,291
synth_9525,291
synth_9480,291
synth_9509,291
synth_9517,291
synth_9490,291
synth_9500,291
synth_9503,291
synth_9475,291
synth_9496,291
synth_9521,291
synth_9485,291
synth_9472,291
synth_9512,291
synth_9523,291
synth_9498,291
synth_9522,291
synth_9520,291
synth_9553,290
synth_9542,290
synth_9566,290
synth_9569,290
synth_9578,290
synth_9576,290
synth_9552,290
synth_9564,290
synth_9568,290
synth_9532,290
synth_9572,290
synth_9531,290
synth_9540,290
synth_9561,290
synth_9557,290
synth_9543,290
synth_9549,290
synth_9544,290
synth_9558,290
synth_9535,290
synth_9545,290
synth_9548,290
synth_9560,290
synth_9528,290
synth_9554,290
synth_9550,290
synth_9546,290
synth_9563,290
synth_9579,290
synth_9530,290
synth_9539,290
synth_9573,290
synth_9562,290
synth_9580,290
synth_9565,290
synth_9529,290
synth_9574,290
synth_9570,290
synth_9533,290
synth_9534,290
synth_9559,290
synth_9577,290
synth_9536,290
synth_9547,290
synth_9537,290
synth_9567,290
synth_9538,290
synth_9575,290
synth_9551,290
synth_9556,290
synth_9571,290
synth_9555,290
synth_9526,290
synth_9541,290
synth_9527,290
synth_9587,289
synth_9584,289
synth_9627,289
synth_9600,289
synth_9629,289
synth_9631,289
synth_9606,289
synth_9586,289
synth_9611,289
synth_9612,289
synth_9634,289
synth_9635,289
synth_9617,289
synth_9601,289
synth_9604,289
synth_9623,289
synth_9589,289
synth_9588,289
synth_9597,289
synth_9626,289
synth_9590,289
synth_9624,289
synth_9621,289
synth_9607,289
synth_9608,289
synth_9609,289
synth_9595,289
synth_9616,289
synth_9625,289
synth_9610,289
synth_9594,289
synth_9585,289
synth_9581,289
synth_9618,289
synth_9620,289
synth_9613,289
synth_9632,289
synth_9633,289
synth_9619,289
synth_9628,289
synth_9602,289
synth_9591,289
synth_9622,289
synth_9582,289
synth_9614,289
synth_9596,289
synth_9598,289
synth_9605,289
synth_9615,289
synth_9583,289
synth_9593,289
synth_9630,289
synth_9603,289
synth_9599,289
synth_9592,289
synth_9652,288
synth_9656,288
synth_9646,288
synth_9663,288
synth_9680,288
synth_9668,288
synth_9688,288
synth_9683,288
synth_9657,288
synth_9682,288
synth_9660,288
synth_9654,288
synth_9662,288
synth_9674,288
synth_9675,288
synth_9684,288
synth_9686,288
synth_9687,288
synth_9669,288
synth_9672,288
synth_9643,288
synth_9650,288
synth_9661,288
synth_9664,288
synth_9673,288
synth_9690,288
synth_9658,288
synth_9648,288
synth_9671,288
synth_9653,288
synth_9666,288
synth_9651,288
synth_9667,288
synth_9670,288
synth_9642,288
synth_9665,288
synth_9638,288
synth_9637,288
synth_9677,288
synth_9649,288
synth_9676,288
synth_9655,288
synth_9679,288
synth_9689,288
synth_9681,288
synth_9644,288
synth_9685,288
synth_9647,288
synth_9645,288
synth_9636,288
synth_9639,288
synth_9659,288
synth_9640,288
synth_9641,288
synth_9678,288
synth_9691,288
synth_9718,287
synth_9724,287
synth_9729,287
synth_9710,287
synth_9745,287
synth_9692,287
synth_9733,287
synth_9706,287
synth_9723,287
synth_9735,287
synth_9715,287
synth_9730,287
synth_9744,287
synth_9737,287
synth_9743,287
synth_9713,287
synth_9700,287
synth_9708,287
synth_9694,287
synth_9747,287
synth_9739,287
synth_9698,287
synth_9703,287
synth_9701,287
synth_9736,287
synth_9726,287
synth_9711,287
synth_9712,287
synth_9693,287
synth_9732,287
synth_9717,287
synth_9746,287
synth_9699,287
synth_9704,287
synth_9714,287
synth_9742,287
synth_9719,287
synth_9705,287
synth_9697,287
synth_9738,287
synth_9695,287
synth_9702,287
synth_9716,287
synth_9721,287
synth_9696,287
synth_9734,287
synth_9731,287
synth_9725,287
synth_9741,287
synth_9727,287
synth_9709,287
synth_9707,287
synth_9740,287
synth_9748,287
synth_9720,287
synth_9722,287
synth_9728,287
synth_9788,286
synth_9754,286
synth_9794,286
synth_9757,286
synth_9800,286
synth_9804,286
synth_9790,286
synth_9759,286
synth_9778,286
synth_9799,286
synth_9751,286
synth_9785,286
synth_9795,286
synth_9783,286
synth_9797,286
synth_9766,286
synth_9791,286
synth_9765,286
synth_9750,286
synth_9793,286
synth_9773,286
synth_9803,286
synth_9798,286
synth_9796,286
synth_9786,286
synth_9755,286
synth_9787,286
synth_9802,286
synth_9770,286
synth_9784,286
synth_9767,286
synth_9758,286
synth_9774,286
synth_9752,286
synth_9763,286
synth_9805,286
synth_9753,286
synth_9789,286
synth_9801,286
synth_9772,286
synth_9762,286
synth_9777,286
synth_9760,286
synth_9782,286
synth_9792,286
synth_9768,286
synth_9756,286
synth_9779,286
synth_9775,286
synth_9749,286
synth_9776,286
synth_9780,286
synth_9761,286
synth_9771,286
synth_9781,286
synth_9764,286
synth_9769,286
synth_9827,285
synth_9816,285
synth_9841,285
synth_9829,285
synth_9812,285
synth_9809,285
synth_9830,285
synth_9851,285
synth_9821,285
synth_9862,285
synth_9849,285
synth_9832,285
synth_9848,285
synth_9835,285
synth_9856,285
synth_9845,285
synth_9843,285
synth_9840,285
synth_9819,285
synth_9820,285
synth_9811,285
synth_9837,285
synth_9822,285
synth_9859,285
synth_9857,285
synth_9824,285
synth_9847,285
synth_9825,285
synth_9860,285
synth_9818,285
synth_9817,285
synth_9844,285
synth_9842,285
synth_9823,285
synth_9846,285
synth_9834,285
synth_9858,285
synth_9807,285
synth_9853,285
synth_9814,285
synth_9826,285
synth_9806,285
synth_9839,285
synth_9838,285
synth_9808,285
synth_9815,285
synth_9828,285
synth_9850,285
synth_9810,285
synth_9833,285
synth_9861,285
synth_9852,285
synth_9855,285
synth_9836,285
synth_9854,285
synth_9813,285
synth_9831,285
synth_9908,284
synth_9863,284
synth_9910,284
synth_9882,284
synth_9914,284
synth_9871,284
synth_9889,284
synth_9916,284
synth_9917,284
synth_9904,284
synth_9890,284
synth_9919,284
synth_9868,284
synth_9870,284
synth_9886,284
synth_9920,284
synth_9875,284
synth_9865,284
synth_9872,284
synth_9906,284
synth_9878,284
synth_9907,284
synth_9898,284
synth_9877,284
synth_9915,284
synth_9892,284
synth_9864,284
synth_9897,284
synth_9884,284
synth_9903,284
synth_9905,284
synth_9901,284
synth_9902,284
synth_9887,284
synth_9912,284
synth_9911,284
synth_9866,284
synth_9896,284
synth_9883,284
synth_9880,284
synth_9876,284
synth_9900,284
synth_9874,284
synth_9899,284
synth_9893,284
synth_9867,284
synth_9894,284
synth_9891,284
synth_9879,284
synth_9895,284
synth_9888,284
synth_9873,284
synth_9885,284
synth_9909,284
synth_9913,284
synth_9869,284
synth_9918,284
synth_9881,284
synth_9926,283
synth_9958,283
synth_9950,283
synth_9972,283
synth_9939,283
synth_9957,283
synth_9946,283
synth_9944,283
synth_9953,283
synth_9929,283
synth_9938,283
synth_9936,283
synth_9961,283
synth_9977,283
synth_9930,283
synth_9948,283
synth_9928,283
synth_9974,283
synth_9963,283
synth_9967,283
synth_9970,283
synth_9966,283
synth_9931,283
synth_9962,283
synth_9941,283
synth_9979,283
synth_9964,283
synth_9925,283
synth_9954,283
synth_9933,283
synth_9923,283
synth_9976,283
synth_9945,283
synth_9949,283
synth_9947,283
synth_9952,283
synth_9975,283
synth_9955,283
synth_9943,283
synth_9927,283
synth_9969,283
synth_9942,283
synth_9973,283
synth_9937,283
synth_9978,283
synth_9951,283
synth_9960,283
synth_9921,283
synth_9956,283
synth_9934,283
synth_9924,283
synth_9932,283
synth_9965,283
synth_9959,283
synth_9971,283
synth_9968,283
synth_9940,283
synth_9922,283
synth_9935,283
synth_10033,282
synth_9985,282
synth_9994,282
synth_9989,282
synth_10016,282
synth_10022,282
synth_10013,282
synth_10036,282
synth_10028,282
synth_9981,282
synth_10023,282
synth_9980,282
synth_10006,282
synth_10027,282
synth_10003,282
synth_9982,282
synth_9998,282
synth_10004,282
synth_10038,282
synth_9988,282
synth_10021,282
synth_10009,282
synth_10001,282
synth_9986,282
synth_10002,282
synth_10011,282
synth_9984,282
synth_9987,282
synth_10031,282
synth_9992,282
synth_9996,282
synth_10007,282
synth_10035,282
synth_10015,282
synth_9991,282
synth_10010,282
synth_10037,282
synth_10005,282
synth_10029,282
synth_10017,282
synth_9990,282
synth_10000,282
synth_10034,282
synth_10008,282
synth_9993,282
synth_9995,282
synth_9997,282
synth_10026,282
synth_9983,282
synth_10012,282
synth_10030,282
synth_10032,282
synth_10014,282
synth_10025,282
synth_10020,282
synth_9999,282
synth_10018,282
synth_10024,282
synth_10019,282
synth_10079,281
synth_10070,281
synth_10059,281
synth_10066,281
synth_10047,281
synth_10077,281
synth_10041,281
synth_10050,281
synth_10089,281
synth_10093,281
synth_10057,281
synth_10062,281
synth_10084,281
synth_10043,281
synth_10087,281
synth_10060,281
synth_10072,281
synth_10055,281
synth_10046,281
synth_10088,281
synth_10081,281
synth_10096,281
synth_10042,281
synth_10056,281
synth_10054,281
synth_10086,281
synth_10061,281
synth_10092,281
synth_10080,281
synth_10073,281
synth_10051,281
synth_10082,281
synth_10097,281
synth_10067,281
synth_10063,281
synth_10049,281
synth_10083,281
synth_10039,281
synth_10045,281
synth_10085,281
synth_10048,281
synth_10064,281
synth_10069,281
synth_10094,281
synth_10044,281
synth_10071,281
synth_10052,281
synth_10075,281
synth_10074,281
synth_10053,281
synth_10095,281
synth_10076,281
synth_10090,281
synth_10098,281
synth_10040,281
synth_10068,281
synth_10065,281
synth_10078,281
synth_10091,281
synth_10058,281
synth_10140,280
synth_10145,280
synth_10115,280
synth_10146,280
synth_10150,280
synth_10125,280
synth_10132,280
synth_10118,280
synth_10128,280
synth_10155,280
synth_10135,280
synth_10137,280
synth_10105,280
synth_10117,280
synth_10142,280
synth_10147,280
synth_10113,280
synth_10114,280
synth_10143,280
synth_10144,280
synth_10102,280
synth_10148,280
synth_10139,280
synth_10119,280
synth_10120,280
synth_10101,280
synth_10133,280
synth_10112,280
synth_10131,280
synth_10157,280
synth_10154,280
synth_10116,280
synth_10122,280
synth_10124,280
synth_10158,280
synth_10156,280
synth_10153,280
synth_10141,280
synth_10103,280
synth_10104,280
synth_10107,280
synth_10149,280
synth_10100,280
synth_10134,280
synth_10121,280
synth_10127,280
synth_10110,280
synth_10126,280
synth_10130,280
synth_10151,280
synth_10106,280
synth_10129,280
synth_10138,280
synth_10136,280
synth_10109,280
synth_10099,280
synth_10152,280
synth_10108,280
synth_10111,280
synth_10123,280
synth_10163,279
synth_10198,279
synth_10217,279
synth_10172,279
synth_10170,279
synth_10181,279
synth_10203,279
synth_10208,279
synth_10197,279
synth_10159,279
synth_10178,279
synth_10211,279
synth_10214,279
synth_10195,279
synth_10171,279
synth_10201,279
synth_10173,279
synth_10209,279
synth_10191,279
synth_10184,279
synth_10204,279
synth_10176,279
synth_10180,279
synth_10175,279
synth_10189,279
synth_10210,279
synth_10190,279
synth_10166,279
synth_10185,279
synth_10212,279
synth_10188,279
synth_10160,279
synth_10193,279
synth_10167,279
synth_10215,279
synth_10186,279
synth_10196,279
synth_10183,279
synth_10174,279
synth_10165,279
synth_10194,279
synth_10182,279
synth_10207,279
synth_10206,279
synth_10216,279
synth_10213,279
synth_10218,279
synth_10187,279
synth_10169,279
synth_10192,279
synth_10219,279
synth_10161,279
synth_10168,279
synth_10205,279
synth_10179,279
synth_10200,279
synth_10199,279
synth_10202,279
synth_10162,279
synth_10164,279
synth_10177,279
synth_10229,278
synth_10232,278
synth_10236,278
synth_10268,278
synth_10255,278
synth_10261,278
synth_10269,278
synth_10279,278
synth_10223,278
synth_10278,278
synth_10228,278
synth_10230,278
synth_10246,278
synth_10263,278
synth_10257,278
synth_10242,278
synth_10270,278
synth_10272,278
synth_10276,278
synth_10277,278
synth_10240,278
synth_10273,278
synth_10225,278
synth_10267,278
synth_10252,278
synth_10264,278
synth_10249,278
synth_10253,278
synth_10231,278
synth_10241,278
synth_10265,278
synth_10221,278
synth_10234,278
synth_10275,278
synth_10222,278
synth_10258,278
synth_10245,278
synth_10256,278
synth_10247,278
synth_10274,278
synth_10262,278
synth_10239,278
synth_10280,278
synth_10243,278
synth_10244,278
synth_10227,278
synth_10220,278
synth_10224,278
synth_10266,278
synth_10233,278
synth_10237,278
synth_10259,278
synth_10248,278
synth_10251,278
synth_10271,278
synth_10226,278
synth_10250,278
synth_10235,278
synth_10260,278
synth_10254,278
synth_10238,278
synth_10309,277
synth_10301,277
synth_10281,277
synth_10305,277
synth_10332,277
synth_10304,277
synth_10296,277
synth_10314,277
synth_10307,277
synth_10318,277
synth_10338,277
synth_10306,277
synth_10297,277
synth_10289,277
synth_10282,277
synth_10334,277
synth_10287,277
synth_10298,277
synth_10284,277
synth_10324,277
synth_10320,277
synth_10312,277
synth_10286,277
synth_10342,277
synth_10295,277
synth_10325,277
synth_10310,277
synth_10290,277
synth_10303,277
synth_10311,277
synth_10319,277
synth_10326,277
synth_10339,277
synth_10328,277
synth_10335,277
synth_10300,277
synth_10294,277
synth_10321,277
synth_10293,277
synth_10288,277
synth_10337,277
synth_10283,277
synth_10313,277
synth_10330,277
synth_10292,277
synth_10340,277
synth_10285,277
synth_10291,277
synth_10329,277
synth_10333,277
synth_10323,277
synth_10302,277
synth_10327,277
synth_10322,277
synth_10299,277
synth_10331,277
synth_10341,277
synth_10336,277
synth_10308,277
synth_10317,277
synth_10315,277
synth_10316,277
synth_10392,276
synth_10345,276
synth_10361,276
synth_10400,276
synth_10355,276
synth_10384,276
synth_10346,276
synth_10365,276
synth_10366,276
synth_10379,276
synth_10382,276
synth_10390,276
synth_10356,276
synth_10370,276
synth_10375,276
synth_10402,276
synth_10343,276
synth_10358,276
synth_10373,276
synth_10348,276
synth_10359,276
synth_10369,276
synth_10353,276
synth_10378,276
synth_10394,276
synth_10377,276
synth_10387,276
synth_10360,276
synth_10368,276
synth_10357,276
synth_10404,276
synth_10380,276
synth_10381,276
synth_10405,276
synth_10351,276
synth_10374,276
synth_10352,276
synth_10395,276
synth_10393,276
synth_10389,276
synth_10397,276
synth_10354,276
synth_10383,276
synth_10363,276
synth_10344,276
synth_10391,276
synth_10401,276
synth_10385,276
synth_10403,276
synth_10349,276
synth_10376,276
synth_10350,276
synth_10388,276
synth_10396,276
synth_10347,276
synth_10371,276
synth_10362,276
synth_10367,276
synth_10386,276
synth_10372,276
synth_10399,276
synth_10398,276
synth_10364,276
synth_10452,275
synth_10451,275
synth_10447,275
synth_10410,275
synth_10433,275
synth_10459,275
synth_10412,275
synth_10414,275
synth_10437,275
synth_10431,275
synth_10466,275
synth_10427,275
synth_10440,275
synth_10448,275
synth_10465,275
synth_10458,275
synth_10415,275
synth_10457,275
synth_10460,275
synth_10411,275
synth_10450,275
synth_10456,275
synth_10449,275
synth_10432,275
synth_10461,275
synth_10423,275
synth_10424,275
synth_10441,275
synth_10409,275
synth_10438,275
synth_10420,275
synth_10446,275
synth_10406,275
synth_10422,275
synth_10445,275
synth_10444,275
synth_10435,275
synth_10421,275
synth_10467,275
synth_10443,275
synth_10430,275
synth_10418,275
synth_10453,275
synth_10462,275
synth_10408,275
synth_10468,275
synth_10442,275
synth_10436,275
synth_10417,275
synth_10464,275
synth_10413,275
synth_10419,275
synth_10454,275
synth_10407,275
synth_10439,275
synth_10425,275
synth_10428,275
synth_10455,275
synth_10463,275
synth_10429,275
synth_10434,275
synth_10416,275
synth_10426,275
synth_10478,274
synth_10488,274
synth_10493,274
synth_10500,274
synth_10508,274
synth_10514,274
synth_10510,274
synth_10525,274
synth_10501,274
synth_10492,274
synth_10520,274
synth_10522,274
synth_10471,274
synth_10529,274
synth_10481,274
synth_10473,274
synth_10491,274
synth_10517,274
synth_10494,274
synth_10487,274
synth_10474,274
synth_10482,274
synth_10527,274
synth_10532,274
synth_10530,274
synth_10495,274
synth_10524,274
synth_10504,274
synth_10513,274
synth_10475,274
synth_10526,274
synth_10497,274
synth_10484,274
synth_10485,274
synth_10496,274
synth_10499,274
synth_10505,274
synth_10480,274
synth_10469,274
synth_10470,274
synth_10507,274
synth_10521,274
synth_10489,274
synth_10512,274
synth_10502,274
synth_10479,274
synth_10498,274
synth_10511,274
synth_10531,274
synth_10516,274
synth_10515,274
synth_10490,274
synth_10506,274
synth_10483,274
synth_10528,274
synth_10477,274
synth_10519,274
synth_10486,274
synth_10503,274
synth_10472,274
synth_10509,274
synth_10518,274
synth_10523,274
synth_10476,274
synth_10560,273
synth_10589,273
synth_10587,273
synth_10572,273
synth_10596,273
synth_10588,273
synth_10591,273
synth_10552,273
synth_10556,273
synth_10546,273
synth_10541,273
synth_10584,273
synth_10542,273
synth_10553,273
synth_10590,273
synth_10577,273
synth_10554,273
synth_10537,273
synth_10545,273
synth_10547,273
synth_10535,273
synth_10562,273
synth_10568,273
synth_10539,273
synth_10585,273
synth_10550,273
synth_10549,273
synth_10567,273
synth_10583,273
synth_10551,273
synth_10586,273
synth_10534,273
synth_10557,273
synth_10536,273
synth_10565,273
synth_10559,273
synth_10543,273
synth_10576,273
synth_10533,273
synth_10540,273
synth_10595,273
synth_10561,273
synth_10569,273
synth_10544,273
synth_10574,273
synth_10570,273
synth_10558,273
synth_10538,273
synth_10573,273
synth_10571,273
synth_10578,273
synth_10594,273
synth_10548,273
synth_10579,273
synth_10563,273
synth_10592,273
synth_10575,273
synth_10566,273
synth_10564,273
synth_10555,273
synth_10593,273
synth_10580,273
synth_10581,273
synth_10582,273
synth_10610,272
synth_10624,272
synth_10621,272
synth_10645,272
synth_10619,272
synth_10660,272
synth_10640,272
synth_10631,272
synth_10646,272
synth_10652,272
synth_10634,272
synth_10615,272
synth_10625,272
synth_10662,272
synth_10642,272
synth_10600,272
synth_10605,272
synth_10613,272
synth_10638,272
synth_10598,272
synth_10650,272
synth_10620,272
synth_10658,272
synth_10648,272
synth_10617,272
synth_10643,272
synth_10604,272
synth_10632,272
synth_10644,272
synth_10628,272
synth_10627,272
synth_10601,272
synth_10608,272
synth_10606,272
synth_10657,272
synth_10623,272
synth_10597,272
synth_10602,272
synth_10653,272
synth_10626,272
synth_10612,272
synth_10616,272
synth_10633,272
synth_10651,272
synth_10659,272
synth_10656,272
synth_10636,272
synth_10614,272
synth_10637,272
synth_10611,272
synth_10655,272
synth_10618,272
synth_10599,272
synth_10654,272
synth_10649,272
synth_10661,272
synth_10630,272
synth_10647,272
synth_10641,272
synth_10622,272
synth_10639,272
synth_10635,272
synth_10607,272
synth_10603,272
synth_10629,272
synth_10609,272
synth_10699,271
synth_10673,271
synth_10677,271
synth_10693,271
synth_10710,271
synth_10666,271
synth_10703,271
synth_10700,271
synth_10665,271
synth_10679,271
synth_10706,271
synth_10683,271
synth_10720,271
synth_10670,271
synth_10702,271
synth_10725,271
synth_10711,271
synth_10690,271
synth_10682,271
synth_10696,271
synth_10672,271
synth_10675,271
synth_10721,271
synth_10686,271
synth_10692,271
synth_10695,271
synth_10714,271
synth_10712,271
synth_10716,271
synth_10681,271
synth_10687,271
synth_10708,271
synth_10713,271
synth_10676,271
synth_10719,271
synth_10671,271
synth_10680,271
synth_10707,271
synth_10668,271
synth_10697,271
synth_10688,271
synth_10698,271
synth_10684,271
synth_10722,271
synth_10689,271
synth_10685,271
synth_10709,271
synth_10664,271
synth_10691,271
synth_10678,271
synth_10727,271
synth_10704,271
synth_10726,271
synth_10667,271
synth_10674,271
synth_10701,271
synth_10723,271
synth_10715,271
synth_10718,271
synth_10669,271
synth_10705,271
synth_10717,271
synth_10724,271
synth_10663,271
synth_10694,271
synth_10754,270
synth_10753,270
synth_10748,270
synth_10774,270
synth_10759,270
synth_10736,270
synth_10731,270
synth_10730,270
synth_10733,270
synth_10743,270
synth_10771,270
synth_10786,270
synth_10792,270
synth_10793,270
synth_10728,270
synth_10780,270
synth_10767,270
synth_10741,270
synth_10791,270
synth_10732,270
synth_10772,270
synth_10766,270
synth_10765,270
synth_10750,270
synth_10769,270
synth_10776,270
synth_10763,270
synth_10746,270
synth_10778,270
synth_10783,270
synth_10770,270
synth_10737,270
synth_10758,270
synth_10781,270
synth_10782,270
synth_10789,270
synth_10773,270
synth_10755,270
synth_10768,270
synth_10777,270
synth_10775,270
synth_10744,270
synth_10762,270
synth_10735,270
synth_10757,270
synth_10761,270
synth_10784,270
synth_10747,270
synth_10788,270
synth_10785,270
synth_10739,270
synth_10794,270
synth_10742,270
synth_10740,270
synth_10779,270
synth_10764,270
synth_10734,270
synth_10790,270
synth_10756,270
synth_10745,270
synth_10787,270
synth_10738,270
synth_10751,270
synth_10752,270
synth_10729,270
synth_10749,270
synth_10760,270
synth_10804,269
synth_10800,269
synth_10856,269
synth_10831,269
synth_10828,269
synth_10834,269
synth_10811,269
synth_10824,269
synth_10806,269
synth_10838,269
synth_10829,269
synth_10844,269
synth_10842,269
synth_10816,269
synth_10836,269
synth_10807,269
synth_10843,269
synth_10810,269
synth_10797,269
synth_10799,269
synth_10849,269
synth_10850,269
synth_10822,269
synth_10841,269
synth_10798,269
synth_10852,269
synth_10808,269
synth_10860,269
synth_10845,269
synth_10826,269
synth_10813,269
synth_10821,269
synth_10858,269
synth_10853,269
synth_10830,269
synth_10802,269
synth_10837,269
synth_10847,269
synth_10814,269
synth_10819,269
synth_10803,269
synth_10818,269
synth_10809,269
synth_10833,269
synth_10859,269
synth_10815,269
synth_10848,269
synth_10839,269
synth_10820,269
synth_10823,269
synth_10827,269
synth_10857,269
synth_10835,269
synth_10825,269
synth_10846,269
synth_10854,269
synth_10805,269
synth_10840,269
synth_10795,269
synth_10817,269
synth_10861,269
synth_10801,269
synth_10855,269
synth_10832,269
synth_10812,269
synth_10851,269
synth_10796,269
synth_10881,268
synth_10905,268
synth_10908,268
synth_10872,268
synth_10914,268
synth_10927,268
synth_10865,268
synth_10870,268
synth_10898,268
synth_10896,268
synth_10915,268
synth_10909,268
synth_10928,268
synth_10916,268
synth_10923,268
synth_10864,268
synth_10890,268
synth_10922,268
synth_10876,268
synth_10891,268
synth_10924,268
synth_10912,268
synth_10869,268
synth_10901,268
synth_10879,268
synth_10883,268
synth_10899,268
synth_10926,268
synth_10906,268
synth_10903,268
synth_10925,268
synth_10921,268
synth_10911,268
synth_10873,268
synth_10918,268
synth_10885,268
synth_10892,268
synth_10919,268
synth_10867,268
synth_10878,268
synth_10880,268
synth_10871,268
synth_10886,268
synth_10920,268
synth_10863,268
synth_10866,268
synth_10910,268
synth_10884,268
synth_10888,268
synth_10882,268
synth_10929,268
synth_10875,268
synth_10917,268
synth_10902,268
synth_10913,268
synth_10868,268
synth_10894,268
synth_10874,268
synth_10862,268
synth_10887,268
synth_10877,268
synth_10900,268
synth_10907,268
synth_10897,268
synth_10889,268
synth_10904,268
synth_10895,268
synth_10893,268
synth_10959,267
synth_10985,267
synth_10935,267
synth_10989,267
synth_10955,267
synth_10946,267
synth_10951,267
synth_10997,267
synth_10967,267
synth_10996,267
synth_10953,267
synth_10994,267
synth_10991,267
synth_10979,267
synth_10943,267
synth_10990,267
synth_10987,267
synth_10986,267
synth_10977,267
synth_10971,267
synth_10944,267
synth_10950,267
synth_10947,267
synth_10978,267
synth_10962,267
synth_10981,267
synth_10992,267
synth_10936,267
synth_10983,267
synth_10931,267
synth_10930,267
synth_10932,267
synth_10975,267
synth_10984,267
synth_10937,267
synth_10961,267
synth_10934,267
synth_10945,267
synth_10993,267
synth_10938,267
synth_10963,267
synth_10972,267
synth_10957,267
synth_10976,267
synth_10964,267
synth_10965,267
synth_10948,267
synth_10939,267
synth_10970,267
synth_10942,267
synth_10980,267
synth_10956,267
synth_10968,267
synth_10969,267
synth_10940,267
synth_10966,267
synth_10960,267
synth_10958,267
synth_10988,267
synth_10949,267
synth_10941,267
synth_10952,267
synth_10954,267
synth_10933,267
synth_10974,267
synth_10995,267
synth_10973,267
synth_10982,267
synth_11005,266
synth_11025,266
synth_11043,266
synth_11047,266
synth_11060,266
synth_11056,266
synth_11052,266
synth_11017,266
synth_11054,266
synth_11058,266
synth_11030,266
synth_11042,266
synth_11012,266
synth_11010,266
synth_11022,266
synth_11055,266
synth_11007,266
synth_11026,266
synth_11015,266
synth_11057,266
synth_11048,266
synth_11031,266
synth_11014,266
synth_11003,266
synth_11038,266
synth_11065,266
synth_11066,266
synth_11002,266
synth_11039,266
synth_11040,266
synth_11009,266
synth_11053,266
synth_11008,266
synth_11001,266
synth_11018,266
synth_11029,266
synth_10999,266
synth_11019,266
synth_11021,266
synth_11033,266
synth_11036,266
synth_11006,266
synth_11061,266
synth_11004,266
synth_11000,266
synth_11059,266
synth_11024,266
synth_11062,266
synth_10998,266
synth_11044,266
synth_11045,266
synth_11041,266
synth_11035,266
synth_11020,266
synth_11050,266
synth_11051,266
synth_11011,266
synth_11013,266
synth_11032,266
synth_11016,266
synth_11037,266
synth_11034,266
synth_11049,266
synth_11028,266
synth_11046,266
synth_11023,266
synth_11027,266
synth_11063,266
synth_11064,266
synth_11082,265
synth_11085,265
synth_11067,265
synth_11120,265
synth_11099,265
synth_11103,265
synth_11083,265
synth_11101,265
synth_11087,265
synth_11128,265
synth_11092,265
synth_11113,265
synth_11108,265
synth_11074,265
synth_11132,265
synth_11069,265
synth_11106,265
synth_11117,265
synth_11118,265
synth_11088,265
synth_11112,265
synth_11126,265
synth_11111,265
synth_11095,265
synth_11124,265
synth_11089,265
synth_11115,265
synth_11129,265
synth_11104,265
synth_11134,265
synth_11136,265
synth_11093,265
synth_11097,265
synth_11077,265
synth_11119,265
synth_11116,265
synth_11130,265
synth_11090,265
synth_11127,265
synth_11098,265
synth_11075,265
synth_11100,265
synth_11081,265
synth_11122,265
synth_11109,265
synth_11110,265
synth_11114,265
synth_11094,265
synth_11086,265
synth_11080,265
synth_11123,265
synth_11078,265
synth_11072,265
synth_11121,265
synth_11091,265
synth_11133,265
synth_11102,265
synth_11096,265
synth_11079,265
synth_11076,265
synth_11105,265
synth_11135,265
synth_11070,265
synth_11071,265
synth_11073,265
synth_11131,265
synth_11068,265
synth_11107,265
synth_11084,265
synth_11125,265
synth_11197,264
synth_11162,264
synth_11177,264
synth_11179,264
synth_11187,264
synth_11170,264
synth_11191,264
synth_11193,264
synth_11149,264
synth_11194,264
synth_11145,264
synth_11202,264
synth_11151,264
synth_11189,264
synth_11158,264
synth_11176,264
synth_11200,264
synth_11159,264
synth_11195,264
synth_11160,264
synth_11198,264
synth_11190,264
synth_11146,264
synth_11172,264
synth_11143,264
synth_11152,264
synth_11163,264
synth_11166,264
synth_11178,264
synth_11161,264
synth_11182,264
synth_11141,264
synth_11142,264
synth_11205,264
synth_11140,264
synth_11203,264
synth_11206,264
synth_11196,264
synth_11157,264
synth_11174,264
synth_11167,264
synth_11137,264
synth_11169,264
synth_11192,264
synth_11168,264
synth_11199,264
synth_11207,264
synth_11186,264
synth_11201,264
synth_11175,264
synth_11148,264
synth_11188,264
synth_11183,264
synth_11153,264
synth_11171,264
synth_11139,264
synth_11147,264
synth_11181,264
synth_11138,264
synth_11144,264
synth_11185,264
synth_11150,264
synth_11184,264
synth_11204,264
synth_11173,264
synth_11180,264
synth_11165,264
synth_11164,264
synth_11156,264
synth_11154,264
synth_11155,264
synth_11261,263
synth_11272,263
synth_11275,263
synth_11276,263
synth_11236,263
synth_11226,263
synth_11265,263
synth_11235,263
synth_11249,263
synth_11229,263
synth_11211,263
synth_11278,263
synth_11242,263
synth_11208,263
synth_11237,263
synth_11253,263
synth_11260,263
synth_11273,263
synth_11218,263
synth_11228,263
synth_11274,263
synth_11213,263
synth_11217,263
synth_11223,263
synth_11240,263
synth_11209,263
synth_11252,263
synth_11212,263
synth_11227,263
synth_11230,263
synth_11266,263
synth_11256,263
synth_11241,263
synth_11220,263
synth_11270,263
synth_11244,263
synth_11262,263
synth_11269,263
synth_11254,263
synth_11214,263
synth_11268,263
synth_11221,263
synth_11264,263
synth_11233,263
synth_11225,263
synth_11257,263
synth_11251,263
synth_11271,263
synth_11263,263
synth_11238,263
synth_11259,263
synth_11246,263
synth_11232,263
synth_11258,263
synth_11215,263
synth_11239,263
synth_11267,263
synth_11231,263
synth_11248,263
synth_11210,263
synth_11216,263
synth_11245,263
synth_11250,263
synth_11255,263
synth_11222,263
synth_11243,263
synth_11224,263
synth_11247,263
synth_11219,263
synth_11234,263
synth_11277,263
synth_11287,262
synth_11302,262
synth_11342,262
synth_11349,262
synth_11350,262
synth_11283,262
synth_11308,262
synth_11289,262
synth_11300,262
synth_11310,262
synth_11307,262
synth_11312,262
synth_11339,262
synth_11311,262
synth_11279,262
synth_11346,262
synth_11340,262
synth_11294,262
synth_11286,262
synth_11301,262
synth_11296,262
synth_11304,262
synth_11321,262
synth_11335,262
synth_11327,262
synth_11333,262
synth_11293,262
synth_11331,262
synth_11337,262
synth_11313,262
synth_11324,262
synth_11285,262
synth_11326,262
synth_11338,262
synth_11292,262
synth_11281,262
synth_11320,262
synth_11288,262
synth_11297,262
synth_11345,262
synth_11305,262
synth_11303,262
synth_11319,262
synth_11334,262
synth_11309,262
synth_11344,262
synth_11316,262
synth_11318,262
synth_11330,262
synth_11325,262
synth_11347,262
synth_11317,262
synth_11343,262
synth_11306,262
synth_11328,262
synth_11290,262
synth_11295,262
synth_11341,262
synth_11348,262
synth_11336,262
synth_11299,262
synth_11315,262
synth_11280,262
synth_11332,262
synth_11282,262
synth_11291,262
synth_11323,262
synth_11329,262
synth_11298,262
synth_11314,262
synth_11322,262
synth_11284,262
synth_11405,261
synth_11404,261
synth_11352,261
synth_11401,261
synth_11406,261
synth_11380,261
synth_11351,261
synth_11409,261
synth_11392,261
synth_11374,261
synth_11377,261
synth_11407,261
synth_11354,261
synth_11375,261
synth_11412,261
synth_11389,261
synth_11371,261
synth_11384,261
synth_11398,261
synth_11422,261
synth_11359,261
synth_11394,261
synth_11408,261
synth_11413,261
synth_11378,261
synth_11411,261
synth_11381,261
synth_11415,261
synth_11414,261
synth_11403,261
synth_11387,261
synth_11370,261
synth_11365,261
synth_11391,261
synth_11385,261
synth_11386,261
synth_11388,261
synth_11366,261
synth_11396,261
synth_11402,261
synth_11379,261
synth_11353,261
synth_11383,261
synth_11367,261
synth_11416,261
synth_11417,261
synth_11355,261
synth_11368,261
synth_11420,261
synth_11373,261
synth_11419,261
synth_11361,261
synth_11358,261
synth_11369,261
synth_11357,261
synth_11393,261
synth_11397,261
synth_11421,261
synth_11400,261
synth_11399,261
synth_11395,261
synth_11410,261
synth_11356,261
synth_11360,261
synth_11362,261
synth_11372,261
synth_11418,261
synth_11363,261
synth_11382,261
synth_11390,261
synth_11364,261
synth_11376,261
synth_11445,260
synth_11426,260
synth_11470,260
synth_11457,260
synth_11473,260
synth_11476,260
synth_11458,260
synth_11487,260
synth_11455,260
synth_11468,260
synth_11425,260
synth_11452,260
synth_11424,260
synth_11484,260
synth_11483,260
synth_11467,260
synth_11437,260
synth_11456,260
synth_11475,260
synth_11477,260
synth_11495,260
synth_11482,260
synth_11423,260
synth_11469,260
synth_11431,260
synth_11441,260
synth_11453,260
synth_11432,260
synth_11496,260
synth_11449,260
synth_11428,260
synth_11494,260
synth_11434,260
synth_11433,260
synth_11439,260
synth_11465,260
synth_11472,260
synth_11486,260
synth_11492,260
synth_11480,260
synth_11485,260
synth_11466,260
synth_11462,260
synth_11488,260
synth_11436,260
synth_11438,260
synth_11451,260
synth_11443,260
synth_11471,260
synth_11479,260
synth_11447,260
synth_11448,260
synth_11450,260
synth_11459,260
synth_11491,260
synth_11461,260
synth_11490,260
synth_11435,260
synth_11442,260
synth_11464,260
synth_11481,260
synth_11463,260
synth_11427,260
synth_11444,260
synth_11430,260
synth_11454,260
synth_11493,260
synth_11478,260
synth_11460,260
synth_11440,260
synth_11489,260
synth_11429,260
synth_11446,260
synth_11474,260
synth_11516,259
synth_11552,259
synth_11507,259
synth_11562,259
synth_11524,259
synth_11561,259
synth_11567,259
synth_11527,259
synth_11557,259
synth_11513,259
synth_11547,259
synth_11500,259
synth_11521,259
synth_11551,259
synth_11508,259
synth_11512,259
synth_11532,259
synth_11529,259
synth_11509,259
synth_11525,259
synth_11539,259
synth_11530,259
synth_11511,259
synth_11540,259
synth_11510,259
synth_11519,259
synth_11517,259
synth_11548,259
synth_11505,259
synth_11523,259
synth_11536,259
synth_11499,259
synth_11538,259
synth_11549,259
synth_11520,259
synth_11518,259
synth_11559,259
synth_11550,259
synth_11497,259
synth_11546,259
synth_11504,259
synth_11553,259
synth_11535,259
synth_11537,259
synth_11555,259
synth_11568,259
synth_11565,259
synth_11563,259
synth_11554,259
synth_11528,259
synth_11514,259
synth_11564,259
synth_11560,259
synth_11522,259
synth_11545,259
synth_11569,259
synth_11502,259
synth_11566,259
synth_11544,259
synth_11542,259
synth_11541,259
synth_11534,259
synth_11498,259
synth_11556,259
synth_11533,259
synth_11506,259
synth_11558,259
synth_11543,259
synth_11531,259
synth_11503,259
synth_11526,259
synth_11570,259
synth_11515,259
synth_11501,259
synth_11596,258
synth_11625,258
synth_11629,258
synth_11600,258
synth_11614,258
synth_11622,258
synth_11606,258
synth_11618,258
synth_11573,258
synth_11611,258
synth_11579,258
synth_11635,258
synth_11632,258
synth_11637,258
synth_11605,258
synth_11593,258
synth_11598,258
synth_11609,258
synth_11582,258
synth_11571,258
synth_11619,258
synth_11575,258
synth_11592,258
synth_11584,258
synth_11597,258
synth_11621,258
synth_11642,258
synth_11615,258
synth_11602,258
synth_11616,258
synth_11630,258
synth_11617,258
synth_11645,258
synth_11585,258
synth_11634,258
synth_11603,258
synth_11588,258
synth_11607,258
synth_11578,258
synth_11595,258
synth_11613,258
synth_11586,258
synth_11623,258
synth_11636,258
synth_11576,258
synth_11633,258
synth_11644,258
synth_11627,258
synth_11580,258
synth_11590,258
synth_11624,258
synth_11640,258
synth_11581,258
synth_11628,258
synth_11620,258
synth_11641,258
synth_11610,258
synth_11639,258
synth_11631,258
synth_11589,258
synth_11612,258
synth_11599,258
synth_11626,258
synth_11583,258
synth_11638,258
synth_11577,258
synth_11591,258
synth_11594,258
synth_11572,258
synth_11587,258
synth_11601,258
synth_11604,258
synth_11643,258
synth_11574,258
synth_11608,258
synth_11693,257
synth_11720,257
synth_11659,257
synth_11700,257
synth_11715,257
synth_11717,257
synth_11655,257
synth_11662,257
synth_11654,257
synth_11711,257
synth_11678,257
synth_11686,257
synth_11689,257
synth_11646,257
synth_11695,257
synth_11716,257
synth_11675,257
synth_11698,257
synth_11701,257
synth_11704,257
synth_11694,257
synth_11696,257
synth_11714,257
synth_11663,257
synth_11649,257
synth_11687,257
synth_11709,257
synth_11667,257
synth_11650,257
synth_11712,257
synth_11664,257
synth_11673,257
synth_11684,257
synth_11713,257
synth_11670,257
synth_11674,257
synth_11661,257
synth_11705,257
synth_11666,257
synth_11672,257
synth_11677,257
synth_11703,257
synth_11710,257
synth_11665,257
synth_11702,257
synth_11707,257
synth_11648,257
synth_11676,257
synth_11680,257
synth_11668,257
synth_11721,257
synth_11656,257
synth_11657,257
synth_11653,257
synth_11706,257
synth_11692,257
synth_11658,257
synth_11688,257
synth_11699,257
synth_11681,257
synth_11719,257
synth_11690,257
synth_11718,257
synth_11660,257
synth_11697,257
synth_11682,257
synth_11683,257
synth_11652,257
synth_11669,257
synth_11691,257
synth_11651,257
synth_11679,257
synth_11647,257
synth_11685,257
synth_11671,257
synth_11708,257
synth_11723,256
synth_11764,256
synth_11773,256
synth_11737,256
synth_11774,256
synth_11726,256
synth_11765,256
synth_11776,256
synth_11768,256
synth_11725,256
synth_11742,256
synth_11762,256
synth_11763,256
synth_11744,256
synth_11777,256
synth_11749,256
synth_11785,256
synth_11770,256
synth_11775,256
synth_11750,256
synth_11735,256
synth_11771,256
synth_11795,256
synth_11748,256
synth_11790,256
synth_11789,256
synth_11793,256
synth_11736,256
synth_11745,256
synth_11760,256
synth_11752,256
synth_11787,256
synth_11792,256
synth_11751,256
synth_11788,256
synth_11743,256
synth_11727,256
synth_11738,256
synth_11794,256
synth_11796,256
synth_11731,256
synth_11759,256
synth_11761,256
synth_11740,256
synth_11755,256
synth_11772,256
synth_11747,256
synth_11728,256
synth_11754,256
synth_11778,256
synth_11753,256
synth_11722,256
synth_11732,256
synth_11782,256
synth_11729,256
synth_11746,256
synth_11756,256
synth_11791,256
synth_11779,256
synth_11786,256
synth_11757,256
synth_11797,256
synth_11758,256
synth_11741,256
synth_11733,256
synth_11730,256
synth_11783,256
synth_11767,256
synth_11780,256
synth_11766,256
synth_11739,256
synth_11724,256
synth_11734,256
synth_11781,256
synth_11784,256
synth_11769,256
synth_11811,255
synth_11874,255
synth_11830,255
synth_11861,255
synth_11862,255
synth_11826,255
synth_11856,255
synth_11809,255
synth_11823,255
synth_11808,255
synth_11818,255
synth_11827,255
synth_11802,255
synth_11834,255
synth_11858,255
synth_11852,255
synth_11873,255
synth_11863,255
synth_11867,255
synth_11841,255
synth_11853,255
synth_11860,255
synth_11850,255
synth_11840,255
synth_11851,255
synth_11865,255
synth_11828,255
synth_11833,255
synth_11845,255
synth_11847,255
synth_11822,255
synth_11843,255
synth_11854,255
synth_11869,255
synth_11803,255
synth_11839,255
synth_11849,255
synth_11864,255
synth_11870,255
synth_11813,255
synth_11806,255
synth_11804,255
synth_11820,255
synth_11836,255
synth_11824,255
synth_11846,255
synth_11819,255
synth_11810,255
synth_11831,255
synth_11848,255
synth_11866,255
synth_11800,255
synth_11868,255
synth_11801,255
synth_11855,255
synth_11812,255
synth_11799,255
synth_11815,255
synth_11816,255
synth_11844,255
synth_11872,255
synth_11838,255
synth_11814,255
synth_11871,255
synth_11805,255
synth_11829,255
synth_11821,255
synth_11807,255
synth_11825,255
synth_11835,255
synth_11859,255
synth_11857,255
synth_11798,255
synth_11817,255
synth_11875,255
synth_11842,255
synth_11832,255
synth_11837,255
synth_11929,254
synth_11930,254
synth_11911,254
synth_11912,254
synth_11949,254
synth_11943,254
synth_11905,254
synth_11931,254
synth_11939,254
synth_11900,254
synth_11884,254
synth_11946,254
synth_11888,254
synth_11882,254
synth_11878,254
synth_11890,254
synth_11916,254
synth_11881,254
synth_11908,254
synth_11936,254
synth_11941,254
synth_11876,254
synth_11952,254
synth_11887,254
synth_11921,254
synth_11922,254
synth_11907,254
synth_11925,254
synth_11928,254
synth_11885,254
synth_11948,254
synth_11937,254
synth_11945,254
synth_11917,254
synth_11910,254
synth_11897,254
synth_11903,254
synth_11915,254
synth_11934,254
synth_11938,254
synth_11891,254
synth_11904,254
synth_11906,254
synth_11893,254
synth_11933,254
synth_11919,254
synth_11951,254
synth_11901,254
synth_11940,254
synth_11898,254
synth_11889,254
synth_11895,254
synth_11923,254
synth_11944,254
synth_11920,254
synth_11909,254
synth_11883,254
synth_11924,254
synth_11879,254
synth_11896,254
synth_11880,254
synth_11886,254
synth_11892,254
synth_11899,254
synth_11935,254
synth_11942,254
synth_11932,254
synth_11902,254
synth_11914,254
synth_11926,254
synth_11918,254
synth_11913,254
synth_11947,254
synth_11877,254
synth_11894,254
synth_11927,254
synth_11950,254
synth_11953,254
synth_12012,253
synth_11959,253
synth_12019,253
synth_12005,253
synth_12008,253
synth_11956,253
synth_11984,253
synth_11991,253
synth_12022,253
synth_11972,253
synth_11998,253
synth_11986,253
synth_11963,253
synth_11985,253
synth_12001,253
synth_11962,253
synth_11967,253
synth_12030,253
synth_11989,253
synth_12014,253
synth_12015,253
synth_11974,253
synth_11979,253
synth_12032,253
synth_12021,253
synth_12026,253
synth_11969,253
synth_12006,253
synth_11977,253
synth_11964,253
synth_12007,253
synth_12004,253
synth_11968,253
synth_11990,253
synth_11960,253
synth_11987,253
synth_11997,253
synth_11971,253
synth_12018,253
synth_11970,253
synth_12002,253
synth_11954,253
synth_11982,253
synth_12023,253
synth_12029,253
synth_11957,253
synth_11978,253
synth_12013,253
synth_11958,253
synth_11966,253
synth_11994,253
synth_12000,253
synth_11976,253
synth_11988,253
synth_12003,253
synth_11981,253
synth_11999,253
synth_12016,253
synth_12025,253
synth_11995,253
synth_12031,253
synth_12024,253
synth_11973,253
synth_11983,253
synth_12027,253
synth_11980,253
synth_11955,253
synth_12010,253
synth_11992,253
synth_11961,253
synth_12020,253
synth_11996,253
synth_12011,253
synth_11993,253
synth_12017,253
synth_11975,253
synth_11965,253
synth_12009,253
synth_12028,253
synth_12079,252
synth_12039,252
synth_12041,252
synth_12045,252
synth_12098,252
synth_12043,252
synth_12053,252
synth_12082,252
synth_12065,252
synth_12078,252
synth_12110,252
synth_12111,252
synth_12068,252
synth_12090,252
synth_12106,252
synth_12087,252
synth_12075,252
synth_12049,252
synth_12108,252
synth_12081,252
synth_12035,252
synth_12100,252
synth_12062,252
synth_12040,252
synth_12092,252
synth_12048,252
synth_12107,252
synth_12059,252
synth_12076,252
synth_12073,252
synth_12063,252
synth_12077,252
synth_12033,252
synth_12067,252
synth_12047,252
synth_12085,252
synth_12084,252
synth_12038,252
synth_12042,252
synth_12093,252
synth_12097,252
synth_12103,252
synth_12044,252
synth_12071,252
synth_12054,252
synth_12051,252
synth_12050,252
synth_12057,252
synth_12091,252
synth_12066,252
synth_12046,252
synth_12080,252
synth_12095,252
synth_12088,252
synth_12072,252
synth_12034,252
synth_12083,252
synth_12099,252
synth_12094,252
synth_12112,252
synth_12089,252
synth_12104,252
synth_12061,252
synth_12058,252
synth_12052,252
synth_12064,252
synth_12060,252
synth_12101,252
synth_12105,252
synth_12036,252
synth_12074,252
synth_12037,252
synth_12056,252
synth_12086,252
synth_12070,252
synth_12055,252
synth_12109,252
synth_12069,252
synth_12096,252
synth_12102,252
synth_12120,251
synth_12187,251
synth_12191,251
synth_12136,251
synth_12137,251
synth_12174,251
synth_12125,251
synth_12127,251
synth_12139,251
synth_12179,251
synth_12189,251
synth_12161,251
synth_12193,251
synth_12170,251
synth_12190,251
synth_12133,251
synth_12185,251
synth_12129,251
synth_12181,251
synth_12117,251
synth_12192,251
synth_12116,251
synth_12122,251
synth_12164,251
synth_12157,251
synth_12143,251
synth_12183,251
synth_12150,251
synth_12145,251
synth_12126,251
synth_12162,251
synth_12123,251
synth_12172,251
synth_12173,251
synth_12142,251
synth_12180,251
synth_12175,251
synth_12188,251
synth_12146,251
synth_12124,251
synth_12134,251
synth_12163,251
synth_12171,251
synth_12186,251
synth_12128,251
synth_12154,251
synth_12121,251
synth_12153,251
synth_12169,251
synth_12168,251
synth_12132,251
synth_12156,251
synth_12144,251
synth_12184,251
synth_12140,251
synth_12113,251
synth_12141,251
synth_12167,251
synth_12176,251
synth_12114,251
synth_12115,251
synth_12148,251
synth_12118,251
synth_12158,251
synth_12159,251
synth_12130,251
synth_12165,251
synth_12182,251
synth_12147,251
synth_12178,251
synth_12138,251
synth_12160,251
synth_12131,251
synth_12135,251
synth_12119,251
synth_12151,251
synth_12177,251
synth_12152,251
synth_12155,251
synth_12149,251
synth_12166,251
synth_12234,250
synth_12206,250
synth_12243,250
synth_12197,250
synth_12225,250
synth_12268,250
synth_12229,250
synth_12258,250
synth_12252,250
synth_12207,250
synth_12219,250
synth_12218,250
synth_12216,250
synth_12222,250
synth_12273,250
synth_12241,250
synth_12230,250
synth_12255,250
synth_12259,250
synth_12200,250
synth_12223,250
synth_12266,250
synth_12260,250
synth_12231,250
synth_12267,250
synth_12240,250
synth_12217,250
synth_12208,250
synth_12202,250
synth_12249,250
synth_12248,250
synth_12265,250
synth_12246,250
synth_12205,250
synth_12201,250
synth_12272,250
synth_12213,250
synth_12215,250
synth_12235,250
synth_12237,250
synth_12269,250
synth_12244,250
synth_12254,250
synth_12198,250
synth_12203,250
synth_12256,250
synth_12251,250
synth_12261,250
synth_12209,250
synth_12236,250
synth_12271,250
synth_12250,250
synth_12220,250
synth_12221,250
synth_12210,250
synth_12253,250
synth_12212,250
synth_12232,250
synth_12204,250
synth_12238,250
synth_12195,250
synth_12211,250
synth_12247,250
synth_12194,250
synth_12226,250
synth_12242,250
synth_12196,250
synth_12227,250
synth_12262,250
synth_12263,250
synth_12228,250
synth_12224,250
synth_12274,250
synth_12245,250
synth_12264,250
synth_12233,250
synth_12270,250
synth_12199,250
synth_12214,250
synth_12257,250
synth_12239,250
synth_12335,249
synth_12341,249
synth_12313,249
synth_12307,249
synth_12327,249
synth_12309,249
synth_12295,249
synth_12355,249
synth_12279,249
synth_12321,249
synth_12320,249
synth_12342,249
synth_12308,249
synth_12349,249
synth_12333,249
synth_12322,249
synth_12352,249
synth_12287,249
synth_12344,249
synth_12334,249
synth_12297,249
synth_12301,249
synth_12329,249
synth_12314,249
synth_12328,249
synth_12305,249
synth_12292,249
synth_12312,249
synth_12350,249
synth_12290,249
synth_12354,249
synth_12282,249
synth_12286,249
synth_12346,249
synth_12299,249
synth_12318,249
synth_12324,249
synth_12340,249
synth_12336,249
synth_12304,249
synth_12326,249
synth_12300,249
synth_12277,249
synth_12288,249
synth_12351,249
synth_12284,249
synth_12283,249
synth_12294,249
synth_12303,249
synth_12316,249
synth_12281,249
synth_12293,249
synth_12325,249
synth_12302,249
synth_12353,249
synth_12357,249
synth_12315,249
synth_12337,249
synth_12278,249
synth_12306,249
synth_12330,249
synth_12289,249
synth_12347,249
synth_12311,249
synth_12323,249
synth_12343,249
synth_12298,249
synth_12331,249
synth_12275,249
synth_12310,249
synth_12319,249
synth_12339,249
synth_12280,249
synth_12332,249
synth_12291,249
synth_12345,249
synth_12285,249
synth_12356,249
synth_12296,249
synth_12348,249
synth_12338,249
synth_12317,249
synth_12276,249
synth_12409,248
synth_12367,248
synth_12402,248
synth_12431,248
synth_12405,248
synth_12391,248
synth_12400,248
synth_12374,248
synth_12425,248
synth_12365,248
synth_12363,248
synth_12399,248
synth_12420,248
synth_12436,248
synth_12394,248
synth_12428,248
synth_12408,248
synth_12439,248
synth_12416,248
synth_12438,248
synth_12372,248
synth_12411,248
synth_12434,248
synth_12413,248
synth_12427,248
synth_12422,248
synth_12417,248
synth_12377,248
synth_12406,248
synth_12369,248
synth_12388,248
synth_12385,248
synth_12373,248
synth_12386,248
synth_12407,248
synth_12368,248
synth_12410,248
synth_12404,248
synth_12395,248
synth_12435,248
synth_12382,248
synth_12379,248
synth_12361,248
synth_12437,248
synth_12378,248
synth_12397,248
synth_12419,248
synth_12371,248
synth_12366,248
synth_12387,248
synth_12403,248
synth_12423,248
synth_12383,248
synth_12396,248
synth_12424,248
synth_12359,248
synth_12384,248
synth_12360,248
synth_12440,248
synth_12412,248
synth_12429,248
synth_12389,248
synth_12364,248
synth_12414,248
synth_12401,248
synth_12370,248
synth_12421,248
synth_12433,248
synth_12380,248
synth_12390,248
synth_12393,248
synth_12398,248
synth_12432,248
synth_12381,248
synth_12392,248
synth_12415,248
synth_12430,248
synth_12375,248
synth_12376,248
synth_12418,248
synth_12362,248
synth_12426,248
synth_12358,248
synth_12486,247
synth_12520,247
synth_12511,247
synth_12515,247
synth_12514,247
synth_12517,247
synth_12474,247
synth_12493,247
synth_12459,247
synth_12466,247
synth_12492,247
synth_12494,247
synth_12478,247
synth_12510,247
synth_12448,247
synth_12458,247
synth_12488,247
synth_12480,247
synth_12518,247
synth_12445,247
synth_12453,247
synth_12496,247
synth_12457,247
synth_12487,247
synth_12484,247
synth_12461,247
synth_12475,247
synth_12489,247
synth_12509,247
synth_12481,247
synth_12498,247
synth_12501,247
synth_12447,247
synth_12500,247
synth_12467,247
synth_12476,247
synth_12497,247
synth_12455,247
synth_12441,247
synth_12523,247
synth_12477,247
synth_12468,247
synth_12473,247
synth_12503,247
synth_12506,247
synth_12446,247
synth_12454,247
synth_12499,247
synth_12462,247
synth_12513,247
synth_12483,247
synth_12470,247
synth_12464,247
synth_12519,247
synth_12516,247
synth_12482,247
synth_12444,247
synth_12465,247
synth_12479,247
synth_12451,247
synth_12442,247
synth_12472,247
synth_12522,247
synth_12521,247
synth_12450,247
synth_12471,247
synth_12504,247
synth_12524,247
synth_12469,247
synth_12452,247
synth_12463,247
synth_12507,247
synth_12495,247
synth_12505,247
synth_12460,247
synth_12443,247
synth_12512,247
synth_12502,247
synth_12456,247
synth_12508,247
synth_12490,247
synth_12491,247
synth_12449,247
synth_12485,247
synth_12590,246
synth_12605,246
synth_12546,246
synth_12554,246
synth_12537,246
synth_12547,246
synth_12583,246
synth_12551,246
synth_12544,246
synth_12536,246
synth_12548,246
synth_12592,246
synth_12566,246
synth_12585,246
synth_12541,246
synth_12596,246
synth_12553,246
synth_12562,246
synth_12604,246
synth_12570,246
synth_12601,246
synth_12565,246
synth_12579,246
synth_12600,246
synth_12539,246
synth_12538,246
synth_12598,246
synth_12558,246
synth_12560,246
synth_12526,246
synth_12568,246
synth_12595,246
synth_12533,246
synth_12567,246
synth_12535,246
synth_12569,246
synth_12552,246
synth_12564,246
synth_12534,246
synth_12576,246
synth_12586,246
synth_12542,246
synth_12603,246
synth_12609,246
synth_12577,246
synth_12580,246
synth_12528,246
synth_12531,246
synth_12584,246
synth_12594,246
synth_12549,246
synth_12572,246
synth_12532,246
synth_12529,246
synth_12555,246
synth_12591,246
synth_12608,246
synth_12602,246
synth_12530,246
synth_12588,246
synth_12545,246
synth_12599,246
synth_12589,246
synth_12527,246
synth_12557,246
synth_12597,246
synth_12607,246
synth_12559,246
synth_12573,246
synth_12563,246
synth_12581,246
synth_12550,246
synth_12556,246
synth_12593,246
synth_12587,246
synth_12575,246
synth_12540,246
synth_12571,246
synth_12582,246
synth_12525,246
synth_12578,246
synth_12574,246
synth_12543,246
synth_12561,246
synth_12606,246
synth_12690,245
synth_12627,245
synth_12674,245
synth_12621,245
synth_12647,245
synth_12623,245
synth_12664,245
synth_12652,245
synth_12648,245
synth_12655,245
synth_12629,245
synth_12676,245
synth_12658,245
synth_12645,245
synth_12681,245
synth_12614,245
synth_12657,245
synth_12656,245
synth_12688,245
synth_12624,245
synth_12689,245
synth_12640,245
synth_12653,245
synth_12695,245
synth_12610,245
synth_12694,245
synth_12619,245
synth_12660,245
synth_12636,245
synth_12685,245
synth_12675,245
synth_12691,245
synth_12668,245
synth_12677,245
synth_12680,245
synth_12671,245
synth_12672,245
synth_12665,245
synth_12684,245
synth_12669,245
synth_12673,245
synth_12649,245
synth_12612,245
synth_12630,245
synth_12693,245
synth_12617,245
synth_12682,245
synth_12620,245
synth_12634,245
synth_12632,245
synth_12683,245
synth_12650,245
synth_12635,245
synth_12615,245
synth_12641,245
synth_12678,245
synth_12661,245
synth_12651,245
synth_12659,245
synth_12639,245
synth_12643,245
synth_12646,245
synth_12626,245
synth_12686,245
synth_12638,245
synth_12637,245
synth_12667,245
synth_12654,245
synth_12622,245
synth_12670,245
synth_12663,245
synth_12642,245
synth_12687,245
synth_12616,245
synth_12692,245
synth_12613,245
synth_12633,245
synth_12611,245
synth_12679,245
synth_12628,245
synth_12662,245
synth_12631,245
synth_12625,245
synth_12644,245
synth_12618,245
synth_12666,245
synth_12729,244
synth_12749,244
synth_12730,244
synth_12748,244
synth_12779,244
synth_12772,244
synth_12710,244
synth_12711,244
synth_12771,244
synth_12774,244
synth_12738,244
synth_12757,244
synth_12755,244
synth_12778,244
synth_12767,244
synth_12751,244
synth_12702,244
synth_12706,244
synth_12734,244
synth_12726,244
synth_12762,244
synth_12780,244
synth_12697,244
synth_12718,244
synth_12699,244
synth_12705,244
synth_12723,244
synth_12744,244
synth_12712,244
synth_12765,244
synth_12707,244
synth_12719,244
synth_12724,244
synth_12721,244
synth_12747,244
synth_12745,244
synth_12737,244
synth_12773,244
synth_12768,244
synth_12766,244
synth_12775,244
synth_12698,244
synth_12714,244
synth_12781,244
synth_12743,244
synth_12777,244
synth_12759,244
synth_12769,244
synth_12752,244
synth_12700,244
synth_12770,244
synth_12736,244
synth_12756,244
synth_12758,244
synth_12704,244
synth_12760,244
synth_12740,244
synth_12750,244
synth_12709,244
synth_12733,244
synth_12731,244
synth_12708,244
synth_12776,244
synth_12782,244
synth_12746,244
synth_12735,244
synth_12720,244
synth_12722,244
synth_12742,244
synth_12715,244
synth_12739,244
synth_12703,244
synth_12761,244
synth_12753,244
synth_12741,244
synth_12701,244
synth_12732,244
synth_12713,244
synth_12728,244
synth_12717,244
synth_12727,244
synth_12725,244
synth_12764,244
synth_12696,244
synth_12716,244
synth_12763,244
synth_12754,244
synth_12832,243
synth_12840,243
synth_12854,243
synth_12818,243
synth_12820,243
synth_12828,243
synth_12794,243
synth_12863,243
synth_12793,243
synth_12846,243
synth_12804,243
synth_12792,243
synth_12837,243
synth_12864,243
synth_12860,243
synth_12833,243
synth_12824,243
synth_12784,243
synth_12795,243
synth_12844,243
synth_12825,243
synth_12845,243
synth_12834,243
synth_12842,243
synth_12849,243
synth_12822,243
synth_12817,243
synth_12859,243
synth_12810,243
synth_12829,243
synth_12819,243
synth_12867,243
synth_12798,243
synth_12836,243
synth_12786,243
synth_12839,243
synth_12827,243
synth_12811,243
synth_12803,243
synth_12787,243
synth_12848,243
synth_12868,243
synth_12869,243
synth_12870,243
synth_12857,243
synth_12799,243
synth_12823,243
synth_12843,243
synth_12850,243
synth_12853,243
synth_12796,243
synth_12800,243
synth_12866,243
synth_12838,243
synth_12865,243
synth_12856,243
synth_12807,243
synth_12808,243
synth_12791,243
synth_12809,243
synth_12821,243
synth_12785,243
synth_12813,243
synth_12788,243
synth_12830,243
synth_12861,243
synth_12835,243
synth_12847,243
synth_12816,243
synth_12812,243
synth_12806,243
synth_12814,243
synth_12783,243
synth_12851,243
synth_12862,243
synth_12790,243
synth_12858,243
synth_12855,243
synth_12789,243
synth_12805,243
synth_12831,243
synth_12841,243
synth_12797,243
synth_12826,243
synth_12852,243
synth_12815,243
synth_12801,243
synth_12802,243
synth_12911,242
synth_12954,242
synth_12934,242
synth_12885,242
synth_12914,242
synth_12948,242
synth_12924,242
synth_12929,242
synth_12896,242
synth_12915,242
synth_12919,242
synth_12955,242
synth_12878,242
synth_12901,242
synth_12922,242
synth_12892,242
synth_12893,242
synth_12912,242
synth_12936,242
synth_12902,242
synth_12958,242
synth_12932,242
synth_12916,242
synth_12899,242
synth_12872,242
synth_12894,242
synth_12882,242
synth_12950,242
synth_12890,242
synth_12927,242
synth_12945,242
synth_12953,242
synth_12939,242
synth_12873,242
synth_12952,242
synth_12937,242
synth_12942,242
synth_12875,242
synth_12904,242
synth_12930,242
synth_12881,242
synth_12874,242
synth_12884,242
synth_12951,242
synth_12946,242
synth_12880,242
synth_12895,242
synth_12910,242
synth_12886,242
synth_12887,242
synth_12944,242
synth_12928,242
synth_12889,242
synth_12897,242
synth_12918,242
synth_12917,242
synth_12957,242
synth_12906,242
synth_12931,242
synth_12876,242
synth_12956,242
synth_12913,242
synth_12921,242
synth_12940,242
synth_12898,242
synth_12925,242
synth_12883,242
synth_12926,242
synth_12909,242
synth_12871,242
synth_12903,242
synth_12947,242
synth_12938,242
synth_12941,242
synth_12959,242
synth_12879,242
synth_12935,242
synth_12908,242
synth_12905,242
synth_12933,242
synth_12891,242
synth_12877,242
synth_12943,242
synth_12920,242
synth_12907,242
synth_12949,242
synth_12923,242
synth_12888,242
synth_12900,242
synth_12995,241
synth_12961,241
synth_13049,241
synth_12960,241
synth_13014,241
synth_13017,241
synth_12987,241
synth_13042,241
synth_13039,241
synth_12994,241
synth_12991,241
synth_12997,241
synth_13009,241
synth_12990,241
synth_12999,241
synth_12981,241
synth_13045,241
synth_12964,241
synth_13002,241
synth_13040,241
synth_13044,241
synth_12985,241
synth_13022,241
synth_13029,241
synth_12986,241
synth_13024,241
synth_13005,241
synth_13016,241
synth_13041,241
synth_13028,241
synth_13027,241
synth_13026,241
synth_13033,241
synth_12978,241
synth_13020,241
synth_13031,241
synth_12998,241
synth_12984,241
synth_13004,241
synth_12996,241
synth_13001,241
synth_13035,241
synth_12989,241
synth_12967,241
synth_13010,241
synth_12970,241
synth_12963,241
synth_12988,241
synth_12968,241
synth_12969,241
synth_13008,241
synth_13003,241
synth_12972,241
synth_12993,241
synth_13012,241
synth_12965,241
synth_13006,241
synth_13018,241
synth_12973,241
synth_12974,241
synth_13047,241
synth_13043,241
synth_12962,241
synth_13048,241
synth_13036,241
synth_12971,241
synth_13007,241
synth_13038,241
synth_13021,241
synth_12979,241
synth_13015,241
synth_13037,241
synth_12966,241
synth_13032,241
synth_13034,241
synth_13000,241
synth_12983,241
synth_12982,241
synth_13023,241
synth_13046,241
synth_12975,241
synth_12980,241
synth_12977,241
synth_13011,241
synth_13025,241
synth_13030,241
synth_13013,241
synth_13019,241
synth_12992,241
synth_12976,241
synth_13103,240
synth_13102,240
synth_13068,240
synth_13087,240
synth_13094,240
synth_13108,240
synth_13106,240
synth_13128,240
synth_13097,240
synth_13071,240
synth_13052,240
synth_13053,240
synth_13050,240
synth_13114,240
synth_13132,240
synth_13073,240
synth_13081,240
synth_13113,240
synth_13077,240
synth_13058,240
synth_13131,240
synth_13091,240
synth_13099,240
synth_13127,240
synth_13054,240
synth_13056,240
synth_13067,240
synth_13093,240
synth_13062,240
synth_13084,240
synth_13123,240
synth_13059,240
synth_13124,240
synth_13126,240
synth_13134,240
synth_13086,240
synth_13129,240
synth_13063,240
synth_13101,240
synth_13111,240
synth_13116,240
synth_13138,240
synth_13082,240
synth_13133,240
synth_13140,240
synth_13090,240
synth_13085,240
synth_13095,240
synth_13104,240
synth_13117,240
synth_13075,240
synth_13100,240
synth_13064,240
synth_13105,240
synth_13078,240
synth_13069,240
synth_13118,240
synth_13122,240
synth_13080,240
synth_13061,240
synth_13137,240
synth_13130,240
synth_13107,240
synth_13135,240
synth_13065,240
synth_13115,240
synth_13079,240
synth_13089,240
synth_13096,240
synth_13125,240
synth_13083,240
synth_13109,240
synth_13055,240
synth_13110,240
synth_13076,240
synth_13066,240
synth_13072,240
synth_13088,240
synth_13060,240
synth_13092,240
synth_13121,240
synth_13051,240
synth_13074,240
synth_13070,240
synth_13136,240
synth_13112,240
synth_13098,240
synth_13057,240
synth_13139,240
synth_13119,240
synth_13120,240
synth_13218,239
synth_13163,239
synth_13150,239
synth_13210,239
synth_13228,239
synth_13189,239
synth_13183,239
synth_13199,239
synth_13178,239
synth_13180,239
synth_13143,239
synth_13184,239
synth_13145,239
synth_13160,239
synth_13166,239
synth_13201,239
synth_13214,239
synth_13216,239
synth_13149,239
synth_13147,239
synth_13177,239
synth_13186,239
synth_13206,239
synth_13205,239
synth_13209,239
synth_13220,239
synth_13152,239
synth_13175,239
synth_13226,239
synth_13193,239
synth_13197,239
synth_13208,239
synth_13203,239
synth_13215,239
synth_13227,239
synth_13165,239
synth_13191,239
synth_13170,239
synth_13188,239
synth_13169,239
synth_13190,239
synth_13196,239
synth_13146,239
synth_13222,239
synth_13231,239
synth_13230,239
synth_13157,239
synth_13176,239
synth_13156,239
synth_13161,239
synth_13219,239
synth_13164,239
synth_13224,239
synth_13225,239
synth_13221,239
synth_13144,239
synth_13185,239
synth_13187,239
synth_13194,239
synth_13179,239
synth_13200,239
synth_13207,239
synth_13229,239
synth_13198,239
synth_13173,239
synth_13195,239
synth_13159,239
synth_13212,239
synth_13223,239
synth_13232,239
synth_13151,239
synth_13192,239
synth_13158,239
synth_13141,239
synth_13142,239
synth_13213,239
synth_13172,239
synth_13202,239
synth_13162,239
synth_13182,239
synth_13204,239
synth_13155,239
synth_13181,239
synth_13167,239
synth_13148,239
synth_13153,239
synth_13211,239
synth_13174,239
synth_13171,239
synth_13168,239
synth_13154,239
synth_13217,239
synth_13296,238
synth_13282,238
synth_13301,238
synth_13323,238
synth_13250,238
synth_13263,238
synth_13313,238
synth_13317,238
synth_13289,238
synth_13241,238
synth_13265,238
synth_13273,238
synth_13283,238
synth_13264,238
synth_13312,238
synth_13277,238
synth_13270,238
synth_13298,238
synth_13281,238
synth_13274,238
synth_13304,238
synth_13294,238
synth_13290,238
synth_13261,238
synth_13316,238
synth_13252,238
synth_13308,238
synth_13256,238
synth_13240,238
synth_13244,238
synth_13309,238
synth_13253,238
synth_13260,238
synth_13318,238
synth_13248,238
synth_13235,238
synth_13300,238
synth_13243,238
synth_13291,238
synth_13306,238
synth_13311,238
synth_13247,238
synth_13272,238
synth_13307,238
synth_13321,238
synth_13288,238
synth_13234,238
synth_13266,238
synth_13297,238
synth_13299,238
synth_13257,238
synth_13269,238
synth_13246,238
synth_13249,238
synth_13271,238
synth_13258,238
synth_13238,238
synth_13287,238
synth_13310,238
synth_13315,238
synth_13295,238
synth_13251,238
synth_13302,238
synth_13233,238
synth_13255,238
synth_13276,238
synth_13305,238
synth_13303,238
synth_13280,238
synth_13237,238
synth_13284,238
synth_13293,238
synth_13324,238
synth_13254,238
synth_13268,238
synth_13292,238
synth_13319,238
synth_13320,238
synth_13286,238
synth_13242,238
synth_13285,238
synth_13275,238
synth_13278,238
synth_13239,238
synth_13262,238
synth_13325,238
synth_13245,238
synth_13267,238
synth_13322,238
synth_13236,238
synth_13279,238
synth_13259,238
synth_13314,238
synth_13381,237
synth_13343,237
synth_13339,237
synth_13416,237
synth_13336,237
synth_13373,237
synth_13378,237
synth_13363,237
synth_13340,237
synth_13405,237
synth_13411,237
synth_13400,237
synth_13367,237
synth_13403,237
synth_13365,237
synth_13419,237
synth_13332,237
synth_13355,237
synth_13350,237
synth_13391,237
synth_13333,237
synth_13404,237
synth_13379,237
synth_13344,237
synth_13357,237
synth_13337,237
synth_13370,237
synth_13412,237
synth_13408,237
synth_13359,237
synth_13352,237
synth_13335,237
synth_13341,237
synth_13377,237
synth_13389,237
synth_13394,237
synth_13351,237
synth_13369,237
synth_13356,237
synth_13383,237
synth_13388,237
synth_13348,237
synth_13409,237
synth_13364,237
synth_13338,237
synth_13407,237
synth_13417,237
synth_13402,237
synth_13414,237
synth_13360,237
synth_13345,237
synth_13362,237
synth_13326,237
synth_13342,237
synth_13390,237
synth_13398,237
synth_13361,237
synth_13331,237
synth_13387,237
synth_13413,237
synth_13374,237
synth_13395,237
synth_13368,237
synth_13375,237
synth_13406,237
synth_13347,237
synth_13371,237
synth_13384,237
synth_13397,237
synth_13386,237
synth_13372,237
synth_13399,237
synth_13358,237
synth_13328,237
synth_13410,237
synth_13418,237
synth_13346,237
synth_13401,237
synth_13349,237
synth_13330,237
synth_13380,237
synth_13376,237
synth_13382,237
synth_13393,237
synth_13353,237
synth_13415,237
synth_13354,237
synth_13334,237
synth_13396,237
synth_13329,237
synth_13392,237
synth_13327,237
synth_13385,237
synth_13366,237
synth_13465,236
synth_13444,236
synth_13477,236
synth_13502,236
synth_13421,236
synth_13454,236
synth_13490,236
synth_13450,236
synth_13452,236
synth_13478,236
synth_13514,236
synth_13451,236
synth_13432,236
synth_13468,236
synth_13470,236
synth_13422,236
synth_13461,236
synth_13482,236
synth_13484,236
synth_13489,236
synth_13429,236
synth_13437,236
synth_13440,236
synth_13487,236
synth_13480,236
synth_13511,236
synth_13498,236
synth_13494,236
synth_13497,236
synth_13458,236
synth_13438,236
synth_13509,236
synth_13475,236
synth_13485,236
synth_13505,236
synth_13483,236
synth_13455,236
synth_13466,236
synth_13428,236
synth_13462,236
synth_13420,236
synth_13443,236
synth_13491,236
synth_13439,236
synth_13424,236
synth_13425,236
synth_13464,236
synth_13442,236
synth_13504,236
synth_13446,236
synth_13426,236
synth_13474,236
synth_13441,236
synth_13512,236
synth_13434,236
synth_13479,236
synth_13433,236
synth_13435,236
synth_13476,236
synth_13499,236
synth_13467,236
synth_13513,236
synth_13495,236
synth_13501,236
synth_13459,236
synth_13463,236
synth_13471,236
synth_13448,236
synth_13456,236
synth_13473,236
synth_13472,236
synth_13445,236
synth_13447,236
synth_13449,236
synth_13486,236
synth_13469,236
synth_13431,236
synth_13500,236
synth_13508,236
synth_13436,236
synth_13496,236
synth_13506,236
synth_13453,236
synth_13503,236
synth_13423,236
synth_13460,236
synth_13492,236
synth_13507,236
synth_13510,236
synth_13457,236
synth_13427,236
synth_13488,236
synth_13430,236
synth_13481,236
synth_13493,236
synth_13535,235
synth_13530,235
synth_13596,235
synth_13539,235
synth_13559,235
synth_13602,235
synth_13575,235
synth_13579,235
synth_13605,235
synth_13557,235
synth_13543,235
synth_13515,235
synth_13580,235
synth_13558,235
synth_13562,235
synth_13570,235
synth_13593,235
synth_13553,235
synth_13531,235
synth_13584,235
synth_13599,235
synth_13540,235
synth_13582,235
synth_13600,235
synth_13555,235
synth_13556,235
synth_13598,235
synth_13529,235
synth_13547,235
synth_13566,235
synth_13583,235
synth_13606,235
synth_13567,235
synth_13563,235
synth_13595,235
synth_13609,235
synth_13532,235
synth_13520,235
synth_13538,235
synth_13516,235
synth_13568,235
synth_13548,235
synth_13542,235
synth_13569,235
synth_13591,235
synth_13518,235
synth_13526,235
synth_13541,235
synth_13585,235
synth_13524,235
synth_13571,235
synth_13581,235
synth_13544,235
synth_13545,235
synth_13576,235
synth_13603,235
synth_13536,235
synth_13534,235
synth_13523,235
synth_13554,235
synth_13577,235
synth_13533,235
synth_13586,235
synth_13546,235
synth_13552,235
synth_13588,235
synth_13589,235
synth_13549,235
synth_13561,235
synth_13527,235
synth_13578,235
synth_13592,235
synth_13608,235
synth_13560,235
synth_13601,235
synth_13607,235
synth_13564,235
synth_13604,235
synth_13551,235
synth_13565,235
synth_13572,235
synth_13550,235
synth_13610,235
synth_13517,235
synth_13519,235
synth_13587,235
synth_13525,235
synth_13522,235
synth_13574,235
synth_13573,235
synth_13590,235
synth_13597,235
synth_13521,235
synth_13537,235
synth_13594,235
synth_13528,235
synth_13644,234
synth_13626,234
synth_13701,234
synth_13658,234
synth_13635,234
synth_13689,234
synth_13672,234
synth_13690,234
synth_13696,234
synth_13692,234
synth_13663,234
synth_13653,234
synth_13676,234
synth_13662,234
synth_13629,234
synth_13703,234
synth_13613,234
synth_13647,234
synth_13641,234
synth_13684,234
synth_13679,234
synth_13656,234
synth_13674,234
synth_13636,234
synth_13619,234
synth_13621,234
synth_13630,234
synth_13695,234
synth_13614,234
synth_13665,234
synth_13698,234
synth_13704,234
synth_13708,234
synth_13678,234
synth_13694,234
synth_13638,234
synth_13622,234
synth_13640,234
synth_13639,234
synth_13657,234
synth_13650,234
synth_13697,234
synth_13649,234
synth_13699,234
synth_13648,234
synth_13685,234
synth_13677,234
synth_13627,234
synth_13615,234
synth_13651,234
synth_13632,234
synth_13637,234
synth_13687,234
synth_13625,234
synth_13688,234
synth_13664,234
synth_13707,234
synth_13668,234
synth_13661,234
synth_13612,234
synth_13655,234
synth_13671,234
synth_13620,234
synth_13616,234
synth_13680,234
synth_13702,234
synth_13643,234
synth_13673,234
synth_13645,234
synth_13705,234
synth_13654,234
synth_13686,234
synth_13670,234
synth_13633,234
synth_13631,234
synth_13642,234
synth_13681,234
synth_13682,234
synth_13659,234
synth_13666,234
synth_13667,234
synth_13628,234
synth_13634,234
synth_13652,234
synth_13706,234
synth_13646,234
synth_13669,234
synth_13618,234
synth_13611,234
synth_13700,234
synth_13623,234
synth_13617,234
synth_13660,234
synth_13693,234
synth_13624,234
synth_13675,234
synth_13683,234
synth_13691,234
synth_13765,233
synth_13751,233
synth_13804,233
synth_13711,233
synth_13737,233
synth_13735,233
synth_13712,233
synth_13790,233
synth_13800,233
synth_13785,233
synth_13749,233
synth_13724,233
synth_13710,233
synth_13745,233
synth_13802,233
synth_13805,233
synth_13781,233
synth_13720,233
synth_13750,233
synth_13767,233
synth_13725,233
synth_13769,233
synth_13771,233
synth_13793,233
synth_13760,233
synth_13791,233
synth_13709,233
synth_13775,233
synth_13766,233
synth_13788,233
synth_13756,233
synth_13761,233
synth_13794,233
synth_13719,233
synth_13718,233
synth_13741,233
synth_13746,233
synth_13715,233
synth_13797,233
synth_13799,233
synth_13722,233
synth_13728,233
synth_13770,233
synth_13774,233
synth_13772,233
synth_13780,233
synth_13778,233
synth_13796,233
synth_13714,233
synth_13787,233
synth_13732,233
synth_13779,233
synth_13731,233
synth_13753,233
synth_13730,233
synth_13755,233
synth_13757,233
synth_13717,233
synth_13738,233
synth_13754,233
synth_13744,233
synth_13740,233
synth_13798,233
synth_13768,233
synth_13773,233
synth_13786,233
synth_13763,233
synth_13743,233
synth_13716,233
synth_13789,233
synth_13721,233
synth_13747,233
synth_13727,233
synth_13723,233
synth_13783,233
synth_13803,233
synth_13748,233
synth_13729,233
synth_13752,233
synth_13776,233
synth_13784,233
synth_13758,233
synth_13764,233
synth_13726,233
synth_13733,233
synth_13759,233
synth_13795,233
synth_13734,233
synth_13782,233
synth_13792,233
synth_13713,233
synth_13777,233
synth_13742,233
synth_13801,233
synth_13739,233
synth_13762,233
synth_13806,233
synth_13736,233
synth_13816,232
synth_13883,232
synth_13881,232
synth_13887,232
synth_13896,232
synth_13882,232
synth_13807,232
synth_13820,232
synth_13822,232
synth_13852,232
synth_13905,232
synth_13834,232
synth_13862,232
synth_13906,232
synth_13833,232
synth_13845,232
synth_13827,232
synth_13871,232
synth_13902,232
synth_13848,232
synth_13878,232
synth_13884,232
synth_13865,232
synth_13897,232
synth_13819,232
synth_13857,232
synth_13858,232
synth_13825,232
synth_13831,232
synth_13875,232
synth_13854,232
synth_13872,232
synth_13879,232
synth_13870,232
synth_13891,232
synth_13890,232
synth_13904,232
synth_13841,232
synth_13867,232
synth_13877,232
synth_13809,232
synth_13821,232
synth_13886,232
synth_13889,232
synth_13851,232
synth_13899,232
synth_13859,232
synth_13830,232
synth_13817,232
synth_13812,232
synth_13843,232
synth_13861,232
synth_13815,232
synth_13840,232
synth_13894,232
synth_13900,232
synth_13853,232
synth_13866,232
synth_13850,232
synth_13903,232
synth_13868,232
synth_13847,232
synth_13810,232
synth_13839,232
synth_13824,232
synth_13864,232
synth_13892,232
synth_13874,232
synth_13893,232
synth_13814,232
synth_13837,232
synth_13860,232
synth_13846,232
synth_13869,232
synth_13863,232
synth_13811,232
synth_13828,232
synth_13838,232
synth_13876,232
synth_13808,232
synth_13885,232
synth_13873,232
synth_13813,232
synth_13880,232
synth_13826,232
synth_13835,232
synth_13844,232
synth_13895,232
synth_13832,232
synth_13901,232
synth_13829,232
synth_13888,232
synth_13855,232
synth_13842,232
synth_13898,232
synth_13818,232
synth_13849,232
synth_13856,232
synth_13836,232
synth_13823,232
synth_13974,231
synth_13992,231
synth_13937,231
synth_13912,231
synth_13987,231
synth_13965,231
synth_13919,231
synth_13929,231
synth_13932,231
synth_13959,231
synth_13963,231
synth_13927,231
synth_13970,231
synth_13924,231
synth_13909,231
synth_13918,231
synth_13973,231
synth_13950,231
synth_13942,231
synth_13968,231
synth_13990,231
synth_13982,231
synth_13931,231
synth_13917,231
synth_13967,231
synth_13985,231
synth_13945,231
synth_13914,231
synth_13980,231
synth_14002,231
synth_13946,231
synth_13995,231
synth_13997,231
synth_13955,231
synth_14006,231
synth_13949,231
synth_13925,231
synth_13996,231
synth_13981,231
synth_13943,231
synth_13951,231
synth_13928,231
synth_13936,231
synth_13941,231
synth_13984,231
synth_14001,231
synth_13999,231
synth_13998,231
synth_13923,231
synth_13944,231
synth_13966,231
synth_13954,231
synth_14005,231
synth_13958,231
synth_13971,231
synth_13921,231
synth_13964,231
synth_13907,231
synth_13908,231
synth_13972,231
synth_13991,231
synth_13935,231
synth_13961,231
synth_13915,231
synth_13916,231
synth_13976,231
synth_13994,231
synth_13910,231
synth_13948,231
synth_14003,231
synth_13911,231
synth_13957,231
synth_13969,231
synth_13979,231
synth_13913,231
synth_13953,231
synth_13975,231
synth_13960,231
synth_14000,231
synth_13933,231
synth_13986,231
synth_13926,231
synth_13934,231
synth_13988,231
synth_13989,231
synth_13993,231
synth_13920,231
synth_14004,231
synth_13956,231
synth_13922,231
synth_13978,231
synth_13939,231
synth_13962,231
synth_13977,231
synth_13947,231
synth_13983,231
synth_13938,231
synth_13952,231
synth_13940,231
synth_13930,231
synth_14040,230
synth_14071,230
synth_14030,230
synth_14080,230
synth_14108,230
synth_14105,230
synth_14029,230
synth_14094,230
synth_14017,230
synth_14033,230
synth_14014,230
synth_14039,230
synth_14051,230
synth_14098,230
synth_14083,230
synth_14074,230
synth_14081,230
synth_14042,230
synth_14057,230
synth_14053,230
synth_14092,230
synth_14050,230
synth_14106,230
synth_14018,230
synth_14045,230
synth_14016,230
synth_14035,230
synth_14019,230
synth_14056,230
synth_14085,230
synth_14047,230
synth_14049,230
synth_14063,230
synth_14011,230
synth_14024,230
synth_14078,230
synth_14088,230
synth_14099,230
synth_14052,230
synth_14036,230
synth_14008,230
synth_14095,230
synth_14038,230
synth_14031,230
synth_14013,230
synth_14065,230
synth_14055,230
synth_14097,230
synth_14012,230
synth_14104,230
synth_14007,230
synth_14058,230
synth_14025,230
synth_14084,230
synth_14068,230
synth_14102,230
synth_14015,230
synth_14046,230
synth_14054,230
synth_14061,230
synth_14059,230
synth_14021,230
synth_14103,230
synth_14087,230
synth_14082,230
synth_14067,230
synth_14107,230
synth_14027,230
synth_14020,230
synth_14064,230
synth_14070,230
synth_14048,230
synth_14023,230
synth_14062,230
synth_14101,230
synth_14037,230
synth_14022,230
synth_14041,230
synth_14089,230
synth_14075,230
synth_14086,230
synth_14032,230
synth_14010,230
synth_14028,230
synth_14009,230
synth_14034,230
synth_14093,230
synth_14060,230
synth_14100,230
synth_14077,230
synth_14069,230
synth_14091,230
synth_14076,230
synth_14066,230
synth_14072,230
synth_14043,230
synth_14090,230
synth_14044,230
synth_14096,230
synth_14079,230
synth_14026,230
synth_14073,230
synth_14143,229
synth_14155,229
synth_14164,229
synth_14169,229
synth_14135,229
synth_14124,229
synth_14193,229
synth_14118,229
synth_14142,229
synth_14146,229
synth_14158,229
synth_14141,229
synth_14188,229
synth_14130,229
synth_14197,229
synth_14186,229
synth_14191,229
synth_14195,229
synth_14208,229
synth_14154,229
synth_14123,229
synth_14207,229
synth_14151,229
synth_14120,229
synth_14200,229
synth_14192,229
synth_14163,229
synth_14178,229
synth_14184,229
synth_14127,229
synth_14152,229
synth_14194,229
synth_14131,229
synth_14137,229
synth_14201,229
synth_14145,229
synth_14129,229
synth_14181,229
synth_14125,229
synth_14189,229
synth_14117,229
synth_14132,229
synth_14119,229
synth_14136,229
synth_14167,229
synth_14128,229
synth_14126,229
synth_14185,229
synth_14115,229
synth_14182,229
synth_14157,229
synth_14112,229
synth_14210,229
synth_14139,229
synth_14150,229
synth_14168,229
synth_14202,229
synth_14162,229
synth_14204,229
synth_14183,229
synth_14109,229
synth_14180,229
synth_14144,229
synth_14203,229
synth_14140,229
synth_14179,229
synth_14138,229
synth_14161,229
synth_14170,229
synth_14199,229
synth_14165,229
synth_14147,229
synth_14134,229
synth_14160,229
synth_14116,229
synth_14121,229
synth_14198,229
synth_14133,229
synth_14206,229
synth_14113,229
synth_14177,229
synth_14187,229
synth_14156,229
synth_14209,229
synth_14171,229
synth_14176,229
synth_14111,229
synth_14114,229
synth_14148,229
synth_14211,229
synth_14196,229
synth_14149,229
synth_14190,229
synth_14166,229
synth_14174,229
synth_14159,229
synth_14205,229
synth_14110,229
synth_14153,229
synth_14173,229
synth_14172,229
synth_14175,229
synth_14122,229
synth_14316,228
synth_14312,228
synth_14306,228
synth_14237,228
synth_14217,228
synth_14239,228
synth_14292,228
synth_14289,228
synth_14260,228
synth_14303,228
synth_14225,228
synth_14276,228
synth_14251,228
synth_14271,228
synth_14280,228
synth_14287,228
synth_14298,228
synth_14238,228
synth_14222,228
synth_14249,228
synth_14221,228
synth_14296,228
synth_14305,228
synth_14261,228
synth_14279,228
synth_14291,228
synth_14308,228
synth_14240,228
synth_14307,228
synth_14267,228
synth_14274,228
synth_14284,228
synth_14293,228
synth_14311,228
synth_14301,228
synth_14252,228
synth_14230,228
synth_14250,228
synth_14268,228
synth_14231,228
synth_14264,228
synth_14282,228
synth_14245,228
synth_14300,228
synth_14269,228
synth_14281,228
synth_14248,228
synth_14226,228
synth_14236,228
synth_14256,228
synth_14223,228
synth_14299,228
synth_14295,228
synth_14228,228
synth_14263,228
synth_14213,228
synth_14286,228
synth_14283,228
synth_14259,228
synth_14262,228
synth_14294,228
synth_14309,228
synth_14288,228
synth_14315,228
synth_14242,228
synth_14265,228
synth_14302,228
synth_14313,228
synth_14246,228
synth_14278,228
synth_14247,228
synth_14224,228
synth_14257,228
synth_14235,228
synth_14266,228
synth_14232,228
synth_14234,228
synth_14220,228
synth_14244,228
synth_14285,228
synth_14275,228
synth_14273,228
synth_14297,228
synth_14214,228
synth_14272,228
synth_14258,228
synth_14270,228
synth_14290,228
synth_14215,228
synth_14241,228
synth_14304,228
synth_14229,228
synth_14219,228
synth_14243,228
synth_14314,228
synth_14233,228
synth_14255,228
synth_14277,228
synth_14212,228
synth_14253,228
synth_14254,228
synth_14216,228
synth_14218,228
synth_14310,228
synth_14227,228
synth_14351,227
synth_14321,227
synth_14372,227
synth_14334,227
synth_14368,227
synth_14417,227
synth_14382,227
synth_14416,227
synth_14326,227
synth_14317,227
synth_14332,227
synth_14375,227
synth_14342,227
synth_14354,227
synth_14415,227
synth_14359,227
synth_14363,227
synth_14325,227
synth_14320,227
synth_14345,227
synth_14360,227
synth_14420,227
synth_14324,227
synth_14379,227
synth_14335,227
synth_14390,227
synth_14350,227
synth_14333,227
synth_14367,227
synth_14411,227
synth_14364,227
synth_14366,227
synth_14376,227
synth_14323,227
synth_14418,227
synth_14319,227
synth_14383,227
synth_14397,227
synth_14406,227
synth_14338,227
synth_14341,227
synth_14378,227
synth_14396,227
synth_14402,227
synth_14361,227
synth_14412,227
synth_14389,227
synth_14346,227
synth_14403,227
synth_14386,227
synth_14401,227
synth_14404,227
synth_14337,227
synth_14353,227
synth_14358,227
synth_14365,227
synth_14407,227
synth_14327,227
synth_14393,227
synth_14410,227
synth_14421,227
synth_14330,227
synth_14371,227
synth_14369,227
synth_14370,227
synth_14352,227
synth_14391,227
synth_14400,227
synth_14377,227
synth_14413,227
synth_14380,227
synth_14374,227
synth_14408,227
synth_14322,227
synth_14399,227
synth_14344,227
synth_14387,227
synth_14405,227
synth_14328,227
synth_14409,227
synth_14388,227
synth_14318,227
synth_14381,227
synth_14347,227
synth_14385,227
synth_14340,227
synth_14384,227
synth_14414,227
synth_14419,227
synth_14356,227
synth_14336,227
synth_14362,227
synth_14373,227
synth_14392,227
synth_14398,227
synth_14331,227
synth_14357,227
synth_14329,227
synth_14349,227
synth_14394,227
synth_14395,227
synth_14348,227
synth_14355,227
synth_14339,227
synth_14343,227
synth_14435,226
synth_14518,226
synth_14452,226
synth_14471,226
synth_14509,226
synth_14441,226
synth_14484,226
synth_14506,226
synth_14437,226
synth_14453,226
synth_14427,226
synth_14460,226
synth_14423,226
synth_14485,226
synth_14491,226
synth_14472,226
synth_14487,226
synth_14449,226
synth_14458,226
synth_14446,226
synth_14498,226
synth_14500,226
synth_14497,226
synth_14502,226
synth_14515,226
synth_14504,226
synth_14511,226
synth_14481,226
synth_14455,226
synth_14510,226
synth_14444,226
synth_14450,226
synth_14462,226
synth_14468,226
synth_14463,226
synth_14466,226
synth_14447,226
synth_14443,226
synth_14482,226
synth_14478,226
synth_14501,226
synth_14456,226
synth_14457,226
synth_14516,226
synth_14459,226
synth_14431,226
synth_14496,226
synth_14429,226
synth_14517,226
synth_14454,226
synth_14507,226
synth_14439,226
synth_14432,226
synth_14479,226
synth_14499,226
synth_14469,226
synth_14461,226
synth_14522,226
synth_14433,226
synth_14486,226
synth_14525,226
synth_14488,226
synth_14495,226
synth_14470,226
synth_14475,226
synth_14521,226
synth_14508,226
synth_14483,226
synth_14526,226
synth_14492,226
synth_14523,226
synth_14524,226
synth_14434,226
synth_14514,226
synth_14428,226
synth_14493,226
synth_14527,226
synth_14448,226
synth_14438,226
synth_14422,226
synth_14513,226
synth_14440,226
synth_14442,226
synth_14512,226
synth_14467,226
synth_14476,226
synth_14505,226
synth_14451,226
synth_14473,226
synth_14477,226
synth_14425,226
synth_14424,226
synth_14519,226
synth_14503,226
synth_14464,226
synth_14474,226
synth_14426,226
synth_14430,226
synth_14445,226
synth_14520,226
synth_14494,226
synth_14465,226
synth_14480,226
synth_14490,226
synth_14436,226
synth_14528,226
synth_14489,226
synth_14568,225
synth_14529,225
synth_14560,225
synth_14536,225
synth_14563,225
synth_14533,225
synth_14564,225
synth_14538,225
synth_14609,225
synth_14566,225
synth_14583,225
synth_14632,225
synth_14571,225
synth_14603,225
synth_14634,225
synth_14574,225
synth_14593,225
synth_14621,225
synth_14596,225
synth_14595,225
synth_14608,225
synth_14545,225
synth_14586,225
synth_14613,225
synth_14635,225
synth_14619,225
synth_14531,225
synth_14558,225
synth_14615,225
synth_14585,225
synth_14617,225
synth_14584,225
synth_14546,225
synth_14548,225
synth_14577,225
synth_14622,225
synth_14600,225
synth_14602,225
synth_14575,225
synth_14580,225
synth_14624,225
synth_14636,225
synth_14607,225
synth_14544,225
synth_14565,225
synth_14594,225
synth_14530,225
synth_14550,225
synth_14623,225
synth_14628,225
synth_14556,225
synth_14616,225
synth_14591,225
synth_14582,225
synth_14625,225
synth_14629,225
synth_14612,225
synth_14631,225
synth_14562,225
synth_14589,225
synth_14553,225
synth_14633,225
synth_14537,225
synth_14620,225
synth_14532,225
synth_14540,225
synth_14599,225
synth_14573,225
synth_14542,225
synth_14581,225
synth_14554,225
synth_14541,225
synth_14572,225
synth_14551,225
synth_14535,225
synth_14590,225
synth_14552,225
synth_14559,225
synth_14601,225
synth_14578,225
synth_14539,225
synth_14588,225
synth_14610,225
synth_14605,225
synth_14570,225
synth_14549,225
synth_14626,225
synth_14543,225
synth_14587,225
synth_14592,225
synth_14598,225
synth_14606,225
synth_14555,225
synth_14630,225
synth_14557,225
synth_14614,225
synth_14567,225
synth_14627,225
synth_14579,225
synth_14597,225
synth_14604,225
synth_14569,225
synth_14561,225
synth_14618,225
synth_14576,225
synth_14534,225
synth_14547,225
synth_14611,225
synth_14730,224
synth_14737,224
synth_14661,224
synth_14700,224
synth_14697,224
synth_14672,224
synth_14679,224
synth_14740,224
synth_14644,224
synth_14721,224
synth_14662,224
synth_14728,224
synth_14676,224
synth_14693,224
synth_14658,224
synth_14649,224
synth_14736,224
synth_14726,224
synth_14745,224
synth_14656,224
synth_14723,224
synth_14725,224
synth_14741,224
synth_14678,224
synth_14717,224
synth_14665,224
synth_14739,224
synth_14675,224
synth_14671,224
synth_14735,224
synth_14638,224
synth_14719,224
synth_14729,224
synth_14645,224
synth_14673,224
synth_14639,224
synth_14708,224
synth_14640,224
synth_14699,224
synth_14654,224
synth_14703,224
synth_14738,224
synth_14664,224
synth_14668,224
synth_14669,224
synth_14646,224
synth_14643,224
synth_14712,224
synth_14709,224
synth_14691,224
synth_14695,224
synth_14704,224
synth_14667,224
synth_14710,224
synth_14681,224
synth_14724,224
synth_14653,224
synth_14659,224
synth_14716,224
synth_14744,224
synth_14666,224
synth_14743,224
synth_14734,224
synth_14732,224
synth_14670,224
synth_14651,224
synth_14655,224
synth_14731,224
synth_14715,224
synth_14657,224
synth_14689,224
synth_14652,224
synth_14685,224
synth_14720,224
synth_14727,224
synth_14690,224
synth_14692,224
synth_14687,224
synth_14702,224
synth_14722,224
synth_14696,224
synth_14660,224
synth_14688,224
synth_14686,224
synth_14733,224
synth_14680,224
synth_14711,224
synth_14682,224
synth_14647,224
synth_14694,224
synth_14718,224
synth_14742,224
synth_14683,224
synth_14641,224
synth_14674,224
synth_14698,224
synth_14706,224
synth_14650,224
synth_14648,224
synth_14705,224
synth_14642,224
synth_14663,224
synth_14677,224
synth_14701,224
synth_14707,224
synth_14713,224
synth_14714,224
synth_14684,224
synth_14637,224
synth_14808,223
synth_14805,223
synth_14774,223
synth_14845,223
synth_14748,223
synth_14789,223
synth_14851,223
synth_14797,223
synth_14835,223
synth_14809,223
synth_14836,223
synth_14803,223
synth_14755,223
synth_14756,223
synth_14833,223
synth_14751,223
synth_14754,223
synth_14759,223
synth_14762,223
synth_14852,223
synth_14746,223
synth_14766,223
synth_14795,223
synth_14831,223
synth_14787,223
synth_14801,223
synth_14837,223
synth_14779,223
synth_14771,223
synth_14807,223
synth_14773,223
synth_14777,223
synth_14781,223
synth_14791,223
synth_14838,223
synth_14763,223
synth_14812,223
synth_14749,223
synth_14830,223
synth_14796,223
synth_14767,223
synth_14850,223
synth_14817,223
synth_14820,223
synth_14786,223
synth_14849,223
synth_14828,223
synth_14827,223
synth_14782,223
synth_14810,223
synth_14794,223
synth_14814,223
synth_14776,223
synth_14839,223
synth_14802,223
synth_14811,223
synth_14834,223
synth_14798,223
synth_14823,223
synth_14792,223
synth_14848,223
synth_14855,223
synth_14832,223
synth_14824,223
synth_14778,223
synth_14770,223
synth_14841,223
synth_14775,223
synth_14768,223
synth_14854,223
synth_14747,223
synth_14826,223
synth_14819,223
synth_14764,223
synth_14844,223
synth_14780,223
synth_14788,223
synth_14822,223
synth_14825,223
synth_14752,223
synth_14769,223
synth_14757,223
synth_14784,223
synth_14818,223
synth_14843,223
synth_14856,223
synth_14853,223
synth_14760,223
synth_14758,223
synth_14840,223
synth_14753,223
synth_14804,223
synth_14813,223
synth_14785,223
synth_14750,223
synth_14799,223
synth_14761,223
synth_14772,223
synth_14790,223
synth_14842,223
synth_14800,223
synth_14821,223
synth_14793,223
synth_14829,223
synth_14847,223
synth_14783,223
synth_14806,223
synth_14815,223
synth_14816,223
synth_14765,223
synth_14846,223
synth_14968,222
synth_14933,222
synth_14865,222
synth_14871,222
synth_14926,222
synth_14872,222
synth_14935,222
synth_14904,222
synth_14911,222
synth_14897,222
synth_14949,222
synth_14883,222
synth_14860,222
synth_14896,222
synth_14965,222
synth_14861,222
synth_14934,222
synth_14915,222
synth_14899,222
synth_14914,222
synth_14921,222
synth_14882,222
synth_14858,222
synth_14890,222
synth_14962,222
synth_14864,222
synth_14884,222
synth_14957,222
synth_14886,222
synth_14919,222
synth_14952,222
synth_14869,222
synth_14943,222
synth_14937,222
synth_14900,222
synth_14874,222
synth_14939,222
synth_14947,222
synth_14894,222
synth_14927,222
synth_14941,222
synth_14920,222
synth_14953,222
synth_14960,222
synth_14963,222
synth_14892,222
synth_14913,222
synth_14922,222
synth_14905,222
synth_14942,222
synth_14955,222
synth_14948,222
synth_14912,222
synth_14917,222
synth_14924,222
synth_14930,222
synth_14887,222
synth_14945,222
synth_14954,222
synth_14903,222
synth_14857,222
synth_14901,222
synth_14959,222
synth_14895,222
synth_14902,222
synth_14876,222
synth_14906,222
synth_14863,222
synth_14870,222
synth_14918,222
synth_14866,222
synth_14875,222
synth_14961,222
synth_14932,222
synth_14867,222
synth_14859,222
synth_14907,222
synth_14929,222
synth_14946,222
synth_14879,222
synth_14893,222
synth_14880,222
synth_14964,222
synth_14951,222
synth_14881,222
synth_14966,222
synth_14889,222
synth_14938,222
synth_14958,222
synth_14862,222
synth_14950,222
synth_14923,222
synth_14931,222
synth_14888,222
synth_14908,222
synth_14910,222
synth_14936,222
synth_14898,222
synth_14956,222
synth_14928,222
synth_14868,222
synth_14885,222
synth_14909,222
synth_14925,222
synth_14944,222
synth_14967,222
synth_14873,222
synth_14877,222
synth_14878,222
synth_14891,222
synth_14916,222
synth_14940,222
synth_15077,221
synth_15018,221
synth_15023,221
synth_14983,221
synth_15039,221
synth_15011,221
synth_15050,221
synth_14970,221
synth_15071,221
synth_15076,221
synth_15033,221
synth_15047,221
synth_15001,221
synth_15003,221
synth_15035,221
synth_15057,221
synth_15007,221
synth_15029,221
synth_15068,221
synth_15038,221
synth_15065,221
synth_15040,221
synth_15024,221
synth_15032,221
synth_14984,221
synth_15080,221
synth_14972,221
synth_15056,221
synth_14991,221
synth_15017,221
synth_15061,221
synth_14976,221
synth_15058,221
synth_15081,221
synth_15009,221
synth_15049,221
synth_14971,221
synth_15073,221
synth_15025,221
synth_14986,221
synth_15069,221
synth_15005,221
synth_14969,221
synth_15015,221
synth_14994,221
synth_15072,221
synth_14975,221
synth_15031,221
synth_15060,221
synth_14990,221
synth_15054,221
synth_14974,221
synth_15028,221
synth_14997,221
synth_15013,221
synth_15052,221
synth_15074,221
synth_14988,221
synth_15066,221
synth_15070,221
synth_14980,221
synth_15079,221
synth_14995,221
synth_15012,221
synth_15078,221
synth_14989,221
synth_15062,221
synth_14985,221
synth_15002,221
synth_15041,221
synth_15030,221
synth_14992,221
synth_15051,221
synth_15010,221
synth_15022,221
synth_15053,221
synth_14982,221
synth_14999,221
synth_15036,221
synth_14973,221
synth_15067,221
synth_15043,221
synth_14993,221
synth_15000,221
synth_15042,221
synth_15027,221
synth_15021,221
synth_14977,221
synth_15004,221
synth_15020,221
synth_15037,221
synth_15044,221
synth_15075,221
synth_14987,221
synth_14998,221
synth_15046,221
synth_15059,221
synth_14981,221
synth_15006,221
synth_14978,221
synth_15045,221
synth_14996,221
synth_15016,221
synth_15034,221
synth_14979,221
synth_15014,221
synth_15055,221
synth_15048,221
synth_15019,221
synth_15064,221
synth_15008,221
synth_15026,221
synth_15063,221
synth_15104,220
synth_15107,220
synth_15139,220
synth_15147,220
synth_15176,220
synth_15174,220
synth_15166,220
synth_15167,220
synth_15103,220
synth_15161,220
synth_15084,220
synth_15186,220
synth_15125,220
synth_15189,220
synth_15101,220
synth_15182,220
synth_15196,220
synth_15187,220
synth_15165,220
synth_15142,220
synth_15118,220
synth_15112,220
synth_15158,220
synth_15170,220
synth_15141,220
synth_15133,220
synth_15179,220
synth_15110,220
synth_15129,220
synth_15195,220
synth_15171,220
synth_15091,220
synth_15083,220
synth_15157,220
synth_15093,220
synth_15173,220
synth_15089,220
synth_15115,220
synth_15153,220
synth_15087,220
synth_15148,220
synth_15149,220
synth_15138,220
synth_15151,220
synth_15134,220
synth_15162,220
synth_15088,220
synth_15177,220
synth_15194,220
synth_15092,220
synth_15160,220
synth_15090,220
synth_15136,220
synth_15154,220
synth_15096,220
synth_15111,220
synth_15131,220
synth_15105,220
synth_15116,220
synth_15178,220
synth_15184,220
synth_15132,220
synth_15114,220
synth_15120,220
synth_15159,220
synth_15086,220
synth_15137,220
synth_15146,220
synth_15163,220
synth_15150,220
synth_15140,220
synth_15082,220
synth_15102,220
synth_15119,220
synth_15164,220
synth_15130,220
synth_15127,220
synth_15117,220
synth_15143,220
synth_15123,220
synth_15169,220
synth_15172,220
synth_15183,220
synth_15145,220
synth_15185,220
synth_15144,220
synth_15188,220
synth_15155,220
synth_15121,220
synth_15152,220
synth_15175,220
synth_15124,220
synth_15191,220
synth_15085,220
synth_15099,220
synth_15113,220
synth_15181,220
synth_15100,220
synth_15193,220
synth_15095,220
synth_15122,220
synth_15098,220
synth_15106,220
synth_15156,220
synth_15168,220
synth_15190,220
synth_15135,220
synth_15097,220
synth_15192,220
synth_15108,220
synth_15128,220
synth_15180,220
synth_15126,220
synth_15109,220
synth_15094,220
synth_15203,219
synth_15266,219
synth_15281,219
synth_15230,219
synth_15201,219
synth_15306,219
synth_15295,219
synth_15206,219
synth_15307,219
synth_15275,219
synth_15236,219
synth_15292,219
synth_15222,219
synth_15211,219
synth_15223,219
synth_15248,219
synth_15276,219
synth_15209,219
synth_15267,219
synth_15274,219
synth_15255,219
synth_15235,219
synth_15300,219
synth_15210,219
synth_15217,219
synth_15231,219
synth_15285,219
synth_15237,219
synth_15234,219
synth_15243,219
synth_15273,219
synth_15254,219
synth_15228,219
synth_15261,219
synth_15205,219
synth_15215,219
synth_15302,219
synth_15303,219
synth_15269,219
synth_15312,219
synth_15242,219
synth_15263,219
synth_15283,219
synth_15247,219
synth_15279,219
synth_15268,219
synth_15202,219
synth_15265,219
synth_15264,219
synth_15282,219
synth_15311,219
synth_15238,219
synth_15226,219
synth_15251,219
synth_15241,219
synth_15221,219
synth_15233,219
synth_15200,219
synth_15219,219
synth_15294,219
synth_15220,219
synth_15216,219
synth_15246,219
synth_15296,219
synth_15305,219
synth_15212,219
synth_15244,219
synth_15277,219
synth_15208,219
synth_15290,219
synth_15197,219
synth_15257,219
synth_15253,219
synth_15232,219
synth_15271,219
synth_15245,219
synth_15280,219
synth_15284,219
synth_15225,219
synth_15252,219
synth_15287,219
synth_15301,219
synth_15199,219
synth_15304,219
synth_15278,219
synth_15256,219
synth_15298,219
synth_15214,219
synth_15240,219
synth_15289,219
synth_15204,219
synth_15229,219
synth_15297,219
synth_15249,219
synth_15258,219
synth_15299,219
synth_15308,219
synth_15218,219
synth_15262,219
synth_15250,219
synth_15239,219
synth_15293,219
synth_15227,219
synth_15198,219
synth_15259,219
synth_15288,219
synth_15224,219
synth_15272,219
synth_15286,219
synth_15260,219
synth_15291,219
synth_15207,219
synth_15310,219
synth_15309,219
synth_15213,219
synth_15270,219
synth_15325,218
synth_15340,218
synth_15329,218
synth_15386,218
synth_15398,218
synth_15415,218
synth_15351,218
synth_15416,218
synth_15424,218
synth_15318,218
synth_15366,218
synth_15375,218
synth_15373,218
synth_15420,218
synth_15362,218
synth_15426,218
synth_15391,218
synth_15338,218
synth_15322,218
synth_15396,218
synth_15369,218
synth_15387,218
synth_15393,218
synth_15342,218
synth_15327,218
synth_15414,218
synth_15377,218
synth_15320,218
synth_15349,218
synth_15328,218
synth_15418,218
synth_15412,218
synth_15427,218
synth_15348,218
synth_15357,218
synth_15361,218
synth_15410,218
synth_15317,218
synth_15382,218
synth_15319,218
synth_15383,218
synth_15345,218
synth_15333,218
synth_15385,218
synth_15315,218
synth_15352,218
synth_15343,218
synth_15371,218
synth_15326,218
synth_15335,218
synth_15378,218
synth_15379,218
synth_15407,218
synth_15330,218
synth_15376,218
synth_15353,218
synth_15411,218
synth_15429,218
synth_15406,218
synth_15408,218
synth_15365,218
synth_15368,218
synth_15360,218
synth_15374,218
synth_15363,218
synth_15332,218
synth_15380,218
synth_15370,218
synth_15381,218
synth_15339,218
synth_15316,218
synth_15354,218
synth_15403,218
synth_15334,218
synth_15336,218
synth_15321,218
synth_15346,218
synth_15358,218
synth_15400,218
synth_15413,218
synth_15397,218
synth_15401,218
synth_15359,218
synth_15395,218
synth_15428,218
synth_15341,218
synth_15422,218
synth_15355,218
synth_15337,218
synth_15409,218
synth_15314,218
synth_15344,218
synth_15392,218
synth_15331,218
synth_15421,218
synth_15388,218
synth_15394,218
synth_15323,218
synth_15425,218
synth_15417,218
synth_15423,218
synth_15356,218
synth_15404,218
synth_15350,218
synth_15384,218
synth_15402,218
synth_15405,218
synth_15390,218
synth_15367,218
synth_15399,218
synth_15364,218
synth_15389,218
synth_15324,218
synth_15347,218
synth_15313,218
synth_15372,218
synth_15419,218
synth_15468,217
synth_15451,217
synth_15488,217
synth_15447,217
synth_15434,217
synth_15466,217
synth_15502,217
synth_15515,217
synth_15444,217
synth_15455,217
synth_15496,217
synth_15497,217
synth_15501,217
synth_15530,217
synth_15533,217
synth_15433,217
synth_15450,217
synth_15485,217
synth_15432,217
synth_15475,217
synth_15493,217
synth_15442,217
synth_15437,217
synth_15539,217
synth_15459,217
synth_15510,217
synth_15528,217
synth_15511,217
synth_15547,217
synth_15456,217
synth_15431,217
synth_15458,217
synth_15537,217
synth_15473,217
synth_15498,217
synth_15529,217
synth_15522,217
synth_15519,217
synth_15524,217
synth_15507,217
synth_15436,217
synth_15542,217
synth_15499,217
synth_15478,217
synth_15484,217
synth_15506,217
synth_15465,217
synth_15439,217
synth_15495,217
synth_15548,217
synth_15486,217
synth_15446,217
synth_15512,217
synth_15453,217
synth_15544,217
synth_15449,217
synth_15469,217
synth_15481,217
synth_15472,217
synth_15494,217
synth_15454,217
synth_15490,217
synth_15462,217
synth_15538,217
synth_15443,217
synth_15445,217
synth_15523,217
synth_15463,217
synth_15470,217
synth_15479,217
synth_15545,217
synth_15534,217
synth_15518,217
synth_15452,217
synth_15460,217
synth_15505,217
synth_15482,217
synth_15526,217
synth_15509,217
synth_15471,217
synth_15543,217
synth_15461,217
synth_15435,217
synth_15527,217
synth_15477,217
synth_15448,217
synth_15474,217
synth_15514,217
synth_15464,217
synth_15441,217
synth_15467,217
synth_15546,217
synth_15483,217
synth_15535,217
synth_15508,217
synth_15536,217
synth_15476,217
synth_15525,217
synth_15500,217
synth_15532,217
synth_15438,217
synth_15531,217
synth_15504,217
synth_15440,217
synth_15491,217
synth_15516,217
synth_15503,217
synth_15521,217
synth_15492,217
synth_15457,217
synth_15520,217
synth_15540,217
synth_15517,217
synth_15480,217
synth_15487,217
synth_15430,217
synth_15489,217
synth_15513,217
synth_15541,217
synth_15656,216
synth_15578,216
synth_15609,216
synth_15663,216
synth_15552,216
synth_15586,216
synth_15595,216
synth_15603,216
synth_15567,216
synth_15591,216
synth_15661,216
synth_15572,216
synth_15569,216
synth_15555,216
synth_15648,216
synth_15666,216
synth_15662,216
synth_15581,216
synth_15597,216
synth_15585,216
synth_15624,216
synth_15627,216
synth_15610,216
synth_15636,216
synth_15553,216
synth_15588,216
synth_15658,216
synth_15571,216
synth_15565,216
synth_15667,216
synth_15614,216
synth_15576,216
synth_15637,216
synth_15655,216
synth_15604,216
synth_15625,216
synth_15563,216
synth_15657,216
synth_15594,216
synth_15635,216
synth_15598,216
synth_15669,216
synth_15659,216
synth_15568,216
synth_15592,216
synth_15630,216
synth_15649,216
synth_15587,216
synth_15668,216
synth_15599,216
synth_15626,216
synth_15644,216
synth_15550,216
synth_15619,216
synth_15629,216
synth_15617,216
synth_15653,216
synth_15596,216
synth_15554,216
synth_15651,216
synth_15634,216
synth_15622,216
synth_15652,216
synth_15601,216
synth_15612,216
synth_15600,216
synth_15633,216
synth_15590,216
synth_15584,216
synth_15665,216
synth_15646,216
synth_15613,216
synth_15577,216
synth_15639,216
synth_15602,216
synth_15641,216
synth_15556,216
synth_15561,216
synth_15551,216
synth_15654,216
synth_15623,216
synth_15583,216
synth_15620,216
synth_15632,216
synth_15549,216
synth_15647,216
synth_15643,216
synth_15589,216
synth_15562,216
synth_15560,216
synth_15664,216
synth_15582,216
synth_15660,216
synth_15570,216
synth_15611,216
synth_15593,216
synth_15559,216
synth_15574,216
synth_15573,216
synth_15631,216
synth_15606,216
synth_15557,216
synth_15566,216
synth_15628,216
synth_15640,216
synth_15605,216
synth_15579,216
synth_15642,216
synth_15558,216
synth_15618,216
synth_15564,216
synth_15607,216
synth_15608,216
synth_15575,216
synth_15645,216
synth_15615,216
synth_15580,216
synth_15650,216
synth_15621,216
synth_15616,216
synth_15638,216
synth_15740,215
synth_15700,215
synth_15749,215
synth_15784,215
synth_15771,215
synth_15690,215
synth_15752,215
synth_15673,215
synth_15704,215
synth_15676,215
synth_15717,215
synth_15758,215
synth_15785,215
synth_15671,215
synth_15688,215
synth_15686,215
synth_15772,215
synth_15718,215
synth_15722,215
synth_15724,215
synth_15733,215
synth_15744,215
synth_15788,215
synth_15705,215
synth_15699,215
synth_15710,215
synth_15759,215
synth_15761,215
synth_15677,215
synth_15768,215
synth_15791,215
synth_15730,215
synth_15706,215
synth_15737,215
synth_15680,215
synth_15681,215
synth_15746,215
synth_15682,215
synth_15713,215
synth_15766,215
synth_15775,215
synth_15776,215
synth_15754,215
synth_15738,215
synth_15789,215
synth_15703,215
synth_15691,215
synth_15747,215
synth_15743,215
synth_15694,215
synth_15697,215
synth_15751,215
synth_15715,215
synth_15721,215
synth_15723,215
synth_15767,215
synth_15692,215
synth_15741,215
synth_15762,215
synth_15787,215
synth_15731,215
synth_15753,215
synth_15689,215
synth_15693,215
synth_15735,215
synth_15696,215
synth_15786,215
synth_15707,215
synth_15728,215
synth_15712,215
synth_15755,215
synth_15756,215
synth_15695,215
synth_15709,215
synth_15778,215
synth_15779,215
synth_15750,215
synth_15729,215
synth_15698,215
synth_15678,215
synth_15702,215
synth_15672,215
synth_15732,215
synth_15726,215
synth_15708,215
synth_15770,215
synth_15687,215
synth_15748,215
synth_15780,215
synth_15782,215
synth_15742,215
synth_15711,215
synth_15725,215
synth_15764,215
synth_15683,215
synth_15679,215
synth_15701,215
synth_15727,215
synth_15684,215
synth_15714,215
synth_15757,215
synth_15773,215
synth_15760,215
synth_15765,215
synth_15783,215
synth_15745,215
synth_15719,215
synth_15777,215
synth_15774,215
synth_15736,215
synth_15739,215
synth_15781,215
synth_15716,215
synth_15763,215
synth_15685,215
synth_15769,215
synth_15675,215
synth_15670,215
synth_15674,215
synth_15720,215
synth_15734,215
synth_15790,215
synth_15804,214
synth_15797,214
synth_15798,214
synth_15800,214
synth_15799,214
synth_15892,214
synth_15818,214
synth_15868,214
synth_15796,214
synth_15893,214
synth_15858,214
synth_15888,214
synth_15906,214
synth_15806,214
synth_15911,214
synth_15861,214
synth_15880,214
synth_15903,214
synth_15852,214
synth_15807,214
synth_15913,214
synth_15864,214
synth_15841,214
synth_15834,214
synth_15874,214
synth_15792,214
synth_15846,214
synth_15802,214
synth_15898,214
synth_15830,214
synth_15809,214
synth_15831,214
synth_15904,214
synth_15821,214
synth_15827,214
synth_15837,214
synth_15822,214
synth_15876,214
synth_15912,214
synth_15823,214
synth_15860,214
synth_15820,214
synth_15882,214
synth_15845,214
synth_15854,214
synth_15801,214
synth_15878,214
synth_15865,214
synth_15866,214
synth_15795,214
synth_15869,214
synth_15897,214
synth_15857,214
synth_15908,214
synth_15910,214
synth_15872,214
synth_15839,214
synth_15885,214
synth_15883,214
synth_15808,214
synth_15813,214
synth_15832,214
synth_15889,214
synth_15833,214
synth_15794,214
synth_15838,214
synth_15811,214
synth_15793,214
synth_15825,214
synth_15850,214
synth_15901,214
synth_15817,214
synth_15870,214
synth_15875,214
synth_15853,214
synth_15849,214
synth_15855,214
synth_15891,214
synth_15859,214
synth_15843,214
synth_15803,214
synth_15844,214
synth_15914,214
synth_15884,214
synth_15886,214
synth_15816,214
synth_15848,214
synth_15835,214
synth_15847,214
synth_15871,214
synth_15890,214
synth_15900,214
synth_15842,214
synth_15810,214
synth_15819,214
synth_15812,214
synth_15879,214
synth_15829,214
synth_15881,214
synth_15826,214
synth_15873,214
synth_15887,214
synth_15851,214
synth_15856,214
synth_15877,214
synth_15840,214
synth_15824,214
synth_15907,214
synth_15896,214
synth_15805,214
synth_15894,214
synth_15899,214
synth_15902,214
synth_15905,214
synth_15814,214
synth_15895,214
synth_15862,214
synth_15828,214
synth_15909,214
synth_15815,214
synth_15836,214
synth_15867,214
synth_15863,214
synth_15972,213
synth_16026,213
synth_15961,213
synth_15949,213
synth_15953,213
synth_15982,213
synth_15984,213
synth_15978,213
synth_15966,213
synth_16003,213
synth_15931,213
synth_15959,213
synth_16039,213
synth_15942,213
synth_15944,213
synth_16017,213
synth_15993,213
synth_15945,213
synth_15971,213
synth_16000,213
synth_15970,213
synth_15920,213
synth_15981,213
synth_15955,213
synth_16006,213
synth_15960,213
synth_15987,213
synth_15934,213
synth_15999,213
synth_15962,213
synth_16020,213
synth_15963,213
synth_16036,213
synth_16018,213
synth_16021,213
synth_16011,213
synth_16030,213
synth_16007,213
synth_16031,213
synth_16010,213
synth_15992,213
synth_15930,213
synth_16032,213
synth_15976,213
synth_15923,213
synth_16002,213
synth_16013,213
synth_16001,213
synth_15916,213
synth_15921,213
synth_15979,213
synth_15938,213
synth_15957,213
synth_15983,213
synth_16023,213
synth_16012,213
synth_16004,213
synth_16028,213
synth_15936,213
synth_15991,213
synth_15929,213
synth_15950,213
synth_15990,213
synth_16027,213
synth_15915,213
synth_15926,213
synth_15951,213
synth_16033,213
synth_16037,213
synth_15918,213
synth_15919,213
synth_15967,213
synth_15986,213
synth_15937,213
synth_16025,213
synth_15980,213
synth_15985,213
synth_15975,213
synth_16029,213
synth_15928,213
synth_15969,213
synth_16019,213
synth_15954,213
synth_15948,213
synth_15940,213
synth_16038,213
synth_15952,213
synth_16035,213
synth_15956,213
synth_16009,213
synth_16034,213
synth_16008,213
synth_16014,213
synth_15917,213
synth_15927,213
synth_15941,213
synth_15989,213
synth_15965,213
synth_15973,213
synth_15988,213
synth_16015,213
synth_16005,213
synth_16016,213
synth_16024,213
synth_16022,213
synth_15995,213
synth_15998,213
synth_15943,213
synth_15958,213
synth_15977,213
synth_15946,213
synth_15974,213
synth_15964,213
synth_15997,213
synth_15996,213
synth_15933,213
synth_15925,213
synth_15932,213
synth_15939,213
synth_15922,213
synth_15935,213
synth_15924,213
synth_15947,213
synth_15968,213
synth_15994,213
synth_16105,212
synth_16152,212
synth_16096,212
synth_16078,212
synth_16079,212
synth_16073,212
synth_16165,212
synth_16090,212
synth_16097,212
synth_16155,212
synth_16082,212
synth_16089,212
synth_16062,212
synth_16130,212
synth_16068,212
synth_16139,212
synth_16127,212
synth_16131,212
synth_16136,212
synth_16137,212
synth_16154,212
synth_16102,212
synth_16138,212
synth_16111,212
synth_16124,212
synth_16114,212
synth_16153,212
synth_16115,212
synth_16043,212
synth_16049,212
synth_16166,212
synth_16072,212
synth_16070,212
synth_16104,212
synth_16129,212
synth_16162,212
synth_16048,212
synth_16065,212
synth_16088,212
synth_16058,212
synth_16052,212
synth_16135,212
synth_16042,212
synth_16164,212
synth_16060,212
synth_16150,212
synth_16098,212
synth_16118,212
synth_16147,212
synth_16051,212
synth_16161,212
synth_16121,212
synth_16057,212
synth_16103,212
synth_16163,212
synth_16133,212
synth_16109,212
synth_16120,212
synth_16128,212
synth_16055,212
synth_16091,212
synth_16101,212
synth_16142,212
synth_16158,212
synth_16108,212
synth_16149,212
synth_16056,212
synth_16084,212
synth_16100,212
synth_16145,212
synth_16059,212
synth_16071,212
synth_16099,212
synth_16140,212
synth_16066,212
synth_16080,212
synth_16151,212
synth_16076,212
synth_16046,212
synth_16122,212
synth_16159,212
synth_16113,212
synth_16054,212
synth_16116,212
synth_16107,212
synth_16077,212
synth_16095,212
synth_16160,212
synth_16061,212
synth_16126,212
synth_16053,212
synth_16157,212
synth_16050,212
synth_16085,212
synth_16123,212
synth_16148,212
synth_16110,212
synth_16047,212
synth_16041,212
synth_16075,212
synth_16064,212
synth_16087,212
synth_16094,212
synth_16132,212
synth_16143,212
synth_16063,212
synth_16117,212
synth_16146,212
synth_16093,212
synth_16081,212
synth_16083,212
synth_16045,212
synth_16074,212
synth_16106,212
synth_16112,212
synth_16141,212
synth_16040,212
synth_16125,212
synth_16134,212
synth_16044,212
synth_16069,212
synth_16144,212
synth_16092,212
synth_16119,212
synth_16156,212
synth_16067,212
synth_16086,212
synth_16264,211
synth_16290,211
synth_16232,211
synth_16291,211
synth_16184,211
synth_16257,211
synth_16230,211
synth_16252,211
synth_16177,211
synth_16259,211
synth_16254,211
synth_16241,211
synth_16219,211
synth_16227,211
synth_16256,211
synth_16223,211
synth_16282,211
synth_16229,211
synth_16275,211
synth_16217,211
synth_16220,211
synth_16279,211
synth_16289,211
synth_16258,211
synth_16263,211
synth_16240,211
synth_16172,211
synth_16174,211
synth_16207,211
synth_16212,211
synth_16225,211
synth_16280,211
synth_16287,211
synth_16226,211
synth_16293,211
synth_16281,211
synth_16214,211
synth_16206,211
synth_16168,211
synth_16188,211
synth_16234,211
synth_16169,211
synth_16273,211
synth_16288,211
synth_16175,211
synth_16294,211
synth_16176,211
synth_16249,211
synth_16278,211
synth_16190,211
synth_16205,211
synth_16192,211
synth_16171,211
synth_16186,211
synth_16268,211
synth_16221,211
synth_16216,211
synth_16245,211
synth_16224,211
synth_16271,211
synth_16267,211
synth_16204,211
synth_16193,211
synth_16201,211
synth_16250,211
synth_16178,211
synth_16255,211
synth_16262,211
synth_16196,211
synth_16202,211
synth_16251,211
synth_16284,211
synth_16237,211
synth_16247,211
synth_16185,211
synth_16191,211
synth_16236,211
synth_16170,211
synth_16242,211
synth_16198,211
synth_16173,211
synth_16195,211
synth_16197,211
synth_16199,211
synth_16244,211
synth_16167,211
synth_16260,211
synth_16179,211
synth_16210,211
synth_16211,211
synth_16246,211
synth_16272,211
synth_16183,211
synth_16270,211
synth_16283,211
synth_16222,211
synth_16248,211
synth_16209,211
synth_16187,211
synth_16285,211
synth_16238,211
synth_16292,211
synth_16181,211
synth_16235,211
synth_16189,211
synth_16286,211
synth_16180,211
synth_16203,211
synth_16182,211
synth_16231,211
synth_16269,211
synth_16239,211
synth_16218,211
synth_16208,211
synth_16228,211
synth_16233,211
synth_16213,211
synth_16253,211
synth_16243,211
synth_16261,211
synth_16274,211
synth_16265,211
synth_16194,211
synth_16215,211
synth_16276,211
synth_16266,211
synth_16277,211
synth_16200,211
synth_16319,210
synth_16325,210
synth_16370,210
synth_16302,210
synth_16400,210
synth_16339,210
synth_16316,210
synth_16318,210
synth_16353,210
synth_16386,210
synth_16396,210
synth_16381,210
synth_16385,210
synth_16328,210
synth_16309,210
synth_16313,210
synth_16378,210
synth_16327,210
synth_16363,210
synth_16368,210
synth_16303,210
synth_16336,210
synth_16352,210
synth_16345,210
synth_16298,210
synth_16392,210
synth_16374,210
synth_16414,210
synth_16305,210
synth_16338,210
synth_16382,210
synth_16415,210
synth_16401,210
synth_16300,210
synth_16393,210
synth_16331,210
synth_16342,210
synth_16399,210
synth_16340,210
synth_16372,210
synth_16326,210
synth_16418,210
synth_16411,210
synth_16301,210
synth_16317,210
synth_16362,210
synth_16359,210
synth_16299,210
synth_16321,210
synth_16320,210
synth_16334,210
synth_16344,210
synth_16311,210
synth_16346,210
synth_16366,210
synth_16341,210
synth_16306,210
synth_16416,210
synth_16423,210
synth_16417,210
synth_16304,210
synth_16380,210
synth_16394,210
synth_16403,210
synth_16335,210
synth_16377,210
synth_16420,210
synth_16308,210
synth_16379,210
synth_16323,210
synth_16333,210
synth_16419,210
synth_16404,210
synth_16295,210
synth_16351,210
synth_16355,210
synth_16324,210
synth_16407,210
synth_16343,210
synth_16375,210
synth_16296,210
synth_16365,210
synth_16384,210
synth_16310,210
synth_16409,210
synth_16349,210
synth_16307,210
synth_16405,210
synth_16387,210
synth_16406,210
synth_16329,210
synth_16408,210
synth_16410,210
synth_16413,210
synth_16367,210
synth_16402,210
synth_16348,210
synth_16421,210
synth_16330,210
synth_16369,210
synth_16424,210
synth_16357,210
synth_16383,210
synth_16347,210
synth_16332,210
synth_16391,210
synth_16388,210
synth_16358,210
synth_16337,210
synth_16389,210
synth_16312,210
synth_16297,210
synth_16364,210
synth_16397,210
synth_16373,210
synth_16398,210
synth_16422,210
synth_16412,210
synth_16356,210
synth_16315,210
synth_16361,210
synth_16376,210
synth_16350,210
synth_16390,210
synth_16354,210
synth_16322,210
synth_16371,210
synth_16360,210
synth_16395,210
synth_16314,210
synth_16543,209
synth_16493,209
synth_16538,209
synth_16473,209
synth_16470,209
synth_16514,209
synth_16438,209
synth_16467,209
synth_16449,209
synth_16469,209
synth_16458,209
synth_16505,209
synth_16440,209
synth_16453,209
synth_16437,209
synth_16501,209
synth_16486,209
synth_16433,209
synth_16555,209
synth_16508,209
synth_16549,209
synth_16492,209
synth_16435,209
synth_16515,209
synth_16494,209
synth_16509,209
synth_16521,209
synth_16497,209
synth_16446,209
synth_16498,209
synth_16504,209
synth_16487,209
synth_16545,209
synth_16429,209
synth_16485,209
synth_16535,209
synth_16445,209
synth_16430,209
synth_16540,209
synth_16481,209
synth_16431,209
synth_16450,209
synth_16442,209
synth_16471,209
synth_16544,209
synth_16503,209
synth_16455,209
synth_16510,209
synth_16516,209
synth_16534,209
synth_16552,209
synth_16477,209
synth_16472,209
synth_16519,209
synth_16461,209
synth_16523,209
synth_16427,209
synth_16518,209
synth_16439,209
synth_16454,209
synth_16432,209
synth_16524,209
synth_16475,209
synth_16448,209
synth_16522,209
synth_16536,209
synth_16554,209
synth_16459,209
synth_16463,209
synth_16476,209
synth_16478,209
synth_16426,209
synth_16466,209
synth_16533,209
synth_16527,209
synth_16428,209
synth_16496,209
synth_16462,209
synth_16489,209
synth_16512,209
synth_16447,209
synth_16495,209
synth_16541,209
synth_16479,209
synth_16460,209
synth_16506,209
synth_16537,209
synth_16546,209
synth_16425,209
synth_16457,209
synth_16499,209
synth_16529,209
synth_16539,209
synth_16452,209
synth_16530,209
synth_16531,209
synth_16434,209
synth_16551,209
synth_16532,209
synth_16542,209
synth_16491,209
synth_16526,209
synth_16520,209
synth_16456,209
synth_16443,209
synth_16511,209
synth_16488,209
synth_16441,209
synth_16550,209
synth_16553,209
synth_16465,209
synth_16548,209
synth_16444,209
synth_16528,209
synth_16451,209
synth_16517,209
synth_16490,209
synth_16436,209
synth_16464,209
synth_16502,209
synth_16474,209
synth_16513,209
synth_16500,209
synth_16507,209
synth_16482,209
synth_16483,209
synth_16468,209
synth_16525,209
synth_16480,209
synth_16484,209
synth_16547,209
synth_16588,208
synth_16651,208
synth_16600,208
synth_16649,208
synth_16576,208
synth_16625,208
synth_16632,208
synth_16624,208
synth_16593,208
synth_16679,208
synth_16677,208
synth_16650,208
synth_16620,208
synth_16666,208
synth_16634,208
synth_16637,208
synth_16681,208
synth_16609,208
synth_16628,208
synth_16623,208
synth_16566,208
synth_16648,208
synth_16571,208
synth_16556,208
synth_16599,208
synth_16668,208
synth_16675,208
synth_16643,208
synth_16680,208
synth_16604,208
synth_16683,208
synth_16568,208
synth_16573,208
synth_16688,208
synth_16608,208
synth_16653,208
synth_16601,208
synth_16612,208
synth_16686,208
synth_16621,208
synth_16596,208
synth_16597,208
synth_16592,208
synth_16627,208
synth_16667,208
synth_16638,208
synth_16616,208
synth_16617,208
synth_16656,208
synth_16662,208
synth_16611,208
synth_16644,208
synth_16607,208
synth_16594,208
synth_16641,208
synth_16585,208
synth_16630,208
synth_16685,208
synth_16622,208
synth_16629,208
synth_16652,208
synth_16657,208
synth_16678,208
synth_16564,208
synth_16682,208
synth_16676,208
synth_16591,208
synth_16560,208
synth_16587,208
synth_16558,208
synth_16574,208
synth_16633,208
synth_16642,208
synth_16572,208
synth_16590,208
synth_16586,208
synth_16603,208
synth_16561,208
synth_16660,208
synth_16673,208
synth_16687,208
synth_16575,208
synth_16669,208
synth_16672,208
synth_16684,208
synth_16646,208
synth_16671,208
synth_16602,208
synth_16615,208
synth_16631,208
synth_16647,208
synth_16605,208
synth_16584,208
synth_16614,208
synth_16563,208
synth_16583,208
synth_16640,208
synth_16670,208
synth_16577,208
synth_16606,208
synth_16639,208
synth_16626,208
synth_16635,208
synth_16579,208
synth_16645,208
synth_16598,208
synth_16655,208
synth_16567,208
synth_16618,208
synth_16658,208
synth_16595,208
synth_16570,208
synth_16663,208
synth_16582,208
synth_16581,208
synth_16674,208
synth_16559,208
synth_16565,208
synth_16580,208
synth_16557,208
synth_16661,208
synth_16664,208
synth_16636,208
synth_16562,208
synth_16589,208
synth_16659,208
synth_16613,208
synth_16619,208
synth_16578,208
synth_16610,208
synth_16654,208
synth_16569,208
synth_16665,208
synth_16812,207
synth_16768,207
synth_16810,207
synth_16697,207
synth_16715,207
synth_16772,207
synth_16732,207
synth_16767,207
synth_16756,207
synth_16702,207
synth_16759,207
synth_16785,207
synth_16695,207
synth_16731,207
synth_16757,207
synth_16791,207
synth_16708,207
synth_16733,207
synth_16818,207
synth_16766,207
synth_16709,207
synth_16750,207
synth_16693,207
synth_16761,207
synth_16723,207
synth_16821,207
synth_16776,207
synth_16777,207
synth_16689,207
synth_16720,207
synth_16741,207
synth_16725,207
synth_16782,207
synth_16707,207
synth_16729,207
synth_16809,207
synth_16704,207
synth_16790,207
synth_16734,207
synth_16797,207
synth_16728,207
synth_16747,207
synth_16820,207
synth_16774,207
synth_16749,207
synth_16763,207
synth_16764,207
synth_16690,207
synth_16813,207
synth_16703,207
synth_16806,207
synth_16792,207
synth_16805,207
synth_16737,207
synth_16717,207
synth_16823,207
synth_16787,207
synth_16795,207
synth_16746,207
synth_16696,207
synth_16789,207
synth_16802,207
synth_16816,207
synth_16775,207
synth_16726,207
synth_16804,207
synth_16817,207
synth_16769,207
synth_16727,207
synth_16811,207
synth_16716,207
synth_16752,207
synth_16784,207
synth_16692,207
synth_16754,207
synth_16814,207
synth_16799,207
synth_16788,207
synth_16736,207
synth_16801,207
synth_16783,207
synth_16739,207
synth_16714,207
synth_16786,207
synth_16803,207
synth_16822,207
synth_16700,207
synth_16730,207
synth_16724,207
synth_16701,207
synth_16691,207
synth_16743,207
synth_16698,207
synth_16765,207
synth_16819,207
synth_16751,207
synth_16779,207
synth_16722,207
synth_16808,207
synth_16735,207
synth_16771,207
synth_16781,207
synth_16794,207
synth_16710,207
synth_16778,207
synth_16742,207
synth_16748,207
synth_16755,207
synth_16713,207
synth_16718,207
synth_16798,207
synth_16740,207
synth_16712,207
synth_16800,207
synth_16721,207
synth_16711,207
synth_16719,207
synth_16745,207
synth_16815,207
synth_16753,207
synth_16694,207
synth_16770,207
synth_16744,207
synth_16758,207
synth_16705,207
synth_16706,207
synth_16773,207
synth_16699,207
synth_16738,207
synth_16796,207
synth_16780,207
synth_16793,207
synth_16762,207
synth_16760,207
synth_16807,207
synth_16951,206
synth_16902,206
synth_16859,206
synth_16852,206
synth_16959,206
synth_16833,206
synth_16863,206
synth_16926,206
synth_16948,206
synth_16829,206
synth_16845,206
synth_16844,206
synth_16830,206
synth_16871,206
synth_16934,206
synth_16906,206
synth_16879,206
synth_16900,206
synth_16827,206
synth_16898,206
synth_16925,206
synth_16947,206
synth_16846,206
synth_16903,206
synth_16915,206
synth_16837,206
synth_16862,206
synth_16878,206
synth_16956,206
synth_16912,206
synth_16928,206
synth_16839,206
synth_16937,206
synth_16866,206
synth_16919,206
synth_16824,206
synth_16891,206
synth_16897,206
synth_16952,206
synth_16904,206
synth_16913,206
synth_16842,206
synth_16895,206
synth_16921,206
synth_16864,206
synth_16890,206
synth_16861,206
synth_16894,206
synth_16868,206
synth_16939,206
synth_16851,206
synth_16957,206
synth_16882,206
synth_16946,206
synth_16940,206
synth_16955,206
synth_16836,206
synth_16835,206
synth_16874,206
synth_16867,206
synth_16834,206
synth_16892,206
synth_16828,206
synth_16886,206
synth_16920,206
synth_16909,206
synth_16880,206
synth_16941,206
synth_16945,206
synth_16914,206
synth_16931,206
synth_16832,206
synth_16873,206
synth_16884,206
synth_16953,206
synth_16854,206
synth_16872,206
synth_16831,206
synth_16943,206
synth_16935,206
synth_16858,206
synth_16936,206
synth_16847,206
synth_16888,206
synth_16841,206
synth_16869,206
synth_16849,206
synth_16853,206
synth_16918,206
synth_16942,206
synth_16848,206
synth_16949,206
synth_16881,206
synth_16889,206
synth_16932,206
synth_16954,206
synth_16899,206
synth_16857,206
synth_16876,206
synth_16855,206
synth_16865,206
synth_16877,206
synth_16924,206
synth_16930,206
synth_16850,206
synth_16883,206
synth_16938,206
synth_16843,206
synth_16887,206
synth_16896,206
synth_16916,206
synth_16960,206
synth_16826,206
synth_16840,206
synth_16910,206
synth_16905,206
synth_16958,206
synth_16875,206
synth_16923,206
synth_16885,206
synth_16901,206
synth_16922,206
synth_16933,206
synth_16950,206
synth_16838,206
synth_16911,206
synth_16908,206
synth_16860,206
synth_16917,206
synth_16870,206
synth_16929,206
synth_16944,206
synth_16825,206
synth_16907,206
synth_16856,206
synth_16893,206
synth_16927,206
synth_16987,205
synth_17016,205
synth_17023,205
synth_16983,205
synth_17025,205
synth_17058,205
synth_16966,205
synth_17085,205
synth_17064,205
synth_17095,205
synth_16990,205
synth_16997,205
synth_17049,205
synth_17094,205
synth_16989,205
synth_17093,205
synth_16962,205
synth_17039,205
synth_16971,205
synth_17033,205
synth_17091,205
synth_17007,205
synth_16992,205
synth_17001,205
synth_16991,205
synth_17032,205
synth_17028,205
synth_17079,205
synth_16974,205
synth_17005,205
synth_17018,205
synth_17063,205
synth_17053,205
synth_17076,205
synth_17040,205
synth_17061,205
synth_17000,205
synth_16972,205
synth_17010,205
synth_16975,205
synth_17087,205
synth_17070,205
synth_17062,205
synth_17008,205
synth_17060,205
synth_17068,205
synth_17088,205
synth_17096,205
synth_17004,205
synth_17067,205
synth_16993,205
synth_17037,205
synth_17078,205
synth_17015,205
synth_17022,205
synth_17014,205
synth_16998,205
synth_17003,205
synth_17081,205
synth_16965,205
synth_16976,205
synth_17017,205
synth_17074,205
synth_16995,205
synth_17098,205
synth_17012,205
synth_16985,205
synth_16963,205
synth_16981,205
synth_17065,205
synth_16994,205
synth_17002,205
synth_17069,205
synth_16973,205
synth_17084,205
synth_17048,205
synth_17050,205
synth_17052,205
synth_17011,205
synth_17038,205
synth_17006,205
synth_17082,205
synth_17009,205
synth_17024,205
synth_17021,205
synth_17083,205
synth_16969,205
synth_16980,205
synth_17080,205
synth_16979,205
synth_16984,205
synth_17019,205
synth_17097,205
synth_17057,205
synth_17027,205
synth_16978,205
synth_16986,205
synth_17045,205
synth_17056,205
synth_17031,205
synth_16999,205
synth_17072,205
synth_16977,205
synth_17066,205
synth_16968,205
synth_17013,205
synth_17051,205
synth_17092,205
synth_16988,205
synth_17055,205
synth_17042,205
synth_16970,205
synth_17077,205
synth_17044,205
synth_16996,205
synth_17047,205
synth_16961,205
synth_17030,205
synth_17036,205
synth_17054,205
synth_17029,205
synth_17041,205
synth_16964,205
synth_17035,205
synth_17046,205
synth_17059,205
synth_17075,205
synth_16982,205
synth_17073,205
synth_17089,205
synth_17026,205
synth_17034,205
synth_16967,205
synth_17071,205
synth_17020,205
synth_17090,205
synth_17043,205
synth_17086,205
synth_17105,204
synth_17234,204
synth_17175,204
synth_17239,204
synth_17100,204
synth_17146,204
synth_17183,204
synth_17193,204
synth_17180,204
synth_17236,204
synth_17128,204
synth_17161,204
synth_17145,204
synth_17163,204
synth_17188,204
synth_17117,204
synth_17106,204
synth_17213,204
synth_17101,204
synth_17111,204
synth_17205,204
synth_17162,204
synth_17177,204
synth_17103,204
synth_17164,204
synth_17238,204
synth_17229,204
synth_17123,204
synth_17141,204
synth_17224,204
synth_17166,204
synth_17223,204
synth_17176,204
synth_17137,204
synth_17185,204
synth_17201,204
synth_17099,204
synth_17112,204
synth_17143,204
synth_17225,204
synth_17178,204
synth_17140,204
synth_17211,204
synth_17170,204
synth_17108,204
synth_17203,204
synth_17237,204
synth_17154,204
synth_17232,204
synth_17186,204
synth_17173,204
synth_17222,204
synth_17167,204
synth_17131,204
synth_17172,204
synth_17174,204
synth_17158,204
synth_17156,204
synth_17171,204
synth_17115,204
synth_17231,204
synth_17125,204
synth_17142,204
synth_17139,204
synth_17110,204
synth_17114,204
synth_17109,204
synth_17189,204
synth_17104,204
synth_17118,204
synth_17208,204
synth_17144,204
synth_17196,204
synth_17227,204
synth_17226,204
synth_17138,204
synth_17228,204
synth_17150,204
synth_17216,204
synth_17217,204
synth_17157,204
synth_17221,204
synth_17113,204
synth_17122,204
synth_17160,204
synth_17151,204
synth_17184,204
synth_17220,204
synth_17119,204
synth_17120,204
synth_17107,204
synth_17134,204
synth_17132,204
synth_17202,204
synth_17198,204
synth_17204,204
synth_17155,204
synth_17152,204
synth_17169,204
synth_17197,204
synth_17214,204
synth_17130,204
synth_17199,204
synth_17207,204
synth_17200,204
synth_17206,204
synth_17153,204
synth_17149,204
synth_17215,204
synth_17195,204
synth_17159,204
synth_17124,204
synth_17133,204
synth_17129,204
synth_17165,204
synth_17190,204
synth_17116,204
synth_17194,204
synth_17135,204
synth_17191,204
synth_17127,204
synth_17219,204
synth_17210,204
synth_17102,204
synth_17179,204
synth_17209,204
synth_17147,204
synth_17218,204
synth_17182,204
synth_17212,204
synth_17233,204
synth_17192,204
synth_17230,204
synth_17136,204
synth_17181,204
synth_17235,204
synth_17187,204
synth_17126,204
synth_17121,204
synth_17148,204
synth_17168,204
synth_17304,203
synth_17322,203
synth_17301,203
synth_17257,203
synth_17380,203
synth_17341,203
synth_17321,203
synth_17364,203
synth_17297,203
synth_17293,203
synth_17313,203
synth_17371,203
synth_17295,203
synth_17317,203
synth_17369,203
synth_17366,203
synth_17243,203
synth_17332,203
synth_17349,203
synth_17319,203
synth_17242,203
synth_17288,203
synth_17303,203
synth_17286,203
synth_17252,203
synth_17350,203
synth_17376,203
synth_17281,203
synth_17318,203
synth_17276,203
synth_17340,203
synth_17300,203
synth_17307,203
synth_17266,203
synth_17342,203
synth_17361,203
synth_17337,203
synth_17299,203
synth_17347,203
synth_17267,203
synth_17268,203
synth_17375,203
synth_17310,203
synth_17325,203
synth_17315,203
synth_17259,203
synth_17372,203
synth_17274,203
synth_17308,203
synth_17247,203
synth_17285,203
synth_17362,203
synth_17314,203
synth_17381,203
synth_17249,203
synth_17327,203
synth_17363,203
synth_17353,203
synth_17273,203
synth_17248,203
synth_17309,203
synth_17283,203
synth_17255,203
synth_17282,203
synth_17343,203
synth_17374,203
synth_17269,203
synth_17284,203
synth_17311,203
synth_17370,203
synth_17305,203
synth_17240,203
synth_17244,203
synth_17258,203
synth_17316,203
synth_17292,203
synth_17241,203
synth_17357,203
synth_17335,203
synth_17355,203
synth_17324,203
synth_17331,203
synth_17306,203
synth_17279,203
synth_17352,203
synth_17329,203
synth_17287,203
synth_17265,203
synth_17272,203
synth_17291,203
synth_17251,203
synth_17359,203
synth_17245,203
synth_17270,203
synth_17280,203
synth_17264,203
synth_17294,203
synth_17360,203
synth_17336,203
synth_17348,203
synth_17312,203
synth_17320,203
synth_17351,203
synth_17346,203
synth_17378,203
synth_17298,203
synth_17379,203
synth_17333,203
synth_17354,203
synth_17290,203
synth_17278,203
synth_17373,203
synth_17271,203
synth_17302,203
synth_17289,203
synth_17253,203
synth_17330,203
synth_17261,203
synth_17338,203
synth_17260,203
synth_17275,203
synth_17356,203
synth_17367,203
synth_17334,203
synth_17323,203
synth_17365,203
synth_17246,203
synth_17250,203
synth_17339,203
synth_17263,203
synth_17328,203
synth_17262,203
synth_17345,203
synth_17277,203
synth_17358,203
synth_17254,203
synth_17256,203
synth_17326,203
synth_17377,203
synth_17296,203
synth_17368,203
synth_17344,203
synth_17432,202
synth_17454,202
synth_17470,202
synth_17463,202
synth_17505,202
synth_17408,202
synth_17520,202
synth_17483,202
synth_17498,202
synth_17488,202
synth_17451,202
synth_17475,202
synth_17439,202
synth_17491,202
synth_17525,202
synth_17449,202
synth_17500,202
synth_17400,202
synth_17437,202
synth_17495,202
synth_17456,202
synth_17466,202
synth_17383,202
synth_17474,202
synth_17385,202
synth_17396,202
synth_17384,202
synth_17405,202
synth_17407,202
synth_17422,202
synth_17510,202
synth_17469,202
synth_17521,202
synth_17467,202
synth_17444,202
synth_17468,202
synth_17485,202
synth_17435,202
synth_17382,202
synth_17472,202
synth_17461,202
synth_17399,202
synth_17436,202
synth_17514,202
synth_17504,202
synth_17484,202
synth_17501,202
synth_17447,202
synth_17506,202
synth_17413,202
synth_17446,202
synth_17515,202
synth_17519,202
synth_17430,202
synth_17443,202
synth_17390,202
synth_17438,202
synth_17457,202
synth_17464,202
synth_17507,202
synth_17471,202
synth_17411,202
synth_17462,202
synth_17440,202
synth_17392,202
synth_17493,202
synth_17513,202
synth_17406,202
synth_17425,202
synth_17434,202
synth_17429,202
synth_17524,202
synth_17397,202
synth_17445,202
synth_17452,202
synth_17420,202
synth_17442,202
synth_17511,202
synth_17489,202
synth_17458,202
synth_17481,202
synth_17480,202
synth_17494,202
synth_17389,202
synth_17401,202
synth_17418,202
synth_17490,202
synth_17421,202
synth_17459,202
synth_17391,202
synth_17431,202
synth_17496,202
synth_17503,202
synth_17465,202
synth_17409,202
synth_17393,202
synth_17487,202
synth_17448,202
synth_17486,202
synth_17497,202
synth_17523,202
synth_17426,202
synth_17476,202
synth_17398,202
synth_17387,202
synth_17477,202
synth_17386,202
synth_17478,202
synth_17516,202
synth_17388,202
synth_17416,202
synth_17441,202
synth_17404,202
synth_17417,202
synth_17508,202
synth_17509,202
synth_17473,202
synth_17522,202
synth_17502,202
synth_17424,202
synth_17450,202
synth_17395,202
synth_17423,202
synth_17414,202
synth_17419,202
synth_17433,202
synth_17460,202
synth_17402,202
synth_17412,202
synth_17517,202
synth_17415,202
synth_17518,202
synth_17427,202
synth_17482,202
synth_17499,202
synth_17455,202
synth_17394,202
synth_17453,202
synth_17492,202
synth_17428,202
synth_17403,202
synth_17479,202
synth_17512,202
synth_17410,202
synth_17552,201
synth_17532,201
synth_17663,201
synth_17551,201
synth_17619,201
synth_17646,201
synth_17650,201
synth_17584,201
synth_17658,201
synth_17669,201
synth_17647,201
synth_17557,201
synth_17575,201
synth_17587,201
synth_17629,201
synth_17633,201
synth_17560,201
synth_17533,201
synth_17598,201
synth_17576,201
synth_17603,201
synth_17617,201
synth_17626,201
synth_17595,201
synth_17588,201
synth_17662,201
synth_17556,201
synth_17545,201
synth_17608,201
synth_17656,201
synth_17613,201
synth_17671,201
synth_17567,201
synth_17573,201
synth_17639,201
synth_17577,201
synth_17630,201
synth_17554,201
synth_17666,201
synth_17599,201
synth_17606,201
synth_17628,201
synth_17641,201
synth_17590,201
synth_17531,201
synth_17569,201
synth_17636,201
synth_17618,201
synth_17561,201
synth_17612,201
synth_17570,201
synth_17548,201
synth_17643,201
synth_17638,201
synth_17661,201
synth_17535,201
synth_17585,201
synth_17593,201
synth_17600,201
synth_17609,201
synth_17583,201
synth_17601,201
synth_17611,201
synth_17634,201
synth_17660,201
synth_17564,201
synth_17589,201
synth_17594,201
synth_17572,201
synth_17582,201
synth_17670,201
synth_17624,201
synth_17620,201
synth_17540,201
synth_17648,201
synth_17549,201
synth_17615,201
synth_17586,201
synth_17610,201
synth_17558,201
synth_17571,201
synth_17667,201
synth_17623,201
synth_17528,201
synth_17550,201
synth_17635,201
synth_17665,201
synth_17542,201
synth_17543,201
synth_17574,201
synth_17632,201
synth_17553,201
synth_17616,201
synth_17566,201
synth_17534,201
synth_17536,201
synth_17605,201
synth_17651,201
synth_17622,201
synth_17565,201
synth_17578,201
synth_17547,201
synth_17526,201
synth_17527,201
synth_17591,201
synth_17581,201
synth_17631,201
synth_17644,201
synth_17580,201
synth_17604,201
synth_17627,201
synth_17645,201
synth_17653,201
synth_17621,201
synth_17664,201
synth_17602,201
synth_17637,201
synth_17530,201
synth_17640,201
synth_17538,201
synth_17652,201
synth_17579,201
synth_17654,201
synth_17655,201
synth_17546,201
synth_17563,201
synth_17544,201
synth_17659,201
synth_17537,201
synth_17668,201
synth_17555,201
synth_17529,201
synth_17539,201
synth_17657,201
synth_17559,201
synth_17597,201
synth_17568,201
synth_17625,201
synth_17541,201
synth_17562,201
synth_17649,201
synth_17596,201
synth_17642,201
synth_17607,201
synth_17614,201
synth_17592,201
synth_17675,200
synth_17706,200
synth_17778,200
synth_17745,200
synth_17770,200
synth_17721,200
synth_17678,200
synth_17693,200
synth_17812,200
synth_17676,200
synth_17672,200
synth_17810,200
synth_17818,200
synth_17815,200
synth_17723,200
synth_17689,200
synth_17774,200
synth_17773,200
synth_17761,200
synth_17809,200
synth_17768,200
synth_17739,200
synth_17756,200
synth_17698,200
synth_17742,200
synth_17703,200
synth_17819,200
synth_17789,200
synth_17816,200
synth_17697,200
synth_17786,200
synth_17711,200
synth_17725,200
synth_17763,200
synth_17709,200
synth_17769,200
synth_17766,200
synth_17718,200
synth_17787,200
synth_17710,200
synth_17685,200
synth_17677,200
synth_17799,200
synth_17757,200
synth_17687,200
synth_17776,200
synth_17804,200
synth_17760,200
synth_17807,200
synth_17762,200
synth_17702,200
synth_17722,200
synth_17695,200
synth_17808,200
synth_17753,200
synth_17788,200
synth_17735,200
synth_17811,200
synth_17712,200
synth_17746,200
synth_17755,200
synth_17748,200
synth_17696,200
synth_17743,200
synth_17790,200
synth_17683,200
synth_17780,200
synth_17679,200
synth_17715,200
synth_17782,200
synth_17707,200
synth_17744,200
synth_17785,200
synth_17793,200
synth_17686,200
synth_17801,200
synth_17726,200
synth_17777,200
synth_17798,200
synth_17740,200
synth_17817,200
synth_17716,200
synth_17802,200
synth_17733,200
synth_17699,200
synth_17681,200
synth_17682,200
synth_17738,200
synth_17797,200
synth_17732,200
synth_17813,200
synth_17765,200
synth_17781,200
synth_17775,200
synth_17758,200
synth_17796,200
synth_17800,200
synth_17727,200
synth_17694,200
synth_17803,200
synth_17684,200
synth_17736,200
synth_17794,200
synth_17704,200
synth_17714,200
synth_17752,200
synth_17729,200
synth_17680,200
synth_17779,200
synth_17688,200
synth_17771,200
synth_17754,200
synth_17750,200
synth_17751,200
synth_17759,200
synth_17700,200
synth_17720,200
synth_17692,200
synth_17795,200
synth_17730,200
synth_17731,200
synth_17674,200
synth_17741,200
synth_17792,200
synth_17791,200
synth_17690,200
synth_17784,200
synth_17805,200
synth_17734,200
synth_17749,200
synth_17717,200
synth_17708,200
synth_17747,200
synth_17724,200
synth_17673,200
synth_17814,200
synth_17719,200
synth_17728,200
synth_17713,200
synth_17737,200
synth_17701,200
synth_17767,200
synth_17806,200
synth_17772,200
synth_17705,200
synth_17783,200
synth_17691,200
synth_17764,200
synth_17923,199
synth_17946,199
synth_17873,199
synth_17875,199
synth_17953,199
synth_17846,199
synth_17955,199
synth_17894,199
synth_17901,199
synth_17931,199
synth_17848,199
synth_17863,199
synth_17840,199
synth_17927,199
synth_17849,199
synth_17833,199
synth_17887,199
synth_17834,199
synth_17860,199
synth_17889,199
synth_17857,199
synth_17960,199
synth_17949,199
synth_17896,199
synth_17908,199
synth_17933,199
synth_17932,199
synth_17959,199
synth_17856,199
synth_17892,199
synth_17930,199
synth_17868,199
synth_17937,199
synth_17952,199
synth_17944,199
synth_17928,199
synth_17867,199
synth_17936,199
synth_17941,199
synth_17880,199
synth_17835,199
synth_17822,199
synth_17891,199
synth_17962,199
synth_17926,199
synth_17825,199
synth_17876,199
synth_17950,199
synth_17917,199
synth_17881,199
synth_17954,199
synth_17915,199
synth_17821,199
synth_17968,199
synth_17841,199
synth_17865,199
synth_17951,199
synth_17921,199
synth_17844,199
synth_17916,199
synth_17942,199
synth_17871,199
synth_17919,199
synth_17913,199
synth_17893,199
synth_17843,199
synth_17858,199
synth_17877,199
synth_17838,199
synth_17886,199
synth_17964,199
synth_17866,199
synth_17879,199
synth_17945,199
synth_17966,199
synth_17899,199
synth_17920,199
synth_17922,199
synth_17862,199
synth_17961,199
synth_17907,199
synth_17947,199
synth_17845,199
synth_17898,199
synth_17851,199
synth_17878,199
synth_17831,199
synth_17958,199
synth_17888,199
synth_17828,199
synth_17832,199
synth_17870,199
synth_17948,199
synth_17847,199
synth_17943,199
synth_17934,199
synth_17895,199
synth_17967,199
synth_17885,199
synth_17911,199
synth_17861,199
synth_17890,199
synth_17864,199
synth_17904,199
synth_17912,199
synth_17837,199
synth_17906,199
synth_17902,199
synth_17874,199
synth_17910,199
synth_17820,199
synth_17900,199
synth_17850,199
synth_17940,199
synth_17965,199
synth_17824,199
synth_17963,199
synth_17839,199
synth_17842,199
synth_17897,199
synth_17957,199
synth_17882,199
synth_17939,199
synth_17883,199
synth_17855,199
synth_17826,199
synth_17827,199
synth_17935,199
synth_17929,199
synth_17859,199
synth_17905,199
synth_17909,199
synth_17914,199
synth_17925,199
synth_17924,199
synth_17869,199
synth_17853,199
synth_17854,199
synth_17830,199
synth_17918,199
synth_17969,199
synth_17956,199
synth_17829,199
synth_17836,199
synth_17903,199
synth_17938,199
synth_17823,199
synth_17884,199
synth_17852,199
synth_17872,199
synth_17980,198
synth_18024,198
synth_18083,198
synth_18053,198
synth_18116,198
synth_17979,198
synth_17987,198
synth_17994,198
synth_18032,198
synth_18033,198
synth_18017,198
synth_17984,198
synth_18049,198
synth_18085,198
synth_18037,198
synth_18057,198
synth_18066,198
synth_18080,198
synth_18003,198
synth_18102,198
synth_18118,198
synth_18114,198
synth_18061,198
synth_18120,198
synth_18104,198
synth_17971,198
synth_18040,198
synth_18077,198
synth_18019,198
synth_18041,198
synth_18087,198
synth_18044,198
synth_17978,198
synth_18012,198
synth_18069,198
synth_18046,198
synth_18089,198
synth_17995,198
synth_18028,198
synth_18072,198
synth_18100,198
synth_17989,198
synth_18042,198
synth_18090,198
synth_18027,198
synth_18097,198
synth_17973,198
synth_18081,198
synth_18021,198
synth_17999,198
synth_18078,198
synth_18096,198
synth_18016,198
synth_17993,198
synth_17982,198
synth_18070,198
synth_17997,198
synth_18007,198
synth_18052,198
synth_18103,198
synth_18038,198
synth_17996,198
synth_18059,198
synth_18112,198
synth_17988,198
synth_18022,198
synth_18036,198
synth_18009,198
synth_18088,198
synth_18076,198
synth_18020,198
synth_17991,198
synth_18092,198
synth_18054,198
synth_18050,198
synth_17981,198
synth_18064,198
synth_18071,198
synth_18082,198
synth_18063,198
synth_18068,198
synth_18067,198
synth_18107,198
synth_17983,198
synth_18018,198
synth_18109,198
synth_18031,198
synth_18086,198
synth_18111,198
synth_18030,198
synth_17977,198
synth_18010,198
synth_18005,198
synth_18099,198
synth_18113,198
synth_17970,198
synth_18015,198
synth_18117,198
synth_18091,198
synth_18062,198
synth_17974,198
synth_18106,198
synth_18026,198
synth_18056,198
synth_18035,198
synth_18079,198
synth_18002,198
synth_18101,198
synth_18095,198
synth_18000,198
synth_18006,198
synth_18013,198
synth_18045,198
synth_18029,198
synth_18055,198
synth_18043,198
synth_18094,198
synth_18115,198
synth_18048,198
synth_18001,198
synth_17985,198
synth_18105,198
synth_18065,198
synth_17972,198
synth_18011,198
synth_18051,198
synth_18058,198
synth_18047,198
synth_18039,198
synth_18093,198
synth_18073,198
synth_18060,198
synth_17986,198
synth_17998,198
synth_17990,198
synth_17976,198
synth_17992,198
synth_18023,198
synth_18110,198
synth_18025,198
synth_18075,198
synth_18014,198
synth_18034,198
synth_17975,198
synth_18004,198
synth_18074,198
synth_18084,198
synth_18119,198
synth_18108,198
synth_18098,198
synth_18008,198
synth_18191,197
synth_18122,197
synth_18176,197
synth_18178,197
synth_18151,197
synth_18265,197
synth_18257,197
synth_18216,197
synth_18225,197
synth_18200,197
synth_18266,197
synth_18201,197
synth_18150,197
synth_18231,197
synth_18251,197
synth_18187,197
synth_18219,197
synth_18228,197
synth_18174,197
synth_18213,197
synth_18255,197
synth_18207,197
synth_18260,197
synth_18217,197
synth_18245,197
synth_18253,197
synth_18153,197
synth_18249,197
synth_18244,197
synth_18247,197
synth_18135,197
synth_18142,197
synth_18136,197
synth_18188,197
synth_18232,197
synth_18155,197
synth_18227,197
synth_18236,197
synth_18235,197
synth_18164,197
synth_18172,197
synth_18214,197
synth_18149,197
synth_18184,197
synth_18170,197
synth_18189,197
synth_18143,197
synth_18264,197
synth_18124,197
synth_18263,197
synth_18240,197
synth_18238,197
synth_18250,197
synth_18192,197
synth_18221,197
synth_18157,197
synth_18141,197
synth_18269,197
synth_18222,197
synth_18237,197
synth_18169,197
synth_18197,197
synth_18223,197
synth_18259,197
synth_18137,197
synth_18206,197
synth_18161,197
synth_18229,197
synth_18134,197
synth_18270,197
synth_18186,197
synth_18271,197
synth_18272,197
synth_18194,197
synth_18127,197
synth_18274,197
synth_18193,197
synth_18181,197
synth_18168,197
synth_18234,197
synth_18129,197
synth_18243,197
synth_18195,197
synth_18268,197
synth_18139,197
synth_18138,197
synth_18183,197
synth_18248,197
synth_18273,197
synth_18165,197
synth_18239,197
synth_18205,197
synth_18267,197
synth_18230,197
synth_18131,197
synth_18246,197
synth_18226,197
synth_18175,197
synth_18212,197
synth_18261,197
synth_18133,197
synth_18241,197
synth_18182,197
synth_18196,197
synth_18173,197
synth_18177,197
synth_18121,197
synth_18132,197
synth_18202,197
synth_18204,197
synth_18126,197
synth_18167,197
synth_18147,197
synth_18125,197
synth_18128,197
synth_18252,197
synth_18199,197
synth_18224,197
synth_18156,197
synth_18215,197
synth_18233,197
synth_18148,197
synth_18258,197
synth_18160,197
synth_18185,197
synth_18203,197
synth_18159,197
synth_18262,197
synth_18145,197
synth_18198,197
synth_18256,197
synth_18123,197
synth_18211,197
synth_18146,197
synth_18254,197
synth_18179,197
synth_18166,197
synth_18190,197
synth_18130,197
synth_18144,197
synth_18162,197
synth_18152,197
synth_18208,197
synth_18242,197
synth_18140,197
synth_18158,197
synth_18163,197
synth_18210,197
synth_18218,197
synth_18180,197
synth_18209,197
synth_18154,197
synth_18171,197
synth_18220,197
synth_18330,196
synth_18343,196
synth_18319,196
synth_18327,196
synth_18344,196
synth_18419,196
synth_18420,196
synth_18413,196
synth_18421,196
synth_18389,196
synth_18354,196
synth_18277,196
synth_18402,196
synth_18285,196
synth_18311,196
synth_18339,196
synth_18379,196
synth_18310,196
synth_18342,196
synth_18398,196
synth_18300,196
synth_18370,196
synth_18378,196
synth_18301,196
synth_18385,196
synth_18382,196
synth_18336,196
synth_18364,196
synth_18312,196
synth_18407,196
synth_18280,196
synth_18388,196
synth_18403,196
synth_18417,196
synth_18414,196
synth_18422,196
synth_18328,196
synth_18288,196
synth_18355,196
synth_18325,196
synth_18295,196
synth_18357,196
synth_18309,196
synth_18313,196
synth_18418,196
synth_18283,196
synth_18384,196
synth_18394,196
synth_18374,196
synth_18429,196
synth_18410,196
synth_18375,196
synth_18302,196
synth_18406,196
synth_18363,196
synth_18404,196
synth_18367,196
synth_18290,196
synth_18320,196
synth_18281,196
synth_18424,196
synth_18360,196
synth_18362,196
synth_18397,196
synth_18400,196
synth_18366,196
synth_18335,196
synth_18390,196
synth_18345,196
synth_18408,196
synth_18338,196
synth_18372,196
synth_18275,196
synth_18287,196
synth_18340,196
synth_18306,196
synth_18361,196
synth_18368,196
synth_18279,196
synth_18395,196
synth_18299,196
synth_18409,196
synth_18352,196
synth_18377,196
synth_18308,196
synth_18284,196
synth_18386,196
synth_18393,196
synth_18293,196
synth_18425,196
synth_18423,196
synth_18294,196
synth_18415,196
synth_18292,196
synth_18304,196
synth_18316,196
synth_18298,196
synth_18322,196
synth_18430,196
synth_18305,196
synth_18331,196
synth_18405,196
synth_18286,196
synth_18315,196
synth_18428,196
synth_18297,196
synth_18321,196
synth_18317,196
synth_18289,196
synth_18346,196
synth_18276,196
synth_18391,196
synth_18348,196
synth_18353,196
synth_18333,196
synth_18371,196
synth_18427,196
synth_18296,196
synth_18396,196
synth_18399,196
synth_18380,196
synth_18347,196
synth_18426,196
synth_18373,196
synth_18358,196
synth_18323,196
synth_18349,196
synth_18392,196
synth_18387,196
synth_18334,196
synth_18376,196
synth_18324,196
synth_18291,196
synth_18332,196
synth_18381,196
synth_18412,196
synth_18282,196
synth_18365,196
synth_18350,196
synth_18356,196
synth_18411,196
synth_18337,196
synth_18351,196
synth_18329,196
synth_18318,196
synth_18359,196
synth_18341,196
synth_18307,196
synth_18303,196
synth_18314,196
synth_18369,196
synth_18383,196
synth_18326,196
synth_18401,196
synth_18278,196
synth_18416,196
synth_18463,195
synth_18535,195
synth_18558,195
synth_18453,195
synth_18565,195
synth_18443,195
synth_18571,195
synth_18543,195
synth_18561,195
synth_18584,195
synth_18491,195
synth_18580,195
synth_18454,195
synth_18470,195
synth_18501,195
synth_18496,195
synth_18457,195
synth_18465,195
synth_18552,195
synth_18484,195
synth_18452,195
synth_18488,195
synth_18534,195
synth_18489,195
synth_18507,195
synth_18498,195
synth_18442,195
synth_18523,195
synth_18473,195
synth_18487,195
synth_18548,195
synth_18547,195
synth_18567,195
synth_18546,195
synth_18475,195
synth_18493,195
synth_18441,195
synth_18578,195
synth_18572,195
synth_18583,195
synth_18522,195
synth_18525,195
synth_18568,195
synth_18564,195
synth_18508,195
synth_18459,195
synth_18462,195
synth_18551,195
synth_18518,195
synth_18517,195
synth_18562,195
synth_18480,195
synth_18577,195
synth_18505,195
synth_18436,195
synth_18466,195
synth_18563,195
synth_18516,195
synth_18536,195
synth_18511,195
synth_18437,195
synth_18503,195
synth_18455,195
synth_18512,195
synth_18440,195
synth_18519,195
synth_18589,195
synth_18570,195
synth_18528,195
synth_18456,195
synth_18446,195
synth_18477,195
synth_18549,195
synth_18439,195
synth_18542,195
synth_18483,195
synth_18464,195
synth_18529,195
synth_18521,195
synth_18554,195
synth_18566,195
synth_18495,195
synth_18520,195
synth_18553,195
synth_18434,195
synth_18472,195
synth_18458,195
synth_18537,195
synth_18490,195
synth_18545,195
synth_18560,195
synth_18586,195
synth_18569,195
synth_18492,195
synth_18502,195
synth_18448,195
synth_18550,195
synth_18581,195
synth_18481,195
synth_18509,195
synth_18532,195
synth_18510,195
synth_18438,195
synth_18494,195
synth_18541,195
synth_18533,195
synth_18451,195
synth_18469,195
synth_18478,195
synth_18575,195
synth_18435,195
synth_18557,195
synth_18559,195
synth_18540,195
synth_18538,195
synth_18504,195
synth_18445,195
synth_18497,195
synth_18431,195
synth_18476,195
synth_18574,195
synth_18544,195
synth_18530,195
synth_18573,195
synth_18576,195
synth_18447,195
synth_18531,195
synth_18432,195
synth_18506,195
synth_18449,195
synth_18514,195
synth_18526,195
synth_18474,195
synth_18433,195
synth_18499,195
synth_18587,195
synth_18479,195
synth_18482,195
synth_18444,195
synth_18486,195
synth_18585,195
synth_18555,195
synth_18468,195
synth_18500,195
synth_18467,195
synth_18450,195
synth_18513,195
synth_18471,195
synth_18485,195
synth_18556,195
synth_18582,195
synth_18588,195
synth_18524,195
synth_18515,195
synth_18539,195
synth_18527,195
synth_18579,195
synth_18461,195
synth_18460,195
synth_18738,194
synth_18741,194
synth_18666,194
synth_18651,194
synth_18732,194
synth_18639,194
synth_18670,194
synth_18724,194
synth_18595,194
synth_18685,194
synth_18704,194
synth_18721,194
synth_18697,194
synth_18593,194
synth_18710,194
synth_18720,194
synth_18641,194
synth_18646,194
synth_18679,194
synth_18671,194
synth_18699,194
synth_18735,194
synth_18630,194
synth_18623,194
synth_18744,194
synth_18620,194
synth_18660,194
synth_18691,194
synth_18712,194
synth_18605,194
synth_18622,194
synth_18648,194
synth_18659,194
synth_18748,194
synth_18664,194
synth_18700,194
synth_18653,194
synth_18621,194
synth_18703,194
synth_18642,194
synth_18629,194
synth_18619,194
synth_18727,194
synth_18662,194
synth_18731,194
synth_18645,194
synth_18656,194
synth_18665,194
synth_18667,194
synth_18715,194
synth_18608,194
synth_18698,194
synth_18644,194
synth_18694,194
synth_18696,194
synth_18591,194
synth_18677,194
synth_18598,194
synth_18617,194
synth_18610,194
synth_18680,194
synth_18709,194
synth_18737,194
synth_18676,194
synth_18596,194
synth_18602,194
synth_18628,194
synth_18668,194
synth_18672,194
synth_18669,194
synth_18612,194
synth_18647,194
synth_18601,194
synth_18637,194
synth_18734,194
synth_18592,194
synth_18743,194
synth_18682,194
synth_18695,194
synth_18658,194
synth_18749,194
synth_18673,194
synth_18701,194
synth_18711,194
synth_18686,194
synth_18730,194
synth_18615,194
synth_18663,194
synth_18742,194
synth_18631,194
synth_18693,194
synth_18681,194
synth_18719,194
synth_18649,194
synth_18626,194
synth_18638,194
synth_18713,194
synth_18717,194
synth_18746,194
synth_18597,194
synth_18635,194
synth_18609,194
synth_18684,194
synth_18616,194
synth_18661,194
synth_18739,194
synth_18689,194
synth_18718,194
synth_18714,194
synth_18604,194
synth_18690,194
synth_18678,194
synth_18606,194
synth_18745,194
synth_18728,194
synth_18687,194
synth_18613,194
synth_18688,194
synth_18705,194
synth_18603,194
synth_18624,194
synth_18633,194
synth_18747,194
synth_18652,194
synth_18654,194
synth_18625,194
synth_18618,194
synth_18599,194
synth_18614,194
synth_18702,194
synth_18600,194
synth_18634,194
synth_18716,194
synth_18607,194
synth_18655,194
synth_18590,194
synth_18683,194
synth_18708,194
synth_18725,194
synth_18627,194
synth_18733,194
synth_18740,194
synth_18675,194
synth_18594,194
synth_18722,194
synth_18643,194
synth_18650,194
synth_18636,194
synth_18707,194
synth_18723,194
synth_18726,194
synth_18640,194
synth_18611,194
synth_18706,194
synth_18657,194
synth_18674,194
synth_18729,194
synth_18692,194
synth_18632,194
synth_18736,194
synth_18826,193
synth_18759,193
synth_18848,193
synth_18761,193
synth_18871,193
synth_18828,193
synth_18846,193
synth_18806,193
synth_18811,193
synth_18764,193
synth_18750,193
synth_18804,193
synth_18825,193
synth_18754,193
synth_18854,193
synth_18885,193
synth_18789,193
synth_18784,193
synth_18785,193
synth_18872,193
synth_18762,193
synth_18836,193
synth_18842,193
synth_18865,193
synth_18774,193
synth_18767,193
synth_18781,193
synth_18897,193
synth_18901,193
synth_18760,193
synth_18879,193
synth_18763,193
synth_18782,193
synth_18792,193
synth_18907,193
synth_18877,193
synth_18818,193
synth_18908,193
synth_18801,193
synth_18814,193
synth_18776,193
synth_18893,193
synth_18904,193
synth_18870,193
synth_18786,193
synth_18844,193
synth_18868,193
synth_18912,193
synth_18765,193
synth_18752,193
synth_18798,193
synth_18822,193
synth_18884,193
synth_18843,193
synth_18911,193
synth_18783,193
synth_18862,193
synth_18883,193
synth_18878,193
synth_18853,193
synth_18863,193
synth_18881,193
synth_18788,193
synth_18888,193
synth_18780,193
synth_18812,193
synth_18831,193
synth_18817,193
synth_18866,193
synth_18791,193
synth_18873,193
synth_18849,193
synth_18864,193
synth_18795,193
synth_18799,193
synth_18902,193
synth_18889,193
synth_18751,193
synth_18808,193
synth_18833,193
synth_18876,193
synth_18757,193
synth_18856,193
synth_18769,193
synth_18803,193
synth_18832,193
synth_18847,193
synth_18858,193
synth_18768,193
synth_18850,193
synth_18772,193
synth_18807,193
synth_18819,193
synth_18841,193
synth_18892,193
synth_18815,193
synth_18823,193
synth_18756,193
synth_18900,193
synth_18794,193
synth_18775,193
synth_18845,193
synth_18891,193
synth_18906,193
synth_18852,193
synth_18770,193
synth_18837,193
synth_18851,193
synth_18894,193
synth_18800,193
synth_18810,193
synth_18839,193
synth_18910,193
synth_18758,193
synth_18755,193
synth_18835,193
synth_18887,193
synth_18821,193
synth_18793,193
synth_18805,193
synth_18875,193
synth_18779,193
synth_18809,193
synth_18834,193
synth_18880,193
synth_18898,193
synth_18890,193
synth_18790,193
synth_18896,193
synth_18909,193
synth_18869,193
synth_18787,193
synth_18857,193
synth_18905,193
synth_18813,193
synth_18796,193
synth_18886,193
synth_18771,193
synth_18802,193
synth_18797,193
synth_18859,193
synth_18903,193
synth_18861,193
synth_18824,193
synth_18827,193
synth_18829,193
synth_18860,193
synth_18766,193
synth_18777,193
synth_18773,193
synth_18874,193
synth_18855,193
synth_18867,193
synth_18882,193
synth_18895,193
synth_18838,193
synth_18899,193
synth_18830,193
synth_18816,193
synth_18820,193
synth_18840,193
synth_18778,193
synth_18753,193
synth_18951,192
synth_18976,192
synth_19044,192
synth_18999,192
synth_19021,192
synth_19052,192
synth_19067,192
synth_19026,192
synth_19048,192
synth_18921,192
synth_18952,192
synth_18965,192
synth_18982,192
synth_18985,192
synth_18980,192
synth_18925,192
synth_19037,192
synth_19049,192
synth_19004,192
synth_19031,192
synth_18937,192
synth_19016,192
synth_18941,192
synth_19030,192
synth_19050,192
synth_19001,192
synth_18973,192
synth_18938,192
synth_18949,192
synth_18992,192
synth_18994,192
synth_18969,192
synth_19063,192
synth_18913,192
synth_18948,192
synth_18950,192
synth_18991,192
synth_19065,192
synth_18974,192
synth_19073,192
synth_19010,192
synth_19015,192
synth_19051,192
synth_19014,192
synth_18962,192
synth_18984,192
synth_19075,192
synth_19013,192
synth_19024,192
synth_19062,192
synth_19034,192
synth_18971,192
synth_19038,192
synth_18915,192
synth_18916,192
synth_18959,192
synth_18930,192
synth_19054,192
synth_18966,192
synth_19055,192
synth_19070,192
synth_18953,192
synth_18981,192
synth_18983,192
synth_18995,192
synth_18940,192
synth_19022,192
synth_19039,192
synth_19025,192
synth_19000,192
synth_19011,192
synth_19033,192
synth_19017,192
synth_19035,192
synth_19058,192
synth_19027,192
synth_19053,192
synth_18975,192
synth_19069,192
synth_18933,192
synth_18963,192
synth_18926,192
synth_18988,192
synth_18972,192
synth_18923,192
synth_18955,192
synth_19057,192
synth_18932,192
synth_18935,192
synth_19002,192
synth_18978,192
synth_18928,192
synth_18996,192
synth_18990,192
synth_19066,192
synth_18922,192
synth_18961,192
synth_18939,192
synth_19008,192
synth_19041,192
synth_18942,192
synth_18979,192
synth_19012,192
synth_18934,192
synth_18968,192
synth_18945,192
synth_18987,192
synth_19020,192
synth_19028,192
synth_19007,192
synth_19077,192
synth_18927,192
synth_19064,192
synth_18954,192
synth_19045,192
synth_19060,192
synth_18958,192
synth_19076,192
synth_19036,192
synth_18944,192
synth_18917,192
synth_18936,192
synth_18914,192
synth_18997,192
synth_18918,192
synth_18964,192
synth_19006,192
synth_19032,192
synth_18986,192
synth_18967,192
synth_18919,192
synth_18920,192
synth_19061,192
synth_18943,192
synth_18977,192
synth_19040,192
synth_19003,192
synth_18924,192
synth_19074,192
synth_19056,192
synth_19043,192
synth_19046,192
synth_18956,192
synth_18989,192
synth_19005,192
synth_19018,192
synth_18947,192
synth_19071,192
synth_18998,192
synth_19047,192
synth_18993,192
synth_19023,192
synth_19029,192
synth_19068,192
synth_18929,192
synth_18957,192
synth_19059,192
synth_19009,192
synth_19042,192
synth_18931,192
synth_18960,192
synth_18970,192
synth_18946,192
synth_19019,192
synth_19072,192
synth_19141,191
synth_19170,191
synth_19145,191
synth_19150,191
synth_19181,191
synth_19196,191
synth_19197,191
synth_19216,191
synth_19082,191
synth_19110,191
synth_19168,191
synth_19232,191
synth_19236,191
synth_19095,191
synth_19104,191
synth_19237,191
synth_19089,191
synth_19226,191
synth_19079,191
synth_19183,191
synth_19200,191
synth_19092,191
synth_19227,191
synth_19113,191
synth_19173,191
synth_19106,191
synth_19203,191
synth_19167,191
synth_19201,191
synth_19223,191
synth_19143,191
synth_19107,191
synth_19225,191
synth_19115,191
synth_19234,191
synth_19184,191
synth_19117,191
synth_19144,191
synth_19147,191
synth_19098,191
synth_19182,191
synth_19202,191
synth_19133,191
synth_19151,191
synth_19132,191
synth_19188,191
synth_19127,191
synth_19224,191
synth_19228,191
synth_19189,191
synth_19080,191
synth_19102,191
synth_19125,191
synth_19156,191
synth_19205,191
synth_19230,191
synth_19137,191
synth_19091,191
synth_19164,191
synth_19165,191
synth_19241,191
synth_19174,191
synth_19119,191
synth_19161,191
synth_19240,191
synth_19078,191
synth_19229,191
synth_19231,191
synth_19088,191
synth_19134,191
synth_19169,191
synth_19243,191
synth_19153,191
synth_19140,191
synth_19195,191
synth_19128,191
synth_19238,191
synth_19209,191
synth_19157,191
synth_19198,191
synth_19214,191
synth_19222,191
synth_19109,191
synth_19154,191
synth_19084,191
synth_19160,191
synth_19176,191
synth_19206,191
synth_19218,191
synth_19221,191
synth_19233,191
synth_19190,191
synth_19103,191
synth_19152,191
synth_19094,191
synth_19121,191
synth_19180,191
synth_19126,191
synth_19175,191
synth_19101,191
synth_19130,191
synth_19142,191
synth_19149,191
synth_19172,191
synth_19086,191
synth_19135,191
synth_19193,191
synth_19100,191
synth_19207,191
synth_19179,191
synth_19239,191
synth_19087,191
synth_19124,191
synth_19187,191
synth_19139,191
synth_19215,191
synth_19123,191
synth_19166,191
synth_19199,191
synth_19235,191
synth_19083,191
synth_19108,191
synth_19090,191
synth_19163,191
synth_19085,191
synth_19136,191
synth_19162,191
synth_19192,191
synth_19112,191
synth_19213,191
synth_19122,191
synth_19118,191
synth_19096,191
synth_19185,191
synth_19204,191
synth_19186,191
synth_19114,191
synth_19129,191
synth_19211,191
synth_19105,191
synth_19116,191
synth_19148,191
synth_19120,191
synth_19131,191
synth_19171,191
synth_19191,191
synth_19194,191
synth_19155,191
synth_19208,191
synth_19244,191
synth_19219,191
synth_19111,191
synth_19220,191
synth_19212,191
synth_19158,191
synth_19159,191
synth_19093,191
synth_19146,191
synth_19081,191
synth_19097,191
synth_19099,191
synth_19138,191
synth_19242,191
synth_19217,191
synth_19178,191
synth_19210,191
synth_19177,191
synth_19306,190
synth_19355,190
synth_19321,190
synth_19382,190
synth_19341,190
synth_19342,190
synth_19369,190
synth_19305,190
synth_19384,190
synth_19358,190
synth_19368,190
synth_19297,190
synth_19347,190
synth_19377,190
synth_19253,190
synth_19313,190
synth_19385,190
synth_19255,190
synth_19259,190
synth_19266,190
synth_19359,190
synth_19248,190
synth_19289,190
synth_19348,190
synth_19367,190
synth_19325,190
synth_19320,190
synth_19356,190
synth_19361,190
synth_19336,190
synth_19303,190
synth_19285,190
synth_19264,190
synth_19308,190
synth_19381,190
synth_19365,190
synth_19271,190
synth_19309,190
synth_19335,190
synth_19379,190
synth_19395,190
synth_19333,190
synth_19260,190
synth_19267,190
synth_19354,190
synth_19246,190
synth_19410,190
synth_19400,190
synth_19280,190
synth_19288,190
synth_19263,190
synth_19394,190
synth_19371,190
synth_19403,190
synth_19277,190
synth_19252,190
synth_19375,190
synth_19393,190
synth_19301,190
synth_19352,190
synth_19353,190
synth_19270,190
synth_19380,190
synth_19262,190
synth_19364,190
synth_19300,190
synth_19349,190
synth_19362,190
synth_19409,190
synth_19322,190
synth_19378,190
synth_19296,190
synth_19334,190
synth_19388,190
synth_19257,190
synth_19324,190
synth_19273,190
synth_19279,190
synth_19391,190
synth_19383,190
synth_19345,190
synth_19316,190
synth_19329,190
synth_19332,190
synth_19413,190
synth_19311,190
synth_19250,190
synth_19278,190
synth_19318,190
synth_19254,190
synth_19272,190
synth_19338,190
synth_19386,190
synth_19389,190
synth_19343,190
synth_19398,190
synth_19249,190
synth_19340,190
synth_19247,190
synth_19269,190
synth_19406,190
synth_19281,190
synth_19412,190
synth_19376,190
synth_19304,190
synth_19374,190
synth_19344,190
synth_19312,190
synth_19366,190
synth_19404,190
synth_19275,190
synth_19372,190
synth_19274,190
synth_19408,190
synth_19284,190
synth_19293,190
synth_19307,190
synth_19357,190
synth_19407,190
synth_19339,190
synth_19370,190
synth_19396,190
synth_19330,190
synth_19295,190
synth_19287,190
synth_19328,190
synth_19256,190
synth_19283,190
synth_19302,190
synth_19351,190
synth_19282,190
synth_19291,190
synth_19286,190
synth_19392,190
synth_19251,190
synth_19337,190
synth_19258,190
synth_19245,190
synth_19268,190
synth_19327,190
synth_19401,190
synth_19292,190
synth_19299,190
synth_19265,190
synth_19276,190
synth_19317,190
synth_19315,190
synth_19363,190
synth_19261,190
synth_19331,190
synth_19387,190
synth_19290,190
synth_19310,190
synth_19323,190
synth_19314,190
synth_19399,190
synth_19360,190
synth_19326,190
synth_19298,190
synth_19346,190
synth_19402,190
synth_19350,190
synth_19319,190
synth_19373,190
synth_19397,190
synth_19405,190
synth_19390,190
synth_19294,190
synth_19411,190
synth_19460,189
synth_19568,189
synth_19515,189
synth_19427,189
synth_19494,189
synth_19501,189
synth_19543,189
synth_19554,189
synth_19473,189
synth_19511,189
synth_19429,189
synth_19478,189
synth_19531,189
synth_19573,189
synth_19417,189
synth_19576,189
synth_19571,189
synth_19453,189
synth_19488,189
synth_19579,189
synth_19583,189
synth_19510,189
synth_19580,189
synth_19438,189
synth_19505,189
synth_19534,189
synth_19560,189
synth_19428,189
synth_19426,189
synth_19495,189
synth_19449,189
synth_19483,189
synth_19487,189
synth_19535,189
synth_19499,189
synth_19485,189
synth_19506,189
synth_19497,189
synth_19482,189
synth_19433,189
synth_19474,189
synth_19490,189
synth_19486,189
synth_19516,189
synth_19519,189
synth_19434,189
synth_19555,189
synth_19450,189
synth_19523,189
synth_19565,189
synth_19446,189
synth_19536,189
synth_19563,189
synth_19451,189
synth_19541,189
synth_19484,189
synth_19464,189
synth_19491,189
synth_19577,189
synth_19582,189
synth_19423,189
synth_19437,189
synth_19562,189
synth_19456,189
synth_19513,189
synth_19521,189
synth_19585,189
synth_19558,189
synth_19540,189
synth_19503,189
synth_19517,189
synth_19458,189
synth_19548,189
synth_19553,189
synth_19425,189
synth_19430,189
synth_19564,189
synth_19459,189
synth_19465,189
synth_19549,189
synth_19561,189
synth_19552,189
synth_19472,189
synth_19481,189
synth_19557,189
synth_19578,189
synth_19526,189
synth_19466,189
synth_19467,189
synth_19462,189
synth_19454,189
synth_19556,189
synth_19445,189
synth_19581,189
synth_19480,189
synth_19532,189
synth_19566,189
synth_19420,189
synth_19567,189
synth_19569,189
synth_19570,189
synth_19522,189
synth_19492,189
synth_19530,189
synth_19439,189
synth_19479,189
synth_19502,189
synth_19498,189
synth_19463,189
synth_19539,189
synth_19419,189
synth_19533,189
synth_19545,189
synth_19509,189
synth_19447,189
synth_19475,189
synth_19537,189
synth_19424,189
synth_19436,189
synth_19544,189
synth_19547,189
synth_19468,189
synth_19504,189
synth_19432,189
synth_19452,189
synth_19496,189
synth_19493,189
synth_19444,189
synth_19524,189
synth_19538,189
synth_19489,189
synth_19508,189
synth_19414,189
synth_19546,189
synth_19470,189
synth_19422,189
synth_19512,189
synth_19418,189
synth_19507,189
synth_19476,189
synth_19477,189
synth_19443,189
synth_19440,189
synth_19542,189
synth_19518,189
synth_19584,189
synth_19469,189
synth_19527,189
synth_19559,189
synth_19457,189
synth_19471,189
synth_19435,189
synth_19448,189
synth_19441,189
synth_19528,189
synth_19551,189
synth_19455,189
synth_19514,189
synth_19574,189
synth_19500,189
synth_19442,189
synth_19550,189
synth_19575,189
synth_19416,189
synth_19525,189
synth_19529,189
synth_19572,189
synth_19421,189
synth_19415,189
synth_19461,189
synth_19431,189
synth_19520,189
synth_19730,188
synth_19732,188
synth_19729,188
synth_19590,188
synth_19619,188
synth_19673,188
synth_19600,188
synth_19720,188
synth_19723,188
synth_19741,188
synth_19640,188
synth_19627,188
synth_19668,188
synth_19589,188
synth_19614,188
synth_19623,188
synth_19661,188
synth_19662,188
synth_19613,188
synth_19595,188
synth_19603,188
synth_19621,188
synth_19644,188
synth_19667,188
synth_19638,188
synth_19702,188
synth_19735,188
synth_19727,188
synth_19758,188
synth_19677,188
synth_19754,188
synth_19646,188
synth_19705,188
synth_19652,188
synth_19656,188
synth_19721,188
synth_19726,188
synth_19665,188
synth_19671,188
synth_19675,188
synth_19659,188
synth_19688,188
synth_19593,188
synth_19586,188
synth_19703,188
synth_19615,188
synth_19607,188
synth_19756,188
synth_19616,188
synth_19588,188
synth_19645,188
synth_19736,188
synth_19602,188
synth_19632,188
synth_19708,188
synth_19737,188
synth_19686,188
synth_19718,188
synth_19594,188
synth_19674,188
synth_19683,188
synth_19733,188
synth_19704,188
synth_19684,188
synth_19658,188
synth_19719,188
synth_19647,188
synth_19657,188
synth_19709,188
synth_19722,188
synth_19676,188
synth_19654,188
synth_19706,188
synth_19679,188
synth_19666,188
synth_19738,188
synth_19697,188
synth_19740,188
synth_19598,188
synth_19746,188
synth_19648,188
synth_19680,188
synth_19748,188
synth_19699,188
synth_19710,188
synth_19649,188
synth_19670,188
synth_19604,188
synth_19695,188
synth_19601,188
synth_19694,188
synth_19687,188
synth_19682,188
synth_19642,188
synth_19689,188
synth_19717,188
synth_19690,188
synth_19747,188
synth_19650,188
synth_19663,188
synth_19610,188
synth_19617,188
synth_19724,188
synth_19678,188
synth_19734,188
synth_19751,188
synth_19739,188
synth_19664,188
synth_19753,188
synth_19745,188
synth_19701,188
synth_19605,188
synth_19731,188
synth_19660,188
synth_19691,188
synth_19611,188
synth_19630,188
synth_19639,188
synth_19711,188
synth_19596,188
synth_19633,188
synth_19712,188
synth_19707,188
synth_19681,188
synth_19759,188
synth_19715,188
synth_19716,188
synth_19651,188
synth_19591,188
synth_19634,188
synth_19618,188
synth_19608,188
synth_19757,188
synth_19685,188
synth_19612,188
synth_19624,188
synth_19625,188
synth_19714,188
synth_19643,188
synth_19692,188
synth_19672,188
synth_19592,188
synth_19725,188
synth_19743,188
synth_19597,188
synth_19713,188
synth_19629,188
synth_19587,188
synth_19635,188
synth_19655,188
synth_19637,188
synth_19693,188
synth_19728,188
synth_19742,188
synth_19669,188
synth_19628,188
synth_19606,188
synth_19622,188
synth_19755,188
synth_19698,188
synth_19631,188
synth_19750,188
synth_19599,188
synth_19752,188
synth_19760,188
synth_19626,188
synth_19749,188
synth_19744,188
synth_19700,188
synth_19636,188
synth_19620,188
synth_19696,188
synth_19641,188
synth_19653,188
synth_19609,188
synth_19788,187
synth_19933,187
synth_19792,187
synth_19877,187
synth_19840,187
synth_19811,187
synth_19857,187
synth_19778,187
synth_19787,187
synth_19853,187
synth_19776,187
synth_19888,187
synth_19831,187
synth_19928,187
synth_19764,187
synth_19763,187
synth_19768,187
synth_19784,187
synth_19906,187
synth_19827,187
synth_19761,187
synth_19882,187
synth_19884,187
synth_19830,187
synth_19789,187
synth_19834,187
synth_19872,187
synth_19891,187
synth_19769,187
synth_19846,187
synth_19889,187
synth_19815,187
synth_19886,187
synth_19897,187
synth_19900,187
synth_19777,187
synth_19885,187
synth_19801,187
synth_19875,187
synth_19796,187
synth_19826,187
synth_19798,187
synth_19927,187
synth_19786,187
synth_19823,187
synth_19865,187
synth_19812,187
synth_19910,187
synth_19932,187
synth_19780,187
synth_19903,187
synth_19829,187
synth_19915,187
synth_19869,187
synth_19873,187
synth_19917,187
synth_19825,187
synth_19898,187
synth_19902,187
synth_19908,187
synth_19781,187
synth_19878,187
synth_19799,187
synth_19937,187
synth_19849,187
synth_19855,187
synth_19921,187
synth_19833,187
synth_19817,187
synth_19925,187
synth_19819,187
synth_19767,187
synth_19771,187
synth_19858,187
synth_19856,187
synth_19879,187
synth_19866,187
synth_19841,187
synth_19820,187
synth_19880,187
synth_19843,187
synth_19929,187
synth_19874,187
synth_19896,187
synth_19848,187
synth_19904,187
synth_19913,187
synth_19766,187
synth_19785,187
synth_19919,187
synth_19773,187
synth_19838,187
synth_19804,187
synth_19814,187
synth_19800,187
synth_19844,187
synth_19782,187
synth_19887,187
synth_19918,187
synth_19818,187
synth_19861,187
synth_19790,187
synth_19828,187
synth_19850,187
synth_19895,187
synth_19802,187
synth_19809,187
synth_19899,187
synth_19793,187
synth_19867,187
synth_19935,187
synth_19795,187
synth_19821,187
synth_19926,187
synth_19890,187
synth_19912,187
synth_19808,187
synth_19842,187
synth_19920,187
synth_19762,187
synth_19816,187
synth_19901,187
synth_19807,187
synth_19883,187
synth_19893,187
synth_19779,187
synth_19810,187
synth_19854,187
synth_19859,187
synth_19907,187
synth_19909,187
synth_19931,187
synth_19772,187
synth_19837,187
synth_19839,187
synth_19881,187
synth_19794,187
synth_19923,187
synth_19832,187
synth_19797,187
synth_19863,187
synth_19911,187
synth_19936,187
synth_19775,187
synth_19905,187
synth_19930,187
synth_19916,187
synth_19836,187
synth_19822,187
synth_19847,187
synth_19871,187
synth_19805,187
synth_19806,187
synth_19914,187
synth_19824,187
synth_19765,187
synth_19783,187
synth_19892,187
synth_19868,187
synth_19876,187
synth_19835,187
synth_19862,187
synth_19922,187
synth_19860,187
synth_19894,187
synth_19870,187
synth_19845,187
synth_19864,187
synth_19852,187
synth_19774,187
synth_19934,187
synth_19791,187
synth_19803,187
synth_19851,187
synth_19813,187
synth_19770,187
synth_19924,187
synth_19941,186
synth_19964,186
synth_20080,186
synth_20102,186
synth_20077,186
synth_19991,186
synth_20087,186
synth_19986,186
synth_20057,186
synth_20098,186
synth_20027,186
synth_20029,186
synth_20069,186
synth_20051,186
synth_19989,186
synth_20066,186
synth_20011,186
synth_19943,186
synth_19949,186
synth_19975,186
synth_20035,186
synth_19946,186
synth_20071,186
synth_20006,186
synth_20108,186
synth_20047,186
synth_20053,186
synth_20026,186
synth_20015,186
synth_20089,186
synth_20062,186
synth_20073,186
synth_20010,186
synth_20046,186
synth_20072,186
synth_20002,186
synth_19960,186
synth_20103,186
synth_20023,186
synth_20017,186
synth_19974,186
synth_19994,186
synth_20045,186
synth_19950,186
synth_20094,186
synth_19968,186
synth_20055,186
synth_20016,186
synth_20084,186
synth_19993,186
synth_20049,186
synth_20082,186
synth_20090,186
synth_20075,186
synth_20037,186
synth_20061,186
synth_20042,186
synth_20009,186
synth_19976,186
synth_20067,186
synth_20113,186
synth_20050,186
synth_20081,186
synth_20107,186
synth_19952,186
synth_20001,186
synth_20048,186
synth_19972,186
synth_19963,186
synth_19995,186
synth_20031,186
synth_19973,186
synth_19966,186
synth_20056,186
synth_20112,186
synth_19967,186
synth_20020,186
synth_19965,186
synth_20005,186
synth_20028,186
synth_20068,186
synth_20111,186
synth_19951,186
synth_20109,186
synth_20079,186
synth_20116,186
synth_19977,186
synth_20115,186
synth_19969,186
synth_19953,186
synth_20099,186
synth_19981,186
synth_20065,186
synth_20032,186
synth_19957,186
synth_20036,186
synth_19959,186
synth_19992,186
synth_19978,186
synth_19997,186
synth_20043,186
synth_19998,186
synth_19938,186
synth_19945,186
synth_20018,186
synth_20033,186
synth_19948,186
synth_19979,186
synth_20076,186
synth_20070,186
synth_19962,186
synth_19954,186
synth_19980,186
synth_19988,186
synth_20034,186
synth_20088,186
synth_20105,186
synth_20106,186
synth_19983,186
synth_20019,186
synth_20085,186
synth_20091,186
synth_20004,186
synth_20114,186
synth_19947,186
synth_20064,186
synth_20078,186
synth_20097,186
synth_20063,186
synth_20100,186
synth_20012,186
synth_20041,186
synth_20096,186
synth_19982,186
synth_19939,186
synth_19940,186
synth_20021,186
synth_19971,186
synth_19956,186
synth_20110,186
synth_19996,186
synth_19942,186
synth_20083,186
synth_20093,186
synth_20104,186
synth_20044,186
synth_20086,186
synth_20007,186
synth_20040,186
synth_20022,186
synth_19990,186
synth_20074,186
synth_20095,186
synth_20038,186
synth_19970,186
synth_19985,186
synth_20059,186
synth_19987,186
synth_20058,186
synth_19944,186
synth_19958,186
synth_20030,186
synth_20000,186
synth_19955,186
synth_19961,186
synth_19999,186
synth_20024,186
synth_20039,186
synth_20054,186
synth_20013,186
synth_20052,186
synth_20025,186
synth_20003,186
synth_20092,186
synth_20101,186
synth_20014,186
synth_19984,186
synth_20008,186
synth_20060,186
synth_20241,185
synth_20254,185
synth_20287,185
synth_20165,185
synth_20162,185
synth_20226,185
synth_20261,185
synth_20132,185
synth_20124,185
synth_20242,185
synth_20137,185
synth_20183,185
synth_20144,185
synth_20157,185
synth_20272,185
synth_20288,185
synth_20139,185
synth_20117,185
synth_20170,185
synth_20276,185
synth_20145,185
synth_20141,185
synth_20220,185
synth_20130,185
synth_20187,185
synth_20208,185
synth_20178,185
synth_20267,185
synth_20258,185
synth_20190,185
synth_20213,185
synth_20129,185
synth_20184,185
synth_20278,185
synth_20210,185
synth_20222,185
synth_20134,185
synth_20174,185
synth_20214,185
synth_20192,185
synth_20234,185
synth_20237,185
synth_20293,185
synth_20252,185
synth_20253,185
synth_20221,185
synth_20248,185
synth_20259,185
synth_20140,185
synth_20270,185
synth_20171,185
synth_20246,185
synth_20150,185
synth_20285,185
synth_20182,185
synth_20228,185
synth_20175,185
synth_20279,185
synth_20155,185
synth_20212,185
synth_20292,185
synth_20209,185
synth_20166,185
synth_20125,185
synth_20219,185
synth_20275,185
synth_20122,185
synth_20167,185
synth_20229,185
synth_20119,185
synth_20176,185
synth_20255,185
synth_20211,185
synth_20243,185
synth_20245,185
synth_20131,185
synth_20205,185
synth_20250,185
synth_20280,185
synth_20153,185
synth_20281,185
synth_20123,185
synth_20203,185
synth_20127,185
synth_20161,185
synth_20177,185
synth_20277,185
synth_20126,185
synth_20239,185
synth_20262,185
synth_20148,185
synth_20207,185
synth_20265,185
synth_20135,185
synth_20180,185
synth_20283,185
synth_20201,185
synth_20156,185
synth_20251,185
synth_20294,185
synth_20189,185
synth_20298,185
synth_20168,185
synth_20256,185
synth_20282,185
synth_20291,185
synth_20218,185
synth_20296,185
synth_20238,185
synth_20163,185
synth_20181,185
synth_20271,185
synth_20230,185
synth_20158,185
synth_20260,185
synth_20138,185
synth_20159,185
synth_20179,185
synth_20133,185
synth_20290,185
synth_20188,185
synth_20236,185
synth_20169,185
synth_20197,185
synth_20232,185
synth_20286,185
synth_20118,185
synth_20231,185
synth_20247,185
synth_20257,185
synth_20196,185
synth_20173,185
synth_20121,185
synth_20233,185
synth_20297,185
synth_20128,185
synth_20249,185
synth_20284,185
synth_20216,185
synth_20269,185
synth_20268,185
synth_20223,185
synth_20164,185
synth_20194,185
synth_20142,185
synth_20191,185
synth_20195,185
synth_20289,185
synth_20172,185
synth_20147,185
synth_20120,185
synth_20273,185
synth_20186,185
synth_20295,185
synth_20217,185
synth_20274,185
synth_20198,185
synth_20266,185
synth_20202,185
synth_20151,185
synth_20263,185
synth_20264,185
synth_20215,185
synth_20199,185
synth_20244,185
synth_20227,185
synth_20149,185
synth_20224,185
synth_20240,185
synth_20154,185
synth_20136,185
synth_20146,185
synth_20152,185
synth_20200,185
synth_20143,185
synth_20235,185
synth_20160,185
synth_20193,185
synth_20225,185
synth_20204,185
synth_20185,185
synth_20206,185
synth_20446,184
synth_20424,184
synth_20450,184
synth_20367,184
synth_20415,184
synth_20385,184
synth_20397,184
synth_20460,184
synth_20302,184
synth_20379,184
synth_20414,184
synth_20350,184
synth_20464,184
synth_20313,184
synth_20474,184
synth_20340,184
synth_20310,184
synth_20387,184
synth_20427,184
synth_20471,184
synth_20351,184
synth_20396,184
synth_20332,184
synth_20314,184
synth_20466,184
synth_20425,184
synth_20406,184
synth_20422,184
synth_20331,184
synth_20383,184
synth_20393,184
synth_20308,184
synth_20325,184
synth_20407,184
synth_20300,184
synth_20324,184
synth_20361,184
synth_20405,184
synth_20303,184
synth_20437,184
synth_20394,184
synth_20418,184
synth_20317,184
synth_20434,184
synth_20339,184
synth_20456,184
synth_20475,184
synth_20378,184
synth_20412,184
synth_20384,184
synth_20334,184
synth_20439,184
synth_20482,184
synth_20391,184
synth_20480,184
synth_20344,184
synth_20348,184
synth_20363,184
synth_20453,184
synth_20388,184
synth_20381,184
synth_20402,184
synth_20386,184
synth_20408,184
synth_20320,184
synth_20337,184
synth_20327,184
synth_20442,184
synth_20436,184
synth_20349,184
synth_20429,184
synth_20368,184
synth_20444,184
synth_20449,184
synth_20410,184
synth_20481,184
synth_20311,184
synth_20377,184
synth_20401,184
synth_20315,184
synth_20445,184
synth_20400,184
synth_20356,184
synth_20358,184
synth_20323,184
synth_20346,184
synth_20413,184
synth_20307,184
synth_20416,184
synth_20468,184
synth_20330,184
synth_20366,184
synth_20304,184
synth_20409,184
synth_20312,184
synth_20373,184
synth_20321,184
synth_20333,184
synth_20343,184
synth_20301,184
synth_20354,184
synth_20392,184
synth_20357,184
synth_20319,184
synth_20359,184
synth_20403,184
synth_20352,184
synth_20426,184
synth_20341,184
synth_20355,184
synth_20376,184
synth_20433,184
synth_20454,184
synth_20398,184
synth_20374,184
synth_20457,184
synth_20478,184
synth_20306,184
synth_20360,184
synth_20389,184
synth_20399,184
synth_20309,184
synth_20347,184
synth_20431,184
synth_20448,184
synth_20380,184
synth_20417,184
synth_20477,184
synth_20459,184
synth_20476,184
synth_20322,184
synth_20318,184
synth_20390,184
synth_20370,184
synth_20441,184
synth_20469,184
synth_20411,184
synth_20472,184
synth_20447,184
synth_20336,184
synth_20404,184
synth_20395,184
synth_20328,184
synth_20365,184
synth_20435,184
synth_20382,184
synth_20305,184
synth_20421,184
synth_20432,184
synth_20362,184
synth_20463,184
synth_20326,184
synth_20470,184
synth_20342,184
synth_20329,184
synth_20345,184
synth_20369,184
synth_20353,184
synth_20371,184
synth_20479,184
synth_20452,184
synth_20338,184
synth_20316,184
synth_20438,184
synth_20483,184
synth_20467,184
synth_20462,184
synth_20428,184
synth_20335,184
synth_20465,184
synth_20299,184
synth_20420,184
synth_20364,184
synth_20430,184
synth_20440,184
synth_20455,184
synth_20375,184
synth_20423,184
synth_20443,184
synth_20451,184
synth_20473,184
synth_20372,184
synth_20419,184
synth_20458,184
synth_20461,184
synth_20643,183
synth_20549,183
synth_20570,183
synth_20553,183
synth_20655,183
synth_20487,183
synth_20566,183
synth_20656,183
synth_20649,183
synth_20493,183
synth_20644,183
synth_20626,183
synth_20528,183
synth_20665,183
synth_20635,183
synth_20484,183
synth_20657,183
synth_20485,183
synth_20500,183
synth_20503,183
synth_20609,183
synth_20625,183
synth_20664,183
synth_20530,183
synth_20565,183
synth_20610,183
synth_20559,183
synth_20645,183
synth_20668,183
synth_20510,183
synth_20538,183
synth_20648,183
synth_20572,183
synth_20600,183
synth_20585,183
synth_20521,183
synth_20624,183
synth_20552,183
synth_20595,183
synth_20532,183
synth_20592,183
synth_20603,183
synth_20578,183
synth_20659,183
synth_20633,183
synth_20661,183
synth_20512,183
synth_20599,183
synth_20591,183
synth_20519,183
synth_20667,183
synth_20548,183
synth_20504,183
synth_20555,183
synth_20556,183
synth_20526,183
synth_20554,183
synth_20584,183
synth_20658,183
synth_20571,183
synth_20563,183
synth_20514,183
synth_20612,183
synth_20515,183
synth_20593,183
synth_20489,183
synth_20533,183
synth_20640,183
synth_20542,183
synth_20550,183
synth_20636,183
synth_20580,183
synth_20606,183
synth_20535,183
synth_20611,183
synth_20639,183
synth_20597,183
synth_20564,183
synth_20587,183
synth_20567,183
synth_20663,183
synth_20589,183
synth_20651,183
synth_20653,183
synth_20619,183
synth_20598,183
synth_20524,183
synth_20605,183
synth_20669,183
synth_20569,183
synth_20543,183
synth_20615,183
synth_20534,183
synth_20498,183
synth_20628,183
synth_20641,183
synth_20540,183
synth_20520,183
synth_20507,183
synth_20596,183
synth_20622,183
synth_20539,183
synth_20607,183
synth_20642,183
synth_20586,183
synth_20602,183
synth_20508,183
synth_20513,183
synth_20551,183
synth_20568,183
synth_20617,183
synth_20537,183
synth_20544,183
synth_20497,183
synth_20654,183
synth_20516,183
synth_20523,183
synth_20494,183
synth_20517,183
synth_20506,183
synth_20637,183
synth_20529,183
synth_20646,183
synth_20525,183
synth_20652,183
synth_20562,183
synth_20518,183
synth_20545,183
synth_20488,183
synth_20496,183
synth_20492,183
synth_20613,183
synth_20541,183
synth_20666,183
synth_20490,183
synth_20634,183
synth_20547,183
synth_20561,183
synth_20608,183
synth_20509,183
synth_20577,183
synth_20501,183
synth_20575,183
synth_20522,183
synth_20511,183
synth_20581,183
synth_20614,183
synth_20631,183
synth_20662,183
synth_20491,183
synth_20594,183
synth_20670,183
synth_20527,183
synth_20582,183
synth_20632,183
synth_20583,183
synth_20531,183
synth_20627,183
synth_20621,183
synth_20601,183
synth_20574,183
synth_20638,183
synth_20546,183
synth_20647,183
synth_20558,183
synth_20495,183
synth_20630,183
synth_20604,183
synth_20623,183
synth_20579,183
synth_20576,183
synth_20499,183
synth_20588,183
synth_20536,183
synth_20620,183
synth_20629,183
synth_20650,183
synth_20618,183
synth_20560,183
synth_20616,183
synth_20505,183
synth_20557,183
synth_20660,183
synth_20590,183
synth_20573,183
synth_20486,183
synth_20502,183
synth_20788,182
synth_20822,182
synth_20825,182
synth_20672,182
synth_20713,182
synth_20815,182
synth_20799,182
synth_20768,182
synth_20721,182
synth_20681,182
synth_20749,182
synth_20792,182
synth_20798,182
synth_20826,182
synth_20859,182
synth_20690,182
synth_20775,182
synth_20705,182
synth_20809,182
synth_20714,182
synth_20795,182
synth_20673,182
synth_20743,182
synth_20717,182
synth_20763,182
synth_20781,182
synth_20811,182
synth_20838,182
synth_20860,182
synth_20736,182
synth_20839,182
synth_20747,182
synth_20771,182
synth_20745,182
synth_20706,182
synth_20764,182
synth_20790,182
synth_20701,182
synth_20824,182
synth_20712,182
synth_20796,182
synth_20757,182
synth_20767,182
synth_20719,182
synth_20750,182
synth_20785,182
synth_20851,182
synth_20784,182
synth_20803,182
synth_20812,182
synth_20677,182
synth_20741,182
synth_20813,182
synth_20708,182
synth_20725,182
synth_20793,182
synth_20754,182
synth_20761,182
synth_20720,182
synth_20739,182
synth_20766,182
synth_20841,182
synth_20716,182
synth_20752,182
synth_20836,182
synth_20756,182
synth_20727,182
synth_20769,182
synth_20843,182
synth_20678,182
synth_20686,182
synth_20700,182
synth_20842,182
synth_20852,182
synth_20762,182
synth_20699,182
synth_20710,182
synth_20773,182
synth_20777,182
synth_20782,182
synth_20783,182
synth_20718,182
synth_20807,182
synth_20853,182
synth_20682,182
synth_20704,182
synth_20751,182
synth_20806,182
synth_20779,182
synth_20742,182
synth_20693,182
synth_20730,182
synth_20703,182
synth_20711,182
synth_20685,182
synth_20797,182
synth_20776,182
synth_20774,182
synth_20830,182
synth_20834,182
synth_20848,182
synth_20857,182
synth_20791,182
synth_20802,182
synth_20695,182
synth_20837,182
synth_20675,182
synth_20854,182
synth_20688,182
synth_20709,182
synth_20691,182
synth_20696,182
synth_20734,182
synth_20744,182
synth_20679,182
synth_20789,182
synth_20702,182
synth_20772,182
synth_20847,182
synth_20731,182
synth_20687,182
synth_20724,182
synth_20778,182
synth_20748,182
synth_20827,182
synth_20850,182
synth_20689,182
synth_20758,182
synth_20833,182
synth_20723,182
synth_20740,182
synth_20746,182
synth_20729,182
synth_20770,182
synth_20823,182
synth_20728,182
synth_20732,182
synth_20835,182
synth_20680,182
synth_20759,182
synth_20733,182
synth_20794,182
synth_20819,182
synth_20849,182
synth_20808,182
synth_20844,182
synth_20845,182
synth_20820,182
synth_20753,182
synth_20694,182
synth_20760,182
synth_20735,182
synth_20765,182
synth_20715,182
synth_20829,182
synth_20846,182
synth_20697,182
synth_20805,182
synth_20818,182
synth_20683,182
synth_20738,182
synth_20832,182
synth_20800,182
synth_20737,182
synth_20786,182
synth_20707,182
synth_20858,182
synth_20828,182
synth_20671,182
synth_20698,182
synth_20814,182
synth_20787,182
synth_20855,182
synth_20692,182
synth_20821,182
synth_20684,182
synth_20810,182
synth_20676,182
synth_20726,182
synth_20755,182
synth_20856,182
synth_20817,182
synth_20840,182
synth_20780,182
synth_20831,182
synth_20722,182
synth_20816,182
synth_20801,182
synth_20804,182
synth_20674,182
synth_21040,181
synth_21029,181
synth_20912,181
synth_20989,181
synth_21014,181
synth_20867,181
synth_21039,181
synth_20996,181
synth_21016,181
synth_20942,181
synth_20914,181
synth_20946,181
synth_21026,181
synth_20965,181
synth_20986,181
synth_20886,181
synth_20964,181
synth_20976,181
synth_21036,181
synth_21038,181
synth_20926,181
synth_21015,181
synth_21050,181
synth_21019,181
synth_21046,181
synth_20872,181
synth_20884,181
synth_20919,181
synth_20960,181
synth_20971,181
synth_20987,181
synth_21003,181
synth_21027,181
synth_20950,181
synth_20953,181
synth_20896,181
synth_20945,181
synth_20957,181
synth_20906,181
synth_21007,181
synth_21032,181
synth_20862,181
synth_21011,181
synth_20889,181
synth_21004,181
synth_20893,181
synth_21010,181
synth_20952,181
synth_20920,181
synth_20934,181
synth_21047,181
synth_20937,181
synth_20948,181
synth_20951,181
synth_20969,181
synth_21017,181
synth_20874,181
synth_20895,181
synth_20959,181
synth_21033,181
synth_20991,181
synth_20876,181
synth_21030,181
synth_20894,181
synth_20917,181
synth_20999,181
synth_20899,181
synth_20978,181
synth_20905,181
synth_20933,181
synth_20940,181
synth_20875,181
synth_20954,181
synth_20898,181
synth_20908,181
synth_20994,181
synth_21006,181
synth_21041,181
synth_20863,181
synth_21044,181
synth_21045,181
synth_20891,181
synth_21018,181
synth_20998,181
synth_20865,181
synth_20877,181
synth_20943,181
synth_21037,181
synth_21002,181
synth_21005,181
synth_20868,181
synth_20995,181
synth_20907,181
synth_20903,181
synth_20900,181
synth_20909,181
synth_20921,181
synth_20938,181
synth_20961,181
synth_20904,181
synth_20982,181
synth_20864,181
synth_20878,181
synth_20924,181
synth_20881,181
synth_20939,181
synth_20988,181
synth_21009,181
synth_20925,181
synth_20984,181
synth_21049,181
synth_20970,181
synth_21035,181
synth_20922,181
synth_21043,181
synth_20930,181
synth_20973,181
synth_20963,181
synth_20913,181
synth_21000,181
synth_20962,181
synth_20879,181
synth_20887,181
synth_20911,181
synth_20993,181
synth_20972,181
synth_21034,181
synth_21024,181
synth_20873,181
synth_21020,181
synth_21051,181
synth_20901,181
synth_20979,181
synth_20990,181
synth_20932,181
synth_21048,181
synth_20985,181
synth_21008,181
synth_20955,181
synth_20915,181
synth_20983,181
synth_20992,181
synth_21022,181
synth_20949,181
synth_20967,181
synth_21053,181
synth_20916,181
synth_20923,181
synth_21021,181
synth_21042,181
synth_20902,181
synth_21025,181
synth_20928,181
synth_20897,181
synth_21052,181
synth_20866,181
synth_20883,181
synth_21031,181
synth_20966,181
synth_20980,181
synth_20888,181
synth_20981,181
synth_20929,181
synth_20931,181
synth_20974,181
synth_20892,181
synth_20910,181
synth_20975,181
synth_20880,181
synth_20882,181
synth_21001,181
synth_20941,181
synth_21013,181
synth_20869,181
synth_20935,181
synth_20958,181
synth_20944,181
synth_20870,181
synth_20890,181
synth_20871,181
synth_20936,181
synth_20997,181
synth_20977,181
synth_21012,181
synth_20918,181
synth_20947,181
synth_21028,181
synth_20861,181
synth_20885,181
synth_20968,181
synth_20927,181
synth_21023,181
synth_20956,181
synth_21118,180
synth_21193,180
synth_21227,180
synth_21183,180
synth_21080,180
synth_21123,180
synth_21248,180
synth_21153,180
synth_21162,180
synth_21090,180
synth_21054,180
synth_21238,180
synth_21077,180
synth_21205,180
synth_21229,180
synth_21148,180
synth_21216,180
synth_21146,180
synth_21133,180
synth_21157,180
synth_21159,180
synth_21195,180
synth_21154,180
synth_21175,180
synth_21192,180
synth_21089,180
synth_21130,180
synth_21247,180
synth_21113,180
synth_21064,180
synth_21122,180
synth_21158,180
synth_21197,180
synth_21169,180
synth_21179,180
synth_21108,180
synth_21055,180
synth_21149,180
synth_21156,180
synth_21222,180
synth_21076,180
synth_21201,180
synth_21114,180
synth_21172,180
synth_21150,180
synth_21109,180
synth_21142,180
synth_21164,180
synth_21234,180
synth_21066,180
synth_21085,180
synth_21180,180
synth_21056,180
synth_21136,180
synth_21141,180
synth_21220,180
synth_21075,180
synth_21145,180
synth_21112,180
synth_21173,180
synth_21095,180
synth_21219,180
synth_21226,180
synth_21107,180
synth_21058,180
synth_21131,180
synth_21191,180
synth_21070,180
synth_21073,180
synth_21211,180
synth_21224,180
synth_21098,180
synth_21132,180
synth_21093,180
synth_21161,180
synth_21174,180
synth_21212,180
synth_21091,180
synth_21200,180
synth_21167,180
synth_21188,180
synth_21062,180
synth_21213,180
synth_21242,180
synth_21081,180
synth_21160,180
synth_21198,180
synth_21086,180
synth_21094,180
synth_21124,180
synth_21151,180
synth_21083,180
synth_21103,180
synth_21206,180
synth_21237,180
synth_21138,180
synth_21168,180
synth_21208,180
synth_21140,180
synth_21170,180
synth_21186,180
synth_21203,180
synth_21128,180
synth_21235,180
synth_21111,180
synth_21088,180
synth_21163,180
synth_21059,180
synth_21061,180
synth_21240,180
synth_21217,180
synth_21065,180
synth_21147,180
synth_21215,180
synth_21087,180
synth_21165,180
synth_21218,180
synth_21223,180
synth_21196,180
synth_21204,180
synth_21221,180
synth_21137,180
synth_21144,180
synth_21116,180
synth_21241,180
synth_21127,180
synth_21166,180
synth_21115,180
synth_21074,180
synth_21139,180
synth_21171,180
synth_21194,180
synth_21207,180
synth_21199,180
synth_21126,180
synth_21100,180
synth_21190,180
synth_21155,180
synth_21106,180
synth_21134,180
synth_21110,180
synth_21060,180
synth_21178,180
synth_21099,180
synth_21233,180
synth_21068,180
synth_21185,180
synth_21071,180
synth_21232,180
synth_21187,180
synth_21236,180
synth_21243,180
synth_21069,180
synth_21082,180
synth_21078,180
synth_21102,180
synth_21244,180
synth_21057,180
synth_21177,180
synth_21228,180
synth_21135,180
synth_21184,180
synth_21129,180
synth_21189,180
synth_21246,180
synth_21125,180
synth_21202,180
synth_21120,180
synth_21105,180
synth_21143,180
synth_21119,180
synth_21096,180
synth_21214,180
synth_21084,180
synth_21067,180
synth_21063,180
synth_21225,180
synth_21245,180
synth_21121,180
synth_21176,180
synth_21092,180
synth_21182,180
synth_21209,180
synth_21249,180
synth_21181,180
synth_21101,180
synth_21231,180
synth_21152,180
synth_21210,180
synth_21072,180
synth_21079,180
synth_21104,180
synth_21117,180
synth_21230,180
synth_21097,180
synth_21239,180
synth_21294,179
synth_21252,179
synth_21370,179
synth_21352,179
synth_21301,179
synth_21300,179
synth_21285,179
synth_21353,179
synth_21374,179
synth_21401,179
synth_21311,179
synth_21358,179
synth_21309,179
synth_21371,179
synth_21271,179
synth_21318,179
synth_21397,179
synth_21342,179
synth_21430,179
synth_21378,179
synth_21414,179
synth_21428,179
synth_21257,179
synth_21316,179
synth_21297,179
synth_21423,179
synth_21268,179
synth_21408,179
synth_21442,179
synth_21393,179
synth_21258,179
synth_21400,179
synth_21368,179
synth_21411,179
synth_21302,179
synth_21436,179
synth_21367,179
synth_21384,179
synth_21315,179
synth_21340,179
synth_21305,179
synth_21395,179
synth_21424,179
synth_21308,179
synth_21333,179
synth_21356,179
synth_21418,179
synth_21279,179
synth_21434,179
synth_21354,179
synth_21348,179
synth_21444,179
synth_21281,179
synth_21321,179
synth_21415,179
synth_21360,179
synth_21362,179
synth_21425,179
synth_21338,179
synth_21320,179
synth_21398,179
synth_21433,179
synth_21263,179
synth_21432,179
synth_21310,179
synth_21445,179
synth_21259,179
synth_21426,179
synth_21253,179
synth_21272,179
synth_21303,179
synth_21336,179
synth_21390,179
synth_21292,179
synth_21350,179
synth_21334,179
synth_21357,179
synth_21341,179
synth_21347,179
synth_21399,179
synth_21359,179
synth_21377,179
synth_21293,179
synth_21431,179
synth_21274,179
synth_21299,179
synth_21307,179
synth_21312,179
synth_21323,179
synth_21379,179
synth_21255,179
synth_21250,179
synth_21288,179
synth_21339,179
synth_21280,179
synth_21284,179
synth_21407,179
synth_21361,179
synth_21325,179
synth_21364,179
synth_21447,179
synth_21355,179
synth_21441,179
synth_21324,179
synth_21327,179
synth_21394,179
synth_21346,179
synth_21267,179
synth_21343,179
synth_21438,179
synth_21314,179
synth_21403,179
synth_21437,179
synth_21296,179
synth_21381,179
synth_21402,179
synth_21363,179
synth_21254,179
synth_21335,179
synth_21412,179
synth_21443,179
synth_21286,179
synth_21287,179
synth_21404,179
synth_21448,179
synth_21270,179
synth_21306,179
synth_21328,179
synth_21417,179
synth_21406,179
synth_21291,179
synth_21446,179
synth_21269,179
synth_21396,179
synth_21262,179
synth_21277,179
synth_21331,179
synth_21337,179
synth_21380,179
synth_21419,179
synth_21382,179
synth_21405,179
synth_21289,179
synth_21365,179
synth_21391,179
synth_21385,179
synth_21435,179
synth_21275,179
synth_21256,179
synth_21322,179
synth_21349,179
synth_21278,179
synth_21264,179
synth_21266,179
synth_21372,179
synth_21421,179
synth_21410,179
synth_21440,179
synth_21290,179
synth_21376,179
synth_21319,179
synth_21375,179
synth_21387,179
synth_21298,179
synth_21330,179
synth_21261,179
synth_21283,179
synth_21383,179
synth_21282,179
synth_21420,179
synth_21329,179
synth_21326,179
synth_21265,179
synth_21273,179
synth_21276,179
synth_21429,179
synth_21389,179
synth_21409,179
synth_21251,179
synth_21304,179
synth_21413,179
synth_21422,179
synth_21366,179
synth_21260,179
synth_21373,179
synth_21386,179
synth_21416,179
synth_21351,179
synth_21369,179
synth_21344,179
synth_21392,179
synth_21317,179
synth_21388,179
synth_21439,179
synth_21313,179
synth_21332,179
synth_21427,179
synth_21295,179
synth_21345,179
synth_21616,178
synth_21483,178
synth_21557,178
synth_21520,178
synth_21529,178
synth_21461,178
synth_21478,178
synth_21563,178
synth_21527,178
synth_21572,178
synth_21474,178
synth_21569,178
synth_21523,178
synth_21452,178
synth_21615,178
synth_21508,178
synth_21521,178
synth_21530,178
synth_21577,178
synth_21608,178
synth_21597,178
synth_21598,178
synth_21486,178
synth_21607,178
synth_21636,178
synth_21642,178
synth_21578,178
synth_21501,178
synth_21556,178
synth_21476,178
synth_21467,178
synth_21645,178
synth_21457,178
synth_21576,178
synth_21634,178
synth_21484,178
synth_21591,178
synth_21472,178
synth_21548,178
synth_21553,178
synth_21639,178
synth_21624,178
synth_21613,178
synth_21643,178
synth_21547,178
synth_21623,178
synth_21560,178
synth_21458,178
synth_21586,178
synth_21646,178
synth_21555,178
synth_21559,178
synth_21566,178
synth_21487,178
synth_21601,178
synth_21519,178
synth_21621,178
synth_21507,178
synth_21546,178
synth_21492,178
synth_21568,178
synth_21647,178
synth_21498,178
synth_21532,178
synth_21463,178
synth_21549,178
synth_21619,178
synth_21496,178
synth_21526,178
synth_21531,178
synth_21618,178
synth_21567,178
synth_21456,178
synth_21588,178
synth_21640,178
synth_21606,178
synth_21641,178
synth_21534,178
synth_21528,178
synth_21573,178
synth_21581,178
synth_21511,178
synth_21626,178
synth_21500,178
synth_21649,178
synth_21485,178
synth_21516,178
synth_21505,178
synth_21596,178
synth_21617,178
synth_21466,178
synth_21544,178
synth_21571,178
synth_21574,178
synth_21471,178
synth_21620,178
synth_21536,178
synth_21502,178
synth_21459,178
synth_21589,178
synth_21614,178
synth_21627,178
synth_21633,178
synth_21650,178
synth_21449,178
synth_21545,178
synth_21513,178
synth_21635,178
synth_21495,178
synth_21593,178
synth_21599,178
synth_21525,178
synth_21565,178
synth_21575,178
synth_21462,178
synth_21509,178
synth_21582,178
synth_21460,178
synth_21493,178
synth_21561,178
synth_21522,178
synth_21481,178
synth_21512,178
synth_21625,178
synth_21491,178
synth_21470,178
synth_21517,178
synth_21622,178
synth_21603,178
synth_21454,178
synth_21631,178
synth_21477,178
synth_21503,178
synth_21510,178
synth_21604,178
synth_21611,178
synth_21468,178
synth_21630,178
synth_21453,178
synth_21609,178
synth_21562,178
synth_21594,178
synth_21602,178
synth_21499,178
synth_21469,178
synth_21482,178
synth_21524,178
synth_21465,178
synth_21558,178
synth_21455,178
synth_21610,178
synth_21450,178
synth_21464,178
synth_21489,178
synth_21554,178
synth_21595,178
synth_21600,178
synth_21605,178
synth_21580,178
synth_21490,178
synth_21518,178
synth_21515,178
synth_21479,178
synth_21543,178
synth_21550,178
synth_21632,178
synth_21637,178
synth_21533,178
synth_21542,178
synth_21644,178
synth_21648,178
synth_21583,178
synth_21451,178
synth_21564,178
synth_21570,178
synth_21638,178
synth_21494,178
synth_21538,178
synth_21504,178
synth_21514,178
synth_21552,178
synth_21537,178
synth_21541,178
synth_21540,178
synth_21475,178
synth_21579,178
synth_21473,178
synth_21584,178
synth_21585,178
synth_21488,178
synth_21592,178
synth_21539,178
synth_21587,178
synth_21628,178
synth_21480,178
synth_21506,178
synth_21497,178
synth_21629,178
synth_21590,178
synth_21535,178
synth_21612,178
synth_21551,178
synth_21673,177
synth_21693,177
synth_21663,177
synth_21706,177
synth_21753,177
synth_21733,177
synth_21734,177
synth_21709,177
synth_21768,177
synth_21755,177
synth_21760,177
synth_21795,177
synth_21841,177
synth_21698,177
synth_21671,177
synth_21800,177
synth_21664,177
synth_21847,177
synth_21775,177
synth_21823,177
synth_21756,177
synth_21742,177
synth_21765,177
synth_21788,177
synth_21825,177
synth_21722,177
synth_21713,177
synth_21715,177
synth_21707,177
synth_21750,177
synth_21754,177
synth_21720,177
synth_21657,177
synth_21730,177
synth_21840,177
synth_21724,177
synth_21779,177
synth_21776,177
synth_21676,177
synth_21669,177
synth_21773,177
synth_21799,177
synth_21828,177
synth_21682,177
synth_21735,177
synth_21689,177
synth_21801,177
synth_21831,177
synth_21810,177
synth_21705,177
synth_21655,177
synth_21661,177
synth_21764,177
synth_21651,177
synth_21822,177
synth_21816,177
synth_21729,177
synth_21665,177
synth_21674,177
synth_21778,177
synth_21851,177
synth_21659,177
synth_21700,177
synth_21763,177
synth_21691,177
synth_21717,177
synth_21804,177
synth_21699,177
synth_21797,177
synth_21794,177
synth_21815,177
synth_21818,177
synth_21672,177
synth_21679,177
synth_21680,177
synth_21757,177
synth_21678,177
synth_21727,177
synth_21769,177
synth_21782,177
synth_21719,177
synth_21652,177
synth_21684,177
synth_21771,177
synth_21658,177
synth_21683,177
synth_21696,177
synth_21770,177
synth_21784,177
synth_21747,177
synth_21710,177
synth_21728,177
synth_21834,177
synth_21694,177
synth_21732,177
synth_21854,177
synth_21723,177
synth_21726,177
synth_21791,177
synth_21839,177
synth_21688,177
synth_21827,177
synth_21792,177
synth_21846,177
synth_21740,177
synth_21802,177
synth_21796,177
synth_21670,177
synth_21748,177
synth_21811,177
synth_21813,177
synth_21743,177
synth_21687,177
synth_21842,177
synth_21654,177
synth_21803,177
synth_21662,177
synth_21668,177
synth_21793,177
synth_21829,177
synth_21767,177
synth_21759,177
synth_21845,177
synth_21718,177
synth_21838,177
synth_21835,177
synth_21777,177
synth_21848,177
synth_21744,177
synth_21721,177
synth_21656,177
synth_21714,177
synth_21843,177
synth_21745,177
synth_21833,177
synth_21695,177
synth_21712,177
synth_21844,177
synth_21701,177
synth_21761,177
synth_21711,177
synth_21746,177
synth_21824,177
synth_21812,177
synth_21852,177
synth_21780,177
synth_21716,177
synth_21762,177
synth_21817,177
synth_21774,177
synth_21850,177
synth_21666,177
synth_21772,177
synth_21690,177
synth_21738,177
synth_21685,177
synth_21667,177
synth_21837,177
synth_21681,177
synth_21708,177
synth_21741,177
synth_21798,177
synth_21686,177
synth_21809,177
synth_21853,177
synth_21675,177
synth_21702,177
synth_21739,177
synth_21789,177
synth_21849,177
synth_21653,177
synth_21731,177
synth_21805,177
synth_21808,177
synth_21677,177
synth_21736,177
synth_21783,177
synth_21766,177
synth_21787,177
synth_21751,177
synth_21758,177
synth_21826,177
synth_21737,177
synth_21814,177
synth_21725,177
synth_21781,177
synth_21819,177
synth_21704,177
synth_21821,177
synth_21752,177
synth_21660,177
synth_21786,177
synth_21820,177
synth_21806,177
synth_21785,177
synth_21790,177
synth_21830,177
synth_21692,177
synth_21697,177
synth_21836,177
synth_21832,177
synth_21703,177
synth_21807,177
synth_21749,177
synth_22047,176
synth_21932,176
synth_21888,176
synth_21946,176
synth_22041,176
synth_22053,176
synth_21983,176
synth_22026,176
synth_21863,176
synth_22014,176
synth_21897,176
synth_22050,176
synth_22037,176
synth_21968,176
synth_21887,176
synth_21941,176
synth_21943,176
synth_21995,176
synth_22020,176
synth_22052,176
synth_21872,176
synth_21933,176
synth_21910,176
synth_21989,176
synth_22001,176
synth_21881,176
synth_22012,176
synth_22045,176
synth_21944,176
synth_21864,176
synth_21917,176
synth_21953,176
synth_21971,176
synth_22008,176
synth_22010,176
synth_21922,176
synth_22016,176
synth_21964,176
synth_22032,176
synth_21883,176
synth_21876,176
synth_21961,176
synth_21976,176
synth_21896,176
synth_22051,176
synth_22034,176
synth_22038,176
synth_21873,176
synth_21899,176
synth_21900,176
synth_22006,176
synth_22025,176
synth_22029,176
synth_21948,176
synth_22059,176
synth_21857,176
synth_22018,176
synth_22031,176
synth_21988,176
synth_22036,176
synth_21925,176
synth_21955,176
synth_21936,176
synth_21942,176
synth_22009,176
synth_21928,176
synth_21967,176
synth_21868,176
synth_21919,176
synth_21965,176
synth_22039,176
synth_21966,176
synth_21880,176
synth_21890,176
synth_21927,176
synth_21874,176
synth_21882,176
synth_21960,176
synth_21918,176
synth_21860,176
synth_21991,176
synth_21861,176
synth_21902,176
synth_21921,176
synth_21958,176
synth_21972,176
synth_21906,176
synth_21970,176
synth_22030,176
synth_21982,176
synth_21935,176
synth_22022,176
synth_22058,176
synth_21856,176
synth_21879,176
synth_21977,176
synth_22002,176
synth_21914,176
synth_21939,176
synth_21878,176
synth_21937,176
synth_21901,176
synth_21867,176
synth_21950,176
synth_22027,176
synth_21891,176
synth_22049,176
synth_21893,176
synth_22024,176
synth_21929,176
synth_21855,176
synth_21974,176
synth_22023,176
synth_21980,176
synth_22046,176
synth_21911,176
synth_21985,176
synth_21940,176
synth_22060,176
synth_22057,176
synth_21875,176
synth_21998,176
synth_22040,176
synth_22061,176
synth_21981,176
synth_21987,176
synth_21947,176
synth_22003,176
synth_22055,176
synth_21990,176
synth_22035,176
synth_21951,176
synth_22007,176
synth_21979,176
synth_21963,176
synth_22005,176
synth_21865,176
synth_21907,176
synth_21926,176
synth_21931,176
synth_22028,176
synth_21886,176
synth_22017,176
synth_22019,176
synth_21862,176
synth_21909,176
synth_21912,176
synth_21975,176
synth_22021,176
synth_21992,176
synth_21956,176
synth_21892,176
synth_21895,176
synth_22056,176
synth_21903,176
synth_21996,176
synth_21923,176
synth_21934,176
synth_21957,176
synth_21978,176
synth_22042,176
synth_21969,176
synth_22044,176
synth_21945,176
synth_22011,176
synth_22015,176
synth_21898,176
synth_21962,176
synth_21999,176
synth_22000,176
synth_22013,176
synth_22048,176
synth_22054,176
synth_21858,176
synth_21905,176
synth_21924,176
synth_21994,176
synth_22033,176
synth_21877,176
synth_21986,176
synth_21870,176
synth_21938,176
synth_21908,176
synth_21984,176
synth_21885,176
synth_21916,176
synth_21859,176
synth_21954,176
synth_21930,176
synth_21915,176
synth_21973,176
synth_22062,176
synth_21884,176
synth_22043,176
synth_21866,176
synth_21913,176
synth_21920,176
synth_21952,176
synth_21949,176
synth_22004,176
synth_21993,176
synth_21894,176
synth_21871,176
synth_21904,176
synth_21997,176
synth_21959,176
synth_21869,176
synth_21889,176
synth_22177,175
synth_22181,175
synth_22211,175
synth_22263,175
synth_22186,175
synth_22200,175
synth_22222,175
synth_22114,175
synth_22183,175
synth_22188,175
synth_22116,175
synth_22079,175
synth_22096,175
synth_22102,175
synth_22168,175
synth_22094,175
synth_22137,175
synth_22219,175
synth_22270,175
synth_22104,175
synth_22166,175
synth_22160,175
synth_22195,175
synth_22271,175
synth_22185,175
synth_22197,175
synth_22258,175
synth_22143,175
synth_22266,175
synth_22132,175
synth_22171,175
synth_22121,175
synth_22260,175
synth_22101,175
synth_22224,175
synth_22256,175
synth_22092,175
synth_22150,175
synth_22080,175
synth_22267,175
synth_22178,175
synth_22221,175
synth_22095,175
synth_22210,175
synth_22072,175
synth_22252,175
synth_22249,175
synth_22122,175
synth_22123,175
synth_22113,175
synth_22124,175
synth_22228,175
synth_22152,175
synth_22162,175
synth_22192,175
synth_22248,175
synth_22257,175
synth_22141,175
synth_22223,175
synth_22268,175
synth_22119,175
synth_22100,175
synth_22110,175
synth_22118,175
synth_22241,175
synth_22238,175
synth_22117,175
synth_22133,175
synth_22149,175
synth_22138,175
synth_22230,175
synth_22213,175
synth_22144,175
synth_22088,175
synth_22227,175
synth_22182,175
synth_22255,175
synth_22245,175
synth_22115,175
synth_22212,175
synth_22235,175
synth_22201,175
synth_22220,175
synth_22172,175
synth_22203,175
synth_22239,175
synth_22155,175
synth_22250,175
synth_22243,175
synth_22175,175
synth_22164,175
synth_22131,175
synth_22066,175
synth_22269,175
synth_22091,175
synth_22229,175
synth_22071,175
synth_22174,175
synth_22215,175
synth_22163,175
synth_22233,175
synth_22127,175
synth_22198,175
synth_22097,175
synth_22161,175
synth_22068,175
synth_22087,175
synth_22077,175
synth_22063,175
synth_22154,175
synth_22204,175
synth_22076,175
synth_22106,175
synth_22158,175
synth_22103,175
synth_22156,175
synth_22199,175
synth_22216,175
synth_22165,175
synth_22242,175
synth_22065,175
synth_22085,175
synth_22134,175
synth_22099,175
synth_22157,175
synth_22090,175
synth_22176,175
synth_22236,175
synth_22075,175
synth_22125,175
synth_22086,175
synth_22196,175
synth_22272,175
synth_22083,175
synth_22247,175
synth_22254,175
synth_22142,175
synth_22180,175
synth_22129,175
synth_22073,175
synth_22191,175
synth_22202,175
synth_22193,175
synth_22105,175
synth_22139,175
synth_22173,175
synth_22089,175
synth_22108,175
synth_22205,175
synth_22109,175
synth_22231,175
synth_22234,175
synth_22194,175
synth_22273,175
synth_22184,175
synth_22169,175
synth_22244,175
synth_22246,175
synth_22140,175
synth_22147,175
synth_22170,175
synth_22153,175
synth_22214,175
synth_22078,175
synth_22218,175
synth_22107,175
synth_22074,175
synth_22098,175
synth_22148,175
synth_22240,175
synth_22265,175
synth_22112,175
synth_22159,175
synth_22189,175
synth_22190,175
synth_22070,175
synth_22232,175
synth_22081,175
synth_22151,175
synth_22136,175
synth_22126,175
synth_22207,175
synth_22093,175
synth_22146,175
synth_22145,175
synth_22167,175
synth_22264,175
synth_22064,175
synth_22225,175
synth_22226,175
synth_22069,175
synth_22084,175
synth_22082,175
synth_22209,175
synth_22135,175
synth_22187,175
synth_22206,175
synth_22259,175
synth_22111,175
synth_22217,175
synth_22253,175
synth_22120,175
synth_22067,175
synth_22128,175
synth_22274,175
synth_22179,175
synth_22130,175
synth_22262,175
synth_22237,175
synth_22261,175
synth_22208,175
synth_22251,175
synth_22336,174
synth_22380,174
synth_22393,174
synth_22332,174
synth_22414,174
synth_22443,174
synth_22463,174
synth_22360,174
synth_22428,174
synth_22367,174
synth_22283,174
synth_22362,174
synth_22410,174
synth_22352,174
synth_22291,174
synth_22363,174
synth_22466,174
synth_22435,174
synth_22318,174
synth_22417,174
synth_22287,174
synth_22346,174
synth_22385,174
synth_22416,174
synth_22388,174
synth_22321,174
synth_22305,174
synth_22456,174
synth_22485,174
synth_22474,174
synth_22371,174
synth_22464,174
synth_22361,174
synth_22442,174
synth_22331,174
synth_22358,174
synth_22280,174
synth_22359,174
synth_22302,174
synth_22465,174
synth_22459,174
synth_22462,174
synth_22277,174
synth_22323,174
synth_22486,174
synth_22387,174
synth_22337,174
synth_22392,174
synth_22308,174
synth_22379,174
synth_22338,174
synth_22409,174
synth_22454,174
synth_22399,174
synth_22469,174
synth_22281,174
synth_22355,174
synth_22319,174
synth_22422,174
synth_22398,174
synth_22301,174
synth_22329,174
synth_22351,174
synth_22477,174
synth_22278,174
synth_22372,174
synth_22320,174
synth_22317,174
synth_22406,174
synth_22312,174
synth_22353,174
synth_22357,174
synth_22374,174
synth_22376,174
synth_22482,174
synth_22445,174
synth_22279,174
synth_22350,174
synth_22483,174
synth_22311,174
synth_22429,174
synth_22307,174
synth_22413,174
synth_22458,174
synth_22412,174
synth_22472,174
synth_22282,174
synth_22430,174
synth_22402,174
synth_22468,174
synth_22290,174
synth_22382,174
synth_22369,174
synth_22444,174
synth_22476,174
synth_22390,174
synth_22407,174
synth_22381,174
synth_22373,174
synth_22404,174
synth_22314,174
synth_22300,174
synth_22446,174
synth_22455,174
synth_22295,174
synth_22293,174
synth_22325,174
synth_22327,174
synth_22396,174
synth_22479,174
synth_22296,174
synth_22365,174
synth_22356,174
synth_22401,174
synth_22471,174
synth_22341,174
synth_22347,174
synth_22431,174
synth_22313,174
synth_22436,174
synth_22285,174
synth_22370,174
synth_22440,174
synth_22391,174
synth_22384,174
synth_22434,174
synth_22276,174
synth_22368,174
synth_22405,174
synth_22310,174
synth_22478,174
synth_22378,174
synth_22421,174
synth_22397,174
synth_22467,174
synth_22484,174
synth_22447,174
synth_22286,174
synth_22408,174
synth_22297,174
synth_22453,174
synth_22460,174
synth_22315,174
synth_22403,174
synth_22415,174
synth_22386,174
synth_22457,174
synth_22366,174
synth_22330,174
synth_22328,174
synth_22364,174
synth_22275,174
synth_22389,174
synth_22335,174
synth_22342,174
synth_22343,174
synth_22480,174
synth_22433,174
synth_22449,174
synth_22377,174
synth_22451,174
synth_22334,174
synth_22400,174
synth_22420,174
synth_22452,174
synth_22488,174
synth_22292,174
synth_22349,174
synth_22298,174
synth_22395,174
synth_22425,174
synth_22339,174
synth_22411,174
synth_22426,174
synth_22303,174
synth_22340,174
synth_22423,174
synth_22306,174
synth_22288,174
synth_22304,174
synth_22419,174
synth_22461,174
synth_22432,174
synth_22354,174
synth_22473,174
synth_22348,174
synth_22450,174
synth_22438,174
synth_22299,174
synth_22394,174
synth_22284,174
synth_22326,174
synth_22418,174
synth_22333,174
synth_22345,174
synth_22424,174
synth_22470,174
synth_22322,174
synth_22294,174
synth_22344,174
synth_22437,174
synth_22383,174
synth_22441,174
synth_22309,174
synth_22448,174
synth_22316,174
synth_22324,174
synth_22289,174
synth_22487,174
synth_22481,174
synth_22427,174
synth_22475,174
synth_22375,174
synth_22439,174
synth_22600,173
synth_22519,173
synth_22624,173
synth_22673,173
synth_22498,173
synth_22556,173
synth_22565,173
synth_22658,173
synth_22674,173
synth_22675,173
synth_22676,173
synth_22575,173
synth_22628,173
synth_22572,173
synth_22694,173
synth_22590,173
synth_22496,173
synth_22544,173
synth_22700,173
synth_22522,173
synth_22540,173
synth_22548,173
synth_22706,173
synth_22510,173
synth_22687,173
synth_22611,173
synth_22632,173
synth_22666,173
synth_22502,173
synth_22539,173
synth_22613,173
synth_22608,173
synth_22621,173
synth_22571,173
synth_22609,173
synth_22633,173
synth_22656,173
synth_22561,173
synth_22566,173
synth_22671,173
synth_22696,173
synth_22563,173
synth_22554,173
synth_22698,173
synth_22506,173
synth_22668,173
synth_22704,173
synth_22504,173
synth_22631,173
synth_22574,173
synth_22705,173
synth_22584,173
synth_22500,173
synth_22518,173
synth_22593,173
synth_22648,173
synth_22492,173
synth_22595,173
synth_22642,173
synth_22703,173
synth_22677,173
synth_22604,173
synth_22649,173
synth_22545,173
synth_22591,173
synth_22690,173
synth_22497,173
synth_22603,173
synth_22528,173
synth_22555,173
synth_22567,173
synth_22683,173
synth_22516,173
synth_22501,173
synth_22525,173
synth_22532,173
synth_22623,173
synth_22686,173
synth_22585,173
synth_22494,173
synth_22507,173
synth_22597,173
synth_22592,173
synth_22599,173
synth_22533,173
synth_22577,173
synth_22678,173
synth_22689,173
synth_22602,173
synth_22551,173
synth_22570,173
synth_22651,173
synth_22626,173
synth_22524,173
synth_22549,173
synth_22644,173
synth_22701,173
synth_22650,173
synth_22664,173
synth_22622,173
synth_22643,173
synth_22682,173
synth_22489,173
synth_22495,173
synth_22553,173
synth_22695,173
synth_22581,173
synth_22618,173
synth_22635,173
synth_22587,173
synth_22667,173
synth_22499,173
synth_22606,173
synth_22619,173
synth_22490,173
synth_22670,173
synth_22646,173
synth_22509,173
synth_22657,173
synth_22579,173
synth_22617,173
synth_22655,173
synth_22612,173
synth_22541,173
synth_22559,173
synth_22520,173
synth_22578,173
synth_22636,173
synth_22568,173
synth_22582,173
synth_22637,173
synth_22491,173
synth_22627,173
synth_22638,173
synth_22515,173
synth_22652,173
synth_22511,173
synth_22697,173
synth_22605,173
synth_22594,173
synth_22521,173
synth_22661,173
synth_22531,173
synth_22663,173
synth_22620,173
synth_22634,173
synth_22669,173
synth_22691,173
synth_22685,173
synth_22503,173
synth_22589,173
synth_22508,173
synth_22550,173
synth_22576,173
synth_22558,173
synth_22692,173
synth_22629,173
synth_22526,173
synth_22557,173
synth_22538,173
synth_22679,173
synth_22607,173
synth_22514,173
synth_22588,173
synth_22653,173
synth_22493,173
synth_22523,173
synth_22645,173
synth_22530,173
synth_22639,173
synth_22647,173
synth_22662,173
synth_22693,173
synth_22680,173
synth_22546,173
synth_22537,173
synth_22534,173
synth_22699,173
synth_22547,173
synth_22684,173
synth_22598,173
synth_22569,173
synth_22573,173
synth_22596,173
synth_22601,173
synth_22583,173
synth_22672,173
synth_22542,173
synth_22562,173
synth_22560,173
synth_22586,173
synth_22659,173
synth_22610,173
synth_22543,173
synth_22517,173
synth_22552,173
synth_22688,173
synth_22615,173
synth_22513,173
synth_22536,173
synth_22614,173
synth_22640,173
synth_22654,173
synth_22616,173
synth_22512,173
synth_22527,173
synth_22641,173
synth_22681,173
synth_22665,173
synth_22529,173
synth_22580,173
synth_22505,173
synth_22630,173
synth_22625,173
synth_22660,173
synth_22564,173
synth_22535,173
synth_22702,173
synth_22754,172
synth_22788,172
synth_22885,172
synth_22805,172
synth_22713,172
synth_22735,172
synth_22707,172
synth_22708,172
synth_22779,172
synth_22797,172
synth_22745,172
synth_22785,172
synth_22817,172
synth_22855,172
synth_22848,172
synth_22819,172
synth_22833,172
synth_22721,172
synth_22722,172
synth_22729,172
synth_22876,172
synth_22714,172
synth_22765,172
synth_22731,172
synth_22849,172
synth_22803,172
synth_22888,172
synth_22857,172
synth_22712,172
synth_22772,172
synth_22787,172
synth_22894,172
synth_22796,172
synth_22860,172
synth_22869,172
synth_22780,172
synth_22827,172
synth_22840,172
synth_22856,172
synth_22718,172
synth_22907,172
synth_22868,172
synth_22815,172
synth_22851,172
synth_22866,172
synth_22771,172
synth_22859,172
synth_22709,172
synth_22890,172
synth_22723,172
synth_22767,172
synth_22899,172
synth_22730,172
synth_22878,172
synth_22781,172
synth_22918,172
synth_22742,172
synth_22764,172
synth_22786,172
synth_22873,172
synth_22896,172
synth_22807,172
synth_22842,172
synth_22798,172
synth_22895,172
synth_22839,172
synth_22915,172
synth_22770,172
synth_22917,172
synth_22737,172
synth_22912,172
synth_22814,172
synth_22892,172
synth_22719,172
synth_22776,172
synth_22922,172
synth_22746,172
synth_22716,172
synth_22905,172
synth_22837,172
synth_22793,172
synth_22795,172
synth_22777,172
synth_22784,172
synth_22834,172
synth_22761,172
synth_22769,172
synth_22791,172
synth_22891,172
synth_22720,172
synth_22752,172
synth_22861,172
synth_22921,172
synth_22825,172
synth_22850,172
synth_22763,172
synth_22902,172
synth_22923,172
synth_22727,172
synth_22758,172
synth_22757,172
synth_22775,172
synth_22919,172
synth_22863,172
synth_22867,172
synth_22734,172
synth_22768,172
synth_22828,172
synth_22864,172
synth_22804,172
synth_22882,172
synth_22821,172
synth_22906,172
synth_22753,172
synth_22886,172
synth_22832,172
synth_22751,172
synth_22774,172
synth_22880,172
synth_22897,172
synth_22909,172
synth_22732,172
synth_22874,172
synth_22728,172
synth_22806,172
synth_22801,172
synth_22823,172
synth_22893,172
synth_22925,172
synth_22799,172
synth_22879,172
synth_22736,172
synth_22841,172
synth_22901,172
synth_22853,172
synth_22914,172
synth_22845,172
synth_22900,172
synth_22829,172
synth_22838,172
synth_22913,172
synth_22740,172
synth_22739,172
synth_22924,172
synth_22741,172
synth_22724,172
synth_22836,172
synth_22920,172
synth_22748,172
synth_22926,172
synth_22744,172
synth_22870,172
synth_22884,172
synth_22792,172
synth_22816,172
synth_22820,172
synth_22844,172
synth_22762,172
synth_22826,172
synth_22846,172
synth_22783,172
synth_22790,172
synth_22810,172
synth_22726,172
synth_22835,172
synth_22756,172
synth_22812,172
synth_22822,172
synth_22808,172
synth_22847,172
synth_22750,172
synth_22858,172
synth_22711,172
synth_22927,172
synth_22733,172
synth_22759,172
synth_22854,172
synth_22898,172
synth_22755,172
synth_22773,172
synth_22789,172
synth_22715,172
synth_22824,172
synth_22887,172
synth_22747,172
synth_22809,172
synth_22871,172
synth_22872,172
synth_22904,172
synth_22818,172
synth_22778,172
synth_22831,172
synth_22910,172
synth_22889,172
synth_22802,172
synth_22800,172
synth_22811,172
synth_22738,172
synth_22743,172
synth_22883,172
synth_22843,172
synth_22717,172
synth_22782,172
synth_22903,172
synth_22916,172
synth_22794,172
synth_22852,172
synth_22830,172
synth_22908,172
synth_22877,172
synth_22813,172
synth_22749,172
synth_22881,172
synth_22862,172
synth_22710,172
synth_22766,172
synth_22911,172
synth_22760,172
synth_22875,172
synth_22725,172
synth_22865,172
synth_22946,171
synth_22948,171
synth_23103,171
synth_23026,171
synth_23076,171
synth_22962,171
synth_22982,171
synth_23011,171
synth_23016,171
synth_23126,171
synth_22955,171
synth_22934,171
synth_23097,171
synth_23124,171
synth_23042,171
synth_23069,171
synth_23107,171
synth_23060,171
synth_23132,171
synth_23135,171
synth_23106,171
synth_23065,171
synth_23063,171
synth_23091,171
synth_23133,171
synth_23034,171
synth_23003,171
synth_22935,171
synth_22939,171
synth_23002,171
synth_22975,171
synth_23131,171
synth_22970,171
synth_23006,171
synth_23021,171
synth_23043,171
synth_23101,171
synth_23072,171
synth_22967,171
synth_23122,171
synth_23120,171
synth_23115,171
synth_22931,171
synth_23051,171
synth_23061,171
synth_23114,171
synth_22987,171
synth_23012,171
synth_23136,171
synth_23005,171
synth_23028,171
synth_23029,171
synth_22953,171
synth_23089,171
synth_23130,171
synth_22951,171
synth_22959,171
synth_22954,171
synth_22928,171
synth_23040,171
synth_22936,171
synth_22958,171
synth_23045,171
synth_22977,171
synth_22999,171
synth_22945,171
synth_23022,171
synth_22996,171
synth_23009,171
synth_23030,171
synth_23057,171
synth_23118,171
synth_22950,171
synth_22978,171
synth_22998,171
synth_23007,171
synth_23004,171
synth_23058,171
synth_23096,171
synth_23104,171
synth_23151,171
synth_23013,171
synth_22989,171
synth_23024,171
synth_23144,171
synth_23108,171
synth_22971,171
synth_23071,171
synth_22965,171
synth_23046,171
synth_23048,171
synth_23137,171
synth_23019,171
synth_22963,171
synth_23018,171
synth_23023,171
synth_22941,171
synth_23080,171
synth_22966,171
synth_23088,171
synth_23134,171
synth_22973,171
synth_23146,171
synth_23039,171
synth_23044,171
synth_23113,171
synth_22964,171
synth_23100,171
synth_22981,171
synth_23098,171
synth_23139,171
synth_23121,171
synth_23145,171
synth_23066,171
synth_23110,171
synth_22990,171
synth_23112,171
synth_23017,171
synth_23035,171
synth_23020,171
synth_22972,171
synth_23033,171
synth_23117,171
synth_23119,171
synth_22976,171
synth_23140,171
synth_23041,171
synth_23062,171
synth_22938,171
synth_23055,171
synth_23073,171
synth_23147,171
synth_22932,171
synth_23031,171
synth_23079,171
synth_23111,171
synth_23049,171
synth_23070,171
synth_22992,171
synth_23050,171
synth_23092,171
synth_23109,171
synth_22960,171
synth_23038,171
synth_22985,171
synth_23143,171
synth_23093,171
synth_23123,171
synth_23125,171
synth_23085,171
synth_22997,171
synth_22961,171
synth_23099,171
synth_22995,171
synth_22944,171
synth_23037,171
synth_23067,171
synth_23090,171
synth_23128,171
synth_23138,171
synth_23075,171
synth_23081,171
synth_22980,171
synth_23083,171
synth_23094,171
synth_22943,171
synth_23095,171
synth_23102,171
synth_22952,171
synth_23127,171
synth_22979,171
synth_22974,171
synth_23082,171
synth_22947,171
synth_23150,171
synth_22933,171
synth_22991,171
synth_23010,171
synth_23142,171
synth_23141,171
synth_22986,171
synth_22937,171
synth_23074,171
synth_23116,171
synth_22984,171
synth_22930,171
synth_23025,171
synth_22994,171
synth_23052,171
synth_23053,171
synth_23008,171
synth_23087,171
synth_23105,171
synth_22929,171
synth_22968,171
synth_23056,171
synth_23027,171
synth_22969,171
synth_23078,171
synth_22957,171
synth_22949,171
synth_23086,171
synth_23068,171
synth_23054,171
synth_23064,171
synth_23084,171
synth_22942,171
synth_23148,171
synth_22983,171
synth_23001,171
synth_23149,171
synth_23129,171
synth_23014,171
synth_23077,171
synth_23032,171
synth_22956,171
synth_23000,171
synth_22988,171
synth_22993,171
synth_22940,171
synth_23036,171
synth_23015,171
synth_23047,171
synth_23059,171
synth_23261,170
synth_23307,170
synth_23219,170
synth_23288,170
synth_23365,170
synth_23199,170
synth_23197,170
synth_23339,170
synth_23348,170
synth_23162,170
synth_23297,170
synth_23328,170
synth_23216,170
synth_23310,170
synth_23318,170
synth_23223,170
synth_23278,170
synth_23338,170
synth_23274,170
synth_23190,170
synth_23235,170
synth_23276,170
synth_23335,170
synth_23326,170
synth_23255,170
synth_23340,170
synth_23291,170
synth_23230,170
synth_23355,170
synth_23376,170
synth_23225,170
synth_23317,170
synth_23205,170
synth_23206,170
synth_23304,170
synth_23175,170
synth_23182,170
synth_23179,170
synth_23362,170
synth_23282,170
synth_23212,170
synth_23329,170
synth_23353,170
synth_23169,170
synth_23346,170
synth_23157,170
synth_23172,170
synth_23239,170
synth_23189,170
synth_23251,170
synth_23336,170
synth_23224,170
synth_23168,170
synth_23321,170
synth_23246,170
synth_23226,170
synth_23263,170
synth_23204,170
synth_23319,170
synth_23344,170
synth_23352,170
synth_23229,170
synth_23236,170
synth_23237,170
synth_23185,170
synth_23213,170
synth_23152,170
synth_23244,170
synth_23271,170
synth_23259,170
synth_23257,170
synth_23296,170
synth_23269,170
synth_23289,170
synth_23163,170
synth_23184,170
synth_23345,170
synth_23368,170
synth_23165,170
synth_23174,170
synth_23313,170
synth_23334,170
synth_23208,170
synth_23183,170
synth_23268,170
synth_23375,170
synth_23241,170
synth_23305,170
synth_23217,170
synth_23254,170
synth_23265,170
synth_23240,170
synth_23248,170
synth_23301,170
synth_23272,170
synth_23232,170
synth_23343,170
synth_23171,170
synth_23198,170
synth_23200,170
synth_23359,170
synth_23366,170
synth_23234,170
synth_23370,170
synth_23247,170
synth_23379,170
synth_23186,170
synth_23323,170
synth_23374,170
synth_23194,170
synth_23256,170
synth_23312,170
synth_23320,170
synth_23177,170
synth_23218,170
synth_23306,170
synth_23220,170
synth_23158,170
synth_23302,170
synth_23356,170
synth_23176,170
synth_23188,170
synth_23215,170
synth_23164,170
synth_23211,170
synth_23347,170
synth_23377,170
synth_23330,170
synth_23273,170
synth_23180,170
synth_23299,170
synth_23331,170
synth_23358,170
synth_23207,170
synth_23260,170
synth_23277,170
synth_23309,170
synth_23327,170
synth_23298,170
synth_23227,170
synth_23238,170
synth_23242,170
synth_23350,170
synth_23159,170
synth_23181,170
synth_23245,170
synth_23287,170
synth_23170,170
synth_23173,170
synth_23258,170
synth_23281,170
synth_23195,170
synth_23153,170
synth_23285,170
synth_23378,170
synth_23264,170
synth_23332,170
synth_23371,170
synth_23192,170
synth_23178,170
synth_23308,170
synth_23214,170
synth_23341,170
synth_23303,170
synth_23187,170
synth_23284,170
synth_23342,170
synth_23360,170
synth_23367,170
synth_23275,170
synth_23201,170
synth_23267,170
synth_23161,170
synth_23279,170
synth_23191,170
synth_23311,170
synth_23373,170
synth_23210,170
synth_23333,170
synth_23364,170
synth_23337,170
synth_23315,170
synth_23349,170
synth_23252,170
synth_23322,170
synth_23361,170
synth_23286,170
synth_23300,170
synth_23243,170
synth_23228,170
synth_23316,170
synth_23369,170
synth_23231,170
synth_23196,170
synth_23233,170
synth_23253,170
synth_23167,170
synth_23193,170
synth_23203,170
synth_23209,170
synth_23250,170
synth_23314,170
synth_23372,170
synth_23290,170
synth_23280,170
synth_23295,170
synth_23154,170
synth_23283,170
synth_23351,170
synth_23270,170
synth_23293,170
synth_23363,170
synth_23266,170
synth_23325,170
synth_23156,170
synth_23166,170
synth_23221,170
synth_23249,170
synth_23222,170
synth_23357,170
synth_23160,170
synth_23202,170
synth_23262,170
synth_23294,170
synth_23324,170
synth_23354,170
synth_23155,170
synth_23292,170
synth_23568,169
synth_23451,169
synth_23468,169
synth_23500,169
synth_23463,169
synth_23556,169
synth_23530,169
synth_23573,169
synth_23576,169
synth_23494,169
synth_23578,169
synth_23439,169
synth_23442,169
synth_23574,169
synth_23400,169
synth_23447,169
synth_23565,169
synth_23381,169
synth_23423,169
synth_23560,169
synth_23401,169
synth_23382,169
synth_23443,169
synth_23466,169
synth_23469,169
synth_23518,169
synth_23396,169
synth_23483,169
synth_23384,169
synth_23430,169
synth_23586,169
synth_23438,169
synth_23498,169
synth_23567,169
synth_23395,169
synth_23561,169
synth_23460,169
synth_23548,169
synth_23602,169
synth_23485,169
synth_23546,169
synth_23425,169
synth_23505,169
synth_23432,169
synth_23385,169
synth_23415,169
synth_23515,169
synth_23527,169
synth_23387,169
synth_23583,169
synth_23399,169
synth_23524,169
synth_23389,169
synth_23569,169
synth_23529,169
synth_23406,169
synth_23465,169
synth_23528,169
synth_23558,169
synth_23444,169
synth_23516,169
synth_23431,169
synth_23459,169
synth_23475,169
synth_23538,169
synth_23429,169
synth_23452,169
synth_23555,169
synth_23519,169
synth_23517,169
synth_23587,169
synth_23597,169
synth_23434,169
synth_23536,169
synth_23449,169
synth_23501,169
synth_23508,169
synth_23581,169
synth_23572,169
synth_23457,169
synth_23409,169
synth_23511,169
synth_23605,169
synth_23591,169
synth_23435,169
synth_23445,169
synth_23462,169
synth_23513,169
synth_23575,169
synth_23477,169
synth_23566,169
synth_23388,169
synth_23448,169
synth_23489,169
synth_23394,169
synth_23559,169
synth_23412,169
synth_23473,169
synth_23428,169
synth_23539,169
synth_23603,169
synth_23470,169
synth_23495,169
synth_23606,169
synth_23478,169
synth_23456,169
synth_23582,169
synth_23437,169
synth_23383,169
synth_23393,169
synth_23422,169
synth_23525,169
synth_23607,169
synth_23397,169
synth_23545,169
synth_23554,169
synth_23595,169
synth_23608,169
synth_23488,169
synth_23523,169
synth_23402,169
synth_23472,169
synth_23535,169
synth_23464,169
synth_23604,169
synth_23471,169
synth_23479,169
synth_23552,169
synth_23507,169
synth_23599,169
synth_23441,169
synth_23550,169
synth_23610,169
synth_23414,169
synth_23499,169
synth_23589,169
synth_23454,169
synth_23504,169
synth_23418,169
synth_23521,169
synth_23520,169
synth_23531,169
synth_23391,169
synth_23522,169
synth_23532,169
synth_23405,169
synth_23590,169
synth_23453,169
synth_23474,169
synth_23509,169
synth_23416,169
synth_23585,169
synth_23408,169
synth_23491,169
synth_23533,169
synth_23594,169
synth_23514,169
synth_23601,169
synth_23446,169
synth_23484,169
synth_23398,169
synth_23461,169
synth_23433,169
synth_23577,169
synth_23480,169
synth_23407,169
synth_23386,169
synth_23476,169
synth_23544,169
synth_23503,169
synth_23551,169
synth_23492,169
synth_23502,169
synth_23571,169
synth_23419,169
synth_23436,169
synth_23598,169
synth_23450,169
synth_23490,169
synth_23588,169
synth_23609,169
synth_23403,169
synth_23427,169
synth_23424,169
synth_23390,169
synth_23592,169
synth_23547,169
synth_23526,169
synth_23611,169
synth_23410,169
synth_23579,169
synth_23420,169
synth_23458,169
synth_23534,169
synth_23584,169
synth_23596,169
synth_23562,169
synth_23486,169
synth_23570,169
synth_23510,169
synth_23497,169
synth_23421,169
synth_23593,169
synth_23506,169
synth_23540,169
synth_23417,169
synth_23481,169
synth_23553,169
synth_23467,169
synth_23487,169
synth_23600,169
synth_23493,169
synth_23549,169
synth_23557,169
synth_23380,169
synth_23512,169
synth_23482,169
synth_23455,169
synth_23542,169
synth_23496,169
synth_23426,169
synth_23541,169
synth_23543,169
synth_23563,169
synth_23580,169
synth_23404,169
synth_23411,169
synth_23413,169
synth_23440,169
synth_23392,169
synth_23537,169
synth_23564,169
synth_23659,168
synth_23690,168
synth_23767,168
synth_23794,168
synth_23683,168
synth_23714,168
synth_23760,168
synth_23762,168
synth_23845,168
synth_23783,168
synth_23638,168
synth_23772,168
synth_23828,168
synth_23660,168
synth_23829,168
synth_23621,168
synth_23677,168
synth_23685,168
synth_23738,168
synth_23834,168
synth_23792,168
synth_23734,168
synth_23811,168
synth_23633,168
synth_23815,168
synth_23771,168
synth_23803,168
synth_23841,168
synth_23812,168
synth_23669,168
synth_23831,168
synth_23809,168
synth_23827,168
synth_23733,168
synth_23650,168
synth_23648,168
synth_23799,168
synth_23784,168
synth_23616,168
synth_23750,168
synth_23632,168
synth_23662,168
synth_23819,168
synth_23807,168
synth_23696,168
synth_23774,168
synth_23645,168
synth_23806,168
synth_23689,168
synth_23805,168
synth_23641,168
synth_23695,168
synth_23748,168
synth_23833,168
synth_23838,168
synth_23705,168
synth_23769,168
synth_23681,168
synth_23776,168
synth_23754,168
synth_23718,168
synth_23667,168
synth_23687,168
synth_23720,168
synth_23701,168
synth_23724,168
synth_23830,168
synth_23802,168
synth_23779,168
synth_23847,168
synth_23719,168
synth_23615,168
synth_23753,168
synth_23722,168
synth_23639,168
synth_23737,168
synth_23763,168
synth_23777,168
synth_23739,168
synth_23759,168
synth_23801,168
synth_23636,168
synth_23752,168
synth_23657,168
synth_23635,168
synth_23661,168
synth_23728,168
synth_23647,168
synth_23674,168
synth_23786,168
synth_23804,168
synth_23844,168
synth_23694,168
synth_23744,168
synth_23710,168
synth_23654,168
synth_23644,168
synth_23671,168
synth_23676,168
synth_23747,168
synth_23758,168
synth_23755,168
synth_23709,168
synth_23670,168
synth_23699,168
synth_23625,168
synth_23692,168
synth_23788,168
synth_23797,168
synth_23618,168
synth_23821,168
synth_23757,168
synth_23717,168
synth_23619,168
synth_23749,168
synth_23820,168
synth_23623,168
synth_23756,168
synth_23649,168
synth_23678,168
synth_23672,168
synth_23679,168
synth_23684,168
synth_23730,168
synth_23612,168
synth_23787,168
synth_23741,168
synth_23826,168
synth_23836,168
synth_23715,168
synth_23637,168
synth_23691,168
synth_23775,168
synth_23634,168
synth_23731,168
synth_23742,168
synth_23740,168
synth_23655,168
synth_23702,168
synth_23782,168
synth_23796,168
synth_23663,168
synth_23761,168
synth_23653,168
synth_23825,168
synth_23643,168
synth_23766,168
synth_23704,168
synth_23816,168
synth_23664,168
synth_23682,168
synth_23780,168
synth_23814,168
synth_23700,168
synth_23703,168
synth_23745,168
synth_23798,168
synth_23781,168
synth_23698,168
synth_23751,168
synth_23656,168
synth_23711,168
synth_23823,168
synth_23675,168
synth_23617,168
synth_23708,168
synth_23818,168
synth_23808,168
synth_23652,168
synth_23713,168
synth_23839,168
synth_23837,168
synth_23627,168
synth_23651,168
synth_23630,168
synth_23840,168
synth_23800,168
synth_23764,168
synth_23721,168
synth_23727,168
synth_23778,168
synth_23765,168
synth_23631,168
synth_23773,168
synth_23640,168
synth_23716,168
synth_23813,168
synth_23628,168
synth_23789,168
synth_23697,168
synth_23668,168
synth_23658,168
synth_23686,168
synth_23790,168
synth_23642,168
synth_23680,168
synth_23688,168
synth_23736,168
synth_23620,168
synth_23732,168
synth_23832,168
synth_23846,168
synth_23810,168
synth_23613,168
synth_23712,168
synth_23817,168
synth_23835,168
synth_23743,168
synth_23725,168
synth_23785,168
synth_23614,168
synth_23706,168
synth_23824,168
synth_23629,168
synth_23768,168
synth_23707,168
synth_23843,168
synth_23729,168
synth_23626,168
synth_23770,168
synth_23791,168
synth_23673,168
synth_23793,168
synth_23665,168
synth_23842,168
synth_23795,168
synth_23746,168
synth_23822,168
synth_23735,168
synth_23624,168
synth_23723,168
synth_23622,168
synth_23646,168
synth_23726,168
synth_23666,168
synth_23693,168
synth_23882,167
synth_23920,167
synth_24035,167
synth_23962,167
synth_23966,167
synth_23941,167
synth_23853,167
synth_23869,167
synth_23892,167
synth_23965,167
synth_24033,167
synth_24086,167
synth_23939,167
synth_23992,167
synth_24001,167
synth_24075,167
synth_24009,167
synth_23896,167
synth_24048,167
synth_23926,167
synth_23875,167
synth_23960,167
synth_24064,167
synth_24016,167
synth_24046,167
synth_23971,167
synth_24030,167
synth_23865,167
synth_24002,167
synth_24003,167
synth_23894,167
synth_23904,167
synth_23951,167
synth_23903,167
synth_23928,167
synth_23906,167
synth_23872,167
synth_23895,167
synth_23930,167
synth_24055,167
synth_23855,167
synth_23857,167
synth_24063,167
synth_23848,167
synth_23968,167
synth_24014,167
synth_23858,167
synth_23888,167
synth_24026,167
synth_23850,167
synth_23969,167
synth_24051,167
synth_23909,167
synth_23910,167
synth_23972,167
synth_24076,167
synth_24080,167
synth_24072,167
synth_23933,167
synth_23959,167
synth_23873,167
synth_23961,167
synth_24018,167
synth_23923,167
synth_24081,167
synth_23963,167
synth_23990,167
synth_23864,167
synth_23991,167
synth_23908,167
synth_23925,167
synth_24052,167
synth_24015,167
synth_23905,167
synth_24020,167
synth_24040,167
synth_23899,167
synth_23881,167
synth_23937,167
synth_24079,167
synth_24044,167
synth_23932,167
synth_23957,167
synth_23993,167
synth_23994,167
synth_23851,167
synth_24039,167
synth_23860,167
synth_23956,167
synth_24060,167
synth_23967,167
synth_23880,167
synth_23927,167
synth_24073,167
synth_24024,167
synth_23877,167
synth_23885,167
synth_24045,167
synth_24056,167
synth_23879,167
synth_23897,167
synth_24059,167
synth_23936,167
synth_23948,167
synth_23977,167
synth_24010,167
synth_24017,167
synth_24068,167
synth_24077,167
synth_23986,167
synth_24028,167
synth_23900,167
synth_24065,167
synth_23849,167
synth_23938,167
synth_24006,167
synth_24042,167
synth_23997,167
synth_23911,167
synth_24071,167
synth_23922,167
synth_23868,167
synth_23914,167
synth_23953,167
synth_23886,167
synth_23984,167
synth_23964,167
synth_24005,167
synth_23999,167
synth_23863,167
synth_24070,167
synth_24085,167
synth_23913,167
synth_24031,167
synth_23907,167
synth_24023,167
synth_24054,167
synth_23862,167
synth_23946,167
synth_24058,167
synth_23852,167
synth_23866,167
synth_24004,167
synth_23980,167
synth_23998,167
synth_23917,167
synth_23898,167
synth_23901,167
synth_23893,167
synth_24067,167
synth_23915,167
synth_24011,167
synth_23874,167
synth_24008,167
synth_23943,167
synth_23955,167
synth_23988,167
synth_23978,167
synth_23945,167
synth_23947,167
synth_24083,167
synth_24012,167
synth_23854,167
synth_23876,167
synth_24041,167
synth_23989,167
synth_23970,167
synth_23867,167
synth_23883,167
synth_24062,167
synth_23861,167
synth_23949,167
synth_23995,167
synth_24022,167
synth_24047,167
synth_23856,167
synth_23996,167
synth_24049,167
synth_23918,167
synth_24025,167
synth_23987,167
synth_23890,167
synth_24057,167
synth_23921,167
synth_23944,167
synth_24007,167
synth_23870,167
synth_23981,167
synth_24032,167
synth_24061,167
synth_23871,167
synth_23878,167
synth_23934,167
synth_23887,167
synth_24038,167
synth_23950,167
synth_24084,167
synth_23916,167
synth_23859,167
synth_23940,167
synth_23958,167
synth_24000,167
synth_23924,167
synth_23929,167
synth_24053,167
synth_23884,167
synth_24036,167
synth_23912,167
synth_23983,167
synth_23979,167
synth_23985,167
synth_24069,167
synth_24082,167
synth_24066,167
synth_24027,167
synth_23942,167
synth_24034,167
synth_23954,167
synth_24013,167
synth_23975,167
synth_24029,167
synth_23952,167
synth_24078,167
synth_23976,167
synth_24074,167
synth_23902,167
synth_24021,167
synth_24043,167
synth_23889,167
synth_24037,167
synth_23935,167
synth_24019,167
synth_23973,167
synth_24050,167
synth_23919,167
synth_23974,167
synth_23931,167
synth_23891,167
synth_23982,167
synth_24099,166
synth_24300,166
synth_24237,166
synth_24234,166
synth_24326,166
synth_24101,166
synth_24301,166
synth_24154,166
synth_24278,166
synth_24123,166
synth_24283,166
synth_24323,166
synth_24309,166
synth_24144,166
synth_24178,166
synth_24227,166
synth_24107,166
synth_24307,166
synth_24184,166
synth_24205,166
synth_24157,166
synth_24104,166
synth_24138,166
synth_24223,166
synth_24256,166
synth_24172,166
synth_24128,166
synth_24207,166
synth_24175,166
synth_24195,166
synth_24314,166
synth_24289,166
synth_24159,166
synth_24288,166
synth_24191,166
synth_24134,166
synth_24151,166
synth_24287,166
synth_24129,166
synth_24282,166
synth_24303,166
synth_24150,166
synth_24329,166
synth_24243,166
synth_24297,166
synth_24222,166
synth_24246,166
synth_24271,166
synth_24116,166
synth_24145,166
synth_24148,166
synth_24239,166
synth_24259,166
synth_24113,166
synth_24277,166
synth_24180,166
synth_24322,166
synth_24146,166
synth_24197,166
synth_24252,166
synth_24213,166
synth_24240,166
synth_24296,166
synth_24177,166
synth_24208,166
synth_24209,166
synth_24158,166
synth_24174,166
synth_24245,166
synth_24217,166
synth_24276,166
synth_24255,166
synth_24187,166
synth_24203,166
synth_24135,166
synth_24194,166
synth_24110,166
synth_24318,166
synth_24162,166
synth_24241,166
synth_24117,166
synth_24225,166
synth_24193,166
synth_24230,166
synth_24250,166
synth_24186,166
synth_24122,166
synth_24176,166
synth_24202,166
synth_24220,166
synth_24103,166
synth_24285,166
synth_24118,166
synth_24310,166
synth_24108,166
synth_24173,166
synth_24244,166
synth_24167,166
synth_24273,166
synth_24316,166
synth_24109,166
synth_24125,166
synth_24229,166
synth_24328,166
synth_24232,166
synth_24284,166
synth_24094,166
synth_24136,166
synth_24327,166
synth_24268,166
synth_24233,166
synth_24279,166
synth_24105,166
synth_24131,166
synth_24295,166
synth_24089,166
synth_24257,166
synth_24161,166
synth_24164,166
synth_24251,166
synth_24093,166
synth_24153,166
synth_24137,166
synth_24170,166
synth_24156,166
synth_24200,166
synth_24112,166
synth_24185,166
synth_24088,166
synth_24121,166
synth_24098,166
synth_24238,166
synth_24308,166
synth_24315,166
synth_24183,166
synth_24163,166
synth_24090,166
synth_24140,166
synth_24188,166
synth_24324,166
synth_24206,166
synth_24182,166
synth_24139,166
synth_24120,166
synth_24274,166
synth_24311,166
synth_24325,166
synth_24219,166
synth_24142,166
synth_24087,166
synth_24169,166
synth_24215,166
synth_24221,166
synth_24133,166
synth_24236,166
synth_24242,166
synth_24155,166
synth_24160,166
synth_24114,166
synth_24254,166
synth_24092,166
synth_24100,166
synth_24214,166
synth_24275,166
synth_24091,166
synth_24290,166
synth_24292,166
synth_24211,166
synth_24111,166
synth_24265,166
synth_24141,166
synth_24291,166
synth_24189,166
synth_24168,166
synth_24165,166
synth_24097,166
synth_24166,166
synth_24171,166
synth_24320,166
synth_24249,166
synth_24201,166
synth_24261,166
synth_24192,166
synth_24231,166
synth_24106,166
synth_24226,166
synth_24258,166
synth_24321,166
synth_24216,166
synth_24317,166
synth_24218,166
synth_24262,166
synth_24102,166
synth_24298,166
synth_24312,166
synth_24130,166
synth_24272,166
synth_24147,166
synth_24253,166
synth_24095,166
synth_24313,166
synth_24280,166
synth_24179,166
synth_24210,166
synth_24124,166
synth_24126,166
synth_24190,166
synth_24199,166
synth_24299,166
synth_24224,166
synth_24260,166
synth_24247,166
synth_24270,166
synth_24119,166
synth_24196,166
synth_24228,166
synth_24198,166
synth_24269,166
synth_24204,166
synth_24248,166
synth_24263,166
synth_24266,166
synth_24267,166
synth_24115,166
synth_24235,166
synth_24286,166
synth_24149,166
synth_24264,166
synth_24132,166
synth_24304,166
synth_24127,166
synth_24212,166
synth_24302,166
synth_24096,166
synth_24281,166
synth_24306,166
synth_24152,166
synth_24293,166
synth_24294,166
synth_24143,166
synth_24181,166
synth_24305,166
synth_24319,166
synth_24540,165
synth_24469,165
synth_24547,165
synth_24349,165
synth_24529,165
synth_24478,165
synth_24462,165
synth_24463,165
synth_24471,165
synth_24439,165
synth_24514,165
synth_24368,165
synth_24500,165
synth_24344,165
synth_24486,165
synth_24533,165
synth_24446,165
synth_24348,165
synth_24432,165
synth_24458,165
synth_24477,165
synth_24552,165
synth_24361,165
synth_24509,165
synth_24539,165
synth_24452,165
synth_24485,165
synth_24490,165
synth_24438,165
synth_24554,165
synth_24331,165
synth_24338,165
synth_24437,165
synth_24502,165
synth_24353,165
synth_24395,165
synth_24413,165
synth_24551,165
synth_24562,165
synth_24460,165
synth_24414,165
synth_24416,165
synth_24571,165
synth_24498,165
synth_24376,165
synth_24501,165
synth_24443,165
synth_24385,165
synth_24518,165
synth_24532,165
synth_24576,165
synth_24403,165
synth_24459,165
synth_24408,165
synth_24346,165
synth_24479,165
synth_24350,165
synth_24476,165
synth_24574,165
synth_24445,165
synth_24404,165
synth_24504,165
synth_24495,165
synth_24531,165
synth_24543,165
synth_24363,165
synth_24496,165
synth_24492,165
synth_24371,165
synth_24454,165
synth_24409,165
synth_24447,165
synth_24545,165
synth_24401,165
synth_24536,165
synth_24566,165
synth_24494,165
synth_24465,165
synth_24530,165
synth_24411,165
synth_24340,165
synth_24563,165
synth_24503,165
synth_24336,165
synth_24516,165
synth_24351,165
synth_24464,165
synth_24475,165
synth_24434,165
synth_24400,165
synth_24442,165
synth_24466,165
synth_24384,165
synth_24570,165
synth_24430,165
synth_24380,165
synth_24541,165
synth_24386,165
synth_24343,165
synth_24572,165
synth_24405,165
synth_24357,165
synth_24392,165
synth_24526,165
synth_24333,165
synth_24472,165
synth_24391,165
synth_24512,165
synth_24398,165
synth_24535,165
synth_24396,165
synth_24369,165
synth_24461,165
synth_24387,165
synth_24373,165
synth_24444,165
synth_24484,165
synth_24347,165
synth_24431,165
synth_24436,165
synth_24527,165
synth_24422,165
synth_24456,165
synth_24390,165
synth_24560,165
synth_24339,165
synth_24388,165
synth_24553,165
synth_24415,165
synth_24507,165
synth_24450,165
synth_24417,165
synth_24407,165
synth_24511,165
synth_24332,165
synth_24419,165
synth_24568,165
synth_24360,165
synth_24382,165
synth_24569,165
synth_24379,165
synth_24441,165
synth_24497,165
synth_24468,165
synth_24487,165
synth_24555,165
synth_24573,165
synth_24367,165
synth_24402,165
synth_24451,165
synth_24508,165
synth_24352,165
synth_24575,165
synth_24550,165
synth_24420,165
synth_24489,165
synth_24355,165
synth_24559,165
synth_24448,165
synth_24429,165
synth_24389,165
synth_24544,165
synth_24377,165
synth_24473,165
synth_24517,165
synth_24341,165
synth_24506,165
synth_24519,165
synth_24538,165
synth_24499,165
synth_24558,165
synth_24528,165
synth_24428,165
synth_24440,165
synth_24418,165
synth_24424,165
synth_24520,165
synth_24435,165
synth_24534,165
synth_24537,165
synth_24359,165
synth_24433,165
synth_24521,165
synth_24426,165
synth_24455,165
synth_24399,165
synth_24523,165
synth_24421,165
synth_24449,165
synth_24488,165
synth_24427,165
synth_24546,165
synth_24524,165
synth_24366,165
synth_24567,165
synth_24365,165
synth_24505,165
synth_24362,165
synth_24564,165
synth_24381,165
synth_24549,165
synth_24425,165
synth_24457,165
synth_24513,165
synth_24364,165
synth_24453,165
synth_24480,165
synth_24482,165
synth_24358,165
synth_24557,165
synth_24493,165
synth_24330,165
synth_24378,165
synth_24410,165
synth_24423,165
synth_24337,165
synth_24397,165
synth_24483,165
synth_24394,165
synth_24345,165
synth_24481,165
synth_24561,165
synth_24342,165
synth_24354,165
synth_24406,165
synth_24412,165
synth_24515,165
synth_24510,165
synth_24335,165
synth_24383,165
synth_24470,165
synth_24393,165
synth_24556,165
synth_24375,165
synth_24467,165
synth_24474,165
synth_24542,165
synth_24374,165
synth_24565,165
synth_24334,165
synth_24372,165
synth_24491,165
synth_24356,165
synth_24522,165
synth_24370,165
synth_24525,165
synth_24548,165
synth_24717,164
synth_24719,164
synth_24600,164
synth_24722,164
synth_24746,164
synth_24758,164
synth_24603,164
synth_24803,164
synth_24816,164
synth_24823,164
synth_24691,164
synth_24615,164
synth_24749,164
synth_24808,164
synth_24606,164
synth_24675,164
synth_24635,164
synth_24699,164
synth_24721,164
synth_24697,164
synth_24614,164
synth_24741,164
synth_24757,164
synth_24667,164
synth_24683,164
synth_24732,164
synth_24767,164
synth_24804,164
synth_24678,164
synth_24774,164
synth_24610,164
synth_24693,164
synth_24681,164
synth_24731,164
synth_24679,164
synth_24617,164
synth_24711,164
synth_24715,164
synth_24755,164
synth_24597,164
synth_24659,164
synth_24662,164
synth_24588,164
synth_24616,164
synth_24747,164
synth_24791,164
synth_24651,164
synth_24801,164
synth_24709,164
synth_24607,164
synth_24626,164
synth_24585,164
synth_24673,164
synth_24811,164
synth_24664,164
synth_24642,164
synth_24633,164
synth_24707,164
synth_24790,164
synth_24672,164
synth_24702,164
synth_24619,164
synth_24764,164
synth_24771,164
synth_24578,164
synth_24723,164
synth_24590,164
synth_24714,164
synth_24776,164
synth_24680,164
synth_24685,164
synth_24689,164
synth_24815,164
synth_24784,164
synth_24625,164
synth_24639,164
synth_24766,164
synth_24787,164
synth_24796,164
synth_24692,164
synth_24819,164
synth_24779,164
synth_24727,164
synth_24670,164
synth_24618,164
synth_24696,164
synth_24676,164
synth_24797,164
synth_24653,164
synth_24768,164
synth_24827,164
synth_24589,164
synth_24725,164
synth_24754,164
synth_24761,164
synth_24729,164
synth_24656,164
synth_24742,164
synth_24781,164
synth_24814,164
synth_24602,164
synth_24652,164
synth_24688,164
synth_24739,164
synth_24818,164
synth_24821,164
synth_24805,164
synth_24581,164
synth_24730,164
synth_24802,164
synth_24792,164
synth_24744,164
synth_24752,164
synth_24582,164
synth_24579,164
synth_24695,164
synth_24698,164
synth_24661,164
synth_24748,164
synth_24623,164
synth_24647,164
synth_24608,164
synth_24630,164
synth_24726,164
synth_24736,164
synth_24807,164
synth_24648,164
synth_24772,164
synth_24684,164
synth_24743,164
synth_24786,164
synth_24825,164
synth_24663,164
synth_24773,164
synth_24775,164
synth_24596,164
synth_24822,164
synth_24654,164
synth_24785,164
synth_24660,164
synth_24826,164
synth_24584,164
synth_24795,164
synth_24799,164
synth_24682,164
synth_24686,164
synth_24687,164
synth_24613,164
synth_24668,164
synth_24733,164
synth_24794,164
synth_24800,164
synth_24650,164
synth_24708,164
synth_24655,164
synth_24706,164
synth_24810,164
synth_24592,164
synth_24640,164
synth_24632,164
synth_24634,164
synth_24700,164
synth_24609,164
synth_24677,164
synth_24759,164
synth_24605,164
synth_24705,164
synth_24765,164
synth_24780,164
synth_24611,164
synth_24720,164
synth_24587,164
synth_24591,164
synth_24798,164
synth_24745,164
synth_24763,164
synth_24782,164
synth_24598,164
synth_24644,164
synth_24593,164
synth_24735,164
synth_24812,164
synth_24612,164
synth_24657,164
synth_24712,164
synth_24601,164
synth_24820,164
synth_24583,164
synth_24636,164
synth_24658,164
synth_24703,164
synth_24638,164
synth_24728,164
synth_24770,164
synth_24777,164
synth_24778,164
synth_24621,164
synth_24750,164
synth_24813,164
synth_24594,164
synth_24788,164
synth_24824,164
synth_24631,164
synth_24724,164
synth_24817,164
synth_24580,164
synth_24756,164
synth_24577,164
synth_24595,164
synth_24620,164
synth_24669,164
synth_24740,164
synth_24751,164
synth_24760,164
synth_24806,164
synth_24627,164
synth_24666,164
synth_24694,164
synth_24737,164
synth_24622,164
synth_24710,164
synth_24645,164
synth_24649,164
synth_24738,164
synth_24753,164
synth_24809,164
synth_24674,164
synth_24704,164
synth_24586,164
synth_24690,164
synth_24789,164
synth_24665,164
synth_24793,164
synth_24624,164
synth_24604,164
synth_24671,164
synth_24713,164
synth_24637,164
synth_24646,164
synth_24629,164
synth_24701,164
synth_24718,164
synth_24769,164
synth_24599,164
synth_24628,164
synth_24641,164
synth_24643,164
synth_24734,164
synth_24783,164
synth_24762,164
synth_24716,164
synth_24843,163
synth_24895,163
synth_24829,163
synth_25038,163
synth_24848,163
synth_24893,163
synth_25016,163
synth_25024,163
synth_25025,163
synth_24861,163
synth_24864,163
synth_25022,163
synth_24858,163
synth_24866,163
synth_24874,163
synth_24908,163
synth_24974,163
synth_24998,163
synth_25068,163
synth_24850,163
synth_24973,163
synth_24862,163
synth_25020,163
synth_24931,163
synth_25002,163
synth_25011,163
synth_25079,163
synth_24965,163
synth_24996,163
synth_24853,163
synth_24885,163
synth_24845,163
synth_24939,163
synth_24967,163
synth_24912,163
synth_25056,163
synth_24940,163
synth_24914,163
synth_24972,163
synth_25043,163
synth_25048,163
synth_24961,163
synth_25027,163
synth_24896,163
synth_24950,163
synth_24889,163
synth_24877,163
synth_24958,163
synth_25039,163
synth_24835,163
synth_24842,163
synth_24883,163
synth_24917,163
synth_24936,163
synth_24959,163
synth_24846,163
synth_24969,163
synth_24943,163
synth_25045,163
synth_25071,163
synth_25006,163
synth_24913,163
synth_24927,163
synth_25003,163
synth_25012,163
synth_24938,163
synth_24962,163
synth_24851,163
synth_25075,163
synth_24915,163
synth_24964,163
synth_25067,163
synth_25070,163
synth_25044,163
synth_24860,163
synth_24894,163
synth_24884,163
synth_24828,163
synth_24871,163
synth_25066,163
synth_25046,163
synth_24924,163
synth_24991,163
synth_25029,163
synth_24841,163
synth_24977,163
synth_24863,163
synth_24941,163
synth_25058,163
synth_25017,163
synth_24838,163
synth_24946,163
synth_24948,163
synth_24949,163
synth_24957,163
synth_24872,163
synth_24942,163
synth_24988,163
synth_24919,163
synth_25082,163
synth_24836,163
synth_24907,163
synth_24922,163
synth_24999,163
synth_24854,163
synth_24899,163
synth_24901,163
synth_25047,163
synth_25049,163
synth_25054,163
synth_24921,163
synth_24994,163
synth_25040,163
synth_25076,163
synth_24833,163
synth_24945,163
synth_24960,163
synth_25030,163
synth_25064,163
synth_25055,163
synth_25010,163
synth_25005,163
synth_25062,163
synth_24881,163
synth_25035,163
synth_24923,163
synth_25036,163
synth_24865,163
synth_24911,163
synth_24904,163
synth_24906,163
synth_24978,163
synth_25013,163
synth_25023,163
synth_24979,163
synth_24847,163
synth_24920,163
synth_24932,163
synth_24905,163
synth_24935,163
synth_24970,163
synth_24868,163
synth_24859,163
synth_24930,163
synth_24997,163
synth_24971,163
synth_24880,163
synth_24937,163
synth_25021,163
synth_24852,163
synth_25014,163
synth_24857,163
synth_24975,163
synth_24986,163
synth_25042,163
synth_24830,163
synth_24832,163
synth_24918,163
synth_24929,163
synth_24992,163
synth_24878,163
synth_25033,163
synth_24839,163
synth_24910,163
synth_25000,163
synth_25041,163
synth_25063,163
synth_24903,163
synth_24909,163
synth_24928,163
synth_25031,163
synth_25009,163
synth_25050,163
synth_24985,163
synth_24976,163
synth_25037,163
synth_25073,163
synth_24840,163
synth_24870,163
synth_24834,163
synth_25081,163
synth_24984,163
synth_24980,163
synth_25069,163
synth_24900,163
synth_24926,163
synth_24987,163
synth_25060,163
synth_24869,163
synth_24892,163
synth_24956,163
synth_25034,163
synth_24947,163
synth_24888,163
synth_24951,163
synth_24966,163
synth_24875,163
synth_24886,163
synth_24876,163
synth_24879,163
synth_25015,163
synth_24952,163
synth_24891,163
synth_24990,163
synth_24944,163
synth_24982,163
synth_24844,163
synth_24849,163
synth_25057,163
synth_25078,163
synth_25008,163
synth_25028,163
synth_25080,163
synth_24989,163
synth_24831,163
synth_24856,163
synth_24897,163
synth_24993,163
synth_24925,163
synth_25061,163
synth_24968,163
synth_25077,163
synth_24887,163
synth_25019,163
synth_24953,163
synth_24933,163
synth_25074,163
synth_25032,163
synth_24890,163
synth_24898,163
synth_25001,163
synth_25004,163
synth_25051,163
synth_25018,163
synth_24963,163
synth_25059,163
synth_24873,163
synth_24867,163
synth_24902,163
synth_25052,163
synth_25072,163
synth_25026,163
synth_25065,163
synth_24983,163
synth_24954,163
synth_24882,163
synth_25007,163
synth_24981,163
synth_24916,163
synth_24995,163
synth_25053,163
synth_24837,163
synth_24855,163
synth_24934,163
synth_24955,163
synth_25121,162
synth_25221,162
synth_25259,162
synth_25215,162
synth_25087,162
synth_25143,162
synth_25290,162
synth_25119,162
synth_25301,162
synth_25337,162
synth_25326,162
synth_25163,162
synth_25117,162
synth_25309,162
synth_25164,162
synth_25295,162
synth_25257,162
synth_25210,162
synth_25247,162
synth_25092,162
synth_25213,162
synth_25242,162
synth_25200,162
synth_25212,162
synth_25317,162
synth_25325,162
synth_25225,162
synth_25260,162
synth_25331,162
synth_25084,162
synth_25191,162
synth_25193,162
synth_25235,162
synth_25132,162
synth_25133,162
synth_25251,162
synth_25262,162
synth_25086,162
synth_25201,162
synth_25238,162
synth_25287,162
synth_25089,162
synth_25316,162
synth_25162,162
synth_25294,162
synth_25209,162
synth_25311,162
synth_25320,162
synth_25128,162
synth_25278,162
synth_25321,162
synth_25341,162
synth_25305,162
synth_25319,162
synth_25138,162
synth_25099,162
synth_25134,162
synth_25151,162
synth_25228,162
synth_25172,162
synth_25180,162
synth_25222,162
synth_25139,162
synth_25123,162
synth_25276,162
synth_25300,162
synth_25322,162
synth_25135,162
synth_25285,162
synth_25338,162
synth_25229,162
synth_25118,162
synth_25145,162
synth_25146,162
synth_25112,162
synth_25205,162
synth_25248,162
synth_25100,162
synth_25241,162
synth_25315,162
synth_25318,162
synth_25280,162
synth_25148,162
synth_25197,162
synth_25307,162
synth_25211,162
synth_25109,162
synth_25310,162
synth_25189,162
synth_25230,162
synth_25327,162
synth_25179,162
synth_25111,162
synth_25140,162
synth_25286,162
synth_25194,162
synth_25166,162
synth_25167,162
synth_25281,162
synth_25170,162
synth_25105,162
synth_25159,162
synth_25220,162
synth_25085,162
synth_25178,162
synth_25249,162
synth_25124,162
synth_25144,162
synth_25204,162
synth_25142,162
synth_25190,162
synth_25090,162
synth_25114,162
synth_25214,162
synth_25277,162
synth_25088,162
synth_25184,162
synth_25232,162
synth_25233,162
synth_25282,162
synth_25185,162
synth_25098,162
synth_25237,162
synth_25328,162
synth_25150,162
synth_25129,162
synth_25256,162
synth_25095,162
synth_25266,162
synth_25195,162
synth_25107,162
synth_25113,162
synth_25177,162
synth_25125,162
synth_25313,162
synth_25141,162
synth_25157,162
synth_25175,162
synth_25183,162
synth_25216,162
synth_25291,162
synth_25102,162
synth_25115,162
synth_25323,162
synth_25288,162
synth_25330,162
synth_25127,162
synth_25264,162
synth_25152,162
synth_25268,162
synth_25279,162
synth_25334,162
synth_25289,162
synth_25196,162
synth_25239,162
synth_25272,162
synth_25219,162
synth_25252,162
synth_25299,162
synth_25234,162
synth_25332,162
synth_25116,162
synth_25333,162
synth_25155,162
synth_25165,162
synth_25106,162
synth_25198,162
synth_25120,162
synth_25097,162
synth_25103,162
synth_25224,162
synth_25267,162
synth_25297,162
synth_25218,162
synth_25340,162
synth_25093,162
synth_25126,162
synth_25202,162
synth_25236,162
synth_25187,162
synth_25122,162
synth_25227,162
synth_25283,162
synth_25158,162
synth_25245,162
synth_25161,162
synth_25173,162
synth_25094,162
synth_25110,162
synth_25261,162
synth_25274,162
synth_25312,162
synth_25083,162
synth_25181,162
synth_25244,162
synth_25303,162
synth_25253,162
synth_25192,162
synth_25208,162
synth_25335,162
synth_25308,162
synth_25270,162
synth_25302,162
synth_25130,162
synth_25217,162
synth_25265,162
synth_25186,162
synth_25336,162
synth_25091,162
synth_25174,162
synth_25206,162
synth_25154,162
synth_25273,162
synth_25240,162
synth_25292,162
synth_25275,162
synth_25254,162
synth_25136,162
synth_25271,162
synth_25329,162
synth_25101,162
synth_25131,162
synth_25269,162
synth_25153,162
synth_25137,162
synth_25304,162
synth_25149,162
synth_25258,162
synth_25293,162
synth_25203,162
synth_25182,162
synth_25243,162
synth_25169,162
synth_25096,162
synth_25168,162
synth_25284,162
synth_25223,162
synth_25250,162
synth_25255,162
synth_25207,162
synth_25298,162
synth_25324,162
synth_25199,162
synth_25231,162
synth_25314,162
synth_25246,162
synth_25306,162
synth_25160,162
synth_25156,162
synth_25176,162
synth_25171,162
synth_25226,162
synth_25108,162
synth_25188,162
synth_25339,162
synth_25296,162
synth_25147,162
synth_25263,162
synth_25104,162
synth_25502,161
synth_25429,161
synth_25475,161
synth_25597,161
synth_25390,161
synth_25579,161
synth_25571,161
synth_25346,161
synth_25355,161
synth_25363,161
synth_25364,161
synth_25385,161
synth_25396,161
synth_25419,161
synth_25543,161
synth_25547,161
synth_25395,161
synth_25415,161
synth_25345,161
synth_25577,161
synth_25401,161
synth_25456,161
synth_25466,161
synth_25496,161
synth_25491,161
synth_25432,161
synth_25504,161
synth_25559,161
synth_25412,161
synth_25534,161
synth_25599,161
synth_25495,161
synth_25486,161
synth_25369,161
synth_25417,161
synth_25353,161
synth_25512,161
synth_25361,161
synth_25498,161
synth_25555,161
synth_25576,161
synth_25492,161
synth_25573,161
synth_25462,161
synth_25365,161
synth_25451,161
synth_25464,161
synth_25523,161
synth_25360,161
synth_25386,161
synth_25343,161
synth_25468,161
synth_25565,161
synth_25421,161
synth_25453,161
synth_25538,161
synth_25560,161
synth_25586,161
synth_25489,161
synth_25499,161
synth_25477,161
synth_25537,161
synth_25553,161
synth_25455,161
synth_25435,161
synth_25445,161
synth_25410,161
synth_25430,161
synth_25433,161
synth_25461,161
synth_25436,161
synth_25349,161
synth_25387,161
synth_25516,161
synth_25348,161
synth_25488,161
synth_25362,161
synth_25399,161
synth_25532,161
synth_25393,161
synth_25352,161
synth_25469,161
synth_25398,161
synth_25587,161
synth_25375,161
synth_25384,161
synth_25400,161
synth_25381,161
synth_25595,161
synth_25566,161
synth_25601,161
synth_25394,161
synth_25472,161
synth_25487,161
synth_25529,161
synth_25444,161
synth_25459,161
synth_25470,161
synth_25552,161
synth_25347,161
synth_25431,161
synth_25500,161
synth_25524,161
synth_25594,161
synth_25379,161
synth_25506,161
synth_25497,161
synth_25344,161
synth_25578,161
synth_25368,161
synth_25405,161
synth_25557,161
synth_25507,161
synth_25372,161
synth_25476,161
synth_25564,161
synth_25392,161
synth_25551,161
synth_25554,161
synth_25582,161
synth_25591,161
synth_25440,161
synth_25438,161
synth_25448,161
synth_25377,161
synth_25373,161
synth_25600,161
synth_25602,161
synth_25411,161
synth_25407,161
synth_25408,161
synth_25505,161
synth_25596,161
synth_25452,161
synth_25358,161
synth_25541,161
synth_25404,161
synth_25511,161
synth_25371,161
synth_25604,161
synth_25416,161
synth_25562,161
synth_25485,161
synth_25370,161
synth_25508,161
synth_25378,161
synth_25528,161
synth_25556,161
synth_25561,161
synth_25570,161
synth_25533,161
synth_25388,161
synth_25447,161
synth_25572,161
synth_25437,161
synth_25574,161
synth_25402,161
synth_25414,161
synth_25350,161
synth_25510,161
synth_25482,161
synth_25585,161
synth_25425,161
synth_25550,161
synth_25441,161
synth_25569,161
synth_25460,161
synth_25603,161
synth_25426,161
synth_25509,161
synth_25457,161
synth_25397,161
synth_25481,161
synth_25535,161
synth_25383,161
synth_25563,161
synth_25351,161
synth_25580,161
synth_25517,161
synth_25503,161
synth_25592,161
synth_25484,161
synth_25428,161
synth_25589,161
synth_25376,161
synth_25420,161
synth_25423,161
synth_25480,161
synth_25536,161
synth_25519,161
synth_25567,161
synth_25442,161
synth_25518,161
synth_25418,161
synth_25598,161
synth_25521,161
synth_25357,161
synth_25454,161
synth_25540,161
synth_25434,161
synth_25558,161
synth_25531,161
synth_25583,161
synth_25568,161
synth_25581,161
synth_25515,161
synth_25478,161
synth_25424,161
synth_25450,161
synth_25463,161
synth_25465,161
synth_25520,161
synth_25409,161
synth_25575,161
synth_25439,161
synth_25493,161
synth_25382,161
synth_25590,161
synth_25549,161
synth_25458,161
synth_25391,161
synth_25367,161
synth_25406,161
synth_25526,161
synth_25374,161
synth_25542,161
synth_25605,161
synth_25584,161
synth_25427,161
synth_25354,161
synth_25494,161
synth_25483,161
synth_25413,161
synth_25443,161
synth_25389,161
synth_25490,161
synth_25446,161
synth_25513,161
synth_25522,161
synth_25380,161
synth_25403,161
synth_25545,161
synth_25473,161
synth_25366,161
synth_25530,161
synth_25422,161
synth_25342,161
synth_25359,161
synth_25467,161
synth_25539,161
synth_25449,161
synth_25479,161
synth_25474,161
synth_25544,161
synth_25546,161
synth_25548,161
synth_25593,161
synth_25471,161
synth_25514,161
synth_25501,161
synth_25588,161
synth_25356,161
synth_25527,161
synth_25525,161
synth_25643,160
synth_25730,160
synth_25781,160
synth_25641,160
synth_25787,160
synth_25776,160
synth_25621,160
synth_25647,160
synth_25824,160
synth_25696,160
synth_25784,160
synth_25868,160
synth_25613,160
synth_25639,160
synth_25692,160
synth_25843,160
synth_25851,160
synth_25617,160
synth_25758,160
synth_25657,160
synth_25688,160
synth_25771,160
synth_25854,160
synth_25680,160
synth_25830,160
synth_25863,160
synth_25701,160
synth_25763,160
synth_25870,160
synth_25717,160
synth_25655,160
synth_25772,160
synth_25785,160
synth_25623,160
synth_25630,160
synth_25642,160
synth_25650,160
synth_25660,160
synth_25691,160
synth_25793,160
synth_25607,160
synth_25733,160
synth_25615,160
synth_25786,160
synth_25832,160
synth_25738,160
synth_25750,160
synth_25838,160
synth_25839,160
synth_25747,160
synth_25715,160
synth_25673,160
synth_25714,160
synth_25848,160
synth_25625,160
synth_25770,160
synth_25670,160
synth_25720,160
synth_25860,160
synth_25618,160
synth_25823,160
synth_25811,160
synth_25765,160
synth_25847,160
synth_25716,160
synth_25658,160
synth_25752,160
synth_25651,160
synth_25687,160
synth_25736,160
synth_25794,160
synth_25796,160
synth_25789,160
synth_25835,160
synth_25636,160
synth_25820,160
synth_25682,160
synth_25801,160
synth_25664,160
synth_25740,160
synth_25779,160
synth_25619,160
synth_25711,160
synth_25861,160
synth_25821,160
synth_25728,160
synth_25742,160
synth_25862,160
synth_25764,160
synth_25606,160
synth_25629,160
synth_25841,160
synth_25662,160
synth_25767,160
synth_25693,160
synth_25697,160
synth_25790,160
synth_25732,160
synth_25783,160
synth_25814,160
synth_25773,160
synth_25656,160
synth_25661,160
synth_25827,160
synth_25865,160
synth_25842,160
synth_25857,160
synth_25721,160
synth_25864,160
synth_25749,160
synth_25724,160
synth_25856,160
synth_25726,160
synth_25744,160
synth_25678,160
synth_25825,160
synth_25627,160
synth_25828,160
synth_25768,160
synth_25829,160
synth_25719,160
synth_25806,160
synth_25727,160
synth_25734,160
synth_25813,160
synth_25649,160
synth_25679,160
synth_25731,160
synth_25822,160
synth_25645,160
synth_25816,160
synth_25659,160
synth_25706,160
synth_25668,160
synth_25802,160
synth_25609,160
synth_25698,160
synth_25855,160
synth_25677,160
synth_25690,160
synth_25815,160
synth_25718,160
synth_25704,160
synth_25754,160
synth_25622,160
synth_25780,160
synth_25703,160
synth_25614,160
synth_25817,160
synth_25831,160
synth_25788,160
synth_25849,160
synth_25686,160
synth_25700,160
synth_25852,160
synth_25792,160
synth_25633,160
synth_25654,160
synth_25808,160
synth_25836,160
synth_25799,160
synth_25819,160
synth_25844,160
synth_25644,160
synth_25826,160
synth_25846,160
synth_25638,160
synth_25666,160
synth_25713,160
synth_25757,160
synth_25612,160
synth_25745,160
synth_25725,160
synth_25685,160
synth_25653,160
synth_25746,160
synth_25809,160
synth_25804,160
synth_25709,160
synth_25775,160
synth_25635,160
synth_25810,160
synth_25769,160
synth_25689,160
synth_25800,160
synth_25867,160
synth_25671,160
synth_25699,160
synth_25761,160
synth_25608,160
synth_25743,160
synth_25762,160
synth_25845,160
synth_25833,160
synth_25850,160
synth_25777,160
synth_25675,160
synth_25735,160
synth_25737,160
synth_25646,160
synth_25637,160
synth_25837,160
synth_25873,160
synth_25684,160
synth_25760,160
synth_25853,160
synth_25683,160
synth_25739,160
synth_25616,160
synth_25729,160
synth_25782,160
synth_25663,160
synth_25766,160
synth_25795,160
synth_25812,160
synth_25774,160
synth_25620,160
synth_25648,160
synth_25741,160
synth_25840,160
synth_25611,160
synth_25712,160
synth_25753,160
synth_25872,160
synth_25667,160
synth_25751,160
synth_25797,160
synth_25859,160
synth_25632,160
synth_25665,160
synth_25791,160
synth_25708,160
synth_25755,160
synth_25834,160
synth_25695,160
synth_25652,160
synth_25694,160
synth_25866,160
synth_25628,160
synth_25871,160
synth_25756,160
synth_25610,160
synth_25710,160
synth_25723,160
synth_25798,160
synth_25634,160
synth_25702,160
synth_25869,160
synth_25748,160
synth_25631,160
synth_25624,160
synth_25707,160
synth_25626,160
synth_25681,160
synth_25778,160
synth_25803,160
synth_25818,160
synth_25672,160
synth_25705,160
synth_25640,160
synth_25805,160
synth_25674,160
synth_25722,160
synth_25807,160
synth_25858,160
synth_25669,160
synth_25676,160
synth_25759,160
synth_25965,159
synth_26007,159
synth_25912,159
synth_26045,159
synth_26033,159
synth_26064,159
synth_25937,159
synth_26128,159
synth_25964,159
synth_25981,159
synth_25882,159
synth_25971,159
synth_25997,159
synth_26018,159
synth_26034,159
synth_25959,159
synth_26070,159
synth_26004,159
synth_25960,159
synth_26099,159
synth_25974,159
synth_26130,159
synth_25918,159
synth_26006,159
synth_26114,159
synth_25942,159
synth_26009,159
synth_26043,159
synth_25916,159
synth_25921,159
synth_26058,159
synth_25886,159
synth_25996,159
synth_26040,159
synth_26016,159
synth_26022,159
synth_26062,159
synth_26111,159
synth_25985,159
synth_26142,159
synth_25880,159
synth_25925,159
synth_26069,159
synth_25977,159
synth_26081,159
synth_26027,159
synth_26056,159
synth_26028,159
synth_25949,159
synth_25995,159
synth_26010,159
synth_26067,159
synth_26017,159
synth_25915,159
synth_25962,159
synth_26077,159
synth_26131,159
synth_26049,159
synth_26029,159
synth_25927,159
synth_25930,159
synth_26087,159
synth_26101,159
synth_25901,159
synth_25906,159
synth_26146,159
synth_26005,159
synth_26060,159
synth_26094,159
synth_26032,159
synth_25958,159
synth_25943,159
synth_26133,159
synth_25944,159
synth_25989,159
synth_25983,159
synth_26042,159
synth_25878,159
synth_25922,159
synth_26092,159
synth_25902,159
synth_25913,159
synth_26127,159
synth_26079,159
synth_25896,159
synth_25934,159
synth_26014,159
synth_25888,159
synth_26125,159
synth_25905,159
synth_25903,159
synth_25926,159
synth_25950,159
synth_25987,159
synth_26050,159
synth_26076,159
synth_26078,159
synth_25890,159
synth_25947,159
synth_25982,159
synth_25884,159
synth_25889,159
synth_25945,159
synth_25998,159
synth_25992,159
synth_26136,159
synth_26139,159
synth_26036,159
synth_26093,159
synth_26035,159
synth_25923,159
synth_26063,159
synth_26011,159
synth_26044,159
synth_26075,159
synth_26134,159
synth_25972,159
synth_25935,159
synth_25897,159
synth_25953,159
synth_25967,159
synth_25892,159
synth_26025,159
synth_25879,159
synth_25991,159
synth_26129,159
synth_26051,159
synth_26126,159
synth_25968,159
synth_26041,159
synth_25978,159
synth_26048,159
synth_25919,159
synth_26059,159
synth_25979,159
synth_25999,159
synth_26097,159
synth_26120,159
synth_26088,159
synth_26066,159
synth_26138,159
synth_26083,159
synth_25924,159
synth_25994,159
synth_25976,159
synth_26021,159
synth_26013,159
synth_25931,159
synth_26135,159
synth_25911,159
synth_26057,159
synth_25966,159
synth_25891,159
synth_25975,159
synth_26002,159
synth_25928,159
synth_26039,159
synth_26061,159
synth_26096,159
synth_25951,159
synth_26116,159
synth_25954,159
synth_26065,159
synth_26104,159
synth_26107,159
synth_26037,159
synth_26145,159
synth_26080,159
synth_25887,159
synth_26112,159
synth_26098,159
synth_25917,159
synth_26122,159
synth_25973,159
synth_26084,159
synth_26132,159
synth_25940,159
synth_25986,159
synth_25990,159
synth_26117,159
synth_26008,159
synth_25936,159
synth_26001,159
synth_25952,159
synth_25881,159
synth_25877,159
synth_26015,159
synth_26091,159
synth_25874,159
synth_26100,159
synth_26113,159
synth_25932,159
synth_25993,159
synth_26030,159
synth_26086,159
synth_26110,159
synth_26123,159
synth_26124,159
synth_26089,159
synth_26118,159
synth_25900,159
synth_25957,159
synth_26054,159
synth_25933,159
synth_26082,159
synth_25899,159
synth_25961,159
synth_26071,159
synth_25908,159
synth_25895,159
synth_25883,159
synth_26105,159
synth_26121,159
synth_25876,159
synth_26000,159
synth_26109,159
synth_26106,159
synth_25885,159
synth_25904,159
synth_26047,159
synth_25970,159
synth_26003,159
synth_25907,159
synth_26019,159
synth_25875,159
synth_25893,159
synth_25938,159
synth_26119,159
synth_26141,159
synth_26020,159
synth_25929,159
synth_26072,159
synth_26053,159
synth_26095,159
synth_26143,159
synth_26023,159
synth_26115,159
synth_25914,159
synth_25963,159
synth_25894,159
synth_25910,159
synth_26024,159
synth_26074,159
synth_26103,159
synth_26102,159
synth_25969,159
synth_26031,159
synth_26012,159
synth_25948,159
synth_26052,159
synth_26055,159
synth_26144,159
synth_26073,159
synth_26046,159
synth_26085,159
synth_26038,159
synth_26137,159
synth_25984,159
synth_25909,159
synth_25920,159
synth_25939,159
synth_26068,159
synth_26140,159
synth_25941,159
synth_26090,159
synth_26108,159
synth_26026,159
synth_25946,159
synth_25988,159
synth_25898,159
synth_25955,159
synth_25956,159
synth_25980,159
synth_26191,158
synth_26327,158
synth_26352,158
synth_26385,158
synth_26411,158
synth_26228,158
synth_26329,158
synth_26402,158
synth_26328,158
synth_26416,158
synth_26387,158
synth_26181,158
synth_26321,158
synth_26408,158
synth_26345,158
synth_26156,158
synth_26212,158
synth_26388,158
synth_26198,158
synth_26370,158
synth_26420,158
synth_26167,158
synth_26376,158
synth_26166,158
synth_26202,158
synth_26210,158
synth_26278,158
synth_26338,158
synth_26155,158
synth_26171,158
synth_26177,158
synth_26315,158
synth_26190,158
synth_26308,158
synth_26312,158
synth_26216,158
synth_26254,158
synth_26418,158
synth_26366,158
synth_26394,158
synth_26358,158
synth_26399,158
synth_26154,158
synth_26186,158
synth_26365,158
synth_26291,158
synth_26217,158
synth_26218,158
synth_26316,158
synth_26342,158
synth_26184,158
synth_26203,158
synth_26149,158
synth_26407,158
synth_26180,158
synth_26290,158
synth_26293,158
synth_26359,158
synth_26369,158
synth_26173,158
synth_26277,158
synth_26204,158
synth_26272,158
synth_26259,158
synth_26294,158
synth_26384,158
synth_26410,158
synth_26281,158
synth_26375,158
synth_26419,158
synth_26270,158
synth_26336,158
synth_26169,158
synth_26346,158
synth_26373,158
synth_26296,158
synth_26304,158
synth_26405,158
synth_26412,158
synth_26197,158
synth_26332,158
synth_26423,158
synth_26193,158
synth_26266,158
synth_26189,158
synth_26355,158
synth_26389,158
synth_26159,158
synth_26288,158
synth_26248,158
synth_26246,158
synth_26339,158
synth_26382,158
synth_26247,158
synth_26334,158
synth_26238,158
synth_26300,158
synth_26192,158
synth_26303,158
synth_26400,158
synth_26307,158
synth_26421,158
synth_26164,158
synth_26263,158
synth_26280,158
synth_26381,158
synth_26151,158
synth_26265,158
synth_26289,158
synth_26302,158
synth_26201,158
synth_26219,158
synth_26287,158
synth_26380,158
synth_26393,158
synth_26361,158
synth_26205,158
synth_26395,158
synth_26168,158
synth_26364,158
synth_26262,158
synth_26409,158
synth_26415,158
synth_26160,158
synth_26377,158
synth_26391,158
synth_26231,158
synth_26273,158
synth_26199,158
synth_26229,158
synth_26297,158
synth_26267,158
synth_26354,158
synth_26386,158
synth_26214,158
synth_26292,158
synth_26251,158
synth_26311,158
synth_26357,158
synth_26285,158
synth_26368,158
synth_26245,158
synth_26283,158
synth_26295,158
synth_26153,158
synth_26250,158
synth_26333,158
synth_26378,158
synth_26392,158
synth_26240,158
synth_26244,158
synth_26261,158
synth_26324,158
synth_26397,158
synth_26362,158
synth_26195,158
synth_26225,158
synth_26148,158
synth_26398,158
synth_26174,158
synth_26158,158
synth_26337,158
synth_26161,158
synth_26309,158
synth_26162,158
synth_26157,158
synth_26348,158
synth_26313,158
synth_26179,158
synth_26353,158
synth_26363,158
synth_26187,158
synth_26326,158
synth_26349,158
synth_26269,158
synth_26183,158
synth_26220,158
synth_26236,158
synth_26206,158
synth_26221,158
synth_26255,158
synth_26413,158
synth_26414,158
synth_26360,158
synth_26241,158
synth_26242,158
synth_26306,158
synth_26298,158
synth_26211,158
synth_26239,158
synth_26371,158
synth_26152,158
synth_26253,158
synth_26194,158
synth_26196,158
synth_26422,158
synth_26323,158
synth_26275,158
synth_26284,158
synth_26182,158
synth_26223,158
synth_26318,158
synth_26406,158
synth_26301,158
synth_26350,158
synth_26227,158
synth_26230,158
synth_26258,158
synth_26271,158
synth_26276,158
synth_26299,158
synth_26356,158
synth_26310,158
synth_26372,158
synth_26249,158
synth_26344,158
synth_26322,158
synth_26404,158
synth_26260,158
synth_26317,158
synth_26367,158
synth_26256,158
synth_26268,158
synth_26351,158
synth_26330,158
synth_26286,158
synth_26396,158
synth_26417,158
synth_26185,158
synth_26178,158
synth_26252,158
synth_26314,158
synth_26379,158
synth_26347,158
synth_26390,158
synth_26163,158
synth_26215,158
synth_26150,158
synth_26282,158
synth_26343,158
synth_26222,158
synth_26188,158
synth_26224,158
synth_26279,158
synth_26207,158
synth_26226,158
synth_26325,158
synth_26176,158
synth_26257,158
synth_26335,158
synth_26401,158
synth_26172,158
synth_26147,158
synth_26232,158
synth_26234,158
synth_26208,158
synth_26340,158
synth_26341,158
synth_26319,158
synth_26175,158
synth_26237,158
synth_26274,158
synth_26305,158
synth_26383,158
synth_26331,158
synth_26170,158
synth_26209,158
synth_26213,158
synth_26264,158
synth_26374,158
synth_26403,158
synth_26235,158
synth_26165,158
synth_26233,158
synth_26200,158
synth_26243,158
synth_26320,158
synth_26618,157
synth_26429,157
synth_26623,157
synth_26645,157
synth_26676,157
synth_26697,157
synth_26671,157
synth_26575,157
synth_26499,157
synth_26679,157
synth_26426,157
synth_26468,157
synth_26637,157
synth_26435,157
synth_26502,157
synth_26512,157
synth_26535,157
synth_26668,157
synth_26644,157
synth_26467,157
synth_26596,157
synth_26510,157
synth_26646,157
synth_26443,157
synth_26581,157
synth_26681,157
synth_26493,157
synth_26536,157
synth_26617,157
synth_26629,157
synth_26642,157
synth_26604,157
synth_26616,157
synth_26682,157
synth_26478,157
synth_26663,157
synth_26498,157
synth_26543,157
synth_26600,157
synth_26700,157
synth_26461,157
synth_26530,157
synth_26504,157
synth_26630,157
synth_26464,157
synth_26555,157
synth_26570,157
synth_26614,157
synth_26465,157
synth_26566,157
synth_26598,157
synth_26691,157
synth_26486,157
synth_26591,157
synth_26606,157
synth_26655,157
synth_26496,157
synth_26481,157
synth_26517,157
synth_26451,157
synth_26627,157
synth_26428,157
synth_26491,157
synth_26495,157
synth_26532,157
synth_26699,157
synth_26626,157
synth_26684,157
synth_26587,157
synth_26592,157
synth_26638,157
synth_26639,157
synth_26501,157
synth_26471,157
synth_26492,157
synth_26513,157
synth_26434,157
synth_26438,157
synth_26523,157
synth_26613,157
synth_26651,157
synth_26661,157
synth_26441,157
synth_26696,157
synth_26522,157
synth_26539,157
synth_26453,157
synth_26494,157
synth_26544,157
synth_26427,157
synth_26479,157
synth_26546,157
synth_26525,157
synth_26612,157
synth_26521,157
synth_26582,157
synth_26619,157
synth_26526,157
synth_26527,157
synth_26666,157
synth_26547,157
synth_26557,157
synth_26459,157
synth_26675,157
synth_26688,157
synth_26445,157
synth_26548,157
synth_26549,157
synth_26607,157
synth_26490,157
synth_26680,157
synth_26542,157
synth_26605,157
synth_26648,157
synth_26672,157
synth_26608,157
synth_26556,157
synth_26624,157
synth_26635,157
synth_26703,157
synth_26701,157
synth_26430,157
synth_26551,157
synth_26665,157
synth_26474,157
synth_26508,157
synth_26704,157
synth_26702,157
synth_26584,157
synth_26634,157
synth_26653,157
synth_26580,157
synth_26695,157
synth_26632,157
synth_26439,157
synth_26483,157
synth_26585,157
synth_26473,157
synth_26552,157
synth_26569,157
synth_26578,157
synth_26450,157
synth_26586,157
synth_26506,157
synth_26564,157
synth_26565,157
synth_26631,157
synth_26433,157
synth_26452,157
synth_26579,157
synth_26636,157
synth_26456,157
synth_26643,157
synth_26589,157
synth_26649,157
synth_26652,157
synth_26658,157
synth_26425,157
synth_26466,157
synth_26689,157
synth_26692,157
synth_26577,157
synth_26685,157
synth_26572,157
synth_26678,157
synth_26457,157
synth_26472,157
synth_26561,157
synth_26603,157
synth_26454,157
synth_26568,157
synth_26516,157
synth_26650,157
synth_26677,157
synth_26633,157
synth_26463,157
synth_26437,157
synth_26705,157
synth_26440,157
synth_26515,157
synth_26528,157
synth_26576,157
synth_26602,157
synth_26625,157
synth_26476,157
synth_26647,157
synth_26489,157
synth_26534,157
synth_26518,157
synth_26533,157
synth_26590,157
synth_26482,157
synth_26511,157
synth_26519,157
synth_26667,157
synth_26503,157
synth_26641,157
synth_26487,157
synth_26597,157
synth_26611,157
synth_26447,157
synth_26560,157
synth_26488,157
synth_26529,157
synth_26674,157
synth_26475,157
synth_26524,157
synth_26460,157
synth_26462,157
synth_26540,157
synth_26610,157
synth_26659,157
synth_26497,157
synth_26545,157
synth_26690,157
synth_26442,157
synth_26446,157
synth_26640,157
synth_26455,157
synth_26553,157
synth_26436,157
synth_26594,157
synth_26595,157
synth_26538,157
synth_26567,157
synth_26670,157
synth_26559,157
synth_26588,157
synth_26558,157
synth_26662,157
synth_26448,157
synth_26593,157
synth_26657,157
synth_26686,157
synth_26505,157
synth_26500,157
synth_26571,157
synth_26660,157
synth_26509,157
synth_26563,157
synth_26698,157
synth_26654,157
synth_26484,157
synth_26573,157
synth_26574,157
synth_26601,157
synth_26673,157
synth_26620,157
synth_26424,157
synth_26470,157
synth_26485,157
synth_26599,157
synth_26683,157
synth_26541,157
synth_26694,157
synth_26537,157
synth_26687,157
synth_26458,157
synth_26562,157
synth_26628,157
synth_26449,157
synth_26514,157
synth_26609,157
synth_26520,157
synth_26444,157
synth_26622,157
synth_26664,157
synth_26583,157
synth_26469,157
synth_26554,157
synth_26477,157
synth_26480,157
synth_26431,157
synth_26531,157
synth_26693,157
synth_26550,157
synth_26669,157
synth_26432,157
synth_26507,157
synth_26615,157
synth_26656,157
synth_26621,157
synth_26900,156
synth_26943,156
synth_26960,156
synth_26786,156
synth_26764,156
synth_26814,156
synth_26774,156
synth_26857,156
synth_26838,156
synth_26895,156
synth_26779,156
synth_26828,156
synth_26738,156
synth_26710,156
synth_26737,156
synth_26804,156
synth_26812,156
synth_26939,156
synth_26740,156
synth_26887,156
synth_26947,156
synth_26796,156
synth_26846,156
synth_26992,156
synth_26861,156
synth_26964,156
synth_26821,156
synth_26798,156
synth_26976,156
synth_26725,156
synth_26759,156
synth_26711,156
synth_26732,156
synth_26773,156
synth_26845,156
synth_26905,156
synth_26953,156
synth_26893,156
synth_26941,156
synth_26990,156
synth_26808,156
synth_26975,156
synth_26722,156
synth_26791,156
synth_26859,156
synth_26966,156
synth_26709,156
synth_26769,156
synth_26831,156
synth_26733,156
synth_26891,156
synth_26930,156
synth_26979,156
synth_26800,156
synth_26899,156
synth_26915,156
synth_26743,156
synth_26777,156
synth_26799,156
synth_26986,156
synth_26776,156
synth_26803,156
synth_26829,156
synth_26849,156
synth_26954,156
synth_26729,156
synth_26863,156
synth_26921,156
synth_26820,156
synth_26955,156
synth_26775,156
synth_26746,156
synth_26882,156
synth_26961,156
synth_26728,156
synth_26706,156
synth_26835,156
synth_26965,156
synth_26901,156
synth_26973,156
synth_26890,156
synth_26896,156
synth_26736,156
synth_26945,156
synth_26721,156
synth_26730,156
synth_26714,156
synth_26822,156
synth_26744,156
synth_26864,156
synth_26929,156
synth_26870,156
synth_26940,156
synth_26723,156
synth_26749,156
synth_26922,156
synth_26852,156
synth_26789,156
synth_26790,156
synth_26739,156
synth_26970,156
synth_26984,156
synth_26989,156
synth_26708,156
synth_26735,156
synth_26816,156
synth_26850,156
synth_26856,156
synth_26754,156
synth_26841,156
synth_26906,156
synth_26805,156
synth_26766,156
synth_26869,156
synth_26908,156
synth_26788,156
synth_26751,156
synth_26980,156
synth_26726,156
synth_26806,156
synth_26855,156
synth_26860,156
synth_26748,156
synth_26912,156
synth_26959,156
synth_26783,156
synth_26879,156
synth_26717,156
synth_26963,156
synth_26763,156
synth_26854,156
synth_26910,156
synth_26865,156
synth_26888,156
synth_26914,156
synth_26731,156
synth_26974,156
synth_26719,156
synth_26755,156
synth_26794,156
synth_26988,156
synth_26745,156
synth_26982,156
synth_26972,156
synth_26944,156
synth_26862,156
synth_26797,156
synth_26942,156
synth_26716,156
synth_26756,156
synth_26767,156
synth_26819,156
synth_26919,156
synth_26902,156
synth_26712,156
synth_26771,156
synth_26920,156
synth_26935,156
synth_26878,156
synth_26781,156
synth_26802,156
synth_26936,156
synth_26949,156
synth_26760,156
synth_26971,156
synth_26978,156
synth_26832,156
synth_26843,156
synth_26707,156
synth_26765,156
synth_26818,156
synth_26967,156
synth_26813,156
synth_26824,156
synth_26810,156
synth_26833,156
synth_26924,156
synth_26886,156
synth_26907,156
synth_26753,156
synth_26985,156
synth_26741,156
synth_26817,156
synth_26840,156
synth_26923,156
synth_26839,156
synth_26897,156
synth_26782,156
synth_26844,156
synth_26983,156
synth_26768,156
synth_26720,156
synth_26889,156
synth_26951,156
synth_26952,156
synth_26837,156
synth_26876,156
synth_26948,156
synth_26877,156
synth_26926,156
synth_26762,156
synth_26724,156
synth_26853,156
synth_26883,156
synth_26742,156
synth_26968,156
synth_26734,156
synth_26795,156
synth_26809,156
synth_26933,156
synth_26834,156
synth_26847,156
synth_26928,156
synth_26880,156
synth_26932,156
synth_26969,156
synth_26977,156
synth_26752,156
synth_26761,156
synth_26938,156
synth_26851,156
synth_26875,156
synth_26903,156
synth_26911,156
synth_26916,156
synth_26958,156
synth_26718,156
synth_26917,156
synth_26780,156
synth_26931,156
synth_26925,156
synth_26956,156
synth_26826,156
synth_26848,156
synth_26868,156
synth_26750,156
synth_26793,156
synth_26872,156
synth_26894,156
synth_26934,156
synth_26811,156
synth_26981,156
synth_26827,156
synth_26991,156
synth_26885,156
synth_26866,156
synth_26892,156
synth_26909,156
synth_26957,156
synth_26962,156
synth_26867,156
synth_26874,156
synth_26770,156
synth_26778,156
synth_26898,156
synth_26946,156
synth_26873,156
synth_26927,156
synth_26830,156
synth_26881,156
synth_26823,156
synth_26987,156
synth_26785,156
synth_26787,156
synth_26937,156
synth_26713,156
synth_26747,156
synth_26801,156
synth_26815,156
synth_26842,156
synth_26758,156
synth_26858,156
synth_26884,156
synth_26784,156
synth_26904,156
synth_26913,156
synth_26918,156
synth_26950,156
synth_26757,156
synth_26807,156
synth_26715,156
synth_26772,156
synth_26727,156
synth_26825,156
synth_26871,156
synth_26792,156
synth_26836,156
synth_27033,155
synth_27109,155
synth_27274,155
synth_27038,155
synth_27107,155
synth_27124,155
synth_27280,155
synth_27198,155
synth_27007,155
synth_27023,155
synth_27157,155
synth_27245,155
synth_27028,155
synth_27093,155
synth_27097,155
synth_27080,155
synth_27243,155
synth_27008,155
synth_27076,155
synth_27044,155
synth_27185,155
synth_27193,155
synth_27017,155
synth_27021,155
synth_27156,155
synth_27217,155
synth_27222,155
synth_27250,155
synth_27268,155
synth_27010,155
synth_27013,155
synth_27019,155
synth_27062,155
synth_27098,155
synth_27216,155
synth_27239,155
synth_27125,155
synth_27063,155
synth_27214,155
synth_27060,155
synth_27262,155
synth_27270,155
synth_27022,155
synth_27218,155
synth_27106,155
synth_27130,155
synth_27154,155
synth_27176,155
synth_26997,155
synth_27030,155
synth_27219,155
synth_27117,155
synth_27123,155
synth_27143,155
synth_27042,155
synth_27191,155
synth_27005,155
synth_27118,155
synth_27161,155
synth_27114,155
synth_27164,155
synth_27251,155
synth_27248,155
synth_27102,155
synth_27235,155
synth_27046,155
synth_27134,155
synth_27071,155
synth_27092,155
synth_27260,155
synth_27095,155
synth_27257,155
synth_27012,155
synth_27210,155
synth_27236,155
synth_27255,155
synth_27261,155
synth_27177,155
synth_27018,155
synth_27133,155
synth_27165,155
synth_27201,155
synth_27015,155
synth_27147,155
synth_27174,155
synth_27258,155
synth_27160,155
synth_27205,155
synth_27006,155
synth_27086,155
synth_27141,155
synth_27075,155
synth_27085,155
synth_27187,155
synth_27068,155
synth_27049,155
synth_27120,155
synth_27031,155
synth_27181,155
synth_27184,155
synth_27266,155
synth_27072,155
synth_27146,155
synth_27045,155
synth_27036,155
synth_27132,155
synth_27128,155
synth_27168,155
synth_27206,155
synth_27096,155
synth_27127,155
synth_27215,155
synth_27211,155
synth_27115,155
synth_27083,155
synth_27221,155
synth_27040,155
synth_27108,155
synth_27228,155
synth_27065,155
synth_27100,155
synth_27186,155
synth_27016,155
synth_27039,155
synth_27212,155
synth_27073,155
synth_27101,155
synth_27136,155
synth_27014,155
synth_27180,155
synth_27064,155
synth_27256,155
synth_27241,155
synth_27037,155
synth_27263,155
synth_26999,155
synth_27079,155
synth_27232,155
synth_27078,155
synth_27244,155
synth_27122,155
synth_27276,155
synth_27138,155
synth_27153,155
synth_27226,155
synth_27020,155
synth_27034,155
synth_26996,155
synth_27067,155
synth_27081,155
synth_27131,155
synth_26993,155
synth_27089,155
synth_27110,155
synth_27166,155
synth_27178,155
synth_27032,155
synth_27139,155
synth_27001,155
synth_27203,155
synth_27052,155
synth_27074,155
synth_27207,155
synth_27077,155
synth_27112,155
synth_27246,155
synth_27273,155
synth_27148,155
synth_27027,155
synth_27281,155
synth_27047,155
synth_27009,155
synth_27144,155
synth_27026,155
synth_27035,155
synth_27043,155
synth_27041,155
synth_27090,155
synth_27169,155
synth_27171,155
synth_27024,155
synth_27247,155
synth_27025,155
synth_27029,155
synth_26994,155
synth_27199,155
synth_27252,155
synth_27275,155
synth_27195,155
synth_27278,155
synth_27229,155
synth_27126,155
synth_27162,155
synth_27058,155
synth_27061,155
synth_27259,155
synth_27271,155
synth_27224,155
synth_27231,155
synth_27269,155
synth_27149,155
synth_27282,155
synth_27003,155
synth_27175,155
synth_27188,155
synth_27230,155
synth_27055,155
synth_27208,155
synth_27253,155
synth_27048,155
synth_27105,155
synth_27237,155
synth_27249,155
synth_27056,155
synth_27197,155
synth_27267,155
synth_27202,155
synth_27189,155
synth_27002,155
synth_27057,155
synth_27170,155
synth_27069,155
synth_27087,155
synth_27190,155
synth_27000,155
synth_27142,155
synth_27145,155
synth_27238,155
synth_27140,155
synth_27183,155
synth_27277,155
synth_27088,155
synth_27113,155
synth_27121,155
synth_27094,155
synth_27103,155
synth_27284,155
synth_27204,155
synth_27082,155
synth_27111,155
synth_27137,155
synth_27004,155
synth_27084,155
synth_27172,155
synth_27196,155
synth_27272,155
synth_27050,155
synth_27059,155
synth_27150,155
synth_27283,155
synth_26998,155
synth_27279,155
synth_27099,155
synth_27223,155
synth_27011,155
synth_27054,155
synth_27158,155
synth_27182,155
synth_27163,155
synth_27066,155
synth_27209,155
synth_27240,155
synth_27234,155
synth_27129,155
synth_27200,155
synth_27265,155
synth_27242,155
synth_27264,155
synth_27227,155
synth_27119,155
synth_27220,155
synth_27152,155
synth_27192,155
synth_27104,155
synth_27213,155
synth_26995,155
synth_27053,155
synth_27179,155
synth_27194,155
synth_27155,155
synth_27254,155
synth_27116,155
synth_27051,155
synth_27159,155
synth_27233,155
synth_27167,155
synth_27151,155
synth_27070,155
synth_27135,155
synth_27173,155
synth_27225,155
synth_27091,155
synth_27355,154
synth_27433,154
synth_27477,154
synth_27525,154
synth_27381,154
synth_27384,154
synth_27578,154
synth_27303,154
synth_27436,154
synth_27517,154
synth_27367,154
synth_27369,154
synth_27416,154
synth_27537,154
synth_27301,154
synth_27440,154
synth_27524,154
synth_27559,154
synth_27298,154
synth_27397,154
synth_27426,154
synth_27490,154
synth_27323,154
synth_27403,154
synth_27330,154
synth_27405,154
synth_27383,154
synth_27540,154
synth_27492,154
synth_27501,154
synth_27329,154
synth_27322,154
synth_27371,154
synth_27402,154
synth_27485,154
synth_27494,154
synth_27300,154
synth_27349,154
synth_27404,154
synth_27481,154
synth_27399,154
synth_27505,154
synth_27288,154
synth_27526,154
synth_27546,154
synth_27448,154
synth_27459,154
synth_27421,154
synth_27316,154
synth_27538,154
synth_27307,154
synth_27507,154
synth_27429,154
synth_27557,154
synth_27573,154
synth_27552,154
synth_27572,154
synth_27408,154
synth_27438,154
synth_27319,154
synth_27468,154
synth_27579,154
synth_27354,154
synth_27432,154
synth_27291,154
synth_27372,154
synth_27503,154
synth_27339,154
synth_27382,154
synth_27361,154
synth_27566,154
synth_27569,154
synth_27457,154
synth_27519,154
synth_27335,154
synth_27530,154
synth_27443,154
synth_27452,154
synth_27310,154
synth_27528,154
synth_27320,154
synth_27491,154
synth_27506,154
synth_27527,154
synth_27539,154
synth_27338,154
synth_27373,154
synth_27548,154
synth_27554,154
synth_27407,154
synth_27364,154
synth_27480,154
synth_27346,154
synth_27549,154
synth_27318,154
synth_27362,154
synth_27487,154
synth_27488,154
synth_27313,154
synth_27363,154
synth_27376,154
synth_27484,154
synth_27359,154
synth_27395,154
synth_27428,154
synth_27472,154
synth_27340,154
synth_27299,154
synth_27543,154
synth_27495,154
synth_27574,154
synth_27410,154
synth_27499,154
synth_27357,154
synth_27334,154
synth_27535,154
synth_27437,154
synth_27580,154
synth_27409,154
synth_27343,154
synth_27534,154
synth_27430,154
synth_27502,154
synth_27351,154
synth_27570,154
synth_27332,154
synth_27345,154
synth_27293,154
synth_27435,154
synth_27449,154
synth_27479,154
synth_27511,154
synth_27545,154
synth_27509,154
synth_27295,154
synth_27324,154
synth_27497,154
synth_27500,154
synth_27513,154
synth_27575,154
synth_27314,154
synth_27458,154
synth_27536,154
synth_27520,154
synth_27328,154
synth_27576,154
synth_27560,154
synth_27462,154
synth_27302,154
synth_27360,154
synth_27375,154
synth_27297,154
synth_27333,154
synth_27419,154
synth_27289,154
synth_27394,154
synth_27401,154
synth_27325,154
synth_27386,154
synth_27563,154
synth_27380,154
synth_27423,154
synth_27422,154
synth_27406,154
synth_27420,154
synth_27292,154
synth_27331,154
synth_27350,154
synth_27311,154
synth_27390,154
synth_27342,154
synth_27431,154
synth_27547,154
synth_27308,154
synth_27411,154
synth_27532,154
synth_27567,154
synth_27461,154
synth_27344,154
synth_27473,154
synth_27581,154
synth_27425,154
synth_27542,154
synth_27439,154
synth_27460,154
synth_27465,154
synth_27521,154
synth_27312,154
synth_27417,154
synth_27471,154
synth_27474,154
synth_27478,154
synth_27556,154
synth_27470,154
synth_27568,154
synth_27445,154
synth_27456,154
synth_27352,154
synth_27389,154
synth_27434,154
synth_27455,154
synth_27562,154
synth_27294,154
synth_27418,154
synth_27512,154
synth_27515,154
synth_27413,154
synth_27441,154
synth_27454,154
synth_27348,154
synth_27531,154
synth_27553,154
synth_27353,154
synth_27286,154
synth_27365,154
synth_27385,154
synth_27496,154
synth_27306,154
synth_27377,154
synth_27558,154
synth_27561,154
synth_27341,154
synth_27309,154
synth_27467,154
synth_27508,154
synth_27464,154
synth_27541,154
synth_27577,154
synth_27304,154
synth_27374,154
synth_27427,154
synth_27446,154
synth_27466,154
synth_27296,154
synth_27463,154
synth_27516,154
synth_27529,154
synth_27551,154
synth_27565,154
synth_27358,154
synth_27571,154
synth_27378,154
synth_27392,154
synth_27321,154
synth_27414,154
synth_27523,154
synth_27379,154
synth_27522,154
synth_27489,154
synth_27327,154
synth_27510,154
synth_27391,154
synth_27444,154
synth_27476,154
synth_27514,154
synth_27453,154
synth_27424,154
synth_27415,154
synth_27533,154
synth_27555,154
synth_27518,154
synth_27290,154
synth_27451,154
synth_27498,154
synth_27315,154
synth_27368,154
synth_27398,154
synth_27475,154
synth_27336,154
synth_27396,154
synth_27412,154
synth_27317,154
synth_27564,154
synth_27366,154
synth_27287,154
synth_27544,154
synth_27442,154
synth_27447,154
synth_27483,154
synth_27305,154
synth_27347,154
synth_27469,154
synth_27504,154
synth_27393,154
synth_27450,154
synth_27482,154
synth_27285,154
synth_27388,154
synth_27550,154
synth_27356,154
synth_27326,154
synth_27387,154
synth_27486,154
synth_27493,154
synth_27337,154
synth_27370,154
synth_27400,154
synth_27655,153
synth_27722,153
synth_27747,153
synth_27843,153
synth_27700,153
synth_27604,153
synth_27780,153
synth_27801,153
synth_27613,153
synth_27676,153
synth_27663,153
synth_27664,153
synth_27726,153
synth_27711,153
synth_27810,153
synth_27634,153
synth_27811,153
synth_27795,153
synth_27782,153
synth_27672,153
synth_27836,153
synth_27705,153
synth_27632,153
synth_27741,153
synth_27799,153
synth_27879,153
synth_27606,153
synth_27794,153
synth_27880,153
synth_27594,153
synth_27806,153
synth_27642,153
synth_27858,153
synth_27622,153
synth_27657,153
synth_27876,153
synth_27647,153
synth_27686,153
synth_27745,153
synth_27797,153
synth_27825,153
synth_27844,153
synth_27659,153
synth_27868,153
synth_27644,153
synth_27695,153
synth_27732,153
synth_27788,153
synth_27882,153
synth_27591,153
synth_27608,153
synth_27662,153
synth_27862,153
synth_27755,153
synth_27690,153
synth_27781,153
synth_27839,153
synth_27753,153
synth_27853,153
synth_27637,153
synth_27656,153
synth_27595,153
synth_27683,153
synth_27870,153
synth_27582,153
synth_27710,153
synth_27758,153
synth_27598,153
synth_27696,153
synth_27869,153
synth_27793,153
synth_27599,153
synth_27616,153
synth_27596,153
synth_27646,153
synth_27666,153
synth_27883,153
synth_27601,153
synth_27669,153
synth_27670,153
synth_27584,153
synth_27629,153
synth_27739,153
synth_27597,153
synth_27621,153
synth_27631,153
synth_27816,153
synth_27640,153
synth_27694,153
synth_27709,153
synth_27767,153
synth_27834,153
synth_27623,153
synth_27724,153
synth_27865,153
synth_27636,153
synth_27809,153
synth_27875,153
synth_27624,153
synth_27627,153
synth_27728,153
synth_27749,153
synth_27772,153
synth_27855,153
synth_27682,153
synth_27859,153
synth_27771,153
synth_27733,153
synth_27648,153
synth_27681,153
synth_27867,153
synth_27833,153
synth_27840,153
synth_27847,153
synth_27590,153
synth_27585,153
synth_27702,153
synth_27674,153
synth_27693,153
synth_27819,153
synth_27846,153
synth_27617,153
synth_27734,153
synth_27698,153
synth_27704,153
synth_27851,153
synth_27736,153
synth_27861,153
synth_27776,153
synth_27838,153
synth_27775,153
synth_27845,153
synth_27783,153
synth_27814,153
synth_27759,153
synth_27609,153
synth_27614,153
synth_27727,153
synth_27828,153
synth_27848,153
synth_27592,153
synth_27854,153
synth_27611,153
synth_27723,153
synth_27792,153
synth_27589,153
synth_27661,153
synth_27765,153
synth_27766,153
synth_27803,153
synth_27761,153
synth_27786,153
synth_27832,153
synth_27697,153
synth_27731,153
synth_27757,153
synth_27605,153
synth_27756,153
synth_27790,153
synth_27823,153
synth_27774,153
synth_27857,153
synth_27881,153
synth_27687,153
synth_27725,153
synth_27742,153
synth_27827,153
synth_27750,153
synth_27701,153
synth_27610,153
synth_27714,153
synth_27777,153
synth_27815,153
synth_27677,153
synth_27740,153
synth_27752,153
synth_27807,153
synth_27588,153
synth_27673,153
synth_27817,153
synth_27830,153
synth_27878,153
synth_27630,153
synth_27671,153
synth_27706,153
synth_27738,153
synth_27743,153
synth_27770,153
synth_27717,153
synth_27763,153
synth_27689,153
synth_27841,153
synth_27593,153
synth_27600,153
synth_27625,153
synth_27864,153
synth_27877,153
synth_27586,153
synth_27821,153
synth_27635,153
synth_27638,153
synth_27842,153
synth_27602,153
synth_27787,153
synth_27822,153
synth_27873,153
synth_27685,153
synth_27820,153
synth_27856,153
synth_27737,153
synth_27791,153
synth_27612,153
synth_27874,153
synth_27603,153
synth_27802,153
synth_27583,153
synth_27643,153
synth_27692,153
synth_27748,153
synth_27779,153
synth_27639,153
synth_27649,153
synth_27680,153
synth_27653,153
synth_27826,153
synth_27813,153
synth_27837,153
synth_27615,153
synth_27688,153
synth_27768,153
synth_27773,153
synth_27730,153
synth_27798,153
synth_27628,153
synth_27652,153
synth_27746,153
synth_27735,153
synth_27665,153
synth_27808,153
synth_27626,153
synth_27679,153
synth_27764,153
synth_27650,153
synth_27785,153
synth_27796,153
synth_27719,153
synth_27713,153
synth_27660,153
synth_27789,153
synth_27872,153
synth_27675,153
synth_27871,153
synth_27641,153
synth_27762,153
synth_27835,153
synth_27684,153
synth_27718,153
synth_27721,153
synth_27824,153
synth_27651,153
synth_27667,153
synth_27708,153
synth_27712,153
synth_27654,153
synth_27691,153
synth_27633,153
synth_27720,153
synth_27784,153
synth_27852,153
synth_27744,153
synth_27760,153
synth_27751,153
synth_27860,153
synth_27703,153
synth_27849,153
synth_27729,153
synth_27658,153
synth_27769,153
synth_27618,153
synth_27678,153
synth_27778,153
synth_27800,153
synth_27619,153
synth_27668,153
synth_27804,153
synth_27607,153
synth_27829,153
synth_27587,153
synth_27707,153
synth_27699,153
synth_27805,153
synth_27831,153
synth_27818,153
synth_27715,153
synth_27850,153
synth_27863,153
synth_27866,153
synth_27645,153
synth_27620,153
synth_27716,153
synth_27754,153
synth_27812,153
synth_28072,152
synth_28123,152
synth_28125,152
synth_28177,152
synth_27976,152
synth_28176,152
synth_27912,152
synth_28003,152
synth_27920,152
synth_28165,152
synth_27890,152
synth_28031,152
synth_28153,152
synth_28127,152
synth_27971,152
synth_28033,152
synth_27919,152
synth_27958,152
synth_27911,152
synth_27922,152
synth_27981,152
synth_28082,152
synth_27996,152
synth_28075,152
synth_27999,152
synth_28096,152
synth_28138,152
synth_28178,152
synth_28017,152
synth_28020,152
synth_28074,152
synth_28083,152
synth_28146,152
synth_28131,152
synth_27927,152
synth_28042,152
synth_27889,152
synth_27892,152
synth_27930,152
synth_27940,152
synth_27982,152
synth_28014,152
synth_28168,152
synth_28024,152
synth_27965,152
synth_28021,152
synth_28069,152
synth_27963,152
synth_28065,152
synth_27884,152
synth_28170,152
synth_28067,152
synth_28035,152
synth_28109,152
synth_28132,152
synth_28049,152
synth_28053,152
synth_28016,152
synth_28077,152
synth_28157,152
synth_27939,152
synth_27972,152
synth_28103,152
synth_28005,152
synth_28150,152
synth_27937,152
synth_28028,152
synth_28064,152
synth_28007,152
synth_28027,152
synth_28039,152
synth_28071,152
synth_28139,152
synth_28044,152
synth_28048,152
synth_28051,152
synth_28099,152
synth_28149,152
synth_27914,152
synth_27926,152
synth_27932,152
synth_28015,152
synth_28050,152
synth_28098,152
synth_27888,152
synth_28052,152
synth_27903,152
synth_27907,152
synth_27987,152
synth_28080,152
synth_28010,152
synth_28085,152
synth_28179,152
synth_27902,152
synth_28173,152
synth_28059,152
synth_28122,152
synth_28034,152
synth_27983,152
synth_28126,152
synth_28151,152
synth_27893,152
synth_27980,152
synth_28112,152
synth_28162,152
synth_28167,152
synth_28114,152
synth_28054,152
synth_27986,152
synth_28060,152
synth_28087,152
synth_28140,152
synth_27900,152
synth_27885,152
synth_27904,152
synth_28078,152
synth_28025,152
synth_28041,152
synth_28154,152
synth_28187,152
synth_28189,152
synth_28142,152
synth_28045,152
synth_28190,152
synth_28155,152
synth_27938,152
synth_28002,152
synth_28120,152
synth_28144,152
synth_27928,152
synth_28057,152
synth_27906,152
synth_27916,152
synth_28022,152
synth_28070,152
synth_28163,152
synth_27931,152
synth_28063,152
synth_27899,152
synth_28092,152
synth_27998,152
synth_28012,152
synth_28102,152
synth_28156,152
synth_28181,152
synth_28128,152
synth_27895,152
synth_27945,152
synth_27918,152
synth_27979,152
synth_27944,152
synth_27886,152
synth_27970,152
synth_28013,152
synth_28134,152
synth_28105,152
synth_27898,152
synth_27947,152
synth_27993,152
synth_28093,152
synth_27909,152
synth_27929,152
synth_27968,152
synth_28129,152
synth_27962,152
synth_28094,152
synth_27992,152
synth_28061,152
synth_28169,152
synth_27924,152
synth_27949,152
synth_28184,152
synth_28095,152
synth_28164,152
synth_28089,152
synth_28160,152
synth_28174,152
synth_27991,152
synth_28066,152
synth_28101,152
synth_27923,152
synth_28161,152
synth_27917,152
synth_28019,152
synth_27974,152
synth_27975,152
synth_28108,152
synth_28119,152
synth_28148,152
synth_27891,152
synth_27960,152
synth_28158,152
synth_28055,152
synth_28068,152
synth_27942,152
synth_28046,152
synth_27901,152
synth_28026,152
synth_28006,152
synth_28116,152
synth_28008,152
synth_28023,152
synth_28141,152
synth_28175,152
synth_27915,152
synth_28004,152
synth_28124,152
synth_28135,152
synth_27948,152
synth_28030,152
synth_27964,152
synth_28076,152
synth_28166,152
synth_28097,152
synth_28115,152
synth_27985,152
synth_27894,152
synth_27967,152
synth_27969,152
synth_28032,152
synth_28118,152
synth_28183,152
synth_27989,152
synth_28036,152
synth_28104,152
synth_27951,152
synth_28137,152
synth_27973,152
synth_28117,152
synth_28172,152
synth_27978,152
synth_28147,152
synth_28001,152
synth_28180,152
synth_28188,152
synth_28011,152
synth_28106,152
synth_28113,152
synth_27950,152
synth_27956,152
synth_27954,152
synth_27910,152
synth_27957,152
synth_28018,152
synth_27943,152
synth_27946,152
synth_28056,152
synth_27908,152
synth_27936,152
synth_27997,152
synth_28009,152
synth_27955,152
synth_28000,152
synth_28088,152
synth_27977,152
synth_28040,152
synth_28058,152
synth_28086,152
synth_28110,152
synth_27896,152
synth_28159,152
synth_27988,152
synth_27913,152
synth_27921,152
synth_27953,152
synth_27961,152
synth_28037,152
synth_28047,152
synth_28081,152
synth_28100,152
synth_27941,152
synth_27933,152
synth_27966,152
synth_28145,152
synth_28107,152
synth_28133,152
synth_27935,152
synth_28171,152
synth_28182,152
synth_28130,152
synth_27897,152
synth_27934,152
synth_28073,152
synth_28121,152
synth_28185,152
synth_27905,152
synth_27994,152
synth_28029,152
synth_28062,152
synth_28111,152
synth_27984,152
synth_27995,152
synth_28084,152
synth_28152,152
synth_27925,152
synth_28143,152
synth_28043,152
synth_27959,152
synth_28136,152
synth_27990,152
synth_28038,152
synth_28091,152
synth_27887,152
synth_28079,152
synth_28090,152
synth_28186,152
synth_27952,152
synth_28299,151
synth_28388,151
synth_28410,151
synth_28455,151
synth_28493,151
synth_28196,151
synth_28490,151
synth_28261,151
synth_28283,151
synth_28321,151
synth_28379,151
synth_28406,151
synth_28302,151
synth_28222,151
synth_28332,151
synth_28463,151
synth_28357,151
synth_28440,151
synth_28244,151
synth_28248,151
synth_28340,151
synth_28464,151
synth_28502,151
synth_28416,151
synth_28298,151
synth_28341,151
synth_28386,151
synth_28442,151
synth_28355,151
synth_28274,151
synth_28329,151
synth_28307,151
synth_28486,151
synth_28215,151
synth_28291,151
synth_28206,151
synth_28239,151
synth_28448,151
synth_28353,151
synth_28449,151
synth_28333,151
synth_28461,151
synth_28229,151
synth_28293,151
synth_28363,151
synth_28483,151
synth_28421,151
synth_28465,151
synth_28446,151
synth_28459,151
synth_28487,151
synth_28203,151
synth_28304,151
synth_28350,151
synth_28349,151
synth_28328,151
synth_28418,151
synth_28389,151
synth_28326,151
synth_28381,151
synth_28402,151
synth_28423,151
synth_28322,151
synth_28435,151
synth_28191,151
synth_28288,151
synth_28262,151
synth_28243,151
synth_28216,151
synth_28316,151
synth_28260,151
synth_28373,151
synth_28377,151
synth_28214,151
synth_28380,151
synth_28390,151
synth_28472,151
synth_28319,151
synth_28482,151
synth_28474,151
synth_28277,151
synth_28361,151
synth_28278,151
synth_28378,151
synth_28201,151
synth_28247,151
synth_28444,151
synth_28497,151
synth_28323,151
synth_28342,151
synth_28407,151
synth_28266,151
synth_28415,151
synth_28420,151
synth_28252,151
synth_28327,151
synth_28441,151
synth_28331,151
synth_28437,151
synth_28336,151
synth_28210,151
synth_28258,151
synth_28338,151
synth_28205,151
synth_28270,151
synth_28467,151
synth_28231,151
synth_28398,151
synth_28500,151
synth_28337,151
synth_28424,151
synth_28447,151
synth_28223,151
synth_28271,151
synth_28265,151
synth_28494,151
synth_28382,151
synth_28387,151
synth_28458,151
synth_28475,151
synth_28403,151
synth_28204,151
synth_28312,151
synth_28430,151
synth_28324,151
synth_28496,151
synth_28200,151
synth_28236,151
synth_28242,151
synth_28348,151
synth_28429,151
synth_28395,151
synth_28473,151
synth_28301,151
synth_28306,151
synth_28276,151
synth_28284,151
synth_28358,151
synth_28409,151
synth_28351,151
synth_28499,151
synth_28439,151
synth_28471,151
synth_28405,151
synth_28452,151
synth_28484,151
synth_28202,151
synth_28451,151
synth_28209,151
synth_28235,151
synth_28240,151
synth_28365,151
synth_28194,151
synth_28297,151
synth_28431,151
synth_28195,151
synth_28282,151
synth_28315,151
synth_28456,151
synth_28476,151
synth_28268,151
synth_28466,151
synth_28275,151
synth_28212,151
synth_28309,151
synth_28501,151
synth_28450,151
synth_28230,151
synth_28233,151
synth_28296,151
synth_28414,151
synth_28436,151
synth_28219,151
synth_28305,151
synth_28347,151
synth_28368,151
synth_28445,151
synth_28280,151
synth_28454,151
synth_28253,151
synth_28371,151
synth_28453,151
synth_28478,151
synth_28300,151
synth_28303,151
synth_28457,151
synth_28221,151
synth_28269,151
synth_28199,151
synth_28232,151
synth_28207,151
synth_28272,151
synth_28344,151
synth_28468,151
synth_28213,151
synth_28325,151
synth_28228,151
synth_28489,151
synth_28352,151
synth_28385,151
synth_28432,151
synth_28225,151
synth_28292,151
synth_28311,151
synth_28397,151
synth_28256,151
synth_28295,151
synth_28197,151
synth_28294,151
synth_28362,151
synth_28485,151
synth_28241,151
synth_28263,151
synth_28264,151
synth_28310,151
synth_28313,151
synth_28245,151
synth_28413,151
synth_28330,151
synth_28411,151
synth_28249,151
synth_28259,151
synth_28289,151
synth_28392,151
synth_28460,151
synth_28192,151
synth_28480,151
synth_28286,151
synth_28220,151
synth_28495,151
synth_28354,151
synth_28356,151
synth_28401,151
synth_28227,151
synth_28290,151
synth_28404,151
synth_28334,151
synth_28376,151
synth_28343,151
synth_28345,151
synth_28367,151
synth_28479,151
synth_28426,151
synth_28488,151
synth_28360,151
synth_28193,151
synth_28419,151
synth_28250,151
synth_28279,151
synth_28318,151
synth_28443,151
synth_28425,151
synth_28234,151
synth_28273,151
synth_28391,151
synth_28238,151
synth_28364,151
synth_28503,151
synth_28359,151
synth_28422,151
synth_28285,151
synth_28374,151
synth_28198,151
synth_28246,151
synth_28393,151
synth_28417,151
synth_28383,151
synth_28481,151
synth_28339,151
synth_28255,151
synth_28366,151
synth_28433,151
synth_28224,151
synth_28314,151
synth_28317,151
synth_28369,151
synth_28492,151
synth_28400,151
synth_28462,151
synth_28477,151
synth_28408,151
synth_28217,151
synth_28434,151
synth_28412,151
synth_28427,151
synth_28237,151
synth_28254,151
synth_28226,151
synth_28208,151
synth_28372,151
synth_28384,151
synth_28470,151
synth_28218,151
synth_28399,151
synth_28428,151
synth_28308,151
synth_28346,151
synth_28394,151
synth_28491,151
synth_28267,151
synth_28438,151
synth_28251,151
synth_28281,151
synth_28320,151
synth_28370,151
synth_28396,151
synth_28469,151
synth_28498,151
synth_28287,151
synth_28211,151
synth_28335,151
synth_28375,151
synth_28257,151
synth_28784,150
synth_28644,150
synth_28592,150
synth_28630,150
synth_28746,150
synth_28747,150
synth_28742,150
synth_28791,150
synth_28594,150
synth_28507,150
synth_28619,150
synth_28810,150
synth_28799,150
synth_28722,150
synth_28558,150
synth_28521,150
synth_28578,150
synth_28764,150
synth_28614,150
synth_28573,150
synth_28649,150
synth_28752,150
synth_28820,150
synth_28672,150
synth_28786,150
synth_28647,150
synth_28773,150
synth_28655,150
synth_28511,150
synth_28709,150
synth_28812,150
synth_28716,150
synth_28645,150
synth_28772,150
synth_28804,150
synth_28808,150
synth_28811,150
synth_28589,150
synth_28766,150
synth_28671,150
synth_28548,150
synth_28509,150
synth_28562,150
synth_28673,150
synth_28580,150
synth_28549,150
synth_28611,150
synth_28576,150
synth_28737,150
synth_28698,150
synth_28785,150
synth_28606,150
synth_28705,150
synth_28693,150
synth_28516,150
synth_28686,150
synth_28519,150
synth_28525,150
synth_28677,150
synth_28703,150
synth_28815,150
synth_28631,150
synth_28534,150
synth_28656,150
synth_28661,150
synth_28615,150
synth_28582,150
synth_28730,150
synth_28795,150
synth_28569,150
synth_28663,150
synth_28702,150
synth_28512,150
synth_28646,150
synth_28744,150
synth_28774,150
synth_28577,150
synth_28666,150
synth_28680,150
synth_28675,150
synth_28688,150
synth_28522,150
synth_28762,150
synth_28763,150
synth_28779,150
synth_28598,150
synth_28745,150
synth_28788,150
synth_28767,150
synth_28556,150
synth_28527,150
synth_28610,150
synth_28561,150
synth_28624,150
synth_28600,150
synth_28660,150
synth_28602,150
synth_28819,150
synth_28586,150
synth_28694,150
synth_28567,150
synth_28682,150
synth_28729,150
synth_28741,150
synth_28726,150
synth_28768,150
synth_28679,150
synth_28821,150
synth_28756,150
synth_28769,150
synth_28792,150
synth_28667,150
synth_28717,150
synth_28638,150
synth_28626,150
synth_28551,150
synth_28609,150
synth_28724,150
synth_28674,150
synth_28718,150
synth_28523,150
synth_28662,150
synth_28535,150
synth_28731,150
synth_28735,150
synth_28801,150
synth_28596,150
synth_28639,150
synth_28685,150
synth_28781,150
synth_28581,150
synth_28536,150
synth_28654,150
synth_28719,150
synth_28571,150
synth_28776,150
synth_28652,150
synth_28678,150
synth_28517,150
synth_28789,150
synth_28800,150
synth_28665,150
synth_28669,150
synth_28560,150
synth_28587,150
synth_28566,150
synth_28529,150
synth_28514,150
synth_28641,150
synth_28720,150
synth_28740,150
synth_28625,150
synth_28563,150
synth_28608,150
synth_28634,150
synth_28543,150
synth_28721,150
synth_28538,150
synth_28707,150
synth_28687,150
synth_28759,150
synth_28618,150
synth_28699,150
synth_28748,150
synth_28518,150
synth_28524,150
synth_28540,150
synth_28574,150
synth_28749,150
synth_28628,150
synth_28802,150
synth_28531,150
synth_28782,150
synth_28681,150
synth_28550,150
synth_28793,150
synth_28727,150
synth_28528,150
synth_28539,150
synth_28636,150
synth_28732,150
synth_28805,150
synth_28510,150
synth_28545,150
synth_28643,150
synth_28771,150
synth_28695,150
synth_28755,150
synth_28796,150
synth_28640,150
synth_28670,150
synth_28743,150
synth_28754,150
synth_28704,150
synth_28714,150
synth_28554,150
synth_28568,150
synth_28657,150
synth_28817,150
synth_28617,150
synth_28605,150
synth_28513,150
synth_28547,150
synth_28725,150
synth_28597,150
synth_28623,150
synth_28595,150
synth_28708,150
synth_28601,150
synth_28552,150
synth_28544,150
synth_28758,150
synth_28579,150
synth_28506,150
synth_28559,150
synth_28504,150
synth_28553,150
synth_28565,150
synth_28591,150
synth_28733,150
synth_28575,150
synth_28642,150
synth_28697,150
synth_28806,150
synth_28621,150
synth_28627,150
synth_28632,150
synth_28633,150
synth_28620,150
synth_28537,150
synth_28526,150
synth_28753,150
synth_28803,150
synth_28712,150
synth_28780,150
synth_28653,150
synth_28664,150
synth_28683,150
synth_28723,150
synth_28583,150
synth_28690,150
synth_28515,150
synth_28590,150
synth_28691,150
synth_28599,150
synth_28676,150
synth_28777,150
synth_28807,150
synth_28593,150
synth_28612,150
synth_28532,150
synth_28798,150
synth_28711,150
synth_28775,150
synth_28651,150
synth_28734,150
synth_28736,150
synth_28814,150
synth_28505,150
synth_28622,150
synth_28794,150
synth_28706,150
synth_28710,150
synth_28530,150
synth_28750,150
synth_28588,150
synth_28760,150
synth_28797,150
synth_28761,150
synth_28765,150
synth_28546,150
synth_28637,150
synth_28648,150
synth_28684,150
synth_28818,150
synth_28713,150
synth_28508,150
synth_28603,150
synth_28816,150
synth_28650,150
synth_28541,150
synth_28570,150
synth_28585,150
synth_28813,150
synth_28659,150
synth_28689,150
synth_28739,150
synth_28787,150
synth_28607,150
synth_28668,150
synth_28700,150
synth_28738,150
synth_28770,150
synth_28809,150
synth_28564,150
synth_28783,150
synth_28584,150
synth_28728,150
synth_28778,150
synth_28555,150
synth_28715,150
synth_28751,150
synth_28757,150
synth_28557,150
synth_28635,150
synth_28658,150
synth_28533,150
synth_28572,150
synth_28616,150
synth_28629,150
synth_28692,150
synth_28701,150
synth_28790,150
synth_28604,150
synth_28613,150
synth_28520,150
synth_28542,150
synth_28696,150
synth_28939,149
synth_29074,149
synth_28877,149
synth_28986,149
synth_29040,149
synth_28994,149
synth_29097,149
synth_29102,149
synth_28874,149
synth_28922,149
synth_28923,149
synth_28973,149
synth_29139,149
synth_29061,149
synth_28891,149
synth_28978,149
synth_28871,149
synth_29105,149
synth_28932,149
synth_29107,149
synth_29057,149
synth_29001,149
synth_28906,149
synth_29007,149
synth_28967,149
synth_28920,149
synth_28882,149
synth_28935,149
synth_29046,149
synth_29114,149
synth_29141,149
synth_28971,149
synth_28859,149
synth_28974,149
synth_29010,149
synth_28873,149
synth_29050,149
synth_28968,149
synth_28993,149
synth_29125,149
synth_29024,149
synth_29088,149
synth_29137,149
synth_28870,149
synth_29033,149
synth_29127,149
synth_28953,149
synth_29004,149
synth_29068,149
synth_28910,149
synth_28848,149
synth_29025,149
synth_29079,149
synth_29094,149
synth_29109,149
synth_29090,149
synth_29121,149
synth_29123,149
synth_28903,149
synth_29099,149
synth_28868,149
synth_29100,149
synth_29070,149
synth_29122,149
synth_28955,149
synth_29106,149
synth_28822,149
synth_28840,149
synth_28913,149
synth_28852,149
synth_28823,149
synth_28827,149
synth_28952,149
synth_28989,149
synth_29078,149
synth_28895,149
synth_29012,149
synth_29077,149
synth_29118,149
synth_28908,149
synth_28887,149
synth_28921,149
synth_29101,149
synth_29144,149
synth_29073,149
synth_28843,149
synth_28911,149
synth_28854,149
synth_28931,149
synth_29131,149
synth_29103,149
synth_28918,149
synth_28969,149
synth_28976,149
synth_28947,149
synth_28866,149
synth_28980,149
synth_29091,149
synth_29146,149
synth_29051,149
synth_29093,149
synth_29133,149
synth_28888,149
synth_28894,149
synth_29115,149
synth_28849,149
synth_28831,149
synth_28844,149
synth_29116,149
synth_28880,149
synth_29021,149
synth_29064,149
synth_29072,149
synth_28838,149
synth_29037,149
synth_28937,149
synth_29066,149
synth_28834,149
synth_28835,149
synth_28902,149
synth_28982,149
synth_28837,149
synth_28896,149
synth_28916,149
synth_28945,149
synth_28855,149
synth_28883,149
synth_29053,149
synth_29128,149
synth_29135,149
synth_29000,149
synth_28957,149
synth_28997,149
synth_29104,149
synth_29059,149
synth_28956,149
synth_29003,149
synth_28943,149
synth_29048,149
synth_29096,149
synth_29112,149
synth_29142,149
synth_28929,149
synth_28829,149
synth_29084,149
synth_28847,149
synth_29089,149
synth_28963,149
synth_29006,149
synth_29013,149
synth_29138,149
synth_28878,149
synth_28996,149
synth_29029,149
synth_29023,149
synth_29083,149
synth_29092,149
synth_29140,149
synth_28830,149
synth_28869,149
synth_29075,149
synth_28962,149
synth_28885,149
synth_29020,149
synth_29087,149
synth_29060,149
synth_28940,149
synth_28977,149
synth_28907,149
synth_28979,149
synth_29018,149
synth_28893,149
synth_28965,149
synth_28949,149
synth_28865,149
synth_28889,149
synth_28981,149
synth_28987,149
synth_28828,149
synth_28861,149
synth_29019,149
synth_29065,149
synth_28832,149
synth_28985,149
synth_28946,149
synth_29036,149
synth_29120,149
synth_29126,149
synth_28905,149
synth_28856,149
synth_28988,149
synth_28948,149
synth_29130,149
synth_29008,149
synth_28959,149
synth_28927,149
synth_28825,149
synth_28984,149
synth_29129,149
synth_28862,149
synth_28875,149
synth_29005,149
synth_29052,149
synth_29085,149
synth_29047,149
synth_28928,149
synth_28899,149
synth_28942,149
synth_28941,149
synth_29032,149
synth_28892,149
synth_28934,149
synth_29108,149
synth_28884,149
synth_28998,149
synth_28936,149
synth_28912,149
synth_28924,149
synth_29009,149
synth_28839,149
synth_29014,149
synth_29081,149
synth_28975,149
synth_29039,149
synth_28850,149
synth_28930,149
synth_28995,149
synth_29002,149
synth_28872,149
synth_28958,149
synth_29017,149
synth_29044,149
synth_28876,149
synth_29035,149
synth_29082,149
synth_28944,149
synth_28851,149
synth_28909,149
synth_28833,149
synth_28915,149
synth_29119,149
synth_29124,149
synth_28961,149
synth_28970,149
synth_29026,149
synth_29049,149
synth_29076,149
synth_29043,149
synth_28926,149
synth_28886,149
synth_28917,149
synth_29143,149
synth_29071,149
synth_28966,149
synth_28867,149
synth_28964,149
synth_29016,149
synth_29063,149
synth_28900,149
synth_28919,149
synth_28954,149
synth_28879,149
synth_29132,149
synth_28841,149
synth_28972,149
synth_29062,149
synth_28990,149
synth_29067,149
synth_29086,149
synth_29030,149
synth_29069,149
synth_29056,149
synth_28836,149
synth_28881,149
synth_28858,149
synth_28901,149
synth_29027,149
synth_29041,149
synth_29117,149
synth_28951,149
synth_28999,149
synth_29034,149
synth_28898,149
synth_29038,149
synth_28857,149
synth_28826,149
synth_28845,149
synth_28950,149
synth_29055,149
synth_28842,149
synth_28890,149
synth_28824,149
synth_28938,149
synth_29136,149
synth_29015,149
synth_28914,149
synth_28846,149
synth_28853,149
synth_28863,149
synth_29045,149
synth_29042,149
synth_28897,149
synth_28904,149
synth_29145,149
synth_28864,149
synth_29028,149
synth_29134,149
synth_28992,149
synth_29098,149
synth_29031,149
synth_29022,149
synth_29095,149
synth_29080,149
synth_28925,149
synth_28983,149
synth_29113,149
synth_28933,149
synth_29054,149
synth_29111,149
synth_28860,149
synth_28960,149
synth_28991,149
synth_29058,149
synth_29110,149
synth_29011,149
synth_29256,148
synth_29444,148
synth_29465,148
synth_29416,148
synth_29243,148
synth_29232,148
synth_29392,148
synth_29210,148
synth_29215,148
synth_29241,148
synth_29251,148
synth_29180,148
synth_29218,148
synth_29357,148
synth_29411,148
synth_29173,148
synth_29222,148
synth_29231,148
synth_29233,148
synth_29342,148
synth_29467,148
synth_29193,148
synth_29324,148
synth_29309,148
synth_29364,148
synth_29236,148
synth_29172,148
synth_29286,148
synth_29200,148
synth_29208,148
synth_29283,148
synth_29335,148
synth_29337,148
synth_29430,148
synth_29349,148
synth_29378,148
synth_29147,148
synth_29202,148
synth_29295,148
synth_29399,148
synth_29425,148
synth_29263,148
synth_29401,148
synth_29385,148
synth_29367,148
synth_29421,148
synth_29185,148
synth_29207,148
synth_29290,148
synth_29192,148
synth_29178,148
synth_29209,148
synth_29315,148
synth_29344,148
synth_29469,148
synth_29155,148
synth_29379,148
synth_29415,148
synth_29375,148
synth_29274,148
synth_29302,148
synth_29351,148
synth_29270,148
synth_29171,148
synth_29174,148
synth_29284,148
synth_29427,148
synth_29431,148
synth_29331,148
synth_29230,148
synth_29255,148
synth_29353,148
synth_29400,148
synth_29198,148
synth_29381,148
synth_29406,148
synth_29438,148
synth_29464,148
synth_29179,148
synth_29199,148
synth_29276,148
synth_29332,148
synth_29242,148
synth_29443,148
synth_29272,148
synth_29333,148
synth_29395,148
synth_29426,148
synth_29217,148
synth_29268,148
synth_29307,148
synth_29473,148
synth_29435,148
synth_29282,148
synth_29418,148
synth_29158,148
synth_29299,148
synth_29229,148
synth_29165,148
synth_29235,148
synth_29312,148
synth_29336,148
synth_29388,148
synth_29260,148
synth_29377,148
synth_29162,148
synth_29463,148
synth_29429,148
synth_29361,148
synth_29386,148
synth_29152,148
synth_29303,148
synth_29285,148
synth_29423,148
synth_29372,148
synth_29374,148
synth_29239,148
synth_29287,148
synth_29301,148
synth_29318,148
synth_29393,148
synth_29414,148
synth_29223,148
synth_29362,148
synth_29228,148
synth_29246,148
synth_29253,148
synth_29456,148
synth_29150,148
synth_29169,148
synth_29368,148
synth_29391,148
synth_29365,148
synth_29278,148
synth_29347,148
synth_29316,148
synth_29340,148
synth_29261,148
synth_29319,148
synth_29329,148
synth_29160,148
synth_29201,148
synth_29404,148
synth_29252,148
synth_29358,148
synth_29257,148
synth_29460,148
synth_29433,148
synth_29184,148
synth_29205,148
synth_29271,148
synth_29376,148
synth_29398,148
synth_29412,148
synth_29420,148
synth_29175,148
synth_29262,148
synth_29354,148
synth_29153,148
synth_29240,148
synth_29244,148
synth_29149,148
synth_29440,148
synth_29194,148
synth_29313,148
synth_29317,148
synth_29348,148
synth_29383,148
synth_29176,148
synth_29359,148
synth_29203,148
synth_29476,148
synth_29447,148
synth_29441,148
synth_29159,148
synth_29305,148
synth_29437,148
synth_29187,148
synth_29304,148
synth_29279,148
synth_29296,148
synth_29330,148
synth_29452,148
synth_29454,148
synth_29212,148
synth_29293,148
synth_29422,148
synth_29475,148
synth_29156,148
synth_29238,148
synth_29468,148
synth_29409,148
synth_29472,148
synth_29170,148
synth_29308,148
synth_29327,148
synth_29457,148
synth_29195,148
synth_29363,148
synth_29356,148
synth_29320,148
synth_29389,148
synth_29449,148
synth_29288,148
synth_29387,148
synth_29397,148
synth_29206,148
synth_29247,148
synth_29346,148
synth_29371,148
synth_29408,148
synth_29442,148
synth_29300,148
synth_29451,148
synth_29211,148
synth_29254,148
synth_29226,148
synth_29436,148
synth_29405,148
synth_29453,148
synth_29458,148
synth_29370,148
synth_29204,148
synth_29298,148
synth_29280,148
synth_29289,148
synth_29168,148
synth_29154,148
synth_29181,148
synth_29248,148
synth_29322,148
synth_29267,148
synth_29369,148
synth_29410,148
synth_29186,148
synth_29445,148
synth_29196,148
synth_29470,148
synth_29461,148
synth_29334,148
synth_29339,148
synth_29407,148
synth_29471,148
synth_29183,148
synth_29220,148
synth_29311,148
synth_29396,148
synth_29177,148
synth_29328,148
synth_29382,148
synth_29428,148
synth_29197,148
synth_29321,148
synth_29402,148
synth_29360,148
synth_29161,148
synth_29273,148
synth_29459,148
synth_29269,148
synth_29343,148
synth_29432,148
synth_29474,148
synth_29417,148
synth_29264,148
synth_29216,148
synth_29424,148
synth_29281,148
synth_29466,148
synth_29390,148
synth_29403,148
synth_29413,148
synth_29227,148
synth_29219,148
synth_29259,148
synth_29352,148
synth_29221,148
synth_29341,148
synth_29182,148
synth_29249,148
synth_29373,148
synth_29157,148
synth_29314,148
synth_29297,148
synth_29310,148
synth_29366,148
synth_29448,148
synth_29326,148
synth_29190,148
synth_29224,148
synth_29462,148
synth_29188,148
synth_29345,148
synth_29214,148
synth_29237,148
synth_29277,148
synth_29338,148
synth_29323,148
synth_29455,148
synth_29450,148
synth_29167,148
synth_29355,148
synth_29275,148
synth_29325,148
synth_29163,148
synth_29439,148
synth_29292,148
synth_29384,148
synth_29350,148
synth_29245,148
synth_29234,148
synth_29250,148
synth_29380,148
synth_29225,148
synth_29266,148
synth_29291,148
synth_29148,148
synth_29189,148
synth_29213,148
synth_29151,148
synth_29164,148
synth_29166,148
synth_29258,148
synth_29306,148
synth_29394,148
synth_29419,148
synth_29265,148
synth_29446,148
synth_29191,148
synth_29294,148
synth_29434,148
synth_29531,147
synth_29586,147
synth_29617,147
synth_29676,147
synth_29737,147
synth_29592,147
synth_29668,147
synth_29528,147
synth_29609,147
synth_29745,147
synth_29626,147
synth_29655,147
synth_29792,147
synth_29685,147
synth_29743,147
synth_29523,147
synth_29596,147
synth_29636,147
synth_29727,147
synth_29796,147
synth_29703,147
synth_29713,147
synth_29797,147
synth_29571,147
synth_29597,147
synth_29671,147
synth_29514,147
synth_29742,147
synth_29618,147
synth_29478,147
synth_29642,147
synth_29679,147
synth_29714,147
synth_29495,147
synth_29550,147
synth_29770,147
synth_29704,147
synth_29738,147
synth_29603,147
synth_29622,147
synth_29677,147
synth_29505,147
synth_29610,147
synth_29709,147
synth_29674,147
synth_29695,147
synth_29489,147
synth_29765,147
synth_29749,147
synth_29759,147
synth_29578,147
synth_29565,147
synth_29773,147
synth_29694,147
synth_29706,147
synth_29613,147
synth_29711,147
synth_29748,147
synth_29557,147
synth_29721,147
synth_29591,147
synth_29629,147
synth_29793,147
synth_29788,147
synth_29696,147
synth_29806,147
synth_29611,147
synth_29758,147
synth_29590,147
synth_29659,147
synth_29533,147
synth_29718,147
synth_29484,147
synth_29722,147
synth_29778,147
synth_29650,147
synth_29708,147
synth_29662,147
synth_29690,147
synth_29672,147
synth_29741,147
synth_29598,147
synth_29494,147
synth_29511,147
synth_29486,147
synth_29492,147
synth_29681,147
synth_29585,147
synth_29501,147
synth_29740,147
synth_29485,147
synth_29527,147
synth_29602,147
synth_29752,147
synth_29782,147
synth_29725,147
synth_29500,147
synth_29675,147
synth_29683,147
synth_29631,147
synth_29661,147
synth_29719,147
synth_29477,147
synth_29482,147
synth_29615,147
synth_29608,147
synth_29644,147
synth_29652,147
synth_29555,147
synth_29503,147
synth_29574,147
synth_29627,147
synth_29657,147
synth_29794,147
synth_29760,147
synth_29735,147
synth_29620,147
synth_29559,147
synth_29567,147
synth_29548,147
synth_29549,147
synth_29479,147
synth_29515,147
synth_29686,147
synth_29689,147
synth_29539,147
synth_29540,147
synth_29780,147
synth_29810,147
synth_29645,147
synth_29498,147
synth_29678,147
synth_29507,147
synth_29513,147
synth_29556,147
synth_29777,147
synth_29779,147
synth_29787,147
synth_29790,147
synth_29582,147
synth_29666,147
synth_29687,147
synth_29803,147
synth_29728,147
synth_29804,147
synth_29568,147
synth_29639,147
synth_29808,147
synth_29647,147
synth_29564,147
synth_29518,147
synth_29542,147
synth_29684,147
synth_29530,147
synth_29525,147
synth_29673,147
synth_29688,147
synth_29600,147
synth_29614,147
synth_29720,147
synth_29729,147
synth_29769,147
synth_29512,147
synth_29753,147
synth_29593,147
synth_29496,147
synth_29510,147
synth_29812,147
synth_29509,147
synth_29624,147
synth_29651,147
synth_29784,147
synth_29648,147
synth_29801,147
synth_29637,147
synth_29702,147
synth_29783,147
synth_29599,147
synth_29698,147
synth_29736,147
synth_29762,147
synth_29764,147
synth_29699,147
synth_29526,147
synth_29663,147
synth_29791,147
synth_29524,147
synth_29646,147
synth_29649,147
synth_29589,147
synth_29607,147
synth_29766,147
synth_29701,147
synth_29584,147
synth_29535,147
synth_29570,147
synth_29669,147
synth_29693,147
synth_29588,147
synth_29665,147
synth_29587,147
synth_29634,147
synth_29730,147
synth_29606,147
synth_29554,147
synth_29536,147
synth_29640,147
synth_29744,147
synth_29802,147
synth_29653,147
synth_29799,147
synth_29519,147
synth_29643,147
synth_29798,147
synth_29569,147
synth_29619,147
synth_29562,147
synth_29697,147
synth_29546,147
synth_29561,147
synth_29754,147
synth_29487,147
synth_29664,147
synth_29772,147
synth_29497,147
synth_29734,147
synth_29532,147
synth_29545,147
synth_29795,147
synth_29632,147
synth_29807,147
synth_29491,147
synth_29529,147
synth_29670,147
synth_29707,147
synth_29552,147
synth_29705,147
synth_29483,147
synth_29502,147
synth_29763,147
synth_29774,147
synth_29805,147
synth_29490,147
synth_29667,147
synth_29625,147
synth_29710,147
synth_29692,147
synth_29756,147
synth_29616,147
synth_29641,147
synth_29724,147
synth_29716,147
synth_29573,147
synth_29553,147
synth_29572,147
synth_29715,147
synth_29785,147
synth_29506,147
synth_29739,147
synth_29504,147
synth_29638,147
synth_29488,147
synth_29612,147
synth_29761,147
synth_29800,147
synth_29755,147
synth_29732,147
synth_29691,147
synth_29604,147
synth_29575,147
synth_29595,147
synth_29480,147
synth_29633,147
synth_29517,147
synth_29658,147
synth_29551,147
synth_29558,147
synth_29635,147
synth_29563,147
synth_29746,147
synth_29747,147
synth_29775,147
synth_29621,147
synth_29576,147
synth_29560,147
synth_29577,147
synth_29660,147
synth_29544,147
synth_29757,147
synth_29543,147
synth_29809,147
synth_29522,147
synth_29700,147
synth_29521,147
synth_29493,147
synth_29580,147
synth_29723,147
synth_29508,147
synth_29771,147
synth_29581,147
synth_29682,147
synth_29566,147
synth_29781,147
synth_29786,147
synth_29534,147
synth_29537,147
synth_29541,147
synth_29499,147
synth_29654,147
synth_29811,147
synth_29538,147
synth_29789,147
synth_29630,147
synth_29750,147
synth_29547,147
synth_29594,147
synth_29767,147
synth_29516,147
synth_29751,147
synth_29768,147
synth_29579,147
synth_29605,147
synth_29583,147
synth_29623,147
synth_29656,147
synth_29481,147
synth_29680,147
synth_29712,147
synth_29776,147
synth_29601,147
synth_29717,147
synth_29726,147
synth_29731,147
synth_29733,147
synth_29520,147
synth_29628,147
synth_30037,146
synth_29829,146
synth_29834,146
synth_29896,146
synth_29940,146
synth_29959,146
synth_29960,146
synth_30136,146
synth_30017,146
synth_30148,146
synth_29825,146
synth_30067,146
synth_29822,146
synth_29957,146
synth_30121,146
synth_29826,146
synth_29844,146
synth_30070,146
synth_29881,146
synth_30011,146
synth_30061,146
synth_29868,146
synth_29964,146
synth_30102,146
synth_29992,146
synth_29966,146
synth_29883,146
synth_30001,146
synth_30115,146
synth_29850,146
synth_29979,146
synth_30059,146
synth_29929,146
synth_29843,146
synth_29875,146
synth_29919,146
synth_29976,146
synth_30106,146
synth_30122,146
synth_29928,146
synth_29933,146
synth_29972,146
synth_29993,146
synth_29885,146
synth_29821,146
synth_30094,146
synth_30119,146
synth_30074,146
synth_30087,146
synth_30024,146
synth_30154,146
synth_30091,146
synth_29915,146
synth_29871,146
synth_30153,146
synth_30133,146
synth_29870,146
synth_29967,146
synth_29982,146
synth_29910,146
synth_29924,146
synth_29974,146
synth_30123,146
synth_29889,146
synth_30131,146
synth_29898,146
synth_30028,146
synth_30144,146
synth_29913,146
synth_30051,146
synth_29852,146
synth_29917,146
synth_29950,146
synth_30114,146
synth_29884,146
synth_30089,146
synth_29813,146
synth_29892,146
synth_29918,146
synth_29973,146
synth_30058,146
synth_29942,146
synth_29997,146
synth_29886,146
synth_29941,146
synth_30021,146
synth_29846,146
synth_29905,146
synth_30151,146
synth_30005,146
synth_29895,146
synth_30035,146
synth_29987,146
synth_30022,146
synth_29815,146
synth_29832,146
synth_29990,146
synth_30072,146
synth_30143,146
synth_29840,146
synth_29861,146
synth_29931,146
synth_29975,146
synth_30006,146
synth_30086,146
synth_30014,146
synth_30146,146
synth_29934,146
synth_30023,146
synth_29814,146
synth_30048,146
synth_30064,146
synth_30068,146
synth_30118,146
synth_30046,146
synth_30095,146
synth_30142,146
synth_29835,146
synth_29946,146
synth_30084,146
synth_30065,146
synth_29984,146
synth_29989,146
synth_30125,146
synth_29904,146
synth_29831,146
synth_29836,146
synth_30069,146
synth_30020,146
synth_30039,146
synth_29944,146
synth_30063,146
synth_30031,146
synth_29824,146
synth_29848,146
synth_30066,146
synth_29981,146
synth_29841,146
synth_29847,146
synth_29894,146
synth_29998,146
synth_29906,146
synth_30033,146
synth_30045,146
synth_30076,146
synth_30117,146
synth_30124,146
synth_29827,146
synth_30056,146
synth_29927,146
synth_30034,146
synth_30101,146
synth_30040,146
synth_30077,146
synth_30041,146
synth_29879,146
synth_29882,146
synth_29938,146
synth_29971,146
synth_30004,146
synth_30071,146
synth_29860,146
synth_30075,146
synth_29994,146
synth_29858,146
synth_29867,146
synth_30113,146
synth_29985,146
synth_29926,146
synth_30015,146
synth_30138,146
synth_29816,146
synth_29951,146
synth_29903,146
synth_30081,146
synth_29854,146
synth_29891,146
synth_29893,146
synth_30128,146
synth_29857,146
synth_29874,146
synth_30083,146
synth_29838,146
synth_29923,146
synth_29952,146
synth_30116,146
synth_30105,146
synth_29866,146
synth_30139,146
synth_29888,146
synth_29932,146
synth_29961,146
synth_29939,146
synth_30111,146
synth_30073,146
synth_30092,146
synth_30099,146
synth_29980,146
synth_29955,146
synth_29995,146
synth_30013,146
synth_29962,146
synth_30019,146
synth_30107,146
synth_30103,146
synth_29958,146
synth_29930,146
synth_30147,146
synth_29949,146
synth_30088,146
synth_29864,146
synth_30080,146
synth_29851,146
synth_29947,146
synth_29823,146
synth_29907,146
synth_30036,146
synth_29837,146
synth_29887,146
synth_29969,146
synth_29865,146
synth_29900,146
synth_29817,146
synth_29922,146
synth_30026,146
synth_29830,146
synth_29912,146
synth_30060,146
synth_30126,146
synth_30078,146
synth_29853,146
synth_30085,146
synth_30008,146
synth_29839,146
synth_29909,146
synth_30110,146
synth_30145,146
synth_29977,146
synth_29999,146
synth_29953,146
synth_30012,146
synth_30044,146
synth_30057,146
synth_29818,146
synth_29978,146
synth_30050,146
synth_30052,146
synth_30055,146
synth_30104,146
synth_29869,146
synth_29916,146
synth_29965,146
synth_30009,146
synth_30130,146
synth_30140,146
synth_30090,146
synth_30149,146
synth_30010,146
synth_29914,146
synth_29925,146
synth_29986,146
synth_29988,146
synth_30054,146
synth_29862,146
synth_29945,146
synth_29996,146
synth_30120,146
synth_30129,146
synth_29855,146
synth_29983,146
synth_30082,146
synth_30079,146
synth_29943,146
synth_29856,146
synth_29897,146
synth_29859,146
synth_29956,146
synth_30007,146
synth_30038,146
synth_29828,146
synth_29863,146
synth_29963,146
synth_29890,146
synth_29954,146
synth_30137,146
synth_30047,146
synth_30108,146
synth_30093,146
synth_29901,146
synth_30100,146
synth_29873,146
synth_29937,146
synth_30002,146
synth_29833,146
synth_29878,146
synth_29948,146
synth_30127,146
synth_29849,146
synth_30030,146
synth_30135,146
synth_30032,146
synth_29819,146
synth_30027,146
synth_30141,146
synth_30000,146
synth_29936,146
synth_30003,146
synth_30053,146
synth_29845,146
synth_30098,146
synth_30097,146
synth_29876,146
synth_29935,146
synth_30150,146
synth_30016,146
synth_30132,146
synth_29908,146
synth_29968,146
synth_30062,146
synth_29902,146
synth_29920,146
synth_29911,146
synth_30042,146
synth_29842,146
synth_30152,146
synth_30096,146
synth_30112,146
synth_29880,146
synth_30043,146
synth_29877,146
synth_30049,146
synth_30109,146
synth_30025,146
synth_30134,146
synth_29820,146
synth_29872,146
synth_29899,146
synth_30018,146
synth_29921,146
synth_29970,146
synth_29991,146
synth_30029,146
synth_30337,145
synth_30175,145
synth_30327,145
synth_30470,145
synth_30475,145
synth_30283,145
synth_30461,145
synth_30363,145
synth_30264,145
synth_30479,145
synth_30333,145
synth_30254,145
synth_30276,145
synth_30310,145
synth_30211,145
synth_30493,145
synth_30394,145
synth_30331,145
synth_30351,145
synth_30224,145
synth_30233,145
synth_30238,145
synth_30248,145
synth_30212,145
synth_30281,145
synth_30467,145
synth_30237,145
synth_30435,145
synth_30193,145
synth_30463,145
synth_30215,145
synth_30316,145
synth_30332,145
synth_30256,145
synth_30196,145
synth_30186,145
synth_30431,145
synth_30367,145
synth_30246,145
synth_30360,145
synth_30501,145
synth_30492,145
synth_30163,145
synth_30204,145
synth_30266,145
synth_30503,145
synth_30192,145
synth_30290,145
synth_30349,145
synth_30313,145
synth_30371,145
synth_30439,145
synth_30255,145
synth_30273,145
synth_30468,145
synth_30502,145
synth_30239,145
synth_30481,145
synth_30405,145
synth_30350,145
synth_30443,145
synth_30229,145
synth_30183,145
synth_30297,145
synth_30250,145
synth_30321,145
synth_30329,145
synth_30253,145
synth_30499,145
synth_30213,145
synth_30412,145
synth_30260,145
synth_30403,145
synth_30418,145
synth_30181,145
synth_30364,145
synth_30361,145
synth_30388,145
synth_30178,145
synth_30415,145
synth_30353,145
synth_30372,145
synth_30447,145
synth_30325,145
synth_30440,145
synth_30164,145
synth_30497,145
synth_30483,145
synth_30356,145
synth_30269,145
synth_30389,145
synth_30366,145
synth_30345,145
synth_30374,145
synth_30487,145
synth_30230,145
synth_30482,145
synth_30341,145
synth_30426,145
synth_30324,145
synth_30451,145
synth_30348,145
synth_30301,145
synth_30312,145
synth_30469,145
synth_30288,145
synth_30180,145
synth_30220,145
synth_30293,145
synth_30318,145
synth_30326,145
synth_30158,145
synth_30379,145
synth_30161,145
synth_30320,145
synth_30473,145
synth_30390,145
synth_30466,145
synth_30491,145
synth_30434,145
synth_30343,145
synth_30206,145
synth_30278,145
synth_30285,145
synth_30462,145
synth_30496,145
synth_30275,145
synth_30409,145
synth_30330,145
synth_30413,145
synth_30358,145
synth_30373,145
synth_30404,145
synth_30437,145
synth_30187,145
synth_30200,145
synth_30314,145
synth_30302,145
synth_30465,145
synth_30263,145
synth_30156,145
synth_30162,145
synth_30384,145
synth_30428,145
synth_30436,145
synth_30448,145
synth_30284,145
synth_30420,145
synth_30218,145
synth_30472,145
synth_30221,145
synth_30259,145
synth_30401,145
synth_30225,145
synth_30247,145
synth_30195,145
synth_30453,145
synth_30478,145
synth_30208,145
synth_30279,145
synth_30433,145
synth_30228,145
synth_30408,145
synth_30422,145
synth_30189,145
synth_30442,145
synth_30280,145
synth_30261,145
synth_30494,145
synth_30277,145
synth_30165,145
synth_30381,145
synth_30490,145
synth_30471,145
synth_30209,145
synth_30400,145
synth_30480,145
synth_30430,145
synth_30309,145
synth_30416,145
synth_30495,145
synth_30498,145
synth_30354,145
synth_30315,145
synth_30368,145
synth_30362,145
synth_30449,145
synth_30460,145
synth_30500,145
synth_30236,145
synth_30244,145
synth_30258,145
synth_30375,145
synth_30425,145
synth_30477,145
synth_30488,145
synth_30171,145
synth_30432,145
synth_30295,145
synth_30339,145
synth_30304,145
synth_30395,145
synth_30299,145
synth_30271,145
synth_30307,145
synth_30217,145
synth_30303,145
synth_30411,145
synth_30286,145
synth_30177,145
synth_30296,145
synth_30185,145
synth_30393,145
synth_30444,145
synth_30231,145
synth_30234,145
synth_30340,145
synth_30429,145
synth_30182,145
synth_30226,145
synth_30355,145
synth_30457,145
synth_30265,145
synth_30387,145
synth_30398,145
synth_30399,145
synth_30235,145
synth_30216,145
synth_30282,145
synth_30232,145
synth_30458,145
synth_30190,145
synth_30386,145
synth_30311,145
synth_30456,145
synth_30396,145
synth_30267,145
synth_30194,145
synth_30346,145
synth_30406,145
synth_30159,145
synth_30485,145
synth_30376,145
synth_30446,145
synth_30455,145
synth_30240,145
synth_30397,145
synth_30222,145
synth_30191,145
synth_30197,145
synth_30173,145
synth_30214,145
synth_30274,145
synth_30323,145
synth_30249,145
synth_30155,145
synth_30424,145
synth_30188,145
synth_30464,145
synth_30308,145
synth_30380,145
synth_30184,145
synth_30243,145
synth_30392,145
synth_30445,145
synth_30359,145
synth_30167,145
synth_30252,145
synth_30357,145
synth_30262,145
synth_30207,145
synth_30289,145
synth_30410,145
synth_30474,145
synth_30352,145
synth_30484,145
synth_30160,145
synth_30203,145
synth_30441,145
synth_30454,145
synth_30170,145
synth_30370,145
synth_30402,145
synth_30169,145
synth_30438,145
synth_30291,145
synth_30427,145
synth_30344,145
synth_30210,145
synth_30417,145
synth_30172,145
synth_30319,145
synth_30242,145
synth_30347,145
synth_30385,145
synth_30202,145
synth_30378,145
synth_30476,145
synth_30383,145
synth_30423,145
synth_30199,145
synth_30201,145
synth_30223,145
synth_30257,145
synth_30268,145
synth_30294,145
synth_30407,145
synth_30489,145
synth_30166,145
synth_30179,145
synth_30421,145
synth_30419,145
synth_30270,145
synth_30168,145
synth_30219,145
synth_30322,145
synth_30450,145
synth_30335,145
synth_30342,145
synth_30227,145
synth_30241,145
synth_30452,145
synth_30272,145
synth_30382,145
synth_30298,145
synth_30251,145
synth_30176,145
synth_30300,145
synth_30317,145
synth_30328,145
synth_30338,145
synth_30157,145
synth_30287,145
synth_30306,145
synth_30377,145
synth_30459,145
synth_30174,145
synth_30205,145
synth_30292,145
synth_30365,145
synth_30414,145
synth_30336,145
synth_30198,145
synth_30245,145
synth_30369,145
synth_30391,145
synth_30305,145
synth_30486,145
synth_30334,145
synth_30659,144
synth_30551,144
synth_30642,144
synth_30612,144
synth_30649,144
synth_30505,144
synth_30832,144
synth_30706,144
synth_30728,144
synth_30578,144
synth_30687,144
synth_30799,144
synth_30592,144
synth_30633,144
synth_30608,144
synth_30543,144
synth_30805,144
synth_30518,144
synth_30755,144
synth_30564,144
synth_30653,144
synth_30811,144
synth_30733,144
synth_30847,144
synth_30561,144
synth_30650,144
synth_30816,144
synth_30574,144
synth_30512,144
synth_30553,144
synth_30803,144
synth_30652,144
synth_30656,144
synth_30827,144
synth_30515,144
synth_30765,144
synth_30819,144
synth_30769,144
synth_30846,144
synth_30556,144
synth_30571,144
synth_30780,144
synth_30666,144
synth_30620,144
synth_30763,144
synth_30792,144
synth_30545,144
synth_30795,144
synth_30800,144
synth_30829,144
synth_30654,144
synth_30717,144
synth_30636,144
synth_30548,144
synth_30599,144
synth_30694,144
synth_30540,144
synth_30628,144
synth_30753,144
synth_30808,144
synth_30857,144
synth_30598,144
synth_30736,144
synth_30664,144
synth_30525,144
synth_30630,144
synth_30739,144
synth_30689,144
synth_30726,144
synth_30848,144
synth_30549,144
synth_30670,144
synth_30787,144
synth_30573,144
synth_30651,144
synth_30522,144
synth_30629,144
synth_30850,144
synth_30613,144
synth_30684,144
synth_30740,144
synth_30764,144
synth_30517,144
synth_30788,144
synth_30809,144
synth_30817,144
synth_30557,144
synth_30634,144
synth_30533,144
synth_30854,144
synth_30532,144
synth_30855,144
synth_30586,144
synth_30513,144
synth_30539,144
synth_30603,144
synth_30638,144
synth_30643,144
synth_30696,144
synth_30737,144
synth_30605,144
synth_30641,144
synth_30509,144
synth_30572,144
synth_30624,144
synth_30708,144
synth_30796,144
synth_30585,144
synth_30601,144
synth_30678,144
synth_30757,144
synth_30776,144
synth_30524,144
synth_30669,144
synth_30552,144
synth_30786,144
synth_30621,144
synth_30640,144
synth_30727,144
synth_30673,144
synth_30749,144
synth_30614,144
synth_30622,144
synth_30663,144
synth_30676,144
synth_30797,144
synth_30569,144
synth_30510,144
synth_30683,144
synth_30849,144
synth_30623,144
synth_30544,144
synth_30704,144
synth_30511,144
synth_30713,144
synth_30734,144
synth_30747,144
synth_30839,144
synth_30853,144
synth_30581,144
synth_30655,144
synth_30750,144
synth_30824,144
synth_30777,144
synth_30798,144
synth_30833,144
synth_30550,144
synth_30843,144
synth_30542,144
synth_30558,144
synth_30546,144
synth_30746,144
synth_30724,144
synth_30589,144
synth_30812,144
synth_30692,144
synth_30767,144
synth_30710,144
synth_30721,144
synth_30760,144
synth_30521,144
synth_30609,144
synth_30611,144
synth_30560,144
synth_30627,144
synth_30723,144
synth_30594,144
synth_30648,144
synth_30731,144
synth_30602,144
synth_30575,144
synth_30732,144
synth_30813,144
synth_30536,144
synth_30688,144
synth_30837,144
synth_30685,144
synth_30693,144
synth_30775,144
synth_30711,144
synth_30529,144
synth_30691,144
synth_30686,144
synth_30568,144
synth_30665,144
synth_30784,144
synth_30554,144
synth_30677,144
synth_30840,144
synth_30528,144
synth_30735,144
synth_30657,144
synth_30697,144
synth_30537,144
synth_30610,144
synth_30715,144
synth_30579,144
synth_30625,144
synth_30590,144
synth_30841,144
synth_30595,144
synth_30520,144
synth_30718,144
synth_30639,144
synth_30679,144
synth_30772,144
synth_30606,144
synth_30793,144
synth_30600,144
synth_30591,144
synth_30617,144
synth_30828,144
synth_30838,144
synth_30588,144
synth_30535,144
synth_30748,144
synth_30566,144
synth_30702,144
synth_30580,144
synth_30845,144
synth_30547,144
synth_30806,144
synth_30519,144
synth_30618,144
synth_30714,144
synth_30781,144
synth_30807,144
synth_30587,144
synth_30712,144
synth_30768,144
synth_30852,144
synth_30527,144
synth_30672,144
synth_30822,144
synth_30559,144
synth_30700,144
synth_30720,144
synth_30644,144
synth_30661,144
synth_30631,144
synth_30534,144
synth_30820,144
synth_30584,144
synth_30719,144
synth_30744,144
synth_30758,144
synth_30647,144
synth_30698,144
synth_30531,144
synth_30759,144
synth_30782,144
synth_30779,144
synth_30851,144
synth_30538,144
synth_30646,144
synth_30675,144
synth_30725,144
synth_30801,144
synth_30830,144
synth_30504,144
synth_30582,144
synth_30836,144
synth_30791,144
synth_30681,144
synth_30565,144
synth_30707,144
synth_30825,144
synth_30593,144
synth_30530,144
synth_30730,144
synth_30842,144
synth_30682,144
synth_30555,144
synth_30526,144
synth_30637,144
synth_30506,144
synth_30645,144
synth_30583,144
synth_30741,144
synth_30858,144
synth_30567,144
synth_30802,144
synth_30835,144
synth_30563,144
synth_30752,144
synth_30716,144
synth_30619,144
synth_30709,144
synth_30743,144
synth_30754,144
synth_30826,144
synth_30831,144
synth_30660,144
synth_30778,144
synth_30577,144
synth_30604,144
synth_30701,144
synth_30690,144
synth_30815,144
synth_30541,144
synth_30570,144
synth_30615,144
synth_30756,144
synth_30771,144
synth_30662,144
synth_30814,144
synth_30507,144
synth_30774,144
synth_30789,144
synth_30722,144
synth_30745,144
synth_30738,144
synth_30794,144
synth_30562,144
synth_30658,144
synth_30516,144
synth_30773,144
synth_30597,144
synth_30616,144
synth_30729,144
synth_30668,144
synth_30695,144
synth_30761,144
synth_30607,144
synth_30626,144
synth_30699,144
synth_30834,144
synth_30596,144
synth_30751,144
synth_30785,144
synth_30856,144
synth_30742,144
synth_30818,144
synth_30790,144
synth_30762,144
synth_30766,144
synth_30770,144
synth_30523,144
synth_30671,144
synth_30576,144
synth_30823,144
synth_30705,144
synth_30635,144
synth_30821,144
synth_30632,144
synth_30810,144
synth_30667,144
synth_30680,144
synth_30844,144
synth_30703,144
synth_30508,144
synth_30514,144
synth_30674,144
synth_30783,144
synth_30804,144
synth_30869,143
synth_30903,143
synth_30943,143
synth_30932,143
synth_31032,143
synth_31207,143
synth_31146,143
synth_31145,143
synth_30926,143
synth_31025,143
synth_31205,143
synth_31124,143
synth_30945,143
synth_31004,143
synth_30942,143
synth_30972,143
synth_30895,143
synth_31127,143
synth_30898,143
synth_31034,143
synth_31057,143
synth_31187,143
synth_30902,143
synth_30937,143
synth_31102,143
synth_31176,143
synth_31143,143
synth_31111,143
synth_31199,143
synth_30983,143
synth_31072,143
synth_30974,143
synth_31110,143
synth_31169,143
synth_30935,143
synth_31010,143
synth_31011,143
synth_31191,143
synth_30871,143
synth_30995,143
synth_31125,143
synth_30960,143
synth_31062,143
synth_31058,143
synth_31183,143
synth_30918,143
synth_30893,143
synth_31006,143
synth_31201,143
synth_30872,143
synth_30947,143
synth_31069,143
synth_31130,143
synth_31170,143
synth_31137,143
synth_30966,143
synth_31080,143
synth_31087,143
synth_31179,143
synth_30967,143
synth_31002,143
synth_31031,143
synth_30981,143
synth_31071,143
synth_31075,143
synth_31163,143
synth_31081,143
synth_31026,143
synth_30923,143
synth_30977,143
synth_30985,143
synth_31030,143
synth_31061,143
synth_31171,143
synth_31134,143
synth_30916,143
synth_30970,143
synth_30955,143
synth_30946,143
synth_31085,143
synth_30982,143
synth_30954,143
synth_30988,143
synth_31215,143
synth_31077,143
synth_30859,143
synth_30860,143
synth_31066,143
synth_31108,143
synth_31155,143
synth_30915,143
synth_30961,143
synth_31090,143
synth_31092,143
synth_31114,143
synth_31132,143
synth_30989,143
synth_30971,143
synth_30933,143
synth_31105,143
synth_31174,143
synth_31208,143
synth_31158,143
synth_31159,143
synth_30976,143
synth_31009,143
synth_31216,143
synth_31097,143
synth_31122,143
synth_31086,143
synth_31150,143
synth_31157,143
synth_30899,143
synth_31083,143
synth_31106,143
synth_30965,143
synth_30994,143
synth_31064,143
synth_31177,143
synth_31019,143
synth_31101,143
synth_31198,143
synth_31078,143
synth_31115,143
synth_31088,143
synth_31113,143
synth_31218,143
synth_31138,143
synth_31156,143
synth_30979,143
synth_31014,143
synth_31178,143
synth_30863,143
synth_30929,143
synth_31074,143
synth_31104,143
synth_31065,143
synth_30882,143
synth_30911,143
synth_30912,143
synth_30881,143
synth_30891,143
synth_31151,143
synth_31185,143
synth_30921,143
synth_31154,143
synth_31136,143
synth_31084,143
synth_31121,143
synth_31140,143
synth_30953,143
synth_31020,143
synth_31023,143
synth_31194,143
synth_30980,143
synth_31109,143
synth_31022,143
synth_31144,143
synth_30959,143
synth_31027,143
synth_31043,143
synth_31047,143
synth_31103,143
synth_30867,143
synth_30922,143
synth_31141,143
synth_31195,143
synth_31211,143
synth_31142,143
synth_31000,143
synth_31073,143
synth_31117,143
synth_31189,143
synth_31012,143
synth_31068,143
synth_31153,143
synth_30908,143
synth_31123,143
synth_31188,143
synth_30861,143
synth_30914,143
synth_30894,143
synth_31196,143
synth_31214,143
synth_31182,143
synth_31076,143
synth_31175,143
synth_30865,143
synth_31059,143
synth_31091,143
synth_30949,143
synth_31165,143
synth_31220,143
synth_30875,143
synth_30990,143
synth_31209,143
synth_30880,143
synth_30963,143
synth_31051,143
synth_31095,143
synth_31135,143
synth_31015,143
synth_31037,143
synth_31162,143
synth_30969,143
synth_30992,143
synth_31147,143
synth_30864,143
synth_30957,143
synth_31028,143
synth_31107,143
synth_31118,143
synth_31213,143
synth_30866,143
synth_31039,143
synth_31060,143
synth_30868,143
synth_31167,143
synth_31152,143
synth_31164,143
synth_31200,143
synth_31129,143
synth_31035,143
synth_30997,143
synth_31001,143
synth_30873,143
synth_30920,143
synth_30940,143
synth_31133,143
synth_30984,143
synth_31190,143
synth_30885,143
synth_30993,143
synth_31149,143
synth_30996,143
synth_31094,143
synth_31186,143
synth_31210,143
synth_30876,143
synth_30892,143
synth_30948,143
synth_31005,143
synth_31024,143
synth_31219,143
synth_31049,143
synth_31119,143
synth_30874,143
synth_30896,143
synth_30907,143
synth_31166,143
synth_30910,143
synth_30978,143
synth_31041,143
synth_31050,143
synth_30877,143
synth_31048,143
synth_30931,143
synth_30991,143
synth_31100,143
synth_31116,143
synth_30939,143
synth_31038,143
synth_31063,143
synth_31112,143
synth_31161,143
synth_31217,143
synth_31099,143
synth_31168,143
synth_30890,143
synth_31013,143
synth_31089,143
synth_30968,143
synth_31021,143
synth_31203,143
synth_30930,143
synth_30975,143
synth_30936,143
synth_31044,143
synth_31131,143
synth_31053,143
synth_30917,143
synth_30925,143
synth_31067,143
synth_30879,143
synth_31040,143
synth_31033,143
synth_31192,143
synth_31007,143
synth_30938,143
synth_30909,143
synth_31046,143
synth_31029,143
synth_30901,143
synth_31148,143
synth_30964,143
synth_31054,143
synth_30952,143
synth_30889,143
synth_30897,143
synth_30886,143
synth_30905,143
synth_30951,143
synth_30862,143
synth_30962,143
synth_31017,143
synth_30927,143
synth_31008,143
synth_30941,143
synth_31193,143
synth_30956,143
synth_31036,143
synth_31045,143
synth_31056,143
synth_30944,143
synth_30888,143
synth_30934,143
synth_31173,143
synth_31160,143
synth_31126,143
synth_31139,143
synth_30906,143
synth_30950,143
synth_30973,143
synth_30887,143
synth_30904,143
synth_30878,143
synth_30986,143
synth_31082,143
synth_30870,143
synth_31055,143
synth_31172,143
synth_30928,143
synth_30958,143
synth_31212,143
synth_30884,143
synth_31184,143
synth_31197,143
synth_31202,143
synth_30900,143
synth_30913,143
synth_31018,143
synth_31003,143
synth_31070,143
synth_30924,143
synth_31016,143
synth_31052,143
synth_30883,143
synth_31096,143
synth_31098,143
synth_30998,143
synth_31042,143
synth_31079,143
synth_30987,143
synth_31093,143
synth_31180,143
synth_31204,143
synth_30999,143
synth_31181,143
synth_30919,143
synth_31120,143
synth_31128,143
synth_31206,143
synth_31331,142
synth_31445,142
synth_31514,142
synth_31279,142
synth_31333,142
synth_31340,142
synth_31349,142
synth_31256,142
synth_31538,142
synth_31370,142
synth_31560,142
synth_31288,142
synth_31283,142
synth_31482,142
synth_31437,142
synth_31404,142
synth_31327,142
synth_31456,142
synth_31519,142
synth_31571,142
synth_31413,142
synth_31332,142
synth_31508,142
synth_31255,142
synth_31403,142
synth_31460,142
synth_31506,142
synth_31275,142
synth_31462,142
synth_31338,142
synth_31574,142
synth_31586,142
synth_31400,142
synth_31379,142
synth_31436,142
synth_31311,142
synth_31346,142
synth_31511,142
synth_31527,142
synth_31549,142
synth_31259,142
synth_31383,142
synth_31277,142
synth_31242,142
synth_31454,142
synth_31280,142
synth_31394,142
synth_31409,142
synth_31545,142
synth_31587,142
synth_31236,142
synth_31335,142
synth_31380,142
synth_31248,142
synth_31497,142
synth_31421,142
synth_31487,142
synth_31555,142
synth_31459,142
synth_31264,142
synth_31491,142
synth_31455,142
synth_31526,142
synth_31500,142
synth_31559,142
synth_31357,142
synth_31469,142
synth_31509,142
synth_31247,142
synth_31478,142
synth_31254,142
synth_31328,142
synth_31430,142
synth_31467,142
synth_31512,142
synth_31493,142
synth_31240,142
synth_31270,142
synth_31314,142
synth_31252,142
synth_31558,142
synth_31439,142
synth_31330,142
synth_31488,142
synth_31291,142
synth_31577,142
synth_31476,142
synth_31372,142
synth_31513,142
synth_31308,142
synth_31496,142
synth_31244,142
synth_31451,142
synth_31423,142
synth_31354,142
synth_31262,142
synth_31546,142
synth_31553,142
synth_31457,142
synth_31429,142
synth_31238,142
synth_31532,142
synth_31569,142
synth_31273,142
synth_31507,142
synth_31358,142
synth_31501,142
synth_31579,142
synth_31241,142
synth_31392,142
synth_31522,142
synth_31424,142
synth_31461,142
synth_31504,142
synth_31557,142
synth_31474,142
synth_31232,142
synth_31306,142
synth_31342,142
synth_31580,142
synth_31452,142
synth_31521,142
synth_31562,142
synth_31272,142
synth_31351,142
synth_31312,142
synth_31516,142
synth_31470,142
synth_31573,142
synth_31365,142
synth_31465,142
synth_31498,142
synth_31515,142
synth_31567,142
synth_31265,142
synth_31463,142
synth_31492,142
synth_31386,142
synth_31405,142
synth_31406,142
synth_31360,142
synth_31443,142
synth_31348,142
synth_31582,142
synth_31536,142
synth_31228,142
synth_31540,142
synth_31286,142
synth_31296,142
synth_31539,142
synth_31353,142
synth_31391,142
synth_31535,142
synth_31227,142
synth_31518,142
synth_31550,142
synth_31235,142
synth_31425,142
synth_31565,142
synth_31253,142
synth_31583,142
synth_31287,142
synth_31418,142
synth_31245,142
synth_31499,142
synth_31225,142
synth_31224,142
synth_31584,142
synth_31341,142
synth_31375,142
synth_31293,142
synth_31575,142
synth_31366,142
synth_31325,142
synth_31258,142
synth_31292,142
synth_31381,142
synth_31407,142
synth_31581,142
synth_31388,142
synth_31384,142
synth_31566,142
synth_31378,142
synth_31226,142
synth_31302,142
synth_31385,142
synth_31395,142
synth_31257,142
synth_31363,142
synth_31251,142
synth_31284,142
synth_31323,142
synth_31431,142
synth_31585,142
synth_31530,142
synth_31393,142
synth_31329,142
synth_31300,142
synth_31588,142
synth_31468,142
synth_31477,142
synth_31525,142
synth_31528,142
synth_31529,142
synth_31303,142
synth_31313,142
synth_31494,142
synth_31373,142
synth_31221,142
synth_31417,142
synth_31475,142
synth_31495,142
synth_31541,142
synth_31343,142
synth_31440,142
synth_31568,142
synth_31268,142
synth_31419,142
synth_31449,142
synth_31458,142
synth_31533,142
synth_31450,142
synth_31237,142
synth_31444,142
synth_31271,142
synth_31401,142
synth_31309,142
synth_31433,142
synth_31473,142
synth_31510,142
synth_31276,142
synth_31542,142
synth_31578,142
synth_31282,142
synth_31371,142
synth_31261,142
synth_31322,142
synth_31544,142
synth_31453,142
synth_31484,142
synth_31524,142
synth_31368,142
synth_31374,142
synth_31448,142
synth_31269,142
synth_31246,142
synth_31278,142
synth_31315,142
synth_31367,142
synth_31432,142
synth_31376,142
synth_31505,142
synth_31361,142
synth_31435,142
synth_31576,142
synth_31479,142
synth_31231,142
synth_31274,142
synth_31411,142
synth_31334,142
synth_31428,142
synth_31547,142
synth_31359,142
synth_31442,142
synth_31298,142
synth_31337,142
synth_31563,142
synth_31531,142
synth_31382,142
synth_31319,142
synth_31290,142
synth_31297,142
synth_31414,142
synth_31490,142
synth_31249,142
synth_31387,142
synth_31480,142
synth_31239,142
synth_31307,142
synth_31310,142
synth_31402,142
synth_31517,142
synth_31318,142
synth_31233,142
synth_31321,142
synth_31326,142
synth_31464,142
synth_31362,142
synth_31347,142
synth_31389,142
synth_31304,142
synth_31412,142
synth_31223,142
synth_31410,142
synth_31446,142
synth_31523,142
synth_31336,142
synth_31364,142
synth_31281,142
synth_31396,142
synth_31397,142
synth_31316,142
synth_31481,142
synth_31399,142
synth_31408,142
synth_31229,142
synth_31301,142
synth_31502,142
synth_31438,142
synth_31543,142
synth_31243,142
synth_31503,142
synth_31320,142
synth_31427,142
synth_31350,142
synth_31369,142
synth_31485,142
synth_31299,142
synth_31422,142
synth_31441,142
synth_31267,142
synth_31294,142
synth_31561,142
synth_31572,142
synth_31250,142
synth_31234,142
synth_31263,142
synth_31426,142
synth_31548,142
synth_31317,142
synth_31222,142
synth_31230,142
synth_31556,142
synth_31398,142
synth_31305,142
synth_31489,142
synth_31537,142
synth_31472,142
synth_31324,142
synth_31377,142
synth_31390,142
synth_31466,142
synth_31551,142
synth_31260,142
synth_31352,142
synth_31554,142
synth_31355,142
synth_31471,142
synth_31345,142
synth_31570,142
synth_31289,142
synth_31416,142
synth_31344,142
synth_31415,142
synth_31564,142
synth_31356,142
synth_31483,142
synth_31486,142
synth_31295,142
synth_31339,142
synth_31266,142
synth_31552,142
synth_31285,142
synth_31520,142
synth_31534,142
synth_31434,142
synth_31447,142
synth_31420,142
synth_31904,141
synth_31642,141
synth_31825,141
synth_31768,141
synth_31946,141
synth_31807,141
synth_31660,141
synth_31822,141
synth_31725,141
synth_31676,141
synth_31731,141
synth_31893,141
synth_31920,141
synth_31952,141
synth_31953,141
synth_31756,141
synth_31603,141
synth_31606,141
synth_31621,141
synth_31704,141
synth_31750,141
synth_31800,141
synth_31627,141
synth_31783,141
synth_31848,141
synth_31857,141
synth_31914,141
synth_31947,141
synth_31898,141
synth_31957,141
synth_31720,141
synth_31779,141
synth_31843,141
synth_31956,141
synth_31961,141
synth_31623,141
synth_31624,141
synth_31708,141
synth_31629,141
synth_31824,141
synth_31871,141
synth_31921,141
synth_31619,141
synth_31802,141
synth_31864,141
synth_31608,141
synth_31620,141
synth_31618,141
synth_31834,141
synth_31771,141
synth_31796,141
synth_31803,141
synth_31727,141
synth_31816,141
synth_31861,141
synth_31654,141
synth_31681,141
synth_31844,141
synth_31964,141
synth_31840,141
synth_31671,141
synth_31837,141
synth_31701,141
synth_31777,141
synth_31826,141
synth_31924,141
synth_31600,141
synth_31856,141
synth_31609,141
synth_31879,141
synth_31664,141
synth_31709,141
synth_31775,141
synth_31900,141
synth_31954,141
synth_31770,141
synth_31863,141
synth_31785,141
synth_31880,141
synth_31938,141
synth_31810,141
synth_31930,141
synth_31932,141
synth_31887,141
synth_31905,141
synth_31688,141
synth_31625,141
synth_31687,141
synth_31781,141
synth_31811,141
synth_31828,141
synth_31689,141
synth_31782,141
synth_31917,141
synth_31685,141
synth_31814,141
synth_31854,141
synth_31925,141
synth_31806,141
synth_31836,141
synth_31944,141
synth_31592,141
synth_31899,141
synth_31774,141
synth_31652,141
synth_31911,141
synth_31607,141
synth_31830,141
synth_31883,141
synth_31678,141
synth_31784,141
synth_31852,141
synth_31622,141
synth_31841,141
synth_31611,141
synth_31902,141
synth_31915,141
synth_31788,141
synth_31705,141
synth_31637,141
synth_31692,141
synth_31602,141
synth_31615,141
synth_31638,141
synth_31628,141
synth_31748,141
synth_31786,141
synth_31632,141
synth_31668,141
synth_31719,141
synth_31736,141
synth_31797,141
synth_31649,141
synth_31950,141
synth_31735,141
synth_31821,141
synth_31847,141
synth_31941,141
synth_31959,141
synth_31717,141
synth_31780,141
synth_31895,141
synth_31683,141
synth_31601,141
synth_31813,141
synth_31711,141
synth_31882,141
synth_31955,141
synth_31747,141
synth_31753,141
synth_31819,141
synth_31759,141
synth_31598,141
synth_31604,141
synth_31820,141
synth_31846,141
synth_31616,141
synth_31851,141
synth_31645,141
synth_31835,141
synth_31923,141
synth_31599,141
synth_31651,141
synth_31646,141
synth_31737,141
synth_31838,141
synth_31630,141
synth_31633,141
synth_31739,141
synth_31751,141
synth_31718,141
synth_31596,141
synth_31793,141
synth_31809,141
synth_31672,141
synth_31845,141
synth_31865,141
synth_31888,141
synth_31663,141
synth_31754,141
synth_31702,141
synth_31890,141
synth_31647,141
synth_31897,141
synth_31694,141
synth_31593,141
synth_31707,141
synth_31870,141
synth_31922,141
synth_31697,141
synth_31743,141
synth_31801,141
synth_31594,141
synth_31827,141
synth_31721,141
synth_31789,141
synth_31791,141
synth_31680,141
synth_31631,141
synth_31817,141
synth_31889,141
synth_31662,141
synth_31591,141
synth_31795,141
synth_31962,141
synth_31839,141
synth_31832,141
synth_31792,141
synth_31872,141
synth_31648,141
synth_31684,141
synth_31884,141
synth_31960,141
synth_31896,141
synth_31940,141
synth_31640,141
synth_31741,141
synth_31703,141
synth_31958,141
synth_31776,141
synth_31881,141
synth_31910,141
synth_31862,141
synth_31799,141
synth_31766,141
synth_31934,141
synth_31634,141
synth_31855,141
synth_31860,141
synth_31874,141
synth_31612,141
synth_31730,141
synth_31875,141
synth_31913,141
synth_31804,141
synth_31869,141
synth_31760,141
synth_31787,141
synth_31868,141
synth_31732,141
synth_31740,141
synth_31746,141
synth_31765,141
synth_31653,141
synth_31849,141
synth_31908,141
synth_31729,141
synth_31752,141
synth_31912,141
synth_31659,141
synth_31831,141
synth_31935,141
synth_31818,141
synth_31661,141
synth_31675,141
synth_31734,141
synth_31906,141
synth_31738,141
synth_31877,141
synth_31728,141
synth_31755,141
synth_31626,141
synth_31722,141
synth_31749,141
synth_31951,141
synth_31639,141
synth_31742,141
synth_31929,141
synth_31712,141
synth_31763,141
synth_31677,141
synth_31691,141
synth_31644,141
synth_31892,141
synth_31733,141
synth_31939,141
synth_31605,141
synth_31858,141
synth_31943,141
synth_31931,141
synth_31590,141
synth_31614,141
synth_31693,141
synth_31715,141
synth_31710,141
synth_31610,141
synth_31829,141
synth_31714,141
synth_31901,141
synth_31798,141
synth_31589,141
synth_31744,141
synth_31790,141
synth_31769,141
synth_31936,141
synth_31745,141
synth_31650,141
synth_31713,141
synth_31918,141
synth_31778,141
synth_31859,141
synth_31919,141
synth_31928,141
synth_31669,141
synth_31670,141
synth_31945,141
synth_31716,141
synth_31909,141
synth_31655,141
synth_31658,141
synth_31815,141
synth_31699,141
synth_31772,141
synth_31657,141
synth_31674,141
synth_31903,141
synth_31597,141
synth_31767,141
synth_31794,141
synth_31850,141
synth_31696,141
synth_31706,141
synth_31613,141
synth_31700,141
synth_31949,141
synth_31885,141
synth_31823,141
synth_31876,141
synth_31891,141
synth_31665,141
synth_31948,141
synth_31595,141
synth_31842,141
synth_31927,141
synth_31933,141
synth_31643,141
synth_31963,141
synth_31617,141
synth_31942,141
synth_31937,141
synth_31916,141
synth_31926,141
synth_31723,141
synth_31679,141
synth_31762,141
synth_31805,141
synth_31656,141
synth_31695,141
synth_31724,141
synth_31764,141
synth_31886,141
synth_31698,141
synth_31757,141
synth_31682,141
synth_31667,141
synth_31726,141
synth_31636,141
synth_31686,141
synth_31673,141
synth_31853,141
synth_31690,141
synth_31666,141
synth_31758,141
synth_31812,141
synth_31894,141
synth_31907,141
synth_31761,141
synth_31866,141
synth_31867,141
synth_31873,141
synth_31635,141
synth_31808,141
synth_31773,141
synth_31833,141
synth_31878,141
synth_31641,141
synth_32046,140
synth_32075,140
synth_32202,140
synth_32032,140
synth_32081,140
synth_32136,140
synth_31994,140
synth_32085,140
synth_32147,140
synth_32209,140
synth_31985,140
synth_32167,140
synth_32322,140
synth_32079,140
synth_32132,140
synth_32190,140
synth_31975,140
synth_31990,140
synth_32121,140
synth_32235,140
synth_32313,140
synth_32328,140
synth_32117,140
synth_32168,140
synth_32006,140
synth_32064,140
synth_32247,140
synth_31986,140
synth_32027,140
synth_32269,140
synth_31995,140
synth_32241,140
synth_32239,140
synth_32256,140
synth_32292,140
synth_32024,140
synth_32188,140
synth_32244,140
synth_32338,140
synth_32138,140
synth_32227,140
synth_32334,140
synth_32254,140
synth_32289,140
synth_32310,140
synth_32087,140
synth_32151,140
synth_32201,140
synth_32206,140
synth_32278,140
synth_32280,140
synth_32308,140
synth_32319,140
synth_32153,140
synth_32157,140
synth_32242,140
synth_32282,140
synth_32099,140
synth_32279,140
synth_32342,140
synth_31999,140
synth_32007,140
synth_32140,140
synth_31974,140
synth_32268,140
synth_32112,140
synth_32324,140
synth_31988,140
synth_32110,140
synth_32107,140
synth_32260,140
synth_32161,140
synth_32023,140
synth_32105,140
synth_31983,140
synth_32098,140
synth_32208,140
synth_31980,140
synth_32082,140
synth_32305,140
synth_32345,140
synth_31989,140
synth_32038,140
synth_32333,140
synth_32065,140
synth_32221,140
synth_32253,140
synth_32294,140
synth_32124,140
synth_32022,140
synth_32332,140
synth_32045,140
synth_32270,140
synth_32215,140
synth_32220,140
synth_32118,140
synth_32341,140
synth_32329,140
synth_31968,140
synth_32020,140
synth_32255,140
synth_32031,140
synth_32146,140
synth_32210,140
synth_31972,140
synth_32019,140
synth_32219,140
synth_32128,140
synth_32166,140
synth_32180,140
synth_32258,140
synth_31973,140
synth_32076,140
synth_32326,140
synth_32125,140
synth_32009,140
synth_32302,140
synth_31992,140
synth_32115,140
synth_32200,140
synth_32228,140
synth_32267,140
synth_32000,140
synth_32216,140
synth_32108,140
synth_32041,140
synth_32034,140
synth_32039,140
synth_32231,140
synth_32284,140
synth_31978,140
synth_32026,140
synth_32130,140
synth_32056,140
synth_32233,140
synth_32230,140
synth_31971,140
synth_31969,140
synth_32291,140
synth_32172,140
synth_32265,140
synth_31997,140
synth_32175,140
synth_32186,140
synth_32120,140
synth_32059,140
synth_32197,140
synth_32037,140
synth_32317,140
synth_32067,140
synth_32048,140
synth_32021,140
synth_32086,140
synth_32113,140
synth_32163,140
synth_32212,140
synth_32096,140
synth_32337,140
synth_32198,140
synth_31967,140
synth_32012,140
synth_32010,140
synth_32199,140
synth_32275,140
synth_32331,140
synth_32144,140
synth_32339,140
synth_32205,140
synth_32164,140
synth_32311,140
synth_31970,140
synth_32229,140
synth_32133,140
synth_32300,140
synth_31965,140
synth_32245,140
synth_32173,140
synth_32035,140
synth_32232,140
synth_32276,140
synth_32142,140
synth_32119,140
synth_32154,140
synth_32008,140
synth_32141,140
synth_32072,140
synth_32158,140
synth_32176,140
synth_32321,140
synth_32327,140
synth_32111,140
synth_32043,140
synth_32214,140
synth_32189,140
synth_32042,140
synth_32055,140
synth_32177,140
synth_32060,140
synth_32090,140
synth_32316,140
synth_32182,140
synth_32263,140
synth_32226,140
synth_32237,140
synth_32171,140
synth_32028,140
synth_32192,140
synth_32145,140
synth_32238,140
synth_31998,140
synth_32029,140
synth_32187,140
synth_31993,140
synth_32093,140
synth_32152,140
synth_32109,140
synth_32143,140
synth_32306,140
synth_32016,140
synth_32025,140
synth_32286,140
synth_32299,140
synth_32194,140
synth_32053,140
synth_31966,140
synth_32155,140
synth_32277,140
synth_32298,140
synth_32122,140
synth_32057,140
synth_32134,140
synth_32100,140
synth_32095,140
synth_32139,140
synth_32204,140
synth_32271,140
synth_32273,140
synth_32196,140
synth_31982,140
synth_32044,140
synth_32135,140
synth_32222,140
synth_31991,140
synth_32184,140
synth_32077,140
synth_32325,140
synth_32336,140
synth_32346,140
synth_32078,140
synth_32073,140
synth_32030,140
synth_32149,140
synth_32162,140
synth_32083,140
synth_32320,140
synth_32296,140
synth_32106,140
synth_32001,140
synth_32071,140
synth_32084,140
synth_32179,140
synth_32002,140
synth_32344,140
synth_32116,140
synth_32203,140
synth_32285,140
synth_32318,140
synth_31987,140
synth_32014,140
synth_32207,140
synth_32264,140
synth_32323,140
synth_32266,140
synth_32347,140
synth_32089,140
synth_32094,140
synth_32249,140
synth_32252,140
synth_32003,140
synth_32091,140
synth_32181,140
synth_32033,140
synth_32218,140
synth_32290,140
synth_32297,140
synth_32303,140
synth_32005,140
synth_32070,140
synth_32097,140
synth_32129,140
synth_32335,140
synth_31977,140
synth_31996,140
synth_32069,140
synth_32343,140
synth_32114,140
synth_32165,140
synth_32013,140
synth_32051,140
synth_32054,140
synth_32261,140
synth_32288,140
synth_32036,140
synth_32223,140
synth_32102,140
synth_32183,140
synth_32092,140
synth_32131,140
synth_32293,140
synth_32017,140
synth_32148,140
synth_32178,140
synth_32225,140
synth_32309,140
synth_32174,140
synth_32193,140
synth_32262,140
synth_32312,140
synth_32088,140
synth_32101,140
synth_32281,140
synth_32063,140
synth_32211,140
synth_32248,140
synth_32251,140
synth_32047,140
synth_32049,140
synth_32080,140
synth_32234,140
synth_32240,140
synth_31981,140
synth_31976,140
synth_32015,140
synth_32040,140
synth_32058,140
synth_32213,140
synth_32160,140
synth_32217,140
synth_32259,140
synth_32340,140
synth_32103,140
synth_32004,140
synth_32050,140
synth_32074,140
synth_32156,140
synth_32224,140
synth_32195,140
synth_31979,140
synth_32127,140
synth_32169,140
synth_32330,140
synth_32185,140
synth_32011,140
synth_32052,140
synth_32243,140
synth_32068,140
synth_32307,140
synth_32137,140
synth_32315,140
synth_32250,140
synth_32126,140
synth_32274,140
synth_32283,140
synth_32304,140
synth_32150,140
synth_32246,140
synth_32287,140
synth_32295,140
synth_32159,140
synth_32236,140
synth_32123,140
synth_32062,140
synth_31984,140
synth_32257,140
synth_32104,140
synth_32191,140
synth_32061,140
synth_32170,140
synth_32272,140
synth_32301,140
synth_32314,140
synth_32018,140
synth_32066,140
synth_32674,139
synth_32452,139
synth_32565,139
synth_32614,139
synth_32372,139
synth_32397,139
synth_32539,139
synth_32564,139
synth_32650,139
synth_32638,139
synth_32603,139
synth_32725,139
synth_32406,139
synth_32392,139
synth_32722,139
synth_32677,139
synth_32417,139
synth_32499,139
synth_32627,139
synth_32694,139
synth_32584,139
synth_32466,139
synth_32477,139
synth_32461,139
synth_32600,139
synth_32537,139
synth_32429,139
synth_32352,139
synth_32556,139
synth_32555,139
synth_32619,139
synth_32648,139
synth_32669,139
synth_32690,139
synth_32631,139
synth_32710,139
synth_32730,139
synth_32364,139
synth_32494,139
synth_32420,139
synth_32534,139
synth_32389,139
synth_32715,139
synth_32488,139
synth_32695,139
synth_32487,139
synth_32394,139
synth_32575,139
synth_32661,139
synth_32363,139
synth_32685,139
synth_32359,139
synth_32613,139
synth_32558,139
synth_32573,139
synth_32378,139
synth_32379,139
synth_32737,139
synth_32448,139
synth_32637,139
synth_32503,139
synth_32532,139
synth_32621,139
synth_32652,139
synth_32376,139
synth_32680,139
synth_32663,139
synth_32381,139
synth_32566,139
synth_32589,139
synth_32396,139
synth_32604,139
synth_32704,139
synth_32729,139
synth_32450,139
synth_32483,139
synth_32531,139
synth_32542,139
synth_32606,139
synth_32535,139
synth_32529,139
synth_32517,139
synth_32597,139
synth_32682,139
synth_32369,139
synth_32385,139
synth_32553,139
synth_32387,139
synth_32445,139
synth_32404,139
synth_32495,139
synth_32507,139
synth_32592,139
synth_32442,139
synth_32434,139
synth_32490,139
synth_32475,139
synth_32586,139
synth_32731,139
synth_32358,139
synth_32701,139
synth_32361,139
synth_32655,139
synth_32456,139
synth_32509,139
synth_32617,139
synth_32595,139
synth_32365,139
synth_32457,139
synth_32407,139
synth_32697,139
synth_32716,139
synth_32724,139
synth_32491,139
synth_32377,139
synth_32522,139
synth_32684,139
synth_32536,139
synth_32607,139
synth_32581,139
synth_32354,139
synth_32582,139
synth_32620,139
synth_32512,139
synth_32502,139
synth_32599,139
synth_32732,139
synth_32390,139
synth_32616,139
synth_32689,139
synth_32717,139
synth_32567,139
synth_32611,139
synth_32629,139
synth_32544,139
synth_32449,139
synth_32590,139
synth_32615,139
synth_32708,139
synth_32485,139
synth_32570,139
synth_32533,139
synth_32718,139
synth_32427,139
synth_32671,139
synth_32438,139
synth_32712,139
synth_32411,139
synth_32546,139
synth_32357,139
synth_32402,139
synth_32579,139
synth_32658,139
synth_32622,139
synth_32470,139
synth_32489,139
synth_32642,139
synth_32501,139
synth_32585,139
synth_32353,139
synth_32386,139
synth_32399,139
synth_32703,139
synth_32414,139
synth_32464,139
synth_32472,139
synth_32498,139
synth_32510,139
synth_32479,139
synth_32698,139
synth_32360,139
synth_32409,139
synth_32561,139
synth_32593,139
synth_32351,139
synth_32557,139
synth_32636,139
synth_32632,139
synth_32559,139
synth_32435,139
synth_32610,139
synth_32727,139
synth_32421,139
synth_32623,139
synth_32653,139
synth_32424,139
synth_32736,139
synth_32418,139
synth_32511,139
synth_32683,139
synth_32403,139
synth_32554,139
synth_32626,139
synth_32634,139
synth_32667,139
synth_32711,139
synth_32410,139
synth_32455,139
synth_32520,139
synth_32425,139
synth_32733,139
synth_32678,139
synth_32395,139
synth_32518,139
synth_32548,139
synth_32568,139
synth_32664,139
synth_32454,139
synth_32383,139
synth_32602,139
synth_32476,139
synth_32723,139
synth_32540,139
synth_32513,139
synth_32668,139
synth_32577,139
synth_32728,139
synth_32500,139
synth_32408,139
synth_32693,139
synth_32721,139
synth_32657,139
synth_32735,139
synth_32462,139
synth_32350,139
synth_32437,139
synth_32484,139
synth_32504,139
synth_32525,139
synth_32675,139
synth_32422,139
synth_32482,139
synth_32371,139
synth_32526,139
synth_32551,139
synth_32705,139
synth_32467,139
synth_32492,139
synth_32654,139
synth_32676,139
synth_32478,139
synth_32643,139
synth_32508,139
synth_32471,139
synth_32423,139
synth_32672,139
synth_32692,139
synth_32451,139
synth_32608,139
synth_32651,139
synth_32514,139
synth_32486,139
synth_32560,139
synth_32665,139
synth_32598,139
synth_32412,139
synth_32443,139
synth_32706,139
synth_32497,139
synth_32530,139
synth_32601,139
synth_32370,139
synth_32441,139
synth_32547,139
synth_32401,139
synth_32349,139
synth_32635,139
synth_32468,139
synth_32549,139
synth_32639,139
synth_32702,139
synth_32447,139
synth_32374,139
synth_32380,139
synth_32391,139
synth_32463,139
synth_32496,139
synth_32521,139
synth_32633,139
synth_32580,139
synth_32647,139
synth_32594,139
synth_32625,139
synth_32432,139
synth_32460,139
synth_32552,139
synth_32588,139
synth_32384,139
synth_32430,139
synth_32469,139
synth_32400,139
synth_32700,139
synth_32481,139
synth_32446,139
synth_32628,139
synth_32660,139
synth_32398,139
synth_32714,139
synth_32666,139
synth_32473,139
synth_32641,139
synth_32687,139
synth_32366,139
synth_32609,139
synth_32578,139
synth_32362,139
synth_32368,139
synth_32519,139
synth_32563,139
synth_32348,139
synth_32618,139
synth_32605,139
synth_32591,139
synth_32649,139
synth_32388,139
synth_32431,139
synth_32413,139
synth_32576,139
synth_32707,139
synth_32587,139
synth_32440,139
synth_32493,139
synth_32686,139
synth_32527,139
synth_32656,139
synth_32696,139
synth_32523,139
synth_32646,139
synth_32356,139
synth_32439,139
synth_32550,139
synth_32571,139
synth_32524,139
synth_32713,139
synth_32673,139
synth_32355,139
synth_32572,139
synth_32734,139
synth_32474,139
synth_32367,139
synth_32515,139
synth_32459,139
synth_32612,139
synth_32393,139
synth_32574,139
synth_32433,139
synth_32382,139
synth_32541,139
synth_32688,139
synth_32670,139
synth_32679,139
synth_32709,139
synth_32453,139
synth_32458,139
synth_32726,139
synth_32436,139
synth_32624,139
synth_32699,139
synth_32444,139
synth_32545,139
synth_32719,139
synth_32415,139
synth_32528,139
synth_32516,139
synth_32596,139
synth_32480,139
synth_32562,139
synth_32644,139
synth_32538,139
synth_32691,139
synth_32416,139
synth_32659,139
synth_32543,139
synth_32465,139
synth_32373,139
synth_32428,139
synth_32720,139
synth_32505,139
synth_32506,139
synth_32426,139
synth_32630,139
synth_32375,139
synth_32640,139
synth_32569,139
synth_32681,139
synth_32419,139
synth_32405,139
synth_32645,139
synth_32662,139
synth_32583,139
synth_32853,138
synth_32879,138
synth_32861,138
synth_32799,138
synth_33043,138
synth_33063,138
synth_32942,138
synth_32955,138
synth_32739,138
synth_33049,138
synth_32980,138
synth_32915,138
synth_32922,138
synth_32801,138
synth_33053,138
synth_32818,138
synth_32830,138
synth_32839,138
synth_33094,138
synth_33108,138
synth_32793,138
synth_33065,138
synth_32756,138
synth_32871,138
synth_32754,138
synth_32813,138
synth_32872,138
synth_33020,138
synth_32918,138
synth_33077,138
synth_32811,138
synth_32925,138
synth_33073,138
synth_33128,138
synth_32999,138
synth_32945,138
synth_32916,138
synth_33030,138
synth_33068,138
synth_32886,138
synth_32997,138
synth_32921,138
synth_33113,138
synth_32905,138
synth_33018,138
synth_33050,138
synth_32902,138
synth_32896,138
synth_32973,138
synth_32771,138
synth_32869,138
synth_32841,138
synth_32781,138
synth_32970,138
synth_33011,138
synth_32829,138
synth_33002,138
synth_33022,138
synth_33120,138
synth_32885,138
synth_33115,138
synth_32887,138
synth_32963,138
synth_32993,138
synth_32773,138
synth_33003,138
synth_32903,138
synth_32989,138
synth_32836,138
synth_33124,138
synth_32749,138
synth_32863,138
synth_32935,138
synth_33105,138
synth_32828,138
synth_32870,138
synth_32895,138
synth_32789,138
synth_33086,138
synth_32857,138
synth_32907,138
synth_33045,138
synth_33121,138
synth_33060,138
synth_33131,138
synth_32938,138
synth_32917,138
synth_33099,138
synth_32761,138
synth_33034,138
synth_33130,138
synth_33117,138
synth_32833,138
synth_32741,138
synth_33039,138
synth_32784,138
synth_33057,138
synth_33100,138
synth_32757,138
synth_32762,138
synth_33072,138
synth_32966,138
synth_32868,138
synth_32791,138
synth_33005,138
synth_32786,138
synth_32782,138
synth_32867,138
synth_33101,138
synth_32809,138
synth_32785,138
synth_32847,138
synth_33008,138
synth_32743,138
synth_32806,138
synth_32768,138
synth_32985,138
synth_32848,138
synth_32904,138
synth_33095,138
synth_32802,138
synth_33033,138
synth_32978,138
synth_32992,138
synth_33032,138
synth_33061,138
synth_32823,138
synth_32897,138
synth_32783,138
synth_33129,138
synth_32778,138
synth_32943,138
synth_33096,138
synth_33103,138
synth_32967,138
synth_32948,138
synth_32751,138
synth_32774,138
synth_32819,138
synth_32909,138
synth_33007,138
synth_33083,138
synth_32834,138
synth_32900,138
synth_32960,138
synth_32934,138
synth_33051,138
synth_33079,138
synth_33092,138
synth_32958,138
synth_32974,138
synth_32979,138
synth_33097,138
synth_33125,138
synth_32850,138
synth_32865,138
synth_33054,138
synth_32983,138
synth_32911,138
synth_33004,138
synth_33098,138
synth_32968,138
synth_32821,138
synth_32882,138
synth_32844,138
synth_33059,138
synth_32929,138
synth_32831,138
synth_32752,138
synth_32845,138
synth_32953,138
synth_32914,138
synth_33029,138
synth_33040,138
synth_32972,138
synth_33110,138
synth_32740,138
synth_32820,138
synth_32961,138
synth_32881,138
synth_33074,138
synth_33135,138
synth_32846,138
synth_32982,138
synth_33066,138
synth_32910,138
synth_32995,138
synth_33116,138
synth_32941,138
synth_32766,138
synth_32949,138
synth_32772,138
synth_32775,138
synth_32825,138
synth_33023,138
synth_32765,138
synth_32843,138
synth_32776,138
synth_32779,138
synth_32932,138
synth_32838,138
synth_32792,138
synth_32755,138
synth_33012,138
synth_33126,138
synth_32770,138
synth_33111,138
synth_33016,138
synth_32748,138
synth_32919,138
synth_33000,138
synth_32891,138
synth_32923,138
synth_33042,138
synth_33123,138
synth_32797,138
synth_32827,138
synth_32913,138
synth_33037,138
synth_33081,138
synth_32977,138
synth_32807,138
synth_32859,138
synth_32884,138
synth_33009,138
synth_32912,138
synth_32746,138
synth_32957,138
synth_32758,138
synth_32814,138
synth_32873,138
synth_33112,138
synth_32777,138
synth_32939,138
synth_32738,138
synth_33035,138
synth_32842,138
synth_32975,138
synth_32976,138
synth_32991,138
synth_32892,138
synth_33085,138
synth_32790,138
synth_32920,138
synth_33056,138
synth_33078,138
synth_33087,138
synth_32759,138
synth_32969,138
synth_32787,138
synth_32901,138
synth_32788,138
synth_33006,138
synth_32954,138
synth_32880,138
synth_32795,138
synth_32878,138
synth_32745,138
synth_32971,138
synth_32906,138
synth_32926,138
synth_33114,138
synth_33118,138
synth_32805,138
synth_32946,138
synth_32994,138
synth_32856,138
synth_32964,138
synth_32990,138
synth_33024,138
synth_32950,138
synth_33001,138
synth_33119,138
synth_32804,138
synth_32930,138
synth_32854,138
synth_33107,138
synth_33134,138
synth_33044,138
synth_33048,138
synth_32753,138
synth_32822,138
synth_32940,138
synth_32769,138
synth_32812,138
synth_32981,138
synth_33010,138
synth_33071,138
synth_32959,138
synth_32986,138
synth_32876,138
synth_32855,138
synth_32944,138
synth_32794,138
synth_32832,138
synth_32890,138
synth_33052,138
synth_32998,138
synth_33069,138
synth_32908,138
synth_33047,138
synth_33062,138
synth_33104,138
synth_32815,138
synth_32826,138
synth_32888,138
synth_32852,138
synth_32893,138
synth_33015,138
synth_33089,138
synth_32764,138
synth_32956,138
synth_32965,138
synth_32849,138
synth_33014,138
synth_32780,138
synth_32987,138
synth_33017,138
synth_32864,138
synth_32742,138
synth_32796,138
synth_32840,138
synth_32851,138
synth_32947,138
synth_32862,138
synth_33027,138
synth_32803,138
synth_32860,138
synth_32933,138
synth_33109,138
synth_32824,138
synth_32817,138
synth_32988,138
synth_32883,138
synth_32810,138
synth_33036,138
synth_33084,138
synth_33102,138
synth_32816,138
synth_32899,138
synth_33058,138
synth_32889,138
synth_32952,138
synth_33021,138
synth_33090,138
synth_33093,138
synth_32767,138
synth_32984,138
synth_32874,138
synth_32744,138
synth_32931,138
synth_33025,138
synth_33031,138
synth_32750,138
synth_32837,138
synth_33013,138
synth_33080,138
synth_32763,138
synth_32924,138
synth_32927,138
synth_32951,138
synth_33132,138
synth_32866,138
synth_33055,138
synth_33070,138
synth_32894,138
synth_33091,138
synth_32858,138
synth_32936,138
synth_33038,138
synth_32875,138
synth_33041,138
synth_32760,138
synth_32898,138
synth_32962,138
synth_33046,138
synth_33067,138
synth_32800,138
synth_32808,138
synth_32835,138
synth_33019,138
synth_32877,138
synth_33064,138
synth_33026,138
synth_33075,138
synth_33076,138
synth_33122,138
synth_33133,138
synth_32747,138
synth_32798,138
synth_33028,138
synth_33106,138
synth_32937,138
synth_33082,138
synth_33088,138
synth_33127,138
synth_32928,138
synth_32996,138
synth_33218,137
synth_33221,137
synth_33225,137
synth_33258,137
synth_33410,137
synth_33322,137
synth_33482,137
synth_33155,137
synth_33156,137
synth_33164,137
synth_33388,137
synth_33534,137
synth_33520,137
synth_33201,137
synth_33270,137
synth_33397,137
synth_33269,137
synth_33289,137
synth_33380,137
synth_33434,137
synth_33371,137
synth_33426,137
synth_33142,137
synth_33516,137
synth_33396,137
synth_33424,137
synth_33430,137
synth_33470,137
synth_33527,137
synth_33274,137
synth_33306,137
synth_33404,137
synth_33519,137
synth_33538,137
synth_33200,137
synth_33210,137
synth_33299,137
synth_33159,137
synth_33243,137
synth_33366,137
synth_33389,137
synth_33317,137
synth_33446,137
synth_33367,137
synth_33342,137
synth_33190,137
synth_33295,137
synth_33456,137
synth_33493,137
synth_33203,137
synth_33241,137
synth_33297,137
synth_33304,137
synth_33479,137
synth_33499,137
synth_33500,137
synth_33261,137
synth_33411,137
synth_33412,137
synth_33494,137
synth_33318,137
synth_33405,137
synth_33179,137
synth_33331,137
synth_33526,137
synth_33529,137
synth_33509,137
synth_33229,137
synth_33240,137
synth_33495,137
synth_33522,137
synth_33230,137
synth_33393,137
synth_33467,137
synth_33539,137
synth_33169,137
synth_33517,137
synth_33145,137
synth_33242,137
synth_33476,137
synth_33477,137
synth_33341,137
synth_33239,137
synth_33485,137
synth_33260,137
synth_33272,137
synth_33386,137
synth_33316,137
synth_33464,137
synth_33199,137
synth_33365,137
synth_33330,137
synth_33167,137
synth_33235,137
synth_33312,137
synth_33540,137
synth_33337,137
synth_33173,137
synth_33344,137
synth_33163,137
synth_33209,137
synth_33326,137
synth_33438,137
synth_33346,137
synth_33400,137
synth_33194,137
synth_33358,137
synth_33518,137
synth_33147,137
synth_33246,137
synth_33281,137
synth_33335,137
synth_33207,137
synth_33219,137
synth_33401,137
synth_33417,137
synth_33536,137
synth_33336,137
synth_33144,137
synth_33183,137
synth_33510,137
synth_33193,137
synth_33151,137
synth_33290,137
synth_33166,137
synth_33217,137
synth_33471,137
synth_33490,137
synth_33314,137
synth_33501,137
synth_33176,137
synth_33226,137
synth_33451,137
synth_33205,137
synth_33433,137
synth_33462,137
synth_33418,137
synth_33480,137
synth_33349,137
synth_33383,137
synth_33387,137
synth_33513,137
synth_33408,137
synth_33473,137
synth_33506,137
synth_33182,137
synth_33278,137
synth_33343,137
synth_33348,137
synth_33319,137
synth_33469,137
synth_33502,137
synth_33140,137
synth_33432,137
synth_33351,137
synth_33340,137
synth_33394,137
synth_33362,137
synth_33535,137
synth_33172,137
synth_33512,137
synth_33165,137
synth_33170,137
synth_33180,137
synth_33481,137
synth_33192,137
synth_33444,137
synth_33478,137
synth_33291,137
synth_33414,137
synth_33445,137
synth_33447,137
synth_33141,137
synth_33531,137
synth_33525,137
synth_33357,137
synth_33376,137
synth_33514,137
synth_33257,137
synth_33503,137
synth_33323,137
synth_33423,137
synth_33533,137
synth_33325,137
synth_33530,137
synth_33508,137
synth_33475,137
synth_33181,137
synth_33385,137
synth_33303,137
synth_33372,137
synth_33160,137
synth_33287,137
synth_33435,137
synth_33515,137
synth_33399,137
synth_33429,137
synth_33280,137
synth_33402,137
synth_33487,137
synth_33150,137
synth_33321,137
synth_33255,137
synth_33368,137
synth_33162,137
synth_33198,137
synth_33214,137
synth_33353,137
synth_33375,137
synth_33395,137
synth_33174,137
synth_33285,137
synth_33320,137
synth_33227,137
synth_33377,137
synth_33204,137
synth_33250,137
synth_33361,137
synth_33488,137
synth_33491,137
synth_33138,137
synth_33364,137
synth_33220,137
synth_33345,137
synth_33157,137
synth_33233,137
synth_33315,137
synth_33455,137
synth_33236,137
synth_33187,137
synth_33352,137
synth_33379,137
synth_33428,137
synth_33296,137
synth_33308,137
synth_33392,137
synth_33292,137
synth_33441,137
synth_33442,137
synth_33459,137
synth_33184,137
synth_33300,137
synth_33369,137
synth_33416,137
synth_33489,137
synth_33152,137
synth_33298,137
synth_33168,137
synth_33256,137
synth_33436,137
synth_33391,137
synth_33419,137
synth_33275,137
synth_33403,137
synth_33212,137
synth_33431,137
synth_33216,137
synth_33237,137
synth_33277,137
synth_33354,137
synth_33381,137
synth_33251,137
synth_33439,137
synth_33186,137
synth_33262,137
synth_33305,137
synth_33307,137
synth_33356,137
synth_33332,137
synth_33324,137
synth_33374,137
synth_33496,137
synth_33197,137
synth_33206,137
synth_33284,137
synth_33294,137
synth_33452,137
synth_33158,137
synth_33178,137
synth_33248,137
synth_33301,137
synth_33249,137
synth_33253,137
synth_33267,137
synth_33406,137
synth_33425,137
synth_33398,137
synth_33148,137
synth_33222,137
synth_33185,137
synth_33422,137
synth_33409,137
synth_33437,137
synth_33384,137
synth_33413,137
synth_33208,137
synth_33293,137
synth_33453,137
synth_33390,137
synth_33146,137
synth_33245,137
synth_33497,137
synth_33252,137
synth_33175,137
synth_33154,137
synth_33211,137
synth_33415,137
synth_33139,137
synth_33161,137
synth_33264,137
synth_33313,137
synth_33171,137
synth_33153,137
synth_33311,137
synth_33532,137
synth_33427,137
synth_33228,137
synth_33263,137
synth_33334,137
synth_33528,137
synth_33276,137
synth_33483,137
synth_33247,137
synth_33177,137
synth_33238,137
synth_33474,137
synth_33282,137
synth_33355,137
synth_33310,137
synth_33231,137
synth_33347,137
synth_33373,137
synth_33232,137
synth_33363,137
synth_33460,137
synth_33468,137
synth_33507,137
synth_33268,137
synth_33329,137
synth_33420,137
synth_33143,137
synth_33149,137
synth_33309,137
synth_33466,137
synth_33327,137
synth_33505,137
synth_33458,137
synth_33492,137
synth_33188,137
synth_33189,137
synth_33202,137
synth_33259,137
synth_33288,137
synth_33498,137
synth_33136,137
synth_33382,137
synth_33234,137
synth_33421,137
synth_33449,137
synth_33484,137
synth_33215,137
synth_33504,137
synth_33521,137
synth_33486,137
synth_33254,137
synth_33224,137
synth_33440,137
synth_33523,137
synth_33360,137
synth_33378,137
synth_33191,137
synth_33370,137
synth_33461,137
synth_33407,137
synth_33511,137
synth_33333,137
synth_33448,137
synth_33213,137
synth_33271,137
synth_33465,137
synth_33283,137
synth_33443,137
synth_33223,137
synth_33266,137
synth_33328,137
synth_33244,137
synth_33339,137
synth_33195,137
synth_33454,137
synth_33472,137
synth_33196,137
synth_33286,137
synth_33359,137
synth_33450,137
synth_33463,137
synth_33524,137
synth_33265,137
synth_33279,137
synth_33350,137
synth_33457,137
synth_33273,137
synth_33338,137
synth_33302,137
synth_33137,137
synth_33537,137
synth_33671,136
synth_33783,136
synth_33870,136
synth_33920,136
synth_33807,136
synth_33897,136
synth_33832,136
synth_33653,136
synth_33724,136
synth_33727,136
synth_33685,136
synth_33909,136
synth_33566,136
synth_33716,136
synth_33821,136
synth_33602,136
synth_33662,136
synth_33801,136
synth_33802,136
synth_33583,136
synth_33541,136
synth_33608,136
synth_33595,136
synth_33789,136
synth_33861,136
synth_33569,136
synth_33858,136
synth_33613,136
synth_33746,136
synth_33817,136
synth_33619,136
synth_33742,136
synth_33862,136
synth_33903,136
synth_33628,136
synth_33577,136
synth_33830,136
synth_33610,136
synth_33679,136
synth_33895,136
synth_33743,136
synth_33845,136
synth_33656,136
synth_33594,136
synth_33777,136
synth_33786,136
synth_33945,136
synth_33846,136
synth_33934,136
synth_33812,136
synth_33894,136
synth_33937,136
synth_33697,136
synth_33910,136
synth_33933,136
synth_33542,136
synth_33651,136
synth_33863,136
synth_33544,136
synth_33579,136
synth_33779,136
synth_33673,136
synth_33930,136
synth_33606,136
synth_33781,136
synth_33887,136
synth_33726,136
synth_33805,136
synth_33880,136
synth_33760,136
synth_33770,136
synth_33776,136
synth_33761,136
synth_33864,136
synth_33954,136
synth_33611,136
synth_33738,136
synth_33717,136
synth_33728,136
synth_33835,136
synth_33782,136
synth_33680,136
synth_33665,136
synth_33670,136
synth_33592,136
synth_33648,136
synth_33784,136
synth_33916,136
synth_33825,136
synth_33847,136
synth_33637,136
synth_33543,136
synth_33593,136
synth_33720,136
synth_33901,136
synth_33712,136
synth_33882,136
synth_33923,136
synth_33601,136
synth_33659,136
synth_33551,136
synth_33705,136
synth_33718,136
synth_33778,136
synth_33766,136
synth_33907,136
synth_33654,136
synth_33764,136
synth_33788,136
synth_33891,136
synth_33548,136
synth_33555,136
synth_33664,136
synth_33675,136
synth_33811,136
synth_33755,136
synth_33837,136
synth_33919,136
synth_33737,136
synth_33573,136
synth_33868,136
synth_33642,136
synth_33939,136
synth_33816,136
synth_33900,136
synth_33913,136
synth_33725,136
synth_33839,136
synth_33848,136
synth_33769,136
synth_33640,136
synth_33695,136
synth_33772,136
synth_33921,136
synth_33700,136
synth_33941,136
synth_33605,136
synth_33692,136
synth_33735,136
synth_33854,136
synth_33585,136
synth_33785,136
synth_33627,136
synth_33828,136
synth_33545,136
synth_33624,136
synth_33762,136
synth_33872,136
synth_33936,136
synth_33758,136
synth_33943,136
synth_33926,136
synth_33546,136
synth_33838,136
synth_33898,136
synth_33773,136
synth_33655,136
synth_33881,136
synth_33751,136
synth_33928,136
synth_33567,136
synth_33631,136
synth_33853,136
synth_33842,136
synth_33719,136
synth_33932,136
synth_33688,136
synth_33570,136
synth_33822,136
synth_33749,136
synth_33713,136
synth_33572,136
synth_33580,136
synth_33636,136
synth_33689,136
synth_33698,136
synth_33714,136
synth_33856,136
synth_33793,136
synth_33630,136
synth_33806,136
synth_33940,136
synth_33763,136
synth_33549,136
synth_33810,136
synth_33798,136
synth_33912,136
synth_33951,136
synth_33633,136
synth_33938,136
synth_33850,136
synth_33815,136
synth_33774,136
synth_33851,136
synth_33804,136
synth_33635,136
synth_33723,136
synth_33771,136
synth_33826,136
synth_33588,136
synth_33893,136
synth_33612,136
synth_33809,136
synth_33834,136
synth_33652,136
synth_33865,136
synth_33599,136
synth_33683,136
synth_33918,136
synth_33715,136
synth_33591,136
synth_33734,136
synth_33663,136
synth_33596,136
synth_33752,136
synth_33884,136
synth_33669,136
synth_33660,136
synth_33575,136
synth_33694,136
synth_33731,136
synth_33879,136
synth_33739,136
synth_33563,136
synth_33794,136
synth_33621,136
synth_33687,136
synth_33927,136
synth_33552,136
synth_33796,136
synth_33833,136
synth_33615,136
synth_33852,136
synth_33905,136
synth_33948,136
synth_33799,136
synth_33876,136
synth_33953,136
synth_33706,136
synth_33559,136
synth_33589,136
synth_33754,136
synth_33708,136
synth_33922,136
synth_33753,136
synth_33643,136
synth_33634,136
synth_33584,136
synth_33704,136
synth_33747,136
synth_33561,136
synth_33767,136
synth_33676,136
synth_33709,136
synth_33869,136
synth_33682,136
synth_33814,136
synth_33860,136
synth_33562,136
synth_33574,136
synth_33578,136
synth_33696,136
synth_33638,136
synth_33819,136
synth_33556,136
synth_33576,136
synth_33820,136
synth_33924,136
synth_33840,136
synth_33946,136
synth_33668,136
synth_33732,136
synth_33759,136
synth_33889,136
synth_33886,136
synth_33915,136
synth_33944,136
synth_33800,136
synth_33873,136
synth_33896,136
synth_33950,136
synth_33639,136
synth_33649,136
synth_33729,136
synth_33757,136
synth_33787,136
synth_33797,136
synth_33849,136
synth_33722,136
synth_33892,136
synth_33906,136
synth_33813,136
synth_33899,136
synth_33790,136
synth_33929,136
synth_33609,136
synth_33818,136
synth_33666,136
synth_33674,136
synth_33603,136
synth_33765,136
synth_33617,136
synth_33657,136
synth_33645,136
synth_33661,136
synth_33844,136
synth_33914,136
synth_33702,136
synth_33885,136
synth_33890,136
synth_33626,136
synth_33878,136
synth_33678,136
synth_33564,136
synth_33711,136
synth_33949,136
synth_33582,136
synth_33748,136
synth_33836,136
synth_33550,136
synth_33701,136
synth_33808,136
synth_33554,136
synth_33565,136
synth_33911,136
synth_33667,136
synth_33721,136
synth_33600,136
synth_33629,136
synth_33857,136
synth_33827,136
synth_33553,136
synth_33571,136
synth_33866,136
synth_33931,136
synth_33641,136
synth_33686,136
synth_33874,136
synth_33547,136
synth_33710,136
synth_33823,136
synth_33623,136
synth_33780,136
synth_33831,136
synth_33904,136
synth_33935,136
synth_33699,136
synth_33768,136
synth_33875,136
synth_33693,136
synth_33792,136
synth_33925,136
synth_33741,136
synth_33855,136
synth_33650,136
synth_33740,136
synth_33756,136
synth_33824,136
synth_33690,136
synth_33841,136
synth_33703,136
synth_33859,136
synth_33586,136
synth_33733,136
synth_33587,136
synth_33947,136
synth_33597,136
synth_33598,136
synth_33620,136
synth_33791,136
synth_33843,136
synth_33877,136
synth_33568,136
synth_33614,136
synth_33581,136
synth_33681,136
synth_33560,136
synth_33590,136
synth_33730,136
synth_33795,136
synth_33658,136
synth_33745,136
synth_33607,136
synth_33616,136
synth_33883,136
synth_33625,136
synth_33888,136
synth_33775,136
synth_33632,136
synth_33622,136
synth_33672,136
synth_33558,136
synth_33644,136
synth_33871,136
synth_33618,136
synth_33750,136
synth_33908,136
synth_33557,136
synth_33902,136
synth_33917,136
synth_33829,136
synth_33646,136
synth_33691,136
synth_33677,136
synth_33604,136
synth_33803,136
synth_33647,136
synth_33736,136
synth_33707,136
synth_33744,136
synth_33867,136
synth_33684,136
synth_33952,136
synth_33942,136
synth_34009,135
synth_34030,135
synth_34183,135
synth_34273,135
synth_34348,135
synth_33956,135
synth_34264,135
synth_34302,135
synth_34186,135
synth_33997,135
synth_34114,135
synth_34181,135
synth_34211,135
synth_34046,135
synth_34280,135
synth_34370,135
synth_34056,135
synth_34372,135
synth_33972,135
synth_34241,135
synth_33971,135
synth_34002,135
synth_34040,135
synth_34335,135
synth_34061,135
synth_34068,135
synth_34078,135
synth_34263,135
synth_33967,135
synth_34358,135
synth_34023,135
synth_34307,135
synth_34332,135
synth_34232,135
synth_34243,135
synth_34150,135
synth_34231,135
synth_34007,135
synth_34230,135
synth_33994,135
synth_34063,135
synth_34237,135
synth_34245,135
synth_34324,135
synth_34084,135
synth_34275,135
synth_34214,135
synth_34166,135
synth_34223,135
synth_34152,135
synth_34075,135
synth_34097,135
synth_34281,135
synth_34304,135
synth_34314,135
synth_34107,135
synth_34259,135
synth_34278,135
synth_34298,135
synth_34315,135
synth_34329,135
synth_34027,135
synth_34234,135
synth_34308,135
synth_34154,135
synth_34088,135
synth_34201,135
synth_34188,135
synth_34242,135
synth_33986,135
synth_34018,135
synth_34033,135
synth_34034,135
synth_34122,135
synth_34240,135
synth_34316,135
synth_34131,135
synth_34156,135
synth_34305,135
synth_34362,135
synth_34151,135
synth_33965,135
synth_34003,135
synth_34369,135
synth_34065,135
synth_34112,135
synth_34135,135
synth_34144,135
synth_34171,135
synth_34202,135
synth_34210,135
synth_34219,135
synth_34375,135
synth_33963,135
synth_34141,135
synth_34345,135
synth_34172,135
synth_34306,135
synth_33982,135
synth_33959,135
synth_34123,135
synth_34137,135
synth_34168,135
synth_33970,135
synth_33978,135
synth_34235,135
synth_34250,135
synth_34252,135
synth_34323,135
synth_34167,135
synth_34255,135
synth_34346,135
synth_34026,135
synth_34124,135
synth_34355,135
synth_34074,135
synth_34090,135
synth_34165,135
synth_33984,135
synth_34015,135
synth_34047,135
synth_34062,135
synth_34303,135
synth_34004,135
synth_34265,135
synth_34184,135
synth_34087,135
synth_34095,135
synth_34116,135
synth_34162,135
synth_34262,135
synth_34347,135
synth_34066,135
synth_34008,135
synth_34036,135
synth_33979,135
synth_33962,135
synth_34093,135
synth_34319,135
synth_34006,135
synth_34187,135
synth_34368,135
synth_34286,135
synth_33987,135
synth_34052,135
synth_34197,135
synth_34342,135
synth_34276,135
synth_34373,135
synth_34017,135
synth_34012,135
synth_34133,135
synth_34217,135
synth_34350,135
synth_33993,135
synth_34028,135
synth_34083,135
synth_33990,135
synth_34014,135
synth_34205,135
synth_34351,135
synth_34058,135
synth_34111,135
synth_34191,135
synth_34195,135
synth_34094,135
synth_33980,135
synth_34175,135
synth_34321,135
synth_34339,135
synth_34140,135
synth_34169,135
synth_34279,135
synth_34045,135
synth_34193,135
synth_34341,135
synth_34120,135
synth_34226,135
synth_34248,135
synth_34025,135
synth_34126,135
synth_34132,135
synth_34359,135
synth_34115,135
synth_34174,135
synth_34283,135
synth_34343,135
synth_34096,135
synth_34244,135
synth_34020,135
synth_34072,135
synth_34251,135
synth_33985,135
synth_33989,135
synth_34322,135
synth_34001,135
synth_34022,135
synth_34051,135
synth_34109,135
synth_34312,135
synth_34128,135
synth_34297,135
synth_34170,135
synth_34196,135
synth_34309,135
synth_34011,135
synth_34059,135
synth_34360,135
synth_34194,135
synth_34282,135
synth_34330,135
synth_34374,135
synth_34080,135
synth_34179,135
synth_34361,135
synth_34050,135
synth_34108,135
synth_34247,135
synth_34365,135
synth_34021,135
synth_34101,135
synth_34102,135
synth_34185,135
synth_33966,135
synth_34190,135
synth_34225,135
synth_34227,135
synth_34246,135
synth_34254,135
synth_34300,135
synth_34318,135
synth_34364,135
synth_34198,135
synth_34213,135
synth_34267,135
synth_34272,135
synth_34105,135
synth_34212,135
synth_34145,135
synth_34287,135
synth_34295,135
synth_34209,135
synth_34016,135
synth_34317,135
synth_34035,135
synth_34099,135
synth_34354,135
synth_34060,135
synth_34363,135
synth_34311,135
synth_34010,135
synth_34049,135
synth_34147,135
synth_34331,135
synth_33958,135
synth_34326,135
synth_33973,135
synth_34142,135
synth_34159,135
synth_34199,135
synth_34024,135
synth_34206,135
synth_34293,135
synth_34336,135
synth_34340,135
synth_34222,135
synth_34117,135
synth_34182,135
synth_34288,135
synth_33988,135
synth_34160,135
synth_34221,135
synth_34353,135
synth_33977,135
synth_33969,135
synth_34157,135
synth_34070,135
synth_34119,135
synth_33964,135
synth_34220,135
synth_34129,135
synth_34208,135
synth_34239,135
synth_34277,135
synth_34334,135
synth_34055,135
synth_34092,135
synth_34224,135
synth_34320,135
synth_33968,135
synth_34086,135
synth_34218,135
synth_33998,135
synth_34371,135
synth_33996,135
synth_34143,135
synth_34238,135
synth_34270,135
synth_34357,135
synth_34207,135
synth_34081,135
synth_34098,135
synth_34215,135
synth_34313,135
synth_34173,135
synth_34271,135
synth_34134,135
synth_34019,135
synth_34177,135
synth_34284,135
synth_34349,135
synth_34130,135
synth_34104,135
synth_34180,135
synth_33961,135
synth_34153,135
synth_34005,135
synth_34338,135
synth_34249,135
synth_34356,135
synth_34192,135
synth_34233,135
synth_34256,135
synth_34266,135
synth_34294,135
synth_34089,135
synth_34203,135
synth_34216,135
synth_33981,135
synth_34125,135
synth_34289,135
synth_34076,135
synth_34236,135
synth_34344,135
synth_33976,135
synth_34029,135
synth_34258,135
synth_34077,135
synth_34366,135
synth_33957,135
synth_34091,135
synth_34261,135
synth_34292,135
synth_34054,135
synth_34260,135
synth_34229,135
synth_34328,135
synth_34039,135
synth_34100,135
synth_34110,135
synth_34149,135
synth_34032,135
synth_34079,135
synth_34291,135
synth_34327,135
synth_34053,135
synth_34103,135
synth_34106,135
synth_34136,135
synth_34204,135
synth_33983,135
synth_34139,135
synth_34296,135
synth_34071,135
synth_34228,135
synth_34301,135
synth_33960,135
synth_33999,135
synth_34333,135
synth_34176,135
synth_34274,135
synth_34337,135
synth_34042,135
synth_34082,135
synth_34127,135
synth_33991,135
synth_34037,135
synth_34043,135
synth_34310,135
synth_33975,135
synth_34085,135
synth_34161,135
synth_34118,135
synth_34148,135
synth_34038,135
synth_34189,135
synth_34146,135
synth_34325,135
synth_34367,135
synth_34158,135
synth_34268,135
synth_34064,135
synth_34067,135
synth_34352,135
synth_34113,135
synth_33955,135
synth_34013,135
synth_34253,135
synth_34000,135
synth_34041,135
synth_34057,135
synth_34178,135
synth_34200,135
synth_34069,135
synth_34121,135
synth_34164,135
synth_34299,135
synth_34257,135
synth_34269,135
synth_34044,135
synth_34073,135
synth_34155,135
synth_34285,135
synth_33992,135
synth_34031,135
synth_34048,135
synth_34138,135
synth_34290,135
synth_33974,135
synth_33995,135
synth_34163,135
synth_34519,134
synth_34527,134
synth_34564,134
synth_34666,134
synth_34792,134
synth_34563,134
synth_34787,134
synth_34582,134
synth_34614,134
synth_34560,134
synth_34404,134
synth_34418,134
synth_34427,134
synth_34493,134
synth_34656,134
synth_34778,134
synth_34439,134
synth_34767,134
synth_34747,134
synth_34511,134
synth_34569,134
synth_34617,134
synth_34720,134
synth_34408,134
synth_34504,134
synth_34684,134
synth_34729,134
synth_34413,134
synth_34541,134
synth_34642,134
synth_34633,134
synth_34460,134
synth_34580,134
synth_34726,134
synth_34731,134
synth_34743,134
synth_34753,134
synth_34494,134
synth_34437,134
synth_34540,134
synth_34470,134
synth_34679,134
synth_34748,134
synth_34479,134
synth_34604,134
synth_34707,134
synth_34624,134
synth_34634,134
synth_34698,134
synth_34495,134
synth_34553,134
synth_34709,134
synth_34446,134
synth_34556,134
synth_34785,134
synth_34632,134
synth_34461,134
synth_34499,134
synth_34525,134
synth_34639,134
synth_34703,134
synth_34734,134
synth_34516,134
synth_34715,134
synth_34783,134
synth_34627,134
synth_34454,134
synth_34562,134
synth_34791,134
synth_34498,134
synth_34508,134
synth_34626,134
synth_34399,134
synth_34407,134
synth_34665,134
synth_34682,134
synth_34772,134
synth_34799,134
synth_34759,134
synth_34503,134
synth_34648,134
synth_34403,134
synth_34423,134
synth_34744,134
synth_34445,134
synth_34630,134
synth_34683,134
synth_34464,134
synth_34701,134
synth_34711,134
synth_34559,134
synth_34704,134
synth_34468,134
synth_34581,134
synth_34389,134
synth_34552,134
synth_34571,134
synth_34590,134
synth_34589,134
synth_34593,134
synth_34430,134
synth_34554,134
synth_34640,134
synth_34678,134
synth_34765,134
synth_34512,134
synth_34466,134
synth_34452,134
synth_34612,134
synth_34796,134
synth_34506,134
synth_34746,134
synth_34732,134
synth_34616,134
synth_34740,134
synth_34546,134
synth_34433,134
synth_34534,134
synth_34579,134
synth_34609,134
synth_34595,134
synth_34398,134
synth_34649,134
synth_34585,134
synth_34793,134
synth_34802,134
synth_34386,134
synth_34557,134
synth_34650,134
synth_34673,134
synth_34725,134
synth_34779,134
synth_34381,134
synth_34702,134
synth_34474,134
synth_34533,134
synth_34798,134
synth_34710,134
synth_34485,134
synth_34610,134
synth_34762,134
synth_34450,134
synth_34615,134
synth_34472,134
synth_34542,134
synth_34692,134
synth_34677,134
synth_34412,134
synth_34417,134
synth_34509,134
synth_34591,134
synth_34713,134
synth_34393,134
synth_34716,134
synth_34758,134
synth_34488,134
synth_34583,134
synth_34641,134
synth_34777,134
synth_34528,134
synth_34637,134
synth_34471,134
synth_34578,134
synth_34663,134
synth_34769,134
synth_34611,134
synth_34741,134
synth_34510,134
synth_34576,134
synth_34782,134
synth_34402,134
synth_34555,134
synth_34469,134
synth_34651,134
synth_34602,134
synth_34800,134
synth_34390,134
synth_34558,134
synth_34797,134
synth_34606,134
synth_34448,134
synth_34790,134
synth_34689,134
synth_34500,134
synth_34568,134
synth_34646,134
synth_34587,134
synth_34687,134
synth_34770,134
synth_34457,134
synth_34473,134
synth_34535,134
synth_34465,134
synth_34547,134
synth_34745,134
synth_34694,134
synth_34761,134
synth_34420,134
synth_34608,134
synth_34401,134
synth_34706,134
synth_34724,134
synth_34478,134
synth_34705,134
synth_34411,134
synth_34518,134
synth_34570,134
synth_34441,134
synth_34735,134
synth_34623,134
synth_34397,134
synth_34505,134
synth_34522,134
synth_34672,134
synth_34629,134
synth_34622,134
synth_34575,134
synth_34489,134
synth_34618,134
synth_34664,134
synth_34742,134
synth_34380,134
synth_34536,134
synth_34467,134
synth_34712,134
synth_34754,134
synth_34730,134
synth_34490,134
synth_34529,134
synth_34538,134
synth_34405,134
synth_34410,134
synth_34462,134
synth_34638,134
synth_34645,134
synth_34481,134
synth_34613,134
synth_34422,134
synth_34647,134
synth_34661,134
synth_34675,134
synth_34447,134
synth_34513,134
synth_34384,134
synth_34572,134
synth_34524,134
synth_34551,134
synth_34676,134
synth_34693,134
synth_34455,134
synth_34477,134
synth_34502,134
synth_34507,134
synth_34738,134
synth_34584,134
synth_34681,134
synth_34592,134
synth_34671,134
synth_34660,134
synth_34727,134
synth_34475,134
synth_34654,134
synth_34699,134
synth_34776,134
synth_34435,134
synth_34520,134
synth_34789,134
synth_34440,134
synth_34628,134
synth_34659,134
synth_34521,134
synth_34719,134
synth_34515,134
synth_34655,134
synth_34755,134
synth_34598,134
synth_34438,134
synth_34619,134
synth_34757,134
synth_34774,134
synth_34442,134
synth_34668,134
synth_34483,134
synth_34749,134
synth_34449,134
synth_34382,134
synth_34409,134
synth_34690,134
synth_34795,134
synth_34544,134
synth_34723,134
synth_34432,134
synth_34383,134
synth_34605,134
synth_34395,134
synth_34760,134
synth_34771,134
synth_34497,134
synth_34653,134
synth_34429,134
synth_34400,134
synth_34577,134
synth_34594,134
synth_34599,134
synth_34635,134
synth_34385,134
synth_34523,134
synth_34543,134
synth_34487,134
synth_34700,134
synth_34670,134
synth_34492,134
synth_34391,134
synth_34806,134
synth_34379,134
synth_34394,134
synth_34526,134
synth_34733,134
synth_34537,134
synth_34451,134
synth_34463,134
synth_34561,134
synth_34396,134
synth_34530,134
synth_34652,134
synth_34714,134
synth_34691,134
synth_34775,134
synth_34596,134
synth_34443,134
synth_34482,134
synth_34378,134
synth_34566,134
synth_34657,134
synth_34621,134
synth_34456,134
synth_34549,134
synth_34667,134
synth_34674,134
synth_34773,134
synth_34722,134
synth_34786,134
synth_34601,134
synth_34550,134
synth_34695,134
synth_34574,134
synth_34717,134
synth_34458,134
synth_34496,134
synth_34501,134
synth_34658,134
synth_34697,134
synth_34377,134
synth_34763,134
synth_34680,134
synth_34406,134
synth_34567,134
synth_34788,134
synth_34517,134
synth_34631,134
synth_34764,134
synth_34484,134
synth_34696,134
synth_34532,134
synth_34539,134
synth_34414,134
synth_34545,134
synth_34607,134
synth_34721,134
synth_34453,134
synth_34662,134
synth_34426,134
synth_34784,134
synth_34444,134
synth_34804,134
synth_34805,134
synth_34434,134
synth_34643,134
synth_34588,134
synth_34794,134
synth_34419,134
synth_34548,134
synth_34686,134
synth_34476,134
synth_34486,134
synth_34416,134
synth_34436,134
synth_34597,134
synth_34603,134
synth_34728,134
synth_34750,134
synth_34387,134
synth_34514,134
synth_34565,134
synth_34752,134
synth_34480,134
synth_34718,134
synth_34736,134
synth_34586,134
synth_34459,134
synth_34573,134
synth_34751,134
synth_34415,134
synth_34491,134
synth_34644,134
synth_34803,134
synth_34431,134
synth_34531,134
synth_34781,134
synth_34620,134
synth_34739,134
synth_34392,134
synth_34756,134
synth_34376,134
synth_34388,134
synth_34708,134
synth_34424,134
synth_34766,134
synth_34625,134
synth_34636,134
synth_34768,134
synth_34801,134
synth_34425,134
synth_34685,134
synth_34421,134
synth_34669,134
synth_34600,134
synth_34688,134
synth_34428,134
synth_34737,134
synth_34780,134
synth_35230,133
synth_35234,133
synth_34888,133
synth_34958,133
synth_35155,133
synth_34945,133
synth_34894,133
synth_34891,133
synth_34931,133
synth_35195,133
synth_35199,133
synth_34966,133
synth_35197,133
synth_34905,133
synth_35074,133
synth_35150,133
synth_35171,133
synth_35040,133
synth_34873,133
synth_34963,133
synth_35233,133
synth_34901,133
synth_35168,133
synth_34882,133
synth_34959,133
synth_35180,133
synth_35216,133
synth_35042,133
synth_34936,133
synth_35086,133
synth_35217,133
synth_34847,133
synth_35160,133
synth_35000,133
synth_34828,133
synth_35173,133
synth_34812,133
synth_35005,133
synth_35093,133
synth_35094,133
synth_35011,133
synth_34957,133
synth_34993,133
synth_35053,133
synth_35113,133
synth_35129,133
synth_35211,133
synth_35021,133
synth_35069,133
synth_35159,133
synth_35061,133
synth_34926,133
synth_35237,133
synth_34808,133
synth_35172,133
synth_35206,133
synth_34892,133
synth_34951,133
synth_35101,133
synth_34898,133
synth_35006,133
synth_35082,133
synth_35119,133
synth_34893,133
synth_35198,133
synth_35179,133
synth_34895,133
synth_34809,133
synth_35207,133
synth_35229,133
synth_34837,133
synth_35002,133
synth_35066,133
synth_34952,133
synth_35154,133
synth_35084,133
synth_35122,133
synth_35013,133
synth_34933,133
synth_35027,133
synth_35151,133
synth_34827,133
synth_35181,133
synth_35131,133
synth_35187,133
synth_35241,133
synth_34980,133
synth_34838,133
synth_34948,133
synth_35035,133
synth_35200,133
synth_34815,133
synth_34855,133
synth_35114,133
synth_34991,133
synth_35111,133
synth_35134,133
synth_34939,133
synth_35014,133
synth_35055,133
synth_35174,133
synth_35032,133
synth_35109,133
synth_34835,133
synth_34884,133
synth_34988,133
synth_34990,133
synth_35026,133
synth_34928,133
synth_35037,133
synth_35193,133
synth_35228,133
synth_35190,133
synth_35046,133
synth_35120,133
synth_35124,133
synth_34857,133
synth_35033,133
synth_34913,133
synth_34984,133
synth_34920,133
synth_34983,133
synth_35219,133
synth_35030,133
synth_35162,133
synth_35176,133
synth_35184,133
synth_34964,133
synth_34823,133
synth_34854,133
synth_34897,133
synth_35104,133
synth_35161,133
synth_35209,133
synth_34923,133
synth_35221,133
synth_35158,133
synth_35137,133
synth_34820,133
synth_35128,133
synth_35016,133
synth_34883,133
synth_34937,133
synth_34997,133
synth_35036,133
synth_35188,133
synth_35067,133
synth_35125,133
synth_34967,133
synth_35222,133
synth_35245,133
synth_35205,133
synth_35050,133
synth_35185,133
synth_35057,133
synth_34851,133
synth_34943,133
synth_34965,133
synth_35141,133
synth_35175,133
synth_35018,133
synth_34825,133
synth_35007,133
synth_34935,133
synth_34829,133
synth_34858,133
synth_34880,133
synth_34932,133
synth_35139,133
synth_34868,133
synth_35157,133
synth_35242,133
synth_34845,133
synth_34940,133
synth_34925,133
synth_35068,133
synth_35070,133
synth_35020,133
synth_34944,133
synth_35183,133
synth_34818,133
synth_35038,133
synth_35210,133
synth_34814,133
synth_34973,133
synth_34813,133
synth_34848,133
synth_34956,133
synth_35024,133
synth_35212,133
synth_35103,133
synth_34869,133
synth_34992,133
synth_35019,133
synth_34853,133
synth_35023,133
synth_35130,133
synth_35192,133
synth_35225,133
synth_34852,133
synth_35170,133
synth_34816,133
synth_34910,133
synth_34927,133
synth_34947,133
synth_35194,133
synth_34821,133
synth_34900,133
synth_35004,133
synth_34881,133
synth_34982,133
synth_35041,133
synth_34938,133
synth_35148,133
synth_34831,133
synth_35047,133
synth_35060,133
synth_35062,133
synth_35081,133
synth_35169,133
synth_34999,133
synth_35072,133
synth_35177,133
synth_34819,133
synth_34875,133
synth_35127,133
synth_35064,133
synth_34930,133
synth_35065,133
synth_34817,133
synth_34961,133
synth_35039,133
synth_35083,133
synth_34886,133
synth_35133,133
synth_35218,133
synth_35243,133
synth_34915,133
synth_35100,133
synth_34878,133
synth_34909,133
synth_34987,133
synth_35049,133
synth_35191,133
synth_34849,133
synth_34921,133
synth_34844,133
synth_34859,133
synth_34970,133
synth_35182,133
synth_35076,133
synth_35189,133
synth_35224,133
synth_35232,133
synth_34934,133
synth_34876,133
synth_35031,133
synth_34824,133
synth_35095,133
synth_34968,133
synth_35090,133
synth_34896,133
synth_35008,133
synth_35059,133
synth_35149,133
synth_35165,133
synth_34995,133
synth_34922,133
synth_35118,133
synth_34908,133
synth_35102,133
synth_34904,133
synth_34906,133
synth_34986,133
synth_35022,133
synth_35108,133
synth_35142,133
synth_34979,133
synth_35143,133
synth_35138,133
synth_35220,133
synth_34969,133
synth_35058,133
synth_35054,133
synth_35087,133
synth_34877,133
synth_34862,133
synth_34866,133
synth_34890,133
synth_34974,133
synth_34811,133
synth_34996,133
synth_35231,133
synth_34962,133
synth_34850,133
synth_35001,133
synth_34942,133
synth_35045,133
synth_34861,133
synth_35126,133
synth_35202,133
synth_34914,133
synth_35145,133
synth_35010,133
synth_34860,133
synth_34924,133
synth_35147,133
synth_34846,133
synth_35063,133
synth_34929,133
synth_35017,133
synth_35240,133
synth_34807,133
synth_34907,133
synth_34975,133
synth_35146,133
synth_35167,133
synth_34889,133
synth_34918,133
synth_35156,133
synth_34834,133
synth_34953,133
synth_35178,133
synth_34833,133
synth_34879,133
synth_35003,133
synth_34912,133
synth_35080,133
synth_35153,133
synth_35186,133
synth_35238,133
synth_35107,133
synth_35116,133
synth_34887,133
synth_34911,133
synth_34950,133
synth_34978,133
synth_35115,133
synth_34985,133
synth_35123,133
synth_34903,133
synth_35051,133
synth_35073,133
synth_35166,133
synth_35025,133
synth_35208,133
synth_35213,133
synth_34830,133
synth_34946,133
synth_34976,133
synth_35029,133
synth_35034,133
synth_34832,133
synth_34842,133
synth_35196,133
synth_35043,133
synth_35099,133
synth_34843,133
synth_34856,133
synth_35012,133
synth_34971,133
synth_34998,133
synth_35136,133
synth_34885,133
synth_34972,133
synth_35048,133
synth_35144,133
synth_34977,133
synth_34989,133
synth_35140,133
synth_34826,133
synth_35223,133
synth_34874,133
synth_34840,133
synth_35078,133
synth_34955,133
synth_35079,133
synth_34864,133
synth_35085,133
synth_35097,133
synth_35105,133
synth_34917,133
synth_35236,133
synth_34899,133
synth_34902,133
synth_35052,133
synth_34916,133
synth_35028,133
synth_35056,133
synth_34870,133
synth_35132,133
synth_34839,133
synth_34949,133
synth_35239,133
synth_35135,133
synth_34954,133
synth_35077,133
synth_34981,133
synth_34822,133
synth_35009,133
synth_34863,133
synth_34941,133
synth_34994,133
synth_35152,133
synth_35204,133
synth_35226,133
synth_35163,133
synth_34841,133
synth_35110,133
synth_35164,133
synth_34919,133
synth_35106,133
synth_35112,133
synth_35235,133
synth_34872,133
synth_35044,133
synth_34865,133
synth_35098,133
synth_35201,133
synth_35121,133
synth_34836,133
synth_34867,133
synth_34871,133
synth_35096,133
synth_35015,133
synth_35215,133
synth_35227,133
synth_35203,133
synth_35244,133
synth_35117,133
synth_35089,133
synth_35092,133
synth_35071,133
synth_34960,133
synth_35091,133
synth_35214,133
synth_34810,133
synth_35075,133
synth_35088,133
synth_35462,132
synth_35529,132
synth_35537,132
synth_35582,132
synth_35688,132
synth_35590,132
synth_35324,132
synth_35442,132
synth_35249,132
synth_35623,132
synth_35361,132
synth_35596,132
synth_35520,132
synth_35578,132
synth_35647,132
synth_35670,132
synth_35359,132
synth_35332,132
synth_35312,132
synth_35281,132
synth_35422,132
synth_35441,132
synth_35456,132
synth_35557,132
synth_35413,132
synth_35248,132
synth_35424,132
synth_35343,132
synth_35362,132
synth_35656,132
synth_35344,132
synth_35490,132
synth_35307,132
synth_35523,132
synth_35600,132
synth_35289,132
synth_35683,132
synth_35291,132
synth_35659,132
synth_35494,132
synth_35551,132
synth_35631,132
synth_35391,132
synth_35416,132
synth_35579,132
synth_35513,132
synth_35672,132
synth_35559,132
synth_35576,132
synth_35629,132
synth_35502,132
synth_35504,132
synth_35511,132
synth_35303,132
synth_35597,132
synth_35497,132
synth_35625,132
synth_35373,132
synth_35535,132
synth_35348,132
synth_35563,132
synth_35604,132
synth_35457,132
synth_35286,132
synth_35461,132
synth_35366,132
synth_35319,132
synth_35430,132
synth_35260,132
synth_35370,132
synth_35476,132
synth_35556,132
synth_35574,132
synth_35588,132
synth_35612,132
synth_35675,132
synth_35380,132
synth_35451,132
synth_35459,132
synth_35618,132
synth_35622,132
synth_35690,132
synth_35414,132
synth_35500,132
synth_35501,132
synth_35394,132
synth_35435,132
synth_35527,132
synth_35648,132
synth_35651,132
synth_35428,132
synth_35681,132
synth_35455,132
synth_35460,132
synth_35275,132
synth_35311,132
synth_35677,132
synth_35285,132
synth_35503,132
synth_35325,132
synth_35452,132
synth_35518,132
synth_35519,132
synth_35645,132
synth_35279,132
synth_35603,132
synth_35341,132
synth_35377,132
synth_35458,132
synth_35465,132
synth_35479,132
synth_35508,132
synth_35573,132
synth_35400,132
synth_35639,132
synth_35390,132
synth_35549,132
synth_35383,132
synth_35268,132
synth_35558,132
synth_35678,132
synth_35484,132
synth_35638,132
synth_35650,132
synth_35514,132
synth_35646,132
synth_35653,132
synth_35288,132
synth_35627,132
synth_35543,132
synth_35517,132
synth_35611,132
synth_35552,132
synth_35665,132
synth_35330,132
synth_35493,132
synth_35317,132
synth_35378,132
synth_35420,132
synth_35643,132
synth_35663,132
synth_35309,132
synth_35464,132
synth_35668,132
synth_35316,132
synth_35405,132
synth_35584,132
synth_35538,132
synth_35335,132
synth_35626,132
synth_35315,132
synth_35374,132
synth_35566,132
synth_35470,132
synth_35386,132
synth_35445,132
synth_35542,132
synth_35617,132
synth_35684,132
synth_35580,132
synth_35262,132
synth_35489,132
synth_35616,132
synth_35287,132
synth_35403,132
synth_35555,132
synth_35450,132
synth_35495,132
synth_35532,132
synth_35337,132
synth_35283,132
synth_35320,132
synth_35510,132
synth_35602,132
synth_35666,132
synth_35669,132
synth_35284,132
synth_35318,132
synth_35526,132
synth_35658,132
synth_35427,132
synth_35632,132
synth_35352,132
synth_35664,132
synth_35439,132
synth_35654,132
synth_35255,132
synth_35393,132
synth_35621,132
synth_35635,132
synth_35294,132
synth_35349,132
synth_35533,132
synth_35541,132
synth_35321,132
synth_35606,132
synth_35339,132
synth_35350,132
synth_35375,132
synth_35384,132
synth_35313,132
synth_35336,132
synth_35474,132
synth_35564,132
synth_35674,132
synth_35531,132
synth_35536,132
synth_35613,132
synth_35273,132
synth_35282,132
synth_35482,132
synth_35251,132
synth_35387,132
synth_35270,132
synth_35446,132
synth_35516,132
synth_35505,132
synth_35685,132
synth_35371,132
synth_35379,132
synth_35506,132
synth_35304,132
synth_35396,132
synth_35599,132
synth_35357,132
synth_35365,132
synth_35438,132
synth_35256,132
synth_35314,132
synth_35483,132
synth_35571,132
synth_35649,132
synth_35246,132
synth_35388,132
synth_35496,132
synth_35421,132
synth_35322,132
synth_35363,132
synth_35544,132
synth_35545,132
synth_35689,132
synth_35692,132
synth_35296,132
synth_35351,132
synth_35367,132
synth_35548,132
synth_35247,132
synth_35261,132
synth_35346,132
synth_35521,132
synth_35680,132
synth_35340,132
synth_35409,132
synth_35660,132
synth_35466,132
synth_35534,132
synth_35605,132
synth_35263,132
synth_35561,132
synth_35676,132
synth_35399,132
synth_35437,132
synth_35565,132
synth_35443,132
synth_35395,132
synth_35415,132
synth_35434,132
synth_35449,132
synth_35554,132
synth_35577,132
synth_35575,132
synth_35525,132
synth_35655,132
synth_35686,132
synth_35274,132
synth_35448,132
synth_35568,132
synth_35641,132
synth_35546,132
synth_35278,132
synth_35385,132
synth_35586,132
synth_35657,132
synth_35360,132
synth_35587,132
synth_35353,132
synth_35492,132
synth_35615,132
synth_35652,132
synth_35468,132
synth_35619,132
synth_35369,132
synth_35410,132
synth_35423,132
synth_35426,132
synth_35463,132
synth_35595,132
synth_35310,132
synth_35598,132
synth_35411,132
synth_35583,132
synth_35601,132
synth_35334,132
synth_35356,132
synth_35473,132
synth_35528,132
synth_35610,132
synth_35276,132
synth_35425,132
synth_35254,132
synth_35265,132
synth_35328,132
synth_35264,132
synth_35358,132
synth_35392,132
synth_35253,132
synth_35630,132
synth_35272,132
synth_35345,132
synth_35481,132
synth_35406,132
synth_35440,132
synth_35485,132
synth_35581,132
synth_35609,132
synth_35667,132
synth_35338,132
synth_35382,132
synth_35562,132
synth_35644,132
synth_35628,132
synth_35250,132
synth_35418,132
synth_35444,132
synth_35607,132
synth_35633,132
synth_35372,132
synth_35509,132
synth_35560,132
synth_35295,132
synth_35376,132
synth_35636,132
synth_35277,132
synth_35305,132
synth_35436,132
synth_35539,132
synth_35634,132
synth_35259,132
synth_35429,132
synth_35454,132
synth_35691,132
synth_35408,132
synth_35488,132
synth_35404,132
synth_35467,132
synth_35293,132
synth_35301,132
synth_35327,132
synth_35487,132
synth_35292,132
synth_35419,132
synth_35512,132
synth_35290,132
synth_35540,132
synth_35280,132
synth_35478,132
synth_35553,132
synth_35591,132
synth_35297,132
synth_35550,132
synth_35614,132
synth_35306,132
synth_35469,132
synth_35547,132
synth_35567,132
synth_35471,132
synth_35499,132
synth_35593,132
synth_35637,132
synth_35354,132
synth_35661,132
synth_35252,132
synth_35269,132
synth_35331,132
synth_35401,132
synth_35402,132
synth_35524,132
synth_35585,132
synth_35624,132
synth_35671,132
synth_35570,132
synth_35682,132
synth_35257,132
synth_35298,132
synth_35480,132
synth_35491,132
synth_35589,132
synth_35266,132
synth_35572,132
synth_35620,132
synth_35258,132
synth_35342,132
synth_35407,132
synth_35673,132
synth_35333,132
synth_35515,132
synth_35642,132
synth_35472,132
synth_35507,132
synth_35355,132
synth_35592,132
synth_35594,132
synth_35397,132
synth_35432,132
synth_35323,132
synth_35447,132
synth_35431,132
synth_35326,132
synth_35486,132
synth_35640,132
synth_35412,132
synth_35530,132
synth_35302,132
synth_35308,132
synth_35662,132
synth_35687,132
synth_35329,132
synth_35368,132
synth_35398,132
synth_35453,132
synth_35389,132
synth_35433,132
synth_35381,132
synth_35498,132
synth_35522,132
synth_35679,132
synth_35267,132
synth_35271,132
synth_35475,132
synth_35299,132
synth_35300,132
synth_35417,132
synth_35364,132
synth_35477,132
synth_35569,132
synth_35347,132
synth_35608,132
synth_35811,131
synth_36050,131
synth_35930,131
synth_35974,131
synth_36092,131
synth_35985,131
synth_35988,131
synth_35999,131
synth_35883,131
synth_36008,131
synth_35801,131
synth_35842,131
synth_36069,131
synth_36086,131
synth_35857,131
synth_35928,131
synth_36048,131
synth_36020,131
synth_36043,131
synth_36139,131
synth_36080,131
synth_36097,131
synth_35876,131
synth_36018,131
synth_36113,131
synth_36070,131
synth_36078,131
synth_35951,131
synth_35969,131
synth_35975,131
synth_35733,131
synth_35910,131
synth_35944,131
synth_36036,131
synth_35882,131
synth_35784,131
synth_36055,131
synth_35776,131
synth_35755,131
synth_36137,131
synth_35918,131
synth_35807,131
synth_36095,131
synth_35862,131
synth_35855,131
synth_36066,131
synth_35860,131
synth_35728,131
synth_35937,131
synth_35852,131
synth_36073,131
synth_35816,131
synth_35859,131
synth_35767,131
synth_35997,131
synth_36101,131
synth_35693,131
synth_36062,131
synth_35760,131
synth_35788,131
synth_35978,131
synth_35790,131
synth_36017,131
synth_35824,131
synth_35708,131
synth_35863,131
synth_35745,131
synth_35956,131
synth_35820,131
synth_35768,131
synth_35740,131
synth_35906,131
synth_36109,131
synth_36149,131
synth_35873,131
synth_36140,131
synth_35710,131
synth_36091,131
synth_35909,131
synth_36147,131
synth_35912,131
synth_36145,131
synth_35818,131
synth_35893,131
synth_35719,131
synth_36029,131
synth_36121,131
synth_36124,131
synth_36125,131
synth_36138,131
synth_35774,131
synth_36081,131
synth_35911,131
synth_36015,131
synth_35858,131
synth_35762,131
synth_35796,131
synth_35914,131
synth_35772,131
synth_35839,131
synth_35765,131
synth_36102,131
synth_36104,131
synth_35970,131
synth_36054,131
synth_35812,131
synth_35954,131
synth_35819,131
synth_35926,131
synth_36028,131
synth_36106,131
synth_36126,131
synth_35832,131
synth_35849,131
synth_35971,131
synth_35715,131
synth_35947,131
synth_35888,131
synth_35777,131
synth_35996,131
synth_35804,131
synth_35844,131
synth_35879,131
synth_35919,131
synth_35751,131
synth_36072,131
synth_36090,131
synth_35980,131
synth_35709,131
synth_35903,131
synth_36002,131
synth_35798,131
synth_36089,131
synth_35701,131
synth_35705,131
synth_36114,131
synth_35884,131
synth_35716,131
synth_35901,131
synth_35785,131
synth_35759,131
synth_35878,131
synth_36039,131
synth_35700,131
synth_35702,131
synth_35714,131
synth_35757,131
synth_35758,131
synth_35989,131
synth_35977,131
synth_36093,131
synth_36132,131
synth_35752,131
synth_35731,131
synth_35920,131
synth_35880,131
synth_35875,131
synth_35845,131
synth_35950,131
synth_36127,131
synth_35868,131
synth_35927,131
synth_35848,131
synth_35889,131
synth_35939,131
synth_36148,131
synth_35837,131
synth_35938,131
synth_36038,131
synth_35738,131
synth_35932,131
synth_35810,131
synth_35828,131
synth_35723,131
synth_35729,131
synth_36051,131
synth_35743,131
synth_35929,131
synth_35959,131
synth_35694,131
synth_35763,131
synth_35916,131
synth_35994,131
synth_36105,131
synth_35695,131
synth_35718,131
synth_35808,131
synth_36088,131
synth_36133,131
synth_35769,131
synth_35973,131
synth_35861,131
synth_35935,131
synth_35981,131
synth_35993,131
synth_35756,131
synth_35792,131
synth_36131,131
synth_35936,131
synth_35864,131
synth_35870,131
synth_35739,131
synth_35746,131
synth_35940,131
synth_35990,131
synth_36001,131
synth_35829,131
synth_35957,131
synth_36025,131
synth_35838,131
synth_36009,131
synth_35793,131
synth_35730,131
synth_35789,131
synth_35783,131
synth_36096,131
synth_35712,131
synth_35983,131
synth_36016,131
synth_35791,131
synth_35872,131
synth_36006,131
synth_35782,131
synth_35976,131
synth_35827,131
synth_35732,131
synth_35787,131
synth_36004,131
synth_36076,131
synth_36141,131
synth_36144,131
synth_35809,131
synth_35945,131
synth_35965,131
synth_35797,131
synth_35744,131
synth_35748,131
synth_35835,131
synth_36085,131
synth_35894,131
synth_35913,131
synth_36068,131
synth_36100,131
synth_35979,131
synth_35948,131
synth_35963,131
synth_36059,131
synth_36142,131
synth_35841,131
synth_36129,131
synth_35711,131
synth_36023,131
synth_35737,131
synth_35991,131
synth_35722,131
synth_35741,131
synth_36013,131
synth_36034,131
synth_35961,131
synth_36026,131
synth_36064,131
synth_36146,131
synth_35853,131
synth_35704,131
synth_36123,131
synth_35770,131
synth_35902,131
synth_35925,131
synth_35931,131
synth_35962,131
synth_35900,131
synth_36033,131
synth_35800,131
synth_36031,131
synth_35781,131
synth_35847,131
synth_35892,131
synth_36053,131
synth_36120,131
synth_35773,131
synth_35721,131
synth_36060,131
synth_35749,131
synth_35856,131
synth_35952,131
synth_36040,131
synth_35717,131
synth_36007,131
synth_35825,131
synth_35735,131
synth_36122,131
synth_36075,131
synth_36116,131
synth_35949,131
synth_35998,131
synth_36035,131
synth_35806,131
synth_35843,131
synth_35822,131
synth_35967,131
synth_35986,131
synth_36011,131
synth_35706,131
synth_36098,131
synth_36010,131
synth_36032,131
synth_36041,131
synth_36111,131
synth_35794,131
synth_35815,131
synth_35890,131
synth_35799,131
synth_35921,131
synth_35813,131
synth_35703,131
synth_35877,131
synth_36027,131
synth_36046,131
synth_35850,131
synth_35874,131
synth_36099,131
synth_35899,131
synth_35972,131
synth_35865,131
synth_36030,131
synth_35754,131
synth_35831,131
synth_36130,131
synth_36058,131
synth_36067,131
synth_35881,131
synth_35713,131
synth_35814,131
synth_35968,131
synth_35699,131
synth_35771,131
synth_35742,131
synth_35897,131
synth_36021,131
synth_36049,131
synth_35866,131
synth_35867,131
synth_36118,131
synth_35896,131
synth_35907,131
synth_36107,131
synth_35697,131
synth_35871,131
synth_35908,131
synth_36077,131
synth_35964,131
synth_35750,131
synth_35834,131
synth_35851,131
synth_36117,131
synth_35803,131
synth_36003,131
synth_35753,131
synth_35778,131
synth_35987,131
synth_36087,131
synth_35915,131
synth_35941,131
synth_36084,131
synth_36103,131
synth_35775,131
synth_36094,131
synth_35960,131
synth_36042,131
synth_35736,131
synth_35905,131
synth_35924,131
synth_36005,131
synth_36134,131
synth_35795,131
synth_35869,131
synth_35933,131
synth_36012,131
synth_36014,131
synth_35886,131
synth_36052,131
synth_36061,131
synth_36022,131
synth_35958,131
synth_35696,131
synth_35764,131
synth_35727,131
synth_35786,131
synth_35946,131
synth_36065,131
synth_36136,131
synth_36019,131
synth_36119,131
synth_35846,131
synth_35720,131
synth_35802,131
synth_35942,131
synth_36044,131
synth_35766,131
synth_35823,131
synth_35891,131
synth_35895,131
synth_35982,131
synth_35917,131
synth_36000,131
synth_35747,131
synth_35922,131
synth_36108,131
synth_35779,131
synth_35833,131
synth_35887,131
synth_35761,131
synth_35854,131
synth_35923,131
synth_35953,131
synth_36024,131
synth_36057,131
synth_35904,131
synth_35934,131
synth_35943,131
synth_35995,131
synth_36071,131
synth_36082,131
synth_35821,131
synth_36056,131
synth_35805,131
synth_35724,131
synth_36110,131
synth_35898,131
synth_36063,131
synth_36079,131
synth_36083,131
synth_35725,131
synth_35734,131
synth_35966,131
synth_35780,131
synth_35826,131
synth_36074,131
synth_35836,131
synth_36045,131
synth_35698,131
synth_35992,131
synth_36112,131
synth_35885,131
synth_35984,131
synth_36037,131
synth_35726,131
synth_36128,131
synth_36115,131
synth_35955,131
synth_36135,131
synth_35707,131
synth_36047,131
synth_35817,131
synth_36143,131
synth_35830,131
synth_35840,131
synth_36260,130
synth_36407,130
synth_36432,130
synth_36240,130
synth_36511,130
synth_36164,130
synth_36612,130
synth_36541,130
synth_36205,130
synth_36236,130
synth_36310,130
synth_36491,130
synth_36380,130
synth_36210,130
synth_36516,130
synth_36224,130
synth_36487,130
synth_36242,130
synth_36386,130
synth_36296,130
synth_36178,130
synth_36577,130
synth_36583,130
synth_36551,130
synth_36351,130
synth_36404,130
synth_36481,130
synth_36344,130
synth_36297,130
synth_36533,130
synth_36534,130
synth_36453,130
synth_36228,130
synth_36469,130
synth_36265,130
synth_36323,130
synth_36434,130
synth_36500,130
synth_36512,130
synth_36528,130
synth_36160,130
synth_36189,130
synth_36202,130
synth_36483,130
synth_36514,130
synth_36359,130
synth_36367,130
synth_36397,130
synth_36412,130
synth_36211,130
synth_36261,130
synth_36294,130
synth_36180,130
synth_36317,130
synth_36452,130
synth_36269,130
synth_36424,130
synth_36475,130
synth_36322,130
synth_36532,130
synth_36542,130
synth_36343,130
synth_36370,130
synth_36406,130
synth_36597,130
synth_36571,130
synth_36591,130
synth_36216,130
synth_36247,130
synth_36340,130
synth_36550,130
synth_36165,130
synth_36251,130
synth_36268,130
synth_36354,130
synth_36464,130
synth_36399,130
synth_36526,130
synth_36598,130
synth_36450,130
synth_36320,130
synth_36282,130
synth_36208,130
synth_36295,130
synth_36315,130
synth_36611,130
synth_36477,130
synth_36162,130
synth_36273,130
synth_36488,130
synth_36593,130
synth_36382,130
synth_36307,130
synth_36308,130
synth_36478,130
synth_36176,130
synth_36270,130
synth_36578,130
synth_36415,130
synth_36348,130
synth_36521,130
synth_36607,130
synth_36372,130
synth_36225,130
synth_36209,130
synth_36316,130
synth_36579,130
synth_36305,130
synth_36378,130
synth_36383,130
synth_36244,130
synth_36431,130
synth_36490,130
synth_36517,130
synth_36479,130
synth_36555,130
synth_36254,130
synth_36355,130
synth_36529,130
synth_36196,130
synth_36218,130
synth_36271,130
synth_36345,130
synth_36433,130
synth_36440,130
synth_36409,130
synth_36410,130
synth_36522,130
synth_36561,130
synth_36259,130
synth_36471,130
synth_36570,130
synth_36545,130
synth_36156,130
synth_36325,130
synth_36467,130
synth_36300,130
synth_36601,130
synth_36499,130
synth_36263,130
synth_36272,130
synth_36222,130
synth_36552,130
synth_36185,130
synth_36411,130
synth_36266,130
synth_36318,130
synth_36430,130
synth_36608,130
synth_36279,130
synth_36190,130
synth_36509,130
synth_36584,130
synth_36334,130
synth_36203,130
synth_36356,130
synth_36374,130
synth_36219,130
synth_36546,130
synth_36292,130
synth_36172,130
synth_36365,130
synth_36387,130
synth_36324,130
synth_36418,130
synth_36543,130
synth_36590,130
synth_36246,130
synth_36327,130
synth_36445,130
synth_36414,130
synth_36198,130
synth_36588,130
synth_36364,130
synth_36187,130
synth_36428,130
synth_36573,130
synth_36158,130
synth_36245,130
synth_36472,130
synth_36575,130
synth_36420,130
synth_36458,130
synth_36233,130
synth_36609,130
synth_36400,130
synth_36291,130
synth_36258,130
synth_36486,130
synth_36610,130
synth_36531,130
synth_36276,130
synth_36492,130
synth_36444,130
synth_36494,130
synth_36342,130
synth_36152,130
synth_36256,130
synth_36439,130
synth_36480,130
synth_36405,130
synth_36476,130
synth_36252,130
synth_36338,130
synth_36237,130
synth_36192,130
synth_36421,130
synth_36455,130
synth_36566,130
synth_36574,130
synth_36191,130
synth_36214,130
synth_36375,130
synth_36394,130
synth_36197,130
synth_36157,130
synth_36174,130
synth_36520,130
synth_36523,130
synth_36207,130
synth_36402,130
synth_36221,130
synth_36568,130
synth_36581,130
synth_36267,130
synth_36508,130
synth_36204,130
synth_36290,130
synth_36429,130
synth_36535,130
synth_36201,130
synth_36377,130
synth_36557,130
synth_36309,130
synth_36243,130
synth_36395,130
synth_36427,130
synth_36423,130
synth_36470,130
synth_36285,130
synth_36413,130
synth_36426,130
synth_36513,130
synth_36416,130
synth_36604,130
synth_36287,130
synth_36556,130
synth_36173,130
synth_36280,130
synth_36482,130
synth_36227,130
synth_36442,130
synth_36507,130
synth_36459,130
synth_36580,130
synth_36182,130
synth_36220,130
synth_36510,130
synth_36215,130
synth_36332,130
synth_36385,130
synth_36425,130
synth_36447,130
synth_36347,130
synth_36599,130
synth_36223,130
synth_36527,130
synth_36234,130
synth_36333,130
synth_36289,130
synth_36293,130
synth_36179,130
synth_36235,130
synth_36314,130
synth_36616,130
synth_36288,130
synth_36213,130
synth_36437,130
synth_36605,130
synth_36401,130
synth_36331,130
synth_36321,130
synth_36362,130
synth_36518,130
synth_36391,130
synth_36586,130
synth_36595,130
synth_36326,130
synth_36553,130
synth_36330,130
synth_36167,130
synth_36241,130
synth_36357,130
synth_36389,130
synth_36303,130
synth_36361,130
synth_36403,130
synth_36603,130
synth_36565,130
synth_36257,130
synth_36388,130
synth_36501,130
synth_36537,130
synth_36301,130
synth_36274,130
synth_36466,130
synth_36206,130
synth_36596,130
synth_36150,130
synth_36311,130
synth_36337,130
synth_36226,130
synth_36286,130
synth_36576,130
synth_36548,130
synth_36154,130
synth_36349,130
synth_36606,130
synth_36350,130
synth_36393,130
synth_36398,130
synth_36408,130
synth_36502,130
synth_36238,130
synth_36232,130
synth_36419,130
synth_36336,130
synth_36396,130
synth_36602,130
synth_36151,130
synth_36188,130
synth_36544,130
synth_36253,130
synth_36304,130
synth_36229,130
synth_36161,130
synth_36613,130
synth_36435,130
synth_36166,130
synth_36353,130
synth_36390,130
synth_36563,130
synth_36195,130
synth_36175,130
synth_36504,130
synth_36298,130
synth_36249,130
synth_36615,130
synth_36329,130
synth_36461,130
synth_36524,130
synth_36554,130
synth_36346,130
synth_36360,130
synth_36564,130
synth_36384,130
synth_36212,130
synth_36335,130
synth_36369,130
synth_36506,130
synth_36379,130
synth_36456,130
synth_36163,130
synth_36264,130
synth_36371,130
synth_36181,130
synth_36339,130
synth_36366,130
synth_36614,130
synth_36547,130
synth_36451,130
synth_36540,130
synth_36231,130
synth_36582,130
synth_36186,130
synth_36560,130
synth_36262,130
synth_36594,130
synth_36352,130
synth_36463,130
synth_36373,130
synth_36515,130
synth_36449,130
synth_36454,130
synth_36536,130
synth_36248,130
synth_36358,130
synth_36363,130
synth_36495,130
synth_36277,130
synth_36169,130
synth_36184,130
synth_36312,130
synth_36275,130
synth_36457,130
synth_36569,130
synth_36585,130
synth_36168,130
synth_36177,130
synth_36392,130
synth_36473,130
synth_36474,130
synth_36381,130
synth_36562,130
synth_36462,130
synth_36468,130
synth_36567,130
synth_36525,130
synth_36328,130
synth_36193,130
synth_36519,130
synth_36539,130
synth_36436,130
synth_36587,130
synth_36171,130
synth_36230,130
synth_36284,130
synth_36441,130
synth_36465,130
synth_36319,130
synth_36505,130
synth_36559,130
synth_36200,130
synth_36446,130
synth_36250,130
synth_36484,130
synth_36306,130
synth_36448,130
synth_36239,130
synth_36493,130
synth_36281,130
synth_36503,130
synth_36170,130
synth_36255,130
synth_36485,130
synth_36592,130
synth_36278,130
synth_36153,130
synth_36194,130
synth_36302,130
synth_36600,130
synth_36299,130
synth_36496,130
synth_36558,130
synth_36589,130
synth_36155,130
synth_36549,130
synth_36313,130
synth_36368,130
synth_36199,130
synth_36283,130
synth_36443,130
synth_36460,130
synth_36530,130
synth_36159,130
synth_36376,130
synth_36438,130
synth_36572,130
synth_36417,130
synth_36498,130
synth_36183,130
synth_36341,130
synth_36497,130
synth_36217,130
synth_36422,130
synth_36538,130
synth_36489,130
synth_36730,129
synth_37010,129
synth_36683,129
synth_36826,129
synth_36648,129
synth_36982,129
synth_37062,129
synth_37037,129
synth_37061,129
synth_36634,129
synth_36895,129
synth_36905,129
synth_36637,129
synth_36775,129
synth_36890,129
synth_37031,129
synth_36838,129
synth_36643,129
synth_36860,129
synth_37000,129
synth_36701,129
synth_36854,129
synth_37077,129
synth_36654,129
synth_36746,129
synth_36928,129
synth_36934,129
synth_36862,129
synth_36999,129
synth_36738,129
synth_36803,129
synth_36627,129
synth_36706,129
synth_36716,129
synth_36923,129
synth_37043,129
synth_36702,129
synth_36736,129
synth_36810,129
synth_36844,129
synth_36846,129
synth_36748,129
synth_36825,129
synth_37006,129
synth_37075,129
synth_36628,129
synth_36685,129
synth_36830,129
synth_36938,129
synth_36976,129
synth_36752,129
synth_36758,129
synth_36806,129
synth_36828,129
synth_36617,129
synth_37056,129
synth_36720,129
synth_37042,129
synth_36725,129
synth_36908,129
synth_36994,129
synth_37036,129
synth_36670,129
synth_36715,129
synth_36807,129
synth_37051,129
synth_36788,129
synth_36882,129
synth_36889,129
synth_37088,129
synth_36963,129
synth_37085,129
synth_36845,129
synth_36641,129
synth_36912,129
synth_36936,129
synth_37025,129
synth_36653,129
synth_36973,129
synth_37038,129
synth_37086,129
synth_36894,129
synth_36794,129
synth_36948,129
synth_36687,129
synth_36811,129
synth_37013,129
synth_37044,129
synth_36816,129
synth_36713,129
synth_36728,129
synth_36832,129
synth_36669,129
synth_36945,129
synth_36632,129
synth_36821,129
synth_36985,129
synth_37081,129
synth_36659,129
synth_36872,129
synth_36662,129
synth_36851,129
synth_36783,129
synth_36906,129
synth_37074,129
synth_36647,129
synth_36621,129
synth_36883,129
synth_36969,129
synth_36618,129
synth_36808,129
synth_36842,129
synth_37002,129
synth_36651,129
synth_36661,129
synth_36712,129
synth_36910,129
synth_36753,129
synth_37020,129
synth_36694,129
synth_37073,129
synth_36671,129
synth_36904,129
synth_36781,129
synth_36868,129
synth_36897,129
synth_36693,129
synth_36790,129
synth_36942,129
synth_36684,129
synth_36695,129
synth_36743,129
synth_36792,129
synth_37072,129
synth_36786,129
synth_36924,129
synth_37028,129
synth_37047,129
synth_36932,129
synth_36944,129
synth_37041,129
synth_37018,129
synth_36960,129
synth_36766,129
synth_36734,129
synth_36990,129
synth_36921,129
synth_36762,129
synth_36981,129
synth_36843,129
synth_36679,129
synth_36929,129
synth_36625,129
synth_36640,129
synth_36769,129
synth_36827,129
synth_37040,129
synth_36858,129
synth_36869,129
synth_36925,129
synth_36951,129
synth_37067,129
synth_36954,129
synth_36980,129
synth_36993,129
synth_36657,129
synth_36776,129
synth_36823,129
synth_36721,129
synth_36689,129
synth_36699,129
synth_36793,129
synth_36871,129
synth_36971,129
synth_37032,129
synth_36652,129
synth_36764,129
synth_36946,129
synth_37029,129
synth_36739,129
synth_36649,129
synth_36698,129
synth_36795,129
synth_36911,129
synth_36939,129
synth_36952,129
synth_36680,129
synth_36785,129
synth_36711,129
synth_36943,129
synth_36672,129
synth_36881,129
synth_36887,129
synth_36888,129
synth_37024,129
synth_36710,129
synth_36812,129
synth_36964,129
synth_36704,129
synth_37059,129
synth_36903,129
synth_36991,129
synth_36959,129
synth_36859,129
synth_36900,129
synth_37084,129
synth_36853,129
synth_37080,129
synth_36619,129
synth_36879,129
synth_36915,129
synth_36935,129
synth_36902,129
synth_37063,129
synth_36770,129
synth_36813,129
synth_36966,129
synth_36977,129
synth_36891,129
synth_36760,129
synth_36677,129
synth_36876,129
synth_36829,129
synth_36837,129
synth_37022,129
synth_37015,129
synth_37087,129
synth_36676,129
synth_36740,129
synth_37009,129
synth_37069,129
synth_36857,129
synth_36745,129
synth_36926,129
synth_36975,129
synth_37016,129
synth_36620,129
synth_36719,129
synth_37048,129
synth_37049,129
synth_36773,129
synth_36818,129
synth_36624,129
synth_36841,129
synth_37039,129
synth_36658,129
synth_36696,129
synth_36755,129
synth_36757,129
synth_36820,129
synth_36682,129
synth_36909,129
synth_36655,129
synth_37045,129
synth_36817,129
synth_36965,129
synth_36815,129
synth_37027,129
synth_37068,129
synth_36629,129
synth_36673,129
synth_36674,129
synth_36831,129
synth_37035,129
synth_36972,129
synth_36974,129
synth_36623,129
synth_36735,129
synth_36750,129
synth_37034,129
synth_36690,129
synth_36797,129
synth_36737,129
synth_36983,129
synth_37089,129
synth_36756,129
synth_36880,129
synth_36949,129
synth_36714,129
synth_36878,129
synth_36839,129
synth_36779,129
synth_36913,129
synth_36731,129
synth_37046,129
synth_36742,129
synth_37052,129
synth_36744,129
synth_37050,129
synth_36896,129
synth_37003,129
synth_37014,129
synth_37033,129
synth_36886,129
synth_36898,129
synth_36692,129
synth_36987,129
synth_37017,129
synth_37023,129
synth_36968,129
synth_36814,129
synth_37007,129
synth_36703,129
synth_36874,129
synth_36804,129
synth_37079,129
synth_37021,129
synth_36809,129
synth_37057,129
synth_36751,129
synth_36729,129
synth_36642,129
synth_36772,129
synth_36958,129
synth_37004,129
synth_36836,129
synth_36917,129
synth_36918,129
synth_36636,129
synth_36937,129
synth_37078,129
synth_36901,129
synth_36663,129
synth_36733,129
synth_36940,129
synth_36822,129
synth_36848,129
synth_36697,129
synth_36791,129
synth_36787,129
synth_36957,129
synth_36707,129
synth_36922,129
synth_36997,129
synth_37011,129
synth_36759,129
synth_36877,129
synth_36660,129
synth_37070,129
synth_36899,129
synth_36984,129
synth_36678,129
synth_36840,129
synth_36916,129
synth_36884,129
synth_36955,129
synth_36920,129
synth_36998,129
synth_36777,129
synth_36873,129
synth_36718,129
synth_36638,129
synth_36675,129
synth_36761,129
synth_36771,129
synth_36691,129
synth_36705,129
synth_37055,129
synth_36708,129
synth_36780,129
synth_37001,129
synth_37008,129
synth_36992,129
synth_36644,129
synth_36667,129
synth_36767,129
synth_36855,129
synth_36635,129
synth_36656,129
synth_36927,129
synth_36967,129
synth_36988,129
synth_36799,129
synth_36833,129
synth_36849,129
synth_36866,129
synth_36885,129
synth_36979,129
synth_36989,129
synth_37091,129
synth_36668,129
synth_36686,129
synth_36995,129
synth_37065,129
synth_36796,129
synth_36950,129
synth_36622,129
synth_36681,129
synth_36801,129
synth_37076,129
synth_36996,129
synth_37012,129
synth_36665,129
synth_37066,129
synth_36930,129
synth_37019,129
synth_36962,129
synth_36765,129
synth_36768,129
synth_36724,129
synth_36645,129
synth_36892,129
synth_36722,129
synth_36749,129
synth_36852,129
synth_36798,129
synth_36784,129
synth_37005,129
synth_36847,129
synth_36700,129
synth_36633,129
synth_36763,129
synth_36861,129
synth_36970,129
synth_36723,129
synth_36819,129
synth_36864,129
synth_36631,129
synth_36717,129
synth_37090,129
synth_36867,129
synth_36893,129
synth_36931,129
synth_37082,129
synth_37092,129
synth_36986,129
synth_36805,129
synth_36747,129
synth_36953,129
synth_36639,129
synth_36782,129
synth_36856,129
synth_36907,129
synth_37064,129
synth_37071,129
synth_36688,129
synth_36947,129
synth_36870,129
synth_36914,129
synth_36941,129
synth_37060,129
synth_37054,129
synth_36646,129
synth_36789,129
synth_37053,129
synth_36732,129
synth_36650,129
synth_36933,129
synth_36709,129
synth_36727,129
synth_36800,129
synth_36919,129
synth_36626,129
synth_36754,129
synth_36726,129
synth_37030,129
synth_36741,129
synth_36824,129
synth_37058,129
synth_36834,129
synth_36875,129
synth_36664,129
synth_36666,129
synth_36956,129
synth_36835,129
synth_36774,129
synth_37083,129
synth_36863,129
synth_36802,129
synth_36850,129
synth_36961,129
synth_36778,129
synth_37026,129
synth_36630,129
synth_36865,129
synth_36978,129
synth_37472,128
synth_37417,128
synth_37478,128
synth_37286,128
synth_37190,128
synth_37246,128
synth_37293,128
synth_37501,128
synth_37555,128
synth_37392,128
synth_37470,128
synth_37148,128
synth_37369,128
synth_37198,128
synth_37343,128
synth_37468,128
synth_37438,128
synth_37222,128
synth_37185,128
synth_37271,128
synth_37455,128
synth_37151,128
synth_37323,128
synth_37486,128
synth_37558,128
synth_37480,128
synth_37292,128
synth_37364,128
synth_37373,128
synth_37404,128
synth_37445,128
synth_37380,128
synth_37388,128
synth_37512,128
synth_37561,128
synth_37274,128
synth_37305,128
synth_37325,128
synth_37341,128
synth_37363,128
synth_37317,128
synth_37233,128
synth_37387,128
synth_37129,128
synth_37110,128
synth_37410,128
synth_37451,128
synth_37473,128
synth_37168,128
synth_37103,128
synth_37223,128
synth_37257,128
synth_37449,128
synth_37524,128
synth_37099,128
synth_37192,128
synth_37498,128
synth_37340,128
synth_37097,128
synth_37211,128
synth_37214,128
synth_37418,128
synth_37566,128
synth_37199,128
synth_37252,128
synth_37283,128
synth_37475,128
synth_37485,128
synth_37231,128
synth_37280,128
synth_37311,128
synth_37506,128
synth_37510,128
synth_37565,128
synth_37149,128
synth_37247,128
synth_37571,128
synth_37250,128
synth_37259,128
synth_37461,128
synth_37389,128
synth_37158,128
synth_37172,128
synth_37277,128
synth_37296,128
synth_37428,128
synth_37514,128
synth_37529,128
synth_37206,128
synth_37273,128
synth_37361,128
synth_37411,128
synth_37204,128
synth_37346,128
synth_37483,128
synth_37166,128
synth_37339,128
synth_37531,128
synth_37218,128
synth_37436,128
synth_37265,128
synth_37309,128
synth_37243,128
synth_37551,128
synth_37281,128
synth_37507,128
synth_37207,128
synth_37160,128
synth_37261,128
synth_37300,128
synth_37456,128
synth_37560,128
synth_37210,128
synth_37298,128
synth_37435,128
synth_37197,128
synth_37357,128
synth_37372,128
synth_37405,128
synth_37155,128
synth_37098,128
synth_37182,128
synth_37105,128
synth_37316,128
synth_37297,128
synth_37262,128
synth_37552,128
synth_37159,128
synth_37263,128
synth_37526,128
synth_37350,128
synth_37550,128
synth_37553,128
synth_37358,128
synth_37117,128
synth_37219,128
synth_37244,128
synth_37113,128
synth_37173,128
synth_37568,128
synth_37100,128
synth_37301,128
synth_37541,128
synth_37331,128
synth_37563,128
synth_37241,128
synth_37384,128
synth_37425,128
synth_37530,128
synth_37139,128
synth_37225,128
synth_37132,128
synth_37171,128
synth_37135,128
synth_37393,128
synth_37508,128
synth_37237,128
synth_37288,128
synth_37333,128
synth_37562,128
synth_37545,128
synth_37477,128
synth_37556,128
synth_37395,128
synth_37326,128
synth_37282,128
synth_37442,128
synth_37460,128
synth_37574,128
synth_37209,128
synth_37163,128
synth_37196,128
synth_37463,128
synth_37234,128
synth_37255,128
synth_37328,128
synth_37371,128
synth_37409,128
synth_37467,128
synth_37492,128
synth_37154,128
synth_37320,128
synth_37484,128
synth_37240,128
synth_37465,128
synth_37487,128
synth_37575,128
synth_37522,128
synth_37224,128
synth_37187,128
synth_37375,128
synth_37443,128
synth_37137,128
synth_37229,128
synth_37242,128
synth_37256,128
synth_37287,128
synth_37133,128
synth_37254,128
synth_37184,128
synth_37347,128
synth_37462,128
synth_37525,128
synth_37141,128
synth_37354,128
synth_37444,128
synth_37114,128
synth_37439,128
synth_37578,128
synth_37180,128
synth_37567,128
synth_37145,128
synth_37205,128
synth_37112,128
synth_37356,128
synth_37433,128
synth_37471,128
synth_37520,128
synth_37203,128
synth_37321,128
synth_37513,128
synth_37094,128
synth_37515,128
synth_37538,128
synth_37118,128
synth_37360,128
synth_37195,128
synth_37303,128
synth_37201,128
synth_37345,128
synth_37125,128
synth_37134,128
synth_37441,128
synth_37208,128
synth_37251,128
synth_37536,128
synth_37186,128
synth_37306,128
synth_37342,128
synth_37106,128
synth_37355,128
synth_37095,128
synth_37572,128
synth_37115,128
synth_37290,128
synth_37313,128
synth_37482,128
synth_37494,128
synth_37535,128
synth_37570,128
synth_37193,128
synth_37150,128
synth_37504,128
synth_37258,128
synth_37344,128
synth_37385,128
synth_37200,128
synth_37559,128
synth_37528,128
synth_37142,128
synth_37279,128
synth_37217,128
synth_37230,128
synth_37294,128
synth_37126,128
synth_37174,128
synth_37236,128
synth_37278,128
synth_37424,128
synth_37505,128
synth_37314,128
synth_37416,128
synth_37539,128
synth_37396,128
synth_37130,128
synth_37440,128
synth_37496,128
synth_37216,128
synth_37269,128
synth_37164,128
synth_37367,128
synth_37381,128
synth_37469,128
synth_37446,128
synth_37452,128
synth_37270,128
synth_37289,128
synth_37497,128
synth_37334,128
synth_37202,128
synth_37348,128
synth_37450,128
synth_37161,128
synth_37153,128
synth_37284,128
synth_37226,128
synth_37335,128
synth_37432,128
synth_37383,128
synth_37362,128
synth_37423,128
synth_37427,128
synth_37124,128
synth_37318,128
synth_37359,128
synth_37502,128
synth_37437,128
synth_37170,128
synth_37459,128
synth_37379,128
synth_37127,128
synth_37338,128
synth_37143,128
synth_37267,128
synth_37376,128
synth_37169,128
synth_37457,128
synth_37557,128
synth_37227,128
synth_37131,128
synth_37353,128
synth_37336,128
synth_37183,128
synth_37221,128
synth_37406,128
synth_37458,128
synth_37509,128
synth_37431,128
synth_37549,128
synth_37128,128
synth_37402,128
synth_37490,128
synth_37500,128
synth_37152,128
synth_37403,128
synth_37266,128
synth_37352,128
synth_37519,128
synth_37308,128
synth_37511,128
synth_37533,128
synth_37116,128
synth_37285,128
synth_37368,128
synth_37378,128
synth_37179,128
synth_37248,128
synth_37391,128
synth_37503,128
synth_37527,128
synth_37329,128
synth_37543,128
synth_37370,128
synth_37366,128
synth_37119,128
synth_37272,128
synth_37107,128
synth_37319,128
synth_37434,128
synth_37548,128
synth_37351,128
synth_37400,128
synth_37401,128
synth_37544,128
synth_37121,128
synth_37235,128
synth_37275,128
synth_37408,128
synth_37295,128
synth_37138,128
synth_37542,128
synth_37491,128
synth_37397,128
synth_37327,128
synth_37421,128
synth_37332,128
synth_37448,128
synth_37481,128
synth_37156,128
synth_37547,128
synth_37464,128
synth_37239,128
synth_37268,128
synth_37377,128
synth_37523,128
synth_37564,128
synth_37108,128
synth_37120,128
synth_37307,128
synth_37109,128
synth_37122,128
synth_37212,128
synth_37291,128
synth_37312,128
synth_37453,128
synth_37188,128
synth_37253,128
synth_37382,128
synth_37493,128
synth_37447,128
synth_37532,128
synth_37386,128
synth_37479,128
synth_37123,128
synth_37429,128
synth_37516,128
synth_37474,128
synth_37518,128
synth_37104,128
synth_37228,128
synth_37466,128
synth_37534,128
synth_37144,128
synth_37213,128
synth_37374,128
synth_37488,128
synth_37189,128
synth_37178,128
synth_37426,128
synth_37245,128
synth_37260,128
synth_37413,128
synth_37476,128
synth_37349,128
synth_37276,128
synth_37299,128
synth_37136,128
synth_37495,128
synth_37157,128
synth_37546,128
synth_37365,128
synth_37554,128
synth_37310,128
synth_37175,128
synth_37238,128
synth_37304,128
synth_37102,128
synth_37191,128
synth_37194,128
synth_37407,128
synth_37232,128
synth_37414,128
synth_37337,128
synth_37540,128
synth_37576,128
synth_37302,128
synth_37537,128
synth_37398,128
synth_37215,128
synth_37569,128
synth_37111,128
synth_37176,128
synth_37330,128
synth_37394,128
synth_37430,128
synth_37101,128
synth_37162,128
synth_37415,128
synth_37167,128
synth_37140,128
synth_37220,128
synth_37177,128
synth_37146,128
synth_37096,128
synth_37181,128
synth_37264,128
synth_37573,128
synth_37147,128
synth_37093,128
synth_37489,128
synth_37517,128
synth_37521,128
synth_37577,128
synth_37419,128
synth_37499,128
synth_37315,128
synth_37322,128
synth_37390,128
synth_37454,128
synth_37165,128
synth_37324,128
synth_37412,128
synth_37420,128
synth_37422,128
synth_37249,128
synth_37399,128
synth_37895,127
synth_38015,127
synth_37595,127
synth_37872,127
synth_37969,127
synth_37995,127
synth_37843,127
synth_37827,127
synth_37589,127
synth_37597,127
synth_37858,127
synth_37604,127
synth_37782,127
synth_37987,127
synth_38056,127
synth_37793,127
synth_37840,127
synth_37805,127
synth_37832,127
synth_37950,127
synth_37908,127
synth_37913,127
synth_38001,127
synth_37599,127
synth_37779,127
synth_38028,127
synth_37624,127
synth_37752,127
synth_38017,127
synth_38037,127
synth_37702,127
synth_37772,127
synth_37960,127
synth_37594,127
synth_38044,127
synth_37633,127
synth_37964,127
synth_37869,127
synth_37877,127
synth_37691,127
synth_37822,127
synth_38061,127
synth_37882,127
synth_37735,127
synth_37764,127
synth_37689,127
synth_37645,127
synth_37761,127
synth_37849,127
synth_37982,127
synth_37636,127
synth_37623,127
synth_37743,127
synth_38025,127
synth_37616,127
synth_37836,127
synth_37716,127
synth_37774,127
synth_37857,127
synth_37641,127
synth_37650,127
synth_37722,127
synth_37673,127
synth_37916,127
synth_37739,127
synth_37756,127
synth_37975,127
synth_37979,127
synth_37718,127
synth_37842,127
synth_37742,127
synth_37796,127
synth_37664,127
synth_37697,127
synth_37970,127
synth_37986,127
synth_37613,127
synth_37610,127
synth_37711,127
synth_37906,127
synth_37608,127
synth_37719,127
synth_37811,127
synth_37902,127
synth_37806,127
synth_37853,127
synth_38019,127
synth_38071,127
synth_37708,127
synth_38003,127
synth_37677,127
synth_37860,127
synth_38069,127
synth_37720,127
synth_37773,127
synth_37814,127
synth_37945,127
synth_38021,127
synth_37609,127
synth_37738,127
synth_37794,127
synth_37957,127
synth_37780,127
synth_38014,127
synth_37647,127
synth_37907,127
synth_37922,127
synth_38000,127
synth_37631,127
synth_37749,127
synth_37826,127
synth_37838,127
synth_37723,127
synth_37815,127
synth_37873,127
synth_37892,127
synth_37683,127
synth_37863,127
synth_37889,127
synth_38063,127
synth_37627,127
synth_37690,127
synth_37755,127
synth_37804,127
synth_38006,127
synth_37953,127
synth_37956,127
synth_37643,127
synth_38045,127
synth_37880,127
synth_37931,127
synth_37939,127
synth_37606,127
synth_37620,127
synth_37974,127
synth_37845,127
synth_37891,127
synth_38039,127
synth_38059,127
synth_37740,127
synth_37983,127
synth_37955,127
synth_37696,127
synth_37847,127
synth_37951,127
synth_38012,127
synth_37601,127
synth_37831,127
synth_37852,127
synth_38072,127
synth_37868,127
synth_37603,127
synth_37835,127
synth_37976,127
synth_38024,127
synth_37929,127
synth_37591,127
synth_37967,127
synth_37614,127
synth_37618,127
synth_38042,127
synth_37646,127
synth_37871,127
synth_37887,127
synth_37898,127
synth_37903,127
synth_37653,127
synth_37943,127
synth_37824,127
synth_37628,127
synth_37813,127
synth_37600,127
synth_37642,127
synth_37855,127
synth_37870,127
synth_37680,127
synth_37839,127
synth_38049,127
synth_37894,127
synth_37973,127
synth_37612,127
synth_37693,127
synth_37770,127
synth_37961,127
synth_37821,127
synth_37937,127
synth_37810,127
synth_37819,127
synth_37598,127
synth_37688,127
synth_38016,127
synth_37679,127
synth_37861,127
synth_37867,127
synth_38013,127
synth_38020,127
synth_37644,127
synth_37684,127
synth_37893,127
synth_37736,127
synth_37762,127
synth_37799,127
synth_37834,127
synth_38058,127
synth_37674,127
synth_37663,127
synth_37714,127
synth_37661,127
synth_37848,127
synth_37615,127
synth_37678,127
synth_38070,127
synth_37658,127
synth_38011,127
synth_37971,127
synth_37984,127
synth_37745,127
synth_37707,127
synth_37923,127
synth_37803,127
synth_38055,127
synth_37837,127
synth_37731,127
synth_37685,127
synth_37769,127
synth_37798,127
synth_38065,127
synth_37667,127
synth_37579,127
synth_37759,127
synth_37784,127
synth_37911,127
synth_37925,127
synth_37767,127
synth_37671,127
synth_37766,127
synth_37652,127
synth_37704,127
synth_37698,127
synth_37876,127
synth_37900,127
synth_37924,127
synth_37737,127
synth_37758,127
synth_38029,127
synth_37778,127
synth_38075,127
synth_37817,127
synth_37786,127
synth_37878,127
synth_37637,127
synth_37885,127
synth_38047,127
synth_37935,127
synth_37962,127
synth_37812,127
synth_38004,127
synth_38023,127
synth_37713,127
synth_37586,127
synth_37590,127
synth_37703,127
synth_37920,127
synth_37921,127
synth_37990,127
synth_37947,127
synth_37734,127
synth_37670,127
synth_37888,127
synth_38009,127
synth_37862,127
synth_37825,127
synth_37705,127
synth_37726,127
synth_37896,127
synth_37941,127
synth_38033,127
synth_37875,127
synth_37621,127
synth_37717,127
synth_37741,127
synth_38052,127
synth_37581,127
synth_37668,127
synth_37626,127
synth_37791,127
synth_37999,127
synth_37789,127
synth_37897,127
synth_37997,127
synth_37676,127
synth_37818,127
synth_37593,127
synth_38030,127
synth_37592,127
synth_37712,127
synth_37912,127
synth_37583,127
synth_37692,127
synth_37700,127
synth_37800,127
synth_37864,127
synth_37938,127
synth_37965,127
synth_37588,127
synth_37994,127
synth_37807,127
synth_37841,127
synth_37910,127
synth_37750,127
synth_37760,127
synth_37850,127
synth_37710,127
synth_37795,127
synth_38073,127
synth_37936,127
synth_37952,127
synth_37823,127
synth_37709,127
synth_37944,127
synth_37605,127
synth_38032,127
synth_37607,127
synth_38002,127
synth_38026,127
synth_37954,127
synth_37632,127
synth_37765,127
synth_38048,127
synth_37744,127
synth_37972,127
synth_37830,127
synth_37634,127
synth_37886,127
synth_37917,127
synth_37942,127
synth_37991,127
synth_37909,127
synth_37905,127
synth_37918,127
synth_37651,127
synth_37747,127
synth_37930,127
synth_37638,127
synth_37968,127
synth_37788,127
synth_37851,127
synth_37884,127
synth_38064,127
synth_37629,127
synth_37649,127
synth_37701,127
synth_38005,127
synth_38007,127
synth_37602,127
synth_37619,127
synth_37732,127
synth_37787,127
synth_37630,127
synth_37781,127
synth_37996,127
synth_37580,127
synth_37748,127
synth_37940,127
synth_37639,127
synth_37808,127
synth_37776,127
synth_37816,127
synth_37844,127
synth_38036,127
synth_37662,127
synth_38060,127
synth_37934,127
synth_38067,127
synth_37948,127
synth_38050,127
synth_37966,127
synth_38068,127
synth_37927,127
synth_37846,127
synth_37874,127
synth_37946,127
synth_38022,127
synth_37665,127
synth_37977,127
synth_37746,127
synth_37669,127
synth_37672,127
synth_37879,127
synth_37587,127
synth_37933,127
synth_37596,127
synth_37978,127
synth_37584,127
synth_37730,127
synth_37992,127
synth_38038,127
synth_37919,127
synth_37625,127
synth_37660,127
synth_37682,127
synth_37763,127
synth_37635,127
synth_37659,127
synth_37958,127
synth_37768,127
synth_37783,127
synth_37622,127
synth_37724,127
synth_38054,127
synth_37981,127
synth_38057,127
synth_37949,127
synth_37792,127
synth_37802,127
synth_37901,127
synth_37681,127
synth_37988,127
synth_37993,127
synth_38027,127
synth_37640,127
synth_38043,127
synth_38040,127
synth_37656,127
synth_37666,127
synth_37715,127
synth_37725,127
synth_37926,127
synth_37695,127
synth_38010,127
synth_38034,127
synth_37959,127
synth_37963,127
synth_38031,127
synth_37706,127
synth_37859,127
synth_38066,127
synth_37890,127
synth_37675,127
synth_37809,127
synth_37915,127
synth_37753,127
synth_37729,127
synth_37833,127
synth_37648,127
synth_37914,127
synth_37785,127
synth_37928,127
synth_37733,127
synth_37686,127
synth_37777,127
synth_37801,127
synth_37721,127
synth_37728,127
synth_37866,127
synth_37985,127
synth_38041,127
synth_37881,127
synth_37828,127
synth_37771,127
synth_37899,127
synth_37585,127
synth_38074,127
synth_37932,127
synth_37727,127
synth_37694,127
synth_37790,127
synth_38018,127
synth_37856,127
synth_38046,127
synth_37582,127
synth_37757,127
synth_37611,127
synth_37751,127
synth_37657,127
synth_37865,127
synth_37820,127
synth_37687,127
synth_37998,127
synth_38035,127
synth_37617,127
synth_37829,127
synth_37904,127
synth_37854,127
synth_37883,127
synth_38008,127
synth_38053,127
synth_37655,127
synth_37754,127
synth_37797,127
synth_37980,127
synth_37699,127
synth_38062,127
synth_38051,127
synth_37775,127
synth_37654,127
synth_37989,127
synth_38538,126
synth_38147,126
synth_38106,126
synth_38251,126
synth_38281,126
synth_38412,126
synth_38415,126
synth_38111,126
synth_38316,126
synth_38124,126
synth_38127,126
synth_38411,126
synth_38417,126
synth_38335,126
synth_38139,126
synth_38477,126
synth_38391,126
synth_38196,126
synth_38463,126
synth_38079,126
synth_38346,126
synth_38442,126
synth_38495,126
synth_38580,126
synth_38295,126
synth_38360,126
synth_38456,126
synth_38118,126
synth_38190,126
synth_38389,126
synth_38108,126
synth_38350,126
synth_38548,126
synth_38132,126
synth_38176,126
synth_38364,126
synth_38308,126
synth_38437,126
synth_38488,126
synth_38573,126
synth_38185,126
synth_38171,126
synth_38266,126
synth_38388,126
synth_38512,126
synth_38095,126
synth_38567,126
synth_38089,126
synth_38386,126
synth_38505,126
synth_38135,126
synth_38087,126
synth_38280,126
synth_38357,126
synth_38081,126
synth_38105,126
synth_38296,126
synth_38153,126
synth_38264,126
synth_38374,126
synth_38165,126
synth_38101,126
synth_38220,126
synth_38189,126
synth_38348,126
synth_38449,126
synth_38509,126
synth_38187,126
synth_38446,126
synth_38576,126
synth_38194,126
synth_38349,126
synth_38439,126
synth_38312,126
synth_38440,126
synth_38443,126
synth_38248,126
synth_38402,126
synth_38575,126
synth_38537,126
synth_38172,126
synth_38358,126
synth_38126,126
synth_38229,126
synth_38536,126
synth_38342,126
synth_38325,126
synth_38107,126
synth_38200,126
synth_38482,126
synth_38260,126
synth_38450,126
synth_38553,126
synth_38099,126
synth_38243,126
synth_38080,126
synth_38270,126
synth_38232,126
synth_38409,126
synth_38421,126
synth_38543,126
synth_38129,126
synth_38168,126
synth_38534,126
synth_38151,126
synth_38291,126
synth_38390,126
synth_38345,126
synth_38193,126
synth_38444,126
synth_38559,126
synth_38236,126
synth_38522,126
synth_38327,126
synth_38267,126
synth_38299,126
synth_38183,126
synth_38366,126
synth_38404,126
synth_38104,126
synth_38354,126
synth_38474,126
synth_38540,126
synth_38429,126
synth_38162,126
synth_38451,126
synth_38224,126
synth_38161,126
synth_38202,126
synth_38420,126
synth_38528,126
synth_38531,126
synth_38533,126
synth_38203,126
synth_38551,126
synth_38556,126
synth_38234,126
synth_38249,126
synth_38191,126
synth_38552,126
synth_38230,126
synth_38083,126
synth_38452,126
synth_38136,126
synth_38159,126
synth_38458,126
synth_38506,126
synth_38114,126
synth_38405,126
synth_38518,126
synth_38085,126
synth_38244,126
synth_38278,126
synth_38293,126
synth_38145,126
synth_38324,126
synth_38157,126
synth_38279,126
synth_38253,126
synth_38283,126
synth_38376,126
synth_38542,126
synth_38419,126
synth_38464,126
synth_38096,126
synth_38423,126
synth_38426,126
synth_38164,126
synth_38088,126
synth_38466,126
synth_38237,126
synth_38300,126
synth_38499,126
synth_38209,126
synth_38385,126
synth_38427,126
synth_38285,126
synth_38465,126
synth_38177,126
synth_38555,126
synth_38298,126
synth_38353,126
synth_38368,126
synth_38511,126
synth_38174,126
synth_38180,126
synth_38544,126
synth_38212,126
synth_38492,126
synth_38254,126
synth_38535,126
synth_38247,126
synth_38250,126
synth_38091,126
synth_38131,126
synth_38384,126
synth_38468,126
synth_38116,126
synth_38485,126
synth_38486,126
synth_38148,126
synth_38222,126
synth_38152,126
synth_38302,126
synth_38098,126
synth_38380,126
synth_38306,126
synth_38303,126
synth_38338,126
synth_38377,126
synth_38392,126
synth_38407,126
synth_38431,126
synth_38467,126
synth_38255,126
synth_38078,126
synth_38441,126
synth_38582,126
synth_38233,126
synth_38340,126
synth_38521,126
synth_38138,126
synth_38297,126
synth_38341,126
synth_38326,126
synth_38413,126
synth_38455,126
synth_38529,126
synth_38213,126
synth_38128,126
synth_38086,126
synth_38337,126
synth_38541,126
synth_38258,126
synth_38503,126
synth_38092,126
synth_38221,126
synth_38263,126
synth_38424,126
synth_38097,126
synth_38554,126
synth_38498,126
synth_38561,126
synth_38239,126
synth_38461,126
synth_38545,126
synth_38462,126
synth_38375,126
synth_38549,126
synth_38122,126
synth_38287,126
synth_38317,126
synth_38110,126
synth_38363,126
synth_38292,126
synth_38401,126
synth_38178,126
synth_38115,126
synth_38216,126
synth_38319,126
synth_38523,126
synth_38524,126
synth_38516,126
synth_38100,126
synth_38274,126
synth_38331,126
synth_38383,126
synth_38093,126
synth_38160,126
synth_38339,126
synth_38142,126
synth_38273,126
synth_38373,126
synth_38568,126
synth_38146,126
synth_38149,126
synth_38332,126
synth_38328,126
synth_38094,126
synth_38379,126
synth_38276,126
synth_38140,126
synth_38382,126
synth_38314,126
synth_38144,126
synth_38113,126
synth_38170,126
synth_38381,126
synth_38473,126
synth_38090,126
synth_38418,126
synth_38294,126
synth_38372,126
synth_38256,126
synth_38227,126
synth_38219,126
synth_38476,126
synth_38166,126
synth_38275,126
synth_38487,126
synth_38546,126
synth_38228,126
synth_38435,126
synth_38112,126
synth_38150,126
synth_38125,126
synth_38211,126
synth_38365,126
synth_38558,126
synth_38564,126
synth_38397,126
synth_38494,126
synth_38526,126
synth_38367,126
synth_38396,126
synth_38547,126
synth_38566,126
synth_38574,126
synth_38158,126
synth_38184,126
synth_38198,126
synth_38315,126
synth_38215,126
synth_38330,126
synth_38514,126
synth_38269,126
synth_38334,126
synth_38428,126
synth_38578,126
synth_38119,126
synth_38371,126
synth_38493,126
synth_38530,126
synth_38208,126
synth_38246,126
synth_38481,126
synth_38520,126
synth_38550,126
synth_38288,126
synth_38355,126
synth_38457,126
synth_38359,126
synth_38425,126
synth_38519,126
synth_38241,126
synth_38406,126
synth_38525,126
synth_38109,126
synth_38282,126
synth_38336,126
synth_38453,126
synth_38277,126
synth_38181,126
synth_38265,126
synth_38301,126
synth_38261,126
synth_38272,126
synth_38475,126
synth_38309,126
synth_38182,126
synth_38562,126
synth_38210,126
synth_38527,126
synth_38225,126
synth_38313,126
synth_38179,126
synth_38130,126
synth_38143,126
synth_38217,126
synth_38242,126
synth_38231,126
synth_38305,126
synth_38102,126
synth_38262,126
synth_38454,126
synth_38517,126
synth_38436,126
synth_38570,126
synth_38133,126
synth_38207,126
synth_38502,126
synth_38507,126
synth_38197,126
synth_38323,126
synth_38403,126
synth_38472,126
synth_38483,126
synth_38515,126
synth_38333,126
synth_38560,126
synth_38565,126
synth_38076,126
synth_38352,126
synth_38399,126
synth_38408,126
synth_38137,126
synth_38154,126
synth_38175,126
synth_38479,126
synth_38192,126
synth_38432,126
synth_38491,126
synth_38356,126
synth_38361,126
synth_38416,126
synth_38304,126
synth_38362,126
synth_38369,126
synth_38394,126
synth_38077,126
synth_38478,126
synth_38163,126
synth_38438,126
synth_38245,126
synth_38286,126
synth_38500,126
synth_38539,126
synth_38235,126
synth_38268,126
synth_38343,126
synth_38484,126
synth_38422,126
synth_38470,126
synth_38557,126
synth_38214,126
synth_38433,126
synth_38445,126
synth_38448,126
synth_38460,126
synth_38378,126
synth_38400,126
synth_38447,126
synth_38508,126
synth_38167,126
synth_38103,126
synth_38351,126
synth_38579,126
synth_38329,126
synth_38218,126
synth_38205,126
synth_38155,126
synth_38199,126
synth_38532,126
synth_38082,126
synth_38117,126
synth_38490,126
synth_38188,126
synth_38393,126
synth_38581,126
synth_38186,126
synth_38398,126
synth_38480,126
synth_38311,126
synth_38169,126
synth_38195,126
synth_38240,126
synth_38571,126
synth_38226,126
synth_38238,126
synth_38513,126
synth_38344,126
synth_38496,126
synth_38289,126
synth_38434,126
synth_38310,126
synth_38572,126
synth_38430,126
synth_38471,126
synth_38259,126
synth_38141,126
synth_38206,126
synth_38320,126
synth_38489,126
synth_38322,126
synth_38395,126
synth_38469,126
synth_38284,126
synth_38410,126
synth_38577,126
synth_38201,126
synth_38370,126
synth_38156,126
synth_38347,126
synth_38123,126
synth_38134,126
synth_38204,126
synth_38510,126
synth_38307,126
synth_38271,126
synth_38563,126
synth_38223,126
synth_38504,126
synth_38387,126
synth_38497,126
synth_38173,126
synth_38084,126
synth_38290,126
synth_38414,126
synth_38121,126
synth_38318,126
synth_38321,126
synth_38501,126
synth_38459,126
synth_38252,126
synth_38569,126
synth_38120,126
synth_38257,126
synth_38772,125
synth_38978,125
synth_38935,125
synth_38964,125
synth_39001,125
synth_38946,125
synth_38684,125
synth_38869,125
synth_38658,125
synth_38820,125
synth_38795,125
synth_38789,125
synth_38953,125
synth_38671,125
synth_38756,125
synth_38660,125
synth_39019,125
synth_38741,125
synth_38715,125
synth_38788,125
synth_39054,125
synth_39064,125
synth_38610,125
synth_38806,125
synth_38845,125
synth_38863,125
synth_38774,125
synth_38776,125
synth_38807,125
synth_38962,125
synth_38944,125
synth_38736,125
synth_38858,125
synth_38938,125
synth_38891,125
synth_38949,125
synth_38614,125
synth_38683,125
synth_39029,125
synth_38958,125
synth_38792,125
synth_38794,125
synth_38881,125
synth_39073,125
synth_38838,125
synth_38624,125
synth_38668,125
synth_38713,125
synth_38893,125
synth_39087,125
synth_38642,125
synth_38664,125
synth_38859,125
synth_38877,125
synth_38716,125
synth_38822,125
synth_39089,125
synth_38761,125
synth_38952,125
synth_38690,125
synth_38853,125
synth_39053,125
synth_38785,125
synth_38979,125
synth_39051,125
synth_38861,125
synth_39042,125
synth_38802,125
synth_38876,125
synth_39091,125
synth_38773,125
synth_38987,125
synth_38592,125
synth_38661,125
synth_39008,125
synth_38865,125
synth_39057,125
synth_38950,125
synth_39099,125
synth_38731,125
synth_38745,125
synth_38621,125
synth_38673,125
synth_38872,125
synth_38879,125
synth_38669,125
synth_38864,125
synth_38803,125
synth_38616,125
synth_38633,125
synth_38988,125
synth_38995,125
synth_38649,125
synth_38726,125
synth_38873,125
synth_39012,125
synth_38916,125
synth_38849,125
synth_38983,125
synth_38670,125
synth_39025,125
synth_38778,125
synth_38657,125
synth_39068,125
synth_38907,125
synth_38999,125
synth_38825,125
synth_38940,125
synth_38651,125
synth_38714,125
synth_38834,125
synth_38981,125
synth_39004,125
synth_38725,125
synth_38905,125
synth_38587,125
synth_38607,125
synth_38841,125
synth_39098,125
synth_38824,125
synth_38709,125
synth_39007,125
synth_38748,125
synth_38606,125
synth_38678,125
synth_38701,125
synth_38848,125
synth_38682,125
synth_38732,125
synth_38735,125
synth_38823,125
synth_38860,125
synth_38924,125
synth_38628,125
synth_38698,125
synth_39096,125
synth_38765,125
synth_39040,125
synth_38775,125
synth_38815,125
synth_38890,125
synth_38923,125
synth_38921,125
synth_38602,125
synth_38796,125
synth_39033,125
synth_38948,125
synth_38829,125
synth_38985,125
synth_39031,125
synth_38931,125
synth_38996,125
synth_39061,125
synth_38959,125
synth_38615,125
synth_38640,125
synth_38710,125
synth_38875,125
synth_38720,125
synth_38818,125
synth_38960,125
synth_38656,125
synth_39013,125
synth_38840,125
synth_39066,125
synth_38867,125
synth_38612,125
synth_38618,125
synth_38909,125
synth_38925,125
synth_39071,125
synth_38747,125
synth_38793,125
synth_38883,125
synth_38583,125
synth_38784,125
synth_39021,125
synth_39045,125
synth_39076,125
synth_38749,125
synth_38734,125
synth_38889,125
synth_39010,125
synth_38837,125
synth_38951,125
synth_38623,125
synth_38900,125
synth_39084,125
synth_38707,125
synth_38918,125
synth_39017,125
synth_39067,125
synth_38634,125
synth_38835,125
synth_38917,125
synth_38702,125
synth_38816,125
synth_38937,125
synth_38753,125
synth_38797,125
synth_38589,125
synth_38627,125
synth_38991,125
synth_39011,125
synth_38744,125
synth_38752,125
synth_38839,125
synth_38696,125
synth_39038,125
synth_38595,125
synth_38686,125
synth_38712,125
synth_39086,125
synth_38862,125
synth_38897,125
synth_38770,125
synth_38989,125
synth_39035,125
synth_39090,125
synth_38600,125
synth_38809,125
synth_38920,125
synth_38608,125
synth_38613,125
synth_38874,125
synth_38892,125
synth_39018,125
synth_38878,125
synth_38871,125
synth_38819,125
synth_38588,125
synth_38912,125
synth_38758,125
synth_39014,125
synth_38737,125
synth_38896,125
synth_39059,125
synth_39070,125
synth_38922,125
synth_39027,125
synth_38647,125
synth_38814,125
synth_38593,125
synth_38688,125
synth_38733,125
synth_39039,125
synth_38750,125
synth_38685,125
synth_39052,125
synth_39075,125
synth_38643,125
synth_39023,125
synth_38927,125
synth_38894,125
synth_38687,125
synth_38886,125
synth_39044,125
synth_38724,125
synth_38697,125
synth_38870,125
synth_38826,125
synth_38790,125
synth_38831,125
synth_38884,125
synth_38973,125
synth_38693,125
synth_38810,125
synth_38641,125
synth_38828,125
synth_38930,125
synth_38947,125
synth_38655,125
synth_38856,125
synth_38901,125
synth_39088,125
synth_38833,125
synth_38902,125
synth_38975,125
synth_38760,125
synth_39024,125
synth_39063,125
synth_38764,125
synth_38635,125
synth_38695,125
synth_38913,125
synth_38976,125
synth_38703,125
synth_38786,125
synth_38644,125
synth_38719,125
synth_38743,125
synth_38783,125
synth_39036,125
synth_38617,125
synth_38631,125
synth_39048,125
synth_38708,125
synth_38812,125
synth_38636,125
synth_39009,125
synth_38625,125
synth_39000,125
synth_38740,125
synth_38963,125
synth_38966,125
synth_39083,125
synth_38846,125
synth_38885,125
synth_39032,125
synth_39034,125
synth_38722,125
synth_38827,125
synth_39003,125
synth_38908,125
synth_38866,125
synth_39092,125
synth_39082,125
synth_38591,125
synth_38652,125
synth_38691,125
synth_39002,125
synth_39041,125
synth_38721,125
synth_38754,125
synth_38757,125
synth_38676,125
synth_39055,125
synth_38868,125
synth_38974,125
synth_38968,125
synth_39081,125
synth_38739,125
synth_38705,125
synth_38808,125
synth_38781,125
synth_39050,125
synth_38620,125
synth_38694,125
synth_38759,125
synth_39058,125
synth_38706,125
synth_38852,125
synth_38903,125
synth_38763,125
synth_38954,125
synth_38842,125
synth_39072,125
synth_39074,125
synth_38926,125
synth_38590,125
synth_38677,125
synth_38850,125
synth_39085,125
synth_38982,125
synth_38662,125
synth_38674,125
synth_39095,125
synth_38718,125
synth_38594,125
synth_38730,125
synth_38906,125
synth_38992,125
synth_39062,125
synth_39080,125
synth_38672,125
synth_39049,125
synth_38857,125
synth_38609,125
synth_38769,125
synth_38847,125
synth_38957,125
synth_38727,125
synth_38751,125
synth_38666,125
synth_39077,125
synth_38717,125
synth_38961,125
synth_38932,125
synth_38605,125
synth_38729,125
synth_38895,125
synth_38663,125
synth_39005,125
synth_38956,125
synth_38887,125
synth_38650,125
synth_38933,125
synth_38994,125
synth_39006,125
synth_38699,125
synth_38821,125
synth_38990,125
synth_39037,125
synth_38603,125
synth_38637,125
synth_39030,125
synth_38584,125
synth_38936,125
synth_38969,125
synth_38811,125
synth_38648,125
synth_38880,125
synth_38742,125
synth_38993,125
synth_38586,125
synth_38851,125
synth_38585,125
synth_38910,125
synth_38915,125
synth_38970,125
synth_38692,125
synth_38898,125
synth_39047,125
synth_38626,125
synth_39026,125
synth_39078,125
synth_38777,125
synth_39093,125
synth_38768,125
synth_38941,125
synth_39028,125
synth_38704,125
synth_38659,125
synth_38746,125
synth_38700,125
synth_38836,125
synth_38738,125
synth_38604,125
synth_38899,125
synth_38801,125
synth_38919,125
synth_38791,125
synth_38799,125
synth_38914,125
synth_38622,125
synth_39015,125
synth_38782,125
synth_38611,125
synth_38977,125
synth_38929,125
synth_39016,125
synth_38762,125
synth_39065,125
synth_38945,125
synth_38675,125
synth_38596,125
synth_38629,125
synth_38653,125
synth_38689,125
synth_38728,125
synth_38723,125
synth_38939,125
synth_38599,125
synth_38832,125
synth_38980,125
synth_39097,125
synth_39060,125
synth_38854,125
synth_38984,125
synth_38601,125
synth_38798,125
synth_39046,125
synth_38766,125
synth_38943,125
synth_38630,125
synth_38667,125
synth_38646,125
synth_38767,125
synth_38771,125
synth_38934,125
synth_38955,125
synth_38638,125
synth_38882,125
synth_38805,125
synth_38639,125
synth_38855,125
synth_39079,125
synth_39094,125
synth_38665,125
synth_38681,125
synth_38904,125
synth_38967,125
synth_38971,125
synth_38928,125
synth_38997,125
synth_38597,125
synth_38911,125
synth_38711,125
synth_38800,125
synth_38986,125
synth_39022,125
synth_38965,125
synth_38942,125
synth_38755,125
synth_38787,125
synth_38813,125
synth_38632,125
synth_38780,125
synth_38844,125
synth_39043,125
synth_38654,125
synth_38679,125
synth_38843,125
synth_38972,125
synth_39020,125
synth_38804,125
synth_38680,125
synth_38817,125
synth_38998,125
synth_38598,125
synth_38830,125
synth_39069,125
synth_38645,125
synth_38619,125
synth_39056,125
synth_38779,125
synth_38888,125
synth_39222,124
synth_39334,124
synth_39205,124
synth_39133,124
synth_39202,124
synth_39274,124
synth_39527,124
synth_39111,124
synth_39170,124
synth_39191,124
synth_39217,124
synth_39256,124
synth_39621,124
synth_39329,124
synth_39446,124
synth_39450,124
synth_39339,124
synth_39327,124
synth_39188,124
synth_39361,124
synth_39554,124
synth_39145,124
synth_39206,124
synth_39292,124
synth_39306,124
synth_39444,124
synth_39605,124
synth_39489,124
synth_39212,124
synth_39393,124
synth_39521,124
synth_39104,124
synth_39257,124
synth_39364,124
synth_39557,124
synth_39586,124
synth_39119,124
synth_39350,124
synth_39517,124
synth_39289,124
synth_39492,124
synth_39108,124
synth_39301,124
synth_39593,124
synth_39533,124
synth_39129,124
synth_39116,124
synth_39179,124
synth_39545,124
synth_39382,124
synth_39158,124
synth_39335,124
synth_39570,124
synth_39219,124
synth_39315,124
synth_39394,124
synth_39520,124
synth_39299,124
synth_39488,124
synth_39540,124
synth_39573,124
synth_39101,124
synth_39221,124
synth_39532,124
synth_39142,124
synth_39464,124
synth_39263,124
synth_39213,124
synth_39369,124
synth_39132,124
synth_39546,124
synth_39319,124
synth_39148,124
synth_39175,124
synth_39345,124
synth_39412,124
synth_39541,124
synth_39151,124
synth_39182,124
synth_39243,124
synth_39308,124
synth_39497,124
synth_39115,124
synth_39144,124
synth_39208,124
synth_39423,124
synth_39434,124
synth_39606,124
synth_39344,124
synth_39131,124
synth_39153,124
synth_39199,124
synth_39238,124
synth_39162,124
synth_39603,124
synth_39163,124
synth_39330,124
synth_39555,124
synth_39614,124
synth_39359,124
synth_39491,124
synth_39525,124
synth_39592,124
synth_39410,124
synth_39479,124
synth_39265,124
synth_39195,124
synth_39425,124
synth_39105,124
synth_39294,124
synth_39196,124
synth_39310,124
synth_39237,124
synth_39325,124
synth_39623,124
synth_39235,124
synth_39184,124
synth_39304,124
synth_39529,124
synth_39197,124
synth_39260,124
synth_39280,124
synth_39431,124
synth_39440,124
synth_39157,124
synth_39624,124
synth_39247,124
synth_39512,124
synth_39613,124
synth_39177,124
synth_39233,124
synth_39251,124
synth_39402,124
synth_39114,124
synth_39209,124
synth_39159,124
synth_39300,124
synth_39565,124
synth_39574,124
synth_39161,124
synth_39338,124
synth_39178,124
synth_39604,124
synth_39628,124
synth_39229,124
synth_39314,124
synth_39363,124
synth_39454,124
synth_39240,124
synth_39550,124
synth_39589,124
synth_39203,124
synth_39284,124
synth_39309,124
synth_39354,124
synth_39258,124
synth_39456,124
synth_39340,124
synth_39379,124
synth_39500,124
synth_39563,124
synth_39123,124
synth_39373,124
synth_39494,124
synth_39259,124
synth_39629,124
synth_39106,124
synth_39378,124
synth_39501,124
synth_39113,124
synth_39181,124
synth_39391,124
synth_39561,124
synth_39107,124
synth_39432,124
synth_39465,124
synth_39625,124
synth_39135,124
synth_39322,124
synth_39389,124
synth_39435,124
synth_39566,124
synth_39528,124
synth_39264,124
synth_39201,124
synth_39448,124
synth_39302,124
synth_39332,124
synth_39223,124
synth_39351,124
synth_39117,124
synth_39165,124
synth_39381,124
synth_39530,124
synth_39164,124
synth_39399,124
synth_39271,124
synth_39404,124
synth_39436,124
synth_39513,124
synth_39138,124
synth_39110,124
synth_39536,124
synth_39596,124
synth_39239,124
synth_39349,124
synth_39414,124
synth_39544,124
synth_39403,124
synth_39347,124
synth_39433,124
synth_39478,124
synth_39569,124
synth_39169,124
synth_39147,124
synth_39418,124
synth_39468,124
synth_39609,124
synth_39141,124
synth_39254,124
synth_39341,124
synth_39140,124
synth_39320,124
synth_39384,124
synth_39415,124
synth_39548,124
synth_39610,124
synth_39171,124
synth_39241,124
synth_39126,124
synth_39149,124
synth_39581,124
synth_39275,124
synth_39453,124
synth_39498,124
synth_39150,124
synth_39291,124
synth_39305,124
synth_39535,124
synth_39591,124
synth_39318,124
synth_39215,124
synth_39323,124
synth_39408,124
synth_39499,124
synth_39337,124
synth_39180,124
synth_39244,124
synth_39385,124
synth_39139,124
synth_39218,124
synth_39234,124
synth_39313,124
synth_39451,124
synth_39137,124
synth_39269,124
synth_39348,124
synth_39507,124
synth_39293,124
synth_39168,124
synth_39282,124
synth_39417,124
synth_39477,124
synth_39602,124
synth_39539,124
synth_39559,124
synth_39579,124
synth_39124,124
synth_39189,124
synth_39261,124
synth_39443,124
synth_39627,124
synth_39316,124
synth_39598,124
synth_39176,124
synth_39355,124
synth_39411,124
synth_39459,124
synth_39462,124
synth_39109,124
synth_39571,124
synth_39288,124
synth_39336,124
synth_39560,124
synth_39368,124
synth_39190,124
synth_39413,124
synth_39296,124
synth_39445,124
synth_39511,124
synth_39365,124
synth_39442,124
synth_39485,124
synth_39486,124
synth_39490,124
synth_39582,124
synth_39375,124
synth_39522,124
synth_39204,124
synth_39231,124
synth_39160,124
synth_39134,124
synth_39173,124
synth_39438,124
synth_39449,124
synth_39460,124
synth_39156,124
synth_39194,124
synth_39452,124
synth_39509,124
synth_39290,124
synth_39388,124
synth_39421,124
synth_39130,124
synth_39255,124
synth_39405,124
synth_39515,124
synth_39575,124
synth_39580,124
synth_39439,124
synth_39441,124
synth_39572,124
synth_39220,124
synth_39253,124
synth_39437,124
synth_39232,124
synth_39287,124
synth_39307,124
synth_39474,124
synth_39506,124
synth_39595,124
synth_39286,124
synth_39518,124
synth_39519,124
synth_39526,124
synth_39428,124
synth_39357,124
synth_39262,124
synth_39619,124
synth_39457,124
synth_39122,124
synth_39326,124
synth_39429,124
synth_39469,124
synth_39473,124
synth_39608,124
synth_39396,124
synth_39447,124
synth_39154,124
synth_39583,124
synth_39590,124
synth_39118,124
synth_39155,124
synth_39281,124
synth_39298,124
synth_39367,124
synth_39370,124
synth_39407,124
synth_39174,124
synth_39475,124
synth_39607,124
synth_39266,124
synth_39224,124
synth_39386,124
synth_39576,124
synth_39207,124
synth_39504,124
synth_39567,124
synth_39246,124
synth_39616,124
synth_39342,124
synth_39200,124
synth_39252,124
synth_39353,124
synth_39277,124
synth_39362,124
synth_39380,124
synth_39424,124
synth_39152,124
synth_39166,124
synth_39273,124
synth_39356,124
synth_39374,124
synth_39216,124
synth_39295,124
synth_39419,124
synth_39167,124
synth_39226,124
synth_39321,124
synth_39467,124
synth_39383,124
synth_39496,124
synth_39538,124
synth_39328,124
synth_39376,124
synth_39552,124
synth_39236,124
synth_39285,124
synth_39483,124
synth_39562,124
synth_39514,124
synth_39568,124
synth_39102,124
synth_39198,124
synth_39400,124
synth_39127,124
synth_39136,124
synth_39225,124
synth_39549,124
synth_39185,124
synth_39387,124
synth_39626,124
synth_39210,124
synth_39397,124
synth_39588,124
synth_39283,124
synth_39371,124
synth_39333,124
synth_39472,124
synth_39183,124
synth_39471,124
synth_39395,124
synth_39543,124
synth_39476,124
synth_39553,124
synth_39267,124
synth_39484,124
synth_39487,124
synth_39510,124
synth_39343,124
synth_39103,124
synth_39112,124
synth_39406,124
synth_39100,124
synth_39214,124
synth_39577,124
synth_39227,124
synth_39242,124
synth_39470,124
synth_39508,124
synth_39594,124
synth_39250,124
synth_39211,124
synth_39331,124
synth_39346,124
synth_39312,124
synth_39398,124
synth_39420,124
synth_39279,124
synth_39584,124
synth_39120,124
synth_39537,124
synth_39611,124
synth_39401,124
synth_39531,124
synth_39597,124
synth_39409,124
synth_39502,124
synth_39503,124
synth_39615,124
synth_39311,124
synth_39430,124
synth_39551,124
synth_39317,124
synth_39480,124
synth_39524,124
synth_39542,124
synth_39612,124
synth_39481,124
synth_39193,124
synth_39230,124
synth_39360,124
synth_39493,124
synth_39278,124
synth_39458,124
synth_39358,124
synth_39297,124
synth_39482,124
synth_39534,124
synth_39372,124
synth_39416,124
synth_39599,124
synth_39270,124
synth_39585,124
synth_39245,124
synth_39352,124
synth_39377,124
synth_39392,124
synth_39427,124
synth_39228,124
synth_39276,124
synth_39366,124
synth_39422,124
synth_39617,124
synth_39558,124
synth_39143,124
synth_39618,124
synth_39125,124
synth_39186,124
synth_39390,124
synth_39523,124
synth_39461,124
synth_39463,124
synth_39268,124
synth_39578,124
synth_39600,124
synth_39146,124
synth_39249,124
synth_39601,124
synth_39248,124
synth_39303,124
synth_39426,124
synth_39466,124
synth_39516,124
synth_39547,124
synth_39564,124
synth_39121,124
synth_39172,124
synth_39187,124
synth_39192,124
synth_39272,124
synth_39495,124
synth_39620,124
synth_39128,124
synth_39556,124
synth_39505,124
synth_39587,124
synth_39324,124
synth_39455,124
synth_39622,124
synth_39955,123
synth_39706,123
synth_39754,123
synth_39787,123
synth_40001,123
synth_39647,123
synth_39674,123
synth_39946,123
synth_39818,123
synth_39928,123
synth_39972,123
synth_40165,123
synth_39796,123
synth_39887,123
synth_39779,123
synth_39822,123
synth_40168,123
synth_39671,123
synth_39718,123
synth_39839,123
synth_40163,123
synth_39937,123
synth_40064,123
synth_40079,123
synth_39714,123
synth_39874,123
synth_40142,123
synth_39635,123
synth_39814,123
synth_39870,123
synth_39895,123
synth_39930,123
synth_39954,123
synth_39637,123
synth_40010,123
synth_40134,123
synth_39970,123
synth_39665,123
synth_39841,123
synth_39804,123
synth_40044,123
synth_39650,123
synth_39738,123
synth_39717,123
synth_39707,123
synth_39728,123
synth_39941,123
synth_40003,123
synth_40135,123
synth_40061,123
synth_39801,123
synth_39988,123
synth_39989,123
synth_40160,123
synth_39885,123
synth_40087,123
synth_39983,123
synth_39687,123
synth_39792,123
synth_39794,123
synth_39883,123
synth_39959,123
synth_39922,123
synth_39702,123
synth_39821,123
synth_39831,123
synth_39840,123
synth_39762,123
synth_39774,123
synth_39906,123
synth_40018,123
synth_40054,123
synth_39973,123
synth_39711,123
synth_39797,123
synth_40085,123
synth_39799,123
synth_40137,123
synth_39723,123
synth_39806,123
synth_39793,123
synth_40090,123
synth_39949,123
synth_40025,123
synth_40105,123
synth_39953,123
synth_39960,123
synth_39996,123
synth_39646,123
synth_39854,123
synth_39938,123
synth_39756,123
synth_39992,123
synth_40078,123
synth_40026,123
synth_40133,123
synth_40089,123
synth_40158,123
synth_39808,123
synth_39653,123
synth_40145,123
synth_39980,123
synth_39843,123
synth_39882,123
synth_40068,123
synth_39950,123
synth_39786,123
synth_39812,123
synth_39912,123
synth_39729,123
synth_39862,123
synth_40098,123
synth_40112,123
synth_39934,123
synth_39663,123
synth_39764,123
synth_39853,123
synth_39684,123
synth_39890,123
synth_39893,123
synth_39670,123
synth_39742,123
synth_39845,123
synth_40156,123
synth_39700,123
synth_39745,123
synth_40063,123
synth_40119,123
synth_40046,123
synth_40067,123
synth_39776,123
synth_40122,123
synth_39807,123
synth_40040,123
synth_39795,123
synth_40075,123
synth_40164,123
synth_40114,123
synth_39956,123
synth_39993,123
synth_39712,123
synth_39713,123
synth_39835,123
synth_39997,123
synth_40149,123
synth_40023,123
synth_40096,123
synth_39694,123
synth_40120,123
synth_39915,123
synth_39765,123
synth_40106,123
synth_39978,123
synth_39994,123
synth_39749,123
synth_39855,123
synth_39863,123
synth_39865,123
synth_39943,123
synth_39777,123
synth_39864,123
synth_40029,123
synth_39945,123
synth_39976,123
synth_40153,123
synth_39739,123
synth_39909,123
synth_39984,123
synth_40166,123
synth_39689,123
synth_39803,123
synth_39963,123
synth_40132,123
synth_39913,123
synth_40048,123
synth_40057,123
synth_40009,123
synth_39828,123
synth_40049,123
synth_39641,123
synth_39679,123
synth_39830,123
synth_39975,123
synth_39747,123
synth_39846,123
synth_39908,123
synth_40109,123
synth_39727,123
synth_39741,123
synth_39897,123
synth_39991,123
synth_39688,123
synth_39743,123
synth_39691,123
synth_40002,123
synth_40038,123
synth_39658,123
synth_39716,123
synth_39892,123
synth_39809,123
synth_39825,123
synth_39837,123
synth_39638,123
synth_40058,123
synth_39642,123
synth_39790,123
synth_40095,123
synth_39724,123
synth_39750,123
synth_39751,123
synth_39668,123
synth_39690,123
synth_39692,123
synth_39748,123
synth_40050,123
synth_40131,123
synth_39925,123
synth_39669,123
synth_39686,123
synth_40074,123
synth_39918,123
synth_39730,123
synth_39858,123
synth_40130,123
synth_39931,123
synth_40076,123
synth_40015,123
synth_39932,123
synth_39631,123
synth_39683,123
synth_39967,123
synth_40069,123
synth_40162,123
synth_39644,123
synth_40004,123
synth_39935,123
synth_39788,123
synth_39838,123
synth_39775,123
synth_39836,123
synth_39752,123
synth_39780,123
synth_40151,123
synth_39810,123
synth_39656,123
synth_39708,123
synth_39740,123
synth_39662,123
synth_39884,123
synth_40027,123
synth_40097,123
synth_39929,123
synth_39753,123
synth_40093,123
synth_40116,123
synth_40155,123
synth_39995,123
synth_39676,123
synth_40024,123
synth_39630,123
synth_39901,123
synth_39722,123
synth_40030,123
synth_39948,123
synth_39695,123
synth_39888,123
synth_39891,123
synth_39936,123
synth_39736,123
synth_39878,123
synth_40017,123
synth_39719,123
synth_39834,123
synth_39979,123
synth_39778,123
synth_40031,123
synth_39633,123
synth_39634,123
synth_39849,123
synth_39832,123
synth_39927,123
synth_40094,123
synth_40167,123
synth_39648,123
synth_40071,123
synth_39903,123
synth_39737,123
synth_40125,123
synth_39636,123
synth_40013,123
synth_40036,123
synth_40060,123
synth_39632,123
synth_40043,123
synth_39798,123
synth_40084,123
synth_40124,123
synth_39827,123
synth_39704,123
synth_40115,123
synth_39951,123
synth_40045,123
synth_39731,123
synth_40019,123
synth_40088,123
synth_40101,123
synth_39820,123
synth_40110,123
synth_40144,123
synth_39933,123
synth_39866,123
synth_39917,123
synth_40066,123
synth_40080,123
synth_40148,123
synth_39643,123
synth_39697,123
synth_39851,123
synth_39732,123
synth_39783,123
synth_40039,123
synth_39699,123
synth_39902,123
synth_40006,123
synth_40129,123
synth_40108,123
synth_40128,123
synth_39789,123
synth_39823,123
synth_39900,123
synth_39678,123
synth_39844,123
synth_39968,123
synth_39856,123
synth_39881,123
synth_39829,123
synth_40139,123
synth_39861,123
synth_40035,123
synth_39824,123
synth_39923,123
synth_40055,123
synth_40169,123
synth_39733,123
synth_39850,123
synth_39939,123
synth_39904,123
synth_39940,123
synth_40065,123
synth_39859,123
synth_39693,123
synth_39744,123
synth_39942,123
synth_40062,123
synth_39802,123
synth_39965,123
synth_39987,123
synth_39771,123
synth_39772,123
synth_40034,123
synth_40127,123
synth_39826,123
synth_40099,123
synth_40051,123
synth_39811,123
synth_39966,123
synth_39705,123
synth_39773,123
synth_40117,123
synth_40159,123
synth_40100,123
synth_39800,123
synth_39746,123
synth_40021,123
synth_40073,123
synth_39905,123
synth_39916,123
synth_39666,123
synth_39696,123
synth_40008,123
synth_40102,123
synth_39974,123
synth_39876,123
synth_39869,123
synth_39868,123
synth_39958,123
synth_40041,123
synth_39710,123
synth_39842,123
synth_40011,123
synth_39782,123
synth_39759,123
synth_39971,123
synth_39715,123
synth_40072,123
synth_39654,123
synth_39767,123
synth_39652,123
synth_39682,123
synth_39926,123
synth_39985,123
synth_39817,123
synth_39651,123
synth_39660,123
synth_39889,123
synth_39952,123
synth_39659,123
synth_39734,123
synth_39766,123
synth_39784,123
synth_39919,123
synth_40104,123
synth_40126,123
synth_39701,123
synth_39726,123
synth_39768,123
synth_39815,123
synth_39657,123
synth_39860,123
synth_39957,123
synth_40022,123
synth_40086,123
synth_39664,123
synth_39805,123
synth_40012,123
synth_39907,123
synth_39681,123
synth_39781,123
synth_39877,123
synth_40042,123
synth_40028,123
synth_40150,123
synth_39680,123
synth_40070,123
synth_39879,123
synth_39645,123
synth_39725,123
synth_39852,123
synth_39873,123
synth_40103,123
synth_39813,123
synth_39833,123
synth_39982,123
synth_39677,123
synth_39760,123
synth_39944,123
synth_40157,123
synth_39857,123
synth_40032,123
synth_40146,123
synth_39672,123
synth_39673,123
synth_40033,123
synth_39769,123
synth_39899,123
synth_39761,123
synth_40007,123
synth_40118,123
synth_40147,123
synth_39770,123
synth_39910,123
synth_39640,123
synth_39703,123
synth_39872,123
synth_40121,123
synth_39720,123
synth_40091,123
synth_39785,123
synth_40016,123
synth_39667,123
synth_40005,123
synth_39921,123
synth_39981,123
synth_40037,123
synth_40111,123
synth_40123,123
synth_40141,123
synth_39962,123
synth_39964,123
synth_39655,123
synth_39685,123
synth_40152,123
synth_39920,123
synth_39986,123
synth_40077,123
synth_40020,123
synth_39998,123
synth_39639,123
synth_39880,123
synth_40082,123
synth_39947,123
synth_40083,123
synth_40154,123
synth_40059,123
synth_39847,123
synth_40014,123
synth_40056,123
synth_39735,123
synth_39758,123
synth_40092,123
synth_39911,123
synth_39914,123
synth_39871,123
synth_40000,123
synth_40140,123
synth_40161,123
synth_39698,123
synth_40052,123
synth_40113,123
synth_39990,123
synth_39675,123
synth_39709,123
synth_39961,123
synth_39755,123
synth_39791,123
synth_39999,123
synth_39649,123
synth_39819,123
synth_39898,123
synth_40138,123
synth_39763,123
synth_39816,123
synth_40053,123
synth_39969,123
synth_39977,123
synth_40136,123
synth_39867,123
synth_39924,123
synth_39721,123
synth_40047,123
synth_39875,123
synth_39757,123
synth_40081,123
synth_40143,123
synth_39848,123
synth_39896,123
synth_40107,123
synth_39661,123
synth_39886,123
synth_39894,123
synth_40315,122
synth_40329,122
synth_40620,122
synth_40281,122
synth_40310,122
synth_40321,122
synth_40334,122
synth_40682,122
synth_40378,122
synth_40532,122
synth_40322,122
synth_40348,122
synth_40671,122
synth_40435,122
synth_40446,122
synth_40500,122
synth_40506,122
synth_40540,122
synth_40544,122
synth_40187,122
synth_40210,122
synth_40225,122
synth_40244,122
synth_40245,122
synth_40314,122
synth_40470,122
synth_40395,122
synth_40469,122
synth_40523,122
synth_40331,122
synth_40436,122
synth_40617,122
synth_40654,122
synth_40227,122
synth_40407,122
synth_40461,122
synth_40549,122
synth_40525,122
synth_40582,122
synth_40497,122
synth_40600,122
synth_40259,122
synth_40242,122
synth_40427,122
synth_40495,122
synth_40503,122
synth_40616,122
synth_40223,122
synth_40558,122
synth_40483,122
synth_40721,122
synth_40182,122
synth_40251,122
synth_40267,122
synth_40263,122
synth_40637,122
synth_40644,122
synth_40283,122
synth_40335,122
synth_40601,122
synth_40679,122
synth_40694,122
synth_40714,122
synth_40350,122
synth_40358,122
synth_40418,122
synth_40458,122
synth_40272,122
synth_40353,122
synth_40376,122
synth_40193,122
synth_40299,122
synth_40393,122
synth_40652,122
synth_40562,122
synth_40248,122
synth_40368,122
synth_40369,122
synth_40533,122
synth_40536,122
synth_40596,122
synth_40618,122
synth_40646,122
synth_40710,122
synth_40706,122
synth_40303,122
synth_40504,122
synth_40291,122
synth_40344,122
synth_40474,122
synth_40176,122
synth_40387,122
synth_40586,122
synth_40590,122
synth_40704,122
synth_40713,122
synth_40318,122
synth_40524,122
synth_40411,122
synth_40482,122
synth_40659,122
synth_40548,122
synth_40711,122
synth_40201,122
synth_40215,122
synth_40295,122
synth_40343,122
synth_40595,122
synth_40691,122
synth_40305,122
synth_40624,122
synth_40285,122
synth_40686,122
synth_40326,122
synth_40403,122
synth_40507,122
synth_40330,122
synth_40703,122
synth_40362,122
synth_40382,122
synth_40384,122
synth_40397,122
synth_40280,122
synth_40338,122
synth_40198,122
synth_40349,122
synth_40394,122
synth_40396,122
synth_40449,122
synth_40635,122
synth_40207,122
synth_40250,122
synth_40386,122
synth_40468,122
synth_40693,122
synth_40185,122
synth_40235,122
synth_40598,122
synth_40608,122
synth_40340,122
synth_40520,122
synth_40197,122
synth_40499,122
synth_40501,122
synth_40655,122
synth_40636,122
synth_40428,122
synth_40626,122
synth_40707,122
synth_40224,122
synth_40509,122
synth_40361,122
synth_40656,122
synth_40669,122
synth_40466,122
synth_40545,122
synth_40720,122
synth_40247,122
synth_40687,122
synth_40208,122
synth_40255,122
synth_40664,122
synth_40239,122
synth_40180,122
synth_40389,122
synth_40423,122
synth_40464,122
synth_40473,122
synth_40567,122
synth_40676,122
synth_40312,122
synth_40320,122
synth_40420,122
synth_40667,122
synth_40192,122
synth_40402,122
synth_40465,122
synth_40445,122
synth_40342,122
synth_40442,122
synth_40467,122
synth_40262,122
synth_40640,122
synth_40217,122
synth_40367,122
synth_40692,122
synth_40588,122
synth_40607,122
synth_40634,122
synth_40363,122
synth_40660,122
synth_40684,122
synth_40253,122
synth_40437,122
synth_40216,122
synth_40241,122
synth_40417,122
synth_40179,122
synth_40188,122
synth_40364,122
synth_40444,122
synth_40258,122
synth_40702,122
synth_40234,122
synth_40252,122
synth_40447,122
synth_40583,122
synth_40211,122
synth_40425,122
synth_40625,122
synth_40209,122
synth_40717,122
synth_40332,122
synth_40385,122
synth_40206,122
synth_40237,122
synth_40256,122
synth_40337,122
synth_40374,122
synth_40486,122
synth_40493,122
synth_40565,122
synth_40357,122
synth_40603,122
synth_40666,122
synth_40230,122
synth_40675,122
synth_40475,122
synth_40609,122
synth_40496,122
synth_40611,122
synth_40354,122
synth_40170,122
synth_40214,122
synth_40304,122
synth_40510,122
synth_40542,122
synth_40543,122
synth_40339,122
synth_40643,122
synth_40519,122
synth_40172,122
synth_40274,122
synth_40559,122
synth_40613,122
synth_40221,122
synth_40406,122
synth_40190,122
synth_40174,122
synth_40480,122
synth_40508,122
synth_40426,122
synth_40429,122
synth_40560,122
synth_40632,122
synth_40333,122
synth_40440,122
synth_40443,122
synth_40463,122
synth_40432,122
synth_40460,122
synth_40592,122
synth_40597,122
synth_40658,122
synth_40673,122
synth_40268,122
synth_40623,122
synth_40232,122
synth_40293,122
synth_40570,122
synth_40629,122
synth_40696,122
synth_40175,122
synth_40323,122
synth_40492,122
synth_40359,122
synth_40441,122
synth_40511,122
synth_40547,122
synth_40196,122
synth_40276,122
synth_40681,122
synth_40301,122
synth_40494,122
synth_40610,122
synth_40404,122
synth_40433,122
synth_40522,122
synth_40642,122
synth_40405,122
synth_40457,122
synth_40591,122
synth_40699,122
synth_40716,122
synth_40240,122
synth_40563,122
synth_40526,122
synth_40351,122
synth_40515,122
synth_40177,122
synth_40408,122
synth_40612,122
synth_40479,122
synth_40401,122
synth_40453,122
synth_40708,122
synth_40712,122
synth_40231,122
synth_40672,122
synth_40698,122
synth_40271,122
synth_40557,122
synth_40243,122
synth_40226,122
synth_40345,122
synth_40488,122
synth_40599,122
synth_40650,122
synth_40661,122
synth_40194,122
synth_40685,122
synth_40398,122
synth_40419,122
synth_40573,122
synth_40668,122
synth_40275,122
synth_40551,122
synth_40678,122
synth_40309,122
synth_40375,122
synth_40246,122
synth_40415,122
synth_40715,122
synth_40719,122
synth_40365,122
synth_40422,122
synth_40505,122
synth_40677,122
synth_40181,122
synth_40534,122
synth_40581,122
synth_40585,122
synth_40286,122
synth_40561,122
synth_40718,122
synth_40261,122
synth_40270,122
synth_40388,122
synth_40324,122
synth_40409,122
synth_40574,122
synth_40697,122
synth_40307,122
synth_40414,122
synth_40554,122
synth_40593,122
synth_40621,122
synth_40701,122
synth_40233,122
synth_40410,122
synth_40184,122
synth_40218,122
synth_40254,122
synth_40605,122
synth_40670,122
synth_40317,122
synth_40452,122
synth_40371,122
synth_40587,122
synth_40476,122
synth_40550,122
synth_40189,122
synth_40627,122
synth_40639,122
synth_40424,122
synth_40566,122
synth_40383,122
synth_40205,122
synth_40327,122
synth_40341,122
synth_40688,122
synth_40662,122
synth_40302,122
synth_40346,122
synth_40552,122
synth_40296,122
synth_40674,122
synth_40529,122
synth_40311,122
synth_40412,122
synth_40462,122
synth_40579,122
synth_40657,122
synth_40298,122
synth_40220,122
synth_40381,122
synth_40421,122
synth_40491,122
synth_40502,122
synth_40594,122
synth_40606,122
synth_40628,122
synth_40454,122
synth_40541,122
synth_40355,122
synth_40431,122
synth_40478,122
synth_40484,122
synth_40521,122
synth_40577,122
synth_40517,122
synth_40292,122
synth_40183,122
synth_40308,122
synth_40471,122
synth_40264,122
synth_40289,122
synth_40347,122
synth_40399,122
synth_40472,122
synth_40487,122
synth_40631,122
synth_40516,122
synth_40273,122
synth_40290,122
synth_40372,122
synth_40391,122
synth_40413,122
synth_40279,122
synth_40288,122
synth_40416,122
synth_40438,122
synth_40630,122
synth_40663,122
synth_40665,122
synth_40212,122
synth_40352,122
synth_40456,122
synth_40313,122
synth_40319,122
synth_40513,122
synth_40535,122
synth_40439,122
synth_40680,122
synth_40451,122
synth_40530,122
synth_40722,122
synth_40173,122
synth_40257,122
synth_40578,122
synth_40641,122
synth_40282,122
synth_40434,122
synth_40546,122
synth_40645,122
synth_40619,122
synth_40539,122
synth_40370,122
synth_40683,122
synth_40705,122
synth_40249,122
synth_40572,122
synth_40584,122
synth_40651,122
synth_40266,122
synth_40284,122
synth_40392,122
synth_40236,122
synth_40575,122
synth_40366,122
synth_40564,122
synth_40569,122
synth_40647,122
synth_40709,122
synth_40531,122
synth_40538,122
synth_40576,122
synth_40615,122
synth_40448,122
synth_40649,122
synth_40178,122
synth_40238,122
synth_40316,122
synth_40477,122
synth_40199,122
synth_40202,122
synth_40622,122
synth_40278,122
synth_40213,122
synth_40260,122
synth_40328,122
synth_40450,122
synth_40589,122
synth_40518,122
synth_40700,122
synth_40356,122
synth_40514,122
synth_40568,122
synth_40571,122
synth_40222,122
synth_40498,122
synth_40580,122
synth_40638,122
synth_40689,122
synth_40203,122
synth_40377,122
synth_40379,122
synth_40602,122
synth_40297,122
synth_40229,122
synth_40459,122
synth_40695,122
synth_40604,122
synth_40380,122
synth_40490,122
synth_40287,122
synth_40528,122
synth_40300,122
synth_40485,122
synth_40553,122
synth_40219,122
synth_40306,122
synth_40400,122
synth_40195,122
synth_40294,122
synth_40325,122
synth_40512,122
synth_40614,122
synth_40200,122
synth_40228,122
synth_40171,122
synth_40390,122
synth_40648,122
synth_40265,122
synth_40336,122
synth_40653,122
synth_40269,122
synth_40690,122
synth_40481,122
synth_40489,122
synth_40277,122
synth_40191,122
synth_40186,122
synth_40430,122
synth_40537,122
synth_40527,122
synth_40204,122
synth_40633,122
synth_40360,122
synth_40455,122
synth_40373,122
synth_40555,122
synth_40556,122
synth_41004,121
synth_41200,121
synth_40883,121
synth_40961,121
synth_41033,121
synth_40806,121
synth_40836,121
synth_41199,121
synth_41223,121
synth_40906,121
synth_41012,121
synth_41269,121
synth_40748,121
synth_40882,121
synth_40967,121
synth_41140,121
synth_40760,121
synth_40950,121
synth_41079,121
synth_40925,121
synth_40955,121
synth_40973,121
synth_41048,121
synth_40788,121
synth_40828,121
synth_40850,121
synth_41116,121
synth_41093,121
synth_41284,121
synth_40915,121
synth_40888,121
synth_40894,121
synth_40839,121
synth_41282,121
synth_40910,121
synth_40939,121
synth_41113,121
synth_40763,121
synth_40775,121
synth_40884,121
synth_40913,121
synth_40815,121
synth_40902,121
synth_41100,121
synth_40985,121
synth_41092,121
synth_41081,121
synth_41087,121
synth_41151,121
synth_41266,121
synth_41026,121
synth_41120,121
synth_40724,121
synth_41060,121
synth_41276,121
synth_40940,121
synth_41061,121
synth_41070,121
synth_41279,121
synth_41222,121
synth_41274,121
synth_41001,121
synth_41193,121
synth_41275,121
synth_40816,121
synth_40938,121
synth_41069,121
synth_41202,121
synth_41228,121
synth_41098,121
synth_41127,121
synth_41184,121
synth_40787,121
synth_41194,121
synth_41252,121
synth_40917,121
synth_40751,121
synth_40758,121
synth_41058,121
synth_40857,121
synth_40963,121
synth_41046,121
synth_41080,121
synth_41143,121
synth_40981,121
synth_41006,121
synth_40947,121
synth_41162,121
synth_41011,121
synth_41038,121
synth_41096,121
synth_40745,121
synth_40831,121
synth_40841,121
synth_40931,121
synth_41133,121
synth_41148,121
synth_41164,121
synth_40899,121
synth_41035,121
synth_41089,121
synth_41207,121
synth_40838,121
synth_40845,121
synth_41074,121
synth_41117,121
synth_41158,121
synth_41185,121
synth_41206,121
synth_40768,121
synth_41236,121
synth_40907,121
synth_40782,121
synth_41134,121
synth_41226,121
synth_41239,121
synth_41251,121
synth_41041,121
synth_41156,121
synth_41187,121
synth_41205,121
synth_40740,121
synth_40873,121
synth_41124,121
synth_40765,121
synth_40934,121
synth_41183,121
synth_41020,121
synth_40843,121
synth_41225,121
synth_40761,121
synth_40827,121
synth_41170,121
synth_40919,121
synth_40738,121
synth_40807,121
synth_40848,121
synth_40926,121
synth_40935,121
synth_40954,121
synth_40849,121
synth_41235,121
synth_41034,121
synth_40750,121
synth_40784,121
synth_40956,121
synth_41281,121
synth_41287,121
synth_41101,121
synth_41161,121
synth_41176,121
synth_40793,121
synth_41234,121
synth_41135,121
synth_40772,121
synth_40792,121
synth_40814,121
synth_40886,121
synth_40754,121
synth_40895,121
synth_41242,121
synth_41244,121
synth_40864,121
synth_40928,121
synth_41086,121
synth_41197,121
synth_41208,121
synth_40742,121
synth_40993,121
synth_41268,121
synth_40801,121
synth_40859,121
synth_41112,121
synth_40872,121
synth_41040,121
synth_41165,121
synth_41180,121
synth_40731,121
synth_40818,121
synth_41118,121
synth_41163,121
synth_40805,121
synth_40869,121
synth_41002,121
synth_41059,121
synth_41136,121
synth_40892,121
synth_40810,121
synth_41175,121
synth_40795,121
synth_40820,121
synth_41097,121
synth_41108,121
synth_40798,121
synth_40887,121
synth_41003,121
synth_41018,121
synth_41095,121
synth_40904,121
synth_40757,121
synth_40813,121
synth_41008,121
synth_41029,121
synth_41044,121
synth_40896,121
synth_41141,121
synth_41013,121
synth_40767,121
synth_41103,121
synth_40803,121
synth_40739,121
synth_41073,121
synth_41271,121
synth_40726,121
synth_40770,121
synth_41102,121
synth_41188,121
synth_40785,121
synth_40972,121
synth_41007,121
synth_41106,121
synth_41128,121
synth_41166,121
synth_40958,121
synth_41090,121
synth_40737,121
synth_40824,121
synth_40970,121
synth_40743,121
synth_40812,121
synth_40833,121
synth_40854,121
synth_41049,121
synth_40776,121
synth_41000,121
synth_41178,121
synth_41265,121
synth_40809,121
synth_41182,121
synth_41203,121
synth_41010,121
synth_41031,121
synth_40733,121
synth_40766,121
synth_41154,121
synth_41258,121
synth_41042,121
synth_41257,121
synth_41032,121
synth_40937,121
synth_41250,121
synth_40908,121
synth_40844,121
synth_41137,121
synth_40964,121
synth_41241,121
synth_40890,121
synth_40832,121
synth_40877,121
synth_40893,121
synth_40965,121
synth_41216,121
synth_40866,121
synth_40992,121
synth_41077,121
synth_41283,121
synth_40847,121
synth_40861,121
synth_40957,121
synth_40962,121
synth_40749,121
synth_40871,121
synth_40976,121
synth_41149,121
synth_40865,121
synth_41247,121
synth_40779,121
synth_40835,121
synth_41138,121
synth_40932,121
synth_40790,121
synth_40867,121
synth_40951,121
synth_40914,121
synth_40936,121
synth_41132,121
synth_41181,121
synth_41210,121
synth_40804,121
synth_40851,121
synth_40897,121
synth_40933,121
synth_40983,121
synth_40746,121
synth_40846,121
synth_41192,121
synth_40830,121
synth_41111,121
synth_41177,121
synth_41270,121
synth_40944,121
synth_41064,121
synth_40863,121
synth_40978,121
synth_41071,121
synth_41201,121
synth_41024,121
synth_40725,121
synth_41015,121
synth_41053,121
synth_41129,121
synth_41152,121
synth_41209,121
synth_41240,121
synth_40885,121
synth_40969,121
synth_40977,121
synth_40995,121
synth_41028,121
synth_41160,121
synth_40862,121
synth_41036,121
synth_40744,121
synth_40794,121
synth_40829,121
synth_40986,121
synth_41119,121
synth_40723,121
synth_41110,121
synth_40783,121
synth_41045,121
synth_41169,121
synth_41174,121
synth_40876,121
synth_40974,121
synth_41037,121
synth_41221,121
synth_41171,121
synth_40878,121
synth_41063,121
synth_40802,121
synth_40858,121
synth_40930,121
synth_41019,121
synth_41145,121
synth_41230,121
synth_41238,121
synth_41246,121
synth_40800,121
synth_41220,121
synth_41261,121
synth_40797,121
synth_40949,121
synth_41065,121
synth_40777,121
synth_40982,121
synth_41122,121
synth_40730,121
synth_40755,121
synth_40773,121
synth_40911,121
synth_40971,121
synth_40817,121
synth_40822,121
synth_40870,121
synth_40874,121
synth_40990,121
synth_41267,121
synth_40729,121
synth_40856,121
synth_40912,121
synth_40796,121
synth_40880,121
synth_41277,121
synth_41278,121
synth_41082,121
synth_41144,121
synth_41167,121
synth_41173,121
synth_40808,121
synth_41139,121
synth_41227,121
synth_40728,121
synth_40853,121
synth_40879,121
synth_40997,121
synth_41099,121
synth_41243,121
synth_40842,121
synth_40852,121
synth_40948,121
synth_40998,121
synth_41150,121
synth_40819,121
synth_40941,121
synth_41190,121
synth_40924,121
synth_41121,121
synth_40900,121
synth_40923,121
synth_41280,121
synth_40875,121
synth_40922,121
synth_41017,121
synth_41083,121
synth_41085,121
synth_41094,121
synth_41114,121
synth_40988,121
synth_41204,121
synth_40889,121
synth_41107,121
synth_40789,121
synth_41131,121
synth_41014,121
synth_40898,121
synth_41054,121
synth_40980,121
synth_41072,121
synth_41260,121
synth_40732,121
synth_40747,121
synth_40921,121
synth_40959,121
synth_41232,121
synth_40918,121
synth_40727,121
synth_40752,121
synth_40811,121
synth_40927,121
synth_41062,121
synth_40837,121
synth_41105,121
synth_40762,121
synth_40929,121
synth_41055,121
synth_41068,121
synth_41224,121
synth_41253,121
synth_41259,121
synth_41273,121
synth_41023,121
synth_41123,121
synth_41272,121
synth_40778,121
synth_40966,121
synth_41022,121
synth_40868,121
synth_41057,121
synth_41195,121
synth_41245,121
synth_40920,121
synth_40994,121
synth_41263,121
synth_40780,121
synth_41039,121
synth_41153,121
synth_40821,121
synth_41109,121
synth_40905,121
synth_40735,121
synth_40968,121
synth_41021,121
synth_41142,121
synth_41215,121
synth_41248,121
synth_41254,121
synth_40791,121
synth_40952,121
synth_41198,121
synth_40736,121
synth_40771,121
synth_40786,121
synth_40840,121
synth_40860,121
synth_40891,121
synth_41104,121
synth_41168,121
synth_41211,121
synth_40945,121
synth_40996,121
synth_41146,121
synth_41229,121
synth_41051,121
synth_41157,121
synth_41256,121
synth_41052,121
synth_41179,121
synth_40975,121
synth_40989,121
synth_41050,121
synth_41231,121
synth_40991,121
synth_41088,121
synth_41159,121
synth_40781,121
synth_40764,121
synth_41155,121
synth_41196,121
synth_40756,121
synth_40881,121
synth_40987,121
synth_41076,121
synth_41219,121
synth_41286,121
synth_40734,121
synth_40953,121
synth_41264,121
synth_40834,121
synth_40943,121
synth_41091,121
synth_41218,121
synth_40759,121
synth_41147,121
synth_41217,121
synth_40825,121
synth_41027,121
synth_41047,121
synth_40741,121
synth_41130,121
synth_41262,121
synth_41285,121
synth_40916,121
synth_40769,121
synth_41016,121
synth_41126,121
synth_41249,121
synth_40774,121
synth_40901,121
synth_40942,121
synth_40999,121
synth_41212,121
synth_41213,121
synth_41030,121
synth_41084,121
synth_40799,121
synth_40823,121
synth_40979,121
synth_40826,121
synth_41043,121
synth_41078,121
synth_40960,121
synth_40984,121
synth_41172,121
synth_41025,121
synth_41115,121
synth_41237,121
synth_41125,121
synth_41189,121
synth_41191,121
synth_40946,121
synth_41009,121
synth_41255,121
synth_41056,121
synth_41066,121
synth_41067,121
synth_41075,121
synth_41186,121
synth_40753,121
synth_40855,121
synth_41005,121
synth_41214,121
synth_41233,121
synth_40903,121
synth_40909,121
synth_41309,120
synth_41324,120
synth_41362,120
synth_41746,120
synth_41493,120
synth_41844,120
synth_41317,120
synth_41491,120
synth_41460,120
synth_41502,120
synth_41663,120
synth_41773,120
synth_41408,120
synth_41620,120
synth_41799,120
synth_41400,120
synth_41522,120
synth_41427,120
synth_41549,120
synth_41604,120
synth_41380,120
synth_41598,120
synth_41699,120
synth_41755,120
synth_41314,120
synth_41469,120
synth_41701,120
synth_41737,120
synth_41768,120
synth_41610,120
synth_41447,120
synth_41723,120
synth_41758,120
synth_41326,120
synth_41340,120
synth_41472,120
synth_41570,120
synth_41809,120
synth_41470,120
synth_41702,120
synth_41363,120
synth_41446,120
synth_41456,120
synth_41423,120
synth_41676,120
synth_41727,120
synth_41735,120
synth_41738,120
synth_41486,120
synth_41553,120
synth_41763,120
synth_41329,120
synth_41519,120
synth_41829,120
synth_41826,120
synth_41607,120
synth_41732,120
synth_41823,120
synth_41291,120
synth_41414,120
synth_41837,120
synth_41292,120
synth_41483,120
synth_41605,120
synth_41734,120
synth_41798,120
synth_41685,120
synth_41360,120
synth_41557,120
synth_41325,120
synth_41306,120
synth_41484,120
synth_41576,120
synth_41635,120
synth_41855,120
synth_41416,120
synth_41807,120
synth_41834,120
synth_41448,120
synth_41574,120
synth_41458,120
synth_41824,120
synth_41289,120
synth_41367,120
synth_41731,120
synth_41651,120
synth_41494,120
synth_41619,120
synth_41783,120
synth_41421,120
synth_41561,120
synth_41762,120
synth_41538,120
synth_41674,120
synth_41417,120
synth_41457,120
synth_41696,120
synth_41752,120
synth_41861,120
synth_41535,120
synth_41780,120
synth_41514,120
synth_41601,120
synth_41398,120
synth_41689,120
synth_41792,120
synth_41372,120
synth_41821,120
synth_41775,120
synth_41342,120
synth_41507,120
synth_41634,120
synth_41736,120
synth_41833,120
synth_41503,120
synth_41327,120
synth_41508,120
synth_41516,120
synth_41303,120
synth_41463,120
synth_41778,120
synth_41779,120
synth_41293,120
synth_41361,120
synth_41370,120
synth_41464,120
synth_41759,120
synth_41495,120
synth_41532,120
synth_41633,120
synth_41679,120
synth_41681,120
synth_41793,120
synth_41814,120
synth_41815,120
synth_41521,120
synth_41770,120
synth_41375,120
synth_41564,120
synth_41672,120
synth_41407,120
synth_41523,120
synth_41563,120
synth_41471,120
synth_41669,120
synth_41816,120
synth_41599,120
synth_41629,120
synth_41747,120
synth_41822,120
synth_41795,120
synth_41341,120
synth_41501,120
synth_41603,120
synth_41335,120
synth_41355,120
synth_41665,120
synth_41351,120
synth_41435,120
synth_41530,120
synth_41630,120
synth_41850,120
synth_41308,120
synth_41527,120
synth_41650,120
synth_41845,120
synth_41854,120
synth_41606,120
synth_41323,120
synth_41551,120
synth_41636,120
synth_41612,120
synth_41675,120
synth_41307,120
synth_41313,120
synth_41597,120
synth_41756,120
synth_41653,120
synth_41336,120
synth_41587,120
synth_41376,120
synth_41579,120
synth_41806,120
synth_41863,120
synth_41333,120
synth_41450,120
synth_41546,120
synth_41566,120
synth_41712,120
synth_41641,120
synth_41687,120
synth_41827,120
synth_41311,120
synth_41312,120
synth_41412,120
synth_41558,120
synth_41624,120
synth_41628,120
synth_41841,120
synth_41395,120
synth_41420,120
synth_41588,120
synth_41646,120
synth_41710,120
synth_41858,120
synth_41298,120
synth_41394,120
synth_41813,120
synth_41406,120
synth_41402,120
synth_41543,120
synth_41655,120
synth_41692,120
synth_41853,120
synth_41661,120
synth_41656,120
synth_41830,120
synth_41377,120
synth_41454,120
synth_41718,120
synth_41753,120
synth_41548,120
synth_41754,120
synth_41331,120
synth_41565,120
synth_41578,120
synth_41638,120
synth_41810,120
synth_41819,120
synth_41707,120
synth_41728,120
synth_41580,120
synth_41678,120
synth_41584,120
synth_41540,120
synth_41358,120
synth_41410,120
synth_41616,120
synth_41739,120
synth_41652,120
synth_41593,120
synth_41683,120
synth_41555,120
synth_41640,120
synth_41590,120
synth_41334,120
synth_41852,120
synth_41518,120
synth_41644,120
synth_41319,120
synth_41433,120
synth_41537,120
synth_41847,120
synth_41467,120
synth_41611,120
synth_41304,120
synth_41365,120
synth_41475,120
synth_41694,120
synth_41545,120
synth_41550,120
synth_41658,120
synth_41839,120
synth_41396,120
synth_41569,120
synth_41296,120
synth_41350,120
synth_41627,120
synth_41811,120
synth_41479,120
synth_41556,120
synth_41765,120
synth_41288,120
synth_41373,120
synth_41415,120
synth_41439,120
synth_41452,120
synth_41359,120
synth_41688,120
synth_41851,120
synth_41429,120
synth_41643,120
synth_41352,120
synth_41404,120
synth_41478,120
synth_41618,120
synth_41338,120
synth_41686,120
synth_41511,120
synth_41660,120
synth_41626,120
synth_41581,120
synth_41366,120
synth_41500,120
synth_41353,120
synth_41525,120
synth_41691,120
synth_41480,120
synth_41506,120
synth_41698,120
synth_41700,120
synth_41800,120
synth_41662,120
synth_41310,120
synth_41528,120
synth_41720,120
synth_41384,120
synth_41449,120
synth_41498,120
synth_41860,120
synth_41337,120
synth_41784,120
synth_41389,120
synth_41589,120
synth_41750,120
synth_41536,120
synth_41642,120
synth_41399,120
synth_41805,120
synth_41771,120
synth_41426,120
synth_41444,120
synth_41560,120
synth_41648,120
synth_41741,120
synth_41818,120
synth_41600,120
synth_41790,120
synth_41487,120
synth_41677,120
synth_41794,120
synth_41617,120
synth_41820,120
synth_41602,120
synth_41297,120
synth_41316,120
synth_41615,120
synth_41838,120
synth_41391,120
synth_41497,120
synth_41533,120
synth_41562,120
synth_41595,120
synth_41614,120
synth_41772,120
synth_41488,120
synth_41568,120
synth_41704,120
synth_41725,120
synth_41356,120
synth_41382,120
synth_41623,120
synth_41639,120
synth_41828,120
synth_41786,120
synth_41302,120
synth_41374,120
synth_41667,120
synth_41742,120
synth_41513,120
synth_41442,120
synth_41631,120
synth_41812,120
synth_41465,120
synth_41349,120
synth_41424,120
synth_41492,120
synth_41594,120
synth_41745,120
synth_41441,120
synth_41388,120
synth_41572,120
synth_41716,120
synth_41445,120
synth_41596,120
synth_41645,120
synth_41846,120
synth_41397,120
synth_41547,120
synth_41476,120
synth_41625,120
synth_41744,120
synth_41749,120
synth_41859,120
synth_41835,120
synth_41413,120
synth_41477,120
synth_41609,120
synth_41788,120
synth_41693,120
synth_41436,120
synth_41451,120
synth_41473,120
synth_41520,120
synth_41582,120
synth_41364,120
synth_41703,120
synth_41708,120
synth_41751,120
synth_41481,120
synth_41348,120
synth_41632,120
synth_41637,120
synth_41733,120
synth_41797,120
synth_41680,120
synth_41295,120
synth_41347,120
synth_41379,120
synth_41453,120
synth_41534,120
synth_41539,120
synth_41541,120
synth_41673,120
synth_41392,120
synth_41321,120
synth_41592,120
synth_41726,120
synth_41791,120
synth_41299,120
synth_41369,120
synth_41386,120
synth_41843,120
synth_41345,120
synth_41706,120
synth_41832,120
synth_41785,120
synth_41346,120
synth_41438,120
synth_41474,120
synth_41831,120
synth_41490,120
synth_41504,120
synth_41300,120
synth_41668,120
synth_41724,120
synth_41748,120
synth_41796,120
synth_41509,120
synth_41804,120
synth_41315,120
synth_41621,120
synth_41777,120
synth_41802,120
synth_41301,120
synth_41567,120
synth_41512,120
synth_41332,120
synth_41531,120
synth_41649,120
synth_41684,120
synth_41428,120
synth_41455,120
synth_41803,120
synth_41664,120
synth_41381,120
synth_41425,120
synth_41848,120
synth_41357,120
synth_41489,120
synth_41715,120
synth_41721,120
synth_41789,120
synth_41390,120
synth_41817,120
synth_41654,120
synth_41526,120
synth_41411,120
synth_41554,120
synth_41647,120
synth_41717,120
synth_41757,120
synth_41583,120
synth_41585,120
synth_41378,120
synth_41542,120
synth_41695,120
synth_41713,120
synth_41613,120
synth_41383,120
synth_41468,120
synth_41586,120
synth_41729,120
synth_41781,120
synth_41401,120
synth_41776,120
synth_41328,120
synth_41344,120
synth_41419,120
synth_41670,120
synth_41787,120
synth_41418,120
synth_41709,120
synth_41766,120
synth_41842,120
synth_41856,120
synth_41354,120
synth_41690,120
synth_41517,120
synth_41339,120
synth_41529,120
synth_41671,120
synth_41496,120
synth_41552,120
synth_41622,120
synth_41722,120
synth_41499,120
synth_41608,120
synth_41719,120
synth_41836,120
synth_41368,120
synth_41559,120
synth_41825,120
synth_41305,120
synth_41573,120
synth_41769,120
synth_41459,120
synth_41711,120
synth_41808,120
synth_41505,120
synth_41705,120
synth_41760,120
synth_41862,120
synth_41462,120
synth_41322,120
synth_41666,120
synth_41782,120
synth_41443,120
synth_41485,120
synth_41840,120
synth_41857,120
synth_41294,120
synth_41393,120
synth_41422,120
synth_41430,120
synth_41409,120
synth_41659,120
synth_41403,120
synth_41697,120
synth_41801,120
synth_41510,120
synth_41774,120
synth_41318,120
synth_41431,120
synth_41591,120
synth_41730,120
synth_41740,120
synth_41515,120
synth_41387,120
synth_41764,120
synth_41461,120
synth_41320,120
synth_41434,120
synth_41767,120
synth_41385,120
synth_41437,120
synth_41761,120
synth_41290,120
synth_41577,120
synth_41864,120
synth_41343,120
synth_41524,120
synth_41571,120
synth_41330,120
synth_41371,120
synth_41405,120
synth_41482,120
synth_41544,120
synth_41714,120
synth_41466,120
synth_41575,120
synth_41682,120
synth_41743,120
synth_41440,120
synth_41432,120
synth_41849,120
synth_41657,120
synth_41873,119
synth_42097,119
synth_42156,119
synth_42247,119
synth_42439,119
synth_41902,119
synth_41944,119
synth_42128,119
synth_42341,119
synth_42407,119
synth_41940,119
synth_42100,119
synth_42357,119
synth_42217,119
synth_42231,119
synth_42432,119
synth_42024,119
synth_41959,119
synth_42286,119
synth_42437,119
synth_42013,119
synth_42032,119
synth_42213,119
synth_41915,119
synth_41971,119
synth_42007,119
synth_42335,119
synth_41918,119
synth_41969,119
synth_42297,119
synth_42360,119
synth_41995,119
synth_42077,119
synth_42291,119
synth_42298,119
synth_42023,119
synth_42057,119
synth_42082,119
synth_42295,119
synth_42333,119
synth_41983,119
synth_41980,119
synth_42089,119
synth_42391,119
synth_42170,119
synth_42034,119
synth_42040,119
synth_42093,119
synth_42118,119
synth_42187,119
synth_42201,119
synth_41932,119
synth_42334,119
synth_41938,119
synth_42120,119
synth_42189,119
synth_42300,119
synth_42356,119
synth_42063,119
synth_42185,119
synth_42235,119
synth_42086,119
synth_42146,119
synth_42433,119
synth_42265,119
synth_41979,119
synth_42037,119
synth_42039,119
synth_42080,119
synth_41972,119
synth_42390,119
synth_42374,119
synth_41897,119
synth_42035,119
synth_42150,119
synth_41867,119
synth_41923,119
synth_42444,119
synth_42410,119
synth_42449,119
synth_42016,119
synth_42223,119
synth_41870,119
synth_41922,119
synth_42389,119
synth_41871,119
synth_41987,119
synth_42002,119
synth_42206,119
synth_42368,119
synth_41978,119
synth_42294,119
synth_42003,119
synth_42314,119
synth_42352,119
synth_42078,119
synth_42107,119
synth_42330,119
synth_42171,119
synth_42324,119
synth_42036,119
synth_42068,119
synth_42257,119
synth_42191,119
synth_42166,119
synth_42228,119
synth_42246,119
synth_42188,119
synth_42234,119
synth_42270,119
synth_42304,119
synth_42030,119
synth_42252,119
synth_42119,119
synth_42346,119
synth_42428,119
synth_41961,119
synth_42284,119
synth_42443,119
synth_41997,119
synth_42260,119
synth_42415,119
synth_42419,119
synth_42106,119
synth_42179,119
synth_42382,119
synth_42385,119
synth_42220,119
synth_42435,119
synth_42028,119
synth_41964,119
synth_42386,119
synth_42210,119
synth_42329,119
synth_42065,119
synth_42205,119
synth_42169,119
synth_42227,119
synth_42412,119
synth_41933,119
synth_41939,119
synth_42351,119
synth_42340,119
synth_42394,119
synth_42417,119
synth_41866,119
synth_41937,119
synth_42073,119
synth_41869,119
synth_41881,119
synth_42183,119
synth_42103,119
synth_41966,119
synth_42133,119
synth_42249,119
synth_42277,119
synth_42282,119
synth_42446,119
synth_41916,119
synth_41934,119
synth_42259,119
synth_42061,119
synth_42313,119
synth_41876,119
synth_42240,119
synth_42264,119
synth_42369,119
synth_42376,119
synth_41951,119
synth_42018,119
synth_41892,119
synth_41920,119
synth_42098,119
synth_42363,119
synth_42041,119
synth_42114,119
synth_42245,119
synth_42153,119
synth_42372,119
synth_42429,119
synth_41884,119
synth_41984,119
synth_42370,119
synth_41970,119
synth_42378,119
synth_41968,119
synth_42131,119
synth_42021,119
synth_42347,119
synth_42353,119
synth_42447,119
synth_42299,119
synth_42302,119
synth_42371,119
synth_42285,119
synth_42327,119
synth_42421,119
synth_42162,119
synth_42399,119
synth_41947,119
synth_42058,119
synth_42273,119
synth_42331,119
synth_42060,119
synth_42431,119
synth_42000,119
synth_42366,119
synth_42320,119
synth_42414,119
synth_42445,119
synth_41929,119
synth_41953,119
synth_41982,119
synth_42081,119
synth_42157,119
synth_42208,119
synth_42064,119
synth_42342,119
synth_42424,119
synth_42025,119
synth_42323,119
synth_41965,119
synth_42159,119
synth_41985,119
synth_42125,119
synth_42203,119
synth_42211,119
synth_41942,119
synth_42214,119
synth_42136,119
synth_42288,119
synth_42303,119
synth_42218,119
synth_42161,119
synth_42202,119
synth_42015,119
synth_42392,119
synth_42140,119
synth_41910,119
synth_41952,119
synth_42222,119
synth_42261,119
synth_42267,119
synth_42387,119
synth_42317,119
synth_41886,119
synth_41900,119
synth_42177,119
synth_42413,119
synth_42050,119
synth_42132,119
synth_42287,119
synth_41926,119
synth_41956,119
synth_42052,119
synth_42226,119
synth_41948,119
synth_42095,119
synth_41904,119
synth_42129,119
synth_42380,119
synth_42207,119
synth_42373,119
synth_42090,119
synth_42046,119
synth_42281,119
synth_41925,119
synth_42043,119
synth_42138,119
synth_42426,119
synth_42448,119
synth_42067,119
synth_41931,119
synth_41992,119
synth_42379,119
synth_42056,119
synth_42242,119
synth_42381,119
synth_41943,119
synth_42268,119
synth_42305,119
synth_42453,119
synth_42011,119
synth_42359,119
synth_41909,119
synth_41967,119
synth_42212,119
synth_42328,119
synth_42075,119
synth_42122,119
synth_42395,119
synth_41981,119
synth_42232,119
synth_42117,119
synth_42404,119
synth_42436,119
synth_42010,119
synth_42175,119
synth_42066,119
synth_42085,119
synth_42092,119
synth_42402,119
synth_42438,119
synth_42315,119
synth_42053,119
synth_42425,119
synth_42033,119
synth_42045,119
synth_42283,119
synth_42405,119
synth_42014,119
synth_41890,119
synth_41914,119
synth_42258,119
synth_41888,119
synth_42269,119
synth_42434,119
synth_41989,119
synth_42084,119
synth_42137,119
synth_41868,119
synth_41917,119
synth_42083,119
synth_42126,119
synth_42176,119
synth_42051,119
synth_42087,119
synth_42196,119
synth_42280,119
synth_41993,119
synth_42198,119
synth_42263,119
synth_42309,119
synth_41974,119
synth_42348,119
synth_42349,119
synth_42375,119
synth_41999,119
synth_42139,119
synth_42256,119
synth_42164,119
synth_41911,119
synth_42416,119
synth_41877,119
synth_42149,119
synth_42393,119
synth_41975,119
synth_42141,119
synth_41894,119
synth_42062,119
synth_41941,119
synth_42152,119
synth_42094,119
synth_42325,119
synth_42354,119
synth_41950,119
synth_42055,119
synth_42293,119
synth_41991,119
synth_42088,119
synth_42182,119
synth_42091,119
synth_42216,119
synth_42452,119
synth_42318,119
synth_42096,119
synth_42290,119
synth_42409,119
synth_42008,119
synth_41865,119
synth_42044,119
synth_42099,119
synth_42279,119
synth_42310,119
synth_42020,119
synth_41889,119
synth_41986,119
synth_42278,119
synth_42420,119
synth_41973,119
synth_42200,119
synth_41883,119
synth_41898,119
synth_42079,119
synth_41930,119
synth_42296,119
synth_42358,119
synth_42215,119
synth_41887,119
synth_42109,119
synth_42197,119
synth_42230,119
synth_42301,119
synth_42111,119
synth_42244,119
synth_42254,119
synth_42209,119
synth_42332,119
synth_42406,119
synth_42001,119
synth_42147,119
synth_42184,119
synth_42401,119
synth_42233,119
synth_42012,119
synth_42027,119
synth_41893,119
synth_41899,119
synth_42121,119
synth_42221,119
synth_42250,119
synth_41906,119
synth_41908,119
synth_41928,119
synth_42049,119
synth_41874,119
synth_41954,119
synth_42219,119
synth_42262,119
synth_42336,119
synth_41903,119
synth_42112,119
synth_42451,119
synth_41994,119
synth_42143,119
synth_42163,119
synth_42123,119
synth_42355,119
synth_41879,119
synth_42042,119
synth_42134,119
synth_42408,119
synth_41927,119
synth_41882,119
synth_42071,119
synth_42430,119
synth_42193,119
synth_41896,119
synth_42048,119
synth_42144,119
synth_42411,119
synth_41895,119
synth_41996,119
synth_42029,119
synth_42180,119
synth_42017,119
synth_42423,119
synth_42009,119
synth_42239,119
synth_42384,119
synth_41945,119
synth_42229,119
synth_42124,119
synth_42403,119
synth_41990,119
synth_42047,119
synth_42275,119
synth_42101,119
synth_42377,119
synth_41880,119
synth_42104,119
synth_42165,119
synth_42361,119
synth_41946,119
synth_42350,119
synth_42397,119
synth_42110,119
synth_42130,119
synth_42274,119
synth_42396,119
synth_42418,119
synth_42160,119
synth_41936,119
synth_41957,119
synth_42312,119
synth_42422,119
synth_42019,119
synth_42398,119
synth_41901,119
synth_42069,119
synth_42383,119
synth_41955,119
synth_41976,119
synth_42074,119
synth_42142,119
synth_42266,119
synth_42272,119
synth_42026,119
synth_42116,119
synth_42440,119
synth_42454,119
synth_42172,119
synth_42204,119
synth_41988,119
synth_42054,119
synth_42006,119
synth_41891,119
synth_42186,119
synth_42364,119
synth_42322,119
synth_42102,119
synth_42321,119
synth_42167,119
synth_42441,119
synth_42022,119
synth_42319,119
synth_42148,119
synth_42450,119
synth_42338,119
synth_42072,119
synth_42243,119
synth_42442,119
synth_42253,119
synth_42339,119
synth_42127,119
synth_42031,119
synth_42388,119
synth_41949,119
synth_42135,119
synth_42271,119
synth_42292,119
synth_42306,119
synth_42199,119
synth_41878,119
synth_41919,119
synth_41921,119
synth_42113,119
synth_42311,119
synth_42345,119
synth_42151,119
synth_41912,119
synth_42289,119
synth_41924,119
synth_42076,119
synth_41875,119
synth_41962,119
synth_42155,119
synth_42190,119
synth_42337,119
synth_41935,119
synth_42241,119
synth_42195,119
synth_42255,119
synth_41963,119
synth_42168,119
synth_42225,119
synth_42145,119
synth_42158,119
synth_42238,119
synth_42367,119
synth_42427,119
synth_42038,119
synth_42108,119
synth_42343,119
synth_41913,119
synth_42194,119
synth_42173,119
synth_42174,119
synth_42070,119
synth_42237,119
synth_41998,119
synth_42059,119
synth_42178,119
synth_42365,119
synth_41872,119
synth_42326,119
synth_41907,119
synth_41977,119
synth_41905,119
synth_42105,119
synth_42236,119
synth_42308,119
synth_42316,119
synth_41958,119
synth_41960,119
synth_42115,119
synth_42248,119
synth_42307,119
synth_42344,119
synth_42362,119
synth_42400,119
synth_42154,119
synth_42192,119
synth_41885,119
synth_42181,119
synth_42276,119
synth_42004,119
synth_42251,119
synth_42224,119
synth_42005,119
synth_42510,118
synth_42808,118
synth_42939,118
synth_42806,118
synth_42929,118
synth_42721,118
synth_42568,118
synth_42862,118
synth_42901,118
synth_42948,118
synth_42636,118
synth_42778,118
synth_42951,118
synth_42465,118
synth_42592,118
synth_42866,118
synth_42884,118
synth_42754,118
synth_42796,118
synth_42770,118
synth_42528,118
synth_42551,118
synth_42598,118
synth_42740,118
synth_42660,118
synth_43055,118
synth_42846,118
synth_42976,118
synth_42831,118
synth_42608,118
synth_42475,118
synth_42665,118
synth_42726,118
synth_42731,118
synth_43020,118
synth_42877,118
synth_42907,118
synth_42928,118
synth_42502,118
synth_42585,118
synth_42652,118
synth_42818,118
synth_43010,118
synth_42857,118
synth_42460,118
synth_42804,118
synth_43040,118
synth_42955,118
synth_42504,118
synth_42688,118
synth_42694,118
synth_42697,118
synth_42714,118
synth_42646,118
synth_42478,118
synth_42505,118
synth_42844,118
synth_42674,118
synth_42890,118
synth_42696,118
synth_42869,118
synth_42925,118
synth_42461,118
synth_42643,118
synth_42892,118
synth_42921,118
synth_42566,118
synth_42639,118
synth_42817,118
synth_43015,118
synth_43017,118
synth_42897,118
synth_42908,118
synth_42670,118
synth_43009,118
synth_42649,118
synth_42803,118
synth_42827,118
synth_42715,118
synth_42825,118
synth_43037,118
synth_42932,118
synth_42614,118
synth_42904,118
synth_42508,118
synth_42524,118
synth_42579,118
synth_42609,118
synth_42616,118
synth_42835,118
synth_43046,118
synth_42995,118
synth_42572,118
synth_42456,118
synth_42522,118
synth_42645,118
synth_42713,118
synth_42725,118
synth_42490,118
synth_42864,118
synth_42563,118
synth_42703,118
synth_42469,118
synth_42922,118
synth_42582,118
synth_42668,118
synth_42912,118
synth_42747,118
synth_42822,118
synth_42843,118
synth_42940,118
synth_42974,118
synth_42994,118
synth_42624,118
synth_42549,118
synth_42860,118
synth_42944,118
synth_42719,118
synth_42479,118
synth_42959,118
synth_42458,118
synth_42599,118
synth_42732,118
synth_42482,118
synth_42589,118
synth_42638,118
synth_42720,118
synth_42727,118
synth_42829,118
synth_42569,118
synth_42910,118
synth_42933,118
synth_42834,118
synth_42499,118
synth_42705,118
synth_42734,118
synth_42838,118
synth_42527,118
synth_42936,118
synth_42620,118
synth_42661,118
synth_42815,118
synth_42523,118
synth_42605,118
synth_42685,118
synth_43023,118
synth_42972,118
synth_42647,118
synth_42676,118
synth_42767,118
synth_43030,118
synth_42930,118
synth_42604,118
synth_42467,118
synth_42562,118
synth_42821,118
synth_42841,118
synth_42564,118
synth_42594,118
synth_42708,118
synth_42781,118
synth_42495,118
synth_42845,118
synth_42634,118
synth_42820,118
synth_43006,118
synth_42979,118
synth_42992,118
synth_42982,118
synth_42520,118
synth_43028,118
synth_43052,118
synth_42539,118
synth_42595,118
synth_42683,118
synth_42794,118
synth_42986,118
synth_42675,118
synth_42760,118
synth_43003,118
synth_43025,118
synth_42903,118
synth_42459,118
synth_42777,118
synth_42813,118
synth_43012,118
synth_42532,118
synth_43034,118
synth_42518,118
synth_43035,118
synth_42463,118
synth_42573,118
synth_43033,118
synth_43049,118
synth_42567,118
synth_42973,118
synth_42511,118
synth_42775,118
synth_42533,118
synth_42627,118
synth_42875,118
synth_42464,118
synth_42540,118
synth_42487,118
synth_42462,118
synth_42695,118
synth_42975,118
synth_42619,118
synth_42669,118
synth_42733,118
synth_42474,118
synth_42735,118
synth_42745,118
synth_42653,118
synth_42680,118
synth_42655,118
synth_43021,118
synth_43048,118
synth_42485,118
synth_42666,118
synth_42698,118
synth_42969,118
synth_42783,118
synth_42858,118
synth_42965,118
synth_42755,118
synth_42810,118
synth_43024,118
synth_42867,118
synth_42681,118
synth_42742,118
synth_42752,118
synth_42788,118
synth_42980,118
synth_43001,118
synth_42970,118
synth_42759,118
synth_42802,118
synth_42538,118
synth_42870,118
synth_42960,118
synth_42530,118
synth_42555,118
synth_42577,118
synth_42741,118
synth_42814,118
synth_42491,118
synth_43039,118
synth_42938,118
synth_42711,118
synth_42801,118
synth_42916,118
synth_42509,118
synth_42937,118
synth_42514,118
synth_42805,118
synth_42809,118
synth_42790,118
synth_42525,118
synth_42580,118
synth_42601,118
synth_42784,118
synth_42611,118
synth_42650,118
synth_43031,118
synth_42991,118
synth_42793,118
synth_42946,118
synth_42771,118
synth_42812,118
synth_42552,118
synth_42840,118
synth_42996,118
synth_43004,118
synth_42848,118
synth_42981,118
synth_42455,118
synth_43029,118
synth_42722,118
synth_42757,118
synth_42851,118
synth_42878,118
synth_42898,118
synth_42977,118
synth_42617,118
synth_42635,118
synth_42672,118
synth_42824,118
synth_43043,118
synth_42707,118
synth_42626,118
synth_42704,118
synth_42853,118
synth_42517,118
synth_42642,118
synth_42644,118
synth_42950,118
synth_42997,118
synth_43027,118
synth_42993,118
synth_42623,118
synth_42481,118
synth_42486,118
synth_43038,118
synth_43053,118
synth_42931,118
synth_42618,118
synth_42648,118
synth_42534,118
synth_42535,118
synth_42553,118
synth_42909,118
synth_42590,118
synth_42889,118
synth_42856,118
synth_42967,118
synth_42640,118
synth_42756,118
synth_42787,118
synth_42837,118
synth_42628,118
synth_42466,118
synth_42571,118
synth_42603,118
synth_42612,118
synth_42800,118
synth_42927,118
synth_42962,118
synth_42691,118
synth_42701,118
synth_42480,118
synth_42560,118
synth_43008,118
synth_42529,118
synth_42484,118
synth_42749,118
synth_42492,118
synth_42581,118
synth_42593,118
synth_42659,118
synth_42729,118
synth_42765,118
synth_42536,118
synth_42557,118
synth_42859,118
synth_42547,118
synth_42954,118
synth_42544,118
synth_42789,118
synth_42915,118
synth_42570,118
synth_42684,118
synth_42710,118
synth_42724,118
synth_43050,118
synth_42651,118
synth_43002,118
synth_42895,118
synth_42496,118
synth_42497,118
synth_42687,118
synth_43019,118
synth_42519,118
synth_42923,118
synth_42591,118
synth_43054,118
synth_42905,118
synth_42545,118
synth_42911,118
synth_42750,118
synth_42883,118
synth_42894,118
synth_42500,118
synth_42512,118
synth_42682,118
synth_43000,118
synth_42679,118
synth_42989,118
synth_42494,118
synth_42556,118
synth_42559,118
synth_42893,118
synth_42990,118
synth_42472,118
synth_43036,118
synth_42914,118
synth_42706,118
synth_42730,118
synth_43026,118
synth_42797,118
synth_42891,118
synth_42769,118
synth_42786,118
synth_42942,118
synth_42854,118
synth_42880,118
synth_42882,118
synth_42945,118
synth_42483,118
synth_42736,118
synth_42667,118
synth_42774,118
synth_42872,118
synth_42782,118
synth_42457,118
synth_42746,118
synth_42507,118
synth_42662,118
synth_42772,118
synth_42546,118
synth_42968,118
synth_42863,118
synth_42934,118
synth_43022,118
synth_43051,118
synth_42584,118
synth_42537,118
synth_42629,118
synth_42958,118
synth_42748,118
synth_42799,118
synth_43047,118
synth_42470,118
synth_42876,118
synth_42513,118
synth_42637,118
synth_42761,118
synth_42919,118
synth_42998,118
synth_42541,118
synth_42576,118
synth_42738,118
synth_43056,118
synth_42852,118
synth_42476,118
synth_42574,118
synth_42832,118
synth_42839,118
synth_42956,118
synth_42978,118
synth_42999,118
synth_42763,118
synth_42833,118
synth_42887,118
synth_42548,118
synth_42906,118
synth_42983,118
synth_42531,118
synth_42949,118
synth_42477,118
synth_42575,118
synth_42663,118
synth_42596,118
synth_42723,118
synth_42926,118
synth_42473,118
synth_42689,118
synth_42935,118
synth_42830,118
synth_43018,118
synth_42673,118
synth_42692,118
synth_42795,118
synth_42988,118
synth_42622,118
synth_42753,118
synth_42776,118
synth_43007,118
synth_42558,118
synth_42881,118
synth_42952,118
synth_42602,118
synth_42693,118
synth_43045,118
synth_42785,118
synth_42751,118
synth_42826,118
synth_43042,118
synth_42493,118
synth_42578,118
synth_42686,118
synth_42758,118
synth_42610,118
synth_42625,118
synth_42743,118
synth_42712,118
synth_43032,118
synth_42847,118
synth_42861,118
synth_43014,118
synth_42489,118
synth_42971,118
synth_42768,118
synth_42543,118
synth_42664,118
synth_42744,118
synth_42828,118
synth_43011,118
synth_42850,118
synth_42868,118
synth_42900,118
synth_42606,118
synth_43013,118
synth_42515,118
synth_42658,118
synth_42678,118
synth_42709,118
synth_43058,118
synth_42917,118
synth_42583,118
synth_42690,118
synth_42819,118
synth_43057,118
synth_42488,118
synth_42961,118
synth_42811,118
synth_42791,118
synth_42924,118
synth_42941,118
synth_42716,118
synth_42947,118
synth_42957,118
synth_42737,118
synth_42873,118
synth_42885,118
synth_42896,118
synth_42597,118
synth_42615,118
synth_42632,118
synth_42842,118
synth_42554,118
synth_42920,118
synth_42963,118
synth_42501,118
synth_42600,118
synth_42739,118
synth_43005,118
synth_42964,118
synth_42654,118
synth_42762,118
synth_42503,118
synth_42836,118
synth_42899,118
synth_42985,118
synth_42471,118
synth_42550,118
synth_42641,118
synth_42888,118
synth_42607,118
synth_42630,118
synth_42728,118
synth_42792,118
synth_42943,118
synth_42702,118
synth_42717,118
synth_42849,118
synth_42918,118
synth_42506,118
synth_42631,118
synth_42816,118
synth_43044,118
synth_42913,118
synth_42498,118
synth_42588,118
synth_42633,118
synth_42764,118
synth_42586,118
synth_42677,118
synth_42779,118
synth_42879,118
synth_42468,118
synth_42565,118
synth_42699,118
synth_42871,118
synth_42902,118
synth_42613,118
synth_42823,118
synth_42526,118
synth_42657,118
synth_42671,118
synth_42516,118
synth_42521,118
synth_42780,118
synth_42766,118
synth_42773,118
synth_42621,118
synth_42656,118
synth_42798,118
synth_42966,118
synth_42718,118
synth_43016,118
synth_42886,118
synth_42984,118
synth_42587,118
synth_42807,118
synth_42874,118
synth_42953,118
synth_42987,118
synth_42542,118
synth_42561,118
synth_42700,118
synth_43041,118
synth_42855,118
synth_42865,118
synth_43330,117
synth_43205,117
synth_43218,117
synth_43242,117
synth_43252,117
synth_43260,117
synth_43483,117
synth_43284,117
synth_43490,117
synth_43245,117
synth_43398,117
synth_43441,117
synth_43545,117
synth_43247,117
synth_43523,117
synth_43598,117
synth_43633,117
synth_43229,117
synth_43395,117
synth_43554,117
synth_43618,117
synth_43067,117
synth_43393,117
synth_43339,117
synth_43384,117
synth_43375,117
synth_43190,117
synth_43259,117
synth_43447,117
synth_43663,117
synth_43075,117
synth_43280,117
synth_43310,117
synth_43196,117
synth_43232,117
synth_43266,117
synth_43326,117
synth_43336,117
synth_43098,117
synth_43111,117
synth_43294,117
synth_43126,117
synth_43278,117
synth_43659,117
synth_43465,117
synth_43515,117
synth_43095,117
synth_43302,117
synth_43594,117
synth_43217,117
synth_43362,117
synth_43543,117
synth_43575,117
synth_43577,117
synth_43608,117
synth_43627,117
synth_43646,117
synth_43305,117
synth_43388,117
synth_43255,117
synth_43544,117
synth_43061,117
synth_43094,117
synth_43507,117
synth_43568,117
synth_43541,117
synth_43328,117
synth_43452,117
synth_43345,117
synth_43530,117
synth_43286,117
synth_43445,117
synth_43571,117
synth_43088,117
synth_43177,117
synth_43451,117
synth_43525,117
synth_43083,117
synth_43478,117
synth_43648,117
synth_43204,117
synth_43206,117
synth_43248,117
synth_43432,117
synth_43253,117
synth_43424,117
synth_43358,117
synth_43535,117
synth_43550,117
synth_43203,117
synth_43149,117
synth_43189,117
synth_43070,117
synth_43235,117
synth_43241,117
synth_43403,117
synth_43558,117
synth_43198,117
synth_43374,117
synth_43540,117
synth_43613,117
synth_43164,117
synth_43071,117
synth_43090,117
synth_43277,117
synth_43415,117
synth_43120,117
synth_43423,117
synth_43472,117
synth_43251,117
synth_43291,117
synth_43383,117
synth_43367,117
synth_43548,117
synth_43077,117
synth_43319,117
synth_43421,117
synth_43237,117
synth_43495,117
synth_43268,117
synth_43502,117
synth_43079,117
synth_43101,117
synth_43351,117
synth_43509,117
synth_43215,117
synth_43227,117
synth_43293,117
synth_43274,117
synth_43174,117
synth_43238,117
synth_43666,117
synth_43214,117
synth_43271,117
synth_43534,117
synth_43386,117
synth_43325,117
synth_43549,117
synth_43649,117
synth_43103,117
synth_43380,117
synth_43434,117
synth_43610,117
synth_43667,117
synth_43091,117
synth_43342,117
synth_43600,117
synth_43263,117
synth_43324,117
synth_43643,117
synth_43671,117
synth_43281,117
synth_43298,117
synth_43450,117
synth_43640,117
synth_43661,117
synth_43144,117
synth_43361,117
synth_43440,117
synth_43625,117
synth_43656,117
synth_43114,117
synth_43184,117
synth_43391,117
synth_43161,117
synth_43146,117
synth_43431,117
synth_43486,117
synth_43505,117
synth_43673,117
synth_43192,117
synth_43412,117
synth_43573,117
synth_43141,117
synth_43143,117
synth_43299,117
synth_43429,117
synth_43561,117
synth_43563,117
synth_43619,117
synth_43273,117
synth_43385,117
synth_43292,117
synth_43394,117
synth_43636,117
synth_43308,117
synth_43154,117
synth_43517,117
synth_43059,117
synth_43578,117
synth_43583,117
synth_43166,117
synth_43265,117
synth_43297,117
synth_43316,117
synth_43100,117
synth_43178,117
synth_43519,117
synth_43378,117
synth_43595,117
synth_43150,117
synth_43272,117
synth_43446,117
synth_43455,117
synth_43267,117
synth_43359,117
synth_43463,117
synth_43113,117
synth_43296,117
synth_43329,117
synth_43457,117
synth_43606,117
synth_43669,117
synth_43134,117
synth_43314,117
synth_43140,117
synth_43155,117
synth_43327,117
synth_43407,117
synth_43553,117
synth_43565,117
synth_43107,117
synth_43221,117
synth_43262,117
synth_43444,117
synth_43489,117
synth_43130,117
synth_43142,117
synth_43193,117
synth_43474,117
synth_43557,117
synth_43597,117
synth_43405,117
synth_43652,117
synth_43230,117
synth_43406,117
synth_43104,117
synth_43341,117
synth_43396,117
synth_43443,117
synth_43099,117
synth_43207,117
synth_43312,117
synth_43159,117
synth_43427,117
synth_43462,117
synth_43467,117
synth_43533,117
synth_43129,117
synth_43236,117
synth_43348,117
synth_43360,117
synth_43185,117
synth_43555,117
synth_43414,117
synth_43520,117
synth_43381,117
synth_43333,117
synth_43512,117
synth_43590,117
synth_43435,117
synth_43068,117
synth_43481,117
synth_43528,117
synth_43073,117
synth_43524,117
synth_43647,117
synth_43116,117
synth_43397,117
synth_43587,117
synth_43599,117
synth_43276,117
synth_43285,117
synth_43409,117
synth_43665,117
synth_43353,117
synth_43145,117
synth_43223,117
synth_43370,117
synth_43402,117
synth_43513,117
synth_43556,117
synth_43569,117
synth_43576,117
synth_43199,117
synth_43514,117
synth_43208,117
synth_43167,117
synth_43639,117
synth_43105,117
synth_43309,117
synth_43311,117
synth_43224,117
synth_43439,117
synth_43516,117
synth_43212,117
synth_43282,117
synth_43234,117
synth_43442,117
synth_43508,117
synth_43510,117
synth_43609,117
synth_43089,117
synth_43060,117
synth_43153,117
synth_43331,117
synth_43338,117
synth_43628,117
synth_43376,117
synth_43621,117
synth_43123,117
synth_43131,117
synth_43225,117
synth_43344,117
synth_43615,117
synth_43634,117
synth_43210,117
synth_43300,117
synth_43506,117
synth_43567,117
synth_43591,117
synth_43080,117
synth_43382,117
synth_43171,117
synth_43287,117
synth_43425,117
synth_43473,117
synth_43122,117
synth_43172,117
synth_43363,117
synth_43469,117
synth_43644,117
synth_43321,117
synth_43492,117
synth_43209,117
synth_43279,117
synth_43371,117
synth_43366,117
synth_43560,117
synth_43387,117
synth_43136,117
synth_43168,117
synth_43379,117
synth_43564,117
synth_43137,117
synth_43256,117
synth_43261,117
synth_43426,117
synth_43562,117
synth_43623,117
synth_43674,117
synth_43121,117
synth_43372,117
synth_43529,117
synth_43614,117
synth_43306,117
synth_43093,117
synth_43645,117
synth_43081,117
synth_43085,117
synth_43401,117
synth_43479,117
synth_43500,117
synth_43588,117
synth_43147,117
synth_43269,117
synth_43642,117
synth_43133,117
synth_43200,117
synth_43335,117
synth_43522,117
synth_43635,117
synth_43062,117
synth_43392,117
synth_43173,117
synth_43354,117
synth_43368,117
synth_43416,117
synth_43547,117
synth_43191,117
synth_43119,117
synth_43318,117
synth_43456,117
synth_43582,117
synth_43169,117
synth_43250,117
synth_43194,117
synth_43480,117
synth_43484,117
synth_43622,117
synth_43356,117
synth_43475,117
synth_43584,117
synth_43264,117
synth_43323,117
synth_43499,117
synth_43179,117
synth_43488,117
synth_43108,117
synth_43092,117
synth_43220,117
synth_43477,117
synth_43504,117
synth_43668,117
synth_43464,117
synth_43496,117
synth_43369,117
synth_43537,117
synth_43637,117
synth_43187,117
synth_43233,117
synth_43527,117
synth_43074,117
synth_43096,117
synth_43118,117
synth_43347,117
synth_43579,117
synth_43213,117
synth_43222,117
synth_43249,117
synth_43365,117
synth_43066,117
synth_43110,117
synth_43246,117
synth_43288,117
synth_43315,117
synth_43453,117
synth_43581,117
synth_43399,117
synth_43551,117
synth_43313,117
synth_43485,117
synth_43620,117
synth_43165,117
synth_43175,117
synth_43410,117
synth_43461,117
synth_43470,117
synth_43086,117
synth_43158,117
synth_43186,117
synth_43632,117
synth_43611,117
synth_43468,117
synth_43163,117
synth_43317,117
synth_43572,117
synth_43585,117
synth_43390,117
synth_43197,117
synth_43471,117
synth_43503,117
synth_43641,117
synth_43125,117
synth_43180,117
synth_43511,117
synth_43651,117
synth_43307,117
synth_43240,117
synth_43182,117
synth_43301,117
synth_43607,117
synth_43087,117
synth_43239,117
synth_43373,117
synth_43408,117
synth_43117,117
synth_43151,117
synth_43152,117
synth_43418,117
synth_43526,117
synth_43521,117
synth_43566,117
synth_43664,117
synth_43211,117
synth_43546,117
synth_43552,117
synth_43605,117
synth_43258,117
synth_43082,117
synth_43303,117
synth_43355,117
synth_43413,117
synth_43586,117
synth_43389,117
synth_43422,117
synth_43072,117
synth_43078,117
synth_43188,117
synth_43343,117
synth_43570,117
synth_43617,117
synth_43290,117
synth_43436,117
synth_43437,117
synth_43460,117
synth_43138,117
synth_43536,117
synth_43602,117
synth_43658,117
synth_43433,117
synth_43630,117
synth_43183,117
synth_43124,117
synth_43115,117
synth_43216,117
synth_43400,117
synth_43532,117
synth_43097,117
synth_43257,117
synth_43662,117
synth_43084,117
synth_43612,117
synth_43657,117
synth_43231,117
synth_43601,117
synth_43672,117
synth_43202,117
synth_43226,117
synth_43466,117
synth_43482,117
synth_43228,117
synth_43538,117
synth_43063,117
synth_43106,117
synth_43069,117
synth_43135,117
synth_43419,117
synth_43454,117
synth_43476,117
synth_43364,117
synth_43352,117
synth_43428,117
synth_43559,117
synth_43616,117
synth_43076,117
synth_43201,117
synth_43181,117
synth_43501,117
synth_43270,117
synth_43592,117
synth_43670,117
synth_43675,117
synth_43157,117
synth_43626,117
synth_43655,117
synth_43244,117
synth_43128,117
synth_43459,117
synth_43493,117
synth_43139,117
synth_43195,117
synth_43219,117
synth_43275,117
synth_43332,117
synth_43596,117
synth_43283,117
synth_43337,117
synth_43417,117
synth_43109,117
synth_43438,117
synth_43542,117
synth_43064,117
synth_43127,117
synth_43289,117
synth_43574,117
synth_43160,117
synth_43254,117
synth_43322,117
synth_43357,117
synth_43448,117
synth_43487,117
synth_43498,117
synth_43676,117
synth_43494,117
synth_43518,117
synth_43589,117
synth_43162,117
synth_43156,117
synth_43170,117
synth_43176,117
synth_43334,117
synth_43411,117
synth_43531,117
synth_43629,117
synth_43631,117
synth_43132,117
synth_43604,117
synth_43660,117
synth_43065,117
synth_43350,117
synth_43320,117
synth_43654,117
synth_43112,117
synth_43346,117
synth_43580,117
synth_43102,117
synth_43295,117
synth_43458,117
synth_43603,117
synth_43377,117
synth_43491,117
synth_43593,117
synth_43624,117
synth_43304,117
synth_43243,117
synth_43404,117
synth_43420,117
synth_43539,117
synth_43430,117
synth_43449,117
synth_43340,117
synth_43349,117
synth_43497,117
synth_43650,117
synth_43148,117
synth_43638,117
synth_43653,117
synth_43924,116
synth_44042,116
synth_44305,116
synth_43985,116
synth_44000,116
synth_43713,116
synth_43916,116
synth_44067,116
synth_43834,116
synth_43839,116
synth_44225,116
synth_44294,116
synth_43952,116
synth_44218,116
synth_44238,116
synth_43702,116
synth_43754,116
synth_43776,116
synth_44155,116
synth_44176,116
synth_44250,116
synth_44306,116
synth_43724,116
synth_43938,116
synth_43740,116
synth_43812,116
synth_43816,116
synth_44170,116
synth_43721,116
synth_43741,116
synth_44258,116
synth_44263,116
synth_43900,116
synth_43973,116
synth_44023,116
synth_43792,116
synth_43722,116
synth_43851,116
synth_44177,116
synth_43737,116
synth_43790,116
synth_43940,116
synth_44131,116
synth_44151,116
synth_43689,116
synth_43819,116
synth_43907,116
synth_43943,116
synth_44035,116
synth_44190,116
synth_44236,116
synth_44027,116
synth_44283,116
synth_43878,116
synth_43927,116
synth_44006,116
synth_43999,116
synth_43953,116
synth_44083,116
synth_43736,116
synth_44140,116
synth_43976,116
synth_44167,116
synth_44076,116
synth_44137,116
synth_44141,116
synth_44172,116
synth_44227,116
synth_43682,116
synth_43956,116
synth_44244,116
synth_43867,116
synth_44025,116
synth_43696,116
synth_43766,116
synth_43794,116
synth_43846,116
synth_43852,116
synth_43877,116
synth_44291,116
synth_43860,116
synth_43884,116
synth_43914,116
synth_44049,116
synth_43707,116
synth_43845,116
synth_44089,116
synth_44282,116
synth_43855,116
synth_43781,116
synth_44056,116
synth_44090,116
synth_43848,116
synth_44295,116
synth_44036,116
synth_43813,116
synth_43842,116
synth_44051,116
synth_44092,116
synth_44164,116
synth_43719,116
synth_43920,116
synth_43926,116
synth_44179,116
synth_44235,116
synth_43957,116
synth_44094,116
synth_44173,116
synth_44200,116
synth_44217,116
synth_43971,116
synth_44044,116
synth_44068,116
synth_44124,116
synth_44243,116
synth_44197,116
synth_43803,116
synth_44147,116
synth_43720,116
synth_43746,116
synth_43788,116
synth_43917,116
synth_43960,116
synth_44063,116
synth_43697,116
synth_43750,116
synth_44031,116
synth_44252,116
synth_44297,116
synth_43869,116
synth_43874,116
synth_44130,116
synth_43728,116
synth_44153,116
synth_43854,116
synth_43903,116
synth_43937,116
synth_44085,116
synth_44188,116
synth_43988,116
synth_43989,116
synth_43742,116
synth_43861,116
synth_43862,116
synth_43955,116
synth_44016,116
synth_44262,116
synth_44144,116
synth_43997,116
synth_43930,116
synth_44208,116
synth_44278,116
synth_43759,116
synth_43771,116
synth_43799,116
synth_44248,116
synth_43868,116
synth_44069,116
synth_43837,116
synth_43841,116
synth_43908,116
synth_44280,116
synth_43679,116
synth_43712,116
synth_44105,116
synth_43701,116
synth_44086,116
synth_44156,116
synth_44226,116
synth_43760,116
synth_43965,116
synth_43757,116
synth_44210,116
synth_43968,116
synth_44015,116
synth_44205,116
synth_44259,116
synth_44118,116
synth_43950,116
synth_43983,116
synth_44002,116
synth_44064,116
synth_44135,116
synth_44158,116
synth_44293,116
synth_43967,116
synth_44047,116
synth_43901,116
synth_44048,116
synth_43872,116
synth_44013,116
synth_43718,116
synth_43830,116
synth_43949,116
synth_44299,116
synth_43739,116
synth_44096,116
synth_44106,116
synth_43763,116
synth_43817,116
synth_44077,116
synth_43822,116
synth_43894,116
synth_43755,116
synth_44223,116
synth_43998,116
synth_43843,116
synth_44219,116
synth_44260,116
synth_44078,116
synth_44138,116
synth_44185,116
synth_44230,116
synth_43835,116
synth_43935,116
synth_44136,116
synth_43677,116
synth_43858,116
synth_44037,116
synth_44286,116
synth_43833,116
synth_43923,116
synth_43974,116
synth_43831,116
synth_43885,116
synth_43703,116
synth_43749,116
synth_44110,116
synth_43948,116
synth_44203,116
synth_44146,116
synth_44287,116
synth_43801,116
synth_43859,116
synth_44102,116
synth_44222,116
synth_44074,116
synth_43761,116
synth_44132,116
synth_44148,116
synth_43785,116
synth_44112,116
synth_44254,116
synth_43797,116
synth_43826,116
synth_43918,116
synth_44198,116
synth_44194,116
synth_44183,116
synth_43699,116
synth_43772,116
synth_44285,116
synth_43715,116
synth_43779,116
synth_44009,116
synth_44128,116
synth_44168,116
synth_44175,116
synth_44202,116
synth_44261,116
synth_44269,116
synth_43693,116
synth_43714,116
synth_43879,116
synth_44126,116
synth_44274,116
synth_43984,116
synth_44071,116
synth_43804,116
synth_44012,116
synth_43774,116
synth_43829,116
synth_43685,116
synth_43889,116
synth_43959,116
synth_44195,116
synth_44301,116
synth_43684,116
synth_43764,116
synth_44115,116
synth_44014,116
synth_44143,116
synth_43902,116
synth_43975,116
synth_43678,116
synth_43745,116
synth_43770,116
synth_43886,116
synth_44032,116
synth_44088,116
synth_43932,116
synth_44231,116
synth_43986,116
synth_43977,116
synth_44247,116
synth_44296,116
synth_43850,116
synth_44187,116
synth_44237,116
synth_44116,116
synth_43732,116
synth_43978,116
synth_44007,116
synth_44103,116
synth_44204,116
synth_44212,116
synth_43694,116
synth_43958,116
synth_44304,116
synth_44111,116
synth_44267,116
synth_43863,116
synth_44026,116
synth_43687,116
synth_43925,116
synth_44232,116
synth_43807,116
synth_44061,116
synth_44113,116
synth_44279,116
synth_44160,116
synth_43815,116
synth_43904,116
synth_44008,116
synth_44215,116
synth_44255,116
synth_43698,116
synth_43782,116
synth_44104,116
synth_44108,116
synth_44178,116
synth_44307,116
synth_44075,116
synth_44127,116
synth_44303,116
synth_43748,116
synth_43933,116
synth_43954,116
synth_44060,116
synth_44221,116
synth_43972,116
synth_43992,116
synth_44033,116
synth_44065,116
synth_43836,116
synth_43942,116
synth_44107,116
synth_44152,116
synth_44266,116
synth_43690,116
synth_43913,116
synth_43941,116
synth_44080,116
synth_44265,116
synth_43806,116
synth_44300,116
synth_43711,116
synth_43751,116
synth_43915,116
synth_43946,116
synth_43961,116
synth_44129,116
synth_43729,116
synth_43838,116
synth_43898,116
synth_43873,116
synth_44165,116
synth_44241,116
synth_44072,116
synth_43871,116
synth_43891,116
synth_44214,116
synth_44257,116
synth_43753,116
synth_44289,116
synth_43783,116
synth_43944,116
synth_44024,116
synth_43762,116
synth_43787,116
synth_44159,116
synth_44189,116
synth_43683,116
synth_43897,116
synth_44010,116
synth_43704,116
synth_44162,116
synth_44011,116
synth_44030,116
synth_44099,116
synth_43795,116
synth_44018,116
synth_43980,116
synth_44242,116
synth_43921,116
synth_44040,116
synth_43730,116
synth_43880,116
synth_44275,116
synth_44277,116
synth_43800,116
synth_43922,116
synth_43931,116
synth_44281,116
synth_43710,116
synth_44251,116
synth_44133,116
synth_44201,116
synth_43747,116
synth_43789,116
synth_43809,116
synth_43875,116
synth_44028,116
synth_44246,116
synth_43680,116
synth_43899,116
synth_44224,116
synth_44273,116
synth_43994,116
synth_43808,116
synth_43810,116
synth_43929,116
synth_44157,116
synth_43758,116
synth_43865,116
synth_44057,116
synth_44145,116
synth_44192,116
synth_44206,116
synth_44288,116
synth_44245,116
synth_43864,116
synth_43909,116
synth_43936,116
synth_43963,116
synth_43964,116
synth_44082,116
synth_44302,116
synth_44039,116
synth_44228,116
synth_44264,116
synth_44174,116
synth_44256,116
synth_44017,116
synth_44229,116
synth_43882,116
synth_44059,116
synth_43866,116
synth_43890,116
synth_43688,116
synth_43939,116
synth_44062,116
synth_44186,116
synth_44253,116
synth_44270,116
synth_44038,116
synth_44117,116
synth_43731,116
synth_43775,116
synth_44022,116
synth_43743,116
synth_43881,116
synth_44019,116
synth_43765,116
synth_43824,116
synth_44004,116
synth_44046,116
synth_44058,116
synth_43777,116
synth_43827,116
synth_43744,116
synth_43814,116
synth_43970,116
synth_43991,116
synth_44003,116
synth_44052,116
synth_44055,116
synth_44193,116
synth_43840,116
synth_43856,116
synth_43990,116
synth_43993,116
synth_44207,116
synth_44213,116
synth_44268,116
synth_44119,116
synth_44180,116
synth_44079,116
synth_43734,116
synth_43773,116
synth_43820,116
synth_44154,116
synth_44220,116
synth_44249,116
synth_44271,116
synth_43725,116
synth_43832,116
synth_43870,116
synth_43892,116
synth_43905,116
synth_43752,116
synth_43709,116
synth_44142,116
synth_43934,116
synth_43982,116
synth_44239,116
synth_44284,116
synth_43708,116
synth_43906,116
synth_43996,116
synth_43849,116
synth_43981,116
synth_43727,116
synth_43681,116
synth_44240,116
synth_44053,116
synth_43726,116
synth_44029,116
synth_44166,116
synth_44209,116
synth_43738,116
synth_44139,116
synth_43888,116
synth_44066,116
synth_44150,116
synth_44292,116
synth_44298,116
synth_43987,116
synth_43780,116
synth_44001,116
synth_44081,116
synth_44095,116
synth_44290,116
synth_43705,116
synth_43796,116
synth_44091,116
synth_44163,116
synth_44234,116
synth_43716,116
synth_43805,116
synth_44021,116
synth_44171,116
synth_43893,116
synth_43769,116
synth_43887,116
synth_43951,116
synth_44020,116
synth_44043,116
synth_44054,116
synth_44149,116
synth_44199,116
synth_43686,116
synth_43828,116
synth_43847,116
synth_43979,116
synth_44084,116
synth_44101,116
synth_43735,116
synth_43733,116
synth_43786,116
synth_43947,116
synth_44034,116
synth_44272,116
synth_43692,116
synth_43911,116
synth_43928,116
synth_44161,116
synth_43756,116
synth_43857,116
synth_43962,116
synth_43768,116
synth_44125,116
synth_43802,116
synth_44050,116
synth_44216,116
synth_43791,116
synth_43876,116
synth_43912,116
synth_44041,116
synth_44109,116
synth_44134,116
synth_43995,116
synth_44121,116
synth_44196,116
synth_44211,116
synth_44122,116
synth_43811,116
synth_43853,116
synth_44191,116
synth_43798,116
synth_43895,116
synth_44123,116
synth_44308,116
synth_43969,116
synth_44073,116
synth_44181,116
synth_43966,116
synth_43793,116
synth_43910,116
synth_43919,116
synth_44233,116
synth_43717,116
synth_44005,116
synth_44114,116
synth_44276,116
synth_43706,116
synth_43883,116
synth_44097,116
synth_43823,116
synth_43945,116
synth_44100,116
synth_44184,116
synth_43695,116
synth_43825,116
synth_43844,116
synth_43723,116
synth_43691,116
synth_43778,116
synth_43784,116
synth_43818,116
synth_44087,116
synth_44120,116
synth_44182,116
synth_43700,116
synth_44093,116
synth_44098,116
synth_43767,116
synth_43821,116
synth_43896,116
synth_44045,116
synth_44169,116
synth_44070,116
synth_44454,115
synth_44677,115
synth_44777,115
synth_44787,115
synth_44403,115
synth_44358,115
synth_44417,115
synth_44702,115
synth_44413,115
synth_44476,115
synth_44513,115
synth_44554,115
synth_44940,115
synth_44569,115
synth_44817,115
synth_44850,115
synth_44455,115
synth_44696,115
synth_44916,115
synth_44497,115
synth_44738,115
synth_44802,115
synth_44551,115
synth_44552,115
synth_44543,115
synth_44583,115
synth_44872,115
synth_44462,115
synth_44653,115
synth_44664,115
synth_44697,115
synth_44733,115
synth_44815,115
synth_44853,115
synth_44338,115
synth_44350,115
synth_44538,115
synth_44910,115
synth_44352,115
synth_44423,115
synth_44575,115
synth_44744,115
synth_44380,115
synth_44383,115
synth_44794,115
synth_44466,115
synth_44496,115
synth_44642,115
synth_44844,115
synth_44849,115
synth_44864,115
synth_44361,115
synth_44457,115
synth_44605,115
synth_44950,115
synth_44937,115
synth_44500,115
synth_44674,115
synth_44936,115
synth_44438,115
synth_44590,115
synth_44591,115
synth_44594,115
synth_44608,115
synth_44785,115
synth_44890,115
synth_44947,115
synth_44341,115
synth_44475,115
synth_44492,115
synth_44648,115
synth_44718,115
synth_44824,115
synth_44880,115
synth_44323,115
synth_44447,115
synth_44780,115
synth_44863,115
synth_44823,115
synth_44698,115
synth_44728,115
synth_44924,115
synth_44915,115
synth_44310,115
synth_44389,115
synth_44483,115
synth_44548,115
synth_44618,115
synth_44691,115
synth_44891,115
synth_44344,115
synth_44930,115
synth_44943,115
synth_44735,115
synth_44587,115
synth_44655,115
synth_44665,115
synth_44679,115
synth_44693,115
synth_44931,115
synth_44517,115
synth_44553,115
synth_44859,115
synth_44414,115
synth_44628,115
synth_44685,115
synth_44759,115
synth_44393,115
synth_44481,115
synth_44926,115
synth_44359,115
synth_44565,115
synth_44848,115
synth_44692,115
synth_44746,115
synth_44411,115
synth_44472,115
synth_44682,115
synth_44816,115
synth_44799,115
synth_44558,115
synth_44944,115
synth_44528,115
synth_44616,115
synth_44632,115
synth_44340,115
synth_44331,115
synth_44386,115
synth_44573,115
synth_44660,115
synth_44703,115
synth_44753,115
synth_44861,115
synth_44603,115
synth_44896,115
synth_44348,115
synth_44374,115
synth_44495,115
synth_44593,115
synth_44865,115
synth_44354,115
synth_44444,115
synth_44650,115
synth_44670,115
synth_44902,115
synth_44822,115
synth_44727,115
synth_44841,115
synth_44881,115
synth_44839,115
synth_44619,115
synth_44567,115
synth_44584,115
synth_44355,115
synth_44382,115
synth_44756,115
synth_44906,115
synth_44857,115
synth_44425,115
synth_44574,115
synth_44835,115
synth_44836,115
synth_44711,115
synth_44907,115
synth_44328,115
synth_44368,115
synth_44397,115
synth_44422,115
synth_44726,115
synth_44391,115
synth_44596,115
synth_44606,115
synth_44329,115
synth_44858,115
synth_44399,115
synth_44367,115
synth_44494,115
synth_44320,115
synth_44527,115
synth_44316,115
synth_44396,115
synth_44360,115
synth_44523,115
synth_44789,115
synth_44888,115
synth_44652,115
synth_44716,115
synth_44792,115
synth_44895,115
synth_44381,115
synth_44437,115
synth_44450,115
synth_44474,115
synth_44592,115
synth_44831,115
synth_44602,115
synth_44585,115
synth_44734,115
synth_44424,115
synth_44441,115
synth_44595,115
synth_44439,115
synth_44442,115
synth_44449,115
synth_44681,115
synth_44845,115
synth_44856,115
synth_44520,115
synth_44633,115
synth_44793,115
synth_44909,115
synth_44535,115
synth_44566,115
synth_44939,115
synth_44521,115
synth_44625,115
synth_44820,115
synth_44369,115
synth_44376,115
synth_44630,115
synth_44762,115
synth_44948,115
synth_44408,115
synth_44514,115
synth_44742,115
synth_44743,115
synth_44783,115
synth_44784,115
synth_44838,115
synth_44530,115
synth_44532,115
synth_44577,115
synth_44581,115
synth_44622,115
synth_44668,115
synth_44819,115
synth_44826,115
synth_44373,115
synth_44617,115
synth_44736,115
synth_44814,115
synth_44945,115
synth_44351,115
synth_44371,115
synth_44400,115
synth_44401,115
synth_44588,115
synth_44760,115
synth_44714,115
synth_44766,115
synth_44840,115
synth_44678,115
synth_44683,115
synth_44621,115
synth_44721,115
synth_44772,115
synth_44812,115
synth_44705,115
synth_44729,115
synth_44436,115
synth_44564,115
synth_44688,115
synth_44695,115
synth_44867,115
synth_44549,115
synth_44599,115
synth_44933,115
synth_44342,115
synth_44686,115
synth_44540,115
synth_44531,115
synth_44638,115
synth_44647,115
synth_44562,115
synth_44343,115
synth_44412,115
synth_44464,115
synth_44465,115
synth_44546,115
synth_44723,115
synth_44846,115
synth_44463,115
synth_44882,115
synth_44453,115
synth_44732,115
synth_44390,115
synth_44430,115
synth_44529,115
synth_44923,115
synth_44428,115
synth_44337,115
synth_44468,115
synth_44730,115
synth_44460,115
synth_44515,115
synth_44666,115
synth_44748,115
synth_44797,115
synth_44935,115
synth_44309,115
synth_44452,115
synth_44482,115
synth_44312,115
synth_44370,115
synth_44434,115
synth_44458,115
synth_44598,115
synth_44954,115
synth_44601,115
synth_44754,115
synth_44928,115
synth_44362,115
synth_44659,115
synth_44662,115
synth_44717,115
synth_44421,115
synth_44485,115
synth_44774,115
synth_44813,115
synth_44847,115
synth_44357,115
synth_44699,115
synth_44615,115
synth_44713,115
synth_44833,115
synth_44927,115
synth_44938,115
synth_44561,115
synth_44918,115
synth_44427,115
synth_44568,115
synth_44825,115
synth_44416,115
synth_44636,115
synth_44749,115
synth_44503,115
synth_44651,115
synth_44747,115
synth_44555,115
synth_44801,115
synth_44518,115
synth_44649,115
synth_44873,115
synth_44432,115
synth_44922,115
synth_44623,115
synth_44942,115
synth_44654,115
synth_44706,115
synth_44488,115
synth_44764,115
synth_44775,115
synth_44781,115
synth_44522,115
synth_44559,115
synth_44634,115
synth_44904,115
synth_44604,115
synth_44490,115
synth_44572,115
synth_44600,115
synth_44473,115
synth_44510,115
synth_44609,115
synth_44435,115
synth_44387,115
synth_44669,115
synth_44709,115
synth_44366,115
synth_44586,115
synth_44612,115
synth_44614,115
synth_44631,115
synth_44658,115
synth_44375,115
synth_44484,115
synth_44645,115
synth_44866,115
synth_44541,115
synth_44487,115
synth_44672,115
synth_44707,115
synth_44339,115
synth_44597,115
synth_44663,115
synth_44901,115
synth_44311,115
synth_44607,115
synth_44761,115
synth_44385,115
synth_44467,115
synth_44557,115
synth_44689,115
synth_44722,115
synth_44379,115
synth_44667,115
synth_44687,115
synth_44701,115
synth_44715,115
synth_44778,115
synth_44796,115
synth_44828,115
synth_44330,115
synth_44646,115
synth_44673,115
synth_44431,115
synth_44533,115
synth_44755,115
synth_44321,115
synth_44319,115
synth_44505,115
synth_44795,115
synth_44579,115
synth_44611,115
synth_44671,115
synth_44779,115
synth_44870,115
synth_44524,115
synth_44410,115
synth_44582,115
synth_44676,115
synth_44740,115
synth_44767,115
synth_44798,115
synth_44830,115
synth_44349,115
synth_44433,115
synth_44589,115
synth_44322,115
synth_44440,115
synth_44445,115
synth_44570,115
synth_44739,115
synth_44758,115
synth_44919,115
synth_44327,115
synth_44392,115
synth_44477,115
synth_44480,115
synth_44610,115
synth_44661,115
synth_44318,115
synth_44493,115
synth_44507,115
synth_44641,115
synth_44694,115
synth_44443,115
synth_44512,115
synth_44624,115
synth_44627,115
synth_44827,115
synth_44829,115
synth_44855,115
synth_44498,115
synth_44504,115
synth_44629,115
synth_44635,115
synth_44325,115
synth_44501,115
synth_44657,115
synth_44955,115
synth_44643,115
synth_44545,115
synth_44364,115
synth_44446,115
synth_44509,115
synth_44805,115
synth_44752,115
synth_44346,115
synth_44332,115
synth_44791,115
synth_44315,115
synth_44491,115
synth_44547,115
synth_44675,115
synth_44313,115
synth_44317,115
synth_44326,115
synth_44415,115
synth_44854,115
synth_44889,115
synth_44516,115
synth_44347,115
synth_44806,115
synth_44834,115
synth_44394,115
synth_44620,115
synth_44345,115
synth_44356,115
synth_44398,115
synth_44407,115
synth_44768,115
synth_44471,115
synth_44803,115
synth_44885,115
synth_44336,115
synth_44353,115
synth_44384,115
synth_44519,115
synth_44737,115
synth_44821,115
synth_44700,115
synth_44952,115
synth_44534,115
synth_44868,115
synth_44946,115
synth_44782,115
synth_44862,115
synth_44941,115
synth_44506,115
synth_44899,115
synth_44892,115
synth_44917,115
synth_44405,115
synth_44409,115
synth_44640,115
synth_44912,115
synth_44893,115
synth_44429,115
synth_44763,115
synth_44773,115
synth_44837,115
synth_44418,115
synth_44486,115
synth_44637,115
synth_44807,115
synth_44884,115
synth_44365,115
synth_44720,115
synth_44786,115
synth_44731,115
synth_44771,115
synth_44832,115
synth_44626,115
synth_44860,115
synth_44949,115
synth_44333,115
synth_44372,115
synth_44925,115
synth_44951,115
synth_44745,115
synth_44800,115
synth_44876,115
synth_44886,115
synth_44395,115
synth_44451,115
synth_44508,115
synth_44525,115
synth_44810,115
synth_44526,115
synth_44571,115
synth_44804,115
synth_44953,115
synth_44684,115
synth_44808,115
synth_44877,115
synth_44560,115
synth_44751,115
synth_44363,115
synth_44461,115
synth_44724,115
synth_44790,115
synth_44536,115
synth_44580,115
synth_44712,115
synth_44469,115
synth_44680,115
synth_44770,115
synth_44894,115
synth_44544,115
synth_44757,115
synth_44335,115
synth_44537,115
synth_44898,115
synth_44842,115
synth_44908,115
synth_44913,115
synth_44556,115
synth_44470,115
synth_44874,115
synth_44879,115
synth_44903,115
synth_44690,115
synth_44769,115
synth_44809,115
synth_44887,115
synth_44402,115
synth_44499,115
synth_44818,115
synth_44883,115
synth_44324,115
synth_44388,115
synth_44404,115
synth_44426,115
synth_44478,115
synth_44708,115
synth_44710,115
synth_44869,115
synth_44420,115
synth_44511,115
synth_44550,115
synth_44456,115
synth_44843,115
synth_44921,115
synth_44406,115
synth_44489,115
synth_44578,115
synth_44914,115
synth_44920,115
synth_44419,115
synth_44448,115
synth_44563,115
synth_44656,115
synth_44851,115
synth_44871,115
synth_44932,115
synth_44934,115
synth_44334,115
synth_44479,115
synth_44776,115
synth_44644,115
synth_44900,115
synth_44314,115
synth_44502,115
synth_44639,115
synth_44704,115
synth_44875,115
synth_44765,115
synth_44377,115
synth_44459,115
synth_44741,115
synth_44911,115
synth_44542,115
synth_44539,115
synth_44576,115
synth_44725,115
synth_44788,115
synth_44905,115
synth_44811,115
synth_44929,115
synth_44378,115
synth_44719,115
synth_44852,115
synth_44878,115
synth_44750,115
synth_44613,115
synth_44897,115
synth_45070,114
synth_45130,114
synth_45242,114
synth_45305,114
synth_45396,114
synth_44972,114
synth_45010,114
synth_45259,114
synth_45284,114
synth_45302,114
synth_45328,114
synth_45329,114
synth_45207,114
synth_44995,114
synth_45091,114
synth_45608,114
synth_45136,114
synth_45252,114
synth_45264,114
synth_45532,114
synth_45501,114
synth_45038,114
synth_45061,114
synth_45369,114
synth_45177,114
synth_45303,114
synth_45165,114
synth_45166,114
synth_45364,114
synth_45421,114
synth_45448,114
synth_45487,114
synth_44980,114
synth_45124,114
synth_45360,114
synth_45419,114
synth_45530,114
synth_45034,114
synth_45105,114
synth_45263,114
synth_45463,114
synth_45525,114
synth_45358,114
synth_45460,114
synth_45146,114
synth_45238,114
synth_45376,114
synth_44978,114
synth_45352,114
synth_45552,114
synth_45048,114
synth_45011,114
synth_45295,114
synth_45397,114
synth_45016,114
synth_45050,114
synth_45602,114
synth_45032,114
synth_45053,114
synth_45117,114
synth_45140,114
synth_45514,114
synth_45574,114
synth_45170,114
synth_45197,114
synth_45591,114
synth_45058,114
synth_45201,114
synth_45339,114
synth_45127,114
synth_45208,114
synth_45235,114
synth_45148,114
synth_45138,114
synth_45191,114
synth_44993,114
synth_45043,114
synth_45109,114
synth_45440,114
synth_45468,114
synth_45495,114
synth_45240,114
synth_45299,114
synth_45507,114
synth_45027,114
synth_45040,114
synth_45057,114
synth_45075,114
synth_45568,114
synth_45014,114
synth_45142,114
synth_45222,114
synth_45065,114
synth_45225,114
synth_45307,114
synth_45412,114
synth_45509,114
synth_45598,114
synth_44999,114
synth_45565,114
synth_45033,114
synth_45322,114
synth_45444,114
synth_45054,114
synth_45410,114
synth_45488,114
synth_45601,114
synth_44968,114
synth_45351,114
synth_45452,114
synth_45494,114
synth_45613,114
synth_45538,114
synth_45005,114
synth_45344,114
synth_45449,114
synth_45517,114
synth_45580,114
synth_44982,114
synth_45132,114
synth_45342,114
synth_45274,114
synth_45063,114
synth_45243,114
synth_45367,114
synth_45179,114
synth_45193,114
synth_45250,114
synth_45392,114
synth_45437,114
synth_45443,114
synth_45562,114
synth_45564,114
synth_45013,114
synth_45169,114
synth_45332,114
synth_45348,114
synth_45567,114
synth_45089,114
synth_45108,114
synth_45147,114
synth_45172,114
synth_45596,114
synth_45566,114
synth_45200,114
synth_45399,114
synth_45466,114
synth_45474,114
synth_45510,114
synth_45515,114
synth_44994,114
synth_45019,114
synth_45492,114
synth_45536,114
synth_45432,114
synth_45072,114
synth_45158,114
synth_45377,114
synth_45425,114
synth_45584,114
synth_45171,114
synth_45289,114
synth_45185,114
synth_45194,114
synth_45407,114
synth_45424,114
synth_45542,114
synth_45576,114
synth_45579,114
synth_45220,114
synth_45291,114
synth_45524,114
synth_45028,114
synth_45131,114
synth_45258,114
synth_45573,114
synth_44987,114
synth_45548,114
synth_45603,114
synth_45160,114
synth_45490,114
synth_45560,114
synth_45227,114
synth_45345,114
synth_45462,114
synth_45609,114
synth_45035,114
synth_45219,114
synth_45500,114
synth_45543,114
synth_45006,114
synth_45062,114
synth_45319,114
synth_45605,114
synth_45073,114
synth_45137,114
synth_45002,114
synth_45017,114
synth_45133,114
synth_45285,114
synth_45039,114
synth_45595,114
synth_45135,114
synth_45156,114
synth_45315,114
synth_45523,114
synth_45150,114
synth_45203,114
synth_45310,114
synth_45556,114
synth_45068,114
synth_45226,114
synth_45239,114
synth_45414,114
synth_45475,114
synth_44960,114
synth_45003,114
synth_45081,114
synth_45113,114
synth_45278,114
synth_45372,114
synth_45413,114
synth_45550,114
synth_45415,114
synth_45099,114
synth_45537,114
synth_45114,114
synth_45286,114
synth_45533,114
synth_45555,114
synth_45456,114
synth_45561,114
synth_45161,114
synth_44977,114
synth_45558,114
synth_45281,114
synth_45427,114
synth_45465,114
synth_45587,114
synth_45004,114
synth_45149,114
synth_44991,114
synth_45218,114
synth_45234,114
synth_44957,114
synth_45417,114
synth_45283,114
synth_45311,114
synth_45471,114
synth_45031,114
synth_45080,114
synth_45202,114
synth_45206,114
synth_45221,114
synth_45309,114
synth_45572,114
synth_44979,114
synth_45544,114
synth_45617,114
synth_45400,114
synth_45434,114
synth_45023,114
synth_45111,114
synth_45155,114
synth_45316,114
synth_45338,114
synth_45611,114
synth_45096,114
synth_45125,114
synth_45409,114
synth_45597,114
synth_45159,114
synth_45401,114
synth_45522,114
synth_45570,114
synth_45128,114
synth_45144,114
synth_45324,114
synth_45362,114
synth_45036,114
synth_45167,114
synth_45483,114
synth_45268,114
synth_45394,114
synth_45593,114
synth_45196,114
synth_45261,114
synth_45300,114
synth_44971,114
synth_45205,114
synth_45433,114
synth_45502,114
synth_45513,114
synth_45313,114
synth_45554,114
synth_45044,114
synth_45077,114
synth_45209,114
synth_45350,114
synth_45365,114
synth_45408,114
synth_45162,114
synth_45229,114
synth_45337,114
synth_44973,114
synth_45066,114
synth_45126,114
synth_45198,114
synth_45383,114
synth_45388,114
synth_45528,114
synth_45037,114
synth_45389,114
synth_45422,114
synth_45612,114
synth_45233,114
synth_45270,114
synth_45529,114
synth_45549,114
synth_45042,114
synth_45088,114
synth_45181,114
synth_45245,114
synth_45346,114
synth_45152,114
synth_45380,114
synth_44983,114
synth_45195,114
synth_45385,114
synth_45520,114
synth_45118,114
synth_45173,114
synth_45180,114
synth_45476,114
synth_45511,114
synth_45519,114
synth_44967,114
synth_44963,114
synth_45199,114
synth_45347,114
synth_45472,114
synth_45085,114
synth_45255,114
synth_45357,114
synth_45356,114
synth_45508,114
synth_45041,114
synth_45217,114
synth_45355,114
synth_45420,114
synth_45327,114
synth_45334,114
synth_45553,114
synth_44956,114
synth_45078,114
synth_45183,114
synth_44981,114
synth_45015,114
synth_45079,114
synth_45151,114
synth_45000,114
synth_45020,114
synth_45375,114
synth_45049,114
synth_45100,114
synth_44958,114
synth_45087,114
synth_45265,114
synth_45343,114
synth_45107,114
synth_45393,114
synth_45404,114
synth_45182,114
synth_45186,114
synth_44969,114
synth_45129,114
synth_45381,114
synth_45435,114
synth_45092,114
synth_45280,114
synth_45298,114
synth_45279,114
synth_45318,114
synth_45331,114
synth_45371,114
synth_45223,114
synth_45260,114
synth_45363,114
synth_45086,114
synth_45378,114
synth_45382,114
synth_45607,114
synth_45001,114
synth_45082,114
synth_45213,114
synth_45267,114
synth_45308,114
synth_45534,114
synth_45599,114
synth_45545,114
synth_45084,114
synth_45333,114
synth_45478,114
synth_45551,114
synth_45097,114
synth_45446,114
synth_45464,114
synth_45616,114
synth_45326,114
synth_45485,114
synth_45590,114
synth_44964,114
synth_44988,114
synth_45056,114
synth_45157,114
synth_45248,114
synth_45272,114
synth_45571,114
synth_44996,114
synth_45123,114
synth_45257,114
synth_45321,114
synth_45600,114
synth_45060,114
synth_45103,114
synth_45115,114
synth_45241,114
synth_45457,114
synth_45059,114
synth_45374,114
synth_45423,114
synth_45009,114
synth_45190,114
synth_45461,114
synth_45493,114
synth_45604,114
synth_45453,114
synth_44975,114
synth_45354,114
synth_45098,114
synth_45215,114
synth_45292,114
synth_45512,114
synth_45614,114
synth_45323,114
synth_45093,114
synth_45277,114
synth_45588,114
synth_45253,114
synth_45526,114
synth_44976,114
synth_44989,114
synth_45244,114
synth_45314,114
synth_45064,114
synth_45273,114
synth_45288,114
synth_45411,114
synth_45012,114
synth_45026,114
synth_45051,114
synth_45214,114
synth_45330,114
synth_45445,114
synth_45547,114
synth_45224,114
synth_45489,114
synth_45007,114
synth_45112,114
synth_45134,114
synth_45429,114
synth_44990,114
synth_45540,114
synth_45008,114
synth_45153,114
synth_45269,114
synth_45386,114
synth_45184,114
synth_45249,114
synth_45256,114
synth_45294,114
synth_45340,114
synth_45467,114
synth_45174,114
synth_45336,114
synth_45447,114
synth_45120,114
synth_45122,114
synth_45335,114
synth_45067,114
synth_45102,114
synth_45168,114
synth_45477,114
synth_45518,114
synth_45521,114
synth_44997,114
synth_45164,114
synth_45187,114
synth_45282,114
synth_45436,114
synth_45116,114
synth_45254,114
synth_45379,114
synth_45387,114
synth_45480,114
synth_45121,114
synth_45366,114
synth_45479,114
synth_45594,114
synth_44961,114
synth_44986,114
synth_45104,114
synth_45143,114
synth_45450,114
synth_45527,114
synth_45592,114
synth_45390,114
synth_45416,114
synth_45176,114
synth_45192,114
synth_45406,114
synth_45470,114
synth_45482,114
synth_45154,114
synth_45052,114
synth_45076,114
synth_45228,114
synth_45391,114
synth_45583,114
synth_44959,114
synth_45090,114
synth_45178,114
synth_45441,114
synth_45262,114
synth_45276,114
synth_45559,114
synth_45405,114
synth_45589,114
synth_45188,114
synth_45361,114
synth_45496,114
synth_45586,114
synth_45145,114
synth_45325,114
synth_45484,114
synth_44998,114
synth_45606,114
synth_45025,114
synth_45251,114
synth_45312,114
synth_45398,114
synth_45503,114
synth_45139,114
synth_45232,114
synth_45266,114
synth_44985,114
synth_45024,114
synth_45341,114
synth_45428,114
synth_45290,114
synth_45459,114
synth_45499,114
synth_45119,114
synth_45306,114
synth_45030,114
synth_45141,114
synth_45211,114
synth_45231,114
synth_45237,114
synth_45296,114
synth_45505,114
synth_45426,114
synth_45569,114
synth_45071,114
synth_45293,114
synth_45431,114
synth_45469,114
synth_45045,114
synth_45046,114
synth_45204,114
synth_45402,114
synth_45430,114
synth_45473,114
synth_45163,114
synth_45297,114
synth_45074,114
synth_45497,114
synth_45287,114
synth_45506,114
synth_44984,114
synth_45563,114
synth_45083,114
synth_45275,114
synth_45384,114
synth_45491,114
synth_45403,114
synth_45458,114
synth_45535,114
synth_44965,114
synth_44974,114
synth_45575,114
synth_45029,114
synth_45047,114
synth_45577,114
synth_44966,114
synth_45022,114
synth_45095,114
synth_45451,114
synth_45615,114
synth_45069,114
synth_45349,114
synth_45373,114
synth_45439,114
synth_45481,114
synth_45582,114
synth_45610,114
synth_45317,114
synth_45359,114
synth_45442,114
synth_45486,114
synth_45516,114
synth_45018,114
synth_45055,114
synth_45094,114
synth_45236,114
synth_45247,114
synth_45353,114
synth_45541,114
synth_45246,114
synth_45271,114
synth_45498,114
synth_45578,114
synth_45210,114
synth_45230,114
synth_45418,114
synth_45101,114
synth_45189,114
synth_45370,114
synth_45546,114
synth_45320,114
synth_44992,114
synth_45557,114
synth_45021,114
synth_45106,114
synth_45368,114
synth_45581,114
synth_44970,114
synth_45216,114
synth_45395,114
synth_45504,114
synth_45585,114
synth_45455,114
synth_45531,114
synth_45212,114
synth_45110,114
synth_45175,114
synth_45454,114
synth_45539,114
synth_45301,114
synth_45438,114
synth_45304,114
synth_44962,114
synth_45770,113
synth_45904,113
synth_45982,113
synth_46207,113
synth_45968,113
synth_46255,113
synth_45950,113
synth_46134,113
synth_46066,113
synth_45762,113
synth_46006,113
synth_46015,113
synth_45829,113
synth_45808,113
synth_45878,113
synth_45910,113
synth_45901,113
synth_46188,113
synth_45855,113
synth_45983,113
synth_46220,113
synth_45782,113
synth_46034,113
synth_45760,113
synth_45836,113
synth_45998,113
synth_46001,113
synth_45966,113
synth_46224,113
synth_45694,113
synth_46182,113
synth_45970,113
synth_45991,113
synth_46260,113
synth_45883,113
synth_45621,113
synth_45969,113
synth_45708,113
synth_45954,113
synth_46169,113
synth_46013,113
synth_45723,113
synth_45726,113
synth_45861,113
synth_46186,113
synth_45925,113
synth_46136,113
synth_45659,113
synth_45834,113
synth_45909,113
synth_46024,113
synth_45892,113
synth_46180,113
synth_45751,113
synth_45642,113
synth_45748,113
synth_45995,113
synth_46202,113
synth_45658,113
synth_45981,113
synth_46097,113
synth_45784,113
synth_45796,113
synth_45893,113
synth_45967,113
synth_46092,113
synth_45739,113
synth_45683,113
synth_45809,113
synth_46094,113
synth_46199,113
synth_45789,113
synth_45962,113
synth_46158,113
synth_46219,113
synth_46131,113
synth_46140,113
synth_46175,113
synth_45977,113
synth_45979,113
synth_46048,113
synth_46243,113
synth_46279,113
synth_45926,113
synth_45862,113
synth_45923,113
synth_45972,113
synth_46231,113
synth_45902,113
synth_46240,113
synth_46147,113
synth_45863,113
synth_46009,113
synth_46063,113
synth_46157,113
synth_45818,113
synth_45887,113
synth_46197,113
synth_45738,113
synth_45851,113
synth_45905,113
synth_45740,113
synth_45881,113
synth_46146,113
synth_45906,113
synth_45675,113
synth_45725,113
synth_45800,113
synth_46120,113
synth_46133,113
synth_45645,113
synth_45656,113
synth_46020,113
synth_46176,113
synth_45746,113
synth_45671,113
synth_45939,113
synth_45684,113
synth_45917,113
synth_46023,113
synth_45729,113
synth_45624,113
synth_46201,113
synth_45964,113
synth_45806,113
synth_45812,113
synth_46149,113
synth_46223,113
synth_45845,113
synth_45896,113
synth_46115,113
synth_46204,113
synth_45791,113
synth_45792,113
synth_45742,113
synth_46229,113
synth_46069,113
synth_45826,113
synth_46010,113
synth_46118,113
synth_45619,113
synth_45944,113
synth_45814,113
synth_46181,113
synth_46191,113
synth_45722,113
synth_45727,113
synth_45736,113
synth_45743,113
synth_45663,113
synth_45780,113
synth_46044,113
synth_46214,113
synth_45703,113
synth_45985,113
synth_46031,113
synth_46128,113
synth_45631,113
synth_45714,113
synth_45799,113
synth_46122,113
synth_45697,113
synth_46002,113
synth_46190,113
synth_46163,113
synth_46232,113
synth_46161,113
synth_45761,113
synth_45918,113
synth_46119,113
synth_46209,113
synth_45934,113
synth_45665,113
synth_45692,113
synth_45805,113
synth_45822,113
synth_45989,113
synth_46083,113
synth_46141,113
synth_46168,113
synth_46089,113
synth_45769,113
synth_45914,113
synth_46166,113
synth_45933,113
synth_46053,113
synth_46111,113
synth_46291,113
synth_45758,113
synth_45885,113
synth_46286,113
synth_45747,113
synth_46262,113
synth_45833,113
synth_45872,113
synth_46117,113
synth_46192,113
synth_46150,113
synth_46164,113
synth_45797,113
synth_46008,113
synth_46185,113
synth_45712,113
synth_46228,113
synth_45823,113
synth_45963,113
synth_45987,113
synth_45622,113
synth_45753,113
synth_45850,113
synth_45948,113
synth_46249,113
synth_46055,113
synth_46266,113
synth_46123,113
synth_45898,113
synth_46217,113
synth_46152,113
synth_45653,113
synth_46052,113
synth_45691,113
synth_45793,113
synth_45755,113
synth_45641,113
synth_45646,113
synth_45865,113
synth_46151,113
synth_45660,113
synth_45816,113
synth_45844,113
synth_45868,113
synth_46033,113
synth_45644,113
synth_45879,113
synth_45810,113
synth_46101,113
synth_46159,113
synth_45688,113
synth_45679,113
synth_45763,113
synth_46077,113
synth_46096,113
synth_46282,113
synth_45700,113
synth_45737,113
synth_45777,113
synth_45831,113
synth_46281,113
synth_45669,113
synth_45894,113
synth_46257,113
synth_46267,113
synth_46129,113
synth_45707,113
synth_46210,113
synth_45832,113
synth_46109,113
synth_46278,113
synth_45766,113
synth_46054,113
synth_46235,113
synth_45750,113
synth_46090,113
synth_45891,113
synth_46155,113
synth_45886,113
synth_46183,113
synth_45634,113
synth_45715,113
synth_45973,113
synth_46139,113
synth_46041,113
synth_46287,113
synth_45655,113
synth_45840,113
synth_46184,113
synth_45620,113
synth_45903,113
synth_45951,113
synth_46213,113
synth_45670,113
synth_45772,113
synth_46017,113
synth_46239,113
synth_45674,113
synth_46035,113
synth_46073,113
synth_45980,113
synth_45866,113
synth_46072,113
synth_46102,113
synth_46242,113
synth_45778,113
synth_45941,113
synth_45651,113
synth_45682,113
synth_46007,113
synth_46244,113
synth_45625,113
synth_45706,113
synth_46130,113
synth_46144,113
synth_45756,113
synth_45986,113
synth_45680,113
synth_45804,113
synth_46091,113
synth_45946,113
synth_45664,113
synth_45846,113
synth_46071,113
synth_45626,113
synth_45745,113
synth_46037,113
synth_46050,113
synth_46256,113
synth_45935,113
synth_46222,113
synth_46036,113
synth_46095,113
synth_45787,113
synth_45993,113
synth_45643,113
synth_46258,113
synth_46178,113
synth_46274,113
synth_45927,113
synth_45928,113
synth_46271,113
synth_45650,113
synth_46028,113
synth_46100,113
synth_46171,113
synth_46200,113
synth_46261,113
synth_45957,113
synth_46065,113
synth_45649,113
synth_46061,113
synth_46237,113
synth_45677,113
synth_45733,113
synth_46226,113
synth_45794,113
synth_46049,113
synth_46106,113
synth_45871,113
synth_45858,113
synth_46026,113
synth_45633,113
synth_45728,113
synth_45819,113
synth_46038,113
synth_46056,113
synth_46070,113
synth_45776,113
synth_45830,113
synth_45744,113
synth_46148,113
synth_45667,113
synth_45668,113
synth_45720,113
synth_45984,113
synth_46078,113
synth_45638,113
synth_45704,113
synth_45956,113
synth_46212,113
synth_46067,113
synth_46193,113
synth_45961,113
synth_45672,113
synth_45685,113
synth_45695,113
synth_45900,113
synth_46058,113
synth_45623,113
synth_46143,113
synth_46112,113
synth_45731,113
synth_46114,113
synth_45710,113
synth_45718,113
synth_46167,113
synth_45949,113
synth_45801,113
synth_45942,113
synth_45802,113
synth_45853,113
synth_46057,113
synth_46042,113
synth_46273,113
synth_45719,113
synth_46145,113
synth_46051,113
synth_46107,113
synth_45627,113
synth_45907,113
synth_46046,113
synth_46264,113
synth_45781,113
synth_46080,113
synth_46127,113
synth_45661,113
synth_46103,113
synth_46154,113
synth_45912,113
synth_45681,113
synth_45820,113
synth_46075,113
synth_45786,113
synth_45807,113
synth_45938,113
synth_46253,113
synth_46121,113
synth_45647,113
synth_45997,113
synth_46004,113
synth_45959,113
synth_46079,113
synth_46275,113
synth_46110,113
synth_46270,113
synth_45654,113
synth_45705,113
synth_46179,113
synth_46177,113
synth_46234,113
synth_46105,113
synth_46216,113
synth_45788,113
synth_46068,113
synth_46082,113
synth_46288,113
synth_45773,113
synth_46165,113
synth_45795,113
synth_45847,113
synth_45635,113
synth_45825,113
synth_45856,113
synth_45930,113
synth_46099,113
synth_46215,113
synth_46247,113
synth_45678,113
synth_45870,113
synth_46280,113
synth_46162,113
synth_46221,113
synth_46003,113
synth_46088,113
synth_46198,113
synth_46276,113
synth_45932,113
synth_45837,113
synth_46230,113
synth_45828,113
synth_45874,113
synth_45890,113
synth_45913,113
synth_45931,113
synth_45952,113
synth_46124,113
synth_45686,113
synth_45867,113
synth_45895,113
synth_46011,113
synth_46039,113
synth_45632,113
synth_45884,113
synth_46000,113
synth_46022,113
synth_46269,113
synth_45953,113
synth_46087,113
synth_45701,113
synth_45915,113
synth_46142,113
synth_45889,113
synth_46284,113
synth_45785,113
synth_46093,113
synth_46251,113
synth_46295,113
synth_45937,113
synth_46218,113
synth_45702,113
synth_46160,113
synth_45815,113
synth_46108,113
synth_46126,113
synth_45713,113
synth_45839,113
synth_45854,113
synth_46005,113
synth_46189,113
synth_46268,113
synth_45636,113
synth_45841,113
synth_46294,113
synth_46277,113
synth_45711,113
synth_45922,113
synth_45958,113
synth_45978,113
synth_46252,113
synth_45639,113
synth_45852,113
synth_46018,113
synth_46043,113
synth_46254,113
synth_45629,113
synth_45965,113
synth_45821,113
synth_45827,113
synth_46187,113
synth_45971,113
synth_46173,113
synth_46211,113
synth_46104,113
synth_46194,113
synth_45936,113
synth_45975,113
synth_46074,113
synth_45779,113
synth_46208,113
synth_45648,113
synth_45689,113
synth_45798,113
synth_46029,113
synth_45960,113
synth_46153,113
synth_46170,113
synth_45842,113
synth_45724,113
synth_45817,113
synth_45882,113
synth_45628,113
synth_46227,113
synth_45899,113
synth_46125,113
synth_45864,113
synth_46019,113
synth_46113,113
synth_46205,113
synth_45974,113
synth_45843,113
synth_45947,113
synth_45775,113
synth_45921,113
synth_46236,113
synth_45911,113
synth_45699,113
synth_45811,113
synth_45916,113
synth_45640,113
synth_45990,113
synth_45992,113
synth_45790,113
synth_45869,113
synth_46047,113
synth_46225,113
synth_45734,113
synth_45752,113
synth_46233,113
synth_45698,113
synth_45771,113
synth_46085,113
synth_46137,113
synth_46172,113
synth_45803,113
synth_45876,113
synth_46259,113
synth_46012,113
synth_45741,113
synth_45996,113
synth_45774,113
synth_45849,113
synth_45859,113
synth_46059,113
synth_46272,113
synth_45676,113
synth_45877,113
synth_45888,113
synth_46076,113
synth_46245,113
synth_45730,113
synth_45757,113
synth_46285,113
synth_45709,113
synth_46132,113
synth_46156,113
synth_45759,113
synth_45783,113
synth_45838,113
synth_46040,113
synth_46084,113
synth_45860,113
synth_46116,113
synth_46135,113
synth_46283,113
synth_45920,113
synth_45873,113
synth_45897,113
synth_45687,113
synth_45824,113
synth_45988,113
synth_46030,113
synth_45630,113
synth_45721,113
synth_46014,113
synth_46174,113
synth_45848,113
synth_45857,113
synth_46025,113
synth_45618,113
synth_45764,113
synth_46032,113
synth_46292,113
synth_45943,113
synth_45945,113
synth_45929,113
synth_46086,113
synth_46203,113
synth_45652,113
synth_45717,113
synth_45662,113
synth_45666,113
synth_46265,113
synth_46293,113
synth_45768,113
synth_45976,113
synth_45690,113
synth_45765,113
synth_45908,113
synth_46062,113
synth_45735,113
synth_45994,113
synth_45835,113
synth_45875,113
synth_46016,113
synth_46021,113
synth_46081,113
synth_46206,113
synth_46060,113
synth_46064,113
synth_46196,113
synth_45754,113
synth_45767,113
synth_45940,113
synth_45657,113
synth_45919,113
synth_46290,113
synth_45673,113
synth_46045,113
synth_46195,113
synth_46241,113
synth_46246,113
synth_46248,113
synth_45749,113
synth_45955,113
synth_45999,113
synth_46027,113
synth_46238,113
synth_45637,113
synth_45880,113
synth_46098,113
synth_45924,113
synth_46138,113
synth_45696,113
synth_46263,113
synth_45693,113
synth_45813,113
synth_46250,113
synth_45716,113
synth_46289,113
synth_45732,113
synth_46515,112
synth_46932,112
synth_46394,112
synth_46556,112
synth_46820,112
synth_46952,112
synth_46664,112
synth_46608,112
synth_46521,112
synth_46668,112
synth_46776,112
synth_46916,112
synth_46396,112
synth_46557,112
synth_46628,112
synth_46988,112
synth_46343,112
synth_46853,112
synth_46936,112
synth_46944,112
synth_46502,112
synth_46826,112
synth_46320,112
synth_46980,112
synth_46430,112
synth_46870,112
synth_46389,112
synth_46392,112
synth_46953,112
synth_46975,112
synth_46321,112
synth_46338,112
synth_46691,112
synth_46355,112
synth_46369,112
synth_46734,112
synth_46889,112
synth_46882,112
synth_46314,112
synth_46578,112
synth_46401,112
synth_46815,112
synth_46412,112
synth_46884,112
synth_46895,112
synth_46545,112
synth_46593,112
synth_46636,112
synth_46522,112
synth_46632,112
synth_46640,112
synth_46780,112
synth_46420,112
synth_46421,112
synth_46473,112
synth_46475,112
synth_46907,112
synth_46485,112
synth_46769,112
synth_46330,112
synth_46696,112
synth_46750,112
synth_46866,112
synth_46596,112
synth_46377,112
synth_46541,112
synth_46680,112
synth_46558,112
synth_46732,112
synth_46950,112
synth_46365,112
synth_46911,112
synth_46943,112
synth_46352,112
synth_46366,112
synth_46383,112
synth_46404,112
synth_46663,112
synth_46738,112
synth_46823,112
synth_46624,112
synth_46438,112
synth_46504,112
synth_46309,112
synth_46878,112
synth_46390,112
synth_46422,112
synth_46724,112
synth_46477,112
synth_46850,112
synth_46909,112
synth_46298,112
synth_46376,112
synth_46486,112
synth_46468,112
synth_46740,112
synth_46833,112
synth_46370,112
synth_46532,112
synth_46912,112
synth_46393,112
synth_46414,112
synth_46686,112
synth_46424,112
synth_46523,112
synth_46710,112
synth_46918,112
synth_46971,112
synth_46600,112
synth_46781,112
synth_46858,112
synth_46939,112
synth_46419,112
synth_46478,112
synth_46945,112
synth_46817,112
synth_46766,112
synth_46849,112
synth_46891,112
synth_46652,112
synth_46958,112
synth_46754,112
synth_46885,112
synth_46896,112
synth_46923,112
synth_46986,112
synth_46431,112
synth_46934,112
synth_46409,112
synth_46540,112
synth_46586,112
synth_46656,112
synth_46863,112
synth_46519,112
synth_46807,112
synth_46812,112
synth_46323,112
synth_46972,112
synth_46743,112
synth_46774,112
synth_46638,112
synth_46989,112
synth_46512,112
synth_46759,112
synth_46592,112
synth_46622,112
synth_46641,112
synth_46782,112
synth_46799,112
synth_46827,112
synth_46785,112
synth_46499,112
synth_46500,112
synth_46722,112
synth_46762,112
synth_46335,112
synth_46453,112
synth_46353,112
synth_46764,112
synth_46374,112
synth_46459,112
synth_46935,112
synth_46492,112
synth_46814,112
synth_46834,112
synth_46914,112
synth_46642,112
synth_46671,112
synth_46751,112
synth_46402,112
synth_46454,112
synth_46493,112
synth_46748,112
synth_46577,112
synth_46666,112
synth_46673,112
synth_46727,112
synth_46787,112
synth_46809,112
synth_46813,112
synth_46729,112
synth_46538,112
synth_46708,112
synth_46736,112
synth_46838,112
synth_46650,112
synth_46857,112
synth_46513,112
synth_46810,112
synth_46610,112
synth_46899,112
synth_46982,112
synth_46415,112
synth_46741,112
synth_46763,112
synth_46917,112
synth_46961,112
synth_46714,112
synth_46758,112
synth_46881,112
synth_46635,112
synth_46345,112
synth_46380,112
synth_46848,112
synth_46886,112
synth_46954,112
synth_46417,112
synth_46429,112
synth_46464,112
synth_46399,112
synth_46830,112
synth_46883,112
synth_46644,112
synth_46930,112
synth_46965,112
synth_46378,112
synth_46494,112
synth_46802,112
synth_46831,112
synth_46388,112
synth_46615,112
synth_46672,112
synth_46771,112
synth_46819,112
synth_46551,112
synth_46587,112
synth_46536,112
synth_46808,112
synth_46331,112
synth_46568,112
synth_46682,112
synth_46509,112
synth_46462,112
synth_46922,112
synth_46937,112
synth_46361,112
synth_46659,112
synth_46319,112
synth_46619,112
synth_46900,112
synth_46589,112
synth_46643,112
synth_46364,112
synth_46818,112
synth_46894,112
synth_46296,112
synth_46358,112
synth_46825,112
synth_46347,112
synth_46458,112
synth_46460,112
synth_46618,112
synth_46964,112
synth_46765,112
synth_46308,112
synth_46582,112
synth_46794,112
synth_46940,112
synth_46946,112
synth_46382,112
synth_46701,112
synth_46702,112
synth_46711,112
synth_46569,112
synth_46300,112
synth_46311,112
synth_46427,112
synth_46476,112
synth_46599,112
synth_46559,112
synth_46611,112
synth_46423,112
synth_46491,112
synth_46693,112
synth_46698,112
synth_46723,112
synth_46597,112
synth_46862,112
synth_46457,112
synth_46647,112
synth_46511,112
synth_46717,112
synth_46803,112
synth_46465,112
synth_46755,112
synth_46756,112
synth_46617,112
synth_46631,112
synth_46951,112
synth_46354,112
synth_46450,112
synth_46660,112
synth_46725,112
synth_46981,112
synth_46767,112
synth_46887,112
synth_46326,112
synth_46371,112
synth_46373,112
synth_46584,112
synth_46633,112
synth_46804,112
synth_46816,112
synth_46800,112
synth_46356,112
synth_46360,112
synth_46880,112
synth_46877,112
synth_46517,112
synth_46303,112
synth_46456,112
synth_46601,112
synth_46487,112
synth_46518,112
synth_46367,112
synth_46690,112
synth_46544,112
synth_46639,112
synth_46529,112
synth_46657,112
synth_46948,112
synth_46539,112
synth_46720,112
synth_46681,112
synth_46938,112
synth_46435,112
synth_46496,112
synth_46718,112
synth_46567,112
synth_46621,112
synth_46856,112
synth_46879,112
synth_46949,112
synth_46386,112
synth_46432,112
synth_46928,112
synth_46337,112
synth_46874,112
synth_46334,112
synth_46346,112
synth_46977,112
synth_46550,112
synth_46471,112
synth_46605,112
synth_46626,112
synth_46391,112
synth_46483,112
synth_46744,112
synth_46344,112
synth_46581,112
synth_46947,112
synth_46712,112
synth_46634,112
synth_46440,112
synth_46489,112
synth_46747,112
synth_46564,112
synth_46583,112
synth_46503,112
synth_46516,112
synth_46661,112
synth_46623,112
synth_46783,112
synth_46929,112
synth_46903,112
synth_46413,112
synth_46630,112
synth_46646,112
synth_46520,112
synth_46336,112
synth_46434,112
synth_46317,112
synth_46342,112
synth_46552,112
synth_46480,112
synth_46692,112
synth_46854,112
synth_46481,112
synth_46822,112
synth_46313,112
synth_46316,112
synth_46322,112
synth_46969,112
synth_46679,112
synth_46689,112
synth_46893,112
synth_46770,112
synth_46843,112
synth_46616,112
synth_46571,112
synth_46572,112
synth_46956,112
synth_46966,112
synth_46772,112
synth_46555,112
synth_46594,112
synth_46959,112
synth_46403,112
synth_46302,112
synth_46580,112
synth_46707,112
synth_46897,112
synth_46498,112
synth_46463,112
synth_46479,112
synth_46805,112
synth_46888,112
synth_46449,112
synth_46730,112
synth_46801,112
synth_46963,112
synth_46306,112
synth_46542,112
synth_46791,112
synth_46406,112
synth_46549,112
synth_46719,112
synth_46844,112
synth_46528,112
synth_46927,112
synth_46967,112
synth_46510,112
synth_46806,112
synth_46910,112
synth_46484,112
synth_46865,112
synth_46811,112
synth_46733,112
synth_46904,112
synth_46658,112
synth_46745,112
synth_46443,112
synth_46839,112
synth_46362,112
synth_46400,112
synth_46704,112
synth_46749,112
synth_46333,112
synth_46543,112
synth_46606,112
synth_46861,112
synth_46898,112
synth_46979,112
synth_46867,112
synth_46307,112
synth_46821,112
synth_46448,112
synth_46579,112
synth_46469,112
synth_46328,112
synth_46669,112
synth_46901,112
synth_46387,112
synth_46441,112
synth_46721,112
synth_46835,112
synth_46312,112
synth_46318,112
synth_46547,112
synth_46598,112
synth_46684,112
synth_46385,112
synth_46505,112
synth_46761,112
synth_46325,112
synth_46627,112
synth_46960,112
synth_46913,112
synth_46576,112
synth_46426,112
synth_46436,112
synth_46591,112
synth_46384,112
synth_46530,112
synth_46715,112
synth_46753,112
synth_46566,112
synth_46775,112
synth_46397,112
synth_46574,112
synth_46501,112
synth_46919,112
synth_46654,112
synth_46675,112
synth_46416,112
synth_46637,112
synth_46793,112
synth_46859,112
synth_46778,112
synth_46411,112
synth_46924,112
synth_46976,112
synth_46563,112
synth_46840,112
synth_46490,112
synth_46846,112
synth_46451,112
synth_46653,112
synth_46869,112
synth_46497,112
synth_46561,112
synth_46570,112
synth_46602,112
synth_46697,112
synth_46797,112
synth_46942,112
synth_46526,112
synth_46685,112
synth_46789,112
synth_46926,112
synth_46921,112
synth_46595,112
synth_46790,112
synth_46906,112
synth_46379,112
synth_46381,112
synth_46350,112
synth_46508,112
synth_46716,112
synth_46310,112
synth_46315,112
synth_46398,112
synth_46554,112
synth_46604,112
synth_46612,112
synth_46645,112
synth_46695,112
synth_46527,112
synth_46588,112
synth_46955,112
synth_46560,112
synth_46428,112
synth_46332,112
synth_46548,112
synth_46444,112
synth_46905,112
synth_46488,112
synth_46506,112
synth_46662,112
synth_46933,112
synth_46620,112
synth_46728,112
synth_46590,112
synth_46703,112
synth_46372,112
synth_46670,112
synth_46852,112
synth_46925,112
synth_46525,112
synth_46902,112
synth_46408,112
synth_46461,112
synth_46962,112
synth_46575,112
synth_46609,112
synth_46607,112
synth_46699,112
synth_46915,112
synth_46613,112
synth_46534,112
synth_46920,112
synth_46339,112
synth_46687,112
synth_46847,112
synth_46327,112
synth_46676,112
synth_46752,112
synth_46329,112
synth_46585,112
synth_46649,112
synth_46433,112
synth_46683,112
synth_46726,112
synth_46553,112
synth_46855,112
synth_46978,112
synth_46828,112
synth_46795,112
synth_46851,112
synth_46482,112
synth_46871,112
synth_46892,112
synth_46442,112
synth_46786,112
synth_46742,112
synth_46768,112
synth_46565,112
synth_46796,112
synth_46737,112
synth_46573,112
synth_46970,112
synth_46706,112
synth_46824,112
synth_46446,112
synth_46842,112
synth_46375,112
synth_46739,112
synth_46625,112
synth_46941,112
synth_46931,112
synth_46875,112
synth_46876,112
synth_46983,112
synth_46297,112
synth_46368,112
synth_46533,112
synth_46665,112
synth_46984,112
synth_46418,112
synth_46798,112
synth_46348,112
synth_46395,112
synth_46410,112
synth_46629,112
synth_46731,112
synth_46973,112
synth_46868,112
synth_46968,112
synth_46305,112
synth_46531,112
synth_46667,112
synth_46678,112
synth_46836,112
synth_46562,112
synth_46299,112
synth_46535,112
synth_46829,112
synth_46359,112
synth_46603,112
synth_46648,112
synth_46974,112
synth_46304,112
synth_46447,112
synth_46655,112
synth_46694,112
synth_46908,112
synth_46324,112
synth_46363,112
synth_46514,112
synth_46651,112
synth_46340,112
synth_46788,112
synth_46357,112
synth_46760,112
synth_46301,112
synth_46860,112
synth_46987,112
synth_46452,112
synth_46467,112
synth_46777,112
synth_46349,112
synth_46474,112
synth_46546,112
synth_46405,112
synth_46705,112
synth_46614,112
synth_46985,112
synth_46537,112
synth_46735,112
synth_46445,112
synth_46773,112
synth_46470,112
synth_46688,112
synth_46524,112
synth_46466,112
synth_46439,112
synth_46872,112
synth_46455,112
synth_46472,112
synth_46674,112
synth_46873,112
synth_46407,112
synth_46507,112
synth_46713,112
synth_46832,112
synth_46890,112
synth_46341,112
synth_46677,112
synth_46351,112
synth_46425,112
synth_46746,112
synth_46437,112
synth_46700,112
synth_46837,112
synth_46709,112
synth_46757,112
synth_46864,112
synth_46495,112
synth_46779,112
synth_46845,112
synth_46784,112
synth_46792,112
synth_46841,112
synth_46957,112
synth_47060,111
synth_47289,111
synth_47329,111
synth_47356,111
synth_47554,111
synth_47196,111
synth_47423,111
synth_47588,111
synth_47627,111
synth_47099,111
synth_47122,111
synth_47431,111
synth_47432,111
synth_47226,111
synth_47381,111
synth_47148,111
synth_47693,111
synth_47168,111
synth_47292,111
synth_47029,111
synth_47459,111
synth_47590,111
synth_47668,111
synth_47561,111
synth_47021,111
synth_47030,111
synth_47106,111
synth_47184,111
synth_47234,111
synth_47265,111
synth_47288,111
synth_47448,111
synth_47461,111
synth_47674,111
synth_47216,111
synth_47390,111
synth_47480,111
synth_47114,111
synth_47158,111
synth_47290,111
synth_47500,111
synth_47273,111
synth_47062,111
synth_47067,111
synth_47434,111
synth_47224,111
synth_47312,111
synth_47417,111
synth_47046,111
synth_47077,111
synth_47264,111
synth_47367,111
synth_47173,111
synth_47236,111
synth_47580,111
synth_47658,111
synth_47031,111
synth_47051,111
synth_47268,111
synth_47647,111
synth_46992,111
synth_47677,111
synth_47304,111
synth_47413,111
synth_47486,111
synth_46993,111
synth_47293,111
synth_47581,111
synth_47117,111
synth_47507,111
synth_47281,111
synth_47336,111
synth_47445,111
synth_47466,111
synth_47551,111
synth_47178,111
synth_47215,111
synth_47368,111
synth_47429,111
synth_47205,111
synth_47571,111
synth_47068,111
synth_47310,111
synth_47022,111
synth_47302,111
synth_47572,111
synth_47164,111
synth_47177,111
synth_47203,111
synth_47331,111
synth_47371,111
synth_47538,111
synth_47621,111
synth_47137,111
synth_47241,111
synth_47359,111
synth_47550,111
synth_47615,111
synth_47039,111
synth_47212,111
synth_47386,111
synth_47388,111
synth_47392,111
synth_47555,111
synth_47574,111
synth_47418,111
synth_47074,111
synth_47190,111
synth_47328,111
synth_47405,111
synth_47454,111
synth_47010,111
synth_47489,111
synth_47244,111
synth_47024,111
synth_47094,111
synth_47395,111
synth_47553,111
synth_47582,111
synth_47517,111
synth_47301,111
synth_47372,111
synth_47527,111
synth_47694,111
synth_46994,111
synth_47614,111
synth_47052,111
synth_47211,111
synth_47490,111
synth_47562,111
synth_47054,111
synth_47568,111
synth_47592,111
synth_47042,111
synth_47064,111
synth_47523,111
synth_47576,111
synth_47038,111
synth_47544,111
synth_47589,111
synth_47249,111
synth_47028,111
synth_47133,111
synth_47295,111
synth_46995,111
synth_47254,111
synth_47385,111
synth_47240,111
synth_47321,111
synth_47337,111
synth_47484,111
synth_47050,111
synth_47135,111
synth_47594,111
synth_47640,111
synth_47056,111
synth_47180,111
synth_47246,111
synth_47363,111
synth_47536,111
synth_47600,111
synth_47209,111
synth_47657,111
synth_47006,111
synth_47366,111
synth_47453,111
synth_47350,111
synth_47411,111
synth_47481,111
synth_47123,111
synth_47243,111
synth_47272,111
synth_47066,111
synth_47113,111
synth_47309,111
synth_47342,111
synth_47485,111
synth_47160,111
synth_47195,111
synth_47347,111
synth_47379,111
synth_47036,111
synth_47532,111
synth_47150,111
synth_47154,111
synth_47239,111
synth_47335,111
synth_47364,111
synth_47420,111
synth_47543,111
synth_47667,111
synth_47100,111
synth_47111,111
synth_47181,111
synth_47612,111
synth_47199,111
synth_47410,111
synth_47492,111
synth_47058,111
synth_47447,111
synth_47269,111
synth_47659,111
synth_47127,111
synth_47151,111
synth_47355,111
synth_47394,111
synth_47516,111
synth_47508,111
synth_47258,111
synth_47280,111
synth_47525,111
synth_47208,111
synth_47322,111
synth_47467,111
synth_47267,111
synth_47519,111
synth_47057,111
synth_47121,111
synth_47433,111
synth_47497,111
synth_47524,111
synth_47530,111
synth_47632,111
synth_47227,111
synth_47189,111
synth_47225,111
synth_47596,111
synth_47136,111
synth_47161,111
synth_47210,111
synth_47296,111
synth_47403,111
synth_47482,111
synth_47613,111
synth_46990,111
synth_47192,111
synth_47221,111
synth_47664,111
synth_47017,111
synth_47130,111
synth_47175,111
synth_47374,111
synth_47642,111
synth_47103,111
synth_47220,111
synth_47496,111
synth_47520,111
synth_47629,111
synth_47255,111
synth_47470,111
synth_47539,111
synth_47340,111
synth_47353,111
synth_47377,111
synth_47521,111
synth_47631,111
synth_47155,111
synth_47218,111
synth_47283,111
synth_47515,111
synth_47541,111
synth_47233,111
synth_47522,111
synth_47533,111
synth_47681,111
synth_47228,111
synth_47105,111
synth_47188,111
synth_47404,111
synth_47513,111
synth_47680,111
synth_47116,111
synth_47282,111
synth_47575,111
synth_47274,111
synth_47093,111
synth_47349,111
synth_47473,111
synth_47585,111
synth_47616,111
synth_47697,111
synth_47307,111
synth_47040,111
synth_47266,111
synth_47375,111
synth_47087,111
synth_47488,111
synth_47502,111
synth_47107,111
synth_47380,111
synth_47422,111
synth_47534,111
synth_47012,111
synth_47535,111
synth_47686,111
synth_47618,111
synth_47004,111
synth_47142,111
synth_47020,111
synth_47170,111
synth_47370,111
synth_47526,111
synth_47026,111
synth_47129,111
synth_47166,111
synth_47358,111
synth_47463,111
synth_47511,111
synth_47131,111
synth_47191,111
synth_47556,111
synth_47619,111
synth_47073,111
synth_47278,111
synth_47320,111
synth_47654,111
synth_47341,111
synth_47446,111
synth_47479,111
synth_47623,111
synth_47090,111
synth_47646,111
synth_47685,111
synth_47628,111
synth_47000,111
synth_47591,111
synth_47041,111
synth_47316,111
synth_47352,111
synth_47510,111
synth_47528,111
synth_47573,111
synth_47606,111
synth_47652,111
synth_47669,111
synth_47689,111
synth_47125,111
synth_47391,111
synth_47398,111
synth_47626,111
synth_47419,111
synth_47049,111
synth_47483,111
synth_47695,111
synth_47185,111
synth_47253,111
synth_47332,111
synth_47430,111
synth_47663,111
synth_46997,111
synth_47443,111
synth_47518,111
synth_47546,111
synth_47138,111
synth_47324,111
synth_47400,111
synth_47034,111
synth_47048,111
synth_47305,111
synth_47464,111
synth_47670,111
synth_47217,111
synth_47080,111
synth_47650,111
synth_47259,111
synth_47299,111
synth_47346,111
synth_47540,111
synth_47070,111
synth_47578,111
synth_47687,111
synth_47207,111
synth_47622,111
synth_47095,111
synth_47143,111
synth_47201,111
synth_47384,111
synth_47194,111
synth_47451,111
synth_47678,111
synth_47345,111
synth_47665,111
synth_47140,111
synth_47147,111
synth_47162,111
synth_47435,111
synth_47079,111
synth_47369,111
synth_47408,111
synth_47442,111
synth_47444,111
synth_47008,111
synth_47016,111
synth_47086,111
synth_47146,111
synth_47421,111
synth_47560,111
synth_47577,111
synth_47257,111
synth_47277,111
synth_46998,111
synth_47348,111
synth_47406,111
synth_47468,111
synth_47477,111
synth_46996,111
synth_47343,111
synth_47569,111
synth_47666,111
synth_47076,111
synth_47078,111
synth_47179,111
synth_47387,111
synth_47402,111
synth_47639,111
synth_47682,111
synth_47112,111
synth_47634,111
synth_47134,111
synth_47598,111
synth_47699,111
synth_47015,111
synth_47157,111
synth_47563,111
synth_47673,111
synth_47169,111
synth_47465,111
synth_47002,111
synth_47089,111
synth_47102,111
synth_47153,111
synth_47542,111
synth_47144,111
synth_47287,111
synth_47043,111
synth_47229,111
synth_47096,111
synth_47187,111
synth_47223,111
synth_47279,111
synth_47437,111
synth_47063,111
synth_47204,111
synth_47645,111
synth_47018,111
synth_47230,111
synth_47317,111
synth_47382,111
synth_47506,111
synth_47557,111
synth_47033,111
synth_47101,111
synth_47152,111
synth_47163,111
synth_47252,111
synth_47300,111
synth_47428,111
synth_47047,111
synth_47085,111
synth_47319,111
synth_47365,111
synth_47401,111
synth_47593,111
synth_47027,111
synth_47053,111
synth_47303,111
synth_47414,111
synth_47684,111
synth_47547,111
synth_47072,111
synth_47083,111
synth_47088,111
synth_47339,111
synth_47583,111
synth_47548,111
synth_47354,111
synth_47641,111
synth_47306,111
synth_47457,111
synth_47458,111
synth_47637,111
synth_47145,111
synth_47197,111
synth_47276,111
synth_47633,111
synth_47471,111
synth_47559,111
synth_47671,111
synth_47037,111
synth_47238,111
synth_47409,111
synth_47512,111
synth_47566,111
synth_47149,111
synth_47159,111
synth_47214,111
synth_47373,111
synth_47660,111
synth_47271,111
synth_47110,111
synth_47165,111
synth_47326,111
synth_47376,111
synth_47425,111
synth_47601,111
synth_47611,111
synth_47440,111
synth_47323,111
synth_47378,111
synth_47635,111
synth_47242,111
synth_47260,111
synth_47183,111
synth_47311,111
synth_47564,111
synth_47537,111
synth_46991,111
synth_46999,111
synth_47069,111
synth_47284,111
synth_47436,111
synth_47609,111
synth_47469,111
synth_47065,111
synth_47318,111
synth_47620,111
synth_47061,111
synth_47460,111
synth_47595,111
synth_47206,111
synth_47219,111
synth_47389,111
synth_47636,111
synth_47653,111
synth_47186,111
synth_47452,111
synth_47683,111
synth_47011,111
synth_47509,111
synth_47604,111
synth_47115,111
synth_47503,111
synth_47139,111
synth_47672,111
synth_47032,111
synth_47075,111
synth_47126,111
synth_47330,111
synth_47396,111
synth_47082,111
synth_47357,111
synth_47455,111
synth_47644,111
synth_47688,111
synth_47108,111
synth_47013,111
synth_47262,111
synth_47505,111
synth_47656,111
synth_47182,111
synth_47213,111
synth_47247,111
synth_47441,111
synth_47474,111
synth_47529,111
synth_47055,111
synth_47499,111
synth_47438,111
synth_47608,111
synth_47092,111
synth_47514,111
synth_47584,111
synth_47476,111
synth_47456,111
synth_47605,111
synth_47610,111
synth_47661,111
synth_47118,111
synth_47450,111
synth_47495,111
synth_47019,111
synth_47231,111
synth_47313,111
synth_47570,111
synth_47275,111
synth_47315,111
synth_47245,111
synth_47351,111
synth_47597,111
synth_47009,111
synth_47045,111
synth_47084,111
synth_47643,111
synth_47007,111
synth_47091,111
synth_47120,111
synth_47156,111
synth_47167,111
synth_47362,111
synth_47426,111
synth_47494,111
synth_47607,111
synth_47334,111
synth_47504,111
synth_47071,111
synth_47202,111
synth_47338,111
synth_47383,111
synth_47552,111
synth_47097,111
synth_47198,111
synth_47308,111
synth_47558,111
synth_47098,111
synth_47222,111
synth_47491,111
synth_47003,111
synth_47044,111
synth_47232,111
synth_47286,111
synth_47294,111
synth_47549,111
synth_47325,111
synth_47407,111
synth_47691,111
synth_47035,111
synth_47360,111
synth_47427,111
synth_47248,111
synth_47270,111
synth_47545,111
synth_47361,111
synth_47475,111
synth_47124,111
synth_47297,111
synth_47675,111
synth_47141,111
synth_47250,111
synth_47416,111
synth_47472,111
synth_47119,111
synth_47081,111
synth_47291,111
synth_47333,111
synth_47415,111
synth_47587,111
synth_47625,111
synth_47498,111
synth_47676,111
synth_47104,111
synth_47397,111
synth_47690,111
synth_47478,111
synth_47700,111
synth_47001,111
synth_47171,111
synth_47172,111
synth_47493,111
synth_47648,111
synth_47655,111
synth_47023,111
synth_47200,111
synth_47256,111
synth_47501,111
synth_47602,111
synth_47638,111
synth_47005,111
synth_47344,111
synth_47424,111
synth_47662,111
synth_47692,111
synth_47025,111
synth_47176,111
synth_47586,111
synth_47649,111
synth_47393,111
synth_47567,111
synth_47599,111
synth_47617,111
synth_47298,111
synth_47327,111
synth_47449,111
synth_47462,111
synth_47679,111
synth_47128,111
synth_47531,111
synth_47579,111
synth_47630,111
synth_47696,111
synth_47014,111
synth_47235,111
synth_47251,111
synth_47261,111
synth_47314,111
synth_47565,111
synth_47603,111
synth_47624,111
synth_47698,111
synth_47059,111
synth_47174,111
synth_47285,111
synth_47412,111
synth_47439,111
synth_47237,111
synth_47263,111
synth_47399,111
synth_47651,111
synth_47132,111
synth_47193,111
synth_47487,111
synth_47109,111
synth_47881,110
synth_48161,110
synth_48228,110
synth_47712,110
synth_47915,110
synth_47788,110
synth_47824,110
synth_47782,110
synth_48146,110
synth_48211,110
synth_48238,110
synth_48241,110
synth_48315,110
synth_48043,110
synth_47858,110
synth_48215,110
synth_48252,110
synth_48281,110
synth_47817,110
synth_47909,110
synth_47977,110
synth_48290,110
synth_47820,110
synth_47865,110
synth_48307,110
synth_47787,110
synth_48063,110
synth_47921,110
synth_48157,110
synth_48284,110
synth_47866,110
synth_47903,110
synth_47944,110
synth_48101,110
synth_48194,110
synth_47751,110
synth_48003,110
synth_48163,110
synth_48371,110
synth_47991,110
synth_48029,110
synth_48060,110
synth_48382,110
synth_48218,110
synth_47904,110
synth_47780,110
synth_47797,110
synth_48002,110
synth_48027,110
synth_48172,110
synth_48308,110
synth_48358,110
synth_48407,110
synth_47806,110
synth_47807,110
synth_48183,110
synth_47906,110
synth_47913,110
synth_48398,110
synth_47969,110
synth_48225,110
synth_47902,110
synth_48319,110
synth_48123,110
synth_48212,110
synth_48227,110
synth_48257,110
synth_48297,110
synth_47941,110
synth_47970,110
synth_48424,110
synth_47930,110
synth_47914,110
synth_47774,110
synth_47784,110
synth_47893,110
synth_47926,110
synth_47769,110
synth_47894,110
synth_47999,110
synth_48236,110
synth_48337,110
synth_48361,110
synth_48357,110
synth_48427,110
synth_47975,110
synth_48086,110
synth_47822,110
synth_48026,110
synth_48135,110
synth_47985,110
synth_48085,110
synth_48090,110
synth_48112,110
synth_48148,110
synth_48232,110
synth_47724,110
synth_47870,110
synth_48359,110
synth_47960,110
synth_48004,110
synth_48097,110
synth_47876,110
synth_47912,110
synth_48053,110
synth_47831,110
synth_47860,110
synth_47888,110
synth_48422,110
synth_48174,110
synth_48274,110
synth_48107,110
synth_47826,110
synth_48374,110
synth_48023,110
synth_48104,110
synth_47882,110
synth_48080,110
synth_48120,110
synth_48167,110
synth_47744,110
synth_48305,110
synth_48187,110
synth_48272,110
synth_48348,110
synth_47983,110
synth_48179,110
synth_47987,110
synth_47995,110
synth_48151,110
synth_48354,110
synth_47981,110
synth_48368,110
synth_47781,110
synth_48144,110
synth_47810,110
synth_48311,110
synth_48230,110
synth_48259,110
synth_47828,110
synth_48119,110
synth_47790,110
synth_48021,110
synth_47761,110
synth_47763,110
synth_47776,110
synth_48269,110
synth_48206,110
synth_48095,110
synth_48366,110
synth_48032,110
synth_48243,110
synth_48260,110
synth_47837,110
synth_48168,110
synth_48343,110
synth_47748,110
synth_47739,110
synth_47798,110
synth_48190,110
synth_48223,110
synth_48283,110
synth_48364,110
synth_47818,110
synth_47727,110
synth_47965,110
synth_48042,110
synth_47709,110
synth_47738,110
synth_47992,110
synth_48128,110
synth_48321,110
synth_47713,110
synth_47756,110
synth_47973,110
synth_48033,110
synth_47958,110
synth_48000,110
synth_48062,110
synth_48158,110
synth_48288,110
synth_48323,110
synth_48344,110
synth_47954,110
synth_48010,110
synth_47829,110
synth_48204,110
synth_48091,110
synth_48339,110
synth_48248,110
synth_48008,110
synth_48110,110
synth_48162,110
synth_48346,110
synth_48141,110
synth_48175,110
synth_47955,110
synth_48245,110
synth_47729,110
synth_48186,110
synth_48303,110
synth_48396,110
synth_48304,110
synth_47796,110
synth_47846,110
synth_48267,110
synth_48353,110
synth_47932,110
synth_48064,110
synth_48070,110
synth_48224,110
synth_47984,110
synth_48349,110
synth_48156,110
synth_47816,110
synth_48216,110
synth_47717,110
synth_47722,110
synth_48200,110
synth_47719,110
synth_47786,110
synth_47956,110
synth_48270,110
synth_48295,110
synth_48392,110
synth_48403,110
synth_48256,110
synth_47716,110
synth_48233,110
synth_47768,110
synth_48040,110
synth_48159,110
synth_48335,110
synth_48177,110
synth_48246,110
synth_48365,110
synth_48377,110
synth_48342,110
synth_48217,110
synth_48409,110
synth_48324,110
synth_47887,110
synth_47911,110
synth_48373,110
synth_47726,110
synth_48020,110
synth_48383,110
synth_48234,110
synth_48340,110
synth_48391,110
synth_47741,110
synth_47753,110
synth_47814,110
synth_47945,110
synth_48009,110
synth_48293,110
synth_47933,110
synth_48044,110
synth_48170,110
synth_47862,110
synth_47942,110
synth_48425,110
synth_48208,110
synth_48375,110
synth_47731,110
synth_47734,110
synth_47867,110
synth_48309,110
synth_48075,110
synth_48275,110
synth_47732,110
synth_47733,110
synth_48113,110
synth_48253,110
synth_48263,110
synth_48296,110
synth_48381,110
synth_47720,110
synth_48378,110
synth_48394,110
synth_47745,110
synth_47836,110
synth_47850,110
synth_47901,110
synth_48030,110
synth_47868,110
synth_47949,110
synth_48150,110
synth_47875,110
synth_47735,110
synth_47853,110
synth_48082,110
synth_48083,110
synth_48387,110
synth_47839,110
synth_48176,110
synth_48313,110
synth_48385,110
synth_47749,110
synth_47900,110
synth_48325,110
synth_47998,110
synth_48229,110
synth_47746,110
synth_48136,110
synth_47883,110
synth_47740,110
synth_47764,110
synth_48419,110
synth_47770,110
synth_47963,110
synth_48164,110
synth_47757,110
synth_47863,110
synth_48317,110
synth_48326,110
synth_47884,110
synth_48250,110
synth_48282,110
synth_48109,110
synth_47766,110
synth_47809,110
synth_47871,110
synth_47923,110
synth_48219,110
synth_48404,110
synth_48415,110
synth_48005,110
synth_48016,110
synth_47841,110
synth_47924,110
synth_47971,110
synth_47891,110
synth_48069,110
synth_47989,110
synth_48184,110
synth_48341,110
synth_48418,110
synth_48028,110
synth_48100,110
synth_48193,110
synth_48056,110
synth_48345,110
synth_47813,110
synth_47974,110
synth_48076,110
synth_48310,110
synth_48402,110
synth_47892,110
synth_48092,110
synth_48121,110
synth_47855,110
synth_48209,110
synth_47795,110
synth_47819,110
synth_48068,110
synth_48130,110
synth_48235,110
synth_47917,110
synth_48242,110
synth_47916,110
synth_47775,110
synth_48254,110
synth_47947,110
synth_48025,110
synth_48049,110
synth_48210,110
synth_48380,110
synth_47705,110
synth_47812,110
synth_48395,110
synth_48061,110
synth_48127,110
synth_48298,110
synth_47821,110
synth_48379,110
synth_48314,110
synth_48012,110
synth_48013,110
synth_48188,110
synth_48195,110
synth_47857,110
synth_47885,110
synth_48251,110
synth_48367,110
synth_48413,110
synth_47767,110
synth_47783,110
synth_47833,110
synth_48355,110
synth_48059,110
synth_48099,110
synth_48131,110
synth_48237,110
synth_48255,110
synth_47801,110
synth_47873,110
synth_47723,110
synth_47919,110
synth_48420,110
synth_48039,110
synth_48041,110
synth_48292,110
synth_48139,110
synth_47742,110
synth_47952,110
synth_48014,110
synth_48048,110
synth_48350,110
synth_48055,110
synth_48198,110
synth_48220,110
synth_48222,110
synth_47918,110
synth_48376,110
synth_48108,110
synth_48111,110
synth_48363,110
synth_47847,110
synth_47877,110
synth_47777,110
synth_48226,110
synth_47730,110
synth_47843,110
synth_48138,110
synth_48414,110
synth_47794,110
synth_48169,110
synth_48166,110
synth_48196,110
synth_48258,110
synth_48352,110
synth_47832,110
synth_47920,110
synth_47791,110
synth_47721,110
synth_48007,110
synth_47929,110
synth_48412,110
synth_47951,110
synth_48031,110
synth_48192,110
synth_48268,110
synth_48276,110
synth_48118,110
synth_48093,110
synth_47808,110
synth_48034,110
synth_48051,110
synth_48214,110
synth_47939,110
synth_47804,110
synth_48134,110
synth_48279,110
synth_47943,110
synth_48328,110
synth_47799,110
synth_47994,110
synth_48024,110
synth_48050,110
synth_47872,110
synth_48240,110
synth_47715,110
synth_47967,110
synth_48384,110
synth_47889,110
synth_48300,110
synth_47936,110
synth_47948,110
synth_48423,110
synth_48221,110
synth_48205,110
synth_48408,110
synth_48426,110
synth_48428,110
synth_48360,110
synth_48362,110
synth_47845,110
synth_47728,110
synth_48036,110
synth_48073,110
synth_48301,110
synth_48336,110
synth_47702,110
synth_47805,110
synth_48094,110
synth_47834,110
synth_48372,110
synth_47950,110
synth_48072,110
synth_47940,110
synth_48201,110
synth_48022,110
synth_48160,110
synth_48302,110
synth_48306,110
synth_48316,110
synth_48369,110
synth_48247,110
synth_47896,110
synth_48145,110
synth_47706,110
synth_47758,110
synth_47869,110
synth_47737,110
synth_48035,110
synth_48098,110
synth_47704,110
synth_47854,110
synth_47934,110
synth_48106,110
synth_48356,110
synth_47785,110
synth_47747,110
synth_47803,110
synth_47859,110
synth_47927,110
synth_48327,110
synth_48015,110
synth_48122,110
synth_48278,110
synth_48331,110
synth_47762,110
synth_48397,110
synth_48165,110
synth_47937,110
synth_48084,110
synth_47922,110
synth_48400,110
synth_47778,110
synth_47890,110
synth_47996,110
synth_48125,110
synth_48264,110
synth_47755,110
synth_47907,110
synth_48401,110
synth_48203,110
synth_48277,110
synth_47718,110
synth_48273,110
synth_47928,110
synth_47773,110
synth_47792,110
synth_48213,110
synth_48338,110
synth_47707,110
synth_48143,110
synth_47835,110
synth_47961,110
synth_48038,110
synth_48065,110
synth_48011,110
synth_48191,110
synth_47848,110
synth_48207,110
synth_47886,110
synth_47842,110
synth_48116,110
synth_47959,110
synth_48152,110
synth_47825,110
synth_48045,110
synth_48181,110
synth_48266,110
synth_47879,110
synth_48182,110
synth_48287,110
synth_48390,110
synth_47849,110
synth_47851,110
synth_47874,110
synth_47982,110
synth_47772,110
synth_47978,110
synth_48057,110
synth_48079,110
synth_48140,110
synth_48334,110
synth_47811,110
synth_48189,110
synth_48087,110
synth_48291,110
synth_47838,110
synth_47736,110
synth_48017,110
synth_48153,110
synth_47750,110
synth_47844,110
synth_47935,110
synth_48231,110
synth_47765,110
synth_47968,110
synth_48088,110
synth_48180,110
synth_48262,110
synth_47714,110
synth_47878,110
synth_48405,110
synth_47905,110
synth_48066,110
synth_47754,110
synth_48154,110
synth_48197,110
synth_48393,110
synth_47897,110
synth_47972,110
synth_47779,110
synth_48074,110
synth_47802,110
synth_47899,110
synth_48129,110
synth_47990,110
synth_48001,110
synth_48199,110
synth_48261,110
synth_47759,110
synth_47856,110
synth_48137,110
synth_48178,110
synth_47789,110
synth_47962,110
synth_48047,110
synth_48058,110
synth_48347,110
synth_47840,110
synth_48318,110
synth_48244,110
synth_48115,110
synth_47771,110
synth_48124,110
synth_48126,110
synth_48089,110
synth_48320,110
synth_48018,110
synth_48149,110
synth_48052,110
synth_48330,110
synth_48421,110
synth_48185,110
synth_47760,110
synth_47852,110
synth_48386,110
synth_47815,110
synth_47964,110
synth_48133,110
synth_47931,110
synth_48202,110
synth_47953,110
synth_47979,110
synth_48006,110
synth_47725,110
synth_48117,110
synth_48114,110
synth_48249,110
synth_47988,110
synth_47864,110
synth_47946,110
synth_48416,110
synth_48271,110
synth_48299,110
synth_47703,110
synth_48096,110
synth_48289,110
synth_48147,110
synth_48370,110
synth_48081,110
synth_48102,110
synth_48294,110
synth_47861,110
synth_47898,110
synth_47938,110
synth_47743,110
synth_47793,110
synth_47895,110
synth_47993,110
synth_47908,110
synth_47966,110
synth_47976,110
synth_48173,110
synth_48332,110
synth_48054,110
synth_48071,110
synth_48103,110
synth_48410,110
synth_48132,110
synth_48388,110
synth_48077,110
synth_47800,110
synth_48239,110
synth_48280,110
synth_47980,110
synth_48406,110
synth_48037,110
synth_48286,110
synth_47752,110
synth_48142,110
synth_48155,110
synth_47925,110
synth_48399,110
synth_48411,110
synth_48067,110
synth_48285,110
synth_47708,110
synth_47710,110
synth_47910,110
synth_48329,110
synth_48417,110
synth_48019,110
synth_48351,110
synth_48078,110
synth_48171,110
synth_47823,110
synth_47880,110
synth_47986,110
synth_47997,110
synth_48322,110
synth_48312,110
synth_47957,110
synth_48265,110
synth_47827,110
synth_48105,110
synth_48333,110
synth_47701,110
synth_47711,110
synth_48046,110
synth_47830,110
synth_48389,110
synth_48454,109
synth_48758,109
synth_49057,109
synth_48687,109
synth_48862,109
synth_48900,109
synth_48977,109
synth_48673,109
synth_48733,109
synth_48875,109
synth_48794,109
synth_48534,109
synth_48550,109
synth_48562,109
synth_48947,109
synth_49029,109
synth_49084,109
synth_48506,109
synth_48882,109
synth_49119,109
synth_48777,109
synth_48538,109
synth_48922,109
synth_48969,109
synth_48852,109
synth_48650,109
synth_49016,109
synth_49031,109
synth_48903,109
synth_48590,109
synth_48888,109
synth_48524,109
synth_48604,109
synth_48689,109
synth_48906,109
synth_48973,109
synth_49028,109
synth_48448,109
synth_48849,109
synth_48471,109
synth_48788,109
synth_48823,109
synth_49157,109
synth_48828,109
synth_48692,109
synth_48899,109
synth_48619,109
synth_48738,109
synth_48976,109
synth_48563,109
synth_48739,109
synth_48772,109
synth_48864,109
synth_49070,109
synth_49117,109
synth_48935,109
synth_48859,109
synth_48927,109
synth_48439,109
synth_48959,109
synth_48473,109
synth_48970,109
synth_49066,109
synth_49090,109
synth_49123,109
synth_49163,109
synth_48682,109
synth_48717,109
synth_48797,109
synth_48892,109
synth_48432,109
synth_49127,109
synth_48802,109
synth_49138,109
synth_48527,109
synth_48881,109
synth_48769,109
synth_49148,109
synth_48893,109
synth_49109,109
synth_48633,109
synth_48664,109
synth_48960,109
synth_49017,109
synth_48783,109
synth_49120,109
synth_48626,109
synth_48642,109
synth_48948,109
synth_48484,109
synth_49087,109
synth_48485,109
synth_48763,109
synth_48670,109
synth_48890,109
synth_48589,109
synth_48648,109
synth_48764,109
synth_48841,109
synth_48569,109
synth_48982,109
synth_48992,109
synth_49164,109
synth_48645,109
synth_48896,109
synth_48652,109
synth_49040,109
synth_49088,109
synth_48430,109
synth_48480,109
synth_48581,109
synth_49036,109
synth_49038,109
synth_48552,109
synth_48570,109
synth_48810,109
synth_48770,109
synth_48942,109
synth_48606,109
synth_48944,109
synth_49137,109
synth_48558,109
synth_48623,109
synth_48829,109
synth_49125,109
synth_48923,109
synth_48974,109
synth_48723,109
synth_49077,109
synth_48517,109
synth_48616,109
synth_48705,109
synth_48800,109
synth_48876,109
synth_49007,109
synth_48939,109
synth_48780,109
synth_49026,109
synth_48433,109
synth_48488,109
synth_48952,109
synth_49030,109
synth_49043,109
synth_49091,109
synth_49161,109
synth_48535,109
synth_48567,109
synth_48549,109
synth_48468,109
synth_48597,109
synth_48507,109
synth_49020,109
synth_48752,109
synth_48521,109
synth_48796,109
synth_48765,109
synth_48889,109
synth_49054,109
synth_49061,109
synth_48536,109
synth_48547,109
synth_48555,109
synth_48744,109
synth_48972,109
synth_49114,109
synth_49131,109
synth_48989,109
synth_48574,109
synth_49111,109
synth_48544,109
synth_48851,109
synth_48748,109
synth_48750,109
synth_48511,109
synth_48835,109
synth_48620,109
synth_48643,109
synth_48961,109
synth_49008,109
synth_48891,109
synth_48667,109
synth_48932,109
synth_48799,109
synth_48475,109
synth_48579,109
synth_48697,109
synth_48526,109
synth_48718,109
synth_48887,109
synth_49013,109
synth_49059,109
synth_49052,109
synth_48603,109
synth_48612,109
synth_48656,109
synth_48768,109
synth_48988,109
synth_49153,109
synth_48456,109
synth_48586,109
synth_48825,109
synth_48883,109
synth_48998,109
synth_48666,109
synth_49074,109
synth_49165,109
synth_48647,109
synth_48661,109
synth_48714,109
synth_48949,109
synth_48467,109
synth_48760,109
synth_49047,109
synth_48804,109
synth_48826,109
synth_48905,109
synth_48470,109
synth_49140,109
synth_49171,109
synth_48515,109
synth_48719,109
synth_49024,109
synth_49039,109
synth_49051,109
synth_48716,109
synth_49003,109
synth_48736,109
synth_49149,109
synth_48845,109
synth_48773,109
synth_48594,109
synth_48761,109
synth_49082,109
synth_48872,109
synth_49095,109
synth_48611,109
synth_48628,109
synth_48720,109
synth_48833,109
synth_48999,109
synth_48991,109
synth_48651,109
synth_49006,109
synth_48566,109
synth_48679,109
synth_48533,109
synth_48584,109
synth_48784,109
synth_49154,109
synth_48644,109
synth_49129,109
synth_48766,109
synth_48870,109
synth_48512,109
synth_48801,109
synth_48925,109
synth_48578,109
synth_48690,109
synth_48873,109
synth_49160,109
synth_48818,109
synth_48995,109
synth_49092,109
synth_49173,109
synth_48499,109
synth_48874,109
synth_48965,109
synth_49159,109
synth_48459,109
synth_48834,109
synth_48812,109
synth_48458,109
synth_48580,109
synth_48520,109
synth_48434,109
synth_48583,109
synth_48621,109
synth_48495,109
synth_48926,109
synth_48523,109
synth_48665,109
synth_48683,109
synth_48884,109
synth_48463,109
synth_48771,109
synth_48776,109
synth_48945,109
synth_49135,109
synth_48706,109
synth_48573,109
synth_48725,109
synth_48726,109
synth_48811,109
synth_48482,109
synth_48599,109
synth_48684,109
synth_48839,109
synth_48565,109
synth_48554,109
synth_48814,109
synth_48702,109
synth_48759,109
synth_48962,109
synth_48490,109
synth_48532,109
synth_48791,109
synth_49115,109
synth_48694,109
synth_48863,109
synth_48946,109
synth_48950,109
synth_49124,109
synth_49018,109
synth_48737,109
synth_48822,109
synth_48846,109
synth_48984,109
synth_48994,109
synth_49152,109
synth_48447,109
synth_48441,109
synth_48591,109
synth_48819,109
synth_49009,109
synth_49058,109
synth_49130,109
synth_49133,109
synth_48436,109
synth_48615,109
synth_49116,109
synth_49172,109
synth_48978,109
synth_48868,109
synth_48898,109
synth_48993,109
synth_48486,109
synth_48585,109
synth_48469,109
synth_48539,109
synth_48680,109
synth_48668,109
synth_48753,109
synth_48986,109
synth_49067,109
synth_49136,109
synth_49145,109
synth_48429,109
synth_48568,109
synth_48774,109
synth_49100,109
synth_49166,109
synth_48968,109
synth_49034,109
synth_49093,109
synth_49106,109
synth_48614,109
synth_48997,109
synth_49139,109
synth_48478,109
synth_48497,109
synth_48678,109
synth_49094,109
synth_49134,109
synth_48940,109
synth_48625,109
synth_48803,109
synth_48496,109
synth_48607,109
synth_48659,109
synth_49102,109
synth_48529,109
synth_48610,109
synth_49081,109
synth_49099,109
synth_49101,109
synth_48663,109
synth_48762,109
synth_48878,109
synth_48967,109
synth_49105,109
synth_49112,109
synth_48913,109
synth_49174,109
synth_48850,109
synth_48918,109
synth_48934,109
synth_49014,109
synth_48582,109
synth_49083,109
synth_48627,109
synth_48508,109
synth_49113,109
synth_48451,109
synth_48711,109
synth_48907,109
synth_48943,109
synth_49055,109
synth_49078,109
synth_49107,109
synth_48957,109
synth_49062,109
synth_49122,109
synth_49155,109
synth_48685,109
synth_48919,109
synth_48576,109
synth_49075,109
synth_48617,109
synth_48632,109
synth_48708,109
synth_48709,109
synth_48734,109
synth_48941,109
synth_48537,109
synth_48704,109
synth_48885,109
synth_48924,109
synth_48858,109
synth_49053,109
synth_48646,109
synth_48955,109
synth_48880,109
synth_48503,109
synth_49060,109
synth_49085,109
synth_48727,109
synth_48909,109
synth_48455,109
synth_48564,109
synth_48779,109
synth_48877,109
synth_48985,109
synth_48936,109
synth_48688,109
synth_48879,109
synth_48915,109
synth_48710,109
synth_48757,109
synth_48732,109
synth_48831,109
synth_48483,109
synth_48519,109
synth_48592,109
synth_48693,109
synth_48516,109
synth_49005,109
synth_48498,109
synth_48916,109
synth_49001,109
synth_48453,109
synth_48712,109
synth_48654,109
synth_48853,109
synth_49097,109
synth_48707,109
synth_48728,109
synth_48502,109
synth_48437,109
synth_48816,109
synth_48608,109
synth_48675,109
synth_48438,109
synth_48513,109
synth_48691,109
synth_48743,109
synth_48964,109
synth_48557,109
synth_49076,109
synth_49132,109
synth_49010,109
synth_49128,109
synth_48440,109
synth_48489,109
synth_48500,109
synth_48677,109
synth_48781,109
synth_48618,109
synth_48895,109
synth_48855,109
synth_49151,109
synth_48446,109
synth_48449,109
synth_48504,109
synth_48921,109
synth_48996,109
synth_49012,109
synth_49033,109
synth_49073,109
synth_48930,109
synth_49064,109
synth_48460,109
synth_49037,109
synth_48435,109
synth_48637,109
synth_48658,109
synth_48843,109
synth_49144,109
synth_48509,109
synth_48635,109
synth_48686,109
synth_48462,109
synth_48477,109
synth_48655,109
synth_48735,109
synth_48981,109
synth_48602,109
synth_48641,109
synth_48541,109
synth_48572,109
synth_48598,109
synth_48980,109
synth_49056,109
synth_48505,109
synth_48609,109
synth_48854,109
synth_48860,109
synth_48987,109
synth_49103,109
synth_48445,109
synth_48671,109
synth_49079,109
synth_48785,109
synth_48857,109
synth_49126,109
synth_49162,109
synth_48605,109
synth_49021,109
synth_48897,109
synth_49015,109
synth_48730,109
synth_48842,109
synth_48951,109
synth_49042,109
synth_49046,109
synth_48956,109
synth_49025,109
synth_48443,109
synth_48866,109
synth_48911,109
synth_48713,109
synth_48755,109
synth_48830,109
synth_49071,109
synth_49143,109
synth_49002,109
synth_48740,109
synth_48837,109
synth_48514,109
synth_48696,109
synth_48861,109
synth_48953,109
synth_49048,109
synth_48546,109
synth_48548,109
synth_48560,109
synth_49044,109
synth_48904,109
synth_48472,109
synth_48793,109
synth_48450,109
synth_48749,109
synth_48990,109
synth_48559,109
synth_48662,109
synth_48596,109
synth_48649,109
synth_48756,109
synth_48908,109
synth_49011,109
synth_49141,109
synth_49147,109
synth_48525,109
synth_48545,109
synth_48601,109
synth_48465,109
synth_48787,109
synth_49158,109
synth_48494,109
synth_48629,109
synth_49032,109
synth_48638,109
synth_48681,109
synth_48979,109
synth_49000,109
synth_48518,109
synth_48630,109
synth_48466,109
synth_48699,109
synth_48789,109
synth_48653,109
synth_49072,109
synth_48795,109
synth_49023,109
synth_48701,109
synth_48869,109
synth_49065,109
synth_49069,109
synth_48745,109
synth_49080,109
synth_48724,109
synth_49118,109
synth_48806,109
synth_48954,109
synth_48492,109
synth_48571,109
synth_48958,109
synth_48975,109
synth_48461,109
synth_48501,109
synth_48809,109
synth_48912,109
synth_48929,109
synth_48669,109
synth_48751,109
synth_48871,109
synth_48886,109
synth_48767,109
synth_48836,109
synth_48636,109
synth_48902,109
synth_48587,109
synth_48746,109
synth_48792,109
synth_48624,109
synth_48920,109
synth_49063,109
synth_48729,109
synth_48476,109
synth_48530,109
synth_48695,109
synth_48742,109
synth_48747,109
synth_49108,109
synth_49168,109
synth_48798,109
synth_49022,109
synth_48595,109
synth_48894,109
synth_49019,109
synth_48561,109
synth_48938,109
synth_48754,109
synth_49086,109
synth_48634,109
synth_48815,109
synth_48901,109
synth_48856,109
synth_48867,109
synth_48640,109
synth_48660,109
synth_48588,109
synth_48840,109
synth_48937,109
synth_49049,109
synth_48542,109
synth_48847,109
synth_48493,109
synth_49142,109
synth_49110,109
synth_49004,109
synth_48577,109
synth_48933,109
synth_49096,109
synth_49146,109
synth_48817,109
synth_48639,109
synth_48674,109
synth_49035,109
synth_49068,109
synth_48808,109
synth_48848,109
synth_48452,109
synth_48700,109
synth_48593,109
synth_48790,109
synth_49045,109
synth_49050,109
synth_48531,109
synth_49167,109
synth_49170,109
synth_48715,109
synth_48474,109
synth_48698,109
synth_48782,109
synth_48805,109
synth_48827,109
synth_48540,109
synth_48910,109
synth_48487,109
synth_48672,109
synth_48510,109
synth_48631,109
synth_48457,109
synth_48731,109
synth_48917,109
synth_48491,109
synth_48722,109
synth_48971,109
synth_49098,109
synth_48775,109
synth_48820,109
synth_48556,109
synth_48928,109
synth_48703,109
synth_49169,109
synth_48622,109
synth_48838,109
synth_48657,109
synth_48741,109
synth_49150,109
synth_48464,109
synth_48551,109
synth_48676,109
synth_48721,109
synth_48832,109
synth_48931,109
synth_48963,109
synth_49041,109
synth_48528,109
synth_48600,109
synth_48807,109
synth_48813,109
synth_48914,109
synth_48442,109
synth_48786,109
synth_48821,109
synth_48966,109
synth_48575,109
synth_48444,109
synth_48543,109
synth_48613,109
synth_48778,109
synth_48522,109
synth_49104,109
synth_49156,109
synth_48431,109
synth_48479,109
synth_48865,109
synth_48824,109
synth_48983,109
synth_48553,109
synth_49121,109
synth_49027,109
synth_48844,109
synth_48481,109
synth_49089,109
synth_49248,108
synth_49350,108
synth_49399,108
synth_49520,108
synth_49808,108
synth_49935,108
synth_49360,108
synth_49677,108
synth_49328,108
synth_49334,108
synth_49519,108
synth_49538,108
synth_49848,108
synth_49922,108
synth_49231,108
synth_49533,108
synth_49553,108
synth_49261,108
synth_49456,108
synth_49478,108
synth_49668,108
synth_49827,108
synth_49853,108
synth_49741,108
synth_49309,108
synth_49188,108
synth_49264,108
synth_49540,108
synth_49537,108
synth_49768,108
synth_49491,108
synth_49914,108
synth_49221,108
synth_49325,108
synth_49339,108
synth_49523,108
synth_49837,108
synth_49838,108
synth_49711,108
synth_49356,108
synth_49501,108
synth_49551,108
synth_49774,108
synth_49211,108
synth_49230,108
synth_49452,108
synth_49602,108
synth_49609,108
synth_49776,108
synth_49436,108
synth_49256,108
synth_49418,108
synth_49336,108
synth_49635,108
synth_49641,108
synth_49206,108
synth_49385,108
synth_49498,108
synth_49626,108
synth_49761,108
synth_49482,108
synth_49862,108
synth_49752,108
synth_49849,108
synth_49905,108
synth_49404,108
synth_49765,108
synth_49233,108
synth_49692,108
synth_49805,108
synth_49195,108
synth_49439,108
synth_49448,108
synth_49461,108
synth_49679,108
synth_49240,108
synth_49502,108
synth_49693,108
synth_49797,108
synth_49880,108
synth_49487,108
synth_49187,108
synth_49724,108
synth_49794,108
synth_49222,108
synth_49277,108
synth_49560,108
synth_49575,108
synth_49580,108
synth_49812,108
synth_49617,108
synth_49916,108
synth_49496,108
synth_49811,108
synth_49184,108
synth_49374,108
synth_49744,108
synth_49796,108
synth_49214,108
synth_49421,108
synth_49587,108
synth_49627,108
synth_49690,108
synth_49295,108
synth_49816,108
synth_49453,108
synth_49512,108
synth_49740,108
synth_49279,108
synth_49292,108
synth_49534,108
synth_49588,108
synth_49932,108
synth_49236,108
synth_49590,108
synth_49700,108
synth_49392,108
synth_49506,108
synth_49895,108
synth_49497,108
synth_49707,108
synth_49903,108
synth_49643,108
synth_49783,108
synth_49795,108
synth_49663,108
synth_49682,108
synth_49300,108
synth_49186,108
synth_49606,108
synth_49759,108
synth_49290,108
synth_49570,108
synth_49842,108
synth_49851,108
synth_49566,108
synth_49647,108
synth_49686,108
synth_49778,108
synth_49494,108
synth_49381,108
synth_49743,108
synth_49426,108
synth_49481,108
synth_49753,108
synth_49814,108
synth_49349,108
synth_49592,108
synth_49787,108
synth_49874,108
synth_49843,108
synth_49181,108
synth_49667,108
synth_49714,108
synth_49749,108
synth_49886,108
synth_49316,108
synth_49470,108
synth_49810,108
synth_49879,108
synth_49919,108
synth_49323,108
synth_49637,108
synth_49175,108
synth_49219,108
synth_49271,108
synth_49320,108
synth_49440,108
synth_49179,108
synth_49532,108
synth_49674,108
synth_49799,108
synth_49899,108
synth_49893,108
synth_49375,108
synth_49531,108
synth_49791,108
synth_49237,108
synth_49424,108
synth_49579,108
synth_49654,108
synth_49377,108
synth_49409,108
synth_49911,108
synth_49535,108
synth_49597,108
synth_49754,108
synth_49847,108
synth_49876,108
synth_49572,108
synth_49338,108
synth_49681,108
synth_49875,108
synth_49193,108
synth_49332,108
synth_49217,108
synth_49411,108
synth_49420,108
synth_49719,108
synth_49739,108
synth_49216,108
synth_49475,108
synth_49577,108
synth_49715,108
synth_49729,108
synth_49246,108
synth_49180,108
synth_49563,108
synth_49614,108
synth_49645,108
synth_49344,108
synth_49526,108
synth_49623,108
synth_49698,108
synth_49780,108
synth_49924,108
synth_49280,108
synth_49253,108
synth_49689,108
synth_49428,108
synth_49340,108
synth_49586,108
synth_49648,108
synth_49917,108
synth_49220,108
synth_49183,108
synth_49578,108
synth_49665,108
synth_49858,108
synth_49818,108
synth_49372,108
synth_49713,108
synth_49207,108
synth_49228,108
synth_49619,108
synth_49416,108
synth_49358,108
synth_49302,108
synth_49396,108
synth_49446,108
synth_49489,108
synth_49738,108
synth_49762,108
synth_49781,108
synth_49351,108
synth_49883,108
synth_49215,108
synth_49417,108
synth_49552,108
synth_49610,108
synth_49530,108
synth_49649,108
synth_49742,108
synth_49367,108
synth_49387,108
synth_49684,108
synth_49927,108
synth_49422,108
synth_49821,108
synth_49850,108
synth_49369,108
synth_49383,108
synth_49467,108
synth_49770,108
synth_49514,108
synth_49688,108
synth_49324,108
synth_49371,108
synth_49930,108
synth_49227,108
synth_49333,108
synth_49373,108
synth_49444,108
synth_49604,108
synth_49747,108
synth_49898,108
synth_49782,108
synth_49889,108
synth_49425,108
synth_49912,108
synth_49355,108
synth_49785,108
synth_49275,108
synth_49389,108
synth_49517,108
synth_49611,108
synth_49672,108
synth_49727,108
synth_49775,108
synth_49213,108
synth_49313,108
synth_49485,108
synth_49662,108
synth_49198,108
synth_49683,108
synth_49476,108
synth_49488,108
synth_49888,108
synth_49200,108
synth_49644,108
synth_49723,108
synth_49311,108
synth_49419,108
synth_49633,108
synth_49671,108
synth_49745,108
synth_49790,108
synth_49877,108
synth_49937,108
synth_49242,108
synth_49459,108
synth_49415,108
synth_49384,108
synth_49398,108
synth_49430,108
synth_49907,108
synth_49347,108
synth_49910,108
synth_49788,108
synth_49401,108
synth_49833,108
synth_49521,108
synth_49675,108
synth_49918,108
synth_49235,108
synth_49472,108
synth_49564,108
synth_49823,108
synth_49832,108
synth_49252,108
synth_49555,108
synth_49891,108
synth_49931,108
synth_49224,108
synth_49543,108
synth_49622,108
synth_49657,108
synth_49789,108
synth_49913,108
synth_49249,108
synth_49438,108
synth_49516,108
synth_49548,108
synth_49669,108
synth_49288,108
synth_49393,108
synth_49601,108
synth_49608,108
synth_49639,108
synth_49722,108
synth_49859,108
synth_49317,108
synth_49239,108
synth_49287,108
synth_49276,108
synth_49400,108
synth_49581,108
synth_49801,108
synth_49178,108
synth_49528,108
synth_49779,108
synth_49920,108
synth_49202,108
synth_49728,108
synth_49828,108
synth_49322,108
synth_49653,108
synth_49764,108
synth_49868,108
synth_49933,108
synth_49281,108
synth_49314,108
synth_49495,108
synth_49825,108
synth_49830,108
synth_49342,108
synth_49432,108
synth_49505,108
synth_49518,108
synth_49226,108
synth_49303,108
synth_49407,108
synth_49758,108
synth_49463,108
synth_49615,108
synth_49852,108
synth_49460,108
synth_49928,108
synth_49477,108
synth_49748,108
synth_49760,108
synth_49223,108
synth_49301,108
synth_49185,108
synth_49190,108
synth_49203,108
synth_49510,108
synth_49708,108
synth_49265,108
synth_49286,108
synth_49353,108
synth_49363,108
synth_49658,108
synth_49678,108
synth_49694,108
synth_49915,108
synth_49176,108
synth_49433,108
synth_49549,108
synth_49550,108
synth_49829,108
synth_49486,108
synth_49457,108
synth_49298,108
synth_49354,108
synth_49695,108
synth_49232,108
synth_49471,108
synth_49250,108
synth_49378,108
synth_49631,108
synth_49656,108
synth_49703,108
synth_49576,108
synth_49809,108
synth_49701,108
synth_49600,108
synth_49798,108
synth_49312,108
synth_49182,108
synth_49437,108
synth_49574,108
synth_49267,108
synth_49212,108
synth_49201,108
synth_49262,108
synth_49731,108
synth_49865,108
synth_49245,108
synth_49902,108
synth_49269,108
synth_49395,108
synth_49844,108
synth_49509,108
synth_49484,108
synth_49229,108
synth_49335,108
synth_49364,108
synth_49613,108
synth_49209,108
synth_49464,108
synth_49556,108
synth_49640,108
synth_49541,108
synth_49938,108
synth_49329,108
synth_49388,108
synth_49458,108
synth_49734,108
synth_49490,108
synth_49598,108
synth_49629,108
synth_49716,108
synth_49225,108
synth_49254,108
synth_49642,108
synth_49293,108
synth_49636,108
synth_49904,108
synth_49241,108
synth_49284,108
synth_49756,108
synth_49890,108
synth_49926,108
synth_49413,108
synth_49710,108
synth_49192,108
synth_49238,108
synth_49721,108
synth_49835,108
synth_49319,108
synth_49268,108
synth_49547,108
synth_49766,108
synth_49289,108
synth_49544,108
synth_49562,108
synth_49595,108
synth_49735,108
synth_49582,108
synth_49208,108
synth_49441,108
synth_49901,108
synth_49515,108
synth_49492,108
synth_49584,108
synth_49196,108
synth_49204,108
synth_49447,108
synth_49451,108
synth_49792,108
synth_49414,108
synth_49820,108
synth_49272,108
synth_49618,108
synth_49772,108
synth_49297,108
synth_49522,108
synth_49330,108
synth_49697,108
synth_49571,108
synth_49569,108
synth_49841,108
synth_49391,108
synth_49594,108
synth_49255,108
synth_49869,108
synth_49258,108
synth_49493,108
synth_49815,108
synth_49194,108
synth_49263,108
synth_49612,108
synth_49632,108
synth_49585,108
synth_49346,108
synth_49857,108
synth_49896,108
synth_49365,108
synth_49670,108
synth_49702,108
synth_49177,108
synth_49366,108
synth_49561,108
synth_49652,108
synth_49746,108
synth_49878,108
synth_49921,108
synth_49469,108
synth_49646,108
synth_49717,108
synth_49259,108
synth_49817,108
synth_49661,108
synth_49720,108
synth_49855,108
synth_49824,108
synth_49545,108
synth_49473,108
synth_49431,108
synth_49696,108
synth_49934,108
synth_49362,108
synth_49730,108
synth_49244,108
synth_49664,108
synth_49243,108
synth_49480,108
synth_49500,108
synth_49687,108
synth_49767,108
synth_49894,108
synth_49908,108
synth_49321,108
synth_49341,108
synth_49565,108
synth_49568,108
synth_49651,108
synth_49845,108
synth_49380,108
synth_49536,108
synth_49755,108
synth_49306,108
synth_49673,108
synth_49706,108
synth_49361,108
synth_49394,108
synth_49834,108
synth_49305,108
synth_49406,108
synth_49352,108
synth_49247,108
synth_49304,108
synth_49546,108
synth_49630,108
synth_49655,108
synth_49806,108
synth_49807,108
synth_49884,108
synth_49315,108
synth_49318,108
synth_49863,108
synth_49573,108
synth_49882,108
synth_49282,108
synth_49283,108
synth_49274,108
synth_49589,108
synth_49839,108
synth_49197,108
synth_49218,108
synth_49525,108
synth_49718,108
synth_49726,108
synth_49777,108
synth_49793,108
synth_49278,108
synth_49900,108
synth_49539,108
synth_49769,108
synth_49885,108
synth_49294,108
synth_49542,108
synth_49737,108
synth_49897,108
synth_49386,108
synth_49455,108
synth_49763,108
synth_49939,108
synth_49443,108
synth_49599,108
synth_49251,108
synth_49442,108
synth_49479,108
synth_49929,108
synth_49583,108
synth_49331,108
synth_49465,108
synth_49511,108
synth_49819,108
synth_49872,108
synth_49873,108
synth_49925,108
synth_49704,108
synth_49397,108
synth_49554,108
synth_49736,108
synth_49870,108
synth_49412,108
synth_49712,108
synth_49800,108
synth_49205,108
synth_49270,108
synth_49345,108
synth_49449,108
synth_49513,108
synth_49529,108
synth_49628,108
synth_49725,108
synth_49909,108
synth_49813,108
synth_49559,108
synth_49625,108
synth_49408,108
synth_49474,108
synth_49527,108
synth_49638,108
synth_49856,108
synth_49709,108
synth_49733,108
synth_49784,108
synth_49450,108
synth_49462,108
synth_49634,108
synth_49846,108
synth_49435,108
synth_49786,108
synth_49923,108
synth_49804,108
synth_49376,108
synth_49603,108
synth_49605,108
synth_49257,108
synth_49705,108
synth_49379,108
synth_49557,108
synth_49887,108
synth_49189,108
synth_49507,108
synth_49750,108
synth_49468,108
synth_49296,108
synth_49591,108
synth_49854,108
synth_49405,108
synth_49337,108
synth_49620,108
synth_49822,108
synth_49840,108
synth_49861,108
synth_49370,108
synth_49504,108
synth_49596,108
synth_49864,108
synth_49871,108
synth_49881,108
synth_49327,108
synth_49593,108
synth_49427,108
synth_49860,108
synth_49524,108
synth_49607,108
synth_49836,108
synth_49831,108
synth_49454,108
synth_49616,108
synth_49751,108
synth_49867,108
synth_49308,108
synth_49402,108
synth_49260,108
synth_49326,108
synth_49357,108
synth_49499,108
synth_49660,108
synth_49906,108
synth_49291,108
synth_49803,108
synth_49285,108
synth_49508,108
synth_49483,108
synth_49307,108
synth_49191,108
synth_49359,108
synth_49624,108
synth_49666,108
synth_49892,108
synth_49429,108
synth_49266,108
synth_49382,108
synth_49732,108
synth_49802,108
synth_49273,108
synth_49299,108
synth_49390,108
synth_49445,108
synth_49558,108
synth_49234,108
synth_49348,108
synth_49621,108
synth_49210,108
synth_49676,108
synth_49691,108
synth_49567,108
synth_49757,108
synth_49771,108
synth_49423,108
synth_49503,108
synth_49659,108
synth_49826,108
synth_49434,108
synth_49343,108
synth_49680,108
synth_49685,108
synth_49773,108
synth_49866,108
synth_49403,108
synth_49410,108
synth_49650,108
synth_49699,108
synth_49936,108
synth_49199,108
synth_49368,108
synth_49466,108
synth_49310,108
synth_49961,107
synth_49956,107
synth_49944,107
synth_49951,107
synth_49972,107
synth_49985,107
synth_49990,107
synth_49976,107
synth_49995,107
synth_49992,107
synth_49946,107
synth_49973,107
synth_49982,107
synth_49977,107
synth_49997,107
synth_49991,107
synth_49952,107
synth_49980,107
synth_49965,107
synth_49978,107
synth_49981,107
synth_49983,107
synth_49998,107
synth_49949,107
synth_49942,107
synth_49994,107
synth_49974,107
synth_49950,107
synth_49984,107
synth_49964,107
synth_49968,107
synth_49999,107
synth_49988,107
synth_49971,107
synth_50000,107
synth_49963,107
synth_49947,107
synth_49957,107
synth_49943,107
synth_49967,107
synth_49989,107
synth_49986,107
synth_49953,107
synth_49940,107
synth_49960,107
synth_49945,107
synth_49979,107
synth_49954,107
synth_49958,107
synth_49993,107
synth_49966,107
synth_49969,107
synth_49975,107
synth_49948,107
synth_49970,107
synth_49959,107
synth_49941,107
synth_49996,107
synth_49962,107
synth_49987,107
synth_49955,107
