key,total_views
synth_1,3082617
synth_2,1541309
synth_3,1027539
synth_4,770654
synth_5,616523
synth_6,513770
synth_7,440374
synth_8,385327
synth_9,342513
synth_10,308262
synth_11,280238
synth_12,256885
synth_13,237124
synth_14,220187
synth_15,205508
synth_16,192664
synth_17,181330
synth_18,171257
synth_19,162243
synth_20,154131
synth_21,146791
synth_22,140119
synth_23,134027
synth_24,128442
synth_25,123305
synth_26,118562
synth_27,114171
synth_28,110093
synth_29,106297
synth_30,102754
synth_31,99439
synth_32,96332
synth_33,93413
synth_34,90665
synth_35,88075
synth_36,85628
synth_37,83314
synth_38,81122
synth_39,79041
synth_40,77065
synth_41,75186
synth_42,73396
synth_43,71689
synth_44,70059
synth_45,68503
synth_46,67013
synth_47,65588
synth_48,64221
synth_49,62911
synth_50,61652
synth_51,60443
synth_52,59281
synth_53,58163
synth_54,57086
synth_55,56048
synth_56,55047
synth_57,54081
synth_58,53149
synth_59,52248
synth_60,51377
synth_61,50535
synth_62,49720
synth_63,48930
synth_64,48166
synth_65,47425
synth_66,46706
synth_67,46009
synth_68,45333
synth_69,44676
synth_70,44037
synth_71,43417
synth_72,42814
synth_73,42228
synth_74,41657
synth_75,41102
synth_76,40561
synth_77,40034
synth_78,39521
synth_79,39020
synth_80,38533
synth_81,38057
synth_82,37593
synth_83,37140
synth_84,36698
synth_85,36266
synth_86,35844
synth_87,35432
synth_88,35030
synth_89,34636
synth_90,34251
synth_91,33875
synth_92,33507
synth_93,33146
synth_94,32794
synth_95,32449
synth_96,32111
synth_97,31780
synth_98,31455
synth_99,31138
synth_100,30826
synth_101,30521
synth_102,30222
synth_103,29928
synth_104,29641
synth_105,29358
synth_106,29081
synth_107,28810
synth_108,28543
synth_109,28281
synth_110,28024
synth_111,27771
synth_112,27523
synth_113,27280
synth_114,27041
synth_115,26805
synth_116,26574
synth_117,26347
synth_118,26124
synth_119,25904
synth_120,25688
synth_121,25476
synth_122,25267
synth_123,25062
synth_124,24860
synth_125,24661
synth_126,24465
synth_127,24273
synth_128,24083
synth_129,23896
synth_130,23712
synth_131,23531
synth_132,23353
synth_133,23178
synth_134,23005
synth_135,22834
synth_136,22666
synth_137,22501
synth_138,22338
synth_139,22177
synth_140,22019
synth_141,21863
synth_142,21709
synth_143,21557
synth_144,21407
synth_145,21259
synth_146,21114
synth_147,20970
synth_148,20828
synth_149,20689
synth_150,20551
synth_151,20415
synth_152,20280
synth_153,20148
synth_154,20017
synth_155,19888
synth_156,19760
synth_157,19635
synth_158,19510
synth_159,19388
synth_160,19266
synth_161,19147
synth_162,19029
synth_163,18912
synth_164,18796
synth_165,18683
synth_166,18570
synth_167,18459
synth_168,18349
synth_169,18240
synth_170,18133
synth_171,18027
synth_172,17922
synth_173,17819
synth_174,17716
synth_175,17615
synth_176,17515
synth_177,17416
synth_178,17318
synth_179,17221
synth_180,17126
synth_181,17031
synth_182,16937
synth_183,16845
synth_184,16753
synth_185,16663
synth_186,16573
synth_187,16485
synth_188,16397
synth_189,16310
synth_190,16224
synth_191,16139
synth_192,16055
synth_193,15972
synth_194,15890
synth_195,15808
synth_196,15728
synth_197,15648
synth_198,15569
synth_199,15491
synth_200,15413
synth_201,15336
synth_202,15260
synth_203,15185
synth_204,15111
synth_205,15037
synth_206,14964
synth_207,14892
synth_208,14820
synth_209,14749
synth_210,14679
synth_211,14610
synth_212,14541
synth_213,14472
synth_214,14405
synth_215,14338
synth_216,14271
synth_217,14206
synth_218,14140
synth_219,14076
synth_220,14012
synth_221,13948
synth_222,13886
synth_223,13823
synth_224,13762
synth_225,13701
synth_226,13640
synth_227,13580
synth_228,13520
synth_229,13461
synth_230,13403
synth_231,13345
synth_232,13287
synth_233,13230
synth_234,13174
synth_235,13118
synth_236,13062
synth_237,13007
synth_238,12952
synth_239,12898
synth_240,12844
synth_241,12791
synth_242,12738
synth_243,12686
synth_244,12634
synth_245,12582
synth_246,12531
synth_247,12480
synth_248,12430
synth_249,12380
synth_250,12330
synth_251,12281
synth_252,12233
synth_253,12184
synth_254,12136
synth_255,12089
synth_256,12041
synth_257,11995
synth_258,11948
synth_259,11902
synth_260,11856
synth_261,11811
synth_262,11766
synth_263,11721
synth_264,11677
synth_265,11633
synth_266,11589
synth_267,11545
synth_268,11502
synth_269,11460
synth_270,11417
synth_271,11375
synth_272,11333
synth_273,11292
synth_274,11250
synth_275,11210
synth_276,11169
synth_277,11129
synth_278,11089
synth_279,11049
synth_280,11009
synth_281,10970
synth_282,10931
synth_283,10893
synth_284,10854
synth_285,10816
synth_286,10778
synth_287,10741
synth_288,10704
synth_289,10666
synth_290,10630
synth_291,10593
synth_292,10557
synth_293,10521
synth_294,10485
synth_295,10450
synth_296,10414
synth_297,10379
synth_298,10344
synth_299,10310
synth_300,10275
synth_301,10241
synth_302,10207
synth_303,10174
synth_304,10140
synth_305,10107
synth_306,10074
synth_307,10041
synth_308,10008
synth_309,9976
synth_310,9944
synth_311,9912
synth_312,9880
synth_313,9849
synth_314,9817
synth_315,9786
synth_316,9755
synth_317,9724
synth_318,9694
synth_319,9663
synth_320,9633
synth_321,9603
synth_322,9573
synth_323,9544
synth_324,9514
synth_325,9485
synth_326,9456
synth_327,9427
synth_328,9398
synth_329,9370
synth_330,9341
synth_331,9313
synth_332,9285
synth_333,9257
synth_334,9229
synth_335,9202
synth_336,9174
synth_337,9147
synth_338,9120
synth_339,9093
synth_340,9067
synth_341,9040
synth_342,9014
synth_343,8987
synth_344,8961
synth_345,8935
synth_346,8909
synth_347,8884
synth_348,8858
synth_349,8833
synth_350,8807
synth_351,8782
synth_352,8757
synth_353,8733
synth_354,8708
synth_355,8683
synth_356,8659
synth_357,8635
synth_358,8611
synth_359,8587
synth_360,8563
synth_361,8539
synth_362,8516
synth_363,8492
synth_364,8469
synth_365,8446
synth_366,8422
synth_367,8400
synth_368,8377
synth_369,8354
synth_370,8331
synth_371,8309
synth_372,8287
synth_373,8264
synth_374,8242
synth_375,8220
synth_376,8198
synth_377,8177
synth_378,8155
synth_379,8134
synth_380,8112
synth_381,8091
synth_382,8070
synth_383,8049
synth_384,8028
synth_385,8007
synth_386,7986
synth_387,7965
synth_388,7945
synth_389,7924
synth_390,7904
synth_391,7884
synth_392,7864
synth_393,7844
synth_394,7824
synth_395,7804
synth_396,7784
synth_397,7765
synth_398,7745
synth_399,7726
synth_400,7707
synth_401,7687
synth_402,7668
synth_403,7649
synth_404,7630
synth_405,7611
synth_406,7593
synth_407,7574
synth_408,7555
synth_409,7537
synth_410,7519
synth_411,7500
synth_412,7482
synth_413,7464
synth_414,7446
synth_415,7428
synth_416,7410
synth_417,7392
synth_418,7375
synth_419,7357
synth_420,7340
synth_421,7322
synth_422,7305
synth_423,7288
synth_424,7270
synth_425,7253
synth_426,7236
synth_427,7219
synth_428,7202
synth_429,7186
synth_430,7169
synth_431,7152
synth_432,7136
synth_433,7119
synth_434,7103
synth_435,7086
synth_436,7070
synth_437,7054
synth_438,7038
synth_439,7022
synth_440,7006
synth_441,6990
synth_442,6974
synth_443,6959
synth_444,6943
synth_445,6927
synth_446,6912
synth_447,6896
synth_448,6881
synth_449,6866
synth_450,6850
synth_451,6835
synth_452,6820
synth_453,6805
synth_454,6790
synth_455,6775
synth_456,6760
synth_457,6745
synth_458,6731
synth_459,6716
synth_460,6701
synth_461,6687
synth_462,6672
synth_463,6658
synth_464,6644
synth_465,6629
synth_466,6615
synth_467,6601
synth_468,6587
synth_469,6573
synth_470,6559
synth_471,6545
synth_472,6531
synth_473,6517
synth_474,6503
synth_475,6490
synth_476,6476
synth_477,6463
synth_478,6449
synth_479,6436
synth_480,6422
synth_481,6409
synth_482,6395
synth_483,6382
synth_484,6369
synth_485,6356
synth_486,6343
synth_487,6330
synth_488,6317
synth_489,6304
synth_490,6291
synth_491,6278
synth_492,6265
synth_493,6253
synth_494,6240
synth_495,6228
synth_496,6215
synth_497,6202
synth_498,6190
synth_499,6178
synth_500,6165
synth_501,6153
synth_502,6141
synth_503,6128
synth_504,6116
synth_505,6104
synth_506,6092
synth_507,6080
synth_508,6068
synth_509,6056
synth_510,6044
synth_511,6033
synth_512,6021
synth_513,6009
synth_514,5997
synth_515,5986
synth_516,5974
synth_517,5963
synth_518,5951
synth_519,5940
synth_520,5928
synth_521,5917
synth_522,5905
synth_523,5894
synth_524,5883
synth_525,5872
synth_526,5860
synth_527,5849
synth_528,5838
synth_529,5827
synth_530,5816
synth_531,5805
synth_532,5794
synth_533,5784
synth_534,5773
synth_535,5762
synth_536,5751
synth_537,5740
synth_538,5730
synth_539,5719
synth_540,5709
synth_541,5698
synth_542,5687
synth_543,5677
synth_544,5667
synth_545,5656
synth_546,5646
synth_547,5635
synth_548,5625
synth_549,5615
synth_550,5605
synth_551,5595
synth_552,5584
synth_553,5574
synth_554,5564
synth_555,5554
synth_556,5544
synth_557,5534
synth_558,5524
synth_559,5515
synth_560,5505
synth_561,5495
synth_562,5485
synth_563,5475
synth_564,5466
synth_565,5456
synth_566,5446
synth_567,5437
synth_568,5427
synth_569,5418
synth_570,5408
synth_571,5399
synth_572,5389
synth_573,5380
synth_574,5370
synth_575,5361
synth_576,5352
synth_577,5342
synth_578,5333
synth_579,5324
synth_580,5315
synth_581,5306
synth_582,5297
synth_583,5288
synth_584,5278
synth_585,5269
synth_586,5260
synth_587,5251
synth_588,5243
synth_589,5234
synth_590,5225
synth_591,5216
synth_592,5207
synth_593,5198
synth_594,5190
synth_595,5181
synth_596,5172
synth_597,5164
synth_598,5155
synth_599,5146
synth_600,5138
synth_601,5129
synth_602,5121
synth_603,5112
synth_604,5104
synth_605,5095
synth_606,5087
synth_607,5078
synth_608,5070
synth_609,5062
synth_610,5053
synth_611,5045
synth_612,5037
synth_613,5029
synth_614,5021
synth_615,5012
synth_616,5004
synth_617,4996
synth_618,4988
synth_619,4980
synth_620,4972
synth_621,4964
synth_622,4956
synth_623,4948
synth_624,4940
synth_625,4932
synth_626,4924
synth_627,4916
synth_628,4909
synth_629,4901
synth_630,4893
synth_631,4885
synth_632,4878
synth_633,4870
synth_634,4862
synth_635,4855
synth_636,4847
synth_637,4839
synth_638,4832
synth_639,4824
synth_640,4817
synth_641,4809
synth_642,4802
synth_643,4794
synth_644,4787
synth_645,4779
synth_646,4772
synth_647,4764
synth_648,4757
synth_649,4750
synth_650,4742
synth_651,4735
synth_652,4728
synth_653,4721
synth_654,4713
synth_655,4706
synth_656,4699
synth_657,4692
synth_658,4685
synth_659,4678
synth_660,4671
synth_661,4664
synth_662,4657
synth_663,4649
synth_664,4642
synth_665,4636
synth_666,4629
synth_667,4622
synth_668,4615
synth_669,4608
synth_670,4601
synth_671,4594
synth_672,4587
synth_673,4580
synth_674,4574
synth_675,4567
synth_676,4560
synth_677,4553
synth_678,4547
synth_679,4540
synth_680,4533
synth_681,4527
synth_682,4520
synth_683,4513
synth_684,4507
synth_685,4500
synth_686,4494
synth_687,4487
synth_688,4481
synth_689,4474
synth_690,4468
synth_691,4461
synth_692,4455
synth_693,4448
synth_694,4442
synth_695,4435
synth_696,4429
synth_697,4423
synth_698,4416
synth_699,4410
synth_700,4404
synth_701,4397
synth_702,4391
synth_703,4385
synth_704,4379
synth_705,4373
synth_706,4366
synth_707,4360
synth_708,4354
synth_709,4348
synth_710,4342
synth_711,4336
synth_712,4330
synth_713,4323
synth_714,4317
synth_715,4311
synth_716,4305
synth_717,4299
synth_718,4293
synth_719,4287
synth_720,4281
synth_721,4275
synth_722,4270
synth_723,4264
synth_724,4258
synth_725,4252
synth_726,4246
synth_727,4240
synth_728,4234
synth_729,4229
synth_730,4223
synth_731,4217
synth_732,4211
synth_733,4205
synth_734,4200
synth_735,4194
synth_736,4188
synth_737,4183
synth_738,4177
synth_739,4171
synth_740,4166
synth_741,4160
synth_742,4154
synth_743,4149
synth_744,4143
synth_745,4138
synth_746,4132
synth_747,4127
synth_748,4121
synth_749,4116
synth_750,4110
synth_751,4105
synth_752,4099
synth_753,4094
synth_754,4088
synth_755,4083
synth_756,4078
synth_757,4072
synth_758,4067
synth_759,4061
synth_760,4056
synth_761,4051
synth_762,4045
synth_763,4040
synth_764,4035
synth_765,4030
synth_766,4024
synth_767,4019
synth_768,4014
synth_769,4009
synth_770,4003
synth_771,3998
synth_772,3993
synth_773,3988
synth_774,3983
synth_775,3978
synth_776,3972
synth_777,3967
synth_778,3962
synth_779,3957
synth_780,3952
synth_781,3947
synth_782,3942
synth_783,3937
synth_784,3932
synth_785,3927
synth_786,3922
synth_787,3917
synth_788,3912
synth_789,3907
synth_790,3902
synth_791,3897
synth_792,3892
synth_793,3887
synth_794,3882
synth_795,3878
synth_796,3873
synth_797,3868
synth_798,3863
synth_799,3858
synth_800,3853
synth_801,3848
synth_802,3844
synth_803,3839
synth_804,3834
synth_805,3829
synth_806,3825
synth_807,3820
synth_808,3815
synth_809,3810
synth_810,3806
synth_811,3801
synth_812,3796
synth_813,3792
synth_814,3787
synth_815,3782
synth_816,3778
synth_817,3773
synth_818,3768
synth_819,3764
synth_820,3759
synth_821,3755
synth_822,3750
synth_823,3746
synth_824,3741
synth_825,3737
synth_826,3732
synth_827,3727
synth_828,3723
synth_829,3718
synth_830,3714
synth_831,3710
synth_832,3705
synth_833,3701
synth_834,3696
synth_835,3692
synth_836,3687
synth_837,3683
synth_838,3679
synth_839,3674
synth_840,3670
synth_841,3665
synth_842,3661
synth_843,3657
synth_844,3652
synth_845,3648
synth_846,3644
synth_847,3639
synth_848,3635
synth_849,3631
synth_850,3627
synth_851,3622
synth_852,3618
synth_853,3614
synth_854,3610
synth_855,3605
synth_856,3601
synth_857,3597
synth_858,3593
synth_859,3589
synth_860,3584
synth_861,3580
synth_862,3576
synth_863,3572
synth_864,3568
synth_865,3564
synth_866,3560
synth_867,3555
synth_868,3551
synth_869,3547
synth_870,3543
synth_871,3539
synth_872,3535
synth_873,3531
synth_874,3527
synth_875,3523
synth_876,3519
synth_877,3515
synth_878,3511
synth_879,3507
synth_880,3503
synth_881,3499
synth_882,3495
synth_883,3491
synth_884,3487
synth_885,3483
synth_886,3479
synth_887,3475
synth_888,3471
synth_889,3468
synth_890,3464
synth_891,3460
synth_892,3456
synth_893,3452
synth_894,3448
synth_895,3444
synth_896,3440
synth_897,3437
synth_898,3433
synth_899,3429
synth_900,3425
synth_901,3421
synth_902,3418
synth_903,3414
synth_904,3410
synth_905,3406
synth_906,3402
synth_907,3399
synth_908,3395
synth_909,3391
synth_910,3387
synth_911,3384
synth_912,3380
synth_913,3376
synth_914,3373
synth_915,3369
synth_916,3365
synth_917,3362
synth_918,3358
synth_919,3354
synth_920,3351
synth_921,3347
synth_922,3343
synth_923,3340
synth_924,3336
synth_925,3333
synth_926,3329
synth_927,3325
synth_928,3322
synth_929,3318
synth_930,3315
synth_931,3311
synth_932,3308
synth_933,3304
synth_934,3300
synth_935,3297
synth_936,3293
synth_937,3290
synth_938,3286
synth_939,3283
synth_940,3279
synth_941,3276
synth_942,3272
synth_943,3269
synth_944,3265
synth_945,3262
synth_946,3259
synth_947,3255
synth_948,3252
synth_949,3248
synth_950,3245
synth_951,3241
synth_952,3238
synth_953,3235
synth_954,3231
synth_955,3228
synth_956,3224
synth_957,3221
synth_958,3218
synth_959,3214
synth_960,3211
synth_961,3208
synth_962,3204
synth_963,3201
synth_964,3198
synth_965,3194
synth_966,3191
synth_967,3188
synth_968,3185
synth_969,3181
synth_970,3178
synth_971,3175
synth_972,3171
synth_973,3168
synth_974,3165
synth_975,3162
synth_976,3158
synth_977,3155
synth_978,3152
synth_979,3149
synth_980,3146
synth_981,3142
synth_982,3139
synth_983,3136
synth_984,3133
synth_985,3130
synth_986,3126
synth_987,3123
synth_988,3120
synth_989,3117
synth_990,3114
synth_991,3111
synth_992,3107
synth_993,3104
synth_994,3101
synth_995,3098
synth_996,3095
synth_997,3092
synth_998,3089
synth_999,3086
synth_1000,3083
synth_1001,3080
synth_1002,3076
synth_1003,3073
synth_1004,3070
synth_1005,3067
synth_1006,3064
synth_1007,3061
synth_1008,3058
synth_1009,3055
synth_1010,3052
synth_1011,3049
synth_1012,3046
synth_1013,3043
synth_1014,3040
synth_1015,3037
synth_1016,3034
synth_1017,3031
synth_1018,3028
synth_1019,3025
synth_1020,3022
synth_1021,3019
synth_1022,3016
synth_1023,3013
synth_1024,3010
synth_1025,3007
synth_1026,3005
synth_1027,3002
synth_1028,2999
synth_1029,2996
synth_1030,2993
synth_1031,2990
synth_1032,2987
synth_1033,2984
synth_1034,2981
synth_1035,2978
synth_1036,2975
synth_1037,2973
synth_1038,2970
synth_1039,2967
synth_1040,2964
synth_1041,2961
synth_1042,2958
synth_1043,2956
synth_1044,2953
synth_1045,2950
synth_1046,2947
synth_1047,2944
synth_1048,2941
synth_1049,2939
synth_1050,2936
synth_1051,2933
synth_1052,2930
synth_1053,2927
synth_1054,2925
synth_1055,2922
synth_1056,2919
synth_1057,2916
synth_1058,2914
synth_1059,2911
synth_1060,2908
synth_1061,2905
synth_1062,2903
synth_1063,2900
synth_1064,2897
synth_1065,2894
synth_1066,2892
synth_1067,2889
synth_1068,2886
synth_1069,2884
synth_1070,2881
synth_1071,2878
synth_1072,2876
synth_1073,2873
synth_1074,2870
synth_1075,2868
synth_1076,2865
synth_1077,2862
synth_1078,2860
synth_1079,2857
synth_1080,2854
synth_1081,2852
synth_1082,2849
synth_1083,2846
synth_1084,2844
synth_1085,2841
synth_1086,2839
synth_1087,2836
synth_1088,2833
synth_1089,2831
synth_1090,2828
synth_1091,2825
synth_1092,2823
synth_1093,2820
synth_1094,2818
synth_1095,2815
synth_1096,2813
synth_1097,2810
synth_1098,2807
synth_1099,2805
synth_1100,2802
synth_1101,2800
synth_1102,2797
synth_1103,2795
synth_1104,2792
synth_1105,2790
synth_1106,2787
synth_1107,2785
synth_1108,2782
synth_1109,2780
synth_1110,2777
synth_1111,2775
synth_1112,2772
synth_1113,2770
synth_1114,2767
synth_1115,2765
synth_1116,2762
synth_1117,2760
synth_1118,2757
synth_1119,2755
synth_1120,2752
synth_1121,2750
synth_1122,2747
synth_1123,2745
synth_1124,2743
synth_1125,2740
synth_1126,2738
synth_1127,2735
synth_1128,2733
synth_1129,2730
synth_1130,2728
synth_1131,2726
synth_1132,2723
synth_1133,2721
synth_1134,2718
synth_1135,2716
synth_1136,2714
synth_1137,2711
synth_1138,2709
synth_1139,2706
synth_1140,2704
synth_1141,2702
synth_1142,2699
synth_1143,2697
synth_1144,2695
synth_1145,2692
synth_1146,2690
synth_1147,2688
synth_1148,2685
synth_1149,2683
synth_1150,2681
synth_1151,2678
synth_1152,2676
synth_1153,2674
synth_1154,2671
synth_1155,2669
synth_1156,2667
synth_1157,2664
synth_1158,2662
synth_1159,2660
synth_1160,2657
synth_1161,2655
synth_1162,2653
synth_1163,2651
synth_1164,2648
synth_1165,2646
synth_1166,2644
synth_1167,2641
synth_1168,2639
synth_1169,2637
synth_1170,2635
synth_1171,2632
synth_1172,2630
synth_1173,2628
synth_1174,2626
synth_1175,2624
synth_1176,2621
synth_1177,2619
synth_1178,2617
synth_1179,2615
synth_1180,2612
synth_1181,2610
synth_1182,2608
synth_1183,2606
synth_1184,2604
synth_1185,2601
synth_1186,2599
synth_1187,2597
synth_1188,2595
synth_1189,2593
synth_1190,2590
synth_1191,2588
synth_1192,2586
synth_1193,2584
synth_1194,2582
synth_1195,2580
synth_1196,2577
synth_1197,2575
synth_1198,2573
synth_1199,2571
synth_1200,2569
synth_1201,2567
synth_1202,2565
synth_1203,2562
synth_1204,2560
synth_1205,2558
synth_1206,2556
synth_1207,2554
synth_1208,2552
synth_1209,2550
synth_1210,2548
synth_1211,2546
synth_1212,2543
synth_1213,2541
synth_1214,2539
synth_1215,2537
synth_1216,2535
synth_1217,2533
synth_1218,2531
synth_1219,2529
synth_1220,2527
synth_1221,2525
synth_1222,2523
synth_1223,2521
synth_1224,2518
synth_1225,2516
synth_1226,2514
synth_1227,2512
synth_1228,2510
synth_1229,2508
synth_1230,2506
synth_1231,2504
synth_1232,2502
synth_1233,2500
synth_1234,2498
synth_1235,2496
synth_1236,2494
synth_1237,2492
synth_1238,2490
synth_1239,2488
synth_1240,2486
synth_1241,2484
synth_1242,2482
synth_1243,2480
synth_1244,2478
synth_1245,2476
synth_1246,2474
synth_1247,2472
synth_1248,2470
synth_1249,2468
synth_1250,2466
synth_1251,2464
synth_1252,2462
synth_1253,2460
synth_1254,2458
synth_1255,2456
synth_1256,2454
synth_1257,2452
synth_1258,2450
synth_1259,2448
synth_1260,2447
synth_1261,2445
synth_1262,2443
synth_1263,2441
synth_1264,2439
synth_1265,2437
synth_1266,2435
synth_1267,2433
synth_1268,2431
synth_1269,2429
synth_1270,2427
synth_1271,2425
synth_1272,2423
synth_1273,2422
synth_1274,2420
synth_1275,2418
synth_1276,2416
synth_1277,2414
synth_1278,2412
synth_1279,2410
synth_1280,2408
synth_1281,2406
synth_1282,2405
synth_1283,2403
synth_1284,2401
synth_1285,2399
synth_1286,2397
synth_1287,2395
synth_1288,2393
synth_1289,2391
synth_1290,2390
synth_1291,2388
synth_1292,2386
synth_1293,2384
synth_1294,2382
synth_1295,2380
synth_1296,2379
synth_1297,2377
synth_1298,2375
synth_1299,2373
synth_1300,2371
synth_1301,2369
synth_1302,2368
synth_1303,2366
synth_1304,2364
synth_1305,2362
synth_1306,2360
synth_1307,2359
synth_1308,2357
synth_1309,2355
synth_1310,2353
synth_1311,2351
synth_1312,2350
synth_1313,2348
synth_1314,2346
synth_1315,2344
synth_1316,2342
synth_1317,2341
synth_1318,2339
synth_1319,2337
synth_1320,2335
synth_1321,2334
synth_1322,2332
synth_1323,2330
synth_1324,2328
synth_1325,2327
synth_1326,2325
synth_1327,2323
synth_1328,2321
synth_1329,2320
synth_1330,2318
synth_1331,2316
synth_1332,2314
synth_1333,2313
synth_1334,2311
synth_1335,2309
synth_1336,2307
synth_1337,2306
synth_1338,2304
synth_1339,2302
synth_1340,2300
synth_1341,2299
synth_1342,2297
synth_1343,2295
synth_1344,2294
synth_1345,2292
synth_1346,2290
synth_1347,2289
synth_1348,2287
synth_1349,2285
synth_1350,2283
synth_1351,2282
synth_1352,2280
synth_1353,2278
synth_1354,2277
synth_1355,2275
synth_1356,2273
synth_1357,2272
synth_1358,2270
synth_1359,2268
synth_1360,2267
synth_1361,2265
synth_1362,2263
synth_1363,2262
synth_1364,2260
synth_1365,2258
synth_1366,2257
synth_1367,2255
synth_1368,2253
synth_1369,2252
synth_1370,2250
synth_1371,2248
synth_1372,2247
synth_1373,2245
synth_1374,2244
synth_1375,2242
synth_1376,2240
synth_1377,2239
synth_1378,2237
synth_1379,2235
synth_1380,2234
synth_1381,2232
synth_1382,2231
synth_1383,2229
synth_1384,2227
synth_1385,2226
synth_1386,2224
synth_1387,2223
synth_1388,2221
synth_1389,2219
synth_1390,2218
synth_1391,2216
synth_1392,2215
synth_1393,2213
synth_1394,2211
synth_1395,2210
synth_1396,2208
synth_1397,2207
synth_1398,2205
synth_1399,2203
synth_1400,2202
synth_1401,2200
synth_1402,2199
synth_1403,2197
synth_1404,2196
synth_1405,2194
synth_1406,2192
synth_1407,2191
synth_1408,2189
synth_1409,2188
synth_1410,2186
synth_1411,2185
synth_1412,2183
synth_1413,2182
synth_1414,2180
synth_1415,2179
synth_1416,2177
synth_1417,2175
synth_1418,2174
synth_1419,2172
synth_1420,2171
synth_1421,2169
synth_1422,2168
synth_1423,2166
synth_1424,2165
synth_1425,2163
synth_1426,2162
synth_1427,2160
synth_1428,2159
synth_1429,2157
synth_1430,2156
synth_1431,2154
synth_1432,2153
synth_1433,2151
synth_1434,2150
synth_1435,2148
synth_1436,2147
synth_1437,2145
synth_1438,2144
synth_1439,2142
synth_1440,2141
synth_1441,2139
synth_1442,2138
synth_1443,2136
synth_1444,2135
synth_1445,2133
synth_1446,2132
synth_1447,2130
synth_1448,2129
synth_1449,2127
synth_1450,2126
synth_1451,2124
synth_1452,2123
synth_1453,2122
synth_1454,2120
synth_1455,2119
synth_1456,2117
synth_1457,2116
synth_1458,2114
synth_1459,2113
synth_1460,2111
synth_1461,2110
synth_1462,2108
synth_1463,2107
synth_1464,2106
synth_1465,2104
synth_1466,2103
synth_1467,2101
synth_1468,2100
synth_1469,2098
synth_1470,2097
synth_1471,2096
synth_1472,2094
synth_1473,2093
synth_1474,2091
synth_1475,2090
synth_1476,2088
synth_1477,2087
synth_1478,2086
synth_1479,2084
synth_1480,2083
synth_1481,2081
synth_1482,2080
synth_1483,2079
synth_1484,2077
synth_1485,2076
synth_1486,2074
synth_1487,2073
synth_1488,2072
synth_1489,2070
synth_1490,2069
synth_1491,2067
synth_1492,2066
synth_1493,2065
synth_1494,2063
synth_1495,2062
synth_1496,2061
synth_1497,2059
synth_1498,2058
synth_1499,2056
synth_1500,2055
synth_1501,2054
synth_1502,2052
synth_1503,2051
synth_1504,2050
synth_1505,2048
synth_1506,2047
synth_1507,2046
synth_1508,2044
synth_1509,2043
synth_1510,2041
synth_1511,2040
synth_1512,2039
synth_1513,2037
synth_1514,2036
synth_1515,2035
synth_1516,2033
synth_1517,2032
synth_1518,2031
synth_1519,2029
synth_1520,2028
synth_1521,2027
synth_1522,2025
synth_1523,2024
synth_1524,2023
synth_1525,2021
synth_1526,2020
synth_1527,2019
synth_1528,2017
synth_1529,2016
synth_1530,2015
synth_1531,2013
synth_1532,2012
synth_1533,2011
synth_1534,2010
synth_1535,2008
synth_1536,2007
synth_1537,2006
synth_1538,2004
synth_1539,2003
synth_1540,2002
synth_1541,2000
synth_1542,1999
synth_1543,1998
synth_1544,1997
synth_1545,1995
synth_1546,1994
synth_1547,1993
synth_1548,1991
synth_1549,1990
synth_1550,1989
synth_1551,1988
synth_1552,1986
synth_1553,1985
synth_1554,1984
synth_1555,1982
synth_1556,1981
synth_1557,1980
synth_1558,1979
synth_1559,1977
synth_1560,1976
synth_1561,1975
synth_1562,1974
synth_1563,1972
synth_1564,1971
synth_1565,1970
synth_1566,1968
synth_1567,1967
synth_1568,1966
synth_1569,1965
synth_1570,1963
synth_1571,1962
synth_1572,1961
synth_1573,1960
synth_1574,1958
synth_1575,1957
synth_1576,1956
synth_1577,1955
synth_1578,1953
synth_1579,1952
synth_1580,1951
synth_1581,1950
synth_1582,1949
synth_1583,1947
synth_1584,1946
synth_1585,1945
synth_1586,1944
synth_1587,1942
synth_1588,1941
synth_1589,1940
synth_1590,1939
synth_1591,1938
synth_1592,1936
synth_1593,1935
synth_1594,1934
synth_1595,1933
synth_1596,1931
synth_1597,1930
synth_1598,1929
synth_1599,1928
synth_1600,1927
synth_1601,1925
synth_1602,1924
synth_1603,1923
synth_1604,1922
synth_1605,1921
synth_1606,1919
synth_1607,1918
synth_1608,1917
synth_1609,1916
synth_1610,1915
synth_1611,1913
synth_1612,1912
synth_1613,1911
synth_1614,1910
synth_1615,1909
synth_1616,1908
synth_1617,1906
synth_1618,1905
synth_1619,1904
synth_1620,1903
synth_1621,1902
synth_1622,1901
synth_1623,1899
synth_1624,1898
synth_1625,1897
synth_1626,1896
synth_1627,1895
synth_1628,1893
synth_1629,1892
synth_1630,1891
synth_1631,1890
synth_1632,1889
synth_1633,1888
synth_1634,1887
synth_1635,1885
synth_1636,1884
synth_1637,1883
synth_1638,1882
synth_1639,1881
synth_1640,1880
synth_1641,1878
synth_1642,1877
synth_1643,1876
synth_1644,1875
synth_1645,1874
synth_1646,1873
synth_1647,1872
synth_1648,1871
synth_1649,1869
synth_1650,1868
synth_1651,1867
synth_1652,1866
synth_1653,1865
synth_1654,1864
synth_1655,1863
synth_1656,1861
synth_1657,1860
synth_1658,1859
synth_1659,1858
synth_1660,1857
synth_1661,1856
synth_1662,1855
synth_1663,1854
synth_1664,1853
synth_1665,1851
synth_1666,1850
synth_1667,1849
synth_1668,1848
synth_1669,1847
synth_1670,1846
synth_1671,1845
synth_1672,1844
synth_1673,1843
synth_1674,1841
synth_1675,1840
synth_1676,1839
synth_1677,1838
synth_1678,1837
synth_1679,1836
synth_1680,1835
synth_1681,1834
synth_1682,1833
synth_1683,1832
synth_1684,1831
synth_1685,1829
synth_1686,1828
synth_1687,1827
synth_1688,1826
synth_1689,1825
synth_1690,1824
synth_1691,1823
synth_1692,1822
synth_1693,1821
synth_1694,1820
synth_1695,1819
synth_1696,1818
synth_1697,1817
synth_1698,1815
synth_1699,1814
synth_1700,1813
synth_1701,1812
synth_1702,1811
synth_1703,1810
synth_1704,1809
synth_1705,1808
synth_1706,1807
synth_1707,1806
synth_1708,1805
synth_1709,1804
synth_1710,1803
synth_1711,1802
synth_1712,1801
synth_1713,1800
synth_1714,1798
synth_1715,1797
synth_1716,1796
synth_1717,1795
synth_1718,1794
synth_1719,1793
synth_1720,1792
synth_1721,1791
synth_1722,1790
synth_1723,1789
synth_1724,1788
synth_1725,1787
synth_1726,1786
synth_1727,1785
synth_1728,1784
synth_1729,1783
synth_1730,1782
synth_1731,1781
synth_1732,1780
synth_1733,1779
synth_1734,1778
synth_1735,1777
synth_1736,1776
synth_1737,1775
synth_1738,1774
synth_1739,1773
synth_1740,1772
synth_1741,1771
synth_1742,1770
synth_1743,1769
synth_1744,1768
synth_1745,1767
synth_1746,1766
synth_1747,1765
synth_1748,1764
synth_1749,1763
synth_1750,1761
synth_1751,1760
synth_1752,1759
synth_1753,1758
synth_1754,1757
synth_1755,1756
synth_1756,1755
synth_1757,1754
synth_1758,1753
synth_1759,1752
synth_1760,1751
synth_1761,1750
synth_1762,1749
synth_1763,1749
synth_1764,1748
synth_1765,1747
synth_1766,1746
synth_1767,1745
synth_1768,1744
synth_1769,1743
synth_1770,1742
synth_1771,1741
synth_1772,1740
synth_1773,1739
synth_1774,1738
synth_1775,1737
synth_1776,1736
synth_1777,1735
synth_1778,1734
synth_1779,1733
synth_1780,1732
synth_1781,1731
synth_1782,1730
synth_1783,1729
synth_1784,1728
synth_1785,1727
synth_1786,1726
synth_1787,1725
synth_1788,1724
synth_1789,1723
synth_1790,1722
synth_1791,1721
synth_1792,1720
synth_1793,1719
synth_1794,1718
synth_1795,1717
synth_1796,1716
synth_1797,1715
synth_1799,1714
synth_1798,1714
synth_1800,1713
synth_1801,1712
synth_1802,1711
synth_1803,1710
synth_1804,1709
synth_1805,1708
synth_1806,1707
synth_1807,1706
synth_1808,1705
synth_1809,1704
synth_1810,1703
synth_1811,1702
synth_1812,1701
synth_1813,1700
synth_1814,1699
synth_1815,1698
synth_1817,1697
synth_1816,1697
synth_1818,1696
synth_1819,1695
synth_1820,1694
synth_1821,1693
synth_1822,1692
synth_1823,1691
synth_1824,1690
synth_1825,1689
synth_1826,1688
synth_1827,1687
synth_1828,1686
synth_1829,1685
synth_1831,1684
synth_1830,1684
synth_1832,1683
synth_1833,1682
synth_1834,1681
synth_1835,1680
synth_1836,1679
synth_1837,1678
synth_1838,1677
synth_1839,1676
synth_1840,1675
synth_1842,1674
synth_1841,1674
synth_1843,1673
synth_1844,1672
synth_1845,1671
synth_1846,1670
synth_1847,1669
synth_1848,1668
synth_1849,1667
synth_1850,1666
synth_1851,1665
synth_1852,1664
synth_1853,1664
synth_1854,1663
synth_1855,1662
synth_1856,1661
synth_1857,1660
synth_1858,1659
synth_1859,1658
synth_1860,1657
synth_1861,1656
synth_1862,1656
synth_1863,1655
synth_1864,1654
synth_1865,1653
synth_1866,1652
synth_1867,1651
synth_1868,1650
synth_1869,1649
synth_1871,1648
synth_1870,1648
synth_1872,1647
synth_1873,1646
synth_1874,1645
synth_1875,1644
synth_1876,1643
synth_1877,1642
synth_1879,1641
synth_1878,1641
synth_1880,1640
synth_1881,1639
synth_1882,1638
synth_1883,1637
synth_1884,1636
synth_1885,1635
synth_1887,1634
synth_1886,1634
synth_1888,1633
synth_1889,1632
synth_1890,1631
synth_1891,1630
synth_1892,1629
synth_1893,1628
synth_1894,1628
synth_1895,1627
synth_1896,1626
synth_1897,1625
synth_1898,1624
synth_1899,1623
synth_1901,1622
synth_1900,1622
synth_1902,1621
synth_1903,1620
synth_1904,1619
synth_1905,1618
synth_1906,1617
synth_1907,1616
synth_1908,1616
synth_1909,1615
synth_1910,1614
synth_1911,1613
synth_1912,1612
synth_1914,1611
synth_1913,1611
synth_1915,1610
synth_1916,1609
synth_1917,1608
synth_1918,1607
synth_1920,1606
synth_1919,1606
synth_1921,1605
synth_1922,1604
synth_1923,1603
synth_1924,1602
synth_1926,1601
synth_1925,1601
synth_1927,1600
synth_1928,1599
synth_1929,1598
synth_1930,1597
synth_1931,1596
synth_1932,1596
synth_1933,1595
synth_1934,1594
synth_1935,1593
synth_1936,1592
synth_1938,1591
synth_1937,1591
synth_1939,1590
synth_1940,1589
synth_1941,1588
synth_1943,1587
synth_1942,1587
synth_1944,1586
synth_1945,1585
synth_1946,1584
synth_1947,1583
synth_1948,1582
synth_1949,1582
synth_1950,1581
synth_1951,1580
synth_1952,1579
synth_1953,1578
synth_1954,1578
synth_1955,1577
synth_1956,1576
synth_1957,1575
synth_1958,1574
synth_1959,1574
synth_1960,1573
synth_1961,1572
synth_1962,1571
synth_1964,1570
synth_1963,1570
synth_1965,1569
synth_1966,1568
synth_1967,1567
synth_1969,1566
synth_1968,1566
synth_1970,1565
synth_1971,1564
synth_1972,1563
synth_1973,1562
synth_1974,1562
synth_1975,1561
synth_1976,1560
synth_1977,1559
synth_1979,1558
synth_1978,1558
synth_1980,1557
synth_1981,1556
synth_1982,1555
synth_1983,1555
synth_1984,1554
synth_1985,1553
synth_1986,1552
synth_1987,1551
synth_1988,1551
synth_1989,1550
synth_1990,1549
synth_1991,1548
synth_1992,1547
synth_1993,1547
synth_1994,1546
synth_1995,1545
synth_1997,1544
synth_1996,1544
synth_1998,1543
synth_1999,1542
synth_2000,1541
synth_2001,1541
synth_2002,1540
synth_2003,1539
synth_2004,1538
synth_2006,1537
synth_2005,1537
synth_2007,1536
synth_2008,1535
synth_2010,1534
synth_2009,1534
synth_2011,1533
synth_2012,1532
synth_2013,1531
synth_2014,1531
synth_2015,1530
synth_2016,1529
synth_2017,1528
synth_2018,1528
synth_2019,1527
synth_2020,1526
synth_2022,1525
synth_2021,1525
synth_2023,1524
synth_2024,1523
synth_2026,1522
synth_2025,1522
synth_2027,1521
synth_2028,1520
synth_2030,1519
synth_2029,1519
synth_2031,1518
synth_2032,1517
synth_2034,1516
synth_2033,1516
synth_2035,1515
synth_2036,1514
synth_2038,1513
synth_2037,1513
synth_2039,1512
synth_2040,1511
synth_2042,1510
synth_2041,1510
synth_2043,1509
synth_2044,1508
synth_2046,1507
synth_2045,1507
synth_2047,1506
synth_2048,1505
synth_2050,1504
synth_2049,1504
synth_2051,1503
synth_2052,1502
synth_2053,1502
synth_2054,1501
synth_2055,1500
synth_2057,1499
synth_2056,1499
synth_2058,1498
synth_2059,1497
synth_2060,1496
synth_2061,1496
synth_2062,1495
synth_2064,1494
synth_2063,1494
synth_2065,1493
synth_2066,1492
synth_2067,1491
synth_2068,1491
synth_2069,1490
synth_2070,1489
synth_2072,1488
synth_2071,1488
synth_2073,1487
synth_2075,1486
synth_2074,1486
synth_2076,1485
synth_2077,1484
synth_2079,1483
synth_2078,1483
synth_2080,1482
synth_2082,1481
synth_2081,1481
synth_2083,1480
synth_2084,1479
synth_2085,1478
synth_2086,1478
synth_2087,1477
synth_2089,1476
synth_2088,1476
synth_2090,1475
synth_2092,1474
synth_2091,1474
synth_2093,1473
synth_2094,1472
synth_2096,1471
synth_2095,1471
synth_2097,1470
synth_2098,1469
synth_2099,1469
synth_2100,1468
synth_2102,1467
synth_2101,1467
synth_2103,1466
synth_2104,1465
synth_2106,1464
synth_2105,1464
synth_2107,1463
synth_2108,1462
synth_2109,1462
synth_2110,1461
synth_2112,1460
synth_2111,1460
synth_2113,1459
synth_2115,1458
synth_2114,1458
synth_2116,1457
synth_2117,1456
synth_2118,1455
synth_2119,1455
synth_2120,1454
synth_2121,1453
synth_2122,1453
synth_2123,1452
synth_2124,1451
synth_2125,1451
synth_2126,1450
synth_2127,1449
synth_2128,1449
synth_2129,1448
synth_2131,1447
synth_2130,1447
synth_2132,1446
synth_2133,1445
synth_2134,1445
synth_2135,1444
synth_2136,1443
synth_2137,1442
synth_2138,1442
synth_2139,1441
synth_2141,1440
synth_2140,1440
synth_2142,1439
synth_2144,1438
synth_2143,1438
synth_2145,1437
synth_2146,1436
synth_2147,1436
synth_2148,1435
synth_2150,1434
synth_2149,1434
synth_2151,1433
synth_2152,1432
synth_2153,1432
synth_2154,1431
synth_2156,1430
synth_2155,1430
synth_2157,1429
synth_2158,1428
synth_2159,1428
synth_2160,1427
synth_2162,1426
synth_2161,1426
synth_2163,1425
synth_2165,1424
synth_2164,1424
synth_2166,1423
synth_2167,1423
synth_2168,1422
synth_2170,1421
synth_2169,1421
synth_2171,1420
synth_2173,1419
synth_2172,1419
synth_2174,1418
synth_2176,1417
synth_2175,1417
synth_2177,1416
synth_2178,1415
synth_2179,1415
synth_2180,1414
synth_2182,1413
synth_2181,1413
synth_2183,1412
synth_2184,1411
synth_2185,1411
synth_2187,1410
synth_2186,1410
synth_2188,1409
synth_2190,1408
synth_2189,1408
synth_2191,1407
synth_2193,1406
synth_2192,1406
synth_2194,1405
synth_2195,1404
synth_2196,1404
synth_2197,1403
synth_2199,1402
synth_2198,1402
synth_2201,1401
synth_2200,1401
synth_2202,1400
synth_2204,1399
synth_2203,1399
synth_2205,1398
synth_2207,1397
synth_2206,1397
synth_2208,1396
synth_2209,1395
synth_2210,1395
synth_2212,1394
synth_2211,1394
synth_2213,1393
synth_2215,1392
synth_2214,1392
synth_2216,1391
synth_2218,1390
synth_2217,1390
synth_2219,1389
synth_2220,1389
synth_2221,1388
synth_2222,1387
synth_2223,1387
synth_2224,1386
synth_2226,1385
synth_2225,1385
synth_2228,1384
synth_2227,1384
synth_2229,1383
synth_2230,1382
synth_2231,1382
synth_2232,1381
synth_2234,1380
synth_2233,1380
synth_2235,1379
synth_2236,1379
synth_2237,1378
synth_2239,1377
synth_2238,1377
synth_2240,1376
synth_2241,1376
synth_2242,1375
synth_2243,1374
synth_2244,1374
synth_2245,1373
synth_2246,1372
synth_2247,1372
synth_2248,1371
synth_2249,1371
synth_2250,1370
synth_2251,1369
synth_2252,1369
synth_2253,1368
synth_2254,1368
synth_2255,1367
synth_2257,1366
synth_2256,1366
synth_2259,1365
synth_2258,1365
synth_2260,1364
synth_2262,1363
synth_2261,1363
synth_2263,1362
synth_2264,1362
synth_2265,1361
synth_2267,1360
synth_2266,1360
synth_2268,1359
synth_2269,1359
synth_2270,1358
synth_2271,1357
synth_2272,1357
synth_2274,1356
synth_2273,1356
synth_2275,1355
synth_2277,1354
synth_2276,1354
synth_2278,1353
synth_2279,1353
synth_2280,1352
synth_2281,1351
synth_2282,1351
synth_2283,1350
synth_2284,1350
synth_2285,1349
synth_2286,1348
synth_2287,1348
synth_2289,1347
synth_2288,1347
synth_2291,1346
synth_2290,1346
synth_2292,1345
synth_2294,1344
synth_2293,1344
synth_2296,1343
synth_2295,1343
synth_2297,1342
synth_2299,1341
synth_2298,1341
synth_2301,1340
synth_2300,1340
synth_2302,1339
synth_2303,1339
synth_2304,1338
synth_2306,1337
synth_2305,1337
synth_2308,1336
synth_2307,1336
synth_2309,1335
synth_2310,1334
synth_2311,1334
synth_2312,1333
synth_2313,1333
synth_2315,1332
synth_2314,1332
synth_2316,1331
synth_2318,1330
synth_2317,1330
synth_2319,1329
synth_2320,1329
synth_2321,1328
synth_2322,1328
synth_2323,1327
synth_2325,1326
synth_2324,1326
synth_2327,1325
synth_2326,1325
synth_2329,1324
synth_2328,1324
synth_2330,1323
synth_2332,1322
synth_2331,1322
synth_2333,1321
synth_2334,1321
synth_2335,1320
synth_2336,1320
synth_2337,1319
synth_2338,1318
synth_2339,1318
synth_2341,1317
synth_2340,1317
synth_2343,1316
synth_2342,1316
synth_2344,1315
synth_2345,1315
synth_2346,1314
synth_2347,1313
synth_2348,1313
synth_2350,1312
synth_2349,1312
synth_2351,1311
synth_2352,1311
synth_2354,1310
synth_2353,1310
synth_2355,1309
synth_2356,1308
synth_2357,1308
synth_2359,1307
synth_2358,1307
synth_2361,1306
synth_2360,1306
synth_2362,1305
synth_2363,1305
synth_2364,1304
synth_2366,1303
synth_2365,1303
synth_2367,1302
synth_2368,1302
synth_2370,1301
synth_2369,1301
synth_2372,1300
synth_2371,1300
synth_2373,1299
synth_2374,1298
synth_2375,1298
synth_2376,1297
synth_2377,1297
synth_2378,1296
synth_2379,1296
synth_2381,1295
synth_2380,1295
synth_2383,1294
synth_2382,1294
synth_2385,1293
synth_2384,1293
synth_2386,1292
synth_2387,1291
synth_2388,1291
synth_2390,1290
synth_2389,1290
synth_2391,1289
synth_2392,1289
synth_2394,1288
synth_2393,1288
synth_2395,1287
synth_2396,1287
synth_2397,1286
synth_2399,1285
synth_2398,1285
synth_2401,1284
synth_2400,1284
synth_2402,1283
synth_2403,1283
synth_2405,1282
synth_2404,1282
synth_2406,1281
synth_2407,1281
synth_2408,1280
synth_2409,1280
synth_2411,1279
synth_2410,1279
synth_2413,1278
synth_2412,1278
synth_2414,1277
synth_2415,1276
synth_2416,1276
synth_2417,1275
synth_2418,1275
synth_2419,1274
synth_2420,1274
synth_2422,1273
synth_2421,1273
synth_2423,1272
synth_2424,1272
synth_2426,1271
synth_2425,1271
synth_2428,1270
synth_2427,1270
synth_2430,1269
synth_2429,1269
synth_2432,1268
synth_2431,1268
synth_2433,1267
synth_2435,1266
synth_2434,1266
synth_2436,1265
synth_2437,1265
synth_2439,1264
synth_2438,1264
synth_2440,1263
synth_2441,1263
synth_2442,1262
synth_2443,1262
synth_2445,1261
synth_2444,1261
synth_2446,1260
synth_2447,1260
synth_2448,1259
synth_2449,1259
synth_2451,1258
synth_2450,1258
synth_2453,1257
synth_2452,1257
synth_2454,1256
synth_2455,1256
synth_2457,1255
synth_2456,1255
synth_2458,1254
synth_2459,1254
synth_2460,1253
synth_2461,1253
synth_2462,1252
synth_2463,1252
synth_2464,1251
synth_2465,1251
synth_2467,1250
synth_2466,1250
synth_2469,1249
synth_2468,1249
synth_2470,1248
synth_2471,1248
synth_2473,1247
synth_2472,1247
synth_2474,1246
synth_2475,1246
synth_2476,1245
synth_2478,1244
synth_2477,1244
synth_2480,1243
synth_2479,1243
synth_2481,1242
synth_2482,1242
synth_2484,1241
synth_2483,1241
synth_2485,1240
synth_2486,1240
synth_2488,1239
synth_2487,1239
synth_2489,1238
synth_2490,1238
synth_2491,1238
synth_2492,1237
synth_2493,1237
synth_2494,1236
synth_2495,1236
synth_2496,1235
synth_2497,1235
synth_2499,1234
synth_2498,1234
synth_2500,1233
synth_2501,1233
synth_2503,1232
synth_2502,1232
synth_2504,1231
synth_2505,1231
synth_2507,1230
synth_2506,1230
synth_2509,1229
synth_2508,1229
synth_2511,1228
synth_2510,1228
synth_2513,1227
synth_2512,1227
synth_2514,1226
synth_2515,1226
synth_2517,1225
synth_2516,1225
synth_2518,1224
synth_2519,1224
synth_2520,1223
synth_2521,1223
synth_2522,1222
synth_2523,1222
synth_2525,1221
synth_2524,1221
synth_2526,1220
synth_2527,1220
synth_2529,1219
synth_2528,1219
synth_2531,1218
synth_2530,1218
synth_2532,1217
synth_2534,1217
synth_2533,1217
synth_2535,1216
synth_2536,1216
synth_2538,1215
synth_2537,1215
synth_2540,1214
synth_2539,1214
synth_2542,1213
synth_2541,1213
synth_2544,1212
synth_2543,1212
synth_2546,1211
synth_2545,1211
synth_2548,1210
synth_2547,1210
synth_2549,1209
synth_2550,1209
synth_2552,1208
synth_2551,1208
synth_2553,1207
synth_2554,1207
synth_2555,1207
synth_2556,1206
synth_2557,1206
synth_2558,1205
synth_2559,1205
synth_2561,1204
synth_2560,1204
synth_2562,1203
synth_2563,1203
synth_2564,1202
synth_2565,1202
synth_2567,1201
synth_2566,1201
synth_2568,1200
synth_2569,1200
synth_2572,1199
synth_2571,1199
synth_2570,1199
synth_2574,1198
synth_2573,1198
synth_2575,1197
synth_2576,1197
synth_2577,1196
synth_2578,1196
synth_2580,1195
synth_2579,1195
synth_2581,1194
synth_2582,1194
synth_2585,1193
synth_2584,1193
synth_2583,1193
synth_2587,1192
synth_2586,1192
synth_2588,1191
synth_2589,1191
synth_2591,1190
synth_2590,1190
synth_2592,1189
synth_2593,1189
synth_2595,1188
synth_2594,1188
synth_2597,1187
synth_2598,1187
synth_2596,1187
synth_2600,1186
synth_2599,1186
synth_2602,1185
synth_2601,1185
synth_2604,1184
synth_2603,1184
synth_2605,1183
synth_2606,1183
synth_2607,1182
synth_2609,1182
synth_2608,1182
synth_2610,1181
synth_2611,1181
synth_2613,1180
synth_2612,1180
synth_2615,1179
synth_2614,1179
synth_2617,1178
synth_2616,1178
synth_2619,1177
synth_2620,1177
synth_2618,1177
synth_2622,1176
synth_2621,1176
synth_2624,1175
synth_2623,1175
synth_2625,1174
synth_2626,1174
synth_2628,1173
synth_2629,1173
synth_2627,1173
synth_2631,1172
synth_2630,1172
synth_2632,1171
synth_2633,1171
synth_2635,1170
synth_2634,1170
synth_2637,1169
synth_2636,1169
synth_2638,1169
synth_2640,1168
synth_2639,1168
synth_2642,1167
synth_2641,1167
synth_2643,1166
synth_2644,1166
synth_2646,1165
synth_2647,1165
synth_2645,1165
synth_2648,1164
synth_2649,1164
synth_2651,1163
synth_2650,1163
synth_2652,1162
synth_2653,1162
synth_2656,1161
synth_2655,1161
synth_2654,1161
synth_2657,1160
synth_2658,1160
synth_2660,1159
synth_2659,1159
synth_2661,1158
synth_2662,1158
synth_2663,1158
synth_2665,1157
synth_2664,1157
synth_2667,1156
synth_2666,1156
synth_2670,1155
synth_2669,1155
synth_2668,1155
synth_2672,1154
synth_2671,1154
synth_2673,1153
synth_2674,1153
synth_2676,1152
synth_2675,1152
synth_2677,1152
synth_2678,1151
synth_2679,1151
synth_2680,1150
synth_2681,1150
synth_2684,1149
synth_2682,1149
synth_2683,1149
synth_2685,1148
synth_2686,1148
synth_2688,1147
synth_2687,1147
synth_2689,1146
synth_2690,1146
synth_2691,1146
synth_2692,1145
synth_2693,1145
synth_2695,1144
synth_2694,1144
synth_2697,1143
synth_2698,1143
synth_2696,1143
synth_2699,1142
synth_2700,1142
synth_2701,1141
synth_2702,1141
synth_2704,1140
synth_2705,1140
synth_2703,1140
synth_2706,1139
synth_2707,1139
synth_2709,1138
synth_2708,1138
synth_2711,1137
synth_2710,1137
synth_2712,1137
synth_2714,1136
synth_2713,1136
synth_2716,1135
synth_2717,1135
synth_2715,1135
synth_2719,1134
synth_2718,1134
synth_2721,1133
synth_2720,1133
synth_2723,1132
synth_2724,1132
synth_2722,1132
synth_2726,1131
synth_2725,1131
synth_2728,1130
synth_2729,1130
synth_2727,1130
synth_2731,1129
synth_2730,1129
synth_2734,1128
synth_2733,1128
synth_2732,1128
synth_2735,1127
synth_2736,1127
synth_2738,1126
synth_2737,1126
synth_2739,1125
synth_2740,1125
synth_2741,1125
synth_2742,1124
synth_2743,1124
synth_2746,1123
synth_2744,1123
synth_2745,1123
synth_2748,1122
synth_2747,1122
synth_2750,1121
synth_2749,1121
synth_2751,1121
synth_2753,1120
synth_2752,1120
synth_2755,1119
synth_2754,1119
synth_2756,1119
synth_2758,1118
synth_2757,1118
synth_2759,1117
synth_2760,1117
synth_2761,1116
synth_2762,1116
synth_2763,1116
synth_2764,1115
synth_2765,1115
synth_2766,1114
synth_2767,1114
synth_2768,1114
synth_2769,1113
synth_2770,1113
synth_2773,1112
synth_2771,1112
synth_2772,1112
synth_2775,1111
synth_2774,1111
synth_2776,1110
synth_2777,1110
synth_2778,1110
synth_2779,1109
synth_2780,1109
synth_2783,1108
synth_2781,1108
synth_2782,1108
synth_2785,1107
synth_2784,1107
synth_2788,1106
synth_2786,1106
synth_2787,1106
synth_2789,1105
synth_2790,1105
synth_2793,1104
synth_2791,1104
synth_2792,1104
synth_2796,1103
synth_2794,1103
synth_2795,1103
synth_2797,1102
synth_2798,1102
synth_2801,1101
synth_2800,1101
synth_2799,1101
synth_2802,1100
synth_2803,1100
synth_2806,1099
synth_2805,1099
synth_2804,1099
synth_2808,1098
synth_2807,1098
synth_2810,1097
synth_2809,1097
synth_2811,1097
synth_2812,1096
synth_2813,1096
synth_2816,1095
synth_2815,1095
synth_2814,1095
synth_2819,1094
synth_2817,1094
synth_2818,1094
synth_2821,1093
synth_2820,1093
synth_2824,1092
synth_2822,1092
synth_2823,1092
synth_2825,1091
synth_2826,1091
synth_2828,1090
synth_2829,1090
synth_2827,1090
synth_2830,1089
synth_2831,1089
synth_2833,1088
synth_2834,1088
synth_2832,1088
synth_2836,1087
synth_2837,1087
synth_2835,1087
synth_2838,1086
synth_2839,1086
synth_2842,1085
synth_2840,1085
synth_2841,1085
synth_2844,1084
synth_2843,1084
synth_2845,1084
synth_2847,1083
synth_2846,1083
synth_2849,1082
synth_2848,1082
synth_2850,1082
synth_2851,1081
synth_2852,1081
synth_2853,1080
synth_2854,1080
synth_2855,1080
synth_2856,1079
synth_2857,1079
synth_2858,1079
synth_2860,1078
synth_2859,1078
synth_2862,1077
synth_2863,1077
synth_2861,1077
synth_2866,1076
synth_2865,1076
synth_2864,1076
synth_2868,1075
synth_2867,1075
synth_2870,1074
synth_2871,1074
synth_2869,1074
synth_2872,1073
synth_2874,1073
synth_2873,1073
synth_2875,1072
synth_2876,1072
synth_2879,1071
synth_2878,1071
synth_2877,1071
synth_2881,1070
synth_2882,1070
synth_2880,1070
synth_2884,1069
synth_2883,1069
synth_2887,1068
synth_2885,1068
synth_2886,1068
synth_2889,1067
synth_2890,1067
synth_2888,1067
synth_2893,1066
synth_2891,1066
synth_2892,1066
synth_2894,1065
synth_2895,1065
synth_2897,1064
synth_2896,1064
synth_2898,1064
synth_2899,1063
synth_2901,1063
synth_2900,1063
synth_2903,1062
synth_2902,1062
synth_2904,1062
synth_2905,1061
synth_2906,1061
synth_2908,1060
synth_2909,1060
synth_2907,1060
synth_2912,1059
synth_2911,1059
synth_2910,1059
synth_2915,1058
synth_2914,1058
synth_2913,1058
synth_2916,1057
synth_2917,1057
synth_2918,1056
synth_2919,1056
synth_2920,1056
synth_2921,1055
synth_2922,1055
synth_2923,1055
synth_2925,1054
synth_2926,1054
synth_2924,1054
synth_2927,1053
synth_2928,1053
synth_2931,1052
synth_2930,1052
synth_2929,1052
synth_2932,1051
synth_2933,1051
synth_2934,1051
synth_2937,1050
synth_2936,1050
synth_2935,1050
synth_2940,1049
synth_2939,1049
synth_2938,1049
synth_2942,1048
synth_2941,1048
synth_2945,1047
synth_2943,1047
synth_2944,1047
synth_2947,1046
synth_2946,1046
synth_2948,1046
synth_2950,1045
synth_2951,1045
synth_2949,1045
synth_2954,1044
synth_2953,1044
synth_2952,1044
synth_2955,1043
synth_2956,1043
synth_2958,1042
synth_2959,1042
synth_2957,1042
synth_2962,1041
synth_2960,1041
synth_2961,1041
synth_2963,1040
synth_2964,1040
synth_2965,1040
synth_2968,1039
synth_2966,1039
synth_2967,1039
synth_2971,1038
synth_2970,1038
synth_2969,1038
synth_2972,1037
synth_2973,1037
synth_2974,1037
synth_2975,1036
synth_2976,1036
synth_2977,1035
synth_2978,1035
synth_2979,1035
synth_2981,1034
synth_2982,1034
synth_2980,1034
synth_2983,1033
synth_2985,1033
synth_2984,1033
synth_2986,1032
synth_2987,1032
synth_2988,1032
synth_2989,1031
synth_2990,1031
synth_2991,1031
synth_2992,1030
synth_2994,1030
synth_2993,1030
synth_2996,1029
synth_2997,1029
synth_2995,1029
synth_2998,1028
synth_2999,1028
synth_3000,1028
synth_3002,1027
synth_3001,1027
synth_3003,1027
synth_3004,1026
synth_3005,1026
synth_3006,1025
synth_3007,1025
synth_3008,1025
synth_3009,1024
synth_3010,1024
synth_3011,1024
synth_3013,1023
synth_3014,1023
synth_3012,1023
synth_3016,1022
synth_3017,1022
synth_3015,1022
synth_3018,1021
synth_3019,1021
synth_3020,1021
synth_3022,1020
synth_3021,1020
synth_3023,1020
synth_3026,1019
synth_3024,1019
synth_3025,1019
synth_3027,1018
synth_3028,1018
synth_3029,1018
synth_3032,1017
synth_3030,1017
synth_3031,1017
synth_3033,1016
synth_3034,1016
synth_3035,1016
synth_3038,1015
synth_3036,1015
synth_3037,1015
synth_3039,1014
synth_3041,1014
synth_3040,1014
synth_3044,1013
synth_3043,1013
synth_3042,1013
synth_3047,1012
synth_3045,1012
synth_3046,1012
synth_3050,1011
synth_3049,1011
synth_3048,1011
synth_3051,1010
synth_3052,1010
synth_3053,1010
synth_3055,1009
synth_3054,1009
synth_3056,1009
synth_3058,1008
synth_3059,1008
synth_3057,1008
synth_3061,1007
synth_3060,1007
synth_3062,1007
synth_3063,1006
synth_3065,1006
synth_3064,1006
synth_3066,1005
synth_3068,1005
synth_3067,1005
synth_3069,1004
synth_3070,1004
synth_3071,1004
synth_3073,1003
synth_3072,1003
synth_3074,1003
synth_3075,1002
synth_3076,1002
synth_3078,1002
synth_3077,1002
synth_3079,1001
synth_3080,1001
synth_3081,1001
synth_3082,1000
synth_3084,1000
synth_3083,1000
synth_3087,999
synth_3085,999
synth_3086,999
synth_3088,998
synth_3090,998
synth_3089,998
synth_3092,997
synth_3091,997
synth_3093,997
synth_3094,996
synth_3096,996
synth_3095,996
synth_3098,995
synth_3099,995
synth_3097,995
synth_3102,994
synth_3100,994
synth_3101,994
synth_3104,993
synth_3105,993
synth_3103,993
synth_3107,992
synth_3108,992
synth_3109,992
synth_3106,992
synth_3112,991
synth_3111,991
synth_3110,991
synth_3113,990
synth_3115,990
synth_3114,990
synth_3116,989
synth_3118,989
synth_3117,989
synth_3120,988
synth_3119,988
synth_3121,988
synth_3122,987
synth_3124,987
synth_3123,987
synth_3127,986
synth_3125,986
synth_3126,986
synth_3131,985
synth_3130,985
synth_3129,985
synth_3128,985
synth_3133,984
synth_3134,984
synth_3132,984
synth_3136,983
synth_3137,983
synth_3135,983
synth_3138,982
synth_3140,982
synth_3139,982
synth_3141,981
synth_3142,981
synth_3143,981
synth_3146,980
synth_3147,980
synth_3144,980
synth_3145,980
synth_3149,979
synth_3150,979
synth_3148,979
synth_3151,978
synth_3152,978
synth_3153,978
synth_3154,977
synth_3155,977
synth_3156,977
synth_3159,976
synth_3158,976
synth_3160,976
synth_3157,976
synth_3162,975
synth_3163,975
synth_3161,975
synth_3166,974
synth_3164,974
synth_3165,974
synth_3167,973
synth_3168,973
synth_3169,973
synth_3171,972
synth_3172,972
synth_3173,972
synth_3170,972
synth_3176,971
synth_3175,971
synth_3174,971
synth_3177,970
synth_3178,970
synth_3179,970
synth_3180,969
synth_3182,969
synth_3181,969
synth_3186,968
synth_3185,968
synth_3183,968
synth_3184,968
synth_3187,967
synth_3189,967
synth_3188,967
synth_3192,966
synth_3191,966
synth_3190,966
synth_3194,965
synth_3193,965
synth_3195,965
synth_3196,965
synth_3198,964
synth_3199,964
synth_3197,964
synth_3202,963
synth_3200,963
synth_3201,963
synth_3203,962
synth_3204,962
synth_3205,962
synth_3206,962
synth_3207,961
synth_3208,961
synth_3209,961
synth_3212,960
synth_3211,960
synth_3210,960
synth_3216,959
synth_3214,959
synth_3215,959
synth_3213,959
synth_3217,958
synth_3219,958
synth_3218,958
synth_3222,957
synth_3220,957
synth_3221,957
synth_3224,956
synth_3223,956
synth_3225,956
synth_3226,956
synth_3228,955
synth_3227,955
synth_3229,955
synth_3231,954
synth_3230,954
synth_3232,954
synth_3234,953
synth_3235,953
synth_3236,953
synth_3233,953
synth_3238,952
synth_3239,952
synth_3237,952
synth_3243,951
synth_3242,951
synth_3240,951
synth_3241,951
synth_3245,950
synth_3246,950
synth_3244,950
synth_3247,949
synth_3249,949
synth_3248,949
synth_3251,948
synth_3250,948
synth_3252,948
synth_3253,948
synth_3255,947
synth_3256,947
synth_3254,947
synth_3258,946
synth_3257,946
synth_3259,946
synth_3260,946
synth_3261,945
synth_3263,945
synth_3262,945
synth_3266,944
synth_3264,944
synth_3265,944
synth_3267,944
synth_3270,943
synth_3269,943
synth_3268,943
synth_3271,942
synth_3272,942
synth_3274,942
synth_3273,942
synth_3275,941
synth_3276,941
synth_3277,941
synth_3278,940
synth_3279,940
synth_3281,940
synth_3280,940
synth_3284,939
synth_3283,939
synth_3282,939
synth_3288,938
synth_3285,938
synth_3287,938
synth_3286,938
synth_3291,937
synth_3290,937
synth_3289,937
synth_3294,936
synth_3293,936
synth_3295,936
synth_3292,936
synth_3298,935
synth_3296,935
synth_3297,935
synth_3302,934
synth_3299,934
synth_3300,934
synth_3301,934
synth_3305,933
synth_3304,933
synth_3303,933
synth_3308,932
synth_3309,932
synth_3307,932
synth_3306,932
synth_3312,931
synth_3311,931
synth_3310,931
synth_3313,930
synth_3314,930
synth_3316,930
synth_3315,930
synth_3319,929
synth_3317,929
synth_3318,929
synth_3322,928
synth_3323,928
synth_3320,928
synth_3321,928
synth_3324,927
synth_3325,927
synth_3326,927
synth_3327,927
synth_3328,926
synth_3330,926
synth_3329,926
synth_3333,925
synth_3332,925
synth_3334,925
synth_3331,925
synth_3336,924
synth_3335,924
synth_3337,924
synth_3338,923
synth_3339,923
synth_3340,923
synth_3341,923
synth_3342,922
synth_3343,922
synth_3344,922
synth_3345,922
synth_3346,921
synth_3347,921
synth_3348,921
synth_3351,920
synth_3350,920
synth_3352,920
synth_3349,920
synth_3356,919
synth_3353,919
synth_3354,919
synth_3355,919
synth_3358,918
synth_3357,918
synth_3359,918
synth_3361,917
synth_3363,917
synth_3362,917
synth_3360,917
synth_3364,916
synth_3366,916
synth_3365,916
synth_3367,916
synth_3369,915
synth_3370,915
synth_3368,915
synth_3371,914
synth_3373,914
synth_3372,914
synth_3374,914
synth_3378,913
synth_3376,913
synth_3375,913
synth_3377,913
synth_3381,912
synth_3380,912
synth_3379,912
synth_3385,911
synth_3384,911
synth_3383,911
synth_3382,911
synth_3389,910
synth_3387,910
synth_3388,910
synth_3386,910
synth_3392,909
synth_3393,909
synth_3390,909
synth_3391,909
synth_3394,908
synth_3396,908
synth_3395,908
synth_3399,907
synth_3400,907
synth_3398,907
synth_3397,907
synth_3402,906
synth_3403,906
synth_3401,906
synth_3404,906
synth_3408,905
synth_3406,905
synth_3405,905
synth_3407,905
synth_3409,904
synth_3411,904
synth_3410,904
synth_3414,903
synth_3412,903
synth_3413,903
synth_3415,903
synth_3418,902
synth_3417,902
synth_3419,902
synth_3416,902
synth_3422,901
synth_3420,901
synth_3421,901
synth_3423,901
synth_3426,900
synth_3425,900
synth_3424,900
synth_3427,900
synth_3430,899
synth_3429,899
synth_3428,899
synth_3432,898
synth_3434,898
synth_3431,898
synth_3433,898
synth_3436,897
synth_3438,897
synth_3435,897
synth_3437,897
synth_3440,896
synth_3442,896
synth_3439,896
synth_3441,896
synth_3445,895
synth_3446,895
synth_3443,895
synth_3444,895
synth_3449,894
synth_3448,894
synth_3447,894
synth_3450,894
synth_3452,893
synth_3453,893
synth_3451,893
synth_3456,892
synth_3457,892
synth_3454,892
synth_3455,892
synth_3459,891
synth_3461,891
synth_3458,891
synth_3460,891
synth_3462,890
synth_3464,890
synth_3465,890
synth_3463,890
synth_3466,889
synth_3469,889
synth_3468,889
synth_3467,889
synth_3473,888
synth_3470,888
synth_3471,888
synth_3472,888
synth_3474,887
synth_3477,887
synth_3476,887
synth_3475,887
synth_3478,886
synth_3481,886
synth_3479,886
synth_3480,886
synth_3484,885
synth_3483,885
synth_3482,885
synth_3485,885
synth_3486,884
synth_3487,884
synth_3488,884
synth_3489,884
synth_3490,883
synth_3492,883
synth_3491,883
synth_3493,883
synth_3496,882
synth_3494,882
synth_3497,882
synth_3495,882
synth_3499,881
synth_3500,881
synth_3498,881
synth_3503,880
synth_3502,880
synth_3504,880
synth_3501,880
synth_3507,879
synth_3506,879
synth_3505,879
synth_3508,879
synth_3509,878
synth_3511,878
synth_3510,878
synth_3512,878
synth_3516,877
synth_3513,877
synth_3515,877
synth_3514,877
synth_3519,876
synth_3518,876
synth_3517,876
synth_3520,876
synth_3524,875
synth_3525,875
synth_3521,875
synth_3522,875
synth_3523,875
synth_3528,874
synth_3527,874
synth_3526,874
synth_3529,874
synth_3533,873
synth_3531,873
synth_3532,873
synth_3530,873
synth_3537,872
synth_3536,872
synth_3535,872
synth_3534,872
synth_3540,871
synth_3538,871
synth_3539,871
synth_3541,871
synth_3544,870
synth_3542,870
synth_3545,870
synth_3543,870
synth_3546,869
synth_3548,869
synth_3549,869
synth_3547,869
synth_3552,868
synth_3553,868
synth_3551,868
synth_3550,868
synth_3554,867
synth_3555,867
synth_3556,867
synth_3557,867
synth_3560,866
synth_3558,866
synth_3559,866
synth_3561,866
synth_3562,865
synth_3563,865
synth_3565,865
synth_3564,865
synth_3568,864
synth_3566,864
synth_3569,864
synth_3567,864
synth_3573,863
synth_3572,863
synth_3574,863
synth_3571,863
synth_3570,863
synth_3575,862
synth_3576,862
synth_3577,862
synth_3578,862
synth_3581,861
synth_3582,861
synth_3580,861
synth_3579,861
synth_3584,860
synth_3583,860
synth_3585,860
synth_3586,860
synth_3589,859
synth_3590,859
synth_3587,859
synth_3588,859
synth_3594,858
synth_3591,858
synth_3592,858
synth_3593,858
synth_3598,857
synth_3596,857
synth_3595,857
synth_3597,857
synth_3599,857
synth_3601,856
synth_3602,856
synth_3600,856
synth_3603,856
synth_3605,855
synth_3604,855
synth_3606,855
synth_3607,855
synth_3609,854
synth_3608,854
synth_3611,854
synth_3610,854
synth_3615,853
synth_3614,853
synth_3613,853
synth_3612,853
synth_3620,852
synth_3616,852
synth_3619,852
synth_3617,852
synth_3618,852
synth_3624,851
synth_3623,851
synth_3622,851
synth_3621,851
synth_3626,850
synth_3628,850
synth_3625,850
synth_3627,850
synth_3631,849
synth_3630,849
synth_3633,849
synth_3632,849
synth_3629,849
synth_3635,848
synth_3636,848
synth_3637,848
synth_3634,848
synth_3639,847
synth_3640,847
synth_3641,847
synth_3638,847
synth_3645,846
synth_3644,846
synth_3643,846
synth_3642,846
synth_3646,845
synth_3648,845
synth_3647,845
synth_3649,845
synth_3650,845
synth_3651,844
synth_3652,844
synth_3654,844
synth_3653,844
synth_3658,843
synth_3655,843
synth_3657,843
synth_3656,843
synth_3661,842
synth_3659,842
synth_3660,842
synth_3662,842
synth_3663,842
synth_3664,841
synth_3667,841
synth_3665,841
synth_3666,841
synth_3670,840
synth_3669,840
synth_3671,840
synth_3668,840
synth_3673,839
synth_3675,839
synth_3674,839
synth_3676,839
synth_3672,839
synth_3679,838
synth_3678,838
synth_3677,838
synth_3680,838
synth_3685,837
synth_3683,837
synth_3681,837
synth_3682,837
synth_3684,837
synth_3686,836
synth_3689,836
synth_3688,836
synth_3687,836
synth_3690,835
synth_3691,835
synth_3692,835
synth_3693,835
synth_3694,834
synth_3697,834
synth_3698,834
synth_3696,834
synth_3695,834
synth_3701,833
synth_3702,833
synth_3699,833
synth_3700,833
synth_3704,832
synth_3706,832
synth_3703,832
synth_3705,832
synth_3707,832
synth_3710,831
synth_3708,831
synth_3709,831
synth_3711,831
synth_3714,830
synth_3715,830
synth_3713,830
synth_3712,830
synth_3716,830
synth_3718,829
synth_3717,829
synth_3720,829
synth_3719,829
synth_3724,828
synth_3721,828
synth_3725,828
synth_3723,828
synth_3722,828
synth_3729,827
synth_3728,827
synth_3726,827
synth_3727,827
synth_3734,826
synth_3733,826
synth_3732,826
synth_3731,826
synth_3730,826
synth_3738,825
synth_3736,825
synth_3735,825
synth_3737,825
synth_3743,824
synth_3739,824
synth_3741,824
synth_3742,824
synth_3740,824
synth_3744,823
synth_3745,823
synth_3746,823
synth_3747,823
synth_3748,822
synth_3750,822
synth_3751,822
synth_3749,822
synth_3752,822
synth_3756,821
synth_3754,821
synth_3753,821
synth_3755,821
synth_3758,820
synth_3760,820
synth_3759,820
synth_3761,820
synth_3757,820
synth_3766,819
synth_3763,819
synth_3765,819
synth_3762,819
synth_3764,819
synth_3768,818
synth_3767,818
synth_3769,818
synth_3770,818
synth_3775,817
synth_3774,817
synth_3772,817
synth_3771,817
synth_3773,817
synth_3780,816
synth_3778,816
synth_3779,816
synth_3776,816
synth_3777,816
synth_3783,815
synth_3781,815
synth_3784,815
synth_3782,815
synth_3789,814
synth_3785,814
synth_3786,814
synth_3788,814
synth_3787,814
synth_3790,813
synth_3791,813
synth_3792,813
synth_3793,813
synth_3795,812
synth_3798,812
synth_3797,812
synth_3796,812
synth_3794,812
synth_3799,811
synth_3801,811
synth_3803,811
synth_3800,811
synth_3802,811
synth_3804,810
synth_3808,810
synth_3806,810
synth_3807,810
synth_3805,810
synth_3811,809
synth_3809,809
synth_3810,809
synth_3812,809
synth_3817,808
synth_3816,808
synth_3814,808
synth_3813,808
synth_3815,808
synth_3821,807
synth_3818,807
synth_3820,807
synth_3819,807
synth_3822,807
synth_3825,806
synth_3826,806
synth_3823,806
synth_3824,806
synth_3831,805
synth_3830,805
synth_3828,805
synth_3829,805
synth_3827,805
synth_3835,804
synth_3836,804
synth_3834,804
synth_3832,804
synth_3833,804
synth_3837,803
synth_3840,803
synth_3839,803
synth_3838,803
synth_3841,803
synth_3843,802
synth_3842,802
synth_3845,802
synth_3846,802
synth_3844,802
synth_3850,801
synth_3849,801
synth_3847,801
synth_3848,801
synth_3855,800
synth_3853,800
synth_3851,800
synth_3852,800
synth_3854,800
synth_3860,799
synth_3856,799
synth_3857,799
synth_3859,799
synth_3858,799
synth_3861,798
synth_3862,798
synth_3864,798
synth_3865,798
synth_3863,798
synth_3870,797
synth_3868,797
synth_3869,797
synth_3866,797
synth_3867,797
synth_3872,796
synth_3874,796
synth_3875,796
synth_3871,796
synth_3873,796
synth_3878,795
synth_3879,795
synth_3876,795
synth_3877,795
synth_3880,794
synth_3883,794
synth_3881,794
synth_3882,794
synth_3884,794
synth_3889,793
synth_3885,793
synth_3886,793
synth_3887,793
synth_3888,793
synth_3892,792
synth_3894,792
synth_3893,792
synth_3890,792
synth_3891,792
synth_3896,791
synth_3898,791
synth_3899,791
synth_3895,791
synth_3897,791
synth_3900,790
synth_3901,790
synth_3902,790
synth_3903,790
synth_3904,790
synth_3905,789
synth_3906,789
synth_3909,789
synth_3908,789
synth_3907,789
synth_3910,788
synth_3912,788
synth_3911,788
synth_3914,788
synth_3913,788
synth_3915,787
synth_3918,787
synth_3919,787
synth_3917,787
synth_3916,787
synth_3920,786
synth_3921,786
synth_3923,786
synth_3924,786
synth_3922,786
synth_3925,785
synth_3927,785
synth_3929,785
synth_3926,785
synth_3928,785
synth_3930,784
synth_3933,784
synth_3931,784
synth_3932,784
synth_3934,784
synth_3936,783
synth_3938,783
synth_3937,783
synth_3939,783
synth_3935,783
synth_3941,782
synth_3944,782
synth_3940,782
synth_3943,782
synth_3942,782
synth_3949,781
synth_3945,781
synth_3946,781
synth_3948,781
synth_3947,781
synth_3951,780
synth_3950,780
synth_3954,780
synth_3952,780
synth_3953,780
synth_3957,779
synth_3956,779
synth_3955,779
synth_3959,779
synth_3958,779
synth_3961,778
synth_3960,778
synth_3962,778
synth_3964,778
synth_3963,778
synth_3967,777
synth_3966,777
synth_3969,777
synth_3965,777
synth_3968,777
synth_3972,776
synth_3970,776
synth_3971,776
synth_3973,776
synth_3975,776
synth_3974,776
synth_3976,775
synth_3977,775
synth_3979,775
synth_3978,775
synth_3980,775
synth_3981,774
synth_3985,774
synth_3984,774
synth_3983,774
synth_3982,774
synth_3988,773
synth_3990,773
synth_3986,773
synth_3987,773
synth_3989,773
synth_3995,772
synth_3993,772
synth_3994,772
synth_3991,772
synth_3992,772
synth_3996,771
synth_3998,771
synth_4000,771
synth_3999,771
synth_3997,771
synth_4005,770
synth_4001,770
synth_4003,770
synth_4006,770
synth_4002,770
synth_4004,770
synth_4009,769
synth_4010,769
synth_4011,769
synth_4008,769
synth_4007,769
synth_4015,768
synth_4016,768
synth_4012,768
synth_4013,768
synth_4014,768
synth_4019,767
synth_4018,767
synth_4021,767
synth_4017,767
synth_4020,767
synth_4025,766
synth_4022,766
synth_4026,766
synth_4023,766
synth_4024,766
synth_4030,765
synth_4031,765
synth_4028,765
synth_4032,765
synth_4027,765
synth_4029,765
synth_4034,764
synth_4036,764
synth_4035,764
synth_4033,764
synth_4037,764
synth_4042,763
synth_4040,763
synth_4038,763
synth_4039,763
synth_4041,763
synth_4046,762
synth_4045,762
synth_4047,762
synth_4048,762
synth_4044,762
synth_4043,762
synth_4049,761
synth_4050,761
synth_4053,761
synth_4051,761
synth_4052,761
synth_4057,760
synth_4055,760
synth_4056,760
synth_4054,760
synth_4058,760
synth_4063,759
synth_4062,759
synth_4061,759
synth_4060,759
synth_4059,759
synth_4064,759
synth_4066,758
synth_4068,758
synth_4069,758
synth_4067,758
synth_4065,758
synth_4072,757
synth_4071,757
synth_4074,757
synth_4070,757
synth_4073,757
synth_4079,756
synth_4075,756
synth_4077,756
synth_4080,756
synth_4078,756
synth_4076,756
synth_4084,755
synth_4083,755
synth_4081,755
synth_4085,755
synth_4082,755
synth_4086,754
synth_4088,754
synth_4087,754
synth_4090,754
synth_4091,754
synth_4089,754
synth_4092,753
synth_4093,753
synth_4096,753
synth_4094,753
synth_4095,753
synth_4101,752
synth_4097,752
synth_4100,752
synth_4099,752
synth_4098,752
synth_4104,751
synth_4106,751
synth_4103,751
synth_4105,751
synth_4107,751
synth_4102,751
synth_4110,750
synth_4109,750
synth_4108,750
synth_4111,750
synth_4112,750
synth_4113,749
synth_4115,749
synth_4117,749
synth_4118,749
synth_4114,749
synth_4116,749
synth_4123,748
synth_4122,748
synth_4121,748
synth_4120,748
synth_4119,748
synth_4128,747
synth_4124,747
synth_4127,747
synth_4126,747
synth_4129,747
synth_4125,747
synth_4133,746
synth_4130,746
synth_4131,746
synth_4134,746
synth_4132,746
synth_4135,745
synth_4139,745
synth_4136,745
synth_4137,745
synth_4140,745
synth_4138,745
synth_4146,744
synth_4145,744
synth_4144,744
synth_4142,744
synth_4143,744
synth_4141,744
synth_4150,743
synth_4149,743
synth_4151,743
synth_4147,743
synth_4148,743
synth_4154,742
synth_4155,742
synth_4157,742
synth_4156,742
synth_4152,742
synth_4153,742
synth_4160,741
synth_4162,741
synth_4159,741
synth_4161,741
synth_4158,741
synth_4165,740
synth_4167,740
synth_4163,740
synth_4166,740
synth_4164,740
synth_4168,740
synth_4169,739
synth_4171,739
synth_4172,739
synth_4170,739
synth_4174,739
synth_4173,739
synth_4175,738
synth_4179,738
synth_4178,738
synth_4177,738
synth_4176,738
synth_4180,737
synth_4183,737
synth_4184,737
synth_4181,737
synth_4182,737
synth_4185,737
synth_4187,736
synth_4188,736
synth_4186,736
synth_4189,736
synth_4191,736
synth_4190,736
synth_4193,735
synth_4195,735
synth_4192,735
synth_4196,735
synth_4194,735
synth_4201,734
synth_4198,734
synth_4200,734
synth_4202,734
synth_4199,734
synth_4197,734
synth_4206,733
synth_4204,733
synth_4203,733
synth_4205,733
synth_4207,733
synth_4208,733
synth_4213,732
synth_4210,732
synth_4214,732
synth_4212,732
synth_4211,732
synth_4209,732
synth_4218,731
synth_4216,731
synth_4215,731
synth_4217,731
synth_4219,731
synth_4221,730
synth_4220,730
synth_4225,730
synth_4223,730
synth_4222,730
synth_4224,730
synth_4231,729
synth_4228,729
synth_4229,729
synth_4227,729
synth_4226,729
synth_4230,729
synth_4235,728
synth_4236,728
synth_4237,728
synth_4234,728
synth_4233,728
synth_4232,728
synth_4240,727
synth_4238,727
synth_4243,727
synth_4242,727
synth_4241,727
synth_4239,727
synth_4244,726
synth_4246,726
synth_4245,726
synth_4248,726
synth_4247,726
synth_4251,725
synth_4250,725
synth_4253,725
synth_4252,725
synth_4254,725
synth_4249,725
synth_4255,724
synth_4256,724
synth_4257,724
synth_4258,724
synth_4259,724
synth_4260,724
synth_4264,723
synth_4261,723
synth_4263,723
synth_4266,723
synth_4262,723
synth_4265,723
synth_4270,722
synth_4268,722
synth_4272,722
synth_4267,722
synth_4269,722
synth_4271,722
synth_4276,721
synth_4275,721
synth_4278,721
synth_4277,721
synth_4274,721
synth_4273,721
synth_4282,720
synth_4280,720
synth_4279,720
synth_4283,720
synth_4284,720
synth_4281,720
synth_4287,719
synth_4289,719
synth_4286,719
synth_4288,719
synth_4285,719
synth_4290,719
synth_4293,718
synth_4291,718
synth_4292,718
synth_4294,718
synth_4296,718
synth_4295,718
synth_4300,717
synth_4299,717
synth_4298,717
synth_4297,717
synth_4302,717
synth_4301,717
synth_4304,716
synth_4306,716
synth_4305,716
synth_4308,716
synth_4303,716
synth_4307,716
synth_4314,715
synth_4313,715
synth_4310,715
synth_4309,715
synth_4311,715
synth_4312,715
synth_4319,714
synth_4320,714
synth_4317,714
synth_4318,714
synth_4316,714
synth_4315,714
synth_4326,713
synth_4325,713
synth_4323,713
synth_4322,713
synth_4324,713
synth_4321,713
synth_4332,712
synth_4328,712
synth_4329,712
synth_4331,712
synth_4330,712
synth_4327,712
synth_4335,711
synth_4334,711
synth_4336,711
synth_4338,711
synth_4333,711
synth_4337,711
synth_4339,710
synth_4344,710
synth_4343,710
synth_4340,710
synth_4341,710
synth_4342,710
synth_4350,709
synth_4348,709
synth_4345,709
synth_4346,709
synth_4347,709
synth_4349,709
synth_4354,708
synth_4357,708
synth_4356,708
synth_4351,708
synth_4353,708
synth_4355,708
synth_4352,708
synth_4361,707
synth_4358,707
synth_4362,707
synth_4363,707
synth_4359,707
synth_4360,707
synth_4364,706
synth_4368,706
synth_4366,706
synth_4369,706
synth_4367,706
synth_4365,706
synth_4372,705
synth_4371,705
synth_4375,705
synth_4374,705
synth_4373,705
synth_4370,705
synth_4376,704
synth_4377,704
synth_4379,704
synth_4378,704
synth_4380,704
synth_4381,704
synth_4388,703
synth_4383,703
synth_4385,703
synth_4387,703
synth_4384,703
synth_4382,703
synth_4386,703
synth_4393,702
synth_4392,702
synth_4389,702
synth_4390,702
synth_4391,702
synth_4394,702
synth_4395,701
synth_4400,701
synth_4397,701
synth_4399,701
synth_4396,701
synth_4398,701
synth_4406,700
synth_4401,700
synth_4405,700
synth_4403,700
synth_4404,700
synth_4402,700
synth_4411,699
synth_4408,699
synth_4413,699
synth_4410,699
synth_4412,699
synth_4409,699
synth_4407,699
synth_4418,698
synth_4416,698
synth_4417,698
synth_4419,698
synth_4415,698
synth_4414,698
synth_4425,697
synth_4422,697
synth_4424,697
synth_4420,697
synth_4423,697
synth_4421,697
synth_4427,696
synth_4432,696
synth_4428,696
synth_4429,696
synth_4431,696
synth_4430,696
synth_4426,696
synth_4434,695
synth_4437,695
synth_4433,695
synth_4436,695
synth_4438,695
synth_4435,695
synth_4440,694
synth_4439,694
synth_4444,694
synth_4445,694
synth_4443,694
synth_4441,694
synth_4442,694
synth_4450,693
synth_4447,693
synth_4448,693
synth_4446,693
synth_4449,693
synth_4451,693
synth_4457,692
synth_4454,692
synth_4452,692
synth_4453,692
synth_4455,692
synth_4456,692
synth_4463,691
synth_4459,691
synth_4464,691
synth_4460,691
synth_4458,691
synth_4461,691
synth_4462,691
synth_4469,690
synth_4468,690
synth_4466,690
synth_4470,690
synth_4467,690
synth_4465,690
synth_4471,689
synth_4474,689
synth_4476,689
synth_4473,689
synth_4472,689
synth_4477,689
synth_4475,689
synth_4482,688
synth_4478,688
synth_4480,688
synth_4479,688
synth_4483,688
synth_4481,688
synth_4488,687
synth_4487,687
synth_4489,687
synth_4484,687
synth_4485,687
synth_4490,687
synth_4486,687
synth_4495,686
synth_4496,686
synth_4492,686
synth_4493,686
synth_4491,686
synth_4494,686
synth_4501,685
synth_4499,685
synth_4500,685
synth_4502,685
synth_4497,685
synth_4503,685
synth_4498,685
synth_4508,684
synth_4509,684
synth_4505,684
synth_4507,684
synth_4510,684
synth_4504,684
synth_4506,684
synth_4514,683
synth_4513,683
synth_4511,683
synth_4515,683
synth_4512,683
synth_4516,683
synth_4522,682
synth_4523,682
synth_4518,682
synth_4520,682
synth_4521,682
synth_4519,682
synth_4517,682
synth_4524,681
synth_4528,681
synth_4527,681
synth_4526,681
synth_4525,681
synth_4529,681
synth_4535,680
synth_4534,680
synth_4531,680
synth_4532,680
synth_4536,680
synth_4533,680
synth_4530,680
synth_4543,679
synth_4539,679
synth_4541,679
synth_4540,679
synth_4538,679
synth_4542,679
synth_4537,679
synth_4547,678
synth_4549,678
synth_4548,678
synth_4545,678
synth_4544,678
synth_4546,678
synth_4550,677
synth_4552,677
synth_4551,677
synth_4553,677
synth_4555,677
synth_4556,677
synth_4554,677
synth_4559,676
synth_4563,676
synth_4561,676
synth_4558,676
synth_4560,676
synth_4557,676
synth_4562,676
synth_4568,675
synth_4566,675
synth_4565,675
synth_4569,675
synth_4567,675
synth_4564,675
synth_4570,675
synth_4571,674
synth_4576,674
synth_4572,674
synth_4574,674
synth_4573,674
synth_4575,674
synth_4577,674
synth_4583,673
synth_4580,673
synth_4581,673
synth_4582,673
synth_4578,673
synth_4579,673
synth_4587,672
synth_4585,672
synth_4588,672
synth_4589,672
synth_4586,672
synth_4590,672
synth_4584,672
synth_4593,671
synth_4594,671
synth_4591,671
synth_4595,671
synth_4597,671
synth_4592,671
synth_4596,671
synth_4602,670
synth_4603,670
synth_4601,670
synth_4604,670
synth_4600,670
synth_4598,670
synth_4599,670
synth_4606,669
synth_4608,669
synth_4611,669
synth_4609,669
synth_4607,669
synth_4610,669
synth_4605,669
synth_4613,668
synth_4616,668
synth_4615,668
synth_4614,668
synth_4617,668
synth_4612,668
synth_4618,668
synth_4623,667
synth_4621,667
synth_4620,667
synth_4622,667
synth_4625,667
synth_4624,667
synth_4619,667
synth_4629,666
synth_4631,666
synth_4628,666
synth_4632,666
synth_4630,666
synth_4626,666
synth_4627,666
synth_4635,665
synth_4636,665
synth_4639,665
synth_4634,665
synth_4637,665
synth_4638,665
synth_4633,665
synth_4644,664
synth_4642,664
synth_4643,664
synth_4640,664
synth_4641,664
synth_4645,664
synth_4649,663
synth_4653,663
synth_4652,663
synth_4646,663
synth_4647,663
synth_4648,663
synth_4650,663
synth_4651,663
synth_4654,662
synth_4657,662
synth_4656,662
synth_4658,662
synth_4660,662
synth_4655,662
synth_4659,662
synth_4665,661
synth_4663,661
synth_4664,661
synth_4662,661
synth_4661,661
synth_4667,661
synth_4666,661
synth_4671,660
synth_4673,660
synth_4670,660
synth_4669,660
synth_4668,660
synth_4672,660
synth_4674,660
synth_4676,659
synth_4679,659
synth_4680,659
synth_4677,659
synth_4675,659
synth_4681,659
synth_4678,659
synth_4686,658
synth_4683,658
synth_4688,658
synth_4682,658
synth_4685,658
synth_4687,658
synth_4684,658
synth_4689,657
synth_4692,657
synth_4690,657
synth_4691,657
synth_4695,657
synth_4694,657
synth_4693,657
synth_4701,656
synth_4700,656
synth_4702,656
synth_4698,656
synth_4696,656
synth_4697,656
synth_4699,656
synth_4708,655
synth_4705,655
synth_4703,655
synth_4709,655
synth_4706,655
synth_4707,655
synth_4704,655
synth_4714,654
synth_4710,654
synth_4716,654
synth_4712,654
synth_4715,654
synth_4711,654
synth_4713,654
synth_4717,654
synth_4723,653
synth_4722,653
synth_4718,653
synth_4719,653
synth_4721,653
synth_4724,653
synth_4720,653
synth_4725,652
synth_4730,652
synth_4726,652
synth_4727,652
synth_4731,652
synth_4728,652
synth_4729,652
synth_4737,651
synth_4738,651
synth_4732,651
synth_4733,651
synth_4735,651
synth_4736,651
synth_4734,651
synth_4741,650
synth_4742,650
synth_4740,650
synth_4743,650
synth_4739,650
synth_4746,650
synth_4745,650
synth_4744,650
synth_4749,649
synth_4748,649
synth_4747,649
synth_4753,649
synth_4750,649
synth_4752,649
synth_4751,649
synth_4756,648
synth_4759,648
synth_4755,648
synth_4760,648
synth_4757,648
synth_4754,648
synth_4758,648
synth_4762,647
synth_4768,647
synth_4766,647
synth_4763,647
synth_4761,647
synth_4765,647
synth_4764,647
synth_4767,647
synth_4773,646
synth_4770,646
synth_4771,646
synth_4774,646
synth_4769,646
synth_4772,646
synth_4775,646
synth_4778,645
synth_4782,645
synth_4781,645
synth_4777,645
synth_4776,645
synth_4779,645
synth_4780,645
synth_4787,644
synth_4786,644
synth_4784,644
synth_4788,644
synth_4785,644
synth_4783,644
synth_4790,644
synth_4789,644
synth_4791,643
synth_4795,643
synth_4793,643
synth_4796,643
synth_4792,643
synth_4794,643
synth_4797,643
synth_4799,642
synth_4798,642
synth_4800,642
synth_4804,642
synth_4801,642
synth_4805,642
synth_4803,642
synth_4802,642
synth_4810,641
synth_4811,641
synth_4812,641
synth_4807,641
synth_4808,641
synth_4806,641
synth_4809,641
synth_4813,640
synth_4818,640
synth_4816,640
synth_4817,640
synth_4820,640
synth_4815,640
synth_4814,640
synth_4819,640
synth_4823,639
synth_4824,639
synth_4827,639
synth_4826,639
synth_4821,639
synth_4822,639
synth_4825,639
synth_4832,638
synth_4835,638
synth_4829,638
synth_4828,638
synth_4830,638
synth_4831,638
synth_4834,638
synth_4833,638
synth_4843,637
synth_4837,637
synth_4838,637
synth_4842,637
synth_4836,637
synth_4841,637
synth_4840,637
synth_4839,637
synth_4845,636
synth_4846,636
synth_4844,636
synth_4848,636
synth_4847,636
synth_4849,636
synth_4850,636
synth_4853,635
synth_4852,635
synth_4858,635
synth_4856,635
synth_4854,635
synth_4851,635
synth_4857,635
synth_4855,635
synth_4859,634
synth_4865,634
synth_4861,634
synth_4863,634
synth_4862,634
synth_4864,634
synth_4866,634
synth_4860,634
synth_4867,633
synth_4868,633
synth_4870,633
synth_4869,633
synth_4873,633
synth_4872,633
synth_4871,633
synth_4876,632
synth_4881,632
synth_4874,632
synth_4879,632
synth_4875,632
synth_4878,632
synth_4877,632
synth_4880,632
synth_4889,631
synth_4883,631
synth_4886,631
synth_4882,631
synth_4884,631
synth_4888,631
synth_4887,631
synth_4885,631
synth_4894,630
synth_4892,630
synth_4896,630
synth_4891,630
synth_4893,630
synth_4890,630
synth_4895,630
synth_4901,629
synth_4902,629
synth_4898,629
synth_4903,629
synth_4899,629
synth_4897,629
synth_4900,629
synth_4904,629
synth_4911,628
synth_4908,628
synth_4907,628
synth_4905,628
synth_4910,628
synth_4909,628
synth_4912,628
synth_4906,628
synth_4919,627
synth_4918,627
synth_4913,627
synth_4917,627
synth_4914,627
synth_4915,627
synth_4916,627
synth_4920,627
synth_4928,626
synth_4922,626
synth_4921,626
synth_4927,626
synth_4925,626
synth_4923,626
synth_4924,626
synth_4926,626
synth_4929,625
synth_4932,625
synth_4934,625
synth_4930,625
synth_4933,625
synth_4935,625
synth_4936,625
synth_4931,625
synth_4937,624
synth_4944,624
synth_4941,624
synth_4943,624
synth_4942,624
synth_4938,624
synth_4940,624
synth_4939,624
synth_4947,623
synth_4946,623
synth_4948,623
synth_4949,623
synth_4950,623
synth_4945,623
synth_4951,623
synth_4952,622
synth_4958,622
synth_4953,622
synth_4956,622
synth_4957,622
synth_4954,622
synth_4955,622
synth_4959,622
synth_4962,621
synth_4967,621
synth_4961,621
synth_4966,621
synth_4963,621
synth_4960,621
synth_4964,621
synth_4965,621
synth_4972,620
synth_4975,620
synth_4970,620
synth_4968,620
synth_4971,620
synth_4974,620
synth_4973,620
synth_4969,620
synth_4977,619
synth_4976,619
synth_4978,619
synth_4983,619
synth_4981,619
synth_4982,619
synth_4980,619
synth_4979,619
synth_4984,619
synth_4987,618
synth_4988,618
synth_4989,618
synth_4986,618
synth_4985,618
synth_4992,618
synth_4990,618
synth_4991,618
synth_5000,617
synth_4998,617
synth_4997,617
synth_4996,617
synth_4993,617
synth_4999,617
synth_4994,617
synth_4995,617
synth_5003,616
synth_5006,616
synth_5004,616
synth_5002,616
synth_5007,616
synth_5001,616
synth_5008,616
synth_5005,616
synth_5010,615
synth_5009,615
synth_5011,615
synth_5016,615
synth_5015,615
synth_5012,615
synth_5014,615
synth_5013,615
synth_5017,614
synth_5024,614
synth_5018,614
synth_5023,614
synth_5021,614
synth_5019,614
synth_5022,614
synth_5020,614
synth_5030,613
synth_5027,613
synth_5025,613
synth_5031,613
synth_5032,613
synth_5029,613
synth_5026,613
synth_5028,613
synth_5038,612
synth_5039,612
synth_5035,612
synth_5036,612
synth_5041,612
synth_5037,612
synth_5033,612
synth_5040,612
synth_5034,612
synth_5049,611
synth_5044,611
synth_5042,611
synth_5048,611
synth_5043,611
synth_5047,611
synth_5045,611
synth_5046,611
synth_5052,610
synth_5055,610
synth_5054,610
synth_5057,610
synth_5056,610
synth_5051,610
synth_5053,610
synth_5050,610
synth_5064,609
synth_5065,609
synth_5060,609
synth_5059,609
synth_5061,609
synth_5058,609
synth_5063,609
synth_5062,609
synth_5072,608
synth_5069,608
synth_5073,608
synth_5070,608
synth_5074,608
synth_5066,608
synth_5071,608
synth_5067,608
synth_5068,608
synth_5080,607
synth_5077,607
synth_5078,607
synth_5079,607
synth_5082,607
synth_5076,607
synth_5075,607
synth_5081,607
synth_5089,606
synth_5087,606
synth_5091,606
synth_5090,606
synth_5088,606
synth_5083,606
synth_5086,606
synth_5084,606
synth_5085,606
synth_5097,605
synth_5098,605
synth_5092,605
synth_5093,605
synth_5094,605
synth_5095,605
synth_5099,605
synth_5096,605
synth_5105,604
synth_5101,604
synth_5100,604
synth_5102,604
synth_5103,604
synth_5107,604
synth_5106,604
synth_5104,604
synth_5116,603
synth_5113,603
synth_5115,603
synth_5109,603
synth_5111,603
synth_5108,603
synth_5114,603
synth_5110,603
synth_5112,603
synth_5119,602
synth_5124,602
synth_5122,602
synth_5123,602
synth_5117,602
synth_5120,602
synth_5118,602
synth_5121,602
synth_5131,601
synth_5130,601
synth_5126,601
synth_5127,601
synth_5133,601
synth_5128,601
synth_5132,601
synth_5129,601
synth_5125,601
synth_5136,600
synth_5138,600
synth_5137,600
synth_5134,600
synth_5140,600
synth_5141,600
synth_5139,600
synth_5135,600
synth_5147,599
synth_5144,599
synth_5143,599
synth_5150,599
synth_5142,599
synth_5149,599
synth_5148,599
synth_5146,599
synth_5145,599
synth_5154,598
synth_5151,598
synth_5159,598
synth_5156,598
synth_5153,598
synth_5157,598
synth_5158,598
synth_5152,598
synth_5155,598
synth_5166,597
synth_5167,597
synth_5161,597
synth_5165,597
synth_5160,597
synth_5162,597
synth_5163,597
synth_5164,597
synth_5169,596
synth_5174,596
synth_5170,596
synth_5172,596
synth_5171,596
synth_5175,596
synth_5173,596
synth_5176,596
synth_5168,596
synth_5183,595
synth_5180,595
synth_5184,595
synth_5177,595
synth_5179,595
synth_5178,595
synth_5185,595
synth_5182,595
synth_5181,595
synth_5189,594
synth_5191,594
synth_5193,594
synth_5190,594
synth_5188,594
synth_5186,594
synth_5192,594
synth_5187,594
synth_5197,593
synth_5199,593
synth_5200,593
synth_5201,593
synth_5196,593
synth_5202,593
synth_5198,593
synth_5194,593
synth_5195,593
synth_5209,592
synth_5208,592
synth_5203,592
synth_5211,592
synth_5205,592
synth_5207,592
synth_5210,592
synth_5204,592
synth_5206,592
synth_5215,591
synth_5220,591
synth_5216,591
synth_5219,591
synth_5218,591
synth_5217,591
synth_5213,591
synth_5212,591
synth_5214,591
synth_5227,590
synth_5229,590
synth_5225,590
synth_5222,590
synth_5224,590
synth_5228,590
synth_5221,590
synth_5226,590
synth_5223,590
synth_5236,589
synth_5233,589
synth_5238,589
synth_5230,589
synth_5231,589
synth_5232,589
synth_5235,589
synth_5237,589
synth_5234,589
synth_5243,588
synth_5245,588
synth_5241,588
synth_5242,588
synth_5239,588
synth_5244,588
synth_5246,588
synth_5247,588
synth_5240,588
synth_5248,587
synth_5250,587
synth_5253,587
synth_5255,587
synth_5249,587
synth_5251,587
synth_5254,587
synth_5252,587
synth_5256,586
synth_5262,586
synth_5260,586
synth_5261,586
synth_5264,586
synth_5258,586
synth_5257,586
synth_5263,586
synth_5259,586
synth_5267,585
synth_5273,585
synth_5272,585
synth_5270,585
synth_5265,585
synth_5271,585
synth_5268,585
synth_5269,585
synth_5266,585
synth_5278,584
synth_5279,584
synth_5275,584
synth_5277,584
synth_5281,584
synth_5282,584
synth_5274,584
synth_5276,584
synth_5280,584
synth_5290,583
synth_5289,583
synth_5287,583
synth_5284,583
synth_5291,583
synth_5286,583
synth_5283,583
synth_5285,583
synth_5288,583
synth_5292,583
synth_5299,582
synth_5298,582
synth_5293,582
synth_5300,582
synth_5301,582
synth_5295,582
synth_5294,582
synth_5297,582
synth_5296,582
synth_5310,581
synth_5309,581
synth_5303,581
synth_5306,581
synth_5304,581
synth_5307,581
synth_5305,581
synth_5308,581
synth_5302,581
synth_5316,580
synth_5311,580
synth_5314,580
synth_5313,580
synth_5318,580
synth_5317,580
synth_5319,580
synth_5312,580
synth_5315,580
synth_5323,579
synth_5320,579
synth_5322,579
synth_5325,579
synth_5326,579
synth_5324,579
synth_5321,579
synth_5327,579
synth_5328,579
synth_5329,578
synth_5337,578
synth_5332,578
synth_5331,578
synth_5336,578
synth_5333,578
synth_5335,578
synth_5330,578
synth_5334,578
synth_5345,577
synth_5339,577
synth_5344,577
synth_5346,577
synth_5341,577
synth_5343,577
synth_5340,577
synth_5342,577
synth_5347,577
synth_5338,577
synth_5355,576
synth_5354,576
synth_5353,576
synth_5348,576
synth_5356,576
synth_5351,576
synth_5350,576
synth_5349,576
synth_5352,576
synth_5362,575
synth_5365,575
synth_5357,575
synth_5360,575
synth_5363,575
synth_5358,575
synth_5364,575
synth_5359,575
synth_5361,575
synth_5371,574
synth_5367,574
synth_5372,574
synth_5375,574
synth_5366,574
synth_5369,574
synth_5374,574
synth_5370,574
synth_5368,574
synth_5373,574
synth_5384,573
synth_5377,573
synth_5381,573
synth_5383,573
synth_5380,573
synth_5378,573
synth_5382,573
synth_5379,573
synth_5376,573
synth_5392,572
synth_5388,572
synth_5387,572
synth_5391,572
synth_5393,572
synth_5385,572
synth_5389,572
synth_5390,572
synth_5386,572
synth_5397,571
synth_5400,571
synth_5403,571
synth_5398,571
synth_5402,571
synth_5394,571
synth_5401,571
synth_5395,571
synth_5399,571
synth_5396,571
synth_5412,570
synth_5408,570
synth_5404,570
synth_5405,570
synth_5409,570
synth_5406,570
synth_5411,570
synth_5407,570
synth_5410,570
synth_5413,569
synth_5417,569
synth_5420,569
synth_5418,569
synth_5414,569
synth_5415,569
synth_5419,569
synth_5422,569
synth_5416,569
synth_5421,569
synth_5431,568
synth_5426,568
synth_5425,568
synth_5423,568
synth_5428,568
synth_5430,568
synth_5427,568
synth_5424,568
synth_5429,568
synth_5440,567
synth_5434,567
synth_5432,567
synth_5435,567
synth_5441,567
synth_5439,567
synth_5436,567
synth_5433,567
synth_5438,567
synth_5437,567
synth_5447,566
synth_5448,566
synth_5449,566
synth_5442,566
synth_5451,566
synth_5450,566
synth_5443,566
synth_5444,566
synth_5446,566
synth_5445,566
synth_5452,565
synth_5453,565
synth_5456,565
synth_5455,565
synth_5454,565
synth_5460,565
synth_5457,565
synth_5459,565
synth_5458,565
synth_5469,564
synth_5463,564
synth_5466,564
synth_5465,564
synth_5470,564
synth_5468,564
synth_5461,564
synth_5467,564
synth_5464,564
synth_5462,564
synth_5474,563
synth_5473,563
synth_5472,563
synth_5478,563
synth_5479,563
synth_5475,563
synth_5476,563
synth_5480,563
synth_5477,563
synth_5471,563
synth_5481,562
synth_5482,562
synth_5487,562
synth_5483,562
synth_5485,562
synth_5489,562
synth_5486,562
synth_5484,562
synth_5488,562
synth_5491,561
synth_5493,561
synth_5495,561
synth_5498,561
synth_5497,561
synth_5496,561
synth_5490,561
synth_5499,561
synth_5492,561
synth_5494,561
synth_5508,560
synth_5504,560
synth_5500,560
synth_5502,560
synth_5505,560
synth_5509,560
synth_5506,560
synth_5507,560
synth_5503,560
synth_5501,560
synth_5515,559
synth_5519,559
synth_5516,559
synth_5518,559
synth_5517,559
synth_5510,559
synth_5511,559
synth_5512,559
synth_5513,559
synth_5514,559
synth_5525,558
synth_5527,558
synth_5529,558
synth_5522,558
synth_5523,558
synth_5526,558
synth_5520,558
synth_5524,558
synth_5521,558
synth_5528,558
synth_5536,557
synth_5532,557
synth_5535,557
synth_5534,557
synth_5533,557
synth_5539,557
synth_5531,557
synth_5530,557
synth_5537,557
synth_5538,557
synth_5543,556
synth_5542,556
synth_5545,556
synth_5541,556
synth_5540,556
synth_5548,556
synth_5547,556
synth_5549,556
synth_5546,556
synth_5544,556
synth_5552,555
synth_5550,555
synth_5557,555
synth_5556,555
synth_5551,555
synth_5558,555
synth_5559,555
synth_5554,555
synth_5553,555
synth_5555,555
synth_5562,554
synth_5568,554
synth_5569,554
synth_5561,554
synth_5564,554
synth_5566,554
synth_5563,554
synth_5565,554
synth_5560,554
synth_5567,554
synth_5570,553
synth_5577,553
synth_5571,553
synth_5572,553
synth_5576,553
synth_5579,553
synth_5575,553
synth_5578,553
synth_5573,553
synth_5574,553
synth_5583,552
synth_5589,552
synth_5584,552
synth_5587,552
synth_5581,552
synth_5582,552
synth_5586,552
synth_5580,552
synth_5585,552
synth_5588,552
synth_5594,551
synth_5592,551
synth_5591,551
synth_5597,551
synth_5593,551
synth_5599,551
synth_5598,551
synth_5596,551
synth_5595,551
synth_5590,551
synth_5606,550
synth_5605,550
synth_5603,550
synth_5601,550
synth_5609,550
synth_5600,550
synth_5607,550
synth_5604,550
synth_5602,550
synth_5608,550
synth_5613,549
synth_5612,549
synth_5611,549
synth_5615,549
synth_5618,549
synth_5616,549
synth_5617,549
synth_5614,549
synth_5610,549
synth_5619,549
synth_5620,549
synth_5628,548
synth_5624,548
synth_5629,548
synth_5625,548
synth_5621,548
synth_5630,548
synth_5623,548
synth_5622,548
synth_5626,548
synth_5627,548
synth_5634,547
synth_5633,547
synth_5638,547
synth_5636,547
synth_5635,547
synth_5632,547
synth_5631,547
synth_5640,547
synth_5639,547
synth_5637,547
synth_5644,546
synth_5641,546
synth_5647,546
synth_5646,546
synth_5645,546
synth_5650,546
synth_5649,546
synth_5642,546
synth_5648,546
synth_5643,546
synth_5660,545
synth_5654,545
synth_5661,545
synth_5656,545
synth_5655,545
synth_5657,545
synth_5659,545
synth_5652,545
synth_5653,545
synth_5651,545
synth_5658,545
synth_5670,544
synth_5666,544
synth_5665,544
synth_5662,544
synth_5671,544
synth_5663,544
synth_5667,544
synth_5668,544
synth_5669,544
synth_5664,544
synth_5681,543
synth_5672,543
synth_5678,543
synth_5679,543
synth_5675,543
synth_5680,543
synth_5673,543
synth_5674,543
synth_5677,543
synth_5676,543
synth_5682,543
synth_5689,542
synth_5687,542
synth_5683,542
synth_5684,542
synth_5686,542
synth_5685,542
synth_5692,542
synth_5691,542
synth_5690,542
synth_5688,542
synth_5700,541
synth_5703,541
synth_5698,541
synth_5701,541
synth_5694,541
synth_5699,541
synth_5702,541
synth_5696,541
synth_5697,541
synth_5695,541
synth_5693,541
synth_5709,540
synth_5706,540
synth_5713,540
synth_5705,540
synth_5708,540
synth_5711,540
synth_5710,540
synth_5707,540
synth_5712,540
synth_5704,540
synth_5715,539
synth_5724,539
synth_5716,539
synth_5718,539
synth_5721,539
synth_5722,539
synth_5719,539
synth_5720,539
synth_5717,539
synth_5714,539
synth_5723,539
synth_5725,538
synth_5726,538
synth_5729,538
synth_5730,538
synth_5731,538
synth_5732,538
synth_5735,538
synth_5728,538
synth_5733,538
synth_5734,538
synth_5727,538
synth_5739,537
synth_5740,537
synth_5736,537
synth_5738,537
synth_5737,537
synth_5745,537
synth_5743,537
synth_5742,537
synth_5744,537
synth_5741,537
synth_5746,536
synth_5752,536
synth_5751,536
synth_5756,536
synth_5754,536
synth_5749,536
synth_5755,536
synth_5748,536
synth_5753,536
synth_5747,536
synth_5750,536
synth_5760,535
synth_5766,535
synth_5759,535
synth_5758,535
synth_5761,535
synth_5757,535
synth_5764,535
synth_5767,535
synth_5762,535
synth_5763,535
synth_5765,535
synth_5776,534
synth_5777,534
synth_5774,534
synth_5770,534
synth_5772,534
synth_5773,534
synth_5768,534
synth_5769,534
synth_5775,534
synth_5771,534
synth_5778,534
synth_5780,533
synth_5782,533
synth_5788,533
synth_5785,533
synth_5787,533
synth_5779,533
synth_5781,533
synth_5786,533
synth_5784,533
synth_5783,533
synth_5795,532
synth_5794,532
synth_5793,532
synth_5791,532
synth_5799,532
synth_5790,532
synth_5792,532
synth_5796,532
synth_5798,532
synth_5789,532
synth_5797,532
synth_5805,531
synth_5809,531
synth_5803,531
synth_5810,531
synth_5800,531
synth_5807,531
synth_5802,531
synth_5808,531
synth_5801,531
synth_5806,531
synth_5804,531
synth_5812,530
synth_5819,530
synth_5820,530
synth_5815,530
synth_5816,530
synth_5811,530
synth_5817,530
synth_5814,530
synth_5813,530
synth_5818,530
synth_5821,530
synth_5832,529
synth_5825,529
synth_5828,529
synth_5830,529
synth_5823,529
synth_5831,529
synth_5824,529
synth_5827,529
synth_5822,529
synth_5826,529
synth_5829,529
synth_5837,528
synth_5839,528
synth_5833,528
synth_5835,528
synth_5836,528
synth_5840,528
synth_5838,528
synth_5842,528
synth_5841,528
synth_5843,528
synth_5834,528
synth_5849,527
synth_5851,527
synth_5848,527
synth_5844,527
synth_5854,527
synth_5846,527
synth_5852,527
synth_5853,527
synth_5845,527
synth_5847,527
synth_5850,527
synth_5860,526
synth_5862,526
synth_5859,526
synth_5866,526
synth_5861,526
synth_5857,526
synth_5865,526
synth_5856,526
synth_5864,526
synth_5858,526
synth_5855,526
synth_5863,526
synth_5867,525
synth_5868,525
synth_5869,525
synth_5876,525
synth_5875,525
synth_5874,525
synth_5872,525
synth_5873,525
synth_5877,525
synth_5870,525
synth_5871,525
synth_5883,524
synth_5878,524
synth_5882,524
synth_5885,524
synth_5886,524
synth_5880,524
synth_5884,524
synth_5879,524
synth_5887,524
synth_5881,524
synth_5888,524
synth_5889,523
synth_5899,523
synth_5894,523
synth_5897,523
synth_5893,523
synth_5895,523
synth_5890,523
synth_5892,523
synth_5896,523
synth_5891,523
synth_5898,523
synth_5904,522
synth_5910,522
synth_5900,522
synth_5911,522
synth_5907,522
synth_5908,522
synth_5902,522
synth_5906,522
synth_5903,522
synth_5905,522
synth_5909,522
synth_5901,522
synth_5913,521
synth_5919,521
synth_5922,521
synth_5912,521
synth_5918,521
synth_5917,521
synth_5921,521
synth_5914,521
synth_5920,521
synth_5915,521
synth_5916,521
synth_5933,520
synth_5931,520
synth_5924,520
synth_5932,520
synth_5929,520
synth_5930,520
synth_5923,520
synth_5928,520
synth_5925,520
synth_5927,520
synth_5926,520
synth_5941,519
synth_5945,519
synth_5939,519
synth_5940,519
synth_5934,519
synth_5937,519
synth_5938,519
synth_5943,519
synth_5944,519
synth_5935,519
synth_5942,519
synth_5936,519
synth_5946,518
synth_5949,518
synth_5952,518
synth_5950,518
synth_5954,518
synth_5956,518
synth_5948,518
synth_5953,518
synth_5947,518
synth_5955,518
synth_5951,518
synth_5961,517
synth_5958,517
synth_5963,517
synth_5966,517
synth_5962,517
synth_5960,517
synth_5967,517
synth_5957,517
synth_5965,517
synth_5959,517
synth_5964,517
synth_5968,517
synth_5975,516
synth_5973,516
synth_5972,516
synth_5974,516
synth_5976,516
synth_5979,516
synth_5969,516
synth_5977,516
synth_5971,516
synth_5970,516
synth_5978,516
synth_5990,515
synth_5989,515
synth_5991,515
synth_5980,515
synth_5985,515
synth_5982,515
synth_5984,515
synth_5981,515
synth_5983,515
synth_5986,515
synth_5988,515
synth_5987,515
synth_6000,514
synth_5994,514
synth_5993,514
synth_5996,514
synth_6003,514
synth_5995,514
synth_5999,514
synth_5997,514
synth_5998,514
synth_6001,514
synth_6002,514
synth_5992,514
synth_6011,513
synth_6009,513
synth_6008,513
synth_6005,513
synth_6014,513
synth_6006,513
synth_6007,513
synth_6004,513
synth_6010,513
synth_6013,513
synth_6012,513
synth_6019,512
synth_6018,512
synth_6025,512
synth_6026,512
synth_6020,512
synth_6016,512
synth_6024,512
synth_6023,512
synth_6017,512
synth_6021,512
synth_6015,512
synth_6022,512
synth_6027,511
synth_6028,511
synth_6037,511
synth_6030,511
synth_6035,511
synth_6033,511
synth_6034,511
synth_6036,511
synth_6032,511
synth_6031,511
synth_6029,511
synth_6038,511
synth_6043,510
synth_6042,510
synth_6039,510
synth_6045,510
synth_6040,510
synth_6044,510
synth_6049,510
synth_6047,510
synth_6046,510
synth_6041,510
synth_6048,510
synth_6050,510
synth_6051,509
synth_6060,509
synth_6055,509
synth_6056,509
synth_6053,509
synth_6059,509
synth_6058,509
synth_6052,509
synth_6062,509
synth_6057,509
synth_6061,509
synth_6054,509
synth_6074,508
synth_6068,508
synth_6064,508
synth_6063,508
synth_6071,508
synth_6065,508
synth_6070,508
synth_6066,508
synth_6073,508
synth_6067,508
synth_6072,508
synth_6069,508
synth_6076,507
synth_6084,507
synth_6082,507
synth_6081,507
synth_6075,507
synth_6077,507
synth_6078,507
synth_6086,507
synth_6080,507
synth_6079,507
synth_6085,507
synth_6083,507
synth_6092,506
synth_6091,506
synth_6096,506
synth_6098,506
synth_6094,506
synth_6087,506
synth_6088,506
synth_6097,506
synth_6089,506
synth_6090,506
synth_6093,506
synth_6095,506
synth_6107,505
synth_6099,505
synth_6110,505
synth_6105,505
synth_6103,505
synth_6104,505
synth_6100,505
synth_6101,505
synth_6106,505
synth_6102,505
synth_6108,505
synth_6109,505
synth_6114,504
synth_6117,504
synth_6120,504
synth_6122,504
synth_6111,504
synth_6113,504
synth_6115,504
synth_6118,504
synth_6116,504
synth_6119,504
synth_6112,504
synth_6121,504
synth_6126,503
synth_6127,503
synth_6123,503
synth_6131,503
synth_6130,503
synth_6124,503
synth_6133,503
synth_6132,503
synth_6125,503
synth_6134,503
synth_6129,503
synth_6128,503
synth_6141,502
synth_6138,502
synth_6145,502
synth_6140,502
synth_6137,502
synth_6135,502
synth_6144,502
synth_6139,502
synth_6146,502
synth_6142,502
synth_6143,502
synth_6136,502
synth_6153,501
synth_6157,501
synth_6154,501
synth_6156,501
synth_6147,501
synth_6151,501
synth_6152,501
synth_6149,501
synth_6159,501
synth_6158,501
synth_6148,501
synth_6150,501
synth_6155,501
synth_6169,500
synth_6170,500
synth_6165,500
synth_6160,500
synth_6166,500
synth_6167,500
synth_6161,500
synth_6168,500
synth_6171,500
synth_6162,500
synth_6164,500
synth_6163,500
synth_6180,499
synth_6172,499
synth_6183,499
synth_6181,499
synth_6176,499
synth_6177,499
synth_6174,499
synth_6179,499
synth_6173,499
synth_6182,499
synth_6178,499
synth_6175,499
synth_6189,498
synth_6193,498
synth_6187,498
synth_6194,498
synth_6191,498
synth_6184,498
synth_6196,498
synth_6192,498
synth_6186,498
synth_6188,498
synth_6185,498
synth_6190,498
synth_6195,498
synth_6204,497
synth_6206,497
synth_6198,497
synth_6200,497
synth_6202,497
synth_6205,497
synth_6207,497
synth_6201,497
synth_6197,497
synth_6203,497
synth_6199,497
synth_6208,497
synth_6219,496
synth_6210,496
synth_6209,496
synth_6215,496
synth_6220,496
synth_6218,496
synth_6221,496
synth_6211,496
synth_6217,496
synth_6212,496
synth_6213,496
synth_6216,496
synth_6214,496
synth_6233,495
synth_6230,495
synth_6224,495
synth_6229,495
synth_6226,495
synth_6231,495
synth_6225,495
synth_6222,495
synth_6232,495
synth_6228,495
synth_6227,495
synth_6223,495
synth_6239,494
synth_6236,494
synth_6245,494
synth_6235,494
synth_6246,494
synth_6243,494
synth_6238,494
synth_6242,494
synth_6237,494
synth_6234,494
synth_6241,494
synth_6244,494
synth_6240,494
synth_6259,493
synth_6247,493
synth_6254,493
synth_6250,493
synth_6252,493
synth_6257,493
synth_6256,493
synth_6258,493
synth_6249,493
synth_6251,493
synth_6248,493
synth_6255,493
synth_6253,493
synth_6266,492
synth_6271,492
synth_6262,492
synth_6267,492
synth_6269,492
synth_6270,492
synth_6268,492
synth_6264,492
synth_6260,492
synth_6263,492
synth_6265,492
synth_6261,492
synth_6279,491
synth_6276,491
synth_6273,491
synth_6272,491
synth_6282,491
synth_6274,491
synth_6284,491
synth_6277,491
synth_6275,491
synth_6280,491
synth_6278,491
synth_6283,491
synth_6281,491
synth_6289,490
synth_6292,490
synth_6297,490
synth_6287,490
synth_6291,490
synth_6286,490
synth_6288,490
synth_6285,490
synth_6296,490
synth_6293,490
synth_6290,490
synth_6295,490
synth_6294,490
synth_6309,489
synth_6298,489
synth_6300,489
synth_6310,489
synth_6305,489
synth_6308,489
synth_6303,489
synth_6307,489
synth_6302,489
synth_6306,489
synth_6301,489
synth_6299,489
synth_6304,489
synth_6318,488
synth_6322,488
synth_6320,488
synth_6312,488
synth_6323,488
synth_6315,488
synth_6321,488
synth_6316,488
synth_6311,488
synth_6319,488
synth_6313,488
synth_6314,488
synth_6317,488
synth_6325,487
synth_6326,487
synth_6330,487
synth_6324,487
synth_6329,487
synth_6335,487
synth_6333,487
synth_6331,487
synth_6334,487
synth_6336,487
synth_6327,487
synth_6328,487
synth_6332,487
synth_6338,486
synth_6348,486
synth_6340,486
synth_6342,486
synth_6343,486
synth_6345,486
synth_6341,486
synth_6344,486
synth_6339,486
synth_6337,486
synth_6347,486
synth_6349,486
synth_6346,486
synth_6353,485
synth_6356,485
synth_6350,485
synth_6361,485
synth_6359,485
synth_6358,485
synth_6355,485
synth_6360,485
synth_6354,485
synth_6352,485
synth_6351,485
synth_6362,485
synth_6357,485
synth_6373,484
synth_6366,484
synth_6374,484
synth_6372,484
synth_6367,484
synth_6375,484
synth_6364,484
synth_6369,484
synth_6370,484
synth_6365,484
synth_6371,484
synth_6363,484
synth_6368,484
synth_6378,483
synth_6385,483
synth_6380,483
synth_6379,483
synth_6376,483
synth_6377,483
synth_6383,483
synth_6381,483
synth_6387,483
synth_6386,483
synth_6384,483
synth_6388,483
synth_6382,483
synth_6392,482
synth_6402,482
synth_6399,482
synth_6395,482
synth_6400,482
synth_6393,482
synth_6390,482
synth_6396,482
synth_6401,482
synth_6389,482
synth_6397,482
synth_6398,482
synth_6394,482
synth_6391,482
synth_6407,481
synth_6405,481
synth_6408,481
synth_6406,481
synth_6415,481
synth_6410,481
synth_6414,481
synth_6412,481
synth_6411,481
synth_6403,481
synth_6404,481
synth_6409,481
synth_6413,481
synth_6416,480
synth_6418,480
synth_6420,480
synth_6421,480
synth_6423,480
synth_6419,480
synth_6428,480
synth_6427,480
synth_6426,480
synth_6425,480
synth_6424,480
synth_6422,480
synth_6417,480
synth_6434,479
synth_6439,479
synth_6429,479
synth_6438,479
synth_6430,479
synth_6442,479
synth_6433,479
synth_6436,479
synth_6440,479
synth_6432,479
synth_6431,479
synth_6437,479
synth_6435,479
synth_6441,479
synth_6448,478
synth_6447,478
synth_6446,478
synth_6451,478
synth_6445,478
synth_6443,478
synth_6453,478
synth_6454,478
synth_6455,478
synth_6450,478
synth_6452,478
synth_6449,478
synth_6444,478
synth_6460,477
synth_6466,477
synth_6465,477
synth_6457,477
synth_6469,477
synth_6468,477
synth_6461,477
synth_6458,477
synth_6464,477
synth_6463,477
synth_6459,477
synth_6467,477
synth_6456,477
synth_6462,477
synth_6474,476
synth_6473,476
synth_6479,476
synth_6480,476
synth_6482,476
synth_6471,476
synth_6476,476
synth_6475,476
synth_6472,476
synth_6478,476
synth_6477,476
synth_6470,476
synth_6481,476
synth_6492,475
synth_6485,475
synth_6488,475
synth_6490,475
synth_6484,475
synth_6487,475
synth_6494,475
synth_6486,475
synth_6496,475
synth_6489,475
synth_6483,475
synth_6495,475
synth_6491,475
synth_6493,475
synth_6501,474
synth_6510,474
synth_6498,474
synth_6509,474
synth_6507,474
synth_6503,474
synth_6502,474
synth_6497,474
synth_6508,474
synth_6504,474
synth_6505,474
synth_6506,474
synth_6499,474
synth_6500,474
synth_6519,473
synth_6518,473
synth_6522,473
synth_6523,473
synth_6517,473
synth_6511,473
synth_6521,473
synth_6515,473
synth_6514,473
synth_6524,473
synth_6516,473
synth_6520,473
synth_6512,473
synth_6513,473
synth_6533,472
synth_6529,472
synth_6534,472
synth_6530,472
synth_6536,472
synth_6525,472
synth_6528,472
synth_6532,472
synth_6535,472
synth_6537,472
synth_6527,472
synth_6531,472
synth_6526,472
synth_6547,471
synth_6541,471
synth_6543,471
synth_6538,471
synth_6545,471
synth_6549,471
synth_6551,471
synth_6548,471
synth_6539,471
synth_6544,471
synth_6540,471
synth_6546,471
synth_6550,471
synth_6542,471
synth_6553,470
synth_6554,470
synth_6562,470
synth_6552,470
synth_6560,470
synth_6557,470
synth_6559,470
synth_6556,470
synth_6561,470
synth_6565,470
synth_6558,470
synth_6564,470
synth_6563,470
synth_6555,470
synth_6569,469
synth_6566,469
synth_6568,469
synth_6574,469
synth_6576,469
synth_6571,469
synth_6579,469
synth_6575,469
synth_6570,469
synth_6567,469
synth_6577,469
synth_6578,469
synth_6573,469
synth_6572,469
synth_6590,468
synth_6586,468
synth_6581,468
synth_6589,468
synth_6583,468
synth_6591,468
synth_6588,468
synth_6592,468
synth_6587,468
synth_6580,468
synth_6584,468
synth_6593,468
synth_6582,468
synth_6585,468
synth_6605,467
synth_6607,467
synth_6599,467
synth_6604,467
synth_6595,467
synth_6603,467
synth_6600,467
synth_6601,467
synth_6597,467
synth_6606,467
synth_6598,467
synth_6596,467
synth_6594,467
synth_6602,467
synth_6621,466
synth_6610,466
synth_6609,466
synth_6618,466
synth_6622,466
synth_6619,466
synth_6615,466
synth_6614,466
synth_6616,466
synth_6612,466
synth_6617,466
synth_6611,466
synth_6620,466
synth_6608,466
synth_6613,466
synth_6623,465
synth_6627,465
synth_6624,465
synth_6636,465
synth_6629,465
synth_6628,465
synth_6632,465
synth_6625,465
synth_6634,465
synth_6630,465
synth_6633,465
synth_6635,465
synth_6631,465
synth_6626,465
synth_6647,464
synth_6637,464
synth_6650,464
synth_6645,464
synth_6640,464
synth_6644,464
synth_6646,464
synth_6638,464
synth_6649,464
synth_6643,464
synth_6648,464
synth_6639,464
synth_6641,464
synth_6642,464
synth_6661,463
synth_6653,463
synth_6655,463
synth_6658,463
synth_6664,463
synth_6654,463
synth_6656,463
synth_6662,463
synth_6659,463
synth_6651,463
synth_6665,463
synth_6660,463
synth_6657,463
synth_6652,463
synth_6663,463
synth_6669,462
synth_6676,462
synth_6673,462
synth_6675,462
synth_6667,462
synth_6671,462
synth_6679,462
synth_6668,462
synth_6678,462
synth_6677,462
synth_6672,462
synth_6670,462
synth_6674,462
synth_6666,462
synth_6691,461
synth_6693,461
synth_6680,461
synth_6688,461
synth_6685,461
synth_6689,461
synth_6694,461
synth_6681,461
synth_6692,461
synth_6682,461
synth_6690,461
synth_6687,461
synth_6686,461
synth_6684,461
synth_6683,461
synth_6698,460
synth_6706,460
synth_6697,460
synth_6707,460
synth_6700,460
synth_6702,460
synth_6699,460
synth_6708,460
synth_6696,460
synth_6703,460
synth_6701,460
synth_6695,460
synth_6704,460
synth_6705,460
synth_6719,459
synth_6718,459
synth_6714,459
synth_6717,459
synth_6723,459
synth_6712,459
synth_6722,459
synth_6711,459
synth_6716,459
synth_6715,459
synth_6721,459
synth_6710,459
synth_6713,459
synth_6709,459
synth_6720,459
synth_6727,458
synth_6725,458
synth_6736,458
synth_6724,458
synth_6737,458
synth_6728,458
synth_6726,458
synth_6734,458
synth_6733,458
synth_6735,458
synth_6729,458
synth_6730,458
synth_6731,458
synth_6732,458
synth_6751,457
synth_6748,457
synth_6749,457
synth_6752,457
synth_6743,457
synth_6740,457
synth_6741,457
synth_6742,457
synth_6739,457
synth_6747,457
synth_6746,457
synth_6738,457
synth_6745,457
synth_6744,457
synth_6750,457
synth_6766,456
synth_6753,456
synth_6757,456
synth_6759,456
synth_6755,456
synth_6761,456
synth_6767,456
synth_6758,456
synth_6760,456
synth_6754,456
synth_6762,456
synth_6764,456
synth_6763,456
synth_6756,456
synth_6765,456
synth_6773,455
synth_6769,455
synth_6777,455
synth_6768,455
synth_6779,455
synth_6770,455
synth_6781,455
synth_6774,455
synth_6780,455
synth_6776,455
synth_6778,455
synth_6771,455
synth_6775,455
synth_6782,455
synth_6772,455
synth_6783,454
synth_6790,454
synth_6796,454
synth_6785,454
synth_6786,454
synth_6795,454
synth_6797,454
synth_6794,454
synth_6784,454
synth_6788,454
synth_6793,454
synth_6791,454
synth_6787,454
synth_6789,454
synth_6792,454
synth_6801,453
synth_6808,453
synth_6802,453
synth_6811,453
synth_6809,453
synth_6800,453
synth_6810,453
synth_6803,453
synth_6799,453
synth_6798,453
synth_6806,453
synth_6807,453
synth_6804,453
synth_6812,453
synth_6805,453
synth_6814,452
synth_6827,452
synth_6817,452
synth_6826,452
synth_6816,452
synth_6813,452
synth_6823,452
synth_6819,452
synth_6820,452
synth_6815,452
synth_6824,452
synth_6825,452
synth_6821,452
synth_6818,452
synth_6822,452
synth_6831,451
synth_6835,451
synth_6832,451
synth_6838,451
synth_6830,451
synth_6839,451
synth_6841,451
synth_6828,451
synth_6834,451
synth_6840,451
synth_6837,451
synth_6829,451
synth_6842,451
synth_6833,451
synth_6836,451
synth_6847,450
synth_6845,450
synth_6850,450
synth_6852,450
synth_6849,450
synth_6856,450
synth_6844,450
synth_6853,450
synth_6854,450
synth_6843,450
synth_6855,450
synth_6851,450
synth_6848,450
synth_6846,450
synth_6857,450
synth_6867,449
synth_6862,449
synth_6863,449
synth_6859,449
synth_6860,449
synth_6872,449
synth_6861,449
synth_6870,449
synth_6873,449
synth_6869,449
synth_6864,449
synth_6865,449
synth_6871,449
synth_6858,449
synth_6868,449
synth_6866,449
synth_6886,448
synth_6879,448
synth_6877,448
synth_6878,448
synth_6874,448
synth_6888,448
synth_6881,448
synth_6885,448
synth_6883,448
synth_6887,448
synth_6884,448
synth_6875,448
synth_6880,448
synth_6876,448
synth_6882,448
synth_6900,447
synth_6889,447
synth_6901,447
synth_6899,447
synth_6896,447
synth_6895,447
synth_6898,447
synth_6903,447
synth_6893,447
synth_6894,447
synth_6890,447
synth_6891,447
synth_6897,447
synth_6892,447
synth_6902,447
synth_6905,446
synth_6915,446
synth_6917,446
synth_6907,446
synth_6912,446
synth_6916,446
synth_6906,446
synth_6908,446
synth_6919,446
synth_6910,446
synth_6914,446
synth_6918,446
synth_6909,446
synth_6904,446
synth_6911,446
synth_6913,446
synth_6928,445
synth_6926,445
synth_6924,445
synth_6920,445
synth_6925,445
synth_6932,445
synth_6927,445
synth_6923,445
synth_6922,445
synth_6931,445
synth_6930,445
synth_6921,445
synth_6935,445
synth_6933,445
synth_6929,445
synth_6934,445
synth_6941,444
synth_6944,444
synth_6943,444
synth_6938,444
synth_6940,444
synth_6948,444
synth_6947,444
synth_6945,444
synth_6950,444
synth_6949,444
synth_6939,444
synth_6937,444
synth_6936,444
synth_6942,444
synth_6946,444
synth_6964,443
synth_6965,443
synth_6952,443
synth_6962,443
synth_6955,443
synth_6959,443
synth_6951,443
synth_6956,443
synth_6966,443
synth_6953,443
synth_6960,443
synth_6957,443
synth_6954,443
synth_6961,443
synth_6963,443
synth_6958,443
synth_6972,442
synth_6982,442
synth_6969,442
synth_6967,442
synth_6973,442
synth_6971,442
synth_6975,442
synth_6978,442
synth_6970,442
synth_6980,442
synth_6981,442
synth_6979,442
synth_6974,442
synth_6968,442
synth_6977,442
synth_6976,442
synth_6989,441
synth_6990,441
synth_6993,441
synth_6984,441
synth_6995,441
synth_6991,441
synth_6987,441
synth_6983,441
synth_6997,441
synth_6986,441
synth_6996,441
synth_6992,441
synth_6985,441
synth_6994,441
synth_6988,441
synth_6998,440
synth_7002,440
synth_7007,440
synth_7004,440
synth_7011,440
synth_7008,440
synth_7012,440
synth_7000,440
synth_7003,440
synth_6999,440
synth_7010,440
synth_7006,440
synth_7005,440
synth_7001,440
synth_7009,440
synth_7013,440
synth_7014,439
synth_7015,439
synth_7022,439
synth_7016,439
synth_7020,439
synth_7024,439
synth_7026,439
synth_7023,439
synth_7027,439
synth_7029,439
synth_7028,439
synth_7019,439
synth_7021,439
synth_7017,439
synth_7018,439
synth_7025,439
synth_7034,438
synth_7039,438
synth_7044,438
synth_7042,438
synth_7045,438
synth_7038,438
synth_7032,438
synth_7041,438
synth_7040,438
synth_7035,438
synth_7036,438
synth_7037,438
synth_7043,438
synth_7031,438
synth_7030,438
synth_7033,438
synth_7057,437
synth_7056,437
synth_7061,437
synth_7055,437
synth_7054,437
synth_7060,437
synth_7048,437
synth_7058,437
synth_7059,437
synth_7049,437
synth_7046,437
synth_7047,437
synth_7050,437
synth_7051,437
synth_7052,437
synth_7053,437
synth_7062,437
synth_7064,436
synth_7069,436
synth_7063,436
synth_7073,436
synth_7065,436
synth_7077,436
synth_7067,436
synth_7071,436
synth_7072,436
synth_7066,436
synth_7070,436
synth_7075,436
synth_7074,436
synth_7078,436
synth_7076,436
synth_7068,436
synth_7090,435
synth_7082,435
synth_7084,435
synth_7083,435
synth_7086,435
synth_7080,435
synth_7085,435
synth_7081,435
synth_7087,435
synth_7089,435
synth_7094,435
synth_7092,435
synth_7088,435
synth_7079,435
synth_7093,435
synth_7091,435
synth_7107,434
synth_7097,434
synth_7098,434
synth_7108,434
synth_7105,434
synth_7103,434
synth_7106,434
synth_7095,434
synth_7100,434
synth_7109,434
synth_7099,434
synth_7096,434
synth_7102,434
synth_7101,434
synth_7104,434
synth_7110,434
synth_7116,433
synth_7119,433
synth_7124,433
synth_7127,433
synth_7125,433
synth_7117,433
synth_7115,433
synth_7111,433
synth_7122,433
synth_7112,433
synth_7114,433
synth_7118,433
synth_7120,433
synth_7121,433
synth_7126,433
synth_7113,433
synth_7123,433
synth_7133,432
synth_7128,432
synth_7137,432
synth_7139,432
synth_7142,432
synth_7132,432
synth_7130,432
synth_7140,432
synth_7135,432
synth_7136,432
synth_7134,432
synth_7131,432
synth_7138,432
synth_7141,432
synth_7143,432
synth_7129,432
synth_7153,431
synth_7151,431
synth_7157,431
synth_7145,431
synth_7144,431
synth_7149,431
synth_7147,431
synth_7158,431
synth_7159,431
synth_7150,431
synth_7148,431
synth_7146,431
synth_7156,431
synth_7155,431
synth_7160,431
synth_7152,431
synth_7154,431
synth_7163,430
synth_7174,430
synth_7177,430
synth_7166,430
synth_7168,430
synth_7162,430
synth_7169,430
synth_7161,430
synth_7172,430
synth_7164,430
synth_7167,430
synth_7173,430
synth_7171,430
synth_7175,430
synth_7170,430
synth_7176,430
synth_7165,430
synth_7187,429
synth_7183,429
synth_7189,429
synth_7185,429
synth_7180,429
synth_7182,429
synth_7193,429
synth_7191,429
synth_7192,429
synth_7184,429
synth_7190,429
synth_7179,429
synth_7188,429
synth_7178,429
synth_7186,429
synth_7181,429
synth_7195,428
synth_7199,428
synth_7208,428
synth_7201,428
synth_7204,428
synth_7207,428
synth_7209,428
synth_7202,428
synth_7200,428
synth_7205,428
synth_7210,428
synth_7194,428
synth_7197,428
synth_7206,428
synth_7196,428
synth_7198,428
synth_7203,428
synth_7220,427
synth_7222,427
synth_7215,427
synth_7223,427
synth_7211,427
synth_7213,427
synth_7218,427
synth_7225,427
synth_7226,427
synth_7221,427
synth_7224,427
synth_7214,427
synth_7219,427
synth_7212,427
synth_7217,427
synth_7227,427
synth_7216,427
synth_7228,426
synth_7231,426
synth_7241,426
synth_7237,426
synth_7244,426
synth_7233,426
synth_7240,426
synth_7234,426
synth_7238,426
synth_7236,426
synth_7243,426
synth_7229,426
synth_7242,426
synth_7232,426
synth_7235,426
synth_7239,426
synth_7230,426
synth_7250,425
synth_7245,425
synth_7256,425
synth_7261,425
synth_7259,425
synth_7246,425
synth_7248,425
synth_7253,425
synth_7251,425
synth_7252,425
synth_7258,425
synth_7255,425
synth_7247,425
synth_7254,425
synth_7260,425
synth_7257,425
synth_7249,425
synth_7266,424
synth_7265,424
synth_7276,424
synth_7271,424
synth_7264,424
synth_7274,424
synth_7267,424
synth_7273,424
synth_7269,424
synth_7263,424
synth_7268,424
synth_7270,424
synth_7278,424
synth_7272,424
synth_7262,424
synth_7275,424
synth_7277,424
synth_7288,423
synth_7293,423
synth_7294,423
synth_7292,423
synth_7281,423
synth_7290,423
synth_7296,423
synth_7284,423
synth_7291,423
synth_7279,423
synth_7280,423
synth_7295,423
synth_7289,423
synth_7287,423
synth_7283,423
synth_7286,423
synth_7282,423
synth_7285,423
synth_7306,422
synth_7310,422
synth_7298,422
synth_7303,422
synth_7302,422
synth_7305,422
synth_7311,422
synth_7301,422
synth_7299,422
synth_7313,422
synth_7307,422
synth_7297,422
synth_7304,422
synth_7308,422
synth_7300,422
synth_7312,422
synth_7309,422
synth_7316,421
synth_7317,421
synth_7327,421
synth_7319,421
synth_7314,421
synth_7323,421
synth_7320,421
synth_7326,421
synth_7330,421
synth_7315,421
synth_7329,421
synth_7321,421
synth_7328,421
synth_7318,421
synth_7324,421
synth_7322,421
synth_7325,421
synth_7338,420
synth_7340,420
synth_7333,420
synth_7342,420
synth_7343,420
synth_7335,420
synth_7348,420
synth_7336,420
synth_7347,420
synth_7331,420
synth_7334,420
synth_7341,420
synth_7337,420
synth_7332,420
synth_7345,420
synth_7346,420
synth_7344,420
synth_7339,420
synth_7350,419
synth_7359,419
synth_7354,419
synth_7365,419
synth_7358,419
synth_7363,419
synth_7361,419
synth_7356,419
synth_7349,419
synth_7353,419
synth_7355,419
synth_7364,419
synth_7360,419
synth_7362,419
synth_7351,419
synth_7352,419
synth_7357,419
synth_7368,418
synth_7369,418
synth_7376,418
synth_7374,418
synth_7383,418
synth_7381,418
synth_7372,418
synth_7370,418
synth_7377,418
synth_7373,418
synth_7379,418
synth_7366,418
synth_7378,418
synth_7380,418
synth_7382,418
synth_7367,418
synth_7375,418
synth_7371,418
synth_7398,417
synth_7396,417
synth_7393,417
synth_7388,417
synth_7387,417
synth_7385,417
synth_7384,417
synth_7397,417
synth_7399,417
synth_7386,417
synth_7400,417
synth_7401,417
synth_7392,417
synth_7391,417
synth_7395,417
synth_7389,417
synth_7394,417
synth_7390,417
synth_7414,416
synth_7403,416
synth_7418,416
synth_7411,416
synth_7406,416
synth_7413,416
synth_7417,416
synth_7402,416
synth_7407,416
synth_7405,416
synth_7404,416
synth_7416,416
synth_7410,416
synth_7419,416
synth_7415,416
synth_7409,416
synth_7408,416
synth_7412,416
synth_7424,415
synth_7432,415
synth_7430,415
synth_7429,415
synth_7422,415
synth_7423,415
synth_7433,415
synth_7428,415
synth_7436,415
synth_7425,415
synth_7427,415
synth_7420,415
synth_7434,415
synth_7421,415
synth_7426,415
synth_7435,415
synth_7431,415
synth_7447,414
synth_7446,414
synth_7437,414
synth_7452,414
synth_7454,414
synth_7439,414
synth_7442,414
synth_7451,414
synth_7443,414
synth_7440,414
synth_7441,414
synth_7444,414
synth_7453,414
synth_7449,414
synth_7450,414
synth_7438,414
synth_7445,414
synth_7448,414
synth_7469,413
synth_7467,413
synth_7460,413
synth_7464,413
synth_7473,413
synth_7458,413
synth_7468,413
synth_7456,413
synth_7463,413
synth_7455,413
synth_7465,413
synth_7461,413
synth_7471,413
synth_7466,413
synth_7472,413
synth_7459,413
synth_7470,413
synth_7462,413
synth_7457,413
synth_7486,412
synth_7478,412
synth_7490,412
synth_7482,412
synth_7476,412
synth_7481,412
synth_7488,412
synth_7491,412
synth_7475,412
synth_7479,412
synth_7487,412
synth_7485,412
synth_7484,412
synth_7477,412
synth_7480,412
synth_7483,412
synth_7489,412
synth_7474,412
synth_7498,411
synth_7509,411
synth_7500,411
synth_7497,411
synth_7496,411
synth_7503,411
synth_7505,411
synth_7507,411
synth_7495,411
synth_7502,411
synth_7506,411
synth_7504,411
synth_7493,411
synth_7501,411
synth_7492,411
synth_7508,411
synth_7499,411
synth_7494,411
synth_7527,410
synth_7511,410
synth_7518,410
synth_7526,410
synth_7510,410
synth_7524,410
synth_7515,410
synth_7513,410
synth_7522,410
synth_7525,410
synth_7519,410
synth_7520,410
synth_7517,410
synth_7512,410
synth_7521,410
synth_7516,410
synth_7514,410
synth_7523,410
synth_7528,409
synth_7538,409
synth_7529,409
synth_7534,409
synth_7530,409
synth_7533,409
synth_7541,409
synth_7543,409
synth_7540,409
synth_7539,409
synth_7545,409
synth_7531,409
synth_7546,409
synth_7542,409
synth_7535,409
synth_7536,409
synth_7544,409
synth_7532,409
synth_7537,409
synth_7551,408
synth_7550,408
synth_7556,408
synth_7560,408
synth_7547,408
synth_7563,408
synth_7561,408
synth_7564,408
synth_7554,408
synth_7555,408
synth_7562,408
synth_7558,408
synth_7557,408
synth_7552,408
synth_7559,408
synth_7549,408
synth_7553,408
synth_7548,408
synth_7583,407
synth_7572,407
synth_7565,407
synth_7580,407
synth_7579,407
synth_7570,407
synth_7574,407
synth_7573,407
synth_7569,407
synth_7576,407
synth_7581,407
synth_7582,407
synth_7568,407
synth_7578,407
synth_7566,407
synth_7577,407
synth_7575,407
synth_7571,407
synth_7567,407
synth_7584,406
synth_7597,406
synth_7593,406
synth_7594,406
synth_7585,406
synth_7587,406
synth_7592,406
synth_7599,406
synth_7600,406
synth_7601,406
synth_7596,406
synth_7598,406
synth_7602,406
synth_7591,406
synth_7588,406
synth_7595,406
synth_7590,406
synth_7586,406
synth_7589,406
synth_7618,405
synth_7608,405
synth_7613,405
synth_7605,405
synth_7619,405
synth_7614,405
synth_7612,405
synth_7603,405
synth_7620,405
synth_7609,405
synth_7604,405
synth_7607,405
synth_7617,405
synth_7606,405
synth_7611,405
synth_7615,405
synth_7610,405
synth_7616,405
synth_7634,404
synth_7624,404
synth_7635,404
synth_7629,404
synth_7636,404
synth_7625,404
synth_7639,404
synth_7632,404
synth_7631,404
synth_7622,404
synth_7623,404
synth_7621,404
synth_7626,404
synth_7633,404
synth_7638,404
synth_7627,404
synth_7630,404
synth_7637,404
synth_7628,404
synth_7647,403
synth_7643,403
synth_7651,403
synth_7649,403
synth_7657,403
synth_7640,403
synth_7641,403
synth_7656,403
synth_7642,403
synth_7646,403
synth_7652,403
synth_7655,403
synth_7658,403
synth_7644,403
synth_7648,403
synth_7645,403
synth_7653,403
synth_7650,403
synth_7654,403
synth_7661,402
synth_7659,402
synth_7675,402
synth_7666,402
synth_7674,402
synth_7676,402
synth_7673,402
synth_7669,402
synth_7663,402
synth_7665,402
synth_7672,402
synth_7667,402
synth_7660,402
synth_7662,402
synth_7671,402
synth_7668,402
synth_7677,402
synth_7670,402
synth_7664,402
synth_7687,401
synth_7680,401
synth_7678,401
synth_7689,401
synth_7690,401
synth_7693,401
synth_7685,401
synth_7682,401
synth_7688,401
synth_7694,401
synth_7684,401
synth_7691,401
synth_7696,401
synth_7692,401
synth_7686,401
synth_7681,401
synth_7679,401
synth_7695,401
synth_7683,401
synth_7708,400
synth_7706,400
synth_7705,400
synth_7698,400
synth_7712,400
synth_7711,400
synth_7714,400
synth_7703,400
synth_7709,400
synth_7707,400
synth_7697,400
synth_7715,400
synth_7699,400
synth_7710,400
synth_7713,400
synth_7701,400
synth_7704,400
synth_7702,400
synth_7700,400
synth_7716,400
synth_7718,399
synth_7728,399
synth_7723,399
synth_7734,399
synth_7730,399
synth_7729,399
synth_7721,399
synth_7725,399
synth_7726,399
synth_7727,399
synth_7732,399
synth_7720,399
synth_7733,399
synth_7719,399
synth_7735,399
synth_7717,399
synth_7722,399
synth_7724,399
synth_7731,399
synth_7745,398
synth_7752,398
synth_7749,398
synth_7736,398
synth_7755,398
synth_7740,398
synth_7744,398
synth_7746,398
synth_7743,398
synth_7742,398
synth_7747,398
synth_7748,398
synth_7739,398
synth_7741,398
synth_7754,398
synth_7751,398
synth_7738,398
synth_7753,398
synth_7750,398
synth_7737,398
synth_7774,397
synth_7757,397
synth_7768,397
synth_7764,397
synth_7761,397
synth_7756,397
synth_7758,397
synth_7763,397
synth_7766,397
synth_7772,397
synth_7759,397
synth_7770,397
synth_7769,397
synth_7762,397
synth_7773,397
synth_7765,397
synth_7760,397
synth_7767,397
synth_7771,397
synth_7785,396
synth_7776,396
synth_7791,396
synth_7788,396
synth_7787,396
synth_7784,396
synth_7781,396
synth_7777,396
synth_7782,396
synth_7790,396
synth_7786,396
synth_7789,396
synth_7780,396
synth_7778,396
synth_7794,396
synth_7779,396
synth_7775,396
synth_7792,396
synth_7793,396
synth_7783,396
synth_7807,395
synth_7811,395
synth_7797,395
synth_7796,395
synth_7812,395
synth_7804,395
synth_7805,395
synth_7798,395
synth_7799,395
synth_7809,395
synth_7813,395
synth_7810,395
synth_7808,395
synth_7802,395
synth_7795,395
synth_7801,395
synth_7803,395
synth_7800,395
synth_7806,395
synth_7820,394
synth_7819,394
synth_7832,394
synth_7824,394
synth_7825,394
synth_7816,394
synth_7815,394
synth_7822,394
synth_7821,394
synth_7828,394
synth_7814,394
synth_7823,394
synth_7817,394
synth_7829,394
synth_7833,394
synth_7830,394
synth_7831,394
synth_7827,394
synth_7826,394
synth_7818,394
synth_7838,393
synth_7845,393
synth_7834,393
synth_7836,393
synth_7853,393
synth_7842,393
synth_7844,393
synth_7841,393
synth_7851,393
synth_7846,393
synth_7837,393
synth_7843,393
synth_7847,393
synth_7852,393
synth_7849,393
synth_7839,393
synth_7835,393
synth_7850,393
synth_7848,393
synth_7840,393
synth_7859,392
synth_7870,392
synth_7858,392
synth_7871,392
synth_7860,392
synth_7855,392
synth_7861,392
synth_7854,392
synth_7868,392
synth_7862,392
synth_7864,392
synth_7863,392
synth_7865,392
synth_7857,392
synth_7866,392
synth_7873,392
synth_7867,392
synth_7869,392
synth_7856,392
synth_7872,392
synth_7882,391
synth_7878,391
synth_7877,391
synth_7884,391
synth_7881,391
synth_7886,391
synth_7889,391
synth_7888,391
synth_7876,391
synth_7892,391
synth_7874,391
synth_7887,391
synth_7885,391
synth_7894,391
synth_7875,391
synth_7890,391
synth_7883,391
synth_7891,391
synth_7879,391
synth_7880,391
synth_7893,391
synth_7896,390
synth_7899,390
synth_7914,390
synth_7905,390
synth_7912,390
synth_7904,390
synth_7910,390
synth_7906,390
synth_7900,390
synth_7913,390
synth_7909,390
synth_7902,390
synth_7907,390
synth_7897,390
synth_7895,390
synth_7911,390
synth_7901,390
synth_7903,390
synth_7908,390
synth_7898,390
synth_7924,389
synth_7929,389
synth_7923,389
synth_7926,389
synth_7917,389
synth_7916,389
synth_7928,389
synth_7927,389
synth_7932,389
synth_7933,389
synth_7918,389
synth_7934,389
synth_7931,389
synth_7925,389
synth_7919,389
synth_7930,389
synth_7921,389
synth_7915,389
synth_7920,389
synth_7922,389
synth_7952,388
synth_7948,388
synth_7945,388
synth_7953,388
synth_7947,388
synth_7936,388
synth_7937,388
synth_7944,388
synth_7940,388
synth_7939,388
synth_7955,388
synth_7943,388
synth_7938,388
synth_7950,388
synth_7935,388
synth_7951,388
synth_7941,388
synth_7942,388
synth_7946,388
synth_7954,388
synth_7949,388
synth_7971,387
synth_7960,387
synth_7959,387
synth_7972,387
synth_7970,387
synth_7969,387
synth_7958,387
synth_7956,387
synth_7967,387
synth_7963,387
synth_7961,387
synth_7973,387
synth_7962,387
synth_7964,387
synth_7957,387
synth_7975,387
synth_7974,387
synth_7966,387
synth_7968,387
synth_7965,387
synth_7979,386
synth_7981,386
synth_7986,386
synth_7994,386
synth_7988,386
synth_7993,386
synth_7990,386
synth_7985,386
synth_7991,386
synth_7983,386
synth_7989,386
synth_7976,386
synth_7980,386
synth_7995,386
synth_7978,386
synth_7996,386
synth_7982,386
synth_7977,386
synth_7992,386
synth_7984,386
synth_7987,386
synth_8003,385
synth_8014,385
synth_8008,385
synth_8002,385
synth_7997,385
synth_8009,385
synth_7998,385
synth_7999,385
synth_8000,385
synth_8013,385
synth_8016,385
synth_8006,385
synth_8005,385
synth_8001,385
synth_8004,385
synth_8015,385
synth_8011,385
synth_8012,385
synth_8010,385
synth_8017,385
synth_8007,385
synth_8024,384
synth_8037,384
synth_8022,384
synth_8027,384
synth_8038,384
synth_8019,384
synth_8018,384
synth_8026,384
synth_8025,384
synth_8031,384
synth_8033,384
synth_8032,384
synth_8036,384
synth_8020,384
synth_8028,384
synth_8029,384
synth_8035,384
synth_8034,384
synth_8021,384
synth_8030,384
synth_8023,384
synth_8058,383
synth_8044,383
synth_8049,383
synth_8051,383
synth_8059,383
synth_8042,383
synth_8055,383
synth_8039,383
synth_8048,383
synth_8050,383
synth_8041,383
synth_8043,383
synth_8057,383
synth_8046,383
synth_8040,383
synth_8056,383
synth_8045,383
synth_8053,383
synth_8052,383
synth_8047,383
synth_8054,383
synth_8069,382
synth_8064,382
synth_8076,382
synth_8075,382
synth_8063,382
synth_8080,382
synth_8073,382
synth_8067,382
synth_8062,382
synth_8066,382
synth_8061,382
synth_8072,382
synth_8077,382
synth_8074,382
synth_8079,382
synth_8065,382
synth_8071,382
synth_8070,382
synth_8078,382
synth_8060,382
synth_8068,382
synth_8087,381
synth_8092,381
synth_8086,381
synth_8091,381
synth_8081,381
synth_8085,381
synth_8099,381
synth_8096,381
synth_8100,381
synth_8101,381
synth_8098,381
synth_8082,381
synth_8097,381
synth_8083,381
synth_8093,381
synth_8090,381
synth_8095,381
synth_8084,381
synth_8089,381
synth_8088,381
synth_8094,381
synth_8107,380
synth_8121,380
synth_8109,380
synth_8114,380
synth_8120,380
synth_8122,380
synth_8112,380
synth_8117,380
synth_8103,380
synth_8119,380
synth_8106,380
synth_8118,380
synth_8111,380
synth_8113,380
synth_8102,380
synth_8116,380
synth_8115,380
synth_8104,380
synth_8105,380
synth_8108,380
synth_8110,380
synth_8138,379
synth_8124,379
synth_8123,379
synth_8126,379
synth_8129,379
synth_8135,379
synth_8136,379
synth_8128,379
synth_8137,379
synth_8132,379
synth_8125,379
synth_8143,379
synth_8131,379
synth_8144,379
synth_8134,379
synth_8140,379
synth_8127,379
synth_8142,379
synth_8130,379
synth_8139,379
synth_8133,379
synth_8141,379
synth_8161,378
synth_8154,378
synth_8146,378
synth_8160,378
synth_8148,378
synth_8149,378
synth_8156,378
synth_8157,378
synth_8150,378
synth_8153,378
synth_8164,378
synth_8145,378
synth_8162,378
synth_8147,378
synth_8151,378
synth_8152,378
synth_8158,378
synth_8159,378
synth_8165,378
synth_8155,378
synth_8163,378
synth_8183,377
synth_8173,377
synth_8167,377
synth_8174,377
synth_8171,377
synth_8186,377
synth_8179,377
synth_8170,377
synth_8178,377
synth_8166,377
synth_8172,377
synth_8182,377
synth_8184,377
synth_8180,377
synth_8185,377
synth_8168,377
synth_8181,377
synth_8187,377
synth_8176,377
synth_8177,377
synth_8169,377
synth_8175,377
synth_8197,376
synth_8209,376
synth_8190,376
synth_8196,376
synth_8199,376
synth_8189,376
synth_8207,376
synth_8194,376
synth_8206,376
synth_8204,376
synth_8188,376
synth_8195,376
synth_8201,376
synth_8200,376
synth_8191,376
synth_8203,376
synth_8202,376
synth_8208,376
synth_8193,376
synth_8205,376
synth_8198,376
synth_8192,376
synth_8221,375
synth_8217,375
synth_8211,375
synth_8210,375
synth_8220,375
synth_8229,375
synth_8224,375
synth_8212,375
synth_8215,375
synth_8219,375
synth_8228,375
synth_8223,375
synth_8225,375
synth_8213,375
synth_8231,375
synth_8214,375
synth_8222,375
synth_8216,375
synth_8230,375
synth_8227,375
synth_8226,375
synth_8218,375
synth_8250,374
synth_8244,374
synth_8233,374
synth_8253,374
synth_8239,374
synth_8234,374
synth_8246,374
synth_8235,374
synth_8241,374
synth_8240,374
synth_8236,374
synth_8242,374
synth_8252,374
synth_8251,374
synth_8237,374
synth_8243,374
synth_8245,374
synth_8249,374
synth_8247,374
synth_8232,374
synth_8248,374
synth_8238,374
synth_8262,373
synth_8270,373
synth_8268,373
synth_8264,373
synth_8272,373
synth_8265,373
synth_8257,373
synth_8260,373
synth_8274,373
synth_8273,373
synth_8259,373
synth_8266,373
synth_8267,373
synth_8275,373
synth_8263,373
synth_8256,373
synth_8269,373
synth_8271,373
synth_8258,373
synth_8254,373
synth_8255,373
synth_8261,373
synth_8283,372
synth_8285,372
synth_8288,372
synth_8280,372
synth_8282,372
synth_8279,372
synth_8287,372
synth_8291,372
synth_8276,372
synth_8297,372
synth_8281,372
synth_8278,372
synth_8277,372
synth_8294,372
synth_8290,372
synth_8295,372
synth_8296,372
synth_8293,372
synth_8284,372
synth_8289,372
synth_8292,372
synth_8286,372
synth_8306,371
synth_8303,371
synth_8319,371
synth_8301,371
synth_8316,371
synth_8317,371
synth_8305,371
synth_8318,371
synth_8309,371
synth_8308,371
synth_8307,371
synth_8320,371
synth_8311,371
synth_8314,371
synth_8299,371
synth_8298,371
synth_8315,371
synth_8300,371
synth_8313,371
synth_8302,371
synth_8310,371
synth_8304,371
synth_8312,371
synth_8338,370
synth_8336,370
synth_8337,370
synth_8328,370
synth_8333,370
synth_8334,370
synth_8331,370
synth_8324,370
synth_8321,370
synth_8339,370
synth_8325,370
synth_8326,370
synth_8322,370
synth_8340,370
synth_8335,370
synth_8342,370
synth_8330,370
synth_8327,370
synth_8329,370
synth_8323,370
synth_8341,370
synth_8332,370
synth_8358,369
synth_8354,369
synth_8360,369
synth_8362,369
synth_8345,369
synth_8348,369
synth_8350,369
synth_8353,369
synth_8364,369
synth_8351,369
synth_8344,369
synth_8349,369
synth_8357,369
synth_8343,369
synth_8352,369
synth_8363,369
synth_8356,369
synth_8355,369
synth_8359,369
synth_8361,369
synth_8346,369
synth_8347,369
synth_8365,369
synth_8379,368
synth_8368,368
synth_8387,368
synth_8382,368
synth_8385,368
synth_8371,368
synth_8373,368
synth_8372,368
synth_8386,368
synth_8369,368
synth_8378,368
synth_8381,368
synth_8366,368
synth_8376,368
synth_8388,368
synth_8374,368
synth_8375,368
synth_8377,368
synth_8380,368
synth_8370,368
synth_8384,368
synth_8383,368
synth_8367,368
synth_8403,367
synth_8393,367
synth_8401,367
synth_8394,367
synth_8396,367
synth_8399,367
synth_8395,367
synth_8406,367
synth_8400,367
synth_8407,367
synth_8391,367
synth_8398,367
synth_8410,367
synth_8392,367
synth_8408,367
synth_8402,367
synth_8397,367
synth_8389,367
synth_8404,367
synth_8390,367
synth_8405,367
synth_8409,367
synth_8414,366
synth_8432,366
synth_8423,366
synth_8415,366
synth_8431,366
synth_8425,366
synth_8427,366
synth_8419,366
synth_8412,366
synth_8417,366
synth_8424,366
synth_8428,366
synth_8422,366
synth_8420,366
synth_8429,366
synth_8421,366
synth_8418,366
synth_8411,366
synth_8426,366
synth_8433,366
synth_8430,366
synth_8413,366
synth_8416,366
synth_8449,365
synth_8455,365
synth_8454,365
synth_8457,365
synth_8451,365
synth_8450,365
synth_8439,365
synth_8440,365
synth_8444,365
synth_8442,365
synth_8447,365
synth_8434,365
synth_8438,365
synth_8435,365
synth_8437,365
synth_8443,365
synth_8448,365
synth_8436,365
synth_8456,365
synth_8453,365
synth_8441,365
synth_8452,365
synth_8445,365
synth_8446,365
synth_8458,364
synth_8465,364
synth_8472,364
synth_8479,364
synth_8459,364
synth_8471,364
synth_8476,364
synth_8475,364
synth_8461,364
synth_8464,364
synth_8466,364
synth_8467,364
synth_8462,364
synth_8460,364
synth_8470,364
synth_8463,364
synth_8473,364
synth_8478,364
synth_8468,364
synth_8480,364
synth_8474,364
synth_8477,364
synth_8469,364
synth_8490,363
synth_8481,363
synth_8495,363
synth_8503,363
synth_8484,363
synth_8501,363
synth_8498,363
synth_8489,363
synth_8497,363
synth_8485,363
synth_8496,363
synth_8499,363
synth_8494,363
synth_8500,363
synth_8483,363
synth_8488,363
synth_8482,363
synth_8487,363
synth_8493,363
synth_8486,363
synth_8502,363
synth_8492,363
synth_8491,363
synth_8507,362
synth_8519,362
synth_8504,362
synth_8506,362
synth_8509,362
synth_8514,362
synth_8524,362
synth_8520,362
synth_8515,362
synth_8505,362
synth_8525,362
synth_8517,362
synth_8522,362
synth_8510,362
synth_8518,362
synth_8513,362
synth_8521,362
synth_8511,362
synth_8512,362
synth_8527,362
synth_8508,362
synth_8523,362
synth_8526,362
synth_8516,362
synth_8534,361
synth_8538,361
synth_8546,361
synth_8536,361
synth_8544,361
synth_8549,361
synth_8531,361
synth_8541,361
synth_8540,361
synth_8548,361
synth_8535,361
synth_8537,361
synth_8529,361
synth_8545,361
synth_8539,361
synth_8533,361
synth_8528,361
synth_8542,361
synth_8547,361
synth_8530,361
synth_8532,361
synth_8550,361
synth_8543,361
synth_8551,360
synth_8553,360
synth_8572,360
synth_8569,360
synth_8560,360
synth_8566,360
synth_8567,360
synth_8574,360
synth_8556,360
synth_8562,360
synth_8565,360
synth_8564,360
synth_8561,360
synth_8563,360
synth_8559,360
synth_8570,360
synth_8558,360
synth_8571,360
synth_8554,360
synth_8552,360
synth_8573,360
synth_8555,360
synth_8557,360
synth_8568,360
synth_8583,359
synth_8590,359
synth_8591,359
synth_8584,359
synth_8594,359
synth_8589,359
synth_8576,359
synth_8596,359
synth_8577,359
synth_8582,359
synth_8579,359
synth_8598,359
synth_8575,359
synth_8581,359
synth_8585,359
synth_8587,359
synth_8580,359
synth_8597,359
synth_8588,359
synth_8578,359
synth_8593,359
synth_8595,359
synth_8586,359
synth_8592,359
synth_8617,358
synth_8606,358
synth_8605,358
synth_8611,358
synth_8616,358
synth_8599,358
synth_8608,358
synth_8610,358
synth_8609,358
synth_8620,358
synth_8614,358
synth_8604,358
synth_8603,358
synth_8621,358
synth_8618,358
synth_8622,358
synth_8600,358
synth_8612,358
synth_8602,358
synth_8601,358
synth_8607,358
synth_8613,358
synth_8619,358
synth_8615,358
synth_8637,357
synth_8642,357
synth_8628,357
synth_8630,357
synth_8645,357
synth_8625,357
synth_8638,357
synth_8626,357
synth_8646,357
synth_8631,357
synth_8639,357
synth_8629,357
synth_8636,357
synth_8624,357
synth_8635,357
synth_8643,357
synth_8627,357
synth_8632,357
synth_8623,357
synth_8633,357
synth_8644,357
synth_8640,357
synth_8634,357
synth_8641,357
synth_8649,356
synth_8662,356
synth_8661,356
synth_8664,356
synth_8648,356
synth_8660,356
synth_8656,356
synth_8655,356
synth_8659,356
synth_8654,356
synth_8663,356
synth_8653,356
synth_8658,356
synth_8657,356
synth_8666,356
synth_8668,356
synth_8665,356
synth_8647,356
synth_8670,356
synth_8650,356
synth_8669,356
synth_8652,356
synth_8667,356
synth_8671,356
synth_8651,356
synth_8676,355
synth_8675,355
synth_8687,355
synth_8680,355
synth_8695,355
synth_8682,355
synth_8692,355
synth_8674,355
synth_8685,355
synth_8684,355
synth_8683,355
synth_8689,355
synth_8691,355
synth_8679,355
synth_8686,355
synth_8681,355
synth_8688,355
synth_8690,355
synth_8673,355
synth_8693,355
synth_8677,355
synth_8694,355
synth_8672,355
synth_8678,355
synth_8705,354
synth_8697,354
synth_8711,354
synth_8704,354
synth_8710,354
synth_8715,354
synth_8700,354
synth_8707,354
synth_8717,354
synth_8716,354
synth_8719,354
synth_8714,354
synth_8699,354
synth_8703,354
synth_8709,354
synth_8718,354
synth_8696,354
synth_8712,354
synth_8706,354
synth_8720,354
synth_8701,354
synth_8702,354
synth_8708,354
synth_8698,354
synth_8713,354
synth_8722,353
synth_8738,353
synth_8727,353
synth_8721,353
synth_8740,353
synth_8736,353
synth_8725,353
synth_8739,353
synth_8734,353
synth_8723,353
synth_8729,353
synth_8737,353
synth_8726,353
synth_8745,353
synth_8732,353
synth_8730,353
synth_8741,353
synth_8733,353
synth_8744,353
synth_8728,353
synth_8742,353
synth_8735,353
synth_8724,353
synth_8743,353
synth_8731,353
synth_8758,352
synth_8746,352
synth_8759,352
synth_8747,352
synth_8763,352
synth_8761,352
synth_8769,352
synth_8755,352
synth_8757,352
synth_8762,352
synth_8764,352
synth_8768,352
synth_8748,352
synth_8756,352
synth_8750,352
synth_8752,352
synth_8765,352
synth_8760,352
synth_8766,352
synth_8751,352
synth_8754,352
synth_8767,352
synth_8753,352
synth_8749,352
synth_8788,351
synth_8790,351
synth_8793,351
synth_8771,351
synth_8780,351
synth_8776,351
synth_8775,351
synth_8783,351
synth_8777,351
synth_8774,351
synth_8784,351
synth_8794,351
synth_8787,351
synth_8778,351
synth_8785,351
synth_8786,351
synth_8773,351
synth_8782,351
synth_8779,351
synth_8770,351
synth_8791,351
synth_8772,351
synth_8781,351
synth_8789,351
synth_8792,351
synth_8803,350
synth_8813,350
synth_8799,350
synth_8805,350
synth_8817,350
synth_8798,350
synth_8807,350
synth_8810,350
synth_8802,350
synth_8808,350
synth_8806,350
synth_8800,350
synth_8814,350
synth_8796,350
synth_8820,350
synth_8795,350
synth_8816,350
synth_8797,350
synth_8812,350
synth_8801,350
synth_8818,350
synth_8811,350
synth_8804,350
synth_8809,350
synth_8815,350
synth_8819,350
synth_8843,349
synth_8838,349
synth_8829,349
synth_8845,349
synth_8840,349
synth_8831,349
synth_8822,349
synth_8836,349
synth_8832,349
synth_8825,349
synth_8837,349
synth_8827,349
synth_8833,349
synth_8844,349
synth_8841,349
synth_8834,349
synth_8826,349
synth_8835,349
synth_8828,349
synth_8821,349
synth_8842,349
synth_8823,349
synth_8830,349
synth_8824,349
synth_8839,349
synth_8857,348
synth_8861,348
synth_8862,348
synth_8854,348
synth_8847,348
synth_8856,348
synth_8849,348
synth_8850,348
synth_8846,348
synth_8868,348
synth_8852,348
synth_8867,348
synth_8848,348
synth_8851,348
synth_8870,348
synth_8859,348
synth_8858,348
synth_8860,348
synth_8865,348
synth_8853,348
synth_8869,348
synth_8866,348
synth_8863,348
synth_8864,348
synth_8855,348
synth_8896,347
synth_8887,347
synth_8878,347
synth_8884,347
synth_8877,347
synth_8876,347
synth_8871,347
synth_8894,347
synth_8893,347
synth_8886,347
synth_8892,347
synth_8895,347
synth_8883,347
synth_8874,347
synth_8890,347
synth_8881,347
synth_8888,347
synth_8882,347
synth_8885,347
synth_8873,347
synth_8879,347
synth_8889,347
synth_8880,347
synth_8872,347
synth_8875,347
synth_8891,347
synth_8907,346
synth_8920,346
synth_8918,346
synth_8900,346
synth_8909,346
synth_8901,346
synth_8898,346
synth_8908,346
synth_8913,346
synth_8915,346
synth_8921,346
synth_8906,346
synth_8916,346
synth_8905,346
synth_8917,346
synth_8897,346
synth_8911,346
synth_8904,346
synth_8899,346
synth_8902,346
synth_8912,346
synth_8922,346
synth_8919,346
synth_8910,346
synth_8903,346
synth_8914,346
synth_8932,345
synth_8939,345
synth_8942,345
synth_8947,345
synth_8931,345
synth_8944,345
synth_8928,345
synth_8945,345
synth_8929,345
synth_8938,345
synth_8926,345
synth_8930,345
synth_8924,345
synth_8943,345
synth_8923,345
synth_8935,345
synth_8936,345
synth_8946,345
synth_8940,345
synth_8941,345
synth_8948,345
synth_8927,345
synth_8933,345
synth_8937,345
synth_8934,345
synth_8925,345
synth_8961,344
synth_8953,344
synth_8958,344
synth_8962,344
synth_8965,344
synth_8967,344
synth_8970,344
synth_8966,344
synth_8964,344
synth_8973,344
synth_8951,344
synth_8954,344
synth_8969,344
synth_8972,344
synth_8959,344
synth_8955,344
synth_8963,344
synth_8968,344
synth_8971,344
synth_8956,344
synth_8949,344
synth_8950,344
synth_8952,344
synth_8974,344
synth_8960,344
synth_8957,344
synth_8976,343
synth_8989,343
synth_8992,343
synth_8977,343
synth_9000,343
synth_8995,343
synth_8983,343
synth_8979,343
synth_8990,343
synth_8999,343
synth_8988,343
synth_8975,343
synth_8996,343
synth_8998,343
synth_8978,343
synth_8981,343
synth_8994,343
synth_8980,343
synth_8985,343
synth_8993,343
synth_8984,343
synth_8997,343
synth_8982,343
synth_8991,343
synth_8986,343
synth_8987,343
synth_9003,342
synth_9006,342
synth_9013,342
synth_9024,342
synth_9012,342
synth_9019,342
synth_9023,342
synth_9020,342
synth_9014,342
synth_9004,342
synth_9001,342
synth_9007,342
synth_9009,342
synth_9005,342
synth_9026,342
synth_9025,342
synth_9002,342
synth_9018,342
synth_9021,342
synth_9008,342
synth_9016,342
synth_9017,342
synth_9015,342
synth_9011,342
synth_9022,342
synth_9010,342
synth_9027,341
synth_9042,341
synth_9049,341
synth_9050,341
synth_9053,341
synth_9028,341
synth_9029,341
synth_9043,341
synth_9032,341
synth_9041,341
synth_9040,341
synth_9039,341
synth_9048,341
synth_9046,341
synth_9034,341
synth_9052,341
synth_9044,341
synth_9051,341
synth_9038,341
synth_9031,341
synth_9030,341
synth_9045,341
synth_9037,341
synth_9036,341
synth_9035,341
synth_9033,341
synth_9047,341
synth_9071,340
synth_9064,340
synth_9058,340
synth_9057,340
synth_9066,340
synth_9076,340
synth_9067,340
synth_9074,340
synth_9061,340
synth_9072,340
synth_9055,340
synth_9073,340
synth_9068,340
synth_9063,340
synth_9060,340
synth_9054,340
synth_9079,340
synth_9062,340
synth_9077,340
synth_9059,340
synth_9075,340
synth_9065,340
synth_9078,340
synth_9056,340
synth_9070,340
synth_9069,340
synth_9091,339
synth_9105,339
synth_9092,339
synth_9106,339
synth_9094,339
synth_9100,339
synth_9083,339
synth_9085,339
synth_9096,339
synth_9101,339
synth_9104,339
synth_9086,339
synth_9082,339
synth_9097,339
synth_9090,339
synth_9102,339
synth_9099,339
synth_9080,339
synth_9098,339
synth_9089,339
synth_9087,339
synth_9103,339
synth_9093,339
synth_9088,339
synth_9084,339
synth_9095,339
synth_9081,339
synth_9121,338
synth_9112,338
synth_9125,338
synth_9131,338
synth_9122,338
synth_9132,338
synth_9128,338
synth_9114,338
synth_9129,338
synth_9116,338
synth_9119,338
synth_9127,338
synth_9109,338
synth_9108,338
synth_9120,338
synth_9117,338
synth_9115,338
synth_9123,338
synth_9107,338
synth_9126,338
synth_9130,338
synth_9124,338
synth_9111,338
synth_9118,338
synth_9113,338
synth_9133,338
synth_9110,338
synth_9156,337
synth_9134,337
synth_9140,337
synth_9152,337
synth_9153,337
synth_9158,337
synth_9144,337
synth_9147,337
synth_9146,337
synth_9138,337
synth_9159,337
synth_9149,337
synth_9142,337
synth_9154,337
synth_9148,337
synth_9136,337
synth_9160,337
synth_9145,337
synth_9151,337
synth_9137,337
synth_9155,337
synth_9135,337
synth_9139,337
synth_9143,337
synth_9157,337
synth_9150,337
synth_9141,337
synth_9173,336
synth_9183,336
synth_9188,336
synth_9169,336
synth_9186,336
synth_9185,336
synth_9162,336
synth_9166,336
synth_9161,336
synth_9187,336
synth_9176,336
synth_9164,336
synth_9180,336
synth_9184,336
synth_9171,336
synth_9168,336
synth_9163,336
synth_9175,336
synth_9165,336
synth_9181,336
synth_9182,336
synth_9178,336
synth_9177,336
synth_9179,336
synth_9170,336
synth_9174,336
synth_9167,336
synth_9172,336
synth_9197,335
synth_9198,335
synth_9190,335
synth_9209,335
synth_9191,335
synth_9211,335
synth_9192,335
synth_9196,335
synth_9200,335
synth_9213,335
synth_9212,335
synth_9206,335
synth_9208,335
synth_9203,335
synth_9214,335
synth_9215,335
synth_9201,335
synth_9189,335
synth_9202,335
synth_9194,335
synth_9195,335
synth_9210,335
synth_9204,335
synth_9199,335
synth_9205,335
synth_9207,335
synth_9193,335
synth_9217,334
synth_9218,334
synth_9235,334
synth_9226,334
synth_9222,334
synth_9224,334
synth_9240,334
synth_9242,334
synth_9230,334
synth_9229,334
synth_9221,334
synth_9233,334
synth_9241,334
synth_9232,334
synth_9236,334
synth_9238,334
synth_9219,334
synth_9237,334
synth_9220,334
synth_9228,334
synth_9243,334
synth_9231,334
synth_9234,334
synth_9239,334
synth_9223,334
synth_9225,334
synth_9227,334
synth_9216,334
synth_9254,333
synth_9259,333
synth_9271,333
synth_9244,333
synth_9245,333
synth_9255,333
synth_9248,333
synth_9258,333
synth_9251,333
synth_9256,333
synth_9267,333
synth_9266,333
synth_9257,333
synth_9249,333
synth_9268,333
synth_9263,333
synth_9269,333
synth_9270,333
synth_9264,333
synth_9247,333
synth_9265,333
synth_9246,333
synth_9252,333
synth_9262,333
synth_9253,333
synth_9261,333
synth_9250,333
synth_9260,333
synth_9285,332
synth_9293,332
synth_9289,332
synth_9297,332
synth_9288,332
synth_9291,332
synth_9275,332
synth_9294,332
synth_9278,332
synth_9277,332
synth_9287,332
synth_9282,332
synth_9273,332
synth_9281,332
synth_9274,332
synth_9290,332
synth_9298,332
synth_9272,332
synth_9286,332
synth_9280,332
synth_9283,332
synth_9284,332
synth_9279,332
synth_9276,332
synth_9295,332
synth_9296,332
synth_9292,332
synth_9308,331
synth_9321,331
synth_9313,331
synth_9325,331
synth_9312,331
synth_9310,331
synth_9315,331
synth_9318,331
synth_9323,331
synth_9314,331
synth_9324,331
synth_9300,331
synth_9309,331
synth_9305,331
synth_9322,331
synth_9327,331
synth_9316,331
synth_9319,331
synth_9302,331
synth_9303,331
synth_9306,331
synth_9311,331
synth_9320,331
synth_9299,331
synth_9304,331
synth_9301,331
synth_9317,331
synth_9307,331
synth_9326,331
synth_9335,330
synth_9330,330
synth_9333,330
synth_9353,330
synth_9354,330
synth_9336,330
synth_9351,330
synth_9337,330
synth_9346,330
synth_9328,330
synth_9350,330
synth_9342,330
synth_9340,330
synth_9343,330
synth_9338,330
synth_9355,330
synth_9331,330
synth_9329,330
synth_9332,330
synth_9345,330
synth_9349,330
synth_9352,330
synth_9334,330
synth_9347,330
synth_9344,330
synth_9341,330
synth_9339,330
synth_9348,330
synth_9370,329
synth_9363,329
synth_9379,329
synth_9380,329
synth_9365,329
synth_9367,329
synth_9362,329
synth_9375,329
synth_9361,329
synth_9377,329
synth_9364,329
synth_9366,329
synth_9368,329
synth_9378,329
synth_9357,329
synth_9356,329
synth_9383,329
synth_9359,329
synth_9381,329
synth_9376,329
synth_9358,329
synth_9382,329
synth_9360,329
synth_9374,329
synth_9372,329
synth_9373,329
synth_9371,329
synth_9369,329
synth_9410,328
synth_9401,328
synth_9390,328
synth_9388,328
synth_9412,328
synth_9409,328
synth_9385,328
synth_9397,328
synth_9392,328
synth_9402,328
synth_9393,328
synth_9386,328
synth_9407,328
synth_9405,328
synth_9399,328
synth_9400,328
synth_9411,328
synth_9391,328
synth_9384,328
synth_9389,328
synth_9394,328
synth_9395,328
synth_9398,328
synth_9406,328
synth_9403,328
synth_9408,328
synth_9387,328
synth_9404,328
synth_9396,328
synth_9420,327
synth_9438,327
synth_9422,327
synth_9432,327
synth_9425,327
synth_9418,327
synth_9413,327
synth_9440,327
synth_9434,327
synth_9433,327
synth_9416,327
synth_9436,327
synth_9431,327
synth_9441,327
synth_9426,327
synth_9414,327
synth_9417,327
synth_9439,327
synth_9435,327
synth_9415,327
synth_9429,327
synth_9428,327
synth_9437,327
synth_9423,327
synth_9424,327
synth_9427,327
synth_9430,327
synth_9419,327
synth_9421,327
synth_9459,326
synth_9464,326
synth_9442,326
synth_9460,326
synth_9461,326
synth_9462,326
synth_9448,326
synth_9452,326
synth_9449,326
synth_9458,326
synth_9451,326
synth_9457,326
synth_9454,326
synth_9443,326
synth_9463,326
synth_9447,326
synth_9445,326
synth_9469,326
synth_9470,326
synth_9466,326
synth_9446,326
synth_9465,326
synth_9467,326
synth_9444,326
synth_9450,326
synth_9456,326
synth_9468,326
synth_9453,326
synth_9455,326
synth_9484,325
synth_9487,325
synth_9489,325
synth_9495,325
synth_9473,325
synth_9491,325
synth_9499,325
synth_9471,325
synth_9476,325
synth_9477,325
synth_9497,325
synth_9483,325
synth_9486,325
synth_9494,325
synth_9482,325
synth_9481,325
synth_9478,325
synth_9474,325
synth_9479,325
synth_9493,325
synth_9488,325
synth_9492,325
synth_9480,325
synth_9490,325
synth_9475,325
synth_9496,325
synth_9485,325
synth_9472,325
synth_9498,325
synth_9502,324
synth_9524,324
synth_9518,324
synth_9514,324
synth_9505,324
synth_9515,324
synth_9501,324
synth_9511,324
synth_9528,324
synth_9519,324
synth_9516,324
synth_9513,324
synth_9507,324
synth_9504,324
synth_9510,324
synth_9508,324
synth_9506,324
synth_9525,324
synth_9509,324
synth_9517,324
synth_9500,324
synth_9503,324
synth_9521,324
synth_9526,324
synth_9512,324
synth_9523,324
synth_9527,324
synth_9522,324
synth_9520,324
synth_9553,323
synth_9542,323
synth_9552,323
synth_9532,323
synth_9531,323
synth_9540,323
synth_9557,323
synth_9543,323
synth_9549,323
synth_9544,323
synth_9558,323
synth_9535,323
synth_9545,323
synth_9548,323
synth_9554,323
synth_9550,323
synth_9546,323
synth_9530,323
synth_9539,323
synth_9529,323
synth_9533,323
synth_9534,323
synth_9536,323
synth_9547,323
synth_9537,323
synth_9538,323
synth_9551,323
synth_9556,323
synth_9555,323
synth_9541,323
synth_9587,322
synth_9584,322
synth_9566,322
synth_9569,322
synth_9578,322
synth_9576,322
synth_9586,322
synth_9564,322
synth_9568,322
synth_9572,322
synth_9561,322
synth_9588,322
synth_9560,322
synth_9563,322
synth_9579,322
synth_9573,322
synth_9562,322
synth_9580,322
synth_9565,322
synth_9574,322
synth_9570,322
synth_9559,322
synth_9585,322
synth_9577,322
synth_9581,322
synth_9582,322
synth_9567,322
synth_9575,322
synth_9583,322
synth_9571,322
synth_9600,321
synth_9606,321
synth_9611,321
synth_9612,321
synth_9617,321
synth_9601,321
synth_9604,321
synth_9589,321
synth_9597,321
synth_9590,321
synth_9607,321
synth_9608,321
synth_9609,321
synth_9595,321
synth_9616,321
synth_9610,321
synth_9594,321
synth_9618,321
synth_9613,321
synth_9602,321
synth_9591,321
synth_9614,321
synth_9596,321
synth_9598,321
synth_9605,321
synth_9615,321
synth_9593,321
synth_9603,321
synth_9599,321
synth_9592,321
synth_9646,320
synth_9627,320
synth_9629,320
synth_9631,320
synth_9634,320
synth_9635,320
synth_9623,320
synth_9643,320
synth_9626,320
synth_9648,320
synth_9624,320
synth_9621,320
synth_9642,320
synth_9625,320
synth_9638,320
synth_9637,320
synth_9620,320
synth_9632,320
synth_9633,320
synth_9619,320
synth_9628,320
synth_9644,320
synth_9622,320
synth_9647,320
synth_9645,320
synth_9636,320
synth_9639,320
synth_9640,320
synth_9641,320
synth_9630,320
synth_9652,319
synth_9656,319
synth_9663,319
synth_9668,319
synth_9657,319
synth_9660,319
synth_9654,319
synth_9662,319
synth_9674,319
synth_9675,319
synth_9669,319
synth_9672,319
synth_9650,319
synth_9661,319
synth_9664,319
synth_9673,319
synth_9658,319
synth_9671,319
synth_9653,319
synth_9666,319
synth_9651,319
synth_9667,319
synth_9670,319
synth_9665,319
synth_9677,319
synth_9649,319
synth_9676,319
synth_9655,319
synth_9659,319
synth_9678,319
synth_9680,318
synth_9688,318
synth_9683,318
synth_9692,318
synth_9682,318
synth_9706,318
synth_9684,318
synth_9686,318
synth_9687,318
synth_9700,318
synth_9708,318
synth_9694,318
synth_9690,318
synth_9698,318
synth_9703,318
synth_9701,318
synth_9693,318
synth_9699,318
synth_9704,318
synth_9705,318
synth_9697,318
synth_9695,318
synth_9679,318
synth_9689,318
synth_9702,318
synth_9681,318
synth_9696,318
synth_9685,318
synth_9709,318
synth_9707,318
synth_9691,318
synth_9718,317
synth_9724,317
synth_9729,317
synth_9710,317
synth_9733,317
synth_9723,317
synth_9735,317
synth_9715,317
synth_9730,317
synth_9737,317
synth_9713,317
synth_9739,317
synth_9736,317
synth_9726,317
synth_9711,317
synth_9712,317
synth_9732,317
synth_9717,317
synth_9714,317
synth_9719,317
synth_9738,317
synth_9716,317
synth_9721,317
synth_9734,317
synth_9731,317
synth_9725,317
synth_9727,317
synth_9720,317
synth_9722,317
synth_9728,317
synth_9754,316
synth_9745,316
synth_9757,316
synth_9759,316
synth_9751,316
synth_9744,316
synth_9743,316
synth_9747,316
synth_9766,316
synth_9765,316
synth_9750,316
synth_9746,316
synth_9755,316
synth_9770,316
synth_9742,316
synth_9767,316
synth_9758,316
synth_9752,316
synth_9763,316
synth_9753,316
synth_9762,316
synth_9760,316
synth_9768,316
synth_9756,316
synth_9741,316
synth_9749,316
synth_9761,316
synth_9740,316
synth_9748,316
synth_9764,316
synth_9769,316
synth_9788,315
synth_9794,315
synth_9800,315
synth_9790,315
synth_9778,315
synth_9799,315
synth_9785,315
synth_9795,315
synth_9783,315
synth_9797,315
synth_9791,315
synth_9793,315
synth_9773,315
synth_9798,315
synth_9796,315
synth_9786,315
synth_9787,315
synth_9784,315
synth_9774,315
synth_9789,315
synth_9801,315
synth_9772,315
synth_9777,315
synth_9782,315
synth_9792,315
synth_9779,315
synth_9775,315
synth_9776,315
synth_9780,315
synth_9771,315
synth_9781,315
synth_9827,314
synth_9816,314
synth_9829,314
synth_9812,314
synth_9804,314
synth_9809,314
synth_9830,314
synth_9821,314
synth_9832,314
synth_9819,314
synth_9820,314
synth_9811,314
synth_9822,314
synth_9803,314
synth_9824,314
synth_9802,314
synth_9825,314
synth_9818,314
synth_9817,314
synth_9823,314
synth_9805,314
synth_9807,314
synth_9814,314
synth_9826,314
synth_9806,314
synth_9808,314
synth_9815,314
synth_9828,314
synth_9810,314
synth_9813,314
synth_9831,314
synth_9841,313
synth_9863,313
synth_9851,313
synth_9862,313
synth_9849,313
synth_9848,313
synth_9835,313
synth_9856,313
synth_9845,313
synth_9843,313
synth_9840,313
synth_9837,313
synth_9859,313
synth_9857,313
synth_9864,313
synth_9847,313
synth_9860,313
synth_9844,313
synth_9842,313
synth_9846,313
synth_9834,313
synth_9858,313
synth_9853,313
synth_9839,313
synth_9838,313
synth_9850,313
synth_9833,313
synth_9861,313
synth_9852,313
synth_9855,313
synth_9836,313
synth_9854,313
synth_9882,312
synth_9871,312
synth_9889,312
synth_9890,312
synth_9868,312
synth_9870,312
synth_9886,312
synth_9875,312
synth_9865,312
synth_9872,312
synth_9878,312
synth_9877,312
synth_9892,312
synth_9884,312
synth_9887,312
synth_9866,312
synth_9896,312
synth_9883,312
synth_9880,312
synth_9876,312
synth_9874,312
synth_9893,312
synth_9867,312
synth_9894,312
synth_9891,312
synth_9879,312
synth_9895,312
synth_9888,312
synth_9873,312
synth_9885,312
synth_9869,312
synth_9881,312
synth_9908,311
synth_9926,311
synth_9910,311
synth_9914,311
synth_9916,311
synth_9917,311
synth_9904,311
synth_9919,311
synth_9920,311
synth_9906,311
synth_9907,311
synth_9898,311
synth_9925,311
synth_9915,311
synth_9923,311
synth_9897,311
synth_9903,311
synth_9905,311
synth_9901,311
synth_9902,311
synth_9927,311
synth_9912,311
synth_9911,311
synth_9900,311
synth_9899,311
synth_9921,311
synth_9924,311
synth_9922,311
synth_9909,311
synth_9913,311
synth_9918,311
synth_9958,310
synth_9950,310
synth_9939,310
synth_9957,310
synth_9946,310
synth_9944,310
synth_9953,310
synth_9929,310
synth_9938,310
synth_9936,310
synth_9930,310
synth_9948,310
synth_9928,310
synth_9931,310
synth_9941,310
synth_9954,310
synth_9933,310
synth_9945,310
synth_9949,310
synth_9947,310
synth_9952,310
synth_9955,310
synth_9943,310
synth_9942,310
synth_9937,310
synth_9951,310
synth_9956,310
synth_9934,310
synth_9932,310
synth_9959,310
synth_9940,310
synth_9935,310
synth_9985,309
synth_9989,309
synth_9972,309
synth_9981,309
synth_9980,309
synth_9982,309
synth_9961,309
synth_9977,309
synth_9988,309
synth_9986,309
synth_9974,309
synth_9963,309
synth_9967,309
synth_9970,309
synth_9984,309
synth_9966,309
synth_9962,309
synth_9979,309
synth_9964,309
synth_9976,309
synth_9987,309
synth_9992,309
synth_9975,309
synth_9991,309
synth_9969,309
synth_9973,309
synth_9978,309
synth_9990,309
synth_9960,309
synth_9965,309
synth_9971,309
synth_9983,309
synth_9968,309
synth_9994,308
synth_10016,308
synth_10022,308
synth_10013,308
synth_10023,308
synth_10006,308
synth_10003,308
synth_9998,308
synth_10004,308
synth_10021,308
synth_10009,308
synth_10001,308
synth_10002,308
synth_10011,308
synth_9996,308
synth_10007,308
synth_10015,308
synth_10010,308
synth_10005,308
synth_10017,308
synth_10000,308
synth_10008,308
synth_9993,308
synth_9995,308
synth_9997,308
synth_10012,308
synth_10014,308
synth_10020,308
synth_9999,308
synth_10018,308
synth_10024,308
synth_10019,308
synth_10033,307
synth_10036,307
synth_10028,307
synth_10047,307
synth_10027,307
synth_10041,307
synth_10050,307
synth_10057,307
synth_10038,307
synth_10043,307
synth_10055,307
synth_10046,307
synth_10042,307
synth_10056,307
synth_10054,307
synth_10051,307
synth_10031,307
synth_10035,307
synth_10049,307
synth_10039,307
synth_10045,307
synth_10037,307
synth_10048,307
synth_10029,307
synth_10044,307
synth_10034,307
synth_10052,307
synth_10053,307
synth_10026,307
synth_10030,307
synth_10032,307
synth_10025,307
synth_10040,307
synth_10079,306
synth_10070,306
synth_10059,306
synth_10066,306
synth_10077,306
synth_10089,306
synth_10062,306
synth_10084,306
synth_10087,306
synth_10060,306
synth_10072,306
synth_10088,306
synth_10081,306
synth_10086,306
synth_10061,306
synth_10080,306
synth_10073,306
synth_10082,306
synth_10067,306
synth_10063,306
synth_10083,306
synth_10085,306
synth_10064,306
synth_10069,306
synth_10071,306
synth_10075,306
synth_10074,306
synth_10076,306
synth_10090,306
synth_10068,306
synth_10065,306
synth_10078,306
synth_10058,306
synth_10115,305
synth_10118,305
synth_10093,305
synth_10105,305
synth_10117,305
synth_10113,305
synth_10114,305
synth_10102,305
synth_10096,305
synth_10119,305
synth_10120,305
synth_10092,305
synth_10101,305
synth_10112,305
synth_10097,305
synth_10116,305
synth_10122,305
synth_10094,305
synth_10103,305
synth_10104,305
synth_10107,305
synth_10100,305
synth_10121,305
synth_10110,305
synth_10095,305
synth_10106,305
synth_10109,305
synth_10099,305
synth_10098,305
synth_10108,305
synth_10091,305
synth_10111,305
synth_10123,305
synth_10140,304
synth_10145,304
synth_10146,304
synth_10150,304
synth_10125,304
synth_10132,304
synth_10128,304
synth_10155,304
synth_10135,304
synth_10137,304
synth_10142,304
synth_10147,304
synth_10143,304
synth_10144,304
synth_10148,304
synth_10139,304
synth_10133,304
synth_10131,304
synth_10154,304
synth_10124,304
synth_10156,304
synth_10153,304
synth_10141,304
synth_10149,304
synth_10134,304
synth_10127,304
synth_10126,304
synth_10130,304
synth_10151,304
synth_10129,304
synth_10138,304
synth_10136,304
synth_10152,304
synth_10163,303
synth_10172,303
synth_10170,303
synth_10181,303
synth_10159,303
synth_10178,303
synth_10171,303
synth_10173,303
synth_10184,303
synth_10176,303
synth_10180,303
synth_10175,303
synth_10189,303
synth_10190,303
synth_10166,303
synth_10185,303
synth_10157,303
synth_10188,303
synth_10160,303
synth_10167,303
synth_10158,303
synth_10186,303
synth_10183,303
synth_10174,303
synth_10165,303
synth_10182,303
synth_10187,303
synth_10169,303
synth_10161,303
synth_10168,303
synth_10179,303
synth_10162,303
synth_10164,303
synth_10177,303
synth_10198,302
synth_10217,302
synth_10203,302
synth_10208,302
synth_10197,302
synth_10211,302
synth_10214,302
synth_10223,302
synth_10195,302
synth_10201,302
synth_10209,302
synth_10191,302
synth_10204,302
synth_10210,302
synth_10212,302
synth_10221,302
synth_10222,302
synth_10193,302
synth_10215,302
synth_10196,302
synth_10194,302
synth_10207,302
synth_10206,302
synth_10216,302
synth_10213,302
synth_10218,302
synth_10220,302
synth_10224,302
synth_10192,302
synth_10219,302
synth_10205,302
synth_10200,302
synth_10199,302
synth_10202,302
synth_10229,301
synth_10232,301
synth_10236,301
synth_10255,301
synth_10228,301
synth_10230,301
synth_10246,301
synth_10257,301
synth_10242,301
synth_10240,301
synth_10225,301
synth_10252,301
synth_10249,301
synth_10253,301
synth_10231,301
synth_10241,301
synth_10234,301
synth_10258,301
synth_10245,301
synth_10256,301
synth_10247,301
synth_10239,301
synth_10243,301
synth_10244,301
synth_10227,301
synth_10233,301
synth_10237,301
synth_10248,301
synth_10251,301
synth_10226,301
synth_10250,301
synth_10235,301
synth_10254,301
synth_10238,301
synth_10281,300
synth_10268,300
synth_10261,300
synth_10269,300
synth_10279,300
synth_10278,300
synth_10263,300
synth_10270,300
synth_10272,300
synth_10276,300
synth_10277,300
synth_10289,300
synth_10273,300
synth_10282,300
synth_10267,300
synth_10287,300
synth_10284,300
synth_10264,300
synth_10286,300
synth_10265,300
synth_10275,300
synth_10290,300
synth_10274,300
synth_10288,300
synth_10262,300
synth_10283,300
synth_10280,300
synth_10292,300
synth_10285,300
synth_10291,300
synth_10266,300
synth_10259,300
synth_10271,300
synth_10260,300
synth_10309,299
synth_10301,299
synth_10305,299
synth_10304,299
synth_10296,299
synth_10314,299
synth_10307,299
synth_10318,299
synth_10306,299
synth_10297,299
synth_10298,299
synth_10324,299
synth_10320,299
synth_10312,299
synth_10295,299
synth_10325,299
synth_10310,299
synth_10303,299
synth_10311,299
synth_10319,299
synth_10326,299
synth_10300,299
synth_10294,299
synth_10321,299
synth_10293,299
synth_10313,299
synth_10323,299
synth_10302,299
synth_10327,299
synth_10322,299
synth_10299,299
synth_10308,299
synth_10317,299
synth_10315,299
synth_10316,299
synth_10345,298
synth_10361,298
synth_10355,298
synth_10346,298
synth_10332,298
synth_10356,298
synth_10343,298
synth_10358,298
synth_10348,298
synth_10359,298
synth_10353,298
synth_10338,298
synth_10360,298
synth_10334,298
synth_10357,298
synth_10351,298
synth_10342,298
synth_10352,298
synth_10339,298
synth_10328,298
synth_10335,298
synth_10354,298
synth_10344,298
synth_10337,298
synth_10330,298
synth_10349,298
synth_10340,298
synth_10350,298
synth_10329,298
synth_10347,298
synth_10333,298
synth_10331,298
synth_10341,298
synth_10336,298
synth_10392,297
synth_10384,297
synth_10365,297
synth_10366,297
synth_10379,297
synth_10382,297
synth_10390,297
synth_10370,297
synth_10375,297
synth_10373,297
synth_10369,297
synth_10378,297
synth_10394,297
synth_10377,297
synth_10387,297
synth_10368,297
synth_10380,297
synth_10381,297
synth_10374,297
synth_10395,297
synth_10393,297
synth_10389,297
synth_10383,297
synth_10363,297
synth_10391,297
synth_10385,297
synth_10376,297
synth_10388,297
synth_10396,297
synth_10371,297
synth_10362,297
synth_10367,297
synth_10386,297
synth_10372,297
synth_10364,297
synth_10410,296
synth_10412,296
synth_10400,296
synth_10414,296
synth_10431,296
synth_10427,296
synth_10402,296
synth_10415,296
synth_10411,296
synth_10423,296
synth_10424,296
synth_10404,296
synth_10405,296
synth_10409,296
synth_10420,296
synth_10406,296
synth_10422,296
synth_10421,296
synth_10397,296
synth_10430,296
synth_10418,296
synth_10408,296
synth_10401,296
synth_10403,296
synth_10417,296
synth_10413,296
synth_10419,296
synth_10407,296
synth_10425,296
synth_10428,296
synth_10399,296
synth_10429,296
synth_10398,296
synth_10416,296
synth_10426,296
synth_10452,295
synth_10451,295
synth_10447,295
synth_10433,295
synth_10459,295
synth_10437,295
synth_10466,295
synth_10440,295
synth_10448,295
synth_10465,295
synth_10458,295
synth_10457,295
synth_10460,295
synth_10450,295
synth_10456,295
synth_10449,295
synth_10432,295
synth_10461,295
synth_10441,295
synth_10438,295
synth_10446,295
synth_10445,295
synth_10444,295
synth_10435,295
synth_10467,295
synth_10443,295
synth_10453,295
synth_10462,295
synth_10442,295
synth_10436,295
synth_10464,295
synth_10454,295
synth_10439,295
synth_10455,295
synth_10463,295
synth_10434,295
synth_10478,294
synth_10488,294
synth_10493,294
synth_10500,294
synth_10501,294
synth_10492,294
synth_10471,294
synth_10481,294
synth_10473,294
synth_10491,294
synth_10494,294
synth_10487,294
synth_10474,294
synth_10482,294
synth_10495,294
synth_10475,294
synth_10497,294
synth_10484,294
synth_10485,294
synth_10496,294
synth_10499,294
synth_10480,294
synth_10469,294
synth_10470,294
synth_10468,294
synth_10489,294
synth_10502,294
synth_10479,294
synth_10498,294
synth_10490,294
synth_10483,294
synth_10477,294
synth_10486,294
synth_10472,294
synth_10476,294
synth_10508,293
synth_10514,293
synth_10510,293
synth_10525,293
synth_10520,293
synth_10522,293
synth_10529,293
synth_10537,293
synth_10535,293
synth_10517,293
synth_10527,293
synth_10532,293
synth_10530,293
synth_10524,293
synth_10504,293
synth_10534,293
synth_10536,293
synth_10513,293
synth_10526,293
synth_10533,293
synth_10505,293
synth_10507,293
synth_10521,293
synth_10538,293
synth_10512,293
synth_10511,293
synth_10531,293
synth_10516,293
synth_10515,293
synth_10506,293
synth_10528,293
synth_10519,293
synth_10503,293
synth_10509,293
synth_10518,293
synth_10523,293
synth_10560,292
synth_10572,292
synth_10552,292
synth_10556,292
synth_10546,292
synth_10541,292
synth_10542,292
synth_10553,292
synth_10554,292
synth_10545,292
synth_10547,292
synth_10562,292
synth_10568,292
synth_10539,292
synth_10550,292
synth_10549,292
synth_10567,292
synth_10551,292
synth_10557,292
synth_10565,292
synth_10559,292
synth_10543,292
synth_10540,292
synth_10561,292
synth_10569,292
synth_10544,292
synth_10574,292
synth_10570,292
synth_10558,292
synth_10573,292
synth_10571,292
synth_10548,292
synth_10563,292
synth_10575,292
synth_10566,292
synth_10564,292
synth_10555,292
synth_10610,291
synth_10589,291
synth_10587,291
synth_10596,291
synth_10588,291
synth_10591,291
synth_10584,291
synth_10590,291
synth_10577,291
synth_10600,291
synth_10585,291
synth_10605,291
synth_10598,291
synth_10583,291
synth_10604,291
synth_10586,291
synth_10601,291
synth_10608,291
synth_10576,291
synth_10606,291
synth_10595,291
synth_10597,291
synth_10602,291
synth_10578,291
synth_10594,291
synth_10611,291
synth_10579,291
synth_10592,291
synth_10599,291
synth_10593,291
synth_10580,291
synth_10581,291
synth_10582,291
synth_10607,291
synth_10603,291
synth_10609,291
synth_10624,290
synth_10621,290
synth_10645,290
synth_10619,290
synth_10640,290
synth_10631,290
synth_10646,290
synth_10634,290
synth_10615,290
synth_10625,290
synth_10642,290
synth_10613,290
synth_10638,290
synth_10620,290
synth_10648,290
synth_10617,290
synth_10643,290
synth_10632,290
synth_10644,290
synth_10628,290
synth_10627,290
synth_10623,290
synth_10626,290
synth_10612,290
synth_10616,290
synth_10633,290
synth_10636,290
synth_10614,290
synth_10637,290
synth_10618,290
synth_10630,290
synth_10647,290
synth_10641,290
synth_10622,290
synth_10639,290
synth_10635,290
synth_10629,290
synth_10673,289
synth_10677,289
synth_10660,289
synth_10666,289
synth_10665,289
synth_10652,289
synth_10679,289
synth_10683,289
synth_10670,289
synth_10662,289
synth_10682,289
synth_10672,289
synth_10650,289
synth_10675,289
synth_10658,289
synth_10681,289
synth_10676,289
synth_10657,289
synth_10671,289
synth_10680,289
synth_10653,289
synth_10668,289
synth_10684,289
synth_10651,289
synth_10659,289
synth_10656,289
synth_10664,289
synth_10655,289
synth_10654,289
synth_10678,289
synth_10649,289
synth_10661,289
synth_10667,289
synth_10674,289
synth_10669,289
synth_10663,289
synth_10699,288
synth_10693,288
synth_10710,288
synth_10703,288
synth_10700,288
synth_10706,288
synth_10720,288
synth_10702,288
synth_10711,288
synth_10690,288
synth_10696,288
synth_10721,288
synth_10686,288
synth_10692,288
synth_10695,288
synth_10714,288
synth_10712,288
synth_10716,288
synth_10687,288
synth_10708,288
synth_10713,288
synth_10719,288
synth_10707,288
synth_10697,288
synth_10688,288
synth_10698,288
synth_10722,288
synth_10689,288
synth_10685,288
synth_10709,288
synth_10691,288
synth_10704,288
synth_10701,288
synth_10715,288
synth_10718,288
synth_10705,288
synth_10717,288
synth_10694,288
synth_10754,287
synth_10753,287
synth_10748,287
synth_10759,287
synth_10736,287
synth_10731,287
synth_10730,287
synth_10733,287
synth_10743,287
synth_10728,287
synth_10741,287
synth_10732,287
synth_10725,287
synth_10750,287
synth_10746,287
synth_10737,287
synth_10758,287
synth_10755,287
synth_10744,287
synth_10735,287
synth_10757,287
synth_10747,287
synth_10739,287
synth_10742,287
synth_10740,287
synth_10734,287
synth_10756,287
synth_10727,287
synth_10745,287
synth_10726,287
synth_10738,287
synth_10751,287
synth_10752,287
synth_10723,287
synth_10724,287
synth_10729,287
synth_10749,287
synth_10774,286
synth_10771,286
synth_10786,286
synth_10792,286
synth_10793,286
synth_10780,286
synth_10767,286
synth_10791,286
synth_10797,286
synth_10772,286
synth_10766,286
synth_10765,286
synth_10769,286
synth_10776,286
synth_10763,286
synth_10778,286
synth_10783,286
synth_10770,286
synth_10781,286
synth_10782,286
synth_10789,286
synth_10773,286
synth_10768,286
synth_10777,286
synth_10775,286
synth_10762,286
synth_10761,286
synth_10784,286
synth_10788,286
synth_10785,286
synth_10794,286
synth_10779,286
synth_10764,286
synth_10790,286
synth_10795,286
synth_10787,286
synth_10796,286
synth_10760,286
synth_10804,285
synth_10800,285
synth_10831,285
synth_10828,285
synth_10834,285
synth_10811,285
synth_10824,285
synth_10806,285
synth_10829,285
synth_10816,285
synth_10807,285
synth_10810,285
synth_10799,285
synth_10822,285
synth_10798,285
synth_10808,285
synth_10826,285
synth_10813,285
synth_10821,285
synth_10830,285
synth_10802,285
synth_10814,285
synth_10819,285
synth_10803,285
synth_10818,285
synth_10809,285
synth_10833,285
synth_10815,285
synth_10820,285
synth_10823,285
synth_10827,285
synth_10835,285
synth_10825,285
synth_10805,285
synth_10817,285
synth_10801,285
synth_10832,285
synth_10812,285
synth_10872,284
synth_10856,284
synth_10865,284
synth_10838,284
synth_10870,284
synth_10844,284
synth_10842,284
synth_10836,284
synth_10864,284
synth_10843,284
synth_10869,284
synth_10849,284
synth_10850,284
synth_10841,284
synth_10852,284
synth_10860,284
synth_10845,284
synth_10858,284
synth_10873,284
synth_10853,284
synth_10867,284
synth_10837,284
synth_10847,284
synth_10871,284
synth_10863,284
synth_10859,284
synth_10866,284
synth_10848,284
synth_10839,284
synth_10868,284
synth_10857,284
synth_10846,284
synth_10862,284
synth_10854,284
synth_10840,284
synth_10861,284
synth_10855,284
synth_10851,284
synth_10881,283
synth_10905,283
synth_10908,283
synth_10898,283
synth_10896,283
synth_10909,283
synth_10890,283
synth_10876,283
synth_10891,283
synth_10901,283
synth_10879,283
synth_10883,283
synth_10899,283
synth_10906,283
synth_10903,283
synth_10911,283
synth_10885,283
synth_10892,283
synth_10878,283
synth_10880,283
synth_10886,283
synth_10910,283
synth_10884,283
synth_10888,283
synth_10882,283
synth_10875,283
synth_10902,283
synth_10894,283
synth_10874,283
synth_10887,283
synth_10877,283
synth_10900,283
synth_10907,283
synth_10897,283
synth_10889,283
synth_10904,283
synth_10895,283
synth_10893,283
synth_10914,282
synth_10935,282
synth_10927,282
synth_10946,282
synth_10915,282
synth_10928,282
synth_10916,282
synth_10923,282
synth_10922,282
synth_10924,282
synth_10912,282
synth_10943,282
synth_10926,282
synth_10925,282
synth_10944,282
synth_10950,282
synth_10947,282
synth_10921,282
synth_10936,282
synth_10931,282
synth_10918,282
synth_10930,282
synth_10932,282
synth_10919,282
synth_10937,282
synth_10934,282
synth_10945,282
synth_10920,282
synth_10938,282
synth_10948,282
synth_10939,282
synth_10929,282
synth_10917,282
synth_10913,282
synth_10942,282
synth_10940,282
synth_10949,282
synth_10941,282
synth_10933,282
synth_10959,281
synth_10985,281
synth_10989,281
synth_10955,281
synth_10951,281
synth_10967,281
synth_10953,281
synth_10979,281
synth_10987,281
synth_10986,281
synth_10977,281
synth_10971,281
synth_10978,281
synth_10962,281
synth_10981,281
synth_10983,281
synth_10975,281
synth_10984,281
synth_10961,281
synth_10963,281
synth_10972,281
synth_10957,281
synth_10976,281
synth_10964,281
synth_10965,281
synth_10970,281
synth_10980,281
synth_10956,281
synth_10968,281
synth_10969,281
synth_10966,281
synth_10960,281
synth_10958,281
synth_10988,281
synth_10952,281
synth_10954,281
synth_10974,281
synth_10973,281
synth_10982,281
synth_11005,280
synth_11025,280
synth_11017,280
synth_10997,280
synth_10996,280
synth_10994,280
synth_11012,280
synth_11010,280
synth_11022,280
synth_11007,280
synth_11026,280
synth_10991,280
synth_10990,280
synth_11015,280
synth_11014,280
synth_11003,280
synth_11002,280
synth_10992,280
synth_11009,280
synth_11008,280
synth_11001,280
synth_11018,280
synth_11029,280
synth_10999,280
synth_11019,280
synth_11021,280
synth_10993,280
synth_11006,280
synth_11004,280
synth_11000,280
synth_11024,280
synth_10998,280
synth_11020,280
synth_11011,280
synth_11013,280
synth_11016,280
synth_11028,280
synth_11023,280
synth_10995,280
synth_11027,280
synth_11043,279
synth_11047,279
synth_11060,279
synth_11067,279
synth_11056,279
synth_11052,279
synth_11054,279
synth_11058,279
synth_11030,279
synth_11042,279
synth_11055,279
synth_11057,279
synth_11048,279
synth_11031,279
synth_11038,279
synth_11065,279
synth_11066,279
synth_11039,279
synth_11040,279
synth_11053,279
synth_11033,279
synth_11036,279
synth_11061,279
synth_11059,279
synth_11062,279
synth_11044,279
synth_11045,279
synth_11041,279
synth_11035,279
synth_11050,279
synth_11051,279
synth_11032,279
synth_11037,279
synth_11034,279
synth_11049,279
synth_11046,279
synth_11068,279
synth_11063,279
synth_11064,279
synth_11082,278
synth_11085,278
synth_11099,278
synth_11103,278
synth_11083,278
synth_11101,278
synth_11087,278
synth_11092,278
synth_11108,278
synth_11074,278
synth_11069,278
synth_11106,278
synth_11088,278
synth_11095,278
synth_11089,278
synth_11104,278
synth_11093,278
synth_11097,278
synth_11077,278
synth_11090,278
synth_11098,278
synth_11075,278
synth_11100,278
synth_11081,278
synth_11094,278
synth_11086,278
synth_11080,278
synth_11078,278
synth_11072,278
synth_11091,278
synth_11102,278
synth_11096,278
synth_11079,278
synth_11076,278
synth_11105,278
synth_11070,278
synth_11071,278
synth_11073,278
synth_11107,278
synth_11084,278
synth_11120,277
synth_11145,277
synth_11128,277
synth_11113,277
synth_11132,277
synth_11117,277
synth_11118,277
synth_11112,277
synth_11126,277
synth_11146,277
synth_11143,277
synth_11111,277
synth_11141,277
synth_11124,277
synth_11115,277
synth_11142,277
synth_11129,277
synth_11140,277
synth_11134,277
synth_11136,277
synth_11137,277
synth_11119,277
synth_11116,277
synth_11130,277
synth_11127,277
synth_11122,277
synth_11109,277
synth_11110,277
synth_11114,277
synth_11148,277
synth_11123,277
synth_11121,277
synth_11133,277
synth_11139,277
synth_11147,277
synth_11138,277
synth_11144,277
synth_11135,277
synth_11131,277
synth_11125,277
synth_11162,276
synth_11177,276
synth_11179,276
synth_11187,276
synth_11170,276
synth_11149,276
synth_11151,276
synth_11189,276
synth_11158,276
synth_11176,276
synth_11159,276
synth_11160,276
synth_11172,276
synth_11152,276
synth_11163,276
synth_11166,276
synth_11178,276
synth_11161,276
synth_11182,276
synth_11157,276
synth_11174,276
synth_11167,276
synth_11169,276
synth_11168,276
synth_11186,276
synth_11175,276
synth_11188,276
synth_11183,276
synth_11153,276
synth_11171,276
synth_11181,276
synth_11185,276
synth_11150,276
synth_11184,276
synth_11173,276
synth_11180,276
synth_11165,276
synth_11164,276
synth_11156,276
synth_11154,276
synth_11155,276
synth_11197,275
synth_11226,275
synth_11191,275
synth_11193,275
synth_11194,275
synth_11229,275
synth_11202,275
synth_11211,275
synth_11208,275
synth_11218,275
synth_11228,275
synth_11200,275
synth_11213,275
synth_11217,275
synth_11195,275
synth_11223,275
synth_11198,275
synth_11190,275
synth_11209,275
synth_11212,275
synth_11227,275
synth_11220,275
synth_11205,275
synth_11203,275
synth_11214,275
synth_11206,275
synth_11196,275
synth_11221,275
synth_11225,275
synth_11192,275
synth_11199,275
synth_11207,275
synth_11201,275
synth_11215,275
synth_11210,275
synth_11216,275
synth_11204,275
synth_11222,275
synth_11224,275
synth_11219,275
synth_11261,274
synth_11236,274
synth_11265,274
synth_11235,274
synth_11249,274
synth_11242,274
synth_11237,274
synth_11253,274
synth_11260,274
synth_11240,274
synth_11252,274
synth_11230,274
synth_11266,274
synth_11256,274
synth_11241,274
synth_11270,274
synth_11244,274
synth_11262,274
synth_11269,274
synth_11254,274
synth_11268,274
synth_11264,274
synth_11233,274
synth_11257,274
synth_11251,274
synth_11263,274
synth_11238,274
synth_11259,274
synth_11246,274
synth_11232,274
synth_11258,274
synth_11239,274
synth_11267,274
synth_11231,274
synth_11248,274
synth_11245,274
synth_11250,274
synth_11255,274
synth_11243,274
synth_11247,274
synth_11234,274
synth_11272,273
synth_11275,273
synth_11287,273
synth_11276,273
synth_11302,273
synth_11283,273
synth_11308,273
synth_11289,273
synth_11300,273
synth_11310,273
synth_11278,273
synth_11307,273
synth_11273,273
synth_11312,273
synth_11274,273
synth_11311,273
synth_11279,273
synth_11294,273
synth_11286,273
synth_11301,273
synth_11296,273
synth_11304,273
synth_11293,273
synth_11285,273
synth_11292,273
synth_11281,273
synth_11288,273
synth_11271,273
synth_11297,273
synth_11305,273
synth_11303,273
synth_11309,273
synth_11306,273
synth_11290,273
synth_11295,273
synth_11299,273
synth_11280,273
synth_11282,273
synth_11291,273
synth_11298,273
synth_11277,273
synth_11284,273
synth_11352,272
synth_11342,272
synth_11349,272
synth_11351,272
synth_11350,272
synth_11354,272
synth_11339,272
synth_11346,272
synth_11340,272
synth_11321,272
synth_11335,272
synth_11327,272
synth_11333,272
synth_11331,272
synth_11337,272
synth_11353,272
synth_11313,272
synth_11324,272
synth_11326,272
synth_11338,272
synth_11320,272
synth_11345,272
synth_11319,272
synth_11334,272
synth_11344,272
synth_11316,272
synth_11318,272
synth_11330,272
synth_11325,272
synth_11347,272
synth_11317,272
synth_11343,272
synth_11328,272
synth_11341,272
synth_11348,272
synth_11336,272
synth_11315,272
synth_11332,272
synth_11323,272
synth_11329,272
synth_11314,272
synth_11322,272
synth_11380,271
synth_11392,271
synth_11374,271
synth_11377,271
synth_11375,271
synth_11389,271
synth_11371,271
synth_11384,271
synth_11359,271
synth_11394,271
synth_11378,271
synth_11381,271
synth_11387,271
synth_11370,271
synth_11365,271
synth_11391,271
synth_11385,271
synth_11386,271
synth_11388,271
synth_11366,271
synth_11379,271
synth_11383,271
synth_11367,271
synth_11355,271
synth_11368,271
synth_11373,271
synth_11361,271
synth_11358,271
synth_11369,271
synth_11357,271
synth_11393,271
synth_11395,271
synth_11356,271
synth_11360,271
synth_11362,271
synth_11372,271
synth_11363,271
synth_11382,271
synth_11390,271
synth_11364,271
synth_11376,271
synth_11405,270
synth_11404,270
synth_11401,270
synth_11426,270
synth_11406,270
synth_11409,270
synth_11407,270
synth_11412,270
synth_11425,270
synth_11398,270
synth_11422,270
synth_11424,270
synth_11437,270
synth_11408,270
synth_11413,270
synth_11411,270
synth_11415,270
synth_11423,270
synth_11414,270
synth_11431,270
synth_11403,270
synth_11432,270
synth_11428,270
synth_11434,270
synth_11433,270
synth_11396,270
synth_11402,270
synth_11436,270
synth_11438,270
synth_11416,270
synth_11417,270
synth_11420,270
synth_11419,270
synth_11435,270
synth_11397,270
synth_11427,270
synth_11430,270
synth_11421,270
synth_11400,270
synth_11399,270
synth_11410,270
synth_11429,270
synth_11418,270
synth_11445,269
synth_11470,269
synth_11457,269
synth_11473,269
synth_11476,269
synth_11458,269
synth_11455,269
synth_11468,269
synth_11452,269
synth_11467,269
synth_11456,269
synth_11475,269
synth_11477,269
synth_11469,269
synth_11441,269
synth_11453,269
synth_11449,269
synth_11439,269
synth_11465,269
synth_11472,269
synth_11480,269
synth_11466,269
synth_11462,269
synth_11451,269
synth_11443,269
synth_11471,269
synth_11479,269
synth_11447,269
synth_11448,269
synth_11450,269
synth_11459,269
synth_11461,269
synth_11442,269
synth_11464,269
synth_11463,269
synth_11444,269
synth_11454,269
synth_11478,269
synth_11460,269
synth_11440,269
synth_11446,269
synth_11474,269
synth_11516,268
synth_11507,268
synth_11487,268
synth_11513,268
synth_11500,268
synth_11484,268
synth_11521,268
synth_11483,268
synth_11508,268
synth_11512,268
synth_11509,268
synth_11495,268
synth_11482,268
synth_11511,268
synth_11510,268
synth_11519,268
synth_11517,268
synth_11505,268
synth_11523,268
synth_11496,268
synth_11499,268
synth_11494,268
synth_11520,268
synth_11518,268
synth_11486,268
synth_11492,268
synth_11497,268
synth_11504,268
synth_11485,268
synth_11488,268
synth_11514,268
synth_11522,268
synth_11502,268
synth_11491,268
synth_11490,268
synth_11481,268
synth_11493,268
synth_11498,268
synth_11506,268
synth_11489,268
synth_11503,268
synth_11515,268
synth_11501,268
synth_11552,267
synth_11562,267
synth_11524,267
synth_11561,267
synth_11567,267
synth_11527,267
synth_11557,267
synth_11547,267
synth_11551,267
synth_11532,267
synth_11529,267
synth_11525,267
synth_11539,267
synth_11530,267
synth_11540,267
synth_11548,267
synth_11536,267
synth_11538,267
synth_11549,267
synth_11559,267
synth_11550,267
synth_11546,267
synth_11553,267
synth_11535,267
synth_11537,267
synth_11555,267
synth_11565,267
synth_11563,267
synth_11554,267
synth_11528,267
synth_11564,267
synth_11560,267
synth_11545,267
synth_11566,267
synth_11544,267
synth_11542,267
synth_11541,267
synth_11534,267
synth_11556,267
synth_11533,267
synth_11558,267
synth_11543,267
synth_11531,267
synth_11526,267
synth_11596,266
synth_11600,266
synth_11606,266
synth_11573,266
synth_11579,266
synth_11605,266
synth_11593,266
synth_11598,266
synth_11609,266
synth_11582,266
synth_11571,266
synth_11575,266
synth_11592,266
synth_11584,266
synth_11597,266
synth_11602,266
synth_11585,266
synth_11603,266
synth_11588,266
synth_11607,266
synth_11578,266
synth_11595,266
synth_11586,266
synth_11576,266
synth_11580,266
synth_11590,266
synth_11568,266
synth_11581,266
synth_11610,266
synth_11589,266
synth_11569,266
synth_11599,266
synth_11583,266
synth_11577,266
synth_11591,266
synth_11594,266
synth_11572,266
synth_11587,266
synth_11570,266
synth_11601,266
synth_11604,266
synth_11574,266
synth_11608,266
synth_11625,265
synth_11629,265
synth_11614,265
synth_11622,265
synth_11618,265
synth_11611,265
synth_11654,265
synth_11635,265
synth_11632,265
synth_11637,265
synth_11646,265
synth_11619,265
synth_11621,265
synth_11649,265
synth_11642,265
synth_11615,265
synth_11616,265
synth_11630,265
synth_11617,265
synth_11645,265
synth_11634,265
synth_11650,265
synth_11613,265
synth_11623,265
synth_11636,265
synth_11633,265
synth_11644,265
synth_11627,265
synth_11624,265
synth_11648,265
synth_11640,265
synth_11628,265
synth_11620,265
synth_11641,265
synth_11639,265
synth_11631,265
synth_11612,265
synth_11653,265
synth_11626,265
synth_11638,265
synth_11652,265
synth_11651,265
synth_11647,265
synth_11643,265
synth_11693,264
synth_11659,264
synth_11655,264
synth_11662,264
synth_11678,264
synth_11686,264
synth_11689,264
synth_11695,264
synth_11675,264
synth_11698,264
synth_11694,264
synth_11696,264
synth_11663,264
synth_11687,264
synth_11667,264
synth_11664,264
synth_11673,264
synth_11684,264
synth_11670,264
synth_11674,264
synth_11661,264
synth_11666,264
synth_11672,264
synth_11677,264
synth_11665,264
synth_11676,264
synth_11680,264
synth_11668,264
synth_11656,264
synth_11657,264
synth_11692,264
synth_11658,264
synth_11688,264
synth_11681,264
synth_11690,264
synth_11660,264
synth_11697,264
synth_11682,264
synth_11683,264
synth_11669,264
synth_11691,264
synth_11679,264
synth_11685,264
synth_11671,264
synth_11723,263
synth_11720,263
synth_11700,263
synth_11715,263
synth_11737,263
synth_11717,263
synth_11726,263
synth_11711,263
synth_11725,263
synth_11742,263
synth_11716,263
synth_11735,263
synth_11701,263
synth_11704,263
synth_11714,263
synth_11736,263
synth_11743,263
synth_11709,263
synth_11727,263
synth_11738,263
synth_11731,263
synth_11712,263
synth_11713,263
synth_11740,263
synth_11705,263
synth_11703,263
synth_11710,263
synth_11702,263
synth_11707,263
synth_11728,263
synth_11722,263
synth_11732,263
synth_11729,263
synth_11721,263
synth_11706,263
synth_11699,263
synth_11719,263
synth_11718,263
synth_11741,263
synth_11733,263
synth_11730,263
synth_11739,263
synth_11708,263
synth_11724,263
synth_11734,263
synth_11764,262
synth_11773,262
synth_11774,262
synth_11765,262
synth_11776,262
synth_11768,262
synth_11762,262
synth_11763,262
synth_11744,262
synth_11777,262
synth_11749,262
synth_11785,262
synth_11770,262
synth_11775,262
synth_11750,262
synth_11771,262
synth_11748,262
synth_11745,262
synth_11760,262
synth_11752,262
synth_11787,262
synth_11751,262
synth_11788,262
synth_11759,262
synth_11761,262
synth_11755,262
synth_11772,262
synth_11747,262
synth_11754,262
synth_11778,262
synth_11753,262
synth_11782,262
synth_11746,262
synth_11756,262
synth_11779,262
synth_11786,262
synth_11757,262
synth_11758,262
synth_11783,262
synth_11767,262
synth_11780,262
synth_11766,262
synth_11781,262
synth_11784,262
synth_11769,262
synth_11811,261
synth_11830,261
synth_11826,261
synth_11809,261
synth_11823,261
synth_11808,261
synth_11818,261
synth_11827,261
synth_11802,261
synth_11795,261
synth_11790,261
synth_11789,261
synth_11793,261
synth_11828,261
synth_11833,261
synth_11792,261
synth_11822,261
synth_11794,261
synth_11796,261
synth_11803,261
synth_11813,261
synth_11806,261
synth_11804,261
synth_11820,261
synth_11824,261
synth_11819,261
synth_11810,261
synth_11831,261
synth_11800,261
synth_11801,261
synth_11812,261
synth_11799,261
synth_11815,261
synth_11816,261
synth_11791,261
synth_11814,261
synth_11797,261
synth_11805,261
synth_11829,261
synth_11821,261
synth_11807,261
synth_11825,261
synth_11798,261
synth_11817,261
synth_11832,261
synth_11874,260
synth_11861,260
synth_11862,260
synth_11856,260
synth_11834,260
synth_11858,260
synth_11852,260
synth_11878,260
synth_11873,260
synth_11863,260
synth_11867,260
synth_11841,260
synth_11853,260
synth_11860,260
synth_11850,260
synth_11876,260
synth_11840,260
synth_11851,260
synth_11865,260
synth_11845,260
synth_11847,260
synth_11843,260
synth_11854,260
synth_11869,260
synth_11839,260
synth_11849,260
synth_11864,260
synth_11870,260
synth_11836,260
synth_11846,260
synth_11848,260
synth_11866,260
synth_11868,260
synth_11855,260
synth_11844,260
synth_11872,260
synth_11838,260
synth_11879,260
synth_11871,260
synth_11835,260
synth_11877,260
synth_11859,260
synth_11857,260
synth_11875,260
synth_11842,260
synth_11837,260
synth_11911,259
synth_11912,259
synth_11905,259
synth_11900,259
synth_11884,259
synth_11888,259
synth_11882,259
synth_11890,259
synth_11916,259
synth_11881,259
synth_11908,259
synth_11887,259
synth_11921,259
synth_11922,259
synth_11907,259
synth_11925,259
synth_11885,259
synth_11917,259
synth_11910,259
synth_11897,259
synth_11903,259
synth_11915,259
synth_11891,259
synth_11904,259
synth_11906,259
synth_11893,259
synth_11919,259
synth_11901,259
synth_11898,259
synth_11889,259
synth_11895,259
synth_11923,259
synth_11920,259
synth_11909,259
synth_11883,259
synth_11924,259
synth_11896,259
synth_11880,259
synth_11886,259
synth_11892,259
synth_11899,259
synth_11902,259
synth_11914,259
synth_11918,259
synth_11913,259
synth_11894,259
synth_11929,258
synth_11959,258
synth_11930,258
synth_11956,258
synth_11949,258
synth_11943,258
synth_11963,258
synth_11962,258
synth_11931,258
synth_11967,258
synth_11939,258
synth_11946,258
synth_11936,258
synth_11941,258
synth_11969,258
synth_11952,258
synth_11964,258
synth_11968,258
synth_11928,258
synth_11960,258
synth_11948,258
synth_11971,258
synth_11937,258
synth_11945,258
synth_11970,258
synth_11934,258
synth_11938,258
synth_11954,258
synth_11957,258
synth_11933,258
synth_11951,258
synth_11940,258
synth_11958,258
synth_11966,258
synth_11944,258
synth_11935,258
synth_11942,258
synth_11932,258
synth_11955,258
synth_11926,258
synth_11947,258
synth_11961,258
synth_11927,258
synth_11965,258
synth_11950,258
synth_11953,258
synth_12012,257
synth_12005,257
synth_12008,257
synth_11984,257
synth_11991,257
synth_11972,257
synth_11998,257
synth_11986,257
synth_11985,257
synth_12001,257
synth_11989,257
synth_12014,257
synth_12015,257
synth_11974,257
synth_11979,257
synth_12006,257
synth_11977,257
synth_12007,257
synth_12004,257
synth_11990,257
synth_11987,257
synth_11997,257
synth_12018,257
synth_12002,257
synth_11982,257
synth_11978,257
synth_12013,257
synth_11994,257
synth_12000,257
synth_11976,257
synth_11988,257
synth_12003,257
synth_11981,257
synth_11999,257
synth_12016,257
synth_11995,257
synth_11973,257
synth_11983,257
synth_11980,257
synth_12010,257
synth_11992,257
synth_11996,257
synth_12011,257
synth_11993,257
synth_12017,257
synth_11975,257
synth_12009,257
synth_12019,256
synth_12039,256
synth_12041,256
synth_12022,256
synth_12045,256
synth_12043,256
synth_12053,256
synth_12030,256
synth_12065,256
synth_12032,256
synth_12021,256
synth_12026,256
synth_12049,256
synth_12035,256
synth_12062,256
synth_12040,256
synth_12048,256
synth_12059,256
synth_12063,256
synth_12033,256
synth_12047,256
synth_12038,256
synth_12023,256
synth_12029,256
synth_12042,256
synth_12044,256
synth_12054,256
synth_12051,256
synth_12050,256
synth_12057,256
synth_12046,256
synth_12025,256
synth_12031,256
synth_12034,256
synth_12024,256
synth_12027,256
synth_12061,256
synth_12058,256
synth_12052,256
synth_12064,256
synth_12060,256
synth_12036,256
synth_12020,256
synth_12037,256
synth_12056,256
synth_12055,256
synth_12028,256
synth_12079,255
synth_12098,255
synth_12082,255
synth_12078,255
synth_12110,255
synth_12111,255
synth_12068,255
synth_12090,255
synth_12106,255
synth_12087,255
synth_12075,255
synth_12108,255
synth_12081,255
synth_12100,255
synth_12092,255
synth_12107,255
synth_12076,255
synth_12073,255
synth_12077,255
synth_12067,255
synth_12085,255
synth_12084,255
synth_12093,255
synth_12097,255
synth_12103,255
synth_12071,255
synth_12091,255
synth_12066,255
synth_12080,255
synth_12095,255
synth_12088,255
synth_12072,255
synth_12083,255
synth_12099,255
synth_12094,255
synth_12112,255
synth_12089,255
synth_12104,255
synth_12101,255
synth_12105,255
synth_12074,255
synth_12086,255
synth_12070,255
synth_12109,255
synth_12069,255
synth_12096,255
synth_12102,255
synth_12120,254
synth_12136,254
synth_12137,254
synth_12125,254
synth_12127,254
synth_12139,254
synth_12133,254
synth_12129,254
synth_12117,254
synth_12116,254
synth_12122,254
synth_12157,254
synth_12143,254
synth_12150,254
synth_12145,254
synth_12126,254
synth_12123,254
synth_12142,254
synth_12146,254
synth_12124,254
synth_12134,254
synth_12128,254
synth_12154,254
synth_12121,254
synth_12153,254
synth_12132,254
synth_12156,254
synth_12144,254
synth_12140,254
synth_12113,254
synth_12141,254
synth_12114,254
synth_12115,254
synth_12148,254
synth_12118,254
synth_12158,254
synth_12159,254
synth_12130,254
synth_12147,254
synth_12138,254
synth_12160,254
synth_12131,254
synth_12135,254
synth_12119,254
synth_12151,254
synth_12152,254
synth_12155,254
synth_12149,254
synth_12187,253
synth_12206,253
synth_12197,253
synth_12191,253
synth_12174,253
synth_12207,253
synth_12179,253
synth_12189,253
synth_12161,253
synth_12193,253
synth_12170,253
synth_12190,253
synth_12200,253
synth_12185,253
synth_12181,253
synth_12192,253
synth_12164,253
synth_12208,253
synth_12202,253
synth_12183,253
synth_12162,253
synth_12172,253
synth_12173,253
synth_12180,253
synth_12205,253
synth_12175,253
synth_12201,253
synth_12188,253
synth_12163,253
synth_12171,253
synth_12186,253
synth_12198,253
synth_12203,253
synth_12169,253
synth_12168,253
synth_12184,253
synth_12167,253
synth_12176,253
synth_12204,253
synth_12165,253
synth_12195,253
synth_12182,253
synth_12178,253
synth_12194,253
synth_12196,253
synth_12177,253
synth_12199,253
synth_12166,253
synth_12234,252
synth_12243,252
synth_12225,252
synth_12229,252
synth_12252,252
synth_12219,252
synth_12218,252
synth_12216,252
synth_12222,252
synth_12241,252
synth_12230,252
synth_12255,252
synth_12223,252
synth_12231,252
synth_12240,252
synth_12217,252
synth_12249,252
synth_12248,252
synth_12246,252
synth_12213,252
synth_12215,252
synth_12235,252
synth_12237,252
synth_12244,252
synth_12254,252
synth_12256,252
synth_12251,252
synth_12209,252
synth_12236,252
synth_12250,252
synth_12220,252
synth_12221,252
synth_12210,252
synth_12253,252
synth_12212,252
synth_12232,252
synth_12238,252
synth_12211,252
synth_12247,252
synth_12226,252
synth_12242,252
synth_12227,252
synth_12228,252
synth_12224,252
synth_12245,252
synth_12233,252
synth_12214,252
synth_12239,252
synth_12268,251
synth_12258,251
synth_12295,251
synth_12279,251
synth_12273,251
synth_12259,251
synth_12287,251
synth_12266,251
synth_12260,251
synth_12267,251
synth_12297,251
synth_12301,251
synth_12305,251
synth_12292,251
synth_12290,251
synth_12282,251
synth_12265,251
synth_12286,251
synth_12299,251
synth_12272,251
synth_12304,251
synth_12269,251
synth_12300,251
synth_12277,251
synth_12288,251
synth_12284,251
synth_12283,251
synth_12294,251
synth_12261,251
synth_12271,251
synth_12303,251
synth_12281,251
synth_12293,251
synth_12302,251
synth_12278,251
synth_12289,251
synth_12262,251
synth_12263,251
synth_12298,251
synth_12275,251
synth_12280,251
synth_12291,251
synth_12274,251
synth_12264,251
synth_12285,251
synth_12296,251
synth_12270,251
synth_12257,251
synth_12276,251
synth_12335,250
synth_12341,250
synth_12313,250
synth_12307,250
synth_12327,250
synth_12309,250
synth_12355,250
synth_12321,250
synth_12320,250
synth_12342,250
synth_12308,250
synth_12349,250
synth_12333,250
synth_12322,250
synth_12352,250
synth_12344,250
synth_12334,250
synth_12329,250
synth_12314,250
synth_12328,250
synth_12312,250
synth_12350,250
synth_12354,250
synth_12346,250
synth_12318,250
synth_12324,250
synth_12340,250
synth_12336,250
synth_12326,250
synth_12351,250
synth_12316,250
synth_12325,250
synth_12353,250
synth_12315,250
synth_12337,250
synth_12306,250
synth_12330,250
synth_12347,250
synth_12311,250
synth_12323,250
synth_12343,250
synth_12331,250
synth_12310,250
synth_12319,250
synth_12339,250
synth_12332,250
synth_12345,250
synth_12348,250
synth_12338,250
synth_12317,250
synth_12367,249
synth_12402,249
synth_12391,249
synth_12400,249
synth_12374,249
synth_12365,249
synth_12363,249
synth_12399,249
synth_12394,249
synth_12372,249
synth_12377,249
synth_12369,249
synth_12388,249
synth_12385,249
synth_12373,249
synth_12386,249
synth_12368,249
synth_12404,249
synth_12395,249
synth_12382,249
synth_12379,249
synth_12361,249
synth_12378,249
synth_12397,249
synth_12371,249
synth_12366,249
synth_12387,249
synth_12403,249
synth_12383,249
synth_12396,249
synth_12359,249
synth_12384,249
synth_12360,249
synth_12389,249
synth_12364,249
synth_12401,249
synth_12370,249
synth_12380,249
synth_12390,249
synth_12393,249
synth_12398,249
synth_12357,249
synth_12381,249
synth_12392,249
synth_12375,249
synth_12356,249
synth_12376,249
synth_12362,249
synth_12358,249
synth_12409,248
synth_12431,248
synth_12405,248
synth_12425,248
synth_12420,248
synth_12436,248
synth_12428,248
synth_12408,248
synth_12448,248
synth_12439,248
synth_12416,248
synth_12438,248
synth_12411,248
synth_12434,248
synth_12413,248
synth_12427,248
synth_12445,248
synth_12453,248
synth_12422,248
synth_12417,248
synth_12406,248
synth_12407,248
synth_12410,248
synth_12435,248
synth_12447,248
synth_12455,248
synth_12441,248
synth_12437,248
synth_12419,248
synth_12446,248
synth_12454,248
synth_12423,248
synth_12424,248
synth_12440,248
synth_12412,248
synth_12444,248
synth_12429,248
synth_12451,248
synth_12414,248
synth_12442,248
synth_12421,248
synth_12450,248
synth_12433,248
synth_12432,248
synth_12452,248
synth_12443,248
synth_12415,248
synth_12430,248
synth_12418,248
synth_12449,248
synth_12426,248
synth_12486,247
synth_12474,247
synth_12493,247
synth_12459,247
synth_12466,247
synth_12492,247
synth_12494,247
synth_12478,247
synth_12458,247
synth_12488,247
synth_12480,247
synth_12496,247
synth_12457,247
synth_12487,247
synth_12484,247
synth_12461,247
synth_12475,247
synth_12489,247
synth_12481,247
synth_12498,247
synth_12501,247
synth_12500,247
synth_12467,247
synth_12476,247
synth_12497,247
synth_12477,247
synth_12468,247
synth_12473,247
synth_12503,247
synth_12499,247
synth_12462,247
synth_12483,247
synth_12470,247
synth_12464,247
synth_12482,247
synth_12465,247
synth_12479,247
synth_12472,247
synth_12471,247
synth_12504,247
synth_12469,247
synth_12463,247
synth_12495,247
synth_12505,247
synth_12460,247
synth_12502,247
synth_12456,247
synth_12490,247
synth_12491,247
synth_12485,247
synth_12546,246
synth_12554,246
synth_12537,246
synth_12520,246
synth_12547,246
synth_12511,246
synth_12551,246
synth_12515,246
synth_12544,246
synth_12514,246
synth_12517,246
synth_12536,246
synth_12548,246
synth_12541,246
synth_12553,246
synth_12510,246
synth_12539,246
synth_12538,246
synth_12518,246
synth_12526,246
synth_12533,246
synth_12535,246
synth_12552,246
synth_12534,246
synth_12509,246
synth_12542,246
synth_12523,246
synth_12506,246
synth_12528,246
synth_12531,246
synth_12549,246
synth_12513,246
synth_12519,246
synth_12532,246
synth_12529,246
synth_12516,246
synth_12555,246
synth_12530,246
synth_12545,246
synth_12522,246
synth_12521,246
synth_12527,246
synth_12524,246
synth_12507,246
synth_12550,246
synth_12512,246
synth_12556,246
synth_12540,246
synth_12508,246
synth_12525,246
synth_12543,246
synth_12590,245
synth_12605,245
synth_12583,245
synth_12592,245
synth_12566,245
synth_12585,245
synth_12596,245
synth_12562,245
synth_12604,245
synth_12570,245
synth_12601,245
synth_12565,245
synth_12579,245
synth_12600,245
synth_12598,245
synth_12558,245
synth_12560,245
synth_12568,245
synth_12595,245
synth_12567,245
synth_12569,245
synth_12564,245
synth_12576,245
synth_12586,245
synth_12603,245
synth_12577,245
synth_12580,245
synth_12584,245
synth_12594,245
synth_12572,245
synth_12591,245
synth_12602,245
synth_12588,245
synth_12599,245
synth_12589,245
synth_12557,245
synth_12597,245
synth_12607,245
synth_12559,245
synth_12573,245
synth_12563,245
synth_12581,245
synth_12593,245
synth_12587,245
synth_12575,245
synth_12571,245
synth_12582,245
synth_12578,245
synth_12574,245
synth_12561,245
synth_12606,245
synth_12627,244
synth_12621,244
synth_12647,244
synth_12623,244
synth_12652,244
synth_12648,244
synth_12655,244
synth_12629,244
synth_12658,244
synth_12645,244
synth_12614,244
synth_12657,244
synth_12656,244
synth_12624,244
synth_12640,244
synth_12653,244
synth_12610,244
synth_12619,244
synth_12636,244
synth_12609,244
synth_12649,244
synth_12612,244
synth_12630,244
synth_12617,244
synth_12620,244
synth_12634,244
synth_12632,244
synth_12650,244
synth_12608,244
synth_12635,244
synth_12615,244
synth_12641,244
synth_12651,244
synth_12659,244
synth_12639,244
synth_12643,244
synth_12646,244
synth_12626,244
synth_12638,244
synth_12637,244
synth_12654,244
synth_12622,244
synth_12642,244
synth_12616,244
synth_12613,244
synth_12633,244
synth_12611,244
synth_12628,244
synth_12631,244
synth_12625,244
synth_12644,244
synth_12618,244
synth_12690,243
synth_12674,243
synth_12710,243
synth_12664,243
synth_12711,243
synth_12676,243
synth_12681,243
synth_12702,243
synth_12706,243
synth_12688,243
synth_12697,243
synth_12689,243
synth_12699,243
synth_12705,243
synth_12695,243
synth_12694,243
synth_12707,243
synth_12660,243
synth_12685,243
synth_12675,243
synth_12691,243
synth_12668,243
synth_12677,243
synth_12680,243
synth_12671,243
synth_12672,243
synth_12665,243
synth_12698,243
synth_12684,243
synth_12669,243
synth_12673,243
synth_12693,243
synth_12682,243
synth_12700,243
synth_12683,243
synth_12704,243
synth_12678,243
synth_12661,243
synth_12709,243
synth_12708,243
synth_12686,243
synth_12667,243
synth_12670,243
synth_12663,243
synth_12703,243
synth_12687,243
synth_12692,243
synth_12701,243
synth_12679,243
synth_12662,243
synth_12696,243
synth_12666,243
synth_12729,242
synth_12749,242
synth_12730,242
synth_12748,242
synth_12738,242
synth_12757,242
synth_12755,242
synth_12751,242
synth_12734,242
synth_12726,242
synth_12762,242
synth_12718,242
synth_12723,242
synth_12744,242
synth_12712,242
synth_12719,242
synth_12724,242
synth_12721,242
synth_12747,242
synth_12745,242
synth_12737,242
synth_12714,242
synth_12743,242
synth_12759,242
synth_12752,242
synth_12736,242
synth_12756,242
synth_12758,242
synth_12760,242
synth_12740,242
synth_12750,242
synth_12733,242
synth_12731,242
synth_12746,242
synth_12735,242
synth_12720,242
synth_12722,242
synth_12742,242
synth_12715,242
synth_12739,242
synth_12761,242
synth_12753,242
synth_12741,242
synth_12732,242
synth_12713,242
synth_12728,242
synth_12717,242
synth_12727,242
synth_12725,242
synth_12764,242
synth_12716,242
synth_12763,242
synth_12754,242
synth_12779,241
synth_12772,241
synth_12794,241
synth_12793,241
synth_12771,241
synth_12774,241
synth_12804,241
synth_12792,241
synth_12778,241
synth_12767,241
synth_12784,241
synth_12795,241
synth_12780,241
synth_12817,241
synth_12810,241
synth_12765,241
synth_12798,241
synth_12786,241
synth_12811,241
synth_12773,241
synth_12768,241
synth_12803,241
synth_12766,241
synth_12787,241
synth_12775,241
synth_12781,241
synth_12777,241
synth_12799,241
synth_12796,241
synth_12800,241
synth_12769,241
synth_12770,241
synth_12807,241
synth_12808,241
synth_12791,241
synth_12809,241
synth_12785,241
synth_12813,241
synth_12788,241
synth_12776,241
synth_12782,241
synth_12816,241
synth_12812,241
synth_12806,241
synth_12814,241
synth_12783,241
synth_12790,241
synth_12789,241
synth_12805,241
synth_12797,241
synth_12815,241
synth_12801,241
synth_12802,241
synth_12832,240
synth_12840,240
synth_12854,240
synth_12818,240
synth_12820,240
synth_12828,240
synth_12863,240
synth_12846,240
synth_12837,240
synth_12864,240
synth_12860,240
synth_12833,240
synth_12824,240
synth_12844,240
synth_12825,240
synth_12845,240
synth_12834,240
synth_12842,240
synth_12849,240
synth_12822,240
synth_12859,240
synth_12829,240
synth_12819,240
synth_12867,240
synth_12836,240
synth_12839,240
synth_12827,240
synth_12848,240
synth_12868,240
synth_12869,240
synth_12870,240
synth_12857,240
synth_12823,240
synth_12843,240
synth_12850,240
synth_12853,240
synth_12866,240
synth_12838,240
synth_12865,240
synth_12856,240
synth_12821,240
synth_12830,240
synth_12861,240
synth_12835,240
synth_12847,240
synth_12871,240
synth_12851,240
synth_12862,240
synth_12858,240
synth_12855,240
synth_12831,240
synth_12841,240
synth_12826,240
synth_12852,240
synth_12911,239
synth_12885,239
synth_12914,239
synth_12924,239
synth_12896,239
synth_12915,239
synth_12919,239
synth_12878,239
synth_12901,239
synth_12922,239
synth_12892,239
synth_12893,239
synth_12912,239
synth_12902,239
synth_12916,239
synth_12899,239
synth_12872,239
synth_12894,239
synth_12882,239
synth_12890,239
synth_12873,239
synth_12875,239
synth_12904,239
synth_12881,239
synth_12874,239
synth_12884,239
synth_12880,239
synth_12895,239
synth_12910,239
synth_12886,239
synth_12887,239
synth_12889,239
synth_12897,239
synth_12918,239
synth_12917,239
synth_12906,239
synth_12876,239
synth_12913,239
synth_12921,239
synth_12898,239
synth_12925,239
synth_12883,239
synth_12909,239
synth_12903,239
synth_12879,239
synth_12908,239
synth_12905,239
synth_12891,239
synth_12877,239
synth_12920,239
synth_12907,239
synth_12923,239
synth_12888,239
synth_12900,239
synth_12961,238
synth_12960,238
synth_12954,238
synth_12934,238
synth_12948,238
synth_12929,238
synth_12964,238
synth_12955,238
synth_12936,238
synth_12958,238
synth_12978,238
synth_12932,238
synth_12950,238
synth_12927,238
synth_12945,238
synth_12953,238
synth_12939,238
synth_12952,238
synth_12937,238
synth_12942,238
synth_12930,238
synth_12967,238
synth_12970,238
synth_12951,238
synth_12963,238
synth_12946,238
synth_12968,238
synth_12969,238
synth_12972,238
synth_12965,238
synth_12944,238
synth_12928,238
synth_12973,238
synth_12974,238
synth_12957,238
synth_12962,238
synth_12931,238
synth_12956,238
synth_12971,238
synth_12940,238
synth_12979,238
synth_12926,238
synth_12947,238
synth_12966,238
synth_12938,238
synth_12941,238
synth_12959,238
synth_12935,238
synth_12933,238
synth_12975,238
synth_12977,238
synth_12943,238
synth_12949,238
synth_12976,238
synth_12995,237
synth_13014,237
synth_13017,237
synth_12987,237
synth_12994,237
synth_12991,237
synth_12997,237
synth_13009,237
synth_12990,237
synth_12999,237
synth_12981,237
synth_13002,237
synth_12985,237
synth_13022,237
synth_13029,237
synth_12986,237
synth_13024,237
synth_13005,237
synth_13016,237
synth_13028,237
synth_13027,237
synth_13026,237
synth_13033,237
synth_13020,237
synth_13031,237
synth_12998,237
synth_12984,237
synth_13004,237
synth_12996,237
synth_13001,237
synth_12989,237
synth_13010,237
synth_12988,237
synth_13008,237
synth_13003,237
synth_12993,237
synth_13012,237
synth_13006,237
synth_13018,237
synth_13007,237
synth_13021,237
synth_13015,237
synth_13032,237
synth_13034,237
synth_13000,237
synth_12983,237
synth_12982,237
synth_13023,237
synth_12980,237
synth_13011,237
synth_13025,237
synth_13030,237
synth_13013,237
synth_13019,237
synth_12992,237
synth_13049,236
synth_13068,236
synth_13087,236
synth_13042,236
synth_13039,236
synth_13071,236
synth_13052,236
synth_13053,236
synth_13050,236
synth_13045,236
synth_13040,236
synth_13073,236
synth_13044,236
synth_13081,236
synth_13077,236
synth_13058,236
synth_13054,236
synth_13056,236
synth_13067,236
synth_13041,236
synth_13062,236
synth_13084,236
synth_13059,236
synth_13086,236
synth_13063,236
synth_13035,236
synth_13082,236
synth_13085,236
synth_13075,236
synth_13064,236
synth_13078,236
synth_13069,236
synth_13080,236
synth_13061,236
synth_13065,236
synth_13079,236
synth_13047,236
synth_13043,236
synth_13089,236
synth_13083,236
synth_13048,236
synth_13036,236
synth_13038,236
synth_13055,236
synth_13076,236
synth_13066,236
synth_13072,236
synth_13088,236
synth_13060,236
synth_13037,236
synth_13046,236
synth_13051,236
synth_13074,236
synth_13070,236
synth_13057,236
synth_13103,235
synth_13102,235
synth_13094,235
synth_13108,235
synth_13106,235
synth_13128,235
synth_13097,235
synth_13143,235
synth_13145,235
synth_13114,235
synth_13132,235
synth_13113,235
synth_13131,235
synth_13091,235
synth_13099,235
synth_13127,235
synth_13093,235
synth_13123,235
synth_13124,235
synth_13126,235
synth_13134,235
synth_13129,235
synth_13101,235
synth_13111,235
synth_13116,235
synth_13138,235
synth_13133,235
synth_13140,235
synth_13090,235
synth_13095,235
synth_13104,235
synth_13117,235
synth_13100,235
synth_13105,235
synth_13118,235
synth_13122,235
synth_13144,235
synth_13137,235
synth_13130,235
synth_13107,235
synth_13135,235
synth_13115,235
synth_13096,235
synth_13125,235
synth_13109,235
synth_13110,235
synth_13092,235
synth_13121,235
synth_13141,235
synth_13142,235
synth_13136,235
synth_13112,235
synth_13098,235
synth_13139,235
synth_13119,235
synth_13120,235
synth_13163,234
synth_13150,234
synth_13189,234
synth_13183,234
synth_13199,234
synth_13178,234
synth_13180,234
synth_13184,234
synth_13160,234
synth_13166,234
synth_13201,234
synth_13149,234
synth_13147,234
synth_13177,234
synth_13186,234
synth_13152,234
synth_13175,234
synth_13193,234
synth_13197,234
synth_13165,234
synth_13191,234
synth_13170,234
synth_13188,234
synth_13169,234
synth_13190,234
synth_13196,234
synth_13146,234
synth_13157,234
synth_13176,234
synth_13156,234
synth_13161,234
synth_13164,234
synth_13185,234
synth_13187,234
synth_13194,234
synth_13179,234
synth_13200,234
synth_13198,234
synth_13173,234
synth_13195,234
synth_13159,234
synth_13151,234
synth_13192,234
synth_13158,234
synth_13172,234
synth_13162,234
synth_13182,234
synth_13155,234
synth_13181,234
synth_13167,234
synth_13148,234
synth_13153,234
synth_13174,234
synth_13171,234
synth_13168,234
synth_13154,234
synth_13218,233
synth_13210,233
synth_13250,233
synth_13228,233
synth_13241,233
synth_13214,233
synth_13216,233
synth_13206,233
synth_13205,233
synth_13209,233
synth_13220,233
synth_13252,233
synth_13256,233
synth_13240,233
synth_13244,233
synth_13253,233
synth_13226,233
synth_13248,233
synth_13235,233
synth_13208,233
synth_13243,233
synth_13203,233
synth_13215,233
synth_13227,233
synth_13247,233
synth_13234,233
synth_13222,233
synth_13231,233
synth_13230,233
synth_13257,233
synth_13246,233
synth_13249,233
synth_13219,233
synth_13224,233
synth_13225,233
synth_13258,233
synth_13221,233
synth_13238,233
synth_13207,233
synth_13229,233
synth_13251,233
synth_13233,233
synth_13255,233
synth_13212,233
synth_13223,233
synth_13232,233
synth_13237,233
synth_13254,233
synth_13213,233
synth_13242,233
synth_13202,233
synth_13239,233
synth_13204,233
synth_13211,233
synth_13245,233
synth_13236,233
synth_13217,233
synth_13296,232
synth_13282,232
synth_13301,232
synth_13263,232
synth_13313,232
synth_13289,232
synth_13265,232
synth_13273,232
synth_13283,232
synth_13264,232
synth_13312,232
synth_13277,232
synth_13270,232
synth_13298,232
synth_13281,232
synth_13274,232
synth_13304,232
synth_13294,232
synth_13290,232
synth_13261,232
synth_13308,232
synth_13309,232
synth_13260,232
synth_13300,232
synth_13291,232
synth_13306,232
synth_13311,232
synth_13272,232
synth_13307,232
synth_13288,232
synth_13266,232
synth_13297,232
synth_13299,232
synth_13269,232
synth_13271,232
synth_13287,232
synth_13310,232
synth_13315,232
synth_13295,232
synth_13302,232
synth_13276,232
synth_13305,232
synth_13303,232
synth_13280,232
synth_13284,232
synth_13293,232
synth_13268,232
synth_13292,232
synth_13286,232
synth_13285,232
synth_13275,232
synth_13278,232
synth_13262,232
synth_13267,232
synth_13279,232
synth_13259,232
synth_13314,232
synth_13343,231
synth_13339,231
synth_13323,231
synth_13336,231
synth_13373,231
synth_13317,231
synth_13363,231
synth_13340,231
synth_13367,231
synth_13365,231
synth_13332,231
synth_13355,231
synth_13350,231
synth_13333,231
synth_13316,231
synth_13344,231
synth_13357,231
synth_13337,231
synth_13370,231
synth_13359,231
synth_13318,231
synth_13352,231
synth_13335,231
synth_13341,231
synth_13351,231
synth_13369,231
synth_13356,231
synth_13348,231
synth_13364,231
synth_13338,231
synth_13321,231
synth_13360,231
synth_13345,231
synth_13362,231
synth_13326,231
synth_13342,231
synth_13361,231
synth_13331,231
synth_13368,231
synth_13347,231
synth_13324,231
synth_13371,231
synth_13319,231
synth_13320,231
synth_13372,231
synth_13358,231
synth_13328,231
synth_13325,231
synth_13346,231
synth_13349,231
synth_13330,231
synth_13322,231
synth_13353,231
synth_13354,231
synth_13334,231
synth_13329,231
synth_13327,231
synth_13366,231
synth_13381,230
synth_13416,230
synth_13378,230
synth_13421,230
synth_13405,230
synth_13411,230
synth_13400,230
synth_13403,230
synth_13419,230
synth_13422,230
synth_13429,230
synth_13391,230
synth_13404,230
synth_13379,230
synth_13412,230
synth_13408,230
synth_13377,230
synth_13389,230
synth_13394,230
synth_13383,230
synth_13388,230
synth_13409,230
synth_13407,230
synth_13417,230
synth_13428,230
synth_13420,230
synth_13402,230
synth_13414,230
synth_13424,230
synth_13425,230
synth_13426,230
synth_13390,230
synth_13398,230
synth_13387,230
synth_13413,230
synth_13374,230
synth_13395,230
synth_13375,230
synth_13406,230
synth_13384,230
synth_13397,230
synth_13386,230
synth_13431,230
synth_13399,230
synth_13410,230
synth_13418,230
synth_13401,230
synth_13423,230
synth_13380,230
synth_13376,230
synth_13382,230
synth_13393,230
synth_13415,230
synth_13396,230
synth_13392,230
synth_13385,230
synth_13427,230
synth_13430,230
synth_13465,229
synth_13444,229
synth_13477,229
synth_13454,229
synth_13490,229
synth_13450,229
synth_13452,229
synth_13478,229
synth_13451,229
synth_13432,229
synth_13468,229
synth_13470,229
synth_13461,229
synth_13482,229
synth_13484,229
synth_13489,229
synth_13437,229
synth_13440,229
synth_13487,229
synth_13480,229
synth_13458,229
synth_13438,229
synth_13475,229
synth_13485,229
synth_13483,229
synth_13455,229
synth_13466,229
synth_13462,229
synth_13443,229
synth_13439,229
synth_13464,229
synth_13442,229
synth_13446,229
synth_13474,229
synth_13441,229
synth_13434,229
synth_13479,229
synth_13433,229
synth_13435,229
synth_13476,229
synth_13467,229
synth_13459,229
synth_13463,229
synth_13471,229
synth_13448,229
synth_13456,229
synth_13473,229
synth_13472,229
synth_13445,229
synth_13447,229
synth_13449,229
synth_13486,229
synth_13469,229
synth_13436,229
synth_13453,229
synth_13460,229
synth_13457,229
synth_13488,229
synth_13481,229
synth_13535,228
synth_13530,228
synth_13502,228
synth_13539,228
synth_13514,228
synth_13543,228
synth_13515,228
synth_13531,228
synth_13540,228
synth_13511,228
synth_13498,228
synth_13529,228
synth_13547,228
synth_13494,228
synth_13497,228
synth_13532,228
synth_13520,228
synth_13509,228
synth_13538,228
synth_13505,228
synth_13516,228
synth_13548,228
synth_13542,228
synth_13491,228
synth_13518,228
synth_13526,228
synth_13541,228
synth_13504,228
synth_13524,228
synth_13512,228
synth_13544,228
synth_13545,228
synth_13536,228
synth_13499,228
synth_13534,228
synth_13523,228
synth_13533,228
synth_13513,228
synth_13495,228
synth_13546,228
synth_13501,228
synth_13549,228
synth_13527,228
synth_13500,228
synth_13508,228
synth_13496,228
synth_13506,228
synth_13517,228
synth_13503,228
synth_13519,228
synth_13492,228
synth_13525,228
synth_13522,228
synth_13507,228
synth_13510,228
synth_13521,228
synth_13493,228
synth_13537,228
synth_13528,228
synth_13596,227
synth_13559,227
synth_13602,227
synth_13575,227
synth_13579,227
synth_13605,227
synth_13557,227
synth_13580,227
synth_13558,227
synth_13562,227
synth_13570,227
synth_13593,227
synth_13553,227
synth_13584,227
synth_13599,227
synth_13582,227
synth_13600,227
synth_13555,227
synth_13556,227
synth_13598,227
synth_13566,227
synth_13583,227
synth_13606,227
synth_13567,227
synth_13563,227
synth_13595,227
synth_13609,227
synth_13568,227
synth_13569,227
synth_13591,227
synth_13585,227
synth_13571,227
synth_13581,227
synth_13576,227
synth_13603,227
synth_13554,227
synth_13577,227
synth_13586,227
synth_13552,227
synth_13588,227
synth_13589,227
synth_13561,227
synth_13578,227
synth_13592,227
synth_13608,227
synth_13560,227
synth_13601,227
synth_13607,227
synth_13564,227
synth_13604,227
synth_13551,227
synth_13565,227
synth_13572,227
synth_13550,227
synth_13587,227
synth_13574,227
synth_13573,227
synth_13590,227
synth_13597,227
synth_13594,227
synth_13644,226
synth_13626,226
synth_13658,226
synth_13635,226
synth_13663,226
synth_13653,226
synth_13662,226
synth_13629,226
synth_13613,226
synth_13647,226
synth_13641,226
synth_13656,226
synth_13636,226
synth_13619,226
synth_13621,226
synth_13630,226
synth_13614,226
synth_13665,226
synth_13638,226
synth_13622,226
synth_13640,226
synth_13639,226
synth_13657,226
synth_13650,226
synth_13649,226
synth_13648,226
synth_13627,226
synth_13615,226
synth_13651,226
synth_13632,226
synth_13637,226
synth_13625,226
synth_13664,226
synth_13668,226
synth_13661,226
synth_13612,226
synth_13655,226
synth_13620,226
synth_13616,226
synth_13643,226
synth_13645,226
synth_13654,226
synth_13670,226
synth_13633,226
synth_13631,226
synth_13642,226
synth_13659,226
synth_13666,226
synth_13667,226
synth_13628,226
synth_13634,226
synth_13652,226
synth_13610,226
synth_13646,226
synth_13669,226
synth_13618,226
synth_13611,226
synth_13623,226
synth_13617,226
synth_13660,226
synth_13624,226
synth_13701,225
synth_13711,225
synth_13689,225
synth_13672,225
synth_13690,225
synth_13696,225
synth_13692,225
synth_13712,225
synth_13676,225
synth_13724,225
synth_13710,225
synth_13703,225
synth_13684,225
synth_13679,225
synth_13720,225
synth_13674,225
synth_13725,225
synth_13695,225
synth_13698,225
synth_13704,225
synth_13708,225
synth_13678,225
synth_13694,225
synth_13709,225
synth_13719,225
synth_13697,225
synth_13718,225
synth_13699,225
synth_13685,225
synth_13677,225
synth_13715,225
synth_13722,225
synth_13728,225
synth_13687,225
synth_13688,225
synth_13707,225
synth_13714,225
synth_13671,225
synth_13680,225
synth_13731,225
synth_13702,225
synth_13730,225
synth_13673,225
synth_13717,225
synth_13705,225
synth_13686,225
synth_13681,225
synth_13716,225
synth_13721,225
synth_13727,225
synth_13682,225
synth_13723,225
synth_13729,225
synth_13706,225
synth_13726,225
synth_13700,225
synth_13713,225
synth_13693,225
synth_13675,225
synth_13683,225
synth_13691,225
synth_13765,224
synth_13751,224
synth_13737,224
synth_13735,224
synth_13790,224
synth_13785,224
synth_13749,224
synth_13745,224
synth_13781,224
synth_13750,224
synth_13767,224
synth_13769,224
synth_13771,224
synth_13760,224
synth_13791,224
synth_13775,224
synth_13766,224
synth_13788,224
synth_13756,224
synth_13761,224
synth_13741,224
synth_13746,224
synth_13770,224
synth_13774,224
synth_13772,224
synth_13780,224
synth_13778,224
synth_13787,224
synth_13732,224
synth_13779,224
synth_13753,224
synth_13755,224
synth_13757,224
synth_13738,224
synth_13754,224
synth_13744,224
synth_13740,224
synth_13768,224
synth_13773,224
synth_13786,224
synth_13763,224
synth_13743,224
synth_13789,224
synth_13747,224
synth_13783,224
synth_13748,224
synth_13752,224
synth_13776,224
synth_13784,224
synth_13758,224
synth_13764,224
synth_13733,224
synth_13759,224
synth_13734,224
synth_13782,224
synth_13792,224
synth_13777,224
synth_13742,224
synth_13739,224
synth_13762,224
synth_13736,224
synth_13816,223
synth_13804,223
synth_13807,223
synth_13820,223
synth_13822,223
synth_13852,223
synth_13834,223
synth_13833,223
synth_13845,223
synth_13827,223
synth_13800,223
synth_13848,223
synth_13819,223
synth_13802,223
synth_13805,223
synth_13825,223
synth_13831,223
synth_13854,223
synth_13793,223
synth_13841,223
synth_13809,223
synth_13821,223
synth_13794,223
synth_13851,223
synth_13797,223
synth_13830,223
synth_13799,223
synth_13817,223
synth_13812,223
synth_13843,223
synth_13815,223
synth_13840,223
synth_13853,223
synth_13850,223
synth_13796,223
synth_13847,223
synth_13810,223
synth_13839,223
synth_13798,223
synth_13824,223
synth_13814,223
synth_13837,223
synth_13846,223
synth_13811,223
synth_13828,223
synth_13838,223
synth_13808,223
synth_13813,223
synth_13803,223
synth_13826,223
synth_13835,223
synth_13844,223
synth_13832,223
synth_13795,223
synth_13829,223
synth_13842,223
synth_13818,223
synth_13849,223
synth_13801,223
synth_13836,223
synth_13806,223
synth_13823,223
synth_13883,222
synth_13881,222
synth_13912,222
synth_13887,222
synth_13896,222
synth_13882,222
synth_13905,222
synth_13862,222
synth_13906,222
synth_13871,222
synth_13902,222
synth_13878,222
synth_13909,222
synth_13884,222
synth_13865,222
synth_13897,222
synth_13917,222
synth_13857,222
synth_13858,222
synth_13914,222
synth_13875,222
synth_13872,222
synth_13879,222
synth_13870,222
synth_13891,222
synth_13890,222
synth_13904,222
synth_13867,222
synth_13877,222
synth_13886,222
synth_13889,222
synth_13899,222
synth_13859,222
synth_13861,222
synth_13894,222
synth_13900,222
synth_13907,222
synth_13908,222
synth_13866,222
synth_13903,222
synth_13868,222
synth_13915,222
synth_13916,222
synth_13910,222
synth_13864,222
synth_13892,222
synth_13874,222
synth_13911,222
synth_13893,222
synth_13860,222
synth_13913,222
synth_13869,222
synth_13863,222
synth_13876,222
synth_13885,222
synth_13873,222
synth_13880,222
synth_13895,222
synth_13901,222
synth_13888,222
synth_13855,222
synth_13898,222
synth_13856,222
synth_13974,221
synth_13937,221
synth_13965,221
synth_13919,221
synth_13929,221
synth_13932,221
synth_13959,221
synth_13963,221
synth_13927,221
synth_13970,221
synth_13924,221
synth_13918,221
synth_13973,221
synth_13950,221
synth_13942,221
synth_13968,221
synth_13931,221
synth_13967,221
synth_13945,221
synth_13980,221
synth_13946,221
synth_13955,221
synth_13949,221
synth_13925,221
synth_13943,221
synth_13951,221
synth_13928,221
synth_13936,221
synth_13941,221
synth_13923,221
synth_13944,221
synth_13966,221
synth_13954,221
synth_13958,221
synth_13971,221
synth_13921,221
synth_13964,221
synth_13972,221
synth_13935,221
synth_13961,221
synth_13976,221
synth_13948,221
synth_13957,221
synth_13969,221
synth_13979,221
synth_13953,221
synth_13975,221
synth_13960,221
synth_13933,221
synth_13926,221
synth_13934,221
synth_13920,221
synth_13956,221
synth_13922,221
synth_13978,221
synth_13939,221
synth_13962,221
synth_13977,221
synth_13947,221
synth_13938,221
synth_13952,221
synth_13940,221
synth_13930,221
synth_14040,220
synth_13992,220
synth_14030,220
synth_13987,220
synth_14029,220
synth_14017,220
synth_14033,220
synth_14014,220
synth_14039,220
synth_13990,220
synth_13982,220
synth_13985,220
synth_14042,220
synth_14018,220
synth_14002,220
synth_13995,220
synth_13997,220
synth_14016,220
synth_14035,220
synth_14019,220
synth_14006,220
synth_14011,220
synth_14024,220
synth_13996,220
synth_13981,220
synth_14036,220
synth_14008,220
synth_14038,220
synth_14031,220
synth_14013,220
synth_13984,220
synth_14001,220
synth_13999,220
synth_13998,220
synth_14012,220
synth_14007,220
synth_14025,220
synth_14005,220
synth_14015,220
synth_14021,220
synth_13991,220
synth_13994,220
synth_14027,220
synth_14020,220
synth_14003,220
synth_14023,220
synth_14037,220
synth_14000,220
synth_14022,220
synth_14041,220
synth_14032,220
synth_13986,220
synth_14010,220
synth_14028,220
synth_13988,220
synth_13989,220
synth_13993,220
synth_14009,220
synth_14034,220
synth_14004,220
synth_14043,220
synth_13983,220
synth_14026,220
synth_14071,219
synth_14080,219
synth_14108,219
synth_14105,219
synth_14094,219
synth_14051,219
synth_14098,219
synth_14083,219
synth_14074,219
synth_14081,219
synth_14057,219
synth_14053,219
synth_14092,219
synth_14050,219
synth_14106,219
synth_14045,219
synth_14056,219
synth_14085,219
synth_14047,219
synth_14049,219
synth_14063,219
synth_14078,219
synth_14088,219
synth_14099,219
synth_14052,219
synth_14095,219
synth_14065,219
synth_14055,219
synth_14097,219
synth_14104,219
synth_14058,219
synth_14084,219
synth_14068,219
synth_14102,219
synth_14046,219
synth_14054,219
synth_14061,219
synth_14059,219
synth_14103,219
synth_14087,219
synth_14082,219
synth_14067,219
synth_14107,219
synth_14064,219
synth_14070,219
synth_14048,219
synth_14062,219
synth_14101,219
synth_14089,219
synth_14075,219
synth_14086,219
synth_14093,219
synth_14060,219
synth_14100,219
synth_14077,219
synth_14069,219
synth_14091,219
synth_14076,219
synth_14066,219
synth_14072,219
synth_14090,219
synth_14044,219
synth_14096,219
synth_14079,219
synth_14073,219
synth_14143,218
synth_14155,218
synth_14164,218
synth_14169,218
synth_14135,218
synth_14124,218
synth_14118,218
synth_14142,218
synth_14146,218
synth_14158,218
synth_14141,218
synth_14130,218
synth_14154,218
synth_14123,218
synth_14151,218
synth_14120,218
synth_14163,218
synth_14127,218
synth_14152,218
synth_14131,218
synth_14137,218
synth_14145,218
synth_14129,218
synth_14125,218
synth_14117,218
synth_14132,218
synth_14119,218
synth_14136,218
synth_14167,218
synth_14128,218
synth_14126,218
synth_14115,218
synth_14157,218
synth_14112,218
synth_14139,218
synth_14150,218
synth_14168,218
synth_14162,218
synth_14109,218
synth_14144,218
synth_14140,218
synth_14138,218
synth_14161,218
synth_14170,218
synth_14165,218
synth_14147,218
synth_14134,218
synth_14160,218
synth_14116,218
synth_14121,218
synth_14133,218
synth_14113,218
synth_14156,218
synth_14171,218
synth_14111,218
synth_14114,218
synth_14148,218
synth_14149,218
synth_14166,218
synth_14159,218
synth_14110,218
synth_14153,218
synth_14172,218
synth_14122,218
synth_14237,217
synth_14193,217
synth_14217,217
synth_14188,217
synth_14197,217
synth_14186,217
synth_14191,217
synth_14195,217
synth_14208,217
synth_14225,217
synth_14207,217
synth_14238,217
synth_14222,217
synth_14221,217
synth_14200,217
synth_14192,217
synth_14178,217
synth_14184,217
synth_14194,217
synth_14201,217
synth_14181,217
synth_14189,217
synth_14230,217
synth_14231,217
synth_14185,217
synth_14182,217
synth_14226,217
synth_14210,217
synth_14236,217
synth_14223,217
synth_14202,217
synth_14228,217
synth_14204,217
synth_14213,217
synth_14183,217
synth_14180,217
synth_14203,217
synth_14179,217
synth_14199,217
synth_14224,217
synth_14235,217
synth_14198,217
synth_14232,217
synth_14234,217
synth_14206,217
synth_14220,217
synth_14177,217
synth_14187,217
synth_14209,217
synth_14176,217
synth_14211,217
synth_14196,217
synth_14214,217
synth_14190,217
synth_14174,217
synth_14215,217
synth_14205,217
synth_14229,217
synth_14219,217
synth_14233,217
synth_14212,217
synth_14173,217
synth_14216,217
synth_14175,217
synth_14218,217
synth_14227,217
synth_14239,216
synth_14292,216
synth_14289,216
synth_14260,216
synth_14303,216
synth_14276,216
synth_14251,216
synth_14271,216
synth_14280,216
synth_14287,216
synth_14298,216
synth_14249,216
synth_14296,216
synth_14261,216
synth_14279,216
synth_14291,216
synth_14240,216
synth_14267,216
synth_14274,216
synth_14284,216
synth_14293,216
synth_14301,216
synth_14252,216
synth_14250,216
synth_14268,216
synth_14264,216
synth_14282,216
synth_14245,216
synth_14300,216
synth_14269,216
synth_14281,216
synth_14248,216
synth_14256,216
synth_14299,216
synth_14295,216
synth_14263,216
synth_14286,216
synth_14283,216
synth_14259,216
synth_14262,216
synth_14294,216
synth_14288,216
synth_14242,216
synth_14265,216
synth_14302,216
synth_14246,216
synth_14278,216
synth_14247,216
synth_14257,216
synth_14266,216
synth_14244,216
synth_14285,216
synth_14275,216
synth_14273,216
synth_14297,216
synth_14272,216
synth_14258,216
synth_14270,216
synth_14290,216
synth_14241,216
synth_14304,216
synth_14243,216
synth_14255,216
synth_14277,216
synth_14253,216
synth_14254,216
synth_14316,215
synth_14312,215
synth_14351,215
synth_14321,215
synth_14306,215
synth_14334,215
synth_14368,215
synth_14326,215
synth_14317,215
synth_14332,215
synth_14342,215
synth_14354,215
synth_14359,215
synth_14363,215
synth_14325,215
synth_14320,215
synth_14345,215
synth_14360,215
synth_14324,215
synth_14335,215
synth_14350,215
synth_14333,215
synth_14367,215
synth_14364,215
synth_14366,215
synth_14305,215
synth_14308,215
synth_14307,215
synth_14323,215
synth_14319,215
synth_14311,215
synth_14338,215
synth_14341,215
synth_14361,215
synth_14346,215
synth_14337,215
synth_14353,215
synth_14358,215
synth_14365,215
synth_14327,215
synth_14330,215
synth_14371,215
synth_14369,215
synth_14370,215
synth_14352,215
synth_14309,215
synth_14315,215
synth_14322,215
synth_14313,215
synth_14344,215
synth_14328,215
synth_14318,215
synth_14347,215
synth_14340,215
synth_14356,215
synth_14336,215
synth_14362,215
synth_14331,215
synth_14357,215
synth_14314,215
synth_14329,215
synth_14349,215
synth_14310,215
synth_14348,215
synth_14355,215
synth_14339,215
synth_14343,215
synth_14435,214
synth_14437,214
synth_14427,214
synth_14372,214
synth_14423,214
synth_14417,214
synth_14382,214
synth_14416,214
synth_14375,214
synth_14415,214
synth_14420,214
synth_14379,214
synth_14390,214
synth_14411,214
synth_14376,214
synth_14418,214
synth_14383,214
synth_14397,214
synth_14431,214
synth_14406,214
synth_14378,214
synth_14396,214
synth_14429,214
synth_14402,214
synth_14432,214
synth_14412,214
synth_14389,214
synth_14403,214
synth_14433,214
synth_14386,214
synth_14401,214
synth_14404,214
synth_14407,214
synth_14393,214
synth_14410,214
synth_14421,214
synth_14434,214
synth_14428,214
synth_14391,214
synth_14400,214
synth_14377,214
synth_14413,214
synth_14438,214
synth_14380,214
synth_14422,214
synth_14374,214
synth_14408,214
synth_14399,214
synth_14387,214
synth_14405,214
synth_14409,214
synth_14388,214
synth_14381,214
synth_14385,214
synth_14384,214
synth_14414,214
synth_14419,214
synth_14425,214
synth_14373,214
synth_14392,214
synth_14398,214
synth_14424,214
synth_14426,214
synth_14430,214
synth_14394,214
synth_14395,214
synth_14436,214
synth_14452,213
synth_14471,213
synth_14441,213
synth_14484,213
synth_14506,213
synth_14453,213
synth_14460,213
synth_14485,213
synth_14491,213
synth_14472,213
synth_14487,213
synth_14449,213
synth_14458,213
synth_14446,213
synth_14498,213
synth_14500,213
synth_14497,213
synth_14502,213
synth_14504,213
synth_14481,213
synth_14455,213
synth_14444,213
synth_14450,213
synth_14462,213
synth_14468,213
synth_14463,213
synth_14466,213
synth_14447,213
synth_14443,213
synth_14482,213
synth_14478,213
synth_14501,213
synth_14456,213
synth_14457,213
synth_14459,213
synth_14496,213
synth_14454,213
synth_14439,213
synth_14479,213
synth_14499,213
synth_14469,213
synth_14461,213
synth_14486,213
synth_14488,213
synth_14495,213
synth_14470,213
synth_14475,213
synth_14483,213
synth_14492,213
synth_14493,213
synth_14448,213
synth_14440,213
synth_14442,213
synth_14467,213
synth_14476,213
synth_14505,213
synth_14451,213
synth_14473,213
synth_14477,213
synth_14503,213
synth_14464,213
synth_14474,213
synth_14445,213
synth_14494,213
synth_14465,213
synth_14480,213
synth_14490,213
synth_14489,213
synth_14568,212
synth_14529,212
synth_14560,212
synth_14518,212
synth_14536,212
synth_14563,212
synth_14509,212
synth_14533,212
synth_14564,212
synth_14538,212
synth_14566,212
synth_14571,212
synth_14515,212
synth_14574,212
synth_14511,212
synth_14510,212
synth_14545,212
synth_14531,212
synth_14558,212
synth_14546,212
synth_14548,212
synth_14575,212
synth_14516,212
synth_14544,212
synth_14565,212
synth_14530,212
synth_14550,212
synth_14517,212
synth_14507,212
synth_14556,212
synth_14522,212
synth_14525,212
synth_14562,212
synth_14553,212
synth_14537,212
synth_14521,212
synth_14508,212
synth_14532,212
synth_14540,212
synth_14573,212
synth_14526,212
synth_14542,212
synth_14523,212
synth_14524,212
synth_14554,212
synth_14541,212
synth_14572,212
synth_14514,212
synth_14527,212
synth_14551,212
synth_14535,212
synth_14552,212
synth_14559,212
synth_14513,212
synth_14539,212
synth_14512,212
synth_14570,212
synth_14549,212
synth_14543,212
synth_14555,212
synth_14557,212
synth_14519,212
synth_14567,212
synth_14520,212
synth_14569,212
synth_14561,212
synth_14528,212
synth_14534,212
synth_14547,212
synth_14609,211
synth_14644,211
synth_14583,211
synth_14632,211
synth_14603,211
synth_14634,211
synth_14593,211
synth_14621,211
synth_14596,211
synth_14595,211
synth_14608,211
synth_14586,211
synth_14613,211
synth_14635,211
synth_14619,211
synth_14615,211
synth_14585,211
synth_14617,211
synth_14584,211
synth_14638,211
synth_14577,211
synth_14622,211
synth_14600,211
synth_14602,211
synth_14580,211
synth_14624,211
synth_14636,211
synth_14639,211
synth_14640,211
synth_14607,211
synth_14594,211
synth_14623,211
synth_14628,211
synth_14616,211
synth_14643,211
synth_14591,211
synth_14582,211
synth_14625,211
synth_14629,211
synth_14612,211
synth_14631,211
synth_14589,211
synth_14633,211
synth_14620,211
synth_14599,211
synth_14581,211
synth_14590,211
synth_14601,211
synth_14578,211
synth_14588,211
synth_14610,211
synth_14605,211
synth_14626,211
synth_14587,211
synth_14592,211
synth_14598,211
synth_14606,211
synth_14630,211
synth_14614,211
synth_14627,211
synth_14579,211
synth_14597,211
synth_14641,211
synth_14604,211
synth_14618,211
synth_14642,211
synth_14576,211
synth_14611,211
synth_14637,211
synth_14661,210
synth_14700,210
synth_14697,210
synth_14672,210
synth_14679,210
synth_14662,210
synth_14676,210
synth_14693,210
synth_14658,210
synth_14649,210
synth_14656,210
synth_14678,210
synth_14665,210
synth_14675,210
synth_14671,210
synth_14645,210
synth_14673,210
synth_14708,210
synth_14699,210
synth_14654,210
synth_14703,210
synth_14664,210
synth_14668,210
synth_14669,210
synth_14646,210
synth_14712,210
synth_14709,210
synth_14691,210
synth_14695,210
synth_14704,210
synth_14667,210
synth_14710,210
synth_14681,210
synth_14653,210
synth_14659,210
synth_14666,210
synth_14670,210
synth_14651,210
synth_14655,210
synth_14657,210
synth_14689,210
synth_14652,210
synth_14685,210
synth_14690,210
synth_14692,210
synth_14687,210
synth_14702,210
synth_14696,210
synth_14660,210
synth_14688,210
synth_14686,210
synth_14680,210
synth_14711,210
synth_14682,210
synth_14647,210
synth_14694,210
synth_14683,210
synth_14674,210
synth_14698,210
synth_14706,210
synth_14650,210
synth_14648,210
synth_14705,210
synth_14663,210
synth_14677,210
synth_14701,210
synth_14707,210
synth_14713,210
synth_14714,210
synth_14684,210
synth_14730,209
synth_14737,209
synth_14774,209
synth_14740,209
synth_14721,209
synth_14748,209
synth_14728,209
synth_14736,209
synth_14726,209
synth_14745,209
synth_14723,209
synth_14755,209
synth_14756,209
synth_14725,209
synth_14741,209
synth_14751,209
synth_14754,209
synth_14759,209
synth_14717,209
synth_14739,209
synth_14762,209
synth_14746,209
synth_14735,209
synth_14766,209
synth_14779,209
synth_14771,209
synth_14719,209
synth_14729,209
synth_14773,209
synth_14777,209
synth_14781,209
synth_14763,209
synth_14749,209
synth_14767,209
synth_14738,209
synth_14782,209
synth_14776,209
synth_14724,209
synth_14716,209
synth_14744,209
synth_14778,209
synth_14743,209
synth_14734,209
synth_14770,209
synth_14732,209
synth_14775,209
synth_14768,209
synth_14731,209
synth_14715,209
synth_14747,209
synth_14764,209
synth_14780,209
synth_14720,209
synth_14727,209
synth_14752,209
synth_14769,209
synth_14722,209
synth_14757,209
synth_14733,209
synth_14784,209
synth_14760,209
synth_14718,209
synth_14758,209
synth_14742,209
synth_14753,209
synth_14750,209
synth_14761,209
synth_14772,209
synth_14783,209
synth_14765,209
synth_14808,208
synth_14805,208
synth_14845,208
synth_14789,208
synth_14851,208
synth_14797,208
synth_14835,208
synth_14809,208
synth_14836,208
synth_14803,208
synth_14833,208
synth_14852,208
synth_14795,208
synth_14831,208
synth_14787,208
synth_14801,208
synth_14837,208
synth_14807,208
synth_14791,208
synth_14838,208
synth_14812,208
synth_14830,208
synth_14796,208
synth_14850,208
synth_14817,208
synth_14820,208
synth_14786,208
synth_14849,208
synth_14828,208
synth_14827,208
synth_14810,208
synth_14794,208
synth_14814,208
synth_14839,208
synth_14802,208
synth_14811,208
synth_14834,208
synth_14798,208
synth_14823,208
synth_14792,208
synth_14848,208
synth_14855,208
synth_14832,208
synth_14824,208
synth_14841,208
synth_14854,208
synth_14826,208
synth_14819,208
synth_14844,208
synth_14788,208
synth_14822,208
synth_14825,208
synth_14818,208
synth_14843,208
synth_14853,208
synth_14840,208
synth_14804,208
synth_14813,208
synth_14785,208
synth_14799,208
synth_14790,208
synth_14842,208
synth_14800,208
synth_14821,208
synth_14793,208
synth_14829,208
synth_14847,208
synth_14806,208
synth_14815,208
synth_14816,208
synth_14846,208
synth_14865,207
synth_14871,207
synth_14926,207
synth_14872,207
synth_14904,207
synth_14911,207
synth_14897,207
synth_14883,207
synth_14860,207
synth_14896,207
synth_14861,207
synth_14915,207
synth_14899,207
synth_14914,207
synth_14921,207
synth_14882,207
synth_14858,207
synth_14890,207
synth_14864,207
synth_14884,207
synth_14886,207
synth_14919,207
synth_14869,207
synth_14900,207
synth_14874,207
synth_14894,207
synth_14927,207
synth_14920,207
synth_14892,207
synth_14913,207
synth_14922,207
synth_14905,207
synth_14912,207
synth_14917,207
synth_14924,207
synth_14887,207
synth_14903,207
synth_14857,207
synth_14901,207
synth_14895,207
synth_14902,207
synth_14876,207
synth_14906,207
synth_14863,207
synth_14870,207
synth_14918,207
synth_14866,207
synth_14875,207
synth_14867,207
synth_14859,207
synth_14907,207
synth_14879,207
synth_14893,207
synth_14880,207
synth_14881,207
synth_14889,207
synth_14856,207
synth_14862,207
synth_14923,207
synth_14888,207
synth_14908,207
synth_14910,207
synth_14898,207
synth_14868,207
synth_14885,207
synth_14909,207
synth_14925,207
synth_14873,207
synth_14877,207
synth_14878,207
synth_14891,207
synth_14916,207
synth_14968,206
synth_14933,206
synth_14935,206
synth_14983,206
synth_14949,206
synth_14965,206
synth_14934,206
synth_14970,206
synth_14962,206
synth_14957,206
synth_14952,206
synth_14943,206
synth_14937,206
synth_14939,206
synth_14947,206
synth_14941,206
synth_14953,206
synth_14960,206
synth_14963,206
synth_14984,206
synth_14972,206
synth_14991,206
synth_14942,206
synth_14955,206
synth_14948,206
synth_14976,206
synth_14930,206
synth_14945,206
synth_14954,206
synth_14971,206
synth_14959,206
synth_14986,206
synth_14969,206
synth_14994,206
synth_14961,206
synth_14932,206
synth_14975,206
synth_14929,206
synth_14946,206
synth_14990,206
synth_14974,206
synth_14997,206
synth_14964,206
synth_14988,206
synth_14951,206
synth_14966,206
synth_14980,206
synth_14995,206
synth_14989,206
synth_14985,206
synth_14938,206
synth_14958,206
synth_14992,206
synth_14950,206
synth_14931,206
synth_14982,206
synth_14999,206
synth_14973,206
synth_14936,206
synth_14993,206
synth_15000,206
synth_14956,206
synth_14928,206
synth_14977,206
synth_14944,206
synth_14967,206
synth_14987,206
synth_14998,206
synth_14981,206
synth_14978,206
synth_14940,206
synth_14996,206
synth_14979,206
synth_15018,205
synth_15023,205
synth_15039,205
synth_15011,205
synth_15050,205
synth_15071,205
synth_15033,205
synth_15047,205
synth_15001,205
synth_15003,205
synth_15035,205
synth_15057,205
synth_15007,205
synth_15029,205
synth_15068,205
synth_15038,205
synth_15065,205
synth_15040,205
synth_15024,205
synth_15032,205
synth_15056,205
synth_15017,205
synth_15061,205
synth_15058,205
synth_15009,205
synth_15049,205
synth_15073,205
synth_15025,205
synth_15069,205
synth_15005,205
synth_15015,205
synth_15072,205
synth_15031,205
synth_15060,205
synth_15054,205
synth_15028,205
synth_15013,205
synth_15052,205
synth_15066,205
synth_15070,205
synth_15012,205
synth_15062,205
synth_15002,205
synth_15041,205
synth_15030,205
synth_15051,205
synth_15010,205
synth_15022,205
synth_15053,205
synth_15036,205
synth_15067,205
synth_15043,205
synth_15042,205
synth_15027,205
synth_15021,205
synth_15004,205
synth_15020,205
synth_15037,205
synth_15044,205
synth_15046,205
synth_15059,205
synth_15006,205
synth_15045,205
synth_15016,205
synth_15034,205
synth_15014,205
synth_15055,205
synth_15048,205
synth_15019,205
synth_15064,205
synth_15008,205
synth_15026,205
synth_15063,205
synth_15077,204
synth_15104,204
synth_15107,204
synth_15139,204
synth_15147,204
synth_15103,204
synth_15084,204
synth_15125,204
synth_15101,204
synth_15142,204
synth_15118,204
synth_15112,204
synth_15076,204
synth_15141,204
synth_15133,204
synth_15110,204
synth_15129,204
synth_15091,204
synth_15083,204
synth_15093,204
synth_15080,204
synth_15089,204
synth_15115,204
synth_15087,204
synth_15138,204
synth_15134,204
synth_15088,204
synth_15092,204
synth_15081,204
synth_15090,204
synth_15136,204
synth_15096,204
synth_15111,204
synth_15131,204
synth_15105,204
synth_15116,204
synth_15132,204
synth_15114,204
synth_15120,204
synth_15086,204
synth_15137,204
synth_15146,204
synth_15140,204
synth_15082,204
synth_15102,204
synth_15119,204
synth_15130,204
synth_15127,204
synth_15117,204
synth_15074,204
synth_15143,204
synth_15123,204
synth_15079,204
synth_15078,204
synth_15145,204
synth_15144,204
synth_15121,204
synth_15124,204
synth_15085,204
synth_15099,204
synth_15113,204
synth_15100,204
synth_15095,204
synth_15122,204
synth_15098,204
synth_15075,204
synth_15106,204
synth_15135,204
synth_15097,204
synth_15108,204
synth_15128,204
synth_15126,204
synth_15109,204
synth_15094,204
synth_15203,203
synth_15201,203
synth_15206,203
synth_15176,203
synth_15174,203
synth_15166,203
synth_15167,203
synth_15161,203
synth_15222,203
synth_15186,203
synth_15211,203
synth_15189,203
synth_15182,203
synth_15196,203
synth_15209,203
synth_15187,203
synth_15165,203
synth_15158,203
synth_15170,203
synth_15210,203
synth_15217,203
synth_15179,203
synth_15195,203
synth_15171,203
synth_15205,203
synth_15215,203
synth_15157,203
synth_15173,203
synth_15153,203
synth_15148,203
synth_15149,203
synth_15151,203
synth_15162,203
synth_15177,203
synth_15194,203
synth_15160,203
synth_15202,203
synth_15154,203
synth_15178,203
synth_15184,203
synth_15221,203
synth_15159,203
synth_15200,203
synth_15219,203
synth_15220,203
synth_15216,203
synth_15163,203
synth_15212,203
synth_15150,203
synth_15164,203
synth_15208,203
synth_15197,203
synth_15169,203
synth_15172,203
synth_15183,203
synth_15199,203
synth_15185,203
synth_15214,203
synth_15204,203
synth_15188,203
synth_15155,203
synth_15152,203
synth_15175,203
synth_15191,203
synth_15218,203
synth_15181,203
synth_15193,203
synth_15156,203
synth_15168,203
synth_15190,203
synth_15198,203
synth_15192,203
synth_15180,203
synth_15207,203
synth_15213,203
synth_15266,202
synth_15281,202
synth_15230,202
synth_15295,202
synth_15275,202
synth_15236,202
synth_15292,202
synth_15223,202
synth_15248,202
synth_15276,202
synth_15267,202
synth_15274,202
synth_15255,202
synth_15235,202
synth_15231,202
synth_15285,202
synth_15237,202
synth_15234,202
synth_15243,202
synth_15273,202
synth_15254,202
synth_15228,202
synth_15261,202
synth_15269,202
synth_15242,202
synth_15263,202
synth_15283,202
synth_15247,202
synth_15279,202
synth_15268,202
synth_15265,202
synth_15264,202
synth_15282,202
synth_15238,202
synth_15226,202
synth_15251,202
synth_15241,202
synth_15233,202
synth_15294,202
synth_15246,202
synth_15296,202
synth_15244,202
synth_15277,202
synth_15290,202
synth_15257,202
synth_15253,202
synth_15232,202
synth_15271,202
synth_15245,202
synth_15280,202
synth_15284,202
synth_15225,202
synth_15252,202
synth_15287,202
synth_15278,202
synth_15256,202
synth_15298,202
synth_15240,202
synth_15289,202
synth_15229,202
synth_15297,202
synth_15249,202
synth_15258,202
synth_15262,202
synth_15250,202
synth_15239,202
synth_15293,202
synth_15227,202
synth_15259,202
synth_15288,202
synth_15224,202
synth_15272,202
synth_15286,202
synth_15260,202
synth_15291,202
synth_15270,202
synth_15325,201
synth_15340,201
synth_15306,201
synth_15329,201
synth_15351,201
synth_15307,201
synth_15318,201
synth_15366,201
synth_15373,201
synth_15362,201
synth_15338,201
synth_15322,201
synth_15369,201
synth_15342,201
synth_15327,201
synth_15300,201
synth_15320,201
synth_15349,201
synth_15328,201
synth_15348,201
synth_15357,201
synth_15361,201
synth_15317,201
synth_15319,201
synth_15302,201
synth_15345,201
synth_15303,201
synth_15333,201
synth_15315,201
synth_15352,201
synth_15343,201
synth_15371,201
synth_15326,201
synth_15312,201
synth_15335,201
synth_15330,201
synth_15353,201
synth_15311,201
synth_15365,201
synth_15368,201
synth_15360,201
synth_15374,201
synth_15363,201
synth_15332,201
synth_15370,201
synth_15339,201
synth_15316,201
synth_15354,201
synth_15305,201
synth_15334,201
synth_15336,201
synth_15321,201
synth_15346,201
synth_15358,201
synth_15301,201
synth_15359,201
synth_15304,201
synth_15341,201
synth_15355,201
synth_15337,201
synth_15314,201
synth_15344,201
synth_15331,201
synth_15299,201
synth_15308,201
synth_15323,201
synth_15356,201
synth_15350,201
synth_15367,201
synth_15364,201
synth_15324,201
synth_15347,201
synth_15313,201
synth_15310,201
synth_15372,201
synth_15309,201
synth_15451,200
synth_15447,200
synth_15434,200
synth_15386,200
synth_15398,200
synth_15415,200
synth_15416,200
synth_15424,200
synth_15444,200
synth_15375,200
synth_15420,200
synth_15426,200
synth_15391,200
synth_15433,200
synth_15450,200
synth_15432,200
synth_15396,200
synth_15442,200
synth_15387,200
synth_15393,200
synth_15437,200
synth_15414,200
synth_15377,200
synth_15418,200
synth_15412,200
synth_15427,200
synth_15431,200
synth_15410,200
synth_15382,200
synth_15383,200
synth_15436,200
synth_15385,200
synth_15439,200
synth_15378,200
synth_15379,200
synth_15407,200
synth_15446,200
synth_15449,200
synth_15376,200
synth_15411,200
synth_15429,200
synth_15406,200
synth_15408,200
synth_15380,200
synth_15443,200
synth_15445,200
synth_15381,200
synth_15403,200
synth_15435,200
synth_15400,200
synth_15413,200
synth_15448,200
synth_15397,200
synth_15401,200
synth_15441,200
synth_15395,200
synth_15428,200
synth_15422,200
synth_15409,200
synth_15392,200
synth_15421,200
synth_15388,200
synth_15394,200
synth_15438,200
synth_15425,200
synth_15417,200
synth_15423,200
synth_15440,200
synth_15404,200
synth_15384,200
synth_15402,200
synth_15405,200
synth_15390,200
synth_15399,200
synth_15389,200
synth_15430,200
synth_15419,200
synth_15468,199
synth_15488,199
synth_15466,199
synth_15502,199
synth_15515,199
synth_15455,199
synth_15496,199
synth_15497,199
synth_15501,199
synth_15485,199
synth_15475,199
synth_15493,199
synth_15459,199
synth_15510,199
synth_15528,199
synth_15511,199
synth_15456,199
synth_15458,199
synth_15473,199
synth_15498,199
synth_15529,199
synth_15522,199
synth_15519,199
synth_15524,199
synth_15507,199
synth_15499,199
synth_15478,199
synth_15484,199
synth_15506,199
synth_15465,199
synth_15495,199
synth_15486,199
synth_15512,199
synth_15453,199
synth_15469,199
synth_15481,199
synth_15472,199
synth_15494,199
synth_15454,199
synth_15490,199
synth_15462,199
synth_15523,199
synth_15463,199
synth_15470,199
synth_15479,199
synth_15518,199
synth_15452,199
synth_15460,199
synth_15505,199
synth_15482,199
synth_15526,199
synth_15509,199
synth_15471,199
synth_15461,199
synth_15527,199
synth_15477,199
synth_15474,199
synth_15514,199
synth_15464,199
synth_15467,199
synth_15483,199
synth_15508,199
synth_15476,199
synth_15525,199
synth_15500,199
synth_15504,199
synth_15491,199
synth_15516,199
synth_15503,199
synth_15521,199
synth_15492,199
synth_15457,199
synth_15520,199
synth_15517,199
synth_15480,199
synth_15487,199
synth_15489,199
synth_15513,199
synth_15578,198
synth_15552,198
synth_15586,198
synth_15595,198
synth_15603,198
synth_15567,198
synth_15591,198
synth_15572,198
synth_15569,198
synth_15555,198
synth_15581,198
synth_15597,198
synth_15585,198
synth_15530,198
synth_15533,198
synth_15553,198
synth_15588,198
synth_15571,198
synth_15539,198
synth_15565,198
synth_15547,198
synth_15537,198
synth_15576,198
synth_15604,198
synth_15563,198
synth_15594,198
synth_15542,198
synth_15598,198
synth_15568,198
synth_15592,198
synth_15587,198
synth_15599,198
synth_15550,198
synth_15548,198
synth_15596,198
synth_15544,198
synth_15554,198
synth_15601,198
synth_15600,198
synth_15590,198
synth_15584,198
synth_15538,198
synth_15577,198
synth_15545,198
synth_15534,198
synth_15602,198
synth_15556,198
synth_15561,198
synth_15551,198
synth_15543,198
synth_15583,198
synth_15549,198
synth_15589,198
synth_15562,198
synth_15560,198
synth_15582,198
synth_15570,198
synth_15546,198
synth_15535,198
synth_15593,198
synth_15536,198
synth_15559,198
synth_15574,198
synth_15573,198
synth_15532,198
synth_15531,198
synth_15606,198
synth_15557,198
synth_15566,198
synth_15605,198
synth_15579,198
synth_15540,198
synth_15558,198
synth_15564,198
synth_15607,198
synth_15608,198
synth_15575,198
synth_15580,198
synth_15541,198
synth_15656,197
synth_15609,197
synth_15663,197
synth_15661,197
synth_15673,197
synth_15648,197
synth_15676,197
synth_15666,197
synth_15662,197
synth_15671,197
synth_15624,197
synth_15686,197
synth_15627,197
synth_15610,197
synth_15636,197
synth_15658,197
synth_15667,197
synth_15614,197
synth_15677,197
synth_15637,197
synth_15655,197
synth_15625,197
synth_15680,197
synth_15681,197
synth_15682,197
synth_15657,197
synth_15635,197
synth_15669,197
synth_15659,197
synth_15630,197
synth_15649,197
synth_15668,197
synth_15626,197
synth_15644,197
synth_15619,197
synth_15629,197
synth_15617,197
synth_15653,197
synth_15651,197
synth_15634,197
synth_15622,197
synth_15652,197
synth_15612,197
synth_15633,197
synth_15665,197
synth_15646,197
synth_15613,197
synth_15639,197
synth_15641,197
synth_15654,197
synth_15623,197
synth_15620,197
synth_15632,197
synth_15678,197
synth_15672,197
synth_15647,197
synth_15643,197
synth_15664,197
synth_15687,197
synth_15660,197
synth_15611,197
synth_15683,197
synth_15679,197
synth_15684,197
synth_15631,197
synth_15628,197
synth_15640,197
synth_15642,197
synth_15618,197
synth_15685,197
synth_15645,197
synth_15675,197
synth_15615,197
synth_15650,197
synth_15670,197
synth_15674,197
synth_15621,197
synth_15616,197
synth_15638,197
synth_15740,196
synth_15700,196
synth_15749,196
synth_15690,196
synth_15752,196
synth_15704,196
synth_15717,196
synth_15758,196
synth_15688,196
synth_15718,196
synth_15722,196
synth_15724,196
synth_15733,196
synth_15744,196
synth_15705,196
synth_15699,196
synth_15710,196
synth_15759,196
synth_15761,196
synth_15730,196
synth_15706,196
synth_15737,196
synth_15746,196
synth_15713,196
synth_15766,196
synth_15754,196
synth_15738,196
synth_15703,196
synth_15691,196
synth_15747,196
synth_15743,196
synth_15694,196
synth_15697,196
synth_15751,196
synth_15715,196
synth_15721,196
synth_15723,196
synth_15767,196
synth_15692,196
synth_15741,196
synth_15762,196
synth_15731,196
synth_15753,196
synth_15689,196
synth_15693,196
synth_15735,196
synth_15696,196
synth_15707,196
synth_15728,196
synth_15712,196
synth_15755,196
synth_15756,196
synth_15695,196
synth_15709,196
synth_15750,196
synth_15729,196
synth_15698,196
synth_15702,196
synth_15732,196
synth_15726,196
synth_15708,196
synth_15748,196
synth_15742,196
synth_15711,196
synth_15725,196
synth_15764,196
synth_15701,196
synth_15727,196
synth_15714,196
synth_15757,196
synth_15760,196
synth_15765,196
synth_15745,196
synth_15719,196
synth_15736,196
synth_15739,196
synth_15716,196
synth_15763,196
synth_15720,196
synth_15734,196
synth_15804,195
synth_15797,195
synth_15798,195
synth_15800,195
synth_15799,195
synth_15784,195
synth_15818,195
synth_15771,195
synth_15796,195
synth_15806,195
synth_15785,195
synth_15772,195
synth_15807,195
synth_15841,195
synth_15788,195
synth_15834,195
synth_15792,195
synth_15846,195
synth_15802,195
synth_15830,195
synth_15768,195
synth_15791,195
synth_15809,195
synth_15831,195
synth_15821,195
synth_15827,195
synth_15837,195
synth_15822,195
synth_15823,195
synth_15820,195
synth_15775,195
synth_15776,195
synth_15845,195
synth_15801,195
synth_15795,195
synth_15789,195
synth_15839,195
synth_15808,195
synth_15813,195
synth_15832,195
synth_15833,195
synth_15787,195
synth_15794,195
synth_15838,195
synth_15786,195
synth_15811,195
synth_15793,195
synth_15825,195
synth_15817,195
synth_15778,195
synth_15779,195
synth_15843,195
synth_15803,195
synth_15844,195
synth_15770,195
synth_15816,195
synth_15780,195
synth_15848,195
synth_15782,195
synth_15835,195
synth_15847,195
synth_15842,195
synth_15810,195
synth_15819,195
synth_15812,195
synth_15773,195
synth_15783,195
synth_15829,195
synth_15826,195
synth_15777,195
synth_15840,195
synth_15824,195
synth_15774,195
synth_15805,195
synth_15781,195
synth_15814,195
synth_15769,195
synth_15828,195
synth_15815,195
synth_15836,195
synth_15790,195
synth_15892,194
synth_15868,194
synth_15893,194
synth_15858,194
synth_15888,194
synth_15906,194
synth_15911,194
synth_15861,194
synth_15880,194
synth_15903,194
synth_15852,194
synth_15913,194
synth_15864,194
synth_15920,194
synth_15874,194
synth_15898,194
synth_15904,194
synth_15876,194
synth_15912,194
synth_15860,194
synth_15882,194
synth_15930,194
synth_15923,194
synth_15854,194
synth_15878,194
synth_15916,194
synth_15921,194
synth_15865,194
synth_15866,194
synth_15869,194
synth_15897,194
synth_15857,194
synth_15908,194
synth_15910,194
synth_15872,194
synth_15885,194
synth_15883,194
synth_15889,194
synth_15929,194
synth_15915,194
synth_15926,194
synth_15918,194
synth_15919,194
synth_15850,194
synth_15901,194
synth_15870,194
synth_15875,194
synth_15853,194
synth_15849,194
synth_15855,194
synth_15928,194
synth_15891,194
synth_15859,194
synth_15914,194
synth_15884,194
synth_15886,194
synth_15871,194
synth_15890,194
synth_15917,194
synth_15927,194
synth_15900,194
synth_15879,194
synth_15881,194
synth_15873,194
synth_15887,194
synth_15851,194
synth_15856,194
synth_15877,194
synth_15907,194
synth_15896,194
synth_15925,194
synth_15894,194
synth_15899,194
synth_15902,194
synth_15905,194
synth_15895,194
synth_15922,194
synth_15862,194
synth_15909,194
synth_15924,194
synth_15867,194
synth_15863,194
synth_15972,193
synth_15961,193
synth_15949,193
synth_15953,193
synth_15982,193
synth_15984,193
synth_15978,193
synth_15966,193
synth_16003,193
synth_15931,193
synth_15959,193
synth_15942,193
synth_15944,193
synth_15993,193
synth_15945,193
synth_15971,193
synth_16000,193
synth_15970,193
synth_15981,193
synth_15955,193
synth_16006,193
synth_15960,193
synth_15987,193
synth_15934,193
synth_15999,193
synth_15962,193
synth_15963,193
synth_16011,193
synth_16007,193
synth_16010,193
synth_15992,193
synth_15976,193
synth_16002,193
synth_16013,193
synth_16001,193
synth_15979,193
synth_15938,193
synth_15957,193
synth_15983,193
synth_16012,193
synth_16004,193
synth_15936,193
synth_15991,193
synth_15950,193
synth_15990,193
synth_15951,193
synth_15967,193
synth_15986,193
synth_15937,193
synth_15980,193
synth_15985,193
synth_15975,193
synth_15969,193
synth_15954,193
synth_15948,193
synth_15940,193
synth_15952,193
synth_15956,193
synth_16009,193
synth_16008,193
synth_15941,193
synth_15989,193
synth_15965,193
synth_15973,193
synth_15988,193
synth_16005,193
synth_15995,193
synth_15998,193
synth_15943,193
synth_15958,193
synth_15977,193
synth_15946,193
synth_15974,193
synth_15964,193
synth_15997,193
synth_15996,193
synth_15933,193
synth_15932,193
synth_15939,193
synth_15935,193
synth_15947,193
synth_15968,193
synth_15994,193
synth_16026,192
synth_16096,192
synth_16078,192
synth_16079,192
synth_16073,192
synth_16090,192
synth_16097,192
synth_16082,192
synth_16089,192
synth_16062,192
synth_16039,192
synth_16017,192
synth_16068,192
synth_16043,192
synth_16049,192
synth_16020,192
synth_16072,192
synth_16036,192
synth_16070,192
synth_16018,192
synth_16021,192
synth_16030,192
synth_16031,192
synth_16048,192
synth_16065,192
synth_16088,192
synth_16058,192
synth_16052,192
synth_16042,192
synth_16032,192
synth_16060,192
synth_16051,192
synth_16057,192
synth_16023,192
synth_16055,192
synth_16091,192
synth_16028,192
synth_16056,192
synth_16084,192
synth_16027,192
synth_16033,192
synth_16059,192
synth_16071,192
synth_16037,192
synth_16066,192
synth_16080,192
synth_16025,192
synth_16076,192
synth_16046,192
synth_16054,192
synth_16029,192
synth_16019,192
synth_16038,192
synth_16077,192
synth_16095,192
synth_16035,192
synth_16034,192
synth_16061,192
synth_16014,192
synth_16053,192
synth_16050,192
synth_16085,192
synth_16015,192
synth_16016,192
synth_16024,192
synth_16022,192
synth_16047,192
synth_16041,192
synth_16075,192
synth_16064,192
synth_16087,192
synth_16094,192
synth_16063,192
synth_16093,192
synth_16081,192
synth_16083,192
synth_16045,192
synth_16074,192
synth_16040,192
synth_16044,192
synth_16069,192
synth_16092,192
synth_16067,192
synth_16086,192
synth_16105,191
synth_16152,191
synth_16165,191
synth_16177,191
synth_16155,191
synth_16130,191
synth_16139,191
synth_16127,191
synth_16131,191
synth_16136,191
synth_16137,191
synth_16172,191
synth_16174,191
synth_16154,191
synth_16102,191
synth_16138,191
synth_16111,191
synth_16124,191
synth_16114,191
synth_16153,191
synth_16115,191
synth_16166,191
synth_16104,191
synth_16168,191
synth_16129,191
synth_16162,191
synth_16169,191
synth_16135,191
synth_16164,191
synth_16175,191
synth_16150,191
synth_16098,191
synth_16176,191
synth_16118,191
synth_16147,191
synth_16161,191
synth_16121,191
synth_16171,191
synth_16103,191
synth_16163,191
synth_16133,191
synth_16109,191
synth_16120,191
synth_16128,191
synth_16101,191
synth_16142,191
synth_16158,191
synth_16108,191
synth_16149,191
synth_16100,191
synth_16145,191
synth_16099,191
synth_16178,191
synth_16140,191
synth_16151,191
synth_16122,191
synth_16170,191
synth_16159,191
synth_16113,191
synth_16116,191
synth_16173,191
synth_16167,191
synth_16179,191
synth_16107,191
synth_16160,191
synth_16126,191
synth_16157,191
synth_16181,191
synth_16123,191
synth_16148,191
synth_16180,191
synth_16110,191
synth_16132,191
synth_16143,191
synth_16117,191
synth_16146,191
synth_16106,191
synth_16112,191
synth_16141,191
synth_16125,191
synth_16134,191
synth_16144,191
synth_16119,191
synth_16156,191
synth_16264,190
synth_16232,190
synth_16184,190
synth_16257,190
synth_16230,190
synth_16252,190
synth_16259,190
synth_16254,190
synth_16241,190
synth_16219,190
synth_16227,190
synth_16256,190
synth_16223,190
synth_16229,190
synth_16217,190
synth_16220,190
synth_16258,190
synth_16263,190
synth_16240,190
synth_16207,190
synth_16212,190
synth_16225,190
synth_16226,190
synth_16214,190
synth_16206,190
synth_16188,190
synth_16234,190
synth_16249,190
synth_16190,190
synth_16205,190
synth_16192,190
synth_16186,190
synth_16221,190
synth_16216,190
synth_16245,190
synth_16224,190
synth_16267,190
synth_16204,190
synth_16193,190
synth_16201,190
synth_16250,190
synth_16255,190
synth_16262,190
synth_16196,190
synth_16202,190
synth_16251,190
synth_16237,190
synth_16247,190
synth_16185,190
synth_16191,190
synth_16236,190
synth_16242,190
synth_16198,190
synth_16195,190
synth_16197,190
synth_16199,190
synth_16244,190
synth_16260,190
synth_16210,190
synth_16211,190
synth_16246,190
synth_16183,190
synth_16222,190
synth_16248,190
synth_16209,190
synth_16187,190
synth_16238,190
synth_16235,190
synth_16189,190
synth_16203,190
synth_16182,190
synth_16231,190
synth_16239,190
synth_16218,190
synth_16208,190
synth_16228,190
synth_16233,190
synth_16213,190
synth_16253,190
synth_16243,190
synth_16261,190
synth_16265,190
synth_16194,190
synth_16215,190
synth_16266,190
synth_16200,190
synth_16319,189
synth_16325,189
synth_16290,189
synth_16302,189
synth_16339,189
synth_16291,189
synth_16316,189
synth_16318,189
synth_16353,189
synth_16282,189
synth_16275,189
synth_16328,189
synth_16309,189
synth_16313,189
synth_16327,189
synth_16279,189
synth_16289,189
synth_16303,189
synth_16336,189
synth_16352,189
synth_16345,189
synth_16298,189
synth_16280,189
synth_16287,189
synth_16293,189
synth_16305,189
synth_16338,189
synth_16281,189
synth_16300,189
synth_16331,189
synth_16342,189
synth_16340,189
synth_16273,189
synth_16288,189
synth_16326,189
synth_16301,189
synth_16317,189
synth_16294,189
synth_16278,189
synth_16299,189
synth_16321,189
synth_16320,189
synth_16334,189
synth_16344,189
synth_16311,189
synth_16346,189
synth_16341,189
synth_16306,189
synth_16268,189
synth_16304,189
synth_16335,189
synth_16308,189
synth_16271,189
synth_16323,189
synth_16333,189
synth_16284,189
synth_16295,189
synth_16351,189
synth_16324,189
synth_16343,189
synth_16296,189
synth_16310,189
synth_16349,189
synth_16307,189
synth_16272,189
synth_16270,189
synth_16283,189
synth_16329,189
synth_16285,189
synth_16348,189
synth_16330,189
synth_16292,189
synth_16286,189
synth_16347,189
synth_16332,189
synth_16269,189
synth_16337,189
synth_16312,189
synth_16297,189
synth_16274,189
synth_16315,189
synth_16350,189
synth_16276,189
synth_16322,189
synth_16277,189
synth_16314,189
synth_16370,188
synth_16400,188
synth_16438,188
synth_16440,188
synth_16386,188
synth_16396,188
synth_16437,188
synth_16433,188
synth_16381,188
synth_16385,188
synth_16435,188
synth_16378,188
synth_16363,188
synth_16368,188
synth_16429,188
synth_16392,188
synth_16374,188
synth_16430,188
synth_16414,188
synth_16382,188
synth_16415,188
synth_16401,188
synth_16431,188
synth_16393,188
synth_16399,188
synth_16372,188
synth_16418,188
synth_16411,188
synth_16362,188
synth_16359,188
synth_16366,188
synth_16427,188
synth_16416,188
synth_16439,188
synth_16423,188
synth_16432,188
synth_16417,188
synth_16380,188
synth_16394,188
synth_16403,188
synth_16377,188
synth_16420,188
synth_16426,188
synth_16379,188
synth_16428,188
synth_16419,188
synth_16404,188
synth_16355,188
synth_16407,188
synth_16375,188
synth_16365,188
synth_16384,188
synth_16409,188
synth_16405,188
synth_16387,188
synth_16406,188
synth_16425,188
synth_16408,188
synth_16410,188
synth_16413,188
synth_16367,188
synth_16402,188
synth_16421,188
synth_16434,188
synth_16369,188
synth_16424,188
synth_16357,188
synth_16383,188
synth_16391,188
synth_16388,188
synth_16358,188
synth_16389,188
synth_16364,188
synth_16397,188
synth_16373,188
synth_16398,188
synth_16422,188
synth_16412,188
synth_16356,188
synth_16361,188
synth_16376,188
synth_16390,188
synth_16354,188
synth_16436,188
synth_16371,188
synth_16360,188
synth_16395,188
synth_16493,187
synth_16473,187
synth_16470,187
synth_16514,187
synth_16467,187
synth_16449,187
synth_16469,187
synth_16458,187
synth_16505,187
synth_16453,187
synth_16501,187
synth_16486,187
synth_16508,187
synth_16492,187
synth_16515,187
synth_16494,187
synth_16509,187
synth_16521,187
synth_16497,187
synth_16446,187
synth_16498,187
synth_16504,187
synth_16487,187
synth_16485,187
synth_16445,187
synth_16481,187
synth_16450,187
synth_16442,187
synth_16471,187
synth_16503,187
synth_16455,187
synth_16510,187
synth_16516,187
synth_16477,187
synth_16472,187
synth_16519,187
synth_16461,187
synth_16523,187
synth_16518,187
synth_16454,187
synth_16524,187
synth_16475,187
synth_16448,187
synth_16522,187
synth_16459,187
synth_16463,187
synth_16476,187
synth_16478,187
synth_16466,187
synth_16527,187
synth_16496,187
synth_16462,187
synth_16489,187
synth_16512,187
synth_16447,187
synth_16495,187
synth_16479,187
synth_16460,187
synth_16506,187
synth_16457,187
synth_16499,187
synth_16452,187
synth_16491,187
synth_16526,187
synth_16520,187
synth_16456,187
synth_16443,187
synth_16511,187
synth_16488,187
synth_16441,187
synth_16465,187
synth_16444,187
synth_16528,187
synth_16451,187
synth_16517,187
synth_16490,187
synth_16464,187
synth_16502,187
synth_16474,187
synth_16513,187
synth_16500,187
synth_16507,187
synth_16482,187
synth_16483,187
synth_16468,187
synth_16525,187
synth_16480,187
synth_16484,187
synth_16543,186
synth_16588,186
synth_16600,186
synth_16538,186
synth_16576,186
synth_16555,186
synth_16593,186
synth_16549,186
synth_16609,186
synth_16566,186
synth_16571,186
synth_16556,186
synth_16545,186
synth_16599,186
synth_16535,186
synth_16540,186
synth_16604,186
synth_16568,186
synth_16573,186
synth_16544,186
synth_16608,186
synth_16601,186
synth_16612,186
synth_16596,186
synth_16597,186
synth_16592,186
synth_16534,186
synth_16552,186
synth_16616,186
synth_16617,186
synth_16611,186
synth_16607,186
synth_16594,186
synth_16585,186
synth_16536,186
synth_16554,186
synth_16533,186
synth_16564,186
synth_16591,186
synth_16560,186
synth_16587,186
synth_16558,186
synth_16574,186
synth_16572,186
synth_16590,186
synth_16586,186
synth_16541,186
synth_16603,186
synth_16561,186
synth_16575,186
synth_16537,186
synth_16546,186
synth_16602,186
synth_16615,186
synth_16605,186
synth_16584,186
synth_16529,186
synth_16614,186
synth_16539,186
synth_16563,186
synth_16530,186
synth_16531,186
synth_16583,186
synth_16577,186
synth_16606,186
synth_16551,186
synth_16532,186
synth_16579,186
synth_16598,186
synth_16542,186
synth_16567,186
synth_16595,186
synth_16570,186
synth_16582,186
synth_16581,186
synth_16559,186
synth_16565,186
synth_16580,186
synth_16557,186
synth_16550,186
synth_16553,186
synth_16548,186
synth_16562,186
synth_16589,186
synth_16613,186
synth_16578,186
synth_16610,186
synth_16569,186
synth_16547,186
synth_16651,185
synth_16649,185
synth_16625,185
synth_16632,185
synth_16697,185
synth_16624,185
synth_16679,185
synth_16677,185
synth_16702,185
synth_16650,185
synth_16695,185
synth_16620,185
synth_16666,185
synth_16634,185
synth_16637,185
synth_16681,185
synth_16628,185
synth_16693,185
synth_16623,185
synth_16648,185
synth_16689,185
synth_16668,185
synth_16675,185
synth_16707,185
synth_16704,185
synth_16643,185
synth_16680,185
synth_16683,185
synth_16688,185
synth_16690,185
synth_16653,185
synth_16703,185
synth_16686,185
synth_16621,185
synth_16627,185
synth_16667,185
synth_16638,185
synth_16656,185
synth_16662,185
synth_16644,185
synth_16696,185
synth_16641,185
synth_16630,185
synth_16685,185
synth_16692,185
synth_16622,185
synth_16629,185
synth_16652,185
synth_16657,185
synth_16678,185
synth_16682,185
synth_16676,185
synth_16633,185
synth_16642,185
synth_16700,185
synth_16660,185
synth_16673,185
synth_16701,185
synth_16687,185
synth_16691,185
synth_16698,185
synth_16669,185
synth_16672,185
synth_16684,185
synth_16646,185
synth_16671,185
synth_16631,185
synth_16647,185
synth_16640,185
synth_16670,185
synth_16639,185
synth_16626,185
synth_16635,185
synth_16645,185
synth_16655,185
synth_16618,185
synth_16658,185
synth_16663,185
synth_16674,185
synth_16661,185
synth_16664,185
synth_16636,185
synth_16659,185
synth_16694,185
synth_16619,185
synth_16705,185
synth_16706,185
synth_16654,185
synth_16699,185
synth_16665,185
synth_16768,184
synth_16715,184
synth_16772,184
synth_16732,184
synth_16767,184
synth_16756,184
synth_16759,184
synth_16785,184
synth_16731,184
synth_16757,184
synth_16791,184
synth_16708,184
synth_16733,184
synth_16766,184
synth_16709,184
synth_16750,184
synth_16761,184
synth_16723,184
synth_16776,184
synth_16777,184
synth_16720,184
synth_16741,184
synth_16725,184
synth_16782,184
synth_16729,184
synth_16790,184
synth_16734,184
synth_16797,184
synth_16728,184
synth_16747,184
synth_16774,184
synth_16749,184
synth_16763,184
synth_16764,184
synth_16792,184
synth_16737,184
synth_16717,184
synth_16787,184
synth_16795,184
synth_16746,184
synth_16789,184
synth_16775,184
synth_16726,184
synth_16769,184
synth_16727,184
synth_16716,184
synth_16752,184
synth_16784,184
synth_16754,184
synth_16799,184
synth_16788,184
synth_16736,184
synth_16783,184
synth_16739,184
synth_16714,184
synth_16786,184
synth_16730,184
synth_16724,184
synth_16743,184
synth_16765,184
synth_16751,184
synth_16779,184
synth_16722,184
synth_16735,184
synth_16771,184
synth_16781,184
synth_16794,184
synth_16710,184
synth_16778,184
synth_16742,184
synth_16748,184
synth_16755,184
synth_16713,184
synth_16718,184
synth_16798,184
synth_16740,184
synth_16712,184
synth_16721,184
synth_16711,184
synth_16719,184
synth_16745,184
synth_16753,184
synth_16770,184
synth_16744,184
synth_16758,184
synth_16773,184
synth_16738,184
synth_16796,184
synth_16780,184
synth_16793,184
synth_16762,184
synth_16760,184
synth_16812,183
synth_16859,183
synth_16852,183
synth_16810,183
synth_16833,183
synth_16863,183
synth_16829,183
synth_16845,183
synth_16844,183
synth_16830,183
synth_16871,183
synth_16879,183
synth_16818,183
synth_16827,183
synth_16821,183
synth_16846,183
synth_16837,183
synth_16862,183
synth_16878,183
synth_16839,183
synth_16809,183
synth_16866,183
synth_16824,183
synth_16891,183
synth_16820,183
synth_16842,183
synth_16813,183
synth_16806,183
synth_16805,183
synth_16864,183
synth_16890,183
synth_16861,183
synth_16823,183
synth_16868,183
synth_16851,183
synth_16882,183
synth_16802,183
synth_16816,183
synth_16836,183
synth_16835,183
synth_16874,183
synth_16867,183
synth_16834,183
synth_16804,183
synth_16828,183
synth_16817,183
synth_16886,183
synth_16811,183
synth_16880,183
synth_16814,183
synth_16832,183
synth_16873,183
synth_16884,183
synth_16854,183
synth_16801,183
synth_16872,183
synth_16831,183
synth_16858,183
synth_16803,183
synth_16822,183
synth_16847,183
synth_16888,183
synth_16841,183
synth_16869,183
synth_16849,183
synth_16853,183
synth_16819,183
synth_16848,183
synth_16808,183
synth_16881,183
synth_16889,183
synth_16857,183
synth_16876,183
synth_16855,183
synth_16865,183
synth_16877,183
synth_16850,183
synth_16800,183
synth_16883,183
synth_16843,183
synth_16887,183
synth_16826,183
synth_16840,183
synth_16815,183
synth_16875,183
synth_16885,183
synth_16838,183
synth_16860,183
synth_16870,183
synth_16825,183
synth_16856,183
synth_16807,183
synth_16951,182
synth_16902,182
synth_16959,182
synth_16983,182
synth_16966,182
synth_16926,182
synth_16948,182
synth_16934,182
synth_16906,182
synth_16900,182
synth_16962,182
synth_16971,182
synth_16898,182
synth_16925,182
synth_16947,182
synth_16903,182
synth_16915,182
synth_16956,182
synth_16912,182
synth_16928,182
synth_16974,182
synth_16937,182
synth_16919,182
synth_16897,182
synth_16952,182
synth_16904,182
synth_16972,182
synth_16913,182
synth_16895,182
synth_16975,182
synth_16921,182
synth_16894,182
synth_16939,182
synth_16957,182
synth_16946,182
synth_16940,182
synth_16955,182
synth_16965,182
synth_16976,182
synth_16963,182
synth_16892,182
synth_16920,182
synth_16981,182
synth_16909,182
synth_16973,182
synth_16941,182
synth_16945,182
synth_16914,182
synth_16931,182
synth_16953,182
synth_16943,182
synth_16935,182
synth_16936,182
synth_16969,182
synth_16980,182
synth_16918,182
synth_16942,182
synth_16979,182
synth_16984,182
synth_16949,182
synth_16978,182
synth_16977,182
synth_16932,182
synth_16954,182
synth_16899,182
synth_16968,182
synth_16924,182
synth_16930,182
synth_16970,182
synth_16938,182
synth_16896,182
synth_16916,182
synth_16960,182
synth_16910,182
synth_16905,182
synth_16958,182
synth_16961,182
synth_16923,182
synth_16901,182
synth_16922,182
synth_16933,182
synth_16950,182
synth_16964,182
synth_16911,182
synth_16982,182
synth_16908,182
synth_16917,182
synth_16929,182
synth_16967,182
synth_16944,182
synth_16907,182
synth_16893,182
synth_16927,182
synth_16987,181
synth_17016,181
synth_17023,181
synth_17025,181
synth_17058,181
synth_17064,181
synth_16990,181
synth_16997,181
synth_17049,181
synth_16989,181
synth_17039,181
synth_17033,181
synth_17007,181
synth_16992,181
synth_17001,181
synth_16991,181
synth_17032,181
synth_17028,181
synth_17005,181
synth_17018,181
synth_17063,181
synth_17053,181
synth_17076,181
synth_17040,181
synth_17061,181
synth_17000,181
synth_17010,181
synth_17070,181
synth_17062,181
synth_17008,181
synth_17060,181
synth_17068,181
synth_17004,181
synth_17067,181
synth_16993,181
synth_17037,181
synth_17078,181
synth_17015,181
synth_17022,181
synth_17014,181
synth_16998,181
synth_17003,181
synth_17017,181
synth_17074,181
synth_16995,181
synth_17012,181
synth_16985,181
synth_17065,181
synth_16994,181
synth_17002,181
synth_17069,181
synth_17048,181
synth_17050,181
synth_17052,181
synth_17011,181
synth_17038,181
synth_17006,181
synth_17009,181
synth_17024,181
synth_17021,181
synth_17019,181
synth_17057,181
synth_17027,181
synth_16986,181
synth_17045,181
synth_17056,181
synth_17031,181
synth_16999,181
synth_17072,181
synth_17066,181
synth_17013,181
synth_17051,181
synth_16988,181
synth_17055,181
synth_17042,181
synth_17077,181
synth_17044,181
synth_16996,181
synth_17047,181
synth_17030,181
synth_17036,181
synth_17054,181
synth_17029,181
synth_17041,181
synth_17035,181
synth_17046,181
synth_17059,181
synth_17075,181
synth_17073,181
synth_17026,181
synth_17034,181
synth_17071,181
synth_17020,181
synth_17043,181
synth_17105,180
synth_17100,180
synth_17146,180
synth_17085,180
synth_17128,180
synth_17161,180
synth_17095,180
synth_17145,180
synth_17163,180
synth_17094,180
synth_17117,180
synth_17106,180
synth_17093,180
synth_17101,180
synth_17111,180
synth_17162,180
synth_17091,180
synth_17103,180
synth_17164,180
synth_17123,180
synth_17141,180
synth_17166,180
synth_17079,180
synth_17137,180
synth_17099,180
synth_17112,180
synth_17143,180
synth_17140,180
synth_17170,180
synth_17108,180
synth_17154,180
synth_17173,180
synth_17167,180
synth_17131,180
synth_17172,180
synth_17158,180
synth_17087,180
synth_17156,180
synth_17171,180
synth_17115,180
synth_17125,180
synth_17142,180
synth_17088,180
synth_17096,180
synth_17139,180
synth_17110,180
synth_17114,180
synth_17109,180
synth_17081,180
synth_17104,180
synth_17098,180
synth_17118,180
synth_17144,180
synth_17084,180
synth_17138,180
synth_17150,180
synth_17157,180
synth_17082,180
synth_17113,180
synth_17122,180
synth_17160,180
synth_17151,180
synth_17083,180
synth_17119,180
synth_17120,180
synth_17107,180
synth_17080,180
synth_17134,180
synth_17132,180
synth_17097,180
synth_17155,180
synth_17152,180
synth_17169,180
synth_17130,180
synth_17153,180
synth_17149,180
synth_17092,180
synth_17159,180
synth_17124,180
synth_17133,180
synth_17129,180
synth_17165,180
synth_17116,180
synth_17135,180
synth_17127,180
synth_17102,180
synth_17147,180
synth_17089,180
synth_17136,180
synth_17126,180
synth_17121,180
synth_17090,180
synth_17148,180
synth_17168,180
synth_17086,180
synth_17234,179
synth_17257,179
synth_17175,179
synth_17239,179
synth_17183,179
synth_17193,179
synth_17180,179
synth_17236,179
synth_17188,179
synth_17243,179
synth_17213,179
synth_17242,179
synth_17252,179
synth_17205,179
synth_17177,179
synth_17266,179
synth_17238,179
synth_17229,179
synth_17224,179
synth_17267,179
synth_17268,179
synth_17223,179
synth_17176,179
synth_17185,179
synth_17201,179
synth_17225,179
synth_17178,179
synth_17211,179
synth_17259,179
synth_17203,179
synth_17237,179
synth_17232,179
synth_17186,179
synth_17222,179
synth_17174,179
synth_17247,179
synth_17231,179
synth_17249,179
synth_17248,179
synth_17189,179
synth_17255,179
synth_17208,179
synth_17196,179
synth_17269,179
synth_17227,179
synth_17240,179
synth_17244,179
synth_17258,179
synth_17226,179
synth_17228,179
synth_17216,179
synth_17217,179
synth_17241,179
synth_17221,179
synth_17184,179
synth_17265,179
synth_17220,179
synth_17251,179
synth_17245,179
synth_17264,179
synth_17202,179
synth_17198,179
synth_17204,179
synth_17197,179
synth_17214,179
synth_17199,179
synth_17207,179
synth_17200,179
synth_17206,179
synth_17215,179
synth_17195,179
synth_17253,179
synth_17261,179
synth_17190,179
synth_17260,179
synth_17194,179
synth_17191,179
synth_17246,179
synth_17219,179
synth_17210,179
synth_17179,179
synth_17250,179
synth_17209,179
synth_17263,179
synth_17218,179
synth_17262,179
synth_17182,179
synth_17212,179
synth_17233,179
synth_17254,179
synth_17192,179
synth_17230,179
synth_17256,179
synth_17181,179
synth_17235,179
synth_17187,179
synth_17304,178
synth_17322,178
synth_17301,178
synth_17341,178
synth_17321,178
synth_17364,178
synth_17297,178
synth_17293,178
synth_17313,178
synth_17295,178
synth_17317,178
synth_17366,178
synth_17332,178
synth_17349,178
synth_17319,178
synth_17288,178
synth_17303,178
synth_17286,178
synth_17350,178
synth_17281,178
synth_17318,178
synth_17276,178
synth_17340,178
synth_17300,178
synth_17307,178
synth_17342,178
synth_17361,178
synth_17337,178
synth_17299,178
synth_17347,178
synth_17310,178
synth_17325,178
synth_17315,178
synth_17274,178
synth_17308,178
synth_17285,178
synth_17362,178
synth_17314,178
synth_17327,178
synth_17363,178
synth_17353,178
synth_17273,178
synth_17309,178
synth_17283,178
synth_17282,178
synth_17343,178
synth_17284,178
synth_17311,178
synth_17305,178
synth_17316,178
synth_17292,178
synth_17357,178
synth_17335,178
synth_17355,178
synth_17324,178
synth_17331,178
synth_17306,178
synth_17279,178
synth_17352,178
synth_17329,178
synth_17287,178
synth_17272,178
synth_17291,178
synth_17359,178
synth_17270,178
synth_17280,178
synth_17294,178
synth_17360,178
synth_17336,178
synth_17348,178
synth_17312,178
synth_17320,178
synth_17351,178
synth_17346,178
synth_17298,178
synth_17333,178
synth_17354,178
synth_17290,178
synth_17278,178
synth_17271,178
synth_17302,178
synth_17289,178
synth_17330,178
synth_17338,178
synth_17275,178
synth_17356,178
synth_17334,178
synth_17323,178
synth_17365,178
synth_17339,178
synth_17328,178
synth_17345,178
synth_17277,178
synth_17358,178
synth_17326,178
synth_17296,178
synth_17344,178
synth_17432,177
synth_17454,177
synth_17463,177
synth_17380,177
synth_17408,177
synth_17451,177
synth_17439,177
synth_17449,177
synth_17371,177
synth_17400,177
synth_17437,177
synth_17369,177
synth_17456,177
synth_17383,177
synth_17385,177
synth_17396,177
synth_17384,177
synth_17376,177
synth_17405,177
synth_17407,177
synth_17422,177
synth_17444,177
synth_17435,177
synth_17382,177
synth_17375,177
synth_17461,177
synth_17399,177
synth_17436,177
synth_17372,177
synth_17447,177
synth_17413,177
synth_17446,177
synth_17430,177
synth_17443,177
synth_17390,177
synth_17381,177
synth_17438,177
synth_17457,177
synth_17464,177
synth_17411,177
synth_17374,177
synth_17370,177
synth_17462,177
synth_17440,177
synth_17392,177
synth_17406,177
synth_17425,177
synth_17434,177
synth_17429,177
synth_17397,177
synth_17445,177
synth_17452,177
synth_17420,177
synth_17442,177
synth_17458,177
synth_17389,177
synth_17401,177
synth_17418,177
synth_17421,177
synth_17459,177
synth_17391,177
synth_17431,177
synth_17465,177
synth_17409,177
synth_17393,177
synth_17448,177
synth_17426,177
synth_17398,177
synth_17387,177
synth_17386,177
synth_17378,177
synth_17379,177
synth_17388,177
synth_17416,177
synth_17441,177
synth_17373,177
synth_17404,177
synth_17417,177
synth_17424,177
synth_17450,177
synth_17395,177
synth_17423,177
synth_17414,177
synth_17419,177
synth_17367,177
synth_17433,177
synth_17460,177
synth_17402,177
synth_17412,177
synth_17415,177
synth_17427,177
synth_17455,177
synth_17394,177
synth_17453,177
synth_17428,177
synth_17403,177
synth_17377,177
synth_17368,177
synth_17410,177
synth_17470,176
synth_17505,176
synth_17552,176
synth_17520,176
synth_17483,176
synth_17498,176
synth_17532,176
synth_17488,176
synth_17551,176
synth_17475,176
synth_17491,176
synth_17525,176
synth_17500,176
synth_17495,176
synth_17466,176
synth_17474,176
synth_17557,176
synth_17560,176
synth_17533,176
synth_17510,176
synth_17469,176
synth_17521,176
synth_17467,176
synth_17468,176
synth_17485,176
synth_17472,176
synth_17556,176
synth_17545,176
synth_17514,176
synth_17504,176
synth_17484,176
synth_17501,176
synth_17506,176
synth_17554,176
synth_17515,176
synth_17519,176
synth_17531,176
synth_17561,176
synth_17507,176
synth_17548,176
synth_17471,176
synth_17535,176
synth_17564,176
synth_17493,176
synth_17513,176
synth_17540,176
synth_17549,176
synth_17524,176
synth_17558,176
synth_17511,176
synth_17489,176
synth_17481,176
synth_17528,176
synth_17550,176
synth_17480,176
synth_17494,176
synth_17490,176
synth_17542,176
synth_17543,176
synth_17553,176
synth_17496,176
synth_17503,176
synth_17534,176
synth_17536,176
synth_17487,176
synth_17486,176
synth_17497,176
synth_17523,176
synth_17547,176
synth_17476,176
synth_17526,176
synth_17477,176
synth_17527,176
synth_17478,176
synth_17516,176
synth_17530,176
synth_17538,176
synth_17508,176
synth_17509,176
synth_17473,176
synth_17522,176
synth_17502,176
synth_17546,176
synth_17563,176
synth_17544,176
synth_17537,176
synth_17555,176
synth_17529,176
synth_17539,176
synth_17517,176
synth_17559,176
synth_17518,176
synth_17482,176
synth_17499,176
synth_17541,176
synth_17562,176
synth_17492,176
synth_17479,176
synth_17512,176
synth_17663,175
synth_17619,175
synth_17646,175
synth_17650,175
synth_17584,175
synth_17658,175
synth_17647,175
synth_17575,175
synth_17587,175
synth_17629,175
synth_17633,175
synth_17598,175
synth_17576,175
synth_17603,175
synth_17617,175
synth_17626,175
synth_17595,175
synth_17588,175
synth_17662,175
synth_17608,175
synth_17656,175
synth_17613,175
synth_17567,175
synth_17573,175
synth_17639,175
synth_17577,175
synth_17630,175
synth_17599,175
synth_17606,175
synth_17628,175
synth_17641,175
synth_17590,175
synth_17569,175
synth_17636,175
synth_17618,175
synth_17612,175
synth_17570,175
synth_17643,175
synth_17638,175
synth_17661,175
synth_17585,175
synth_17593,175
synth_17600,175
synth_17609,175
synth_17583,175
synth_17601,175
synth_17611,175
synth_17634,175
synth_17660,175
synth_17589,175
synth_17594,175
synth_17572,175
synth_17582,175
synth_17624,175
synth_17620,175
synth_17648,175
synth_17615,175
synth_17586,175
synth_17610,175
synth_17571,175
synth_17623,175
synth_17635,175
synth_17665,175
synth_17574,175
synth_17632,175
synth_17616,175
synth_17566,175
synth_17605,175
synth_17651,175
synth_17622,175
synth_17565,175
synth_17578,175
synth_17591,175
synth_17581,175
synth_17631,175
synth_17644,175
synth_17580,175
synth_17604,175
synth_17627,175
synth_17645,175
synth_17653,175
synth_17621,175
synth_17664,175
synth_17602,175
synth_17637,175
synth_17640,175
synth_17652,175
synth_17579,175
synth_17654,175
synth_17655,175
synth_17659,175
synth_17657,175
synth_17597,175
synth_17568,175
synth_17625,175
synth_17649,175
synth_17596,175
synth_17642,175
synth_17607,175
synth_17614,175
synth_17592,175
synth_17675,174
synth_17706,174
synth_17745,174
synth_17721,174
synth_17678,174
synth_17693,174
synth_17676,174
synth_17672,174
synth_17723,174
synth_17689,174
synth_17761,174
synth_17669,174
synth_17739,174
synth_17756,174
synth_17698,174
synth_17742,174
synth_17703,174
synth_17697,174
synth_17711,174
synth_17725,174
synth_17763,174
synth_17709,174
synth_17766,174
synth_17718,174
synth_17671,174
synth_17710,174
synth_17685,174
synth_17677,174
synth_17757,174
synth_17687,174
synth_17666,174
synth_17760,174
synth_17762,174
synth_17702,174
synth_17722,174
synth_17695,174
synth_17753,174
synth_17735,174
synth_17712,174
synth_17746,174
synth_17755,174
synth_17748,174
synth_17696,174
synth_17743,174
synth_17683,174
synth_17679,174
synth_17715,174
synth_17670,174
synth_17707,174
synth_17744,174
synth_17686,174
synth_17726,174
synth_17740,174
synth_17667,174
synth_17716,174
synth_17733,174
synth_17699,174
synth_17681,174
synth_17682,174
synth_17738,174
synth_17732,174
synth_17765,174
synth_17758,174
synth_17727,174
synth_17694,174
synth_17684,174
synth_17736,174
synth_17704,174
synth_17714,174
synth_17752,174
synth_17729,174
synth_17680,174
synth_17688,174
synth_17754,174
synth_17750,174
synth_17751,174
synth_17759,174
synth_17700,174
synth_17720,174
synth_17692,174
synth_17730,174
synth_17731,174
synth_17674,174
synth_17741,174
synth_17690,174
synth_17734,174
synth_17749,174
synth_17668,174
synth_17717,174
synth_17708,174
synth_17747,174
synth_17724,174
synth_17673,174
synth_17719,174
synth_17728,174
synth_17713,174
synth_17737,174
synth_17701,174
synth_17767,174
synth_17705,174
synth_17691,174
synth_17764,174
synth_17778,173
synth_17770,173
synth_17812,173
synth_17846,173
synth_17810,173
synth_17818,173
synth_17815,173
synth_17848,173
synth_17863,173
synth_17774,173
synth_17773,173
synth_17809,173
synth_17840,173
synth_17768,173
synth_17849,173
synth_17833,173
synth_17834,173
synth_17860,173
synth_17819,173
synth_17789,173
synth_17816,173
synth_17857,173
synth_17786,173
synth_17769,173
synth_17856,173
synth_17868,173
synth_17787,173
synth_17867,173
synth_17835,173
synth_17822,173
synth_17799,173
synth_17825,173
synth_17776,173
synth_17804,173
synth_17807,173
synth_17808,173
synth_17821,173
synth_17788,173
synth_17841,173
synth_17865,173
synth_17811,173
synth_17790,173
synth_17780,173
synth_17844,173
synth_17782,173
synth_17785,173
synth_17793,173
synth_17801,173
synth_17777,173
synth_17843,173
synth_17798,173
synth_17858,173
synth_17838,173
synth_17866,173
synth_17817,173
synth_17802,173
synth_17862,173
synth_17845,173
synth_17851,173
synth_17831,173
synth_17797,173
synth_17828,173
synth_17832,173
synth_17870,173
synth_17813,173
synth_17847,173
synth_17781,173
synth_17775,173
synth_17796,173
synth_17800,173
synth_17861,173
synth_17864,173
synth_17803,173
synth_17794,173
synth_17779,173
synth_17771,173
synth_17837,173
synth_17820,173
synth_17850,173
synth_17795,173
synth_17824,173
synth_17792,173
synth_17839,173
synth_17842,173
synth_17791,173
synth_17784,173
synth_17805,173
synth_17855,173
synth_17826,173
synth_17827,173
synth_17859,173
synth_17814,173
synth_17869,173
synth_17853,173
synth_17854,173
synth_17806,173
synth_17830,173
synth_17772,173
synth_17829,173
synth_17836,173
synth_17823,173
synth_17783,173
synth_17852,173
synth_17923,172
synth_17946,172
synth_17873,172
synth_17875,172
synth_17953,172
synth_17955,172
synth_17894,172
synth_17901,172
synth_17931,172
synth_17927,172
synth_17887,172
synth_17971,172
synth_17889,172
synth_17960,172
synth_17949,172
synth_17896,172
synth_17908,172
synth_17933,172
synth_17932,172
synth_17959,172
synth_17973,172
synth_17892,172
synth_17930,172
synth_17937,172
synth_17952,172
synth_17944,172
synth_17928,172
synth_17936,172
synth_17941,172
synth_17880,172
synth_17891,172
synth_17962,172
synth_17926,172
synth_17876,172
synth_17950,172
synth_17917,172
synth_17881,172
synth_17954,172
synth_17915,172
synth_17968,172
synth_17951,172
synth_17921,172
synth_17916,172
synth_17942,172
synth_17871,172
synth_17919,172
synth_17913,172
synth_17893,172
synth_17877,172
synth_17886,172
synth_17964,172
synth_17970,172
synth_17879,172
synth_17945,172
synth_17966,172
synth_17899,172
synth_17974,172
synth_17920,172
synth_17922,172
synth_17961,172
synth_17907,172
synth_17947,172
synth_17898,172
synth_17878,172
synth_17958,172
synth_17888,172
synth_17948,172
synth_17943,172
synth_17934,172
synth_17895,172
synth_17967,172
synth_17885,172
synth_17911,172
synth_17890,172
synth_17904,172
synth_17912,172
synth_17906,172
synth_17902,172
synth_17972,172
synth_17874,172
synth_17910,172
synth_17900,172
synth_17940,172
synth_17965,172
synth_17963,172
synth_17897,172
synth_17957,172
synth_17882,172
synth_17939,172
synth_17883,172
synth_17935,172
synth_17929,172
synth_17905,172
synth_17909,172
synth_17914,172
synth_17925,172
synth_17924,172
synth_17918,172
synth_17969,172
synth_17956,172
synth_17903,172
synth_17938,172
synth_17884,172
synth_17872,172
synth_17980,171
synth_18024,171
synth_18053,171
synth_17979,171
synth_17987,171
synth_17994,171
synth_18032,171
synth_18033,171
synth_18017,171
synth_17984,171
synth_18049,171
synth_18037,171
synth_18057,171
synth_18066,171
synth_18003,171
synth_18061,171
synth_18040,171
synth_18077,171
synth_18019,171
synth_18041,171
synth_18044,171
synth_17978,171
synth_18012,171
synth_18069,171
synth_18046,171
synth_17995,171
synth_18028,171
synth_18072,171
synth_17989,171
synth_18042,171
synth_18027,171
synth_18021,171
synth_17999,171
synth_18078,171
synth_18016,171
synth_17993,171
synth_17982,171
synth_18070,171
synth_17997,171
synth_18007,171
synth_18052,171
synth_18038,171
synth_17996,171
synth_18059,171
synth_17988,171
synth_18022,171
synth_18036,171
synth_18009,171
synth_18076,171
synth_18020,171
synth_17991,171
synth_18054,171
synth_18050,171
synth_17981,171
synth_18064,171
synth_18071,171
synth_18063,171
synth_18068,171
synth_18067,171
synth_17983,171
synth_18018,171
synth_18031,171
synth_18030,171
synth_17977,171
synth_18010,171
synth_18005,171
synth_18015,171
synth_18062,171
synth_18026,171
synth_18056,171
synth_18035,171
synth_18079,171
synth_18002,171
synth_18000,171
synth_18006,171
synth_18013,171
synth_18045,171
synth_18029,171
synth_18055,171
synth_18043,171
synth_18048,171
synth_18001,171
synth_17985,171
synth_18065,171
synth_18011,171
synth_18051,171
synth_18058,171
synth_18047,171
synth_18039,171
synth_18073,171
synth_18060,171
synth_17986,171
synth_17998,171
synth_17990,171
synth_17976,171
synth_17992,171
synth_18023,171
synth_18025,171
synth_18075,171
synth_18014,171
synth_18034,171
synth_17975,171
synth_18004,171
synth_18074,171
synth_18008,171
synth_18083,170
synth_18116,170
synth_18122,170
synth_18176,170
synth_18178,170
synth_18151,170
synth_18085,170
synth_18080,170
synth_18102,170
synth_18118,170
synth_18114,170
synth_18150,170
synth_18120,170
synth_18104,170
synth_18174,170
synth_18087,170
synth_18089,170
synth_18153,170
synth_18135,170
synth_18142,170
synth_18136,170
synth_18100,170
synth_18155,170
synth_18090,170
synth_18097,170
synth_18081,170
synth_18164,170
synth_18172,170
synth_18149,170
synth_18184,170
synth_18170,170
synth_18096,170
synth_18143,170
synth_18124,170
synth_18103,170
synth_18112,170
synth_18157,170
synth_18141,170
synth_18088,170
synth_18169,170
synth_18092,170
synth_18137,170
synth_18161,170
synth_18082,170
synth_18134,170
synth_18107,170
synth_18186,170
synth_18109,170
synth_18086,170
synth_18127,170
synth_18111,170
synth_18181,170
synth_18168,170
synth_18099,170
synth_18113,170
synth_18129,170
synth_18117,170
synth_18091,170
synth_18139,170
synth_18106,170
synth_18138,170
synth_18183,170
synth_18101,170
synth_18165,170
synth_18095,170
synth_18131,170
synth_18175,170
synth_18133,170
synth_18094,170
synth_18115,170
synth_18182,170
synth_18173,170
synth_18177,170
synth_18121,170
synth_18132,170
synth_18126,170
synth_18167,170
synth_18147,170
synth_18105,170
synth_18125,170
synth_18128,170
synth_18156,170
synth_18148,170
synth_18160,170
synth_18185,170
synth_18093,170
synth_18159,170
synth_18145,170
synth_18123,170
synth_18146,170
synth_18179,170
synth_18110,170
synth_18166,170
synth_18130,170
synth_18144,170
synth_18162,170
synth_18152,170
synth_18140,170
synth_18158,170
synth_18163,170
synth_18180,170
synth_18154,170
synth_18084,170
synth_18119,170
synth_18171,170
synth_18108,170
synth_18098,170
synth_18191,169
synth_18265,169
synth_18257,169
synth_18216,169
synth_18225,169
synth_18277,169
synth_18200,169
synth_18266,169
synth_18201,169
synth_18285,169
synth_18231,169
synth_18251,169
synth_18187,169
synth_18219,169
synth_18228,169
synth_18213,169
synth_18255,169
synth_18207,169
synth_18260,169
synth_18217,169
synth_18280,169
synth_18245,169
synth_18253,169
synth_18249,169
synth_18244,169
synth_18247,169
synth_18188,169
synth_18232,169
synth_18227,169
synth_18288,169
synth_18236,169
synth_18235,169
synth_18283,169
synth_18214,169
synth_18189,169
synth_18264,169
synth_18263,169
synth_18240,169
synth_18238,169
synth_18250,169
synth_18192,169
synth_18221,169
synth_18290,169
synth_18269,169
synth_18281,169
synth_18222,169
synth_18237,169
synth_18197,169
synth_18223,169
synth_18259,169
synth_18206,169
synth_18275,169
synth_18229,169
synth_18287,169
synth_18270,169
synth_18271,169
synth_18279,169
synth_18272,169
synth_18194,169
synth_18274,169
synth_18193,169
synth_18284,169
synth_18234,169
synth_18293,169
synth_18243,169
synth_18294,169
synth_18195,169
synth_18268,169
synth_18292,169
synth_18248,169
synth_18273,169
synth_18286,169
synth_18239,169
synth_18205,169
synth_18267,169
synth_18230,169
synth_18246,169
synth_18226,169
synth_18212,169
synth_18261,169
synth_18241,169
synth_18196,169
synth_18289,169
synth_18276,169
synth_18202,169
synth_18204,169
synth_18252,169
synth_18199,169
synth_18224,169
synth_18215,169
synth_18233,169
synth_18258,169
synth_18291,169
synth_18203,169
synth_18262,169
synth_18198,169
synth_18282,169
synth_18256,169
synth_18211,169
synth_18254,169
synth_18190,169
synth_18208,169
synth_18242,169
synth_18210,169
synth_18218,169
synth_18209,169
synth_18278,169
synth_18220,169
synth_18330,168
synth_18343,168
synth_18319,168
synth_18327,168
synth_18344,168
synth_18389,168
synth_18354,168
synth_18402,168
synth_18311,168
synth_18339,168
synth_18379,168
synth_18310,168
synth_18342,168
synth_18398,168
synth_18300,168
synth_18370,168
synth_18378,168
synth_18301,168
synth_18385,168
synth_18382,168
synth_18336,168
synth_18364,168
synth_18312,168
synth_18388,168
synth_18403,168
synth_18328,168
synth_18355,168
synth_18325,168
synth_18295,168
synth_18357,168
synth_18309,168
synth_18313,168
synth_18384,168
synth_18394,168
synth_18374,168
synth_18375,168
synth_18302,168
synth_18363,168
synth_18367,168
synth_18320,168
synth_18360,168
synth_18362,168
synth_18397,168
synth_18400,168
synth_18366,168
synth_18335,168
synth_18390,168
synth_18345,168
synth_18338,168
synth_18372,168
synth_18340,168
synth_18306,168
synth_18361,168
synth_18368,168
synth_18395,168
synth_18299,168
synth_18352,168
synth_18377,168
synth_18308,168
synth_18386,168
synth_18393,168
synth_18304,168
synth_18316,168
synth_18298,168
synth_18322,168
synth_18305,168
synth_18331,168
synth_18315,168
synth_18297,168
synth_18321,168
synth_18317,168
synth_18346,168
synth_18391,168
synth_18348,168
synth_18353,168
synth_18333,168
synth_18371,168
synth_18296,168
synth_18396,168
synth_18399,168
synth_18380,168
synth_18347,168
synth_18373,168
synth_18358,168
synth_18323,168
synth_18349,168
synth_18392,168
synth_18387,168
synth_18334,168
synth_18376,168
synth_18324,168
synth_18332,168
synth_18381,168
synth_18365,168
synth_18350,168
synth_18356,168
synth_18337,168
synth_18351,168
synth_18329,168
synth_18318,168
synth_18359,168
synth_18341,168
synth_18307,168
synth_18303,168
synth_18314,168
synth_18369,168
synth_18383,168
synth_18326,168
synth_18401,168
synth_18463,167
synth_18419,167
synth_18420,167
synth_18453,167
synth_18413,167
synth_18421,167
synth_18443,167
synth_18491,167
synth_18454,167
synth_18470,167
synth_18501,167
synth_18496,167
synth_18457,167
synth_18465,167
synth_18484,167
synth_18452,167
synth_18488,167
synth_18407,167
synth_18489,167
synth_18507,167
synth_18498,167
synth_18417,167
synth_18414,167
synth_18422,167
synth_18442,167
synth_18473,167
synth_18487,167
synth_18418,167
synth_18475,167
synth_18493,167
synth_18441,167
synth_18429,167
synth_18410,167
synth_18508,167
synth_18459,167
synth_18462,167
synth_18406,167
synth_18404,167
synth_18480,167
synth_18505,167
synth_18436,167
synth_18466,167
synth_18424,167
synth_18511,167
synth_18437,167
synth_18503,167
synth_18455,167
synth_18512,167
synth_18440,167
synth_18456,167
synth_18408,167
synth_18446,167
synth_18477,167
synth_18439,167
synth_18483,167
synth_18464,167
synth_18409,167
synth_18495,167
synth_18434,167
synth_18472,167
synth_18458,167
synth_18490,167
synth_18425,167
synth_18423,167
synth_18492,167
synth_18415,167
synth_18502,167
synth_18448,167
synth_18481,167
synth_18430,167
synth_18509,167
synth_18405,167
synth_18510,167
synth_18438,167
synth_18494,167
synth_18428,167
synth_18451,167
synth_18469,167
synth_18478,167
synth_18435,167
synth_18504,167
synth_18445,167
synth_18497,167
synth_18431,167
synth_18476,167
synth_18427,167
synth_18447,167
synth_18426,167
synth_18432,167
synth_18506,167
synth_18449,167
synth_18514,167
synth_18474,167
synth_18433,167
synth_18412,167
synth_18499,167
synth_18479,167
synth_18482,167
synth_18411,167
synth_18444,167
synth_18486,167
synth_18468,167
synth_18500,167
synth_18467,167
synth_18450,167
synth_18513,167
synth_18471,167
synth_18485,167
synth_18416,167
synth_18461,167
synth_18460,167
synth_18535,166
synth_18558,166
synth_18565,166
synth_18595,166
synth_18593,166
synth_18571,166
synth_18543,166
synth_18561,166
synth_18584,166
synth_18580,166
synth_18623,166
synth_18620,166
synth_18552,166
synth_18534,166
synth_18605,166
synth_18622,166
synth_18523,166
synth_18548,166
synth_18547,166
synth_18621,166
synth_18567,166
synth_18546,166
synth_18619,166
synth_18608,166
synth_18578,166
synth_18572,166
synth_18583,166
synth_18522,166
synth_18525,166
synth_18568,166
synth_18564,166
synth_18591,166
synth_18551,166
synth_18518,166
synth_18517,166
synth_18562,166
synth_18598,166
synth_18617,166
synth_18577,166
synth_18610,166
synth_18563,166
synth_18516,166
synth_18536,166
synth_18519,166
synth_18596,166
synth_18602,166
synth_18589,166
synth_18570,166
synth_18528,166
synth_18549,166
synth_18612,166
synth_18542,166
synth_18601,166
synth_18592,166
synth_18529,166
synth_18521,166
synth_18554,166
synth_18566,166
synth_18520,166
synth_18553,166
synth_18615,166
synth_18537,166
synth_18545,166
synth_18560,166
synth_18626,166
synth_18586,166
synth_18569,166
synth_18597,166
synth_18550,166
synth_18581,166
synth_18609,166
synth_18532,166
synth_18616,166
synth_18541,166
synth_18533,166
synth_18575,166
synth_18557,166
synth_18604,166
synth_18559,166
synth_18540,166
synth_18538,166
synth_18606,166
synth_18574,166
synth_18544,166
synth_18530,166
synth_18613,166
synth_18573,166
synth_18576,166
synth_18531,166
synth_18603,166
synth_18624,166
synth_18625,166
synth_18618,166
synth_18599,166
synth_18614,166
synth_18526,166
synth_18600,166
synth_18607,166
synth_18590,166
synth_18587,166
synth_18585,166
synth_18555,166
synth_18594,166
synth_18556,166
synth_18582,166
synth_18588,166
synth_18524,166
synth_18515,166
synth_18611,166
synth_18539,166
synth_18527,166
synth_18579,166
synth_18738,165
synth_18666,165
synth_18651,165
synth_18732,165
synth_18639,165
synth_18670,165
synth_18724,165
synth_18685,165
synth_18704,165
synth_18721,165
synth_18697,165
synth_18710,165
synth_18720,165
synth_18641,165
synth_18646,165
synth_18679,165
synth_18671,165
synth_18699,165
synth_18735,165
synth_18630,165
synth_18660,165
synth_18691,165
synth_18712,165
synth_18648,165
synth_18659,165
synth_18664,165
synth_18700,165
synth_18653,165
synth_18703,165
synth_18642,165
synth_18629,165
synth_18727,165
synth_18662,165
synth_18731,165
synth_18645,165
synth_18656,165
synth_18665,165
synth_18667,165
synth_18715,165
synth_18698,165
synth_18644,165
synth_18694,165
synth_18696,165
synth_18677,165
synth_18680,165
synth_18709,165
synth_18737,165
synth_18676,165
synth_18628,165
synth_18668,165
synth_18672,165
synth_18669,165
synth_18647,165
synth_18637,165
synth_18734,165
synth_18682,165
synth_18695,165
synth_18658,165
synth_18673,165
synth_18701,165
synth_18711,165
synth_18686,165
synth_18730,165
synth_18663,165
synth_18631,165
synth_18693,165
synth_18681,165
synth_18719,165
synth_18649,165
synth_18638,165
synth_18713,165
synth_18717,165
synth_18635,165
synth_18684,165
synth_18661,165
synth_18739,165
synth_18689,165
synth_18718,165
synth_18714,165
synth_18690,165
synth_18678,165
synth_18728,165
synth_18687,165
synth_18688,165
synth_18705,165
synth_18633,165
synth_18652,165
synth_18654,165
synth_18702,165
synth_18634,165
synth_18716,165
synth_18655,165
synth_18683,165
synth_18708,165
synth_18725,165
synth_18627,165
synth_18733,165
synth_18675,165
synth_18722,165
synth_18643,165
synth_18650,165
synth_18636,165
synth_18707,165
synth_18723,165
synth_18726,165
synth_18640,165
synth_18706,165
synth_18657,165
synth_18674,165
synth_18729,165
synth_18692,165
synth_18632,165
synth_18736,165
synth_18741,164
synth_18826,164
synth_18759,164
synth_18848,164
synth_18761,164
synth_18828,164
synth_18846,164
synth_18806,164
synth_18811,164
synth_18764,164
synth_18750,164
synth_18804,164
synth_18825,164
synth_18744,164
synth_18754,164
synth_18789,164
synth_18784,164
synth_18785,164
synth_18762,164
synth_18836,164
synth_18842,164
synth_18774,164
synth_18767,164
synth_18781,164
synth_18760,164
synth_18763,164
synth_18782,164
synth_18748,164
synth_18792,164
synth_18818,164
synth_18801,164
synth_18814,164
synth_18776,164
synth_18786,164
synth_18844,164
synth_18765,164
synth_18752,164
synth_18798,164
synth_18822,164
synth_18843,164
synth_18783,164
synth_18853,164
synth_18788,164
synth_18780,164
synth_18812,164
synth_18831,164
synth_18817,164
synth_18791,164
synth_18849,164
synth_18795,164
synth_18799,164
synth_18751,164
synth_18808,164
synth_18833,164
synth_18757,164
synth_18769,164
synth_18803,164
synth_18832,164
synth_18847,164
synth_18768,164
synth_18850,164
synth_18772,164
synth_18807,164
synth_18819,164
synth_18841,164
synth_18815,164
synth_18823,164
synth_18756,164
synth_18743,164
synth_18749,164
synth_18794,164
synth_18775,164
synth_18742,164
synth_18845,164
synth_18852,164
synth_18746,164
synth_18770,164
synth_18837,164
synth_18851,164
synth_18800,164
synth_18810,164
synth_18839,164
synth_18758,164
synth_18755,164
synth_18835,164
synth_18821,164
synth_18793,164
synth_18745,164
synth_18805,164
synth_18779,164
synth_18809,164
synth_18834,164
synth_18790,164
synth_18747,164
synth_18787,164
synth_18813,164
synth_18796,164
synth_18771,164
synth_18802,164
synth_18797,164
synth_18824,164
synth_18827,164
synth_18740,164
synth_18829,164
synth_18766,164
synth_18777,164
synth_18773,164
synth_18838,164
synth_18830,164
synth_18816,164
synth_18820,164
synth_18840,164
synth_18778,164
synth_18753,164
synth_18951,163
synth_18871,163
synth_18921,163
synth_18952,163
synth_18965,163
synth_18925,163
synth_18854,163
synth_18885,163
synth_18872,163
synth_18865,163
synth_18937,163
synth_18897,163
synth_18901,163
synth_18879,163
synth_18941,163
synth_18907,163
synth_18877,163
synth_18908,163
synth_18938,163
synth_18949,163
synth_18969,163
synth_18893,163
synth_18904,163
synth_18870,163
synth_18868,163
synth_18912,163
synth_18913,163
synth_18948,163
synth_18950,163
synth_18884,163
synth_18911,163
synth_18962,163
synth_18862,163
synth_18883,163
synth_18878,163
synth_18863,163
synth_18881,163
synth_18915,163
synth_18888,163
synth_18916,163
synth_18959,163
synth_18930,163
synth_18866,163
synth_18966,163
synth_18873,163
synth_18953,163
synth_18864,163
synth_18940,163
synth_18902,163
synth_18889,163
synth_18876,163
synth_18856,163
synth_18858,163
synth_18892,163
synth_18933,163
synth_18963,163
synth_18926,163
synth_18900,163
synth_18923,163
synth_18955,163
synth_18932,163
synth_18935,163
synth_18891,163
synth_18928,163
synth_18906,163
synth_18922,163
synth_18961,163
synth_18939,163
synth_18942,163
synth_18934,163
synth_18968,163
synth_18945,163
synth_18894,163
synth_18927,163
synth_18910,163
synth_18954,163
synth_18958,163
synth_18887,163
synth_18944,163
synth_18917,163
synth_18936,163
synth_18875,163
synth_18914,163
synth_18880,163
synth_18898,163
synth_18890,163
synth_18918,163
synth_18964,163
synth_18896,163
synth_18909,163
synth_18967,163
synth_18919,163
synth_18869,163
synth_18920,163
synth_18857,163
synth_18905,163
synth_18943,163
synth_18924,163
synth_18886,163
synth_18956,163
synth_18859,163
synth_18903,163
synth_18861,163
synth_18947,163
synth_18860,163
synth_18874,163
synth_18855,163
synth_18867,163
synth_18882,163
synth_18929,163
synth_18957,163
synth_18895,163
synth_18931,163
synth_18899,163
synth_18960,163
synth_18946,163
synth_18976,162
synth_19044,162
synth_19082,162
synth_18999,162
synth_19021,162
synth_19052,162
synth_19067,162
synth_19026,162
synth_19048,162
synth_18982,162
synth_18985,162
synth_19079,162
synth_18980,162
synth_19037,162
synth_19049,162
synth_19004,162
synth_19031,162
synth_19016,162
synth_19030,162
synth_19050,162
synth_19001,162
synth_18973,162
synth_18992,162
synth_18994,162
synth_19063,162
synth_18991,162
synth_19065,162
synth_18974,162
synth_19073,162
synth_19010,162
synth_19015,162
synth_19051,162
synth_19014,162
synth_18984,162
synth_19075,162
synth_19013,162
synth_19024,162
synth_19062,162
synth_19034,162
synth_18971,162
synth_19038,162
synth_19080,162
synth_19054,162
synth_19055,162
synth_19070,162
synth_18981,162
synth_18983,162
synth_18995,162
synth_19078,162
synth_19022,162
synth_19039,162
synth_19025,162
synth_19000,162
synth_19011,162
synth_19033,162
synth_19017,162
synth_19035,162
synth_19058,162
synth_19027,162
synth_19053,162
synth_18975,162
synth_19069,162
synth_19084,162
synth_18988,162
synth_18972,162
synth_19057,162
synth_19002,162
synth_18978,162
synth_18996,162
synth_18990,162
synth_19066,162
synth_19008,162
synth_19041,162
synth_18979,162
synth_19012,162
synth_19086,162
synth_18987,162
synth_19020,162
synth_19028,162
synth_19007,162
synth_19077,162
synth_19064,162
synth_19087,162
synth_19045,162
synth_19060,162
synth_19076,162
synth_19036,162
synth_19083,162
synth_19085,162
synth_18997,162
synth_19006,162
synth_19032,162
synth_18986,162
synth_19061,162
synth_18977,162
synth_19040,162
synth_19003,162
synth_19074,162
synth_19056,162
synth_19043,162
synth_19046,162
synth_18989,162
synth_19005,162
synth_19018,162
synth_19071,162
synth_18998,162
synth_19047,162
synth_18993,162
synth_19023,162
synth_19029,162
synth_19068,162
synth_19059,162
synth_19009,162
synth_19042,162
synth_19081,162
synth_18970,162
synth_19019,162
synth_19072,162
synth_19141,161
synth_19170,161
synth_19145,161
synth_19150,161
synth_19181,161
synth_19196,161
synth_19197,161
synth_19110,161
synth_19168,161
synth_19095,161
synth_19104,161
synth_19089,161
synth_19183,161
synth_19200,161
synth_19092,161
synth_19113,161
synth_19173,161
synth_19106,161
synth_19203,161
synth_19167,161
synth_19201,161
synth_19143,161
synth_19107,161
synth_19115,161
synth_19184,161
synth_19117,161
synth_19144,161
synth_19147,161
synth_19098,161
synth_19182,161
synth_19202,161
synth_19133,161
synth_19151,161
synth_19132,161
synth_19188,161
synth_19127,161
synth_19189,161
synth_19102,161
synth_19125,161
synth_19156,161
synth_19205,161
synth_19137,161
synth_19091,161
synth_19164,161
synth_19165,161
synth_19174,161
synth_19119,161
synth_19161,161
synth_19088,161
synth_19134,161
synth_19169,161
synth_19153,161
synth_19140,161
synth_19195,161
synth_19128,161
synth_19157,161
synth_19198,161
synth_19109,161
synth_19154,161
synth_19160,161
synth_19176,161
synth_19206,161
synth_19190,161
synth_19103,161
synth_19152,161
synth_19094,161
synth_19121,161
synth_19180,161
synth_19126,161
synth_19175,161
synth_19101,161
synth_19130,161
synth_19142,161
synth_19149,161
synth_19172,161
synth_19135,161
synth_19193,161
synth_19100,161
synth_19179,161
synth_19124,161
synth_19187,161
synth_19139,161
synth_19123,161
synth_19166,161
synth_19199,161
synth_19108,161
synth_19090,161
synth_19163,161
synth_19136,161
synth_19162,161
synth_19192,161
synth_19112,161
synth_19122,161
synth_19118,161
synth_19096,161
synth_19185,161
synth_19204,161
synth_19186,161
synth_19114,161
synth_19129,161
synth_19105,161
synth_19116,161
synth_19148,161
synth_19120,161
synth_19131,161
synth_19171,161
synth_19191,161
synth_19194,161
synth_19155,161
synth_19111,161
synth_19158,161
synth_19159,161
synth_19093,161
synth_19146,161
synth_19097,161
synth_19099,161
synth_19138,161
synth_19178,161
synth_19177,161
synth_19306,160
synth_19321,160
synth_19216,160
synth_19305,160
synth_19232,160
synth_19236,160
synth_19237,160
synth_19226,160
synth_19297,160
synth_19253,160
synth_19313,160
synth_19227,160
synth_19255,160
synth_19259,160
synth_19223,160
synth_19266,160
synth_19225,160
synth_19248,160
synth_19289,160
synth_19234,160
synth_19325,160
synth_19320,160
synth_19303,160
synth_19285,160
synth_19264,160
synth_19308,160
synth_19271,160
synth_19309,160
synth_19260,160
synth_19267,160
synth_19224,160
synth_19228,160
synth_19246,160
synth_19280,160
synth_19288,160
synth_19230,160
synth_19263,160
synth_19241,160
synth_19277,160
synth_19240,160
synth_19252,160
synth_19229,160
synth_19231,160
synth_19243,160
synth_19301,160
synth_19270,160
synth_19262,160
synth_19300,160
synth_19238,160
synth_19322,160
synth_19209,160
synth_19296,160
synth_19214,160
synth_19222,160
synth_19257,160
synth_19324,160
synth_19273,160
synth_19279,160
synth_19316,160
synth_19218,160
synth_19221,160
synth_19233,160
synth_19311,160
synth_19250,160
synth_19278,160
synth_19318,160
synth_19254,160
synth_19272,160
synth_19249,160
synth_19247,160
synth_19269,160
synth_19281,160
synth_19304,160
synth_19312,160
synth_19207,160
synth_19275,160
synth_19239,160
synth_19274,160
synth_19284,160
synth_19293,160
synth_19307,160
synth_19215,160
synth_19235,160
synth_19295,160
synth_19287,160
synth_19256,160
synth_19283,160
synth_19302,160
synth_19213,160
synth_19282,160
synth_19291,160
synth_19286,160
synth_19251,160
synth_19211,160
synth_19258,160
synth_19245,160
synth_19268,160
synth_19292,160
synth_19299,160
synth_19265,160
synth_19276,160
synth_19317,160
synth_19208,160
synth_19315,160
synth_19244,160
synth_19219,160
synth_19261,160
synth_19220,160
synth_19212,160
synth_19290,160
synth_19310,160
synth_19323,160
synth_19314,160
synth_19326,160
synth_19298,160
synth_19242,160
synth_19217,160
synth_19319,160
synth_19210,160
synth_19294,160
synth_19355,159
synth_19382,159
synth_19341,159
synth_19342,159
synth_19369,159
synth_19384,159
synth_19358,159
synth_19427,159
synth_19368,159
synth_19429,159
synth_19347,159
synth_19377,159
synth_19417,159
synth_19385,159
synth_19359,159
synth_19438,159
synth_19348,159
synth_19367,159
synth_19356,159
synth_19361,159
synth_19336,159
synth_19428,159
synth_19426,159
synth_19381,159
synth_19433,159
synth_19365,159
synth_19335,159
synth_19379,159
synth_19395,159
synth_19333,159
synth_19434,159
synth_19354,159
synth_19446,159
synth_19410,159
synth_19400,159
synth_19394,159
synth_19371,159
synth_19403,159
synth_19423,159
synth_19437,159
synth_19375,159
synth_19393,159
synth_19352,159
synth_19353,159
synth_19380,159
synth_19364,159
synth_19425,159
synth_19430,159
synth_19349,159
synth_19362,159
synth_19409,159
synth_19378,159
synth_19334,159
synth_19388,159
synth_19391,159
synth_19383,159
synth_19345,159
synth_19329,159
synth_19332,159
synth_19413,159
synth_19445,159
synth_19420,159
synth_19338,159
synth_19386,159
synth_19389,159
synth_19343,159
synth_19398,159
synth_19340,159
synth_19406,159
synth_19412,159
synth_19439,159
synth_19376,159
synth_19374,159
synth_19419,159
synth_19344,159
synth_19447,159
synth_19366,159
synth_19404,159
synth_19372,159
synth_19424,159
synth_19408,159
synth_19436,159
synth_19357,159
synth_19432,159
synth_19407,159
synth_19339,159
synth_19370,159
synth_19396,159
synth_19444,159
synth_19330,159
synth_19328,159
synth_19351,159
synth_19414,159
synth_19392,159
synth_19422,159
synth_19418,159
synth_19337,159
synth_19443,159
synth_19440,159
synth_19327,159
synth_19401,159
synth_19435,159
synth_19448,159
synth_19441,159
synth_19363,159
synth_19331,159
synth_19387,159
synth_19442,159
synth_19399,159
synth_19416,159
synth_19360,159
synth_19421,159
synth_19346,159
synth_19402,159
synth_19415,159
synth_19350,159
synth_19373,159
synth_19397,159
synth_19405,159
synth_19390,159
synth_19431,159
synth_19411,159
synth_19460,158
synth_19568,158
synth_19515,158
synth_19494,158
synth_19501,158
synth_19543,158
synth_19554,158
synth_19473,158
synth_19511,158
synth_19478,158
synth_19531,158
synth_19571,158
synth_19453,158
synth_19488,158
synth_19510,158
synth_19505,158
synth_19534,158
synth_19560,158
synth_19495,158
synth_19449,158
synth_19483,158
synth_19487,158
synth_19535,158
synth_19499,158
synth_19485,158
synth_19506,158
synth_19497,158
synth_19482,158
synth_19474,158
synth_19490,158
synth_19486,158
synth_19516,158
synth_19519,158
synth_19555,158
synth_19450,158
synth_19523,158
synth_19565,158
synth_19536,158
synth_19563,158
synth_19451,158
synth_19541,158
synth_19484,158
synth_19464,158
synth_19491,158
synth_19562,158
synth_19456,158
synth_19513,158
synth_19521,158
synth_19558,158
synth_19540,158
synth_19503,158
synth_19517,158
synth_19458,158
synth_19548,158
synth_19553,158
synth_19564,158
synth_19459,158
synth_19465,158
synth_19549,158
synth_19561,158
synth_19552,158
synth_19472,158
synth_19481,158
synth_19557,158
synth_19526,158
synth_19466,158
synth_19467,158
synth_19462,158
synth_19454,158
synth_19556,158
synth_19480,158
synth_19532,158
synth_19566,158
synth_19567,158
synth_19569,158
synth_19570,158
synth_19522,158
synth_19492,158
synth_19530,158
synth_19479,158
synth_19502,158
synth_19498,158
synth_19463,158
synth_19539,158
synth_19533,158
synth_19545,158
synth_19509,158
synth_19475,158
synth_19537,158
synth_19544,158
synth_19547,158
synth_19468,158
synth_19504,158
synth_19452,158
synth_19496,158
synth_19493,158
synth_19524,158
synth_19538,158
synth_19489,158
synth_19508,158
synth_19546,158
synth_19470,158
synth_19512,158
synth_19507,158
synth_19476,158
synth_19477,158
synth_19542,158
synth_19518,158
synth_19469,158
synth_19527,158
synth_19559,158
synth_19457,158
synth_19471,158
synth_19528,158
synth_19551,158
synth_19455,158
synth_19514,158
synth_19500,158
synth_19550,158
synth_19525,158
synth_19529,158
synth_19572,158
synth_19461,158
synth_19520,158
synth_19590,157
synth_19619,157
synth_19673,157
synth_19600,157
synth_19640,157
synth_19627,157
synth_19668,157
synth_19589,157
synth_19614,157
synth_19623,157
synth_19661,157
synth_19662,157
synth_19573,157
synth_19576,157
synth_19613,157
synth_19595,157
synth_19603,157
synth_19621,157
synth_19644,157
synth_19667,157
synth_19638,157
synth_19677,157
synth_19579,157
synth_19646,157
synth_19583,157
synth_19652,157
synth_19656,157
synth_19580,157
synth_19665,157
synth_19671,157
synth_19675,157
synth_19659,157
synth_19688,157
synth_19593,157
synth_19586,157
synth_19615,157
synth_19607,157
synth_19616,157
synth_19588,157
synth_19645,157
synth_19602,157
synth_19632,157
synth_19686,157
synth_19594,157
synth_19674,157
synth_19683,157
synth_19684,157
synth_19658,157
synth_19647,157
synth_19657,157
synth_19676,157
synth_19654,157
synth_19679,157
synth_19666,157
synth_19577,157
synth_19582,157
synth_19697,157
synth_19585,157
synth_19598,157
synth_19648,157
synth_19680,157
synth_19649,157
synth_19670,157
synth_19604,157
synth_19695,157
synth_19601,157
synth_19578,157
synth_19694,157
synth_19687,157
synth_19682,157
synth_19642,157
synth_19689,157
synth_19690,157
synth_19650,157
synth_19581,157
synth_19663,157
synth_19610,157
synth_19617,157
synth_19678,157
synth_19664,157
synth_19605,157
synth_19660,157
synth_19691,157
synth_19611,157
synth_19630,157
synth_19639,157
synth_19596,157
synth_19633,157
synth_19681,157
synth_19651,157
synth_19591,157
synth_19634,157
synth_19618,157
synth_19608,157
synth_19685,157
synth_19612,157
synth_19624,157
synth_19625,157
synth_19643,157
synth_19692,157
synth_19672,157
synth_19592,157
synth_19597,157
synth_19629,157
synth_19587,157
synth_19584,157
synth_19635,157
synth_19655,157
synth_19637,157
synth_19693,157
synth_19669,157
synth_19574,157
synth_19628,157
synth_19606,157
synth_19622,157
synth_19575,157
synth_19631,157
synth_19599,157
synth_19626,157
synth_19636,157
synth_19620,157
synth_19696,157
synth_19641,157
synth_19653,157
synth_19609,157
synth_19730,156
synth_19732,156
synth_19729,156
synth_19788,156
synth_19792,156
synth_19720,156
synth_19723,156
synth_19741,156
synth_19811,156
synth_19778,156
synth_19787,156
synth_19776,156
synth_19764,156
synth_19763,156
synth_19768,156
synth_19784,156
synth_19761,156
synth_19702,156
synth_19789,156
synth_19735,156
synth_19727,156
synth_19758,156
synth_19769,156
synth_19754,156
synth_19705,156
synth_19721,156
synth_19726,156
synth_19815,156
synth_19777,156
synth_19703,156
synth_19801,156
synth_19796,156
synth_19756,156
synth_19736,156
synth_19798,156
synth_19786,156
synth_19823,156
synth_19708,156
synth_19812,156
synth_19737,156
synth_19780,156
synth_19718,156
synth_19733,156
synth_19704,156
synth_19719,156
synth_19709,156
synth_19722,156
synth_19706,156
synth_19781,156
synth_19799,156
synth_19738,156
synth_19740,156
synth_19817,156
synth_19746,156
synth_19819,156
synth_19767,156
synth_19771,156
synth_19748,156
synth_19699,156
synth_19820,156
synth_19710,156
synth_19717,156
synth_19747,156
synth_19766,156
synth_19785,156
synth_19773,156
synth_19804,156
synth_19814,156
synth_19724,156
synth_19800,156
synth_19734,156
synth_19751,156
synth_19739,156
synth_19753,156
synth_19782,156
synth_19745,156
synth_19701,156
synth_19731,156
synth_19818,156
synth_19790,156
synth_19711,156
synth_19802,156
synth_19809,156
synth_19712,156
synth_19793,156
synth_19707,156
synth_19759,156
synth_19795,156
synth_19821,156
synth_19715,156
synth_19716,156
synth_19808,156
synth_19762,156
synth_19816,156
synth_19757,156
synth_19807,156
synth_19779,156
synth_19810,156
synth_19714,156
synth_19772,156
synth_19794,156
synth_19725,156
synth_19743,156
synth_19713,156
synth_19797,156
synth_19775,156
synth_19822,156
synth_19728,156
synth_19742,156
synth_19805,156
synth_19806,156
synth_19765,156
synth_19783,156
synth_19755,156
synth_19698,156
synth_19750,156
synth_19752,156
synth_19760,156
synth_19774,156
synth_19749,156
synth_19791,156
synth_19744,156
synth_19803,156
synth_19700,156
synth_19813,156
synth_19770,156
synth_19941,155
synth_19933,155
synth_19877,155
synth_19840,155
synth_19857,155
synth_19853,155
synth_19888,155
synth_19831,155
synth_19928,155
synth_19906,155
synth_19827,155
synth_19943,155
synth_19882,155
synth_19884,155
synth_19830,155
synth_19949,155
synth_19834,155
synth_19946,155
synth_19872,155
synth_19891,155
synth_19846,155
synth_19889,155
synth_19886,155
synth_19897,155
synth_19900,155
synth_19885,155
synth_19875,155
synth_19826,155
synth_19927,155
synth_19865,155
synth_19910,155
synth_19932,155
synth_19903,155
synth_19829,155
synth_19915,155
synth_19869,155
synth_19950,155
synth_19873,155
synth_19917,155
synth_19825,155
synth_19898,155
synth_19902,155
synth_19908,155
synth_19878,155
synth_19937,155
synth_19849,155
synth_19855,155
synth_19921,155
synth_19833,155
synth_19925,155
synth_19858,155
synth_19856,155
synth_19879,155
synth_19952,155
synth_19866,155
synth_19841,155
synth_19880,155
synth_19843,155
synth_19929,155
synth_19874,155
synth_19896,155
synth_19848,155
synth_19904,155
synth_19951,155
synth_19913,155
synth_19919,155
synth_19838,155
synth_19844,155
synth_19887,155
synth_19918,155
synth_19861,155
synth_19828,155
synth_19850,155
synth_19895,155
synth_19899,155
synth_19938,155
synth_19867,155
synth_19935,155
synth_19945,155
synth_19948,155
synth_19926,155
synth_19890,155
synth_19912,155
synth_19842,155
synth_19920,155
synth_19901,155
synth_19883,155
synth_19893,155
synth_19854,155
synth_19859,155
synth_19907,155
synth_19909,155
synth_19931,155
synth_19837,155
synth_19839,155
synth_19947,155
synth_19881,155
synth_19923,155
synth_19832,155
synth_19939,155
synth_19863,155
synth_19911,155
synth_19940,155
synth_19936,155
synth_19905,155
synth_19930,155
synth_19916,155
synth_19836,155
synth_19942,155
synth_19847,155
synth_19871,155
synth_19914,155
synth_19824,155
synth_19892,155
synth_19868,155
synth_19876,155
synth_19835,155
synth_19862,155
synth_19922,155
synth_19860,155
synth_19944,155
synth_19894,155
synth_19870,155
synth_19845,155
synth_19864,155
synth_19852,155
synth_19934,155
synth_19851,155
synth_19924,155
synth_19964,154
synth_20080,154
synth_20077,154
synth_19991,154
synth_19986,154
synth_20057,154
synth_20027,154
synth_20029,154
synth_20069,154
synth_20051,154
synth_19989,154
synth_20066,154
synth_20011,154
synth_19975,154
synth_20035,154
synth_20071,154
synth_20006,154
synth_20047,154
synth_20053,154
synth_20026,154
synth_20015,154
synth_20062,154
synth_20073,154
synth_20010,154
synth_20046,154
synth_20072,154
synth_20002,154
synth_19960,154
synth_20023,154
synth_20017,154
synth_19974,154
synth_19994,154
synth_20045,154
synth_19968,154
synth_20055,154
synth_20016,154
synth_19993,154
synth_20049,154
synth_20082,154
synth_20075,154
synth_20037,154
synth_20061,154
synth_20042,154
synth_20009,154
synth_19976,154
synth_20067,154
synth_20050,154
synth_20081,154
synth_20001,154
synth_20048,154
synth_19972,154
synth_19963,154
synth_19995,154
synth_20031,154
synth_19973,154
synth_19966,154
synth_20056,154
synth_19967,154
synth_20020,154
synth_19965,154
synth_20005,154
synth_20028,154
synth_20068,154
synth_20079,154
synth_19977,154
synth_19969,154
synth_19953,154
synth_19981,154
synth_20065,154
synth_20032,154
synth_19957,154
synth_20036,154
synth_19959,154
synth_19992,154
synth_19978,154
synth_19997,154
synth_20043,154
synth_19998,154
synth_20018,154
synth_20033,154
synth_19979,154
synth_20076,154
synth_20070,154
synth_19962,154
synth_19954,154
synth_19980,154
synth_19988,154
synth_20034,154
synth_19983,154
synth_20019,154
synth_20004,154
synth_20064,154
synth_20078,154
synth_20063,154
synth_20012,154
synth_20041,154
synth_19982,154
synth_20021,154
synth_19971,154
synth_19956,154
synth_19996,154
synth_20044,154
synth_20007,154
synth_20040,154
synth_20022,154
synth_19990,154
synth_20074,154
synth_20038,154
synth_19970,154
synth_19985,154
synth_20059,154
synth_19987,154
synth_20058,154
synth_19958,154
synth_20030,154
synth_20000,154
synth_19955,154
synth_19961,154
synth_19999,154
synth_20024,154
synth_20039,154
synth_20054,154
synth_20013,154
synth_20052,154
synth_20025,154
synth_20003,154
synth_20014,154
synth_19984,154
synth_20008,154
synth_20060,154
synth_20102,153
synth_20165,153
synth_20162,153
synth_20087,153
synth_20098,153
synth_20132,153
synth_20124,153
synth_20137,153
synth_20183,153
synth_20144,153
synth_20157,153
synth_20139,153
synth_20117,153
synth_20170,153
synth_20145,153
synth_20141,153
synth_20130,153
synth_20187,153
synth_20208,153
synth_20178,153
synth_20108,153
synth_20190,153
synth_20213,153
synth_20129,153
synth_20089,153
synth_20184,153
synth_20210,153
synth_20134,153
synth_20174,153
synth_20192,153
synth_20140,153
synth_20103,153
synth_20171,153
synth_20150,153
synth_20182,153
synth_20094,153
synth_20175,153
synth_20155,153
synth_20212,153
synth_20209,153
synth_20084,153
synth_20166,153
synth_20125,153
synth_20090,153
synth_20122,153
synth_20167,153
synth_20119,153
synth_20176,153
synth_20211,153
synth_20113,153
synth_20131,153
synth_20205,153
synth_20153,153
synth_20107,153
synth_20123,153
synth_20203,153
synth_20127,153
synth_20161,153
synth_20177,153
synth_20126,153
synth_20112,153
synth_20148,153
synth_20207,153
synth_20111,153
synth_20109,153
synth_20135,153
synth_20116,153
synth_20115,153
synth_20180,153
synth_20201,153
synth_20099,153
synth_20156,153
synth_20189,153
synth_20168,153
synth_20163,153
synth_20181,153
synth_20158,153
synth_20138,153
synth_20159,153
synth_20179,153
synth_20133,153
synth_20188,153
synth_20169,153
synth_20197,153
synth_20118,153
synth_20196,153
synth_20173,153
synth_20121,153
synth_20088,153
synth_20105,153
synth_20106,153
synth_20128,153
synth_20085,153
synth_20091,153
synth_20114,153
synth_20097,153
synth_20164,153
synth_20194,153
synth_20100,153
synth_20142,153
synth_20096,153
synth_20191,153
synth_20195,153
synth_20172,153
synth_20147,153
synth_20110,153
synth_20120,153
synth_20083,153
synth_20093,153
synth_20104,153
synth_20186,153
synth_20086,153
synth_20198,153
synth_20202,153
synth_20151,153
synth_20095,153
synth_20199,153
synth_20149,153
synth_20154,153
synth_20136,153
synth_20146,153
synth_20092,153
synth_20101,153
synth_20152,153
synth_20200,153
synth_20143,153
synth_20160,153
synth_20193,153
synth_20204,153
synth_20185,153
synth_20206,153
synth_20241,152
synth_20254,152
synth_20287,152
synth_20226,152
synth_20261,152
synth_20302,152
synth_20242,152
synth_20272,152
synth_20288,152
synth_20313,152
synth_20340,152
synth_20310,152
synth_20276,152
synth_20220,152
synth_20332,152
synth_20314,152
synth_20267,152
synth_20331,152
synth_20258,152
synth_20308,152
synth_20325,152
synth_20300,152
synth_20324,152
synth_20278,152
synth_20303,152
synth_20222,152
synth_20214,152
synth_20317,152
synth_20234,152
synth_20237,152
synth_20339,152
synth_20293,152
synth_20252,152
synth_20253,152
synth_20221,152
synth_20248,152
synth_20259,152
synth_20270,152
synth_20334,152
synth_20246,152
synth_20285,152
synth_20228,152
synth_20279,152
synth_20292,152
synth_20344,152
synth_20219,152
synth_20275,152
synth_20229,152
synth_20320,152
synth_20337,152
synth_20255,152
synth_20327,152
synth_20243,152
synth_20245,152
synth_20250,152
synth_20280,152
synth_20281,152
synth_20311,152
synth_20315,152
synth_20277,152
synth_20239,152
synth_20323,152
synth_20346,152
synth_20262,152
synth_20307,152
synth_20330,152
synth_20265,152
synth_20304,152
synth_20312,152
synth_20321,152
synth_20333,152
synth_20343,152
synth_20283,152
synth_20301,152
synth_20319,152
synth_20251,152
synth_20294,152
synth_20298,152
synth_20341,152
synth_20256,152
synth_20282,152
synth_20291,152
synth_20218,152
synth_20296,152
synth_20238,152
synth_20306,152
synth_20271,152
synth_20230,152
synth_20309,152
synth_20347,152
synth_20260,152
synth_20290,152
synth_20236,152
synth_20232,152
synth_20286,152
synth_20231,152
synth_20247,152
synth_20257,152
synth_20322,152
synth_20318,152
synth_20233,152
synth_20336,152
synth_20297,152
synth_20249,152
synth_20284,152
synth_20328,152
synth_20216,152
synth_20269,152
synth_20268,152
synth_20223,152
synth_20305,152
synth_20289,152
synth_20326,152
synth_20342,152
synth_20329,152
synth_20345,152
synth_20273,152
synth_20295,152
synth_20217,152
synth_20338,152
synth_20274,152
synth_20316,152
synth_20266,152
synth_20263,152
synth_20264,152
synth_20215,152
synth_20335,152
synth_20244,152
synth_20227,152
synth_20224,152
synth_20240,152
synth_20299,152
synth_20235,152
synth_20225,152
synth_20446,151
synth_20424,151
synth_20450,151
synth_20367,151
synth_20415,151
synth_20385,151
synth_20397,151
synth_20460,151
synth_20379,151
synth_20414,151
synth_20350,151
synth_20464,151
synth_20474,151
synth_20387,151
synth_20427,151
synth_20471,151
synth_20351,151
synth_20396,151
synth_20466,151
synth_20425,151
synth_20406,151
synth_20422,151
synth_20383,151
synth_20393,151
synth_20407,151
synth_20361,151
synth_20405,151
synth_20437,151
synth_20394,151
synth_20418,151
synth_20434,151
synth_20456,151
synth_20475,151
synth_20378,151
synth_20412,151
synth_20384,151
synth_20439,151
synth_20482,151
synth_20391,151
synth_20480,151
synth_20348,151
synth_20363,151
synth_20453,151
synth_20388,151
synth_20381,151
synth_20402,151
synth_20386,151
synth_20408,151
synth_20442,151
synth_20436,151
synth_20349,151
synth_20429,151
synth_20368,151
synth_20444,151
synth_20449,151
synth_20410,151
synth_20481,151
synth_20377,151
synth_20401,151
synth_20445,151
synth_20400,151
synth_20356,151
synth_20358,151
synth_20413,151
synth_20416,151
synth_20468,151
synth_20366,151
synth_20409,151
synth_20373,151
synth_20354,151
synth_20392,151
synth_20357,151
synth_20359,151
synth_20403,151
synth_20352,151
synth_20426,151
synth_20355,151
synth_20376,151
synth_20433,151
synth_20454,151
synth_20398,151
synth_20374,151
synth_20457,151
synth_20478,151
synth_20360,151
synth_20389,151
synth_20399,151
synth_20431,151
synth_20448,151
synth_20380,151
synth_20417,151
synth_20477,151
synth_20459,151
synth_20476,151
synth_20390,151
synth_20370,151
synth_20441,151
synth_20469,151
synth_20411,151
synth_20472,151
synth_20447,151
synth_20404,151
synth_20395,151
synth_20365,151
synth_20435,151
synth_20382,151
synth_20421,151
synth_20432,151
synth_20362,151
synth_20463,151
synth_20470,151
synth_20369,151
synth_20353,151
synth_20371,151
synth_20479,151
synth_20452,151
synth_20438,151
synth_20467,151
synth_20462,151
synth_20428,151
synth_20465,151
synth_20420,151
synth_20364,151
synth_20430,151
synth_20440,151
synth_20455,151
synth_20375,151
synth_20423,151
synth_20443,151
synth_20451,151
synth_20473,151
synth_20372,151
synth_20419,151
synth_20458,151
synth_20461,151
synth_20549,150
synth_20570,150
synth_20553,150
synth_20487,150
synth_20566,150
synth_20493,150
synth_20528,150
synth_20484,150
synth_20485,150
synth_20500,150
synth_20503,150
synth_20609,150
synth_20530,150
synth_20565,150
synth_20610,150
synth_20559,150
synth_20510,150
synth_20538,150
synth_20572,150
synth_20600,150
synth_20585,150
synth_20521,150
synth_20552,150
synth_20595,150
synth_20532,150
synth_20592,150
synth_20603,150
synth_20578,150
synth_20512,150
synth_20599,150
synth_20591,150
synth_20519,150
synth_20548,150
synth_20504,150
synth_20555,150
synth_20556,150
synth_20526,150
synth_20554,150
synth_20584,150
synth_20571,150
synth_20563,150
synth_20514,150
synth_20612,150
synth_20515,150
synth_20593,150
synth_20489,150
synth_20533,150
synth_20542,150
synth_20550,150
synth_20580,150
synth_20606,150
synth_20535,150
synth_20611,150
synth_20597,150
synth_20564,150
synth_20587,150
synth_20567,150
synth_20589,150
synth_20619,150
synth_20598,150
synth_20524,150
synth_20605,150
synth_20569,150
synth_20543,150
synth_20615,150
synth_20534,150
synth_20498,150
synth_20540,150
synth_20520,150
synth_20507,150
synth_20596,150
synth_20539,150
synth_20607,150
synth_20586,150
synth_20602,150
synth_20508,150
synth_20513,150
synth_20551,150
synth_20568,150
synth_20617,150
synth_20537,150
synth_20544,150
synth_20497,150
synth_20516,150
synth_20523,150
synth_20494,150
synth_20517,150
synth_20506,150
synth_20529,150
synth_20525,150
synth_20562,150
synth_20518,150
synth_20545,150
synth_20488,150
synth_20496,150
synth_20492,150
synth_20613,150
synth_20541,150
synth_20490,150
synth_20547,150
synth_20561,150
synth_20608,150
synth_20509,150
synth_20577,150
synth_20501,150
synth_20575,150
synth_20522,150
synth_20511,150
synth_20581,150
synth_20614,150
synth_20491,150
synth_20594,150
synth_20527,150
synth_20582,150
synth_20583,150
synth_20531,150
synth_20601,150
synth_20483,150
synth_20574,150
synth_20546,150
synth_20558,150
synth_20495,150
synth_20604,150
synth_20579,150
synth_20576,150
synth_20499,150
synth_20588,150
synth_20536,150
synth_20618,150
synth_20560,150
synth_20616,150
synth_20505,150
synth_20557,150
synth_20590,150
synth_20573,150
synth_20486,150
synth_20502,150
synth_20643,149
synth_20655,149
synth_20672,149
synth_20713,149
synth_20656,149
synth_20649,149
synth_20721,149
synth_20644,149
synth_20626,149
synth_20665,149
synth_20681,149
synth_20749,149
synth_20635,149
synth_20690,149
synth_20705,149
synth_20657,149
synth_20714,149
synth_20673,149
synth_20743,149
synth_20717,149
synth_20625,149
synth_20736,149
synth_20664,149
synth_20747,149
synth_20645,149
synth_20668,149
synth_20745,149
synth_20648,149
synth_20706,149
synth_20701,149
synth_20712,149
synth_20757,149
synth_20624,149
synth_20719,149
synth_20750,149
synth_20659,149
synth_20677,149
synth_20633,149
synth_20661,149
synth_20741,149
synth_20708,149
synth_20725,149
synth_20754,149
synth_20720,149
synth_20739,149
synth_20716,149
synth_20752,149
synth_20667,149
synth_20756,149
synth_20727,149
synth_20678,149
synth_20686,149
synth_20700,149
synth_20658,149
synth_20699,149
synth_20710,149
synth_20718,149
synth_20682,149
synth_20704,149
synth_20751,149
synth_20742,149
synth_20693,149
synth_20730,149
synth_20640,149
synth_20703,149
synth_20711,149
synth_20685,149
synth_20636,149
synth_20639,149
synth_20663,149
synth_20695,149
synth_20651,149
synth_20653,149
synth_20675,149
synth_20669,149
synth_20688,149
synth_20709,149
synth_20691,149
synth_20696,149
synth_20734,149
synth_20744,149
synth_20679,149
synth_20702,149
synth_20628,149
synth_20641,149
synth_20731,149
synth_20687,149
synth_20724,149
synth_20622,149
synth_20748,149
synth_20642,149
synth_20689,149
synth_20758,149
synth_20723,149
synth_20740,149
synth_20746,149
synth_20729,149
synth_20654,149
synth_20728,149
synth_20732,149
synth_20637,149
synth_20680,149
synth_20646,149
synth_20652,149
synth_20733,149
synth_20666,149
synth_20634,149
synth_20753,149
synth_20694,149
synth_20735,149
synth_20715,149
synth_20631,149
synth_20662,149
synth_20697,149
synth_20670,149
synth_20632,149
synth_20627,149
synth_20683,149
synth_20738,149
synth_20621,149
synth_20737,149
synth_20638,149
synth_20707,149
synth_20647,149
synth_20671,149
synth_20698,149
synth_20692,149
synth_20684,149
synth_20676,149
synth_20630,149
synth_20726,149
synth_20623,149
synth_20755,149
synth_20620,149
synth_20629,149
synth_20650,149
synth_20722,149
synth_20660,149
synth_20674,149
synth_20788,148
synth_20822,148
synth_20825,148
synth_20815,148
synth_20799,148
synth_20768,148
synth_20792,148
synth_20798,148
synth_20826,148
synth_20859,148
synth_20867,148
synth_20775,148
synth_20809,148
synth_20795,148
synth_20886,148
synth_20763,148
synth_20781,148
synth_20811,148
synth_20838,148
synth_20860,148
synth_20839,148
synth_20872,148
synth_20884,148
synth_20771,148
synth_20764,148
synth_20790,148
synth_20896,148
synth_20824,148
synth_20796,148
synth_20767,148
synth_20785,148
synth_20851,148
synth_20862,148
synth_20784,148
synth_20803,148
synth_20889,148
synth_20812,148
synth_20893,148
synth_20813,148
synth_20793,148
synth_20874,148
synth_20761,148
synth_20895,148
synth_20766,148
synth_20841,148
synth_20836,148
synth_20876,148
synth_20769,148
synth_20894,148
synth_20843,148
synth_20842,148
synth_20899,148
synth_20852,148
synth_20875,148
synth_20762,148
synth_20773,148
synth_20777,148
synth_20898,148
synth_20782,148
synth_20783,148
synth_20807,148
synth_20853,148
synth_20806,148
synth_20779,148
synth_20863,148
synth_20891,148
synth_20865,148
synth_20877,148
synth_20868,148
synth_20797,148
synth_20776,148
synth_20774,148
synth_20864,148
synth_20830,148
synth_20834,148
synth_20878,148
synth_20848,148
synth_20857,148
synth_20791,148
synth_20881,148
synth_20802,148
synth_20837,148
synth_20854,148
synth_20789,148
synth_20772,148
synth_20847,148
synth_20778,148
synth_20827,148
synth_20850,148
synth_20833,148
synth_20879,148
synth_20887,148
synth_20770,148
synth_20823,148
synth_20873,148
synth_20835,148
synth_20759,148
synth_20794,148
synth_20819,148
synth_20849,148
synth_20808,148
synth_20844,148
synth_20845,148
synth_20820,148
synth_20760,148
synth_20765,148
synth_20829,148
synth_20846,148
synth_20897,148
synth_20805,148
synth_20818,148
synth_20866,148
synth_20883,148
synth_20888,148
synth_20832,148
synth_20800,148
synth_20786,148
synth_20892,148
synth_20880,148
synth_20882,148
synth_20858,148
synth_20828,148
synth_20814,148
synth_20787,148
synth_20855,148
synth_20869,148
synth_20821,148
synth_20870,148
synth_20810,148
synth_20890,148
synth_20871,148
synth_20856,148
synth_20817,148
synth_20840,148
synth_20780,148
synth_20831,148
synth_20816,148
synth_20861,148
synth_20801,148
synth_20804,148
synth_20885,148
synth_21040,147
synth_21029,147
synth_20912,147
synth_20989,147
synth_21014,147
synth_21039,147
synth_20996,147
synth_21016,147
synth_20942,147
synth_20914,147
synth_20946,147
synth_21026,147
synth_20965,147
synth_20986,147
synth_20964,147
synth_20976,147
synth_21036,147
synth_21038,147
synth_20926,147
synth_21015,147
synth_21019,147
synth_20919,147
synth_20960,147
synth_20971,147
synth_20987,147
synth_21003,147
synth_21027,147
synth_20950,147
synth_20953,147
synth_20945,147
synth_20957,147
synth_20906,147
synth_21007,147
synth_21032,147
synth_21011,147
synth_21004,147
synth_21010,147
synth_20952,147
synth_20920,147
synth_20934,147
synth_20937,147
synth_20948,147
synth_20951,147
synth_20969,147
synth_21017,147
synth_20959,147
synth_21033,147
synth_20991,147
synth_21030,147
synth_20917,147
synth_20999,147
synth_20978,147
synth_20905,147
synth_20933,147
synth_20940,147
synth_20954,147
synth_20908,147
synth_20994,147
synth_21006,147
synth_21041,147
synth_21018,147
synth_20998,147
synth_20943,147
synth_21037,147
synth_21002,147
synth_21005,147
synth_20995,147
synth_20907,147
synth_20903,147
synth_20900,147
synth_20909,147
synth_20921,147
synth_20938,147
synth_20961,147
synth_20904,147
synth_20982,147
synth_20924,147
synth_20939,147
synth_20988,147
synth_21009,147
synth_20925,147
synth_20984,147
synth_20970,147
synth_21035,147
synth_20922,147
synth_20930,147
synth_20973,147
synth_20963,147
synth_20913,147
synth_21000,147
synth_20962,147
synth_20911,147
synth_20993,147
synth_20972,147
synth_21034,147
synth_21024,147
synth_21020,147
synth_20901,147
synth_20979,147
synth_20990,147
synth_20932,147
synth_20985,147
synth_21008,147
synth_20955,147
synth_20915,147
synth_20983,147
synth_20992,147
synth_21022,147
synth_20949,147
synth_20967,147
synth_20916,147
synth_20923,147
synth_21021,147
synth_20902,147
synth_21025,147
synth_20928,147
synth_21031,147
synth_20966,147
synth_20980,147
synth_20981,147
synth_20929,147
synth_20931,147
synth_20974,147
synth_20910,147
synth_20975,147
synth_21001,147
synth_20941,147
synth_21013,147
synth_20935,147
synth_20958,147
synth_20944,147
synth_20936,147
synth_20997,147
synth_20977,147
synth_21012,147
synth_20918,147
synth_20947,147
synth_21028,147
synth_20968,147
synth_20927,147
synth_21023,147
synth_20956,147
synth_21118,146
synth_21183,146
synth_21080,146
synth_21123,146
synth_21153,146
synth_21162,146
synth_21090,146
synth_21054,146
synth_21077,146
synth_21148,146
synth_21146,146
synth_21133,146
synth_21157,146
synth_21159,146
synth_21154,146
synth_21175,146
synth_21050,146
synth_21089,146
synth_21130,146
synth_21046,146
synth_21113,146
synth_21064,146
synth_21122,146
synth_21158,146
synth_21169,146
synth_21179,146
synth_21108,146
synth_21055,146
synth_21149,146
synth_21156,146
synth_21076,146
synth_21114,146
synth_21172,146
synth_21150,146
synth_21109,146
synth_21142,146
synth_21164,146
synth_21066,146
synth_21085,146
synth_21180,146
synth_21056,146
synth_21136,146
synth_21141,146
synth_21047,146
synth_21075,146
synth_21145,146
synth_21112,146
synth_21173,146
synth_21095,146
synth_21107,146
synth_21058,146
synth_21131,146
synth_21070,146
synth_21073,146
synth_21098,146
synth_21132,146
synth_21093,146
synth_21161,146
synth_21174,146
synth_21091,146
synth_21167,146
synth_21062,146
synth_21081,146
synth_21160,146
synth_21086,146
synth_21094,146
synth_21124,146
synth_21151,146
synth_21083,146
synth_21103,146
synth_21044,146
synth_21045,146
synth_21138,146
synth_21168,146
synth_21140,146
synth_21170,146
synth_21186,146
synth_21128,146
synth_21111,146
synth_21088,146
synth_21163,146
synth_21059,146
synth_21061,146
synth_21065,146
synth_21147,146
synth_21087,146
synth_21165,146
synth_21049,146
synth_21043,146
synth_21137,146
synth_21144,146
synth_21116,146
synth_21127,146
synth_21166,146
synth_21115,146
synth_21074,146
synth_21139,146
synth_21171,146
synth_21126,146
synth_21100,146
synth_21155,146
synth_21106,146
synth_21134,146
synth_21110,146
synth_21060,146
synth_21178,146
synth_21051,146
synth_21099,146
synth_21068,146
synth_21185,146
synth_21048,146
synth_21071,146
synth_21069,146
synth_21082,146
synth_21078,146
synth_21102,146
synth_21057,146
synth_21177,146
synth_21053,146
synth_21135,146
synth_21184,146
synth_21129,146
synth_21042,146
synth_21125,146
synth_21052,146
synth_21120,146
synth_21105,146
synth_21143,146
synth_21119,146
synth_21096,146
synth_21084,146
synth_21067,146
synth_21063,146
synth_21121,146
synth_21176,146
synth_21092,146
synth_21182,146
synth_21181,146
synth_21101,146
synth_21152,146
synth_21072,146
synth_21079,146
synth_21104,146
synth_21117,146
synth_21097,146
synth_21193,145
synth_21294,145
synth_21227,145
synth_21252,145
synth_21301,145
synth_21300,145
synth_21248,145
synth_21285,145
synth_21238,145
synth_21311,145
synth_21205,145
synth_21229,145
synth_21216,145
synth_21309,145
synth_21271,145
synth_21318,145
synth_21195,145
synth_21192,145
synth_21247,145
synth_21257,145
synth_21316,145
synth_21297,145
synth_21197,145
synth_21222,145
synth_21268,145
synth_21201,145
synth_21258,145
synth_21302,145
synth_21234,145
synth_21315,145
synth_21305,145
synth_21308,145
synth_21220,145
synth_21279,145
synth_21219,145
synth_21226,145
synth_21191,145
synth_21211,145
synth_21224,145
synth_21281,145
synth_21321,145
synth_21212,145
synth_21200,145
synth_21320,145
synth_21263,145
synth_21188,145
synth_21310,145
synth_21213,145
synth_21242,145
synth_21259,145
synth_21198,145
synth_21253,145
synth_21272,145
synth_21303,145
synth_21206,145
synth_21237,145
synth_21292,145
synth_21208,145
synth_21293,145
synth_21274,145
synth_21203,145
synth_21299,145
synth_21235,145
synth_21307,145
synth_21312,145
synth_21323,145
synth_21255,145
synth_21240,145
synth_21250,145
synth_21288,145
synth_21280,145
synth_21217,145
synth_21284,145
synth_21325,145
synth_21215,145
synth_21218,145
synth_21223,145
synth_21324,145
synth_21196,145
synth_21204,145
synth_21221,145
synth_21327,145
synth_21267,145
synth_21314,145
synth_21241,145
synth_21296,145
synth_21254,145
synth_21194,145
synth_21207,145
synth_21286,145
synth_21287,145
synth_21199,145
synth_21270,145
synth_21306,145
synth_21328,145
synth_21190,145
synth_21291,145
synth_21269,145
synth_21262,145
synth_21277,145
synth_21331,145
synth_21233,145
synth_21289,145
synth_21232,145
synth_21187,145
synth_21236,145
synth_21243,145
synth_21275,145
synth_21244,145
synth_21256,145
synth_21322,145
synth_21278,145
synth_21264,145
synth_21228,145
synth_21266,145
synth_21290,145
synth_21189,145
synth_21246,145
synth_21319,145
synth_21298,145
synth_21202,145
synth_21330,145
synth_21261,145
synth_21283,145
synth_21214,145
synth_21282,145
synth_21225,145
synth_21245,145
synth_21329,145
synth_21326,145
synth_21265,145
synth_21273,145
synth_21276,145
synth_21209,145
synth_21249,145
synth_21251,145
synth_21304,145
synth_21260,145
synth_21231,145
synth_21210,145
synth_21317,145
synth_21230,145
synth_21313,145
synth_21332,145
synth_21295,145
synth_21239,145
synth_21370,144
synth_21352,144
synth_21461,144
synth_21478,144
synth_21353,144
synth_21374,144
synth_21474,144
synth_21401,144
synth_21358,144
synth_21371,144
synth_21452,144
synth_21397,144
synth_21342,144
synth_21430,144
synth_21378,144
synth_21414,144
synth_21428,144
synth_21423,144
synth_21476,144
synth_21408,144
synth_21442,144
synth_21467,144
synth_21457,144
synth_21393,144
synth_21400,144
synth_21368,144
synth_21411,144
synth_21436,144
synth_21367,144
synth_21384,144
synth_21340,144
synth_21395,144
synth_21424,144
synth_21333,144
synth_21356,144
synth_21472,144
synth_21418,144
synth_21434,144
synth_21354,144
synth_21348,144
synth_21444,144
synth_21415,144
synth_21458,144
synth_21360,144
synth_21362,144
synth_21425,144
synth_21338,144
synth_21398,144
synth_21433,144
synth_21432,144
synth_21445,144
synth_21426,144
synth_21336,144
synth_21390,144
synth_21463,144
synth_21350,144
synth_21334,144
synth_21357,144
synth_21341,144
synth_21347,144
synth_21399,144
synth_21359,144
synth_21377,144
synth_21456,144
synth_21431,144
synth_21379,144
synth_21339,144
synth_21407,144
synth_21466,144
synth_21361,144
synth_21364,144
synth_21471,144
synth_21447,144
synth_21355,144
synth_21441,144
synth_21459,144
synth_21394,144
synth_21346,144
synth_21343,144
synth_21438,144
synth_21449,144
synth_21403,144
synth_21437,144
synth_21381,144
synth_21402,144
synth_21363,144
synth_21335,144
synth_21412,144
synth_21443,144
synth_21404,144
synth_21448,144
synth_21417,144
synth_21406,144
synth_21462,144
synth_21460,144
synth_21446,144
synth_21396,144
synth_21481,144
synth_21337,144
synth_21380,144
synth_21419,144
synth_21470,144
synth_21382,144
synth_21454,144
synth_21405,144
synth_21477,144
synth_21365,144
synth_21391,144
synth_21385,144
synth_21435,144
synth_21468,144
synth_21349,144
synth_21453,144
synth_21372,144
synth_21421,144
synth_21410,144
synth_21440,144
synth_21469,144
synth_21465,144
synth_21455,144
synth_21376,144
synth_21375,144
synth_21450,144
synth_21464,144
synth_21387,144
synth_21383,144
synth_21479,144
synth_21420,144
synth_21451,144
synth_21429,144
synth_21389,144
synth_21409,144
synth_21475,144
synth_21413,144
synth_21422,144
synth_21473,144
synth_21366,144
synth_21373,144
synth_21386,144
synth_21416,144
synth_21351,144
synth_21369,144
synth_21344,144
synth_21480,144
synth_21392,144
synth_21388,144
synth_21439,144
synth_21427,144
synth_21345,144
synth_21616,143
synth_21483,143
synth_21557,143
synth_21520,143
synth_21529,143
synth_21563,143
synth_21527,143
synth_21572,143
synth_21569,143
synth_21523,143
synth_21615,143
synth_21508,143
synth_21521,143
synth_21530,143
synth_21577,143
synth_21608,143
synth_21597,143
synth_21598,143
synth_21486,143
synth_21607,143
synth_21578,143
synth_21501,143
synth_21556,143
synth_21576,143
synth_21484,143
synth_21591,143
synth_21548,143
synth_21553,143
synth_21624,143
synth_21613,143
synth_21547,143
synth_21623,143
synth_21560,143
synth_21586,143
synth_21555,143
synth_21559,143
synth_21566,143
synth_21487,143
synth_21601,143
synth_21519,143
synth_21621,143
synth_21507,143
synth_21546,143
synth_21492,143
synth_21568,143
synth_21498,143
synth_21532,143
synth_21549,143
synth_21619,143
synth_21496,143
synth_21526,143
synth_21531,143
synth_21618,143
synth_21567,143
synth_21588,143
synth_21606,143
synth_21534,143
synth_21528,143
synth_21573,143
synth_21581,143
synth_21511,143
synth_21626,143
synth_21500,143
synth_21485,143
synth_21516,143
synth_21505,143
synth_21596,143
synth_21617,143
synth_21544,143
synth_21571,143
synth_21574,143
synth_21620,143
synth_21536,143
synth_21502,143
synth_21589,143
synth_21614,143
synth_21627,143
synth_21545,143
synth_21513,143
synth_21495,143
synth_21593,143
synth_21599,143
synth_21525,143
synth_21565,143
synth_21575,143
synth_21509,143
synth_21582,143
synth_21493,143
synth_21561,143
synth_21522,143
synth_21512,143
synth_21625,143
synth_21491,143
synth_21517,143
synth_21622,143
synth_21603,143
synth_21631,143
synth_21503,143
synth_21510,143
synth_21604,143
synth_21611,143
synth_21630,143
synth_21609,143
synth_21562,143
synth_21594,143
synth_21602,143
synth_21499,143
synth_21482,143
synth_21524,143
synth_21558,143
synth_21610,143
synth_21489,143
synth_21554,143
synth_21595,143
synth_21600,143
synth_21605,143
synth_21580,143
synth_21490,143
synth_21518,143
synth_21515,143
synth_21543,143
synth_21550,143
synth_21632,143
synth_21533,143
synth_21542,143
synth_21583,143
synth_21564,143
synth_21570,143
synth_21494,143
synth_21538,143
synth_21504,143
synth_21514,143
synth_21552,143
synth_21537,143
synth_21541,143
synth_21540,143
synth_21579,143
synth_21584,143
synth_21585,143
synth_21488,143
synth_21592,143
synth_21539,143
synth_21587,143
synth_21628,143
synth_21506,143
synth_21497,143
synth_21629,143
synth_21590,143
synth_21535,143
synth_21612,143
synth_21551,143
synth_21673,142
synth_21693,142
synth_21663,142
synth_21706,142
synth_21753,142
synth_21733,142
synth_21734,142
synth_21709,142
synth_21768,142
synth_21755,142
synth_21760,142
synth_21698,142
synth_21671,142
synth_21664,142
synth_21775,142
synth_21756,142
synth_21742,142
synth_21636,142
synth_21642,142
synth_21765,142
synth_21722,142
synth_21713,142
synth_21715,142
synth_21707,142
synth_21645,142
synth_21750,142
synth_21634,142
synth_21754,142
synth_21720,142
synth_21657,142
synth_21730,142
synth_21724,142
synth_21779,142
synth_21776,142
synth_21676,142
synth_21639,142
synth_21669,142
synth_21773,142
synth_21682,142
synth_21735,142
synth_21689,142
synth_21643,142
synth_21705,142
synth_21655,142
synth_21661,142
synth_21764,142
synth_21651,142
synth_21646,142
synth_21729,142
synth_21665,142
synth_21674,142
synth_21778,142
synth_21659,142
synth_21700,142
synth_21763,142
synth_21691,142
synth_21717,142
synth_21699,142
synth_21647,142
synth_21672,142
synth_21679,142
synth_21680,142
synth_21757,142
synth_21678,142
synth_21727,142
synth_21769,142
synth_21782,142
synth_21719,142
synth_21652,142
synth_21684,142
synth_21771,142
synth_21640,142
synth_21641,142
synth_21658,142
synth_21683,142
synth_21696,142
synth_21770,142
synth_21784,142
synth_21747,142
synth_21710,142
synth_21728,142
synth_21649,142
synth_21694,142
synth_21732,142
synth_21723,142
synth_21726,142
synth_21688,142
synth_21633,142
synth_21740,142
synth_21650,142
synth_21670,142
synth_21748,142
synth_21743,142
synth_21635,142
synth_21687,142
synth_21654,142
synth_21662,142
synth_21668,142
synth_21767,142
synth_21759,142
synth_21718,142
synth_21777,142
synth_21744,142
synth_21721,142
synth_21656,142
synth_21714,142
synth_21745,142
synth_21695,142
synth_21712,142
synth_21701,142
synth_21761,142
synth_21711,142
synth_21746,142
synth_21780,142
synth_21716,142
synth_21762,142
synth_21774,142
synth_21666,142
synth_21772,142
synth_21690,142
synth_21738,142
synth_21685,142
synth_21667,142
synth_21681,142
synth_21708,142
synth_21637,142
synth_21741,142
synth_21644,142
synth_21648,142
synth_21686,142
synth_21638,142
synth_21675,142
synth_21702,142
synth_21739,142
synth_21653,142
synth_21731,142
synth_21677,142
synth_21736,142
synth_21783,142
synth_21766,142
synth_21751,142
synth_21758,142
synth_21737,142
synth_21725,142
synth_21781,142
synth_21704,142
synth_21752,142
synth_21660,142
synth_21785,142
synth_21692,142
synth_21697,142
synth_21703,142
synth_21749,142
synth_21932,141
synth_21888,141
synth_21795,141
synth_21863,141
synth_21897,141
synth_21841,141
synth_21887,141
synth_21800,141
synth_21872,141
synth_21847,141
synth_21933,141
synth_21910,141
synth_21823,141
synth_21881,141
synth_21788,141
synth_21825,141
synth_21864,141
synth_21917,141
synth_21922,141
synth_21883,141
synth_21876,141
synth_21896,141
synth_21840,141
synth_21873,141
synth_21899,141
synth_21900,141
synth_21857,141
synth_21925,141
synth_21799,141
synth_21936,141
synth_21828,141
synth_21928,141
synth_21801,141
synth_21831,141
synth_21810,141
synth_21868,141
synth_21919,141
synth_21822,141
synth_21816,141
synth_21851,141
synth_21880,141
synth_21890,141
synth_21927,141
synth_21874,141
synth_21882,141
synth_21804,141
synth_21918,141
synth_21797,141
synth_21794,141
synth_21815,141
synth_21818,141
synth_21860,141
synth_21861,141
synth_21902,141
synth_21921,141
synth_21906,141
synth_21834,141
synth_21935,141
synth_21856,141
synth_21879,141
synth_21854,141
synth_21914,141
synth_21939,141
synth_21878,141
synth_21937,141
synth_21791,141
synth_21839,141
synth_21827,141
synth_21792,141
synth_21901,141
synth_21867,141
synth_21846,141
synth_21891,141
synth_21802,141
synth_21893,141
synth_21796,141
synth_21929,141
synth_21811,141
synth_21813,141
synth_21855,141
synth_21842,141
synth_21911,141
synth_21803,141
synth_21793,141
synth_21829,141
synth_21940,141
synth_21845,141
synth_21875,141
synth_21838,141
synth_21835,141
synth_21848,141
synth_21843,141
synth_21833,141
synth_21844,141
synth_21865,141
synth_21907,141
synth_21926,141
synth_21931,141
synth_21886,141
synth_21824,141
synth_21862,141
synth_21909,141
synth_21912,141
synth_21812,141
synth_21852,141
synth_21892,141
synth_21895,141
synth_21817,141
synth_21903,141
synth_21923,141
synth_21934,141
synth_21850,141
synth_21837,141
synth_21898,141
synth_21798,141
synth_21858,141
synth_21905,141
synth_21809,141
synth_21853,141
synth_21924,141
synth_21877,141
synth_21789,141
synth_21849,141
synth_21870,141
synth_21938,141
synth_21908,141
synth_21805,141
synth_21808,141
synth_21885,141
synth_21916,141
synth_21859,141
synth_21787,141
synth_21930,141
synth_21826,141
synth_21814,141
synth_21915,141
synth_21819,141
synth_21821,141
synth_21884,141
synth_21866,141
synth_21913,141
synth_21920,141
synth_21786,141
synth_21820,141
synth_21806,141
synth_21790,141
synth_21830,141
synth_21836,141
synth_21894,141
synth_21832,141
synth_21871,141
synth_21904,141
synth_21807,141
synth_21869,141
synth_21889,141
synth_22047,140
synth_21946,140
synth_22041,140
synth_22053,140
synth_21983,140
synth_22026,140
synth_22014,140
synth_22079,140
synth_22050,140
synth_22096,140
synth_22037,140
synth_22094,140
synth_21968,140
synth_21941,140
synth_21943,140
synth_21995,140
synth_22020,140
synth_22052,140
synth_21989,140
synth_22001,140
synth_22012,140
synth_22045,140
synth_21944,140
synth_21953,140
synth_21971,140
synth_22092,140
synth_22008,140
synth_22080,140
synth_22010,140
synth_22016,140
synth_21964,140
synth_22032,140
synth_21961,140
synth_21976,140
synth_22051,140
synth_22095,140
synth_22034,140
synth_22038,140
synth_22006,140
synth_22025,140
synth_22029,140
synth_22072,140
synth_21948,140
synth_22059,140
synth_22018,140
synth_22031,140
synth_21988,140
synth_22036,140
synth_21955,140
synth_21942,140
synth_22009,140
synth_21967,140
synth_21965,140
synth_22039,140
synth_21966,140
synth_21960,140
synth_21991,140
synth_22088,140
synth_21958,140
synth_21972,140
synth_21970,140
synth_22030,140
synth_21982,140
synth_22066,140
synth_22091,140
synth_22022,140
synth_22058,140
synth_22071,140
synth_21977,140
synth_22002,140
synth_21950,140
synth_22027,140
synth_22097,140
synth_22068,140
synth_22087,140
synth_22049,140
synth_22024,140
synth_22077,140
synth_22063,140
synth_22076,140
synth_21974,140
synth_22023,140
synth_21980,140
synth_22046,140
synth_22065,140
synth_21985,140
synth_22085,140
synth_22060,140
synth_22057,140
synth_22090,140
synth_21998,140
synth_22040,140
synth_22075,140
synth_22061,140
synth_22086,140
synth_21981,140
synth_21987,140
synth_21947,140
synth_22083,140
synth_22003,140
synth_22055,140
synth_21990,140
synth_22035,140
synth_21951,140
synth_22007,140
synth_21979,140
synth_22073,140
synth_21963,140
synth_22005,140
synth_22028,140
synth_22089,140
synth_22017,140
synth_22019,140
synth_21975,140
synth_22021,140
synth_21992,140
synth_21956,140
synth_22056,140
synth_21996,140
synth_21957,140
synth_21978,140
synth_22042,140
synth_21969,140
synth_22044,140
synth_21945,140
synth_22011,140
synth_22015,140
synth_22078,140
synth_21962,140
synth_22074,140
synth_21999,140
synth_22000,140
synth_22013,140
synth_22048,140
synth_22054,140
synth_22070,140
synth_21994,140
synth_22033,140
synth_22081,140
synth_21986,140
synth_22093,140
synth_21984,140
synth_22064,140
synth_21954,140
synth_22069,140
synth_22084,140
synth_22082,140
synth_21973,140
synth_22062,140
synth_22043,140
synth_22067,140
synth_21952,140
synth_21949,140
synth_22004,140
synth_21993,140
synth_21997,140
synth_21959,140
synth_22177,139
synth_22181,139
synth_22211,139
synth_22186,139
synth_22200,139
synth_22222,139
synth_22114,139
synth_22183,139
synth_22188,139
synth_22116,139
synth_22102,139
synth_22168,139
synth_22137,139
synth_22219,139
synth_22104,139
synth_22166,139
synth_22160,139
synth_22195,139
synth_22185,139
synth_22197,139
synth_22143,139
synth_22132,139
synth_22171,139
synth_22121,139
synth_22101,139
synth_22224,139
synth_22256,139
synth_22150,139
synth_22178,139
synth_22221,139
synth_22210,139
synth_22252,139
synth_22249,139
synth_22122,139
synth_22123,139
synth_22113,139
synth_22124,139
synth_22228,139
synth_22152,139
synth_22162,139
synth_22192,139
synth_22248,139
synth_22257,139
synth_22141,139
synth_22223,139
synth_22119,139
synth_22100,139
synth_22110,139
synth_22118,139
synth_22241,139
synth_22238,139
synth_22117,139
synth_22133,139
synth_22149,139
synth_22138,139
synth_22230,139
synth_22213,139
synth_22144,139
synth_22227,139
synth_22182,139
synth_22255,139
synth_22245,139
synth_22115,139
synth_22212,139
synth_22235,139
synth_22201,139
synth_22220,139
synth_22172,139
synth_22203,139
synth_22239,139
synth_22155,139
synth_22250,139
synth_22243,139
synth_22175,139
synth_22164,139
synth_22131,139
synth_22229,139
synth_22174,139
synth_22215,139
synth_22163,139
synth_22233,139
synth_22127,139
synth_22198,139
synth_22161,139
synth_22154,139
synth_22204,139
synth_22106,139
synth_22158,139
synth_22103,139
synth_22156,139
synth_22199,139
synth_22216,139
synth_22165,139
synth_22242,139
synth_22134,139
synth_22099,139
synth_22157,139
synth_22176,139
synth_22236,139
synth_22125,139
synth_22196,139
synth_22247,139
synth_22254,139
synth_22142,139
synth_22180,139
synth_22129,139
synth_22191,139
synth_22202,139
synth_22193,139
synth_22105,139
synth_22139,139
synth_22173,139
synth_22108,139
synth_22205,139
synth_22109,139
synth_22231,139
synth_22234,139
synth_22194,139
synth_22184,139
synth_22169,139
synth_22244,139
synth_22246,139
synth_22140,139
synth_22147,139
synth_22170,139
synth_22153,139
synth_22214,139
synth_22218,139
synth_22107,139
synth_22098,139
synth_22148,139
synth_22240,139
synth_22112,139
synth_22159,139
synth_22189,139
synth_22190,139
synth_22232,139
synth_22151,139
synth_22136,139
synth_22126,139
synth_22207,139
synth_22146,139
synth_22145,139
synth_22167,139
synth_22225,139
synth_22226,139
synth_22209,139
synth_22135,139
synth_22187,139
synth_22206,139
synth_22111,139
synth_22217,139
synth_22253,139
synth_22120,139
synth_22128,139
synth_22179,139
synth_22130,139
synth_22237,139
synth_22208,139
synth_22251,139
synth_22336,138
synth_22380,138
synth_22263,138
synth_22393,138
synth_22332,138
synth_22414,138
synth_22360,138
synth_22367,138
synth_22283,138
synth_22270,138
synth_22271,138
synth_22362,138
synth_22410,138
synth_22352,138
synth_22258,138
synth_22266,138
synth_22291,138
synth_22363,138
synth_22318,138
synth_22417,138
synth_22287,138
synth_22346,138
synth_22385,138
synth_22416,138
synth_22260,138
synth_22388,138
synth_22321,138
synth_22305,138
synth_22371,138
synth_22361,138
synth_22331,138
synth_22358,138
synth_22280,138
synth_22359,138
synth_22267,138
synth_22302,138
synth_22277,138
synth_22323,138
synth_22387,138
synth_22337,138
synth_22392,138
synth_22308,138
synth_22379,138
synth_22338,138
synth_22409,138
synth_22399,138
synth_22281,138
synth_22355,138
synth_22319,138
synth_22398,138
synth_22301,138
synth_22329,138
synth_22351,138
synth_22278,138
synth_22372,138
synth_22320,138
synth_22317,138
synth_22406,138
synth_22268,138
synth_22312,138
synth_22353,138
synth_22357,138
synth_22374,138
synth_22376,138
synth_22279,138
synth_22350,138
synth_22311,138
synth_22307,138
synth_22413,138
synth_22412,138
synth_22282,138
synth_22402,138
synth_22290,138
synth_22382,138
synth_22369,138
synth_22390,138
synth_22407,138
synth_22381,138
synth_22373,138
synth_22404,138
synth_22314,138
synth_22300,138
synth_22269,138
synth_22295,138
synth_22293,138
synth_22325,138
synth_22327,138
synth_22396,138
synth_22296,138
synth_22365,138
synth_22356,138
synth_22401,138
synth_22341,138
synth_22347,138
synth_22313,138
synth_22285,138
synth_22370,138
synth_22391,138
synth_22384,138
synth_22276,138
synth_22368,138
synth_22405,138
synth_22310,138
synth_22378,138
synth_22397,138
synth_22272,138
synth_22286,138
synth_22408,138
synth_22297,138
synth_22315,138
synth_22403,138
synth_22415,138
synth_22386,138
synth_22366,138
synth_22330,138
synth_22328,138
synth_22364,138
synth_22275,138
synth_22389,138
synth_22335,138
synth_22342,138
synth_22343,138
synth_22377,138
synth_22273,138
synth_22334,138
synth_22400,138
synth_22292,138
synth_22349,138
synth_22298,138
synth_22395,138
synth_22339,138
synth_22411,138
synth_22303,138
synth_22340,138
synth_22306,138
synth_22288,138
synth_22265,138
synth_22304,138
synth_22419,138
synth_22354,138
synth_22348,138
synth_22264,138
synth_22299,138
synth_22394,138
synth_22284,138
synth_22326,138
synth_22418,138
synth_22333,138
synth_22345,138
synth_22322,138
synth_22294,138
synth_22344,138
synth_22259,138
synth_22383,138
synth_22309,138
synth_22274,138
synth_22316,138
synth_22262,138
synth_22261,138
synth_22324,138
synth_22289,138
synth_22375,138
synth_22519,137
synth_22443,137
synth_22463,137
synth_22498,137
synth_22556,137
synth_22565,137
synth_22428,137
synth_22575,137
synth_22572,137
synth_22496,137
synth_22544,137
synth_22522,137
synth_22540,137
synth_22548,137
synth_22510,137
synth_22466,137
synth_22502,137
synth_22539,137
synth_22435,137
synth_22571,137
synth_22456,137
synth_22485,137
synth_22561,137
synth_22566,137
synth_22474,137
synth_22464,137
synth_22442,137
synth_22563,137
synth_22554,137
synth_22465,137
synth_22459,137
synth_22462,137
synth_22506,137
synth_22486,137
synth_22504,137
synth_22574,137
synth_22500,137
synth_22518,137
synth_22492,137
synth_22454,137
synth_22469,137
synth_22545,137
synth_22422,137
synth_22497,137
synth_22528,137
synth_22555,137
synth_22567,137
synth_22477,137
synth_22516,137
synth_22501,137
synth_22482,137
synth_22525,137
synth_22532,137
synth_22445,137
synth_22483,137
synth_22429,137
synth_22458,137
synth_22472,137
synth_22494,137
synth_22507,137
synth_22430,137
synth_22468,137
synth_22533,137
synth_22577,137
synth_22551,137
synth_22444,137
synth_22570,137
synth_22476,137
synth_22524,137
synth_22549,137
synth_22489,137
synth_22495,137
synth_22553,137
synth_22581,137
synth_22446,137
synth_22455,137
synth_22499,137
synth_22490,137
synth_22509,137
synth_22479,137
synth_22579,137
synth_22471,137
synth_22431,137
synth_22541,137
synth_22436,137
synth_22559,137
synth_22520,137
synth_22578,137
synth_22440,137
synth_22568,137
synth_22582,137
synth_22491,137
synth_22515,137
synth_22511,137
synth_22434,137
synth_22521,137
synth_22531,137
synth_22478,137
synth_22421,137
synth_22467,137
synth_22484,137
synth_22503,137
synth_22447,137
synth_22508,137
synth_22550,137
synth_22576,137
synth_22453,137
synth_22460,137
synth_22558,137
synth_22457,137
synth_22526,137
synth_22480,137
synth_22557,137
synth_22433,137
synth_22449,137
synth_22451,137
synth_22538,137
synth_22420,137
synth_22452,137
synth_22514,137
synth_22488,137
synth_22493,137
synth_22523,137
synth_22530,137
synth_22425,137
synth_22426,137
synth_22423,137
synth_22546,137
synth_22537,137
synth_22534,137
synth_22547,137
synth_22569,137
synth_22573,137
synth_22583,137
synth_22461,137
synth_22542,137
synth_22432,137
synth_22562,137
synth_22560,137
synth_22473,137
synth_22450,137
synth_22543,137
synth_22438,137
synth_22517,137
synth_22552,137
synth_22513,137
synth_22536,137
synth_22512,137
synth_22527,137
synth_22424,137
synth_22470,137
synth_22529,137
synth_22437,137
synth_22580,137
synth_22441,137
synth_22448,137
synth_22505,137
synth_22564,137
synth_22487,137
synth_22481,137
synth_22427,137
synth_22475,137
synth_22535,137
synth_22439,137
synth_22600,136
synth_22624,136
synth_22673,136
synth_22713,136
synth_22735,136
synth_22707,136
synth_22658,136
synth_22674,136
synth_22708,136
synth_22675,136
synth_22676,136
synth_22745,136
synth_22628,136
synth_22694,136
synth_22590,136
synth_22700,136
synth_22706,136
synth_22687,136
synth_22611,136
synth_22632,136
synth_22666,136
synth_22721,136
synth_22722,136
synth_22729,136
synth_22613,136
synth_22714,136
synth_22608,136
synth_22731,136
synth_22621,136
synth_22712,136
synth_22609,136
synth_22633,136
synth_22656,136
synth_22718,136
synth_22671,136
synth_22696,136
synth_22698,136
synth_22668,136
synth_22704,136
synth_22709,136
synth_22631,136
synth_22705,136
synth_22723,136
synth_22584,136
synth_22730,136
synth_22593,136
synth_22648,136
synth_22595,136
synth_22642,136
synth_22703,136
synth_22677,136
synth_22604,136
synth_22742,136
synth_22649,136
synth_22591,136
synth_22690,136
synth_22603,136
synth_22683,136
synth_22737,136
synth_22623,136
synth_22686,136
synth_22719,136
synth_22746,136
synth_22585,136
synth_22716,136
synth_22597,136
synth_22592,136
synth_22599,136
synth_22678,136
synth_22689,136
synth_22602,136
synth_22651,136
synth_22626,136
synth_22644,136
synth_22701,136
synth_22650,136
synth_22664,136
synth_22622,136
synth_22643,136
synth_22682,136
synth_22695,136
synth_22720,136
synth_22618,136
synth_22635,136
synth_22587,136
synth_22667,136
synth_22606,136
synth_22619,136
synth_22670,136
synth_22646,136
synth_22657,136
synth_22727,136
synth_22617,136
synth_22655,136
synth_22612,136
synth_22734,136
synth_22636,136
synth_22637,136
synth_22627,136
synth_22638,136
synth_22652,136
synth_22697,136
synth_22605,136
synth_22594,136
synth_22661,136
synth_22732,136
synth_22663,136
synth_22620,136
synth_22634,136
synth_22669,136
synth_22728,136
synth_22691,136
synth_22685,136
synth_22589,136
synth_22736,136
synth_22692,136
synth_22740,136
synth_22629,136
synth_22739,136
synth_22741,136
synth_22724,136
synth_22679,136
synth_22748,136
synth_22607,136
synth_22588,136
synth_22744,136
synth_22653,136
synth_22645,136
synth_22639,136
synth_22647,136
synth_22662,136
synth_22693,136
synth_22680,136
synth_22726,136
synth_22699,136
synth_22684,136
synth_22598,136
synth_22711,136
synth_22596,136
synth_22601,136
synth_22733,136
synth_22672,136
synth_22715,136
synth_22586,136
synth_22747,136
synth_22659,136
synth_22610,136
synth_22688,136
synth_22615,136
synth_22614,136
synth_22640,136
synth_22654,136
synth_22616,136
synth_22641,136
synth_22681,136
synth_22665,136
synth_22738,136
synth_22743,136
synth_22717,136
synth_22630,136
synth_22625,136
synth_22660,136
synth_22749,136
synth_22710,136
synth_22702,136
synth_22725,136
synth_22754,135
synth_22788,135
synth_22885,135
synth_22805,135
synth_22779,135
synth_22797,135
synth_22785,135
synth_22817,135
synth_22855,135
synth_22848,135
synth_22819,135
synth_22833,135
synth_22876,135
synth_22765,135
synth_22849,135
synth_22803,135
synth_22888,135
synth_22857,135
synth_22772,135
synth_22787,135
synth_22894,135
synth_22796,135
synth_22860,135
synth_22869,135
synth_22780,135
synth_22827,135
synth_22840,135
synth_22856,135
synth_22907,135
synth_22868,135
synth_22815,135
synth_22851,135
synth_22866,135
synth_22771,135
synth_22859,135
synth_22890,135
synth_22767,135
synth_22899,135
synth_22878,135
synth_22781,135
synth_22918,135
synth_22764,135
synth_22786,135
synth_22873,135
synth_22896,135
synth_22807,135
synth_22842,135
synth_22798,135
synth_22895,135
synth_22839,135
synth_22915,135
synth_22770,135
synth_22917,135
synth_22912,135
synth_22814,135
synth_22892,135
synth_22776,135
synth_22905,135
synth_22837,135
synth_22793,135
synth_22795,135
synth_22777,135
synth_22784,135
synth_22834,135
synth_22761,135
synth_22769,135
synth_22791,135
synth_22891,135
synth_22752,135
synth_22861,135
synth_22825,135
synth_22850,135
synth_22763,135
synth_22902,135
synth_22758,135
synth_22757,135
synth_22775,135
synth_22919,135
synth_22863,135
synth_22867,135
synth_22768,135
synth_22828,135
synth_22864,135
synth_22804,135
synth_22882,135
synth_22821,135
synth_22906,135
synth_22753,135
synth_22886,135
synth_22832,135
synth_22751,135
synth_22774,135
synth_22880,135
synth_22897,135
synth_22909,135
synth_22874,135
synth_22806,135
synth_22801,135
synth_22823,135
synth_22893,135
synth_22799,135
synth_22879,135
synth_22841,135
synth_22901,135
synth_22853,135
synth_22914,135
synth_22845,135
synth_22900,135
synth_22829,135
synth_22838,135
synth_22913,135
synth_22836,135
synth_22870,135
synth_22884,135
synth_22792,135
synth_22816,135
synth_22820,135
synth_22844,135
synth_22762,135
synth_22826,135
synth_22846,135
synth_22783,135
synth_22790,135
synth_22810,135
synth_22835,135
synth_22756,135
synth_22812,135
synth_22822,135
synth_22808,135
synth_22847,135
synth_22750,135
synth_22858,135
synth_22759,135
synth_22854,135
synth_22898,135
synth_22755,135
synth_22773,135
synth_22789,135
synth_22824,135
synth_22887,135
synth_22809,135
synth_22871,135
synth_22872,135
synth_22904,135
synth_22818,135
synth_22778,135
synth_22831,135
synth_22910,135
synth_22889,135
synth_22802,135
synth_22800,135
synth_22811,135
synth_22883,135
synth_22843,135
synth_22782,135
synth_22903,135
synth_22916,135
synth_22794,135
synth_22852,135
synth_22830,135
synth_22908,135
synth_22877,135
synth_22813,135
synth_22881,135
synth_22862,135
synth_22766,135
synth_22911,135
synth_22760,135
synth_22875,135
synth_22865,135
synth_22946,134
synth_22948,134
synth_23026,134
synth_23076,134
synth_22962,134
synth_22982,134
synth_23011,134
synth_23016,134
synth_22955,134
synth_22934,134
synth_23042,134
synth_23069,134
synth_23060,134
synth_23065,134
synth_23063,134
synth_23034,134
synth_23003,134
synth_22935,134
synth_22939,134
synth_23002,134
synth_22975,134
synth_22970,134
synth_23006,134
synth_23021,134
synth_23043,134
synth_23072,134
synth_22967,134
synth_22931,134
synth_23051,134
synth_23061,134
synth_22987,134
synth_23012,134
synth_23005,134
synth_23028,134
synth_23029,134
synth_22953,134
synth_23089,134
synth_22951,134
synth_22959,134
synth_22954,134
synth_22928,134
synth_23040,134
synth_22936,134
synth_22958,134
synth_23045,134
synth_22977,134
synth_22999,134
synth_22945,134
synth_23022,134
synth_22996,134
synth_23009,134
synth_23030,134
synth_23057,134
synth_22950,134
synth_22978,134
synth_22998,134
synth_23007,134
synth_23004,134
synth_23058,134
synth_22922,134
synth_23013,134
synth_22989,134
synth_23024,134
synth_22971,134
synth_23071,134
synth_22965,134
synth_23046,134
synth_23048,134
synth_23019,134
synth_22963,134
synth_23018,134
synth_23023,134
synth_22941,134
synth_23080,134
synth_22921,134
synth_22966,134
synth_23088,134
synth_22973,134
synth_23039,134
synth_23044,134
synth_22964,134
synth_22981,134
synth_22923,134
synth_23066,134
synth_22990,134
synth_23017,134
synth_23035,134
synth_23020,134
synth_22972,134
synth_23033,134
synth_22976,134
synth_23041,134
synth_23062,134
synth_22938,134
synth_23055,134
synth_23073,134
synth_22932,134
synth_23031,134
synth_23079,134
synth_23049,134
synth_23070,134
synth_22925,134
synth_22992,134
synth_23050,134
synth_22960,134
synth_23038,134
synth_22985,134
synth_23085,134
synth_22997,134
synth_22961,134
synth_22995,134
synth_22944,134
synth_23037,134
synth_22924,134
synth_23067,134
synth_23090,134
synth_23075,134
synth_23081,134
synth_22920,134
synth_22980,134
synth_23083,134
synth_22926,134
synth_22943,134
synth_22952,134
synth_22979,134
synth_22974,134
synth_23082,134
synth_22947,134
synth_22933,134
synth_22991,134
synth_23010,134
synth_22986,134
synth_22937,134
synth_23074,134
synth_22984,134
synth_22930,134
synth_23025,134
synth_22927,134
synth_22994,134
synth_23052,134
synth_23053,134
synth_23008,134
synth_23087,134
synth_22929,134
synth_22968,134
synth_23056,134
synth_23027,134
synth_22969,134
synth_23078,134
synth_22957,134
synth_22949,134
synth_23086,134
synth_23068,134
synth_23054,134
synth_23064,134
synth_23084,134
synth_22942,134
synth_22983,134
synth_23001,134
synth_23014,134
synth_23077,134
synth_23032,134
synth_22956,134
synth_23000,134
synth_22988,134
synth_22993,134
synth_22940,134
synth_23036,134
synth_23015,134
synth_23047,134
synth_23059,134
synth_23103,133
synth_23261,133
synth_23219,133
synth_23199,133
synth_23197,133
synth_23162,133
synth_23126,133
synth_23216,133
synth_23097,133
synth_23223,133
synth_23124,133
synth_23107,133
synth_23132,133
synth_23135,133
synth_23190,133
synth_23235,133
synth_23106,133
synth_23255,133
synth_23230,133
synth_23091,133
synth_23133,133
synth_23225,133
synth_23131,133
synth_23205,133
synth_23206,133
synth_23175,133
synth_23101,133
synth_23182,133
synth_23122,133
synth_23120,133
synth_23179,133
synth_23115,133
synth_23212,133
synth_23114,133
synth_23136,133
synth_23169,133
synth_23130,133
synth_23157,133
synth_23172,133
synth_23239,133
synth_23189,133
synth_23251,133
synth_23224,133
synth_23168,133
synth_23246,133
synth_23226,133
synth_23118,133
synth_23263,133
synth_23204,133
synth_23229,133
synth_23236,133
synth_23237,133
synth_23096,133
synth_23104,133
synth_23185,133
synth_23151,133
synth_23213,133
synth_23152,133
synth_23244,133
synth_23259,133
synth_23257,133
synth_23144,133
synth_23108,133
synth_23163,133
synth_23184,133
synth_23137,133
synth_23165,133
synth_23174,133
synth_23208,133
synth_23183,133
synth_23241,133
synth_23217,133
synth_23254,133
synth_23265,133
synth_23134,133
synth_23240,133
synth_23248,133
synth_23146,133
synth_23113,133
synth_23232,133
synth_23100,133
synth_23171,133
synth_23198,133
synth_23200,133
synth_23098,133
synth_23139,133
synth_23234,133
synth_23121,133
synth_23145,133
synth_23247,133
synth_23110,133
synth_23112,133
synth_23186,133
synth_23194,133
synth_23256,133
synth_23117,133
synth_23177,133
synth_23119,133
synth_23218,133
synth_23220,133
synth_23158,133
synth_23176,133
synth_23188,133
synth_23140,133
synth_23215,133
synth_23164,133
synth_23211,133
synth_23180,133
synth_23147,133
synth_23207,133
synth_23260,133
synth_23111,133
synth_23227,133
synth_23238,133
synth_23242,133
synth_23092,133
synth_23109,133
synth_23143,133
synth_23159,133
synth_23093,133
synth_23123,133
synth_23125,133
synth_23181,133
synth_23245,133
synth_23170,133
synth_23173,133
synth_23258,133
synth_23099,133
synth_23195,133
synth_23153,133
synth_23128,133
synth_23138,133
synth_23264,133
synth_23192,133
synth_23178,133
synth_23094,133
synth_23095,133
synth_23102,133
synth_23127,133
synth_23214,133
synth_23187,133
synth_23150,133
synth_23142,133
synth_23201,133
synth_23141,133
synth_23161,133
synth_23191,133
synth_23116,133
synth_23210,133
synth_23252,133
synth_23105,133
synth_23243,133
synth_23228,133
synth_23231,133
synth_23196,133
synth_23233,133
synth_23253,133
synth_23167,133
synth_23193,133
synth_23203,133
synth_23148,133
synth_23209,133
synth_23250,133
synth_23149,133
synth_23129,133
synth_23154,133
synth_23156,133
synth_23166,133
synth_23221,133
synth_23249,133
synth_23222,133
synth_23160,133
synth_23202,133
synth_23262,133
synth_23155,133
synth_23307,132
synth_23288,132
synth_23365,132
synth_23339,132
synth_23348,132
synth_23439,132
synth_23297,132
synth_23328,132
synth_23400,132
synth_23310,132
synth_23318,132
synth_23278,132
synth_23381,132
synth_23338,132
synth_23274,132
synth_23423,132
synth_23401,132
synth_23276,132
synth_23382,132
synth_23335,132
synth_23326,132
synth_23340,132
synth_23291,132
synth_23396,132
synth_23355,132
synth_23384,132
synth_23430,132
synth_23438,132
synth_23395,132
synth_23376,132
synth_23317,132
synth_23304,132
synth_23425,132
synth_23432,132
synth_23385,132
synth_23415,132
synth_23387,132
synth_23362,132
synth_23282,132
synth_23399,132
synth_23389,132
synth_23329,132
synth_23353,132
synth_23406,132
synth_23346,132
synth_23336,132
synth_23431,132
synth_23321,132
synth_23429,132
synth_23319,132
synth_23434,132
synth_23344,132
synth_23352,132
synth_23271,132
synth_23409,132
synth_23296,132
synth_23269,132
synth_23289,132
synth_23435,132
synth_23345,132
synth_23368,132
synth_23313,132
synth_23388,132
synth_23334,132
synth_23394,132
synth_23412,132
synth_23268,132
synth_23375,132
synth_23305,132
synth_23428,132
synth_23301,132
synth_23272,132
synth_23343,132
synth_23359,132
synth_23366,132
synth_23437,132
synth_23370,132
synth_23383,132
synth_23393,132
synth_23379,132
synth_23422,132
synth_23397,132
synth_23323,132
synth_23374,132
synth_23312,132
synth_23320,132
synth_23306,132
synth_23402,132
synth_23302,132
synth_23356,132
synth_23347,132
synth_23377,132
synth_23330,132
synth_23273,132
synth_23299,132
synth_23331,132
synth_23358,132
synth_23441,132
synth_23277,132
synth_23309,132
synth_23327,132
synth_23298,132
synth_23414,132
synth_23418,132
synth_23391,132
synth_23405,132
synth_23350,132
synth_23287,132
synth_23416,132
synth_23408,132
synth_23281,132
synth_23285,132
synth_23378,132
synth_23332,132
synth_23371,132
synth_23398,132
synth_23433,132
synth_23308,132
synth_23407,132
synth_23386,132
synth_23341,132
synth_23303,132
synth_23284,132
synth_23419,132
synth_23436,132
synth_23342,132
synth_23360,132
synth_23367,132
synth_23275,132
synth_23403,132
synth_23427,132
synth_23424,132
synth_23267,132
synth_23390,132
synth_23279,132
synth_23311,132
synth_23373,132
synth_23333,132
synth_23364,132
synth_23337,132
synth_23410,132
synth_23315,132
synth_23349,132
synth_23420,132
synth_23322,132
synth_23361,132
synth_23421,132
synth_23286,132
synth_23300,132
synth_23417,132
synth_23316,132
synth_23369,132
synth_23314,132
synth_23372,132
synth_23290,132
synth_23380,132
synth_23280,132
synth_23295,132
synth_23283,132
synth_23351,132
synth_23270,132
synth_23293,132
synth_23363,132
synth_23426,132
synth_23266,132
synth_23325,132
synth_23357,132
synth_23404,132
synth_23411,132
synth_23413,132
synth_23294,132
synth_23324,132
synth_23440,132
synth_23392,132
synth_23354,132
synth_23292,132
synth_23568,131
synth_23451,131
synth_23468,131
synth_23500,131
synth_23463,131
synth_23556,131
synth_23530,131
synth_23573,131
synth_23576,131
synth_23621,131
synth_23494,131
synth_23578,131
synth_23442,131
synth_23574,131
synth_23447,131
synth_23565,131
synth_23560,131
synth_23443,131
synth_23466,131
synth_23469,131
synth_23518,131
synth_23483,131
synth_23586,131
synth_23498,131
synth_23567,131
synth_23616,131
synth_23561,131
synth_23460,131
synth_23548,131
synth_23602,131
synth_23485,131
synth_23546,131
synth_23505,131
synth_23515,131
synth_23527,131
synth_23583,131
synth_23524,131
synth_23569,131
synth_23529,131
synth_23465,131
synth_23528,131
synth_23558,131
synth_23444,131
synth_23516,131
synth_23459,131
synth_23615,131
synth_23475,131
synth_23538,131
synth_23452,131
synth_23555,131
synth_23519,131
synth_23517,131
synth_23587,131
synth_23597,131
synth_23536,131
synth_23449,131
synth_23501,131
synth_23508,131
synth_23581,131
synth_23572,131
synth_23457,131
synth_23511,131
synth_23605,131
synth_23591,131
synth_23445,131
synth_23462,131
synth_23513,131
synth_23575,131
synth_23477,131
synth_23566,131
synth_23448,131
synth_23489,131
synth_23559,131
synth_23473,131
synth_23539,131
synth_23603,131
synth_23470,131
synth_23495,131
synth_23606,131
synth_23478,131
synth_23456,131
synth_23582,131
synth_23618,131
synth_23619,131
synth_23525,131
synth_23607,131
synth_23545,131
synth_23554,131
synth_23612,131
synth_23595,131
synth_23608,131
synth_23488,131
synth_23523,131
synth_23472,131
synth_23535,131
synth_23464,131
synth_23604,131
synth_23471,131
synth_23479,131
synth_23552,131
synth_23507,131
synth_23599,131
synth_23550,131
synth_23610,131
synth_23499,131
synth_23589,131
synth_23454,131
synth_23504,131
synth_23521,131
synth_23520,131
synth_23531,131
synth_23522,131
synth_23532,131
synth_23590,131
synth_23453,131
synth_23474,131
synth_23509,131
synth_23585,131
synth_23491,131
synth_23533,131
synth_23594,131
synth_23617,131
synth_23514,131
synth_23601,131
synth_23446,131
synth_23484,131
synth_23461,131
synth_23577,131
synth_23480,131
synth_23476,131
synth_23544,131
synth_23503,131
synth_23551,131
synth_23492,131
synth_23502,131
synth_23571,131
synth_23598,131
synth_23450,131
synth_23490,131
synth_23588,131
synth_23609,131
synth_23592,131
synth_23547,131
synth_23526,131
synth_23611,131
synth_23579,131
synth_23458,131
synth_23534,131
synth_23584,131
synth_23620,131
synth_23596,131
synth_23562,131
synth_23486,131
synth_23570,131
synth_23613,131
synth_23510,131
synth_23497,131
synth_23593,131
synth_23506,131
synth_23540,131
synth_23614,131
synth_23481,131
synth_23553,131
synth_23467,131
synth_23487,131
synth_23600,131
synth_23493,131
synth_23549,131
synth_23557,131
synth_23512,131
synth_23482,131
synth_23455,131
synth_23542,131
synth_23496,131
synth_23541,131
synth_23543,131
synth_23563,131
synth_23580,131
synth_23537,131
synth_23564,131
synth_23659,130
synth_23690,130
synth_23767,130
synth_23794,130
synth_23683,130
synth_23714,130
synth_23760,130
synth_23762,130
synth_23783,130
synth_23638,130
synth_23772,130
synth_23660,130
synth_23677,130
synth_23685,130
synth_23738,130
synth_23792,130
synth_23734,130
synth_23633,130
synth_23771,130
synth_23803,130
synth_23669,130
synth_23733,130
synth_23650,130
synth_23648,130
synth_23799,130
synth_23784,130
synth_23750,130
synth_23632,130
synth_23662,130
synth_23696,130
synth_23774,130
synth_23645,130
synth_23689,130
synth_23641,130
synth_23695,130
synth_23748,130
synth_23705,130
synth_23769,130
synth_23681,130
synth_23776,130
synth_23754,130
synth_23718,130
synth_23667,130
synth_23687,130
synth_23720,130
synth_23701,130
synth_23724,130
synth_23802,130
synth_23779,130
synth_23719,130
synth_23753,130
synth_23722,130
synth_23639,130
synth_23737,130
synth_23763,130
synth_23777,130
synth_23739,130
synth_23759,130
synth_23801,130
synth_23636,130
synth_23752,130
synth_23657,130
synth_23635,130
synth_23661,130
synth_23728,130
synth_23647,130
synth_23674,130
synth_23786,130
synth_23694,130
synth_23744,130
synth_23710,130
synth_23654,130
synth_23644,130
synth_23671,130
synth_23676,130
synth_23747,130
synth_23758,130
synth_23755,130
synth_23709,130
synth_23670,130
synth_23699,130
synth_23625,130
synth_23692,130
synth_23788,130
synth_23797,130
synth_23757,130
synth_23717,130
synth_23749,130
synth_23623,130
synth_23756,130
synth_23649,130
synth_23678,130
synth_23672,130
synth_23679,130
synth_23684,130
synth_23730,130
synth_23787,130
synth_23741,130
synth_23715,130
synth_23637,130
synth_23691,130
synth_23775,130
synth_23634,130
synth_23731,130
synth_23742,130
synth_23740,130
synth_23655,130
synth_23702,130
synth_23782,130
synth_23796,130
synth_23663,130
synth_23761,130
synth_23653,130
synth_23643,130
synth_23766,130
synth_23704,130
synth_23664,130
synth_23682,130
synth_23780,130
synth_23700,130
synth_23703,130
synth_23745,130
synth_23798,130
synth_23781,130
synth_23698,130
synth_23751,130
synth_23656,130
synth_23711,130
synth_23675,130
synth_23708,130
synth_23652,130
synth_23713,130
synth_23627,130
synth_23651,130
synth_23630,130
synth_23800,130
synth_23764,130
synth_23721,130
synth_23727,130
synth_23778,130
synth_23765,130
synth_23631,130
synth_23773,130
synth_23640,130
synth_23716,130
synth_23628,130
synth_23789,130
synth_23697,130
synth_23668,130
synth_23658,130
synth_23686,130
synth_23790,130
synth_23642,130
synth_23680,130
synth_23688,130
synth_23736,130
synth_23732,130
synth_23712,130
synth_23743,130
synth_23725,130
synth_23785,130
synth_23706,130
synth_23629,130
synth_23768,130
synth_23707,130
synth_23729,130
synth_23626,130
synth_23770,130
synth_23791,130
synth_23673,130
synth_23793,130
synth_23665,130
synth_23795,130
synth_23746,130
synth_23735,130
synth_23624,130
synth_23723,130
synth_23622,130
synth_23646,130
synth_23726,130
synth_23666,130
synth_23693,130
synth_23882,129
synth_23920,129
synth_23962,129
synth_23966,129
synth_23941,129
synth_23845,129
synth_23853,129
synth_23869,129
synth_23892,129
synth_23965,129
synth_23828,129
synth_23829,129
synth_23939,129
synth_23834,129
synth_23811,129
synth_23815,129
synth_23896,129
synth_23926,129
synth_23841,129
synth_23812,129
synth_23875,129
synth_23960,129
synth_23831,129
synth_23809,129
synth_23827,129
synth_23971,129
synth_23865,129
synth_23894,129
synth_23904,129
synth_23951,129
synth_23903,129
synth_23928,129
synth_23906,129
synth_23872,129
synth_23895,129
synth_23819,129
synth_23930,129
synth_23807,129
synth_23806,129
synth_23855,129
synth_23857,129
synth_23805,129
synth_23848,129
synth_23833,129
synth_23968,129
synth_23858,129
synth_23888,129
synth_23838,129
synth_23850,129
synth_23969,129
synth_23909,129
synth_23910,129
synth_23972,129
synth_23830,129
synth_23847,129
synth_23933,129
synth_23959,129
synth_23873,129
synth_23961,129
synth_23923,129
synth_23963,129
synth_23864,129
synth_23908,129
synth_23925,129
synth_23905,129
synth_23899,129
synth_23881,129
synth_23937,129
synth_23932,129
synth_23957,129
synth_23851,129
synth_23860,129
synth_23956,129
synth_23804,129
synth_23844,129
synth_23967,129
synth_23880,129
synth_23927,129
synth_23877,129
synth_23885,129
synth_23879,129
synth_23897,129
synth_23936,129
synth_23948,129
synth_23977,129
synth_23986,129
synth_23900,129
synth_23849,129
synth_23938,129
synth_23821,129
synth_23911,129
synth_23820,129
synth_23922,129
synth_23868,129
synth_23914,129
synth_23953,129
synth_23886,129
synth_23984,129
synth_23964,129
synth_23863,129
synth_23913,129
synth_23907,129
synth_23826,129
synth_23836,129
synth_23862,129
synth_23946,129
synth_23852,129
synth_23866,129
synth_23980,129
synth_23917,129
synth_23898,129
synth_23901,129
synth_23893,129
synth_23915,129
synth_23874,129
synth_23825,129
synth_23943,129
synth_23955,129
synth_23988,129
synth_23978,129
synth_23816,129
synth_23945,129
synth_23947,129
synth_23854,129
synth_23876,129
synth_23814,129
synth_23989,129
synth_23970,129
synth_23867,129
synth_23883,129
synth_23823,129
synth_23861,129
synth_23949,129
synth_23818,129
synth_23808,129
synth_23839,129
synth_23837,129
synth_23840,129
synth_23856,129
synth_23918,129
synth_23987,129
synth_23890,129
synth_23921,129
synth_23944,129
synth_23870,129
synth_23813,129
synth_23981,129
synth_23871,129
synth_23878,129
synth_23934,129
synth_23887,129
synth_23950,129
synth_23916,129
synth_23859,129
synth_23832,129
synth_23846,129
synth_23810,129
synth_23817,129
synth_23835,129
synth_23940,129
synth_23958,129
synth_23924,129
synth_23929,129
synth_23884,129
synth_23824,129
synth_23912,129
synth_23983,129
synth_23979,129
synth_23985,129
synth_23843,129
synth_23942,129
synth_23954,129
synth_23842,129
synth_23975,129
synth_23952,129
synth_23822,129
synth_23976,129
synth_23902,129
synth_23889,129
synth_23935,129
synth_23973,129
synth_23919,129
synth_23974,129
synth_23931,129
synth_23891,129
synth_23982,129
synth_24035,128
synth_24099,128
synth_24101,128
synth_24033,128
synth_24086,128
synth_24154,128
synth_24123,128
synth_23992,128
synth_24001,128
synth_24144,128
synth_24107,128
synth_24075,128
synth_24009,128
synth_24157,128
synth_24048,128
synth_24104,128
synth_24138,128
synth_24064,128
synth_24172,128
synth_24016,128
synth_24128,128
synth_24046,128
synth_24175,128
synth_24159,128
synth_24030,128
synth_24134,128
synth_24151,128
synth_24002,128
synth_24003,128
synth_24129,128
synth_24150,128
synth_24055,128
synth_24116,128
synth_24145,128
synth_24148,128
synth_24063,128
synth_24113,128
synth_24014,128
synth_24146,128
synth_24026,128
synth_24177,128
synth_24051,128
synth_24158,128
synth_24174,128
synth_24076,128
synth_24135,128
synth_24080,128
synth_24072,128
synth_24110,128
synth_24162,128
synth_24018,128
synth_24117,128
synth_24081,128
synth_23990,128
synth_24122,128
synth_23991,128
synth_24052,128
synth_24015,128
synth_24176,128
synth_24103,128
synth_24020,128
synth_24040,128
synth_24079,128
synth_24118,128
synth_24044,128
synth_23993,128
synth_23994,128
synth_24108,128
synth_24173,128
synth_24039,128
synth_24167,128
synth_24109,128
synth_24060,128
synth_24125,128
synth_24073,128
synth_24024,128
synth_24045,128
synth_24056,128
synth_24059,128
synth_24094,128
synth_24010,128
synth_24017,128
synth_24068,128
synth_24077,128
synth_24136,128
synth_24028,128
synth_24065,128
synth_24105,128
synth_24131,128
synth_24089,128
synth_24006,128
synth_24161,128
synth_24164,128
synth_24042,128
synth_23997,128
synth_24093,128
synth_24153,128
synth_24137,128
synth_24170,128
synth_24071,128
synth_24156,128
synth_24112,128
synth_24088,128
synth_24121,128
synth_24005,128
synth_24098,128
synth_23999,128
synth_24070,128
synth_24085,128
synth_24031,128
synth_24023,128
synth_24054,128
synth_24058,128
synth_24163,128
synth_24090,128
synth_24004,128
synth_24140,128
synth_23998,128
synth_24139,128
synth_24120,128
synth_24067,128
synth_24142,128
synth_24087,128
synth_24011,128
synth_24169,128
synth_24008,128
synth_24133,128
synth_24155,128
synth_24160,128
synth_24114,128
synth_24083,128
synth_24012,128
synth_24041,128
synth_24092,128
synth_24100,128
synth_24062,128
synth_24091,128
synth_24111,128
synth_23995,128
synth_24022,128
synth_24141,128
synth_24047,128
synth_24168,128
synth_24165,128
synth_24097,128
synth_24166,128
synth_24171,128
synth_23996,128
synth_24049,128
synth_24025,128
synth_24106,128
synth_24057,128
synth_24007,128
synth_24032,128
synth_24061,128
synth_24102,128
synth_24038,128
synth_24130,128
synth_24084,128
synth_24147,128
synth_24095,128
synth_24000,128
synth_24124,128
synth_24126,128
synth_24053,128
synth_24036,128
synth_24069,128
synth_24082,128
synth_24119,128
synth_24066,128
synth_24027,128
synth_24034,128
synth_24013,128
synth_24029,128
synth_24115,128
synth_24078,128
synth_24149,128
synth_24074,128
synth_24021,128
synth_24043,128
synth_24132,128
synth_24037,128
synth_24019,128
synth_24127,128
synth_24050,128
synth_24096,128
synth_24152,128
synth_24143,128
synth_24300,127
synth_24237,127
synth_24349,127
synth_24234,127
synth_24326,127
synth_24301,127
synth_24278,127
synth_24283,127
synth_24323,127
synth_24309,127
synth_24178,127
synth_24227,127
synth_24368,127
synth_24307,127
synth_24184,127
synth_24344,127
synth_24205,127
synth_24348,127
synth_24223,127
synth_24256,127
synth_24361,127
synth_24207,127
synth_24195,127
synth_24314,127
synth_24289,127
synth_24331,127
synth_24288,127
synth_24191,127
synth_24338,127
synth_24353,127
synth_24287,127
synth_24282,127
synth_24303,127
synth_24329,127
synth_24243,127
synth_24297,127
synth_24222,127
synth_24246,127
synth_24271,127
synth_24239,127
synth_24259,127
synth_24346,127
synth_24277,127
synth_24180,127
synth_24322,127
synth_24350,127
synth_24197,127
synth_24252,127
synth_24213,127
synth_24240,127
synth_24296,127
synth_24208,127
synth_24209,127
synth_24245,127
synth_24363,127
synth_24217,127
synth_24276,127
synth_24255,127
synth_24187,127
synth_24203,127
synth_24194,127
synth_24318,127
synth_24241,127
synth_24225,127
synth_24193,127
synth_24230,127
synth_24250,127
synth_24186,127
synth_24340,127
synth_24336,127
synth_24202,127
synth_24220,127
synth_24351,127
synth_24285,127
synth_24310,127
synth_24244,127
synth_24273,127
synth_24316,127
synth_24343,127
synth_24229,127
synth_24357,127
synth_24328,127
synth_24333,127
synth_24232,127
synth_24284,127
synth_24327,127
synth_24268,127
synth_24233,127
synth_24279,127
synth_24295,127
synth_24347,127
synth_24257,127
synth_24251,127
synth_24339,127
synth_24200,127
synth_24185,127
synth_24332,127
synth_24238,127
synth_24308,127
synth_24315,127
synth_24183,127
synth_24360,127
synth_24188,127
synth_24324,127
synth_24206,127
synth_24182,127
synth_24274,127
synth_24311,127
synth_24325,127
synth_24219,127
synth_24367,127
synth_24215,127
synth_24221,127
synth_24352,127
synth_24236,127
synth_24242,127
synth_24355,127
synth_24254,127
synth_24341,127
synth_24214,127
synth_24275,127
synth_24290,127
synth_24292,127
synth_24211,127
synth_24265,127
synth_24291,127
synth_24189,127
synth_24320,127
synth_24249,127
synth_24201,127
synth_24261,127
synth_24192,127
synth_24359,127
synth_24231,127
synth_24226,127
synth_24258,127
synth_24321,127
synth_24216,127
synth_24317,127
synth_24366,127
synth_24365,127
synth_24218,127
synth_24362,127
synth_24262,127
synth_24298,127
synth_24312,127
synth_24272,127
synth_24364,127
synth_24253,127
synth_24313,127
synth_24358,127
synth_24280,127
synth_24179,127
synth_24210,127
synth_24330,127
synth_24190,127
synth_24199,127
synth_24337,127
synth_24299,127
synth_24224,127
synth_24345,127
synth_24260,127
synth_24247,127
synth_24270,127
synth_24342,127
synth_24196,127
synth_24354,127
synth_24228,127
synth_24198,127
synth_24269,127
synth_24335,127
synth_24204,127
synth_24248,127
synth_24263,127
synth_24266,127
synth_24267,127
synth_24235,127
synth_24286,127
synth_24264,127
synth_24304,127
synth_24212,127
synth_24302,127
synth_24281,127
synth_24306,127
synth_24334,127
synth_24293,127
synth_24294,127
synth_24356,127
synth_24181,127
synth_24305,127
synth_24319,127
synth_24540,126
synth_24469,126
synth_24547,126
synth_24529,126
synth_24478,126
synth_24462,126
synth_24463,126
synth_24471,126
synth_24439,126
synth_24514,126
synth_24500,126
synth_24486,126
synth_24533,126
synth_24446,126
synth_24432,126
synth_24458,126
synth_24477,126
synth_24552,126
synth_24509,126
synth_24539,126
synth_24452,126
synth_24485,126
synth_24490,126
synth_24438,126
synth_24554,126
synth_24437,126
synth_24502,126
synth_24395,126
synth_24413,126
synth_24551,126
synth_24562,126
synth_24460,126
synth_24414,126
synth_24416,126
synth_24498,126
synth_24376,126
synth_24501,126
synth_24443,126
synth_24385,126
synth_24518,126
synth_24532,126
synth_24403,126
synth_24459,126
synth_24408,126
synth_24479,126
synth_24476,126
synth_24445,126
synth_24404,126
synth_24504,126
synth_24495,126
synth_24531,126
synth_24543,126
synth_24496,126
synth_24492,126
synth_24371,126
synth_24454,126
synth_24409,126
synth_24447,126
synth_24545,126
synth_24401,126
synth_24536,126
synth_24494,126
synth_24465,126
synth_24530,126
synth_24411,126
synth_24503,126
synth_24516,126
synth_24464,126
synth_24475,126
synth_24434,126
synth_24400,126
synth_24442,126
synth_24466,126
synth_24384,126
synth_24430,126
synth_24380,126
synth_24541,126
synth_24386,126
synth_24405,126
synth_24392,126
synth_24526,126
synth_24472,126
synth_24391,126
synth_24512,126
synth_24398,126
synth_24535,126
synth_24396,126
synth_24369,126
synth_24461,126
synth_24387,126
synth_24373,126
synth_24444,126
synth_24484,126
synth_24431,126
synth_24436,126
synth_24527,126
synth_24422,126
synth_24456,126
synth_24390,126
synth_24560,126
synth_24388,126
synth_24553,126
synth_24415,126
synth_24507,126
synth_24450,126
synth_24417,126
synth_24407,126
synth_24511,126
synth_24419,126
synth_24382,126
synth_24379,126
synth_24441,126
synth_24497,126
synth_24468,126
synth_24487,126
synth_24555,126
synth_24402,126
synth_24451,126
synth_24508,126
synth_24550,126
synth_24420,126
synth_24489,126
synth_24559,126
synth_24448,126
synth_24429,126
synth_24389,126
synth_24544,126
synth_24377,126
synth_24473,126
synth_24517,126
synth_24506,126
synth_24519,126
synth_24538,126
synth_24499,126
synth_24558,126
synth_24528,126
synth_24428,126
synth_24440,126
synth_24418,126
synth_24424,126
synth_24520,126
synth_24435,126
synth_24534,126
synth_24537,126
synth_24433,126
synth_24521,126
synth_24426,126
synth_24455,126
synth_24399,126
synth_24523,126
synth_24421,126
synth_24449,126
synth_24488,126
synth_24427,126
synth_24546,126
synth_24524,126
synth_24505,126
synth_24381,126
synth_24549,126
synth_24425,126
synth_24457,126
synth_24513,126
synth_24453,126
synth_24480,126
synth_24482,126
synth_24557,126
synth_24493,126
synth_24378,126
synth_24410,126
synth_24423,126
synth_24397,126
synth_24483,126
synth_24394,126
synth_24481,126
synth_24561,126
synth_24406,126
synth_24412,126
synth_24515,126
synth_24510,126
synth_24383,126
synth_24470,126
synth_24393,126
synth_24556,126
synth_24375,126
synth_24467,126
synth_24474,126
synth_24542,126
synth_24374,126
synth_24372,126
synth_24491,126
synth_24522,126
synth_24370,126
synth_24525,126
synth_24548,126
synth_24717,125
synth_24719,125
synth_24600,125
synth_24722,125
synth_24746,125
synth_24758,125
synth_24603,125
synth_24691,125
synth_24615,125
synth_24749,125
synth_24606,125
synth_24675,125
synth_24635,125
synth_24699,125
synth_24721,125
synth_24697,125
synth_24614,125
synth_24741,125
synth_24757,125
synth_24667,125
synth_24683,125
synth_24732,125
synth_24678,125
synth_24610,125
synth_24693,125
synth_24681,125
synth_24731,125
synth_24679,125
synth_24617,125
synth_24711,125
synth_24715,125
synth_24571,125
synth_24755,125
synth_24597,125
synth_24659,125
synth_24662,125
synth_24588,125
synth_24576,125
synth_24616,125
synth_24747,125
synth_24651,125
synth_24709,125
synth_24607,125
synth_24626,125
synth_24585,125
synth_24673,125
synth_24574,125
synth_24664,125
synth_24642,125
synth_24633,125
synth_24707,125
synth_24672,125
synth_24702,125
synth_24619,125
synth_24578,125
synth_24723,125
synth_24566,125
synth_24590,125
synth_24714,125
synth_24680,125
synth_24685,125
synth_24689,125
synth_24563,125
synth_24625,125
synth_24639,125
synth_24692,125
synth_24570,125
synth_24727,125
synth_24670,125
synth_24618,125
synth_24696,125
synth_24676,125
synth_24653,125
synth_24589,125
synth_24725,125
synth_24572,125
synth_24754,125
synth_24729,125
synth_24656,125
synth_24742,125
synth_24602,125
synth_24652,125
synth_24688,125
synth_24739,125
synth_24581,125
synth_24730,125
synth_24744,125
synth_24752,125
synth_24582,125
synth_24579,125
synth_24695,125
synth_24698,125
synth_24661,125
synth_24748,125
synth_24623,125
synth_24647,125
synth_24608,125
synth_24630,125
synth_24726,125
synth_24736,125
synth_24648,125
synth_24684,125
synth_24743,125
synth_24663,125
synth_24568,125
synth_24596,125
synth_24569,125
synth_24654,125
synth_24573,125
synth_24660,125
synth_24584,125
synth_24682,125
synth_24686,125
synth_24687,125
synth_24575,125
synth_24613,125
synth_24668,125
synth_24733,125
synth_24650,125
synth_24708,125
synth_24655,125
synth_24706,125
synth_24592,125
synth_24640,125
synth_24632,125
synth_24634,125
synth_24700,125
synth_24609,125
synth_24677,125
synth_24759,125
synth_24605,125
synth_24705,125
synth_24611,125
synth_24720,125
synth_24587,125
synth_24591,125
synth_24745,125
synth_24598,125
synth_24644,125
synth_24593,125
synth_24735,125
synth_24612,125
synth_24657,125
synth_24712,125
synth_24601,125
synth_24583,125
synth_24636,125
synth_24658,125
synth_24703,125
synth_24567,125
synth_24638,125
synth_24564,125
synth_24728,125
synth_24621,125
synth_24750,125
synth_24594,125
synth_24631,125
synth_24724,125
synth_24580,125
synth_24756,125
synth_24577,125
synth_24595,125
synth_24620,125
synth_24669,125
synth_24740,125
synth_24751,125
synth_24627,125
synth_24666,125
synth_24694,125
synth_24737,125
synth_24622,125
synth_24710,125
synth_24645,125
synth_24649,125
synth_24738,125
synth_24753,125
synth_24674,125
synth_24704,125
synth_24586,125
synth_24690,125
synth_24665,125
synth_24624,125
synth_24604,125
synth_24671,125
synth_24713,125
synth_24565,125
synth_24637,125
synth_24646,125
synth_24629,125
synth_24701,125
synth_24718,125
synth_24599,125
synth_24628,125
synth_24641,125
synth_24643,125
synth_24734,125
synth_24716,125
synth_24843,124
synth_24895,124
synth_24829,124
synth_24803,124
synth_24816,124
synth_24823,124
synth_24848,124
synth_24893,124
synth_24808,124
synth_24861,124
synth_24864,124
synth_24858,124
synth_24866,124
synth_24874,124
synth_24908,124
synth_24850,124
synth_24862,124
synth_24931,124
synth_24767,124
synth_24853,124
synth_24804,124
synth_24774,124
synth_24885,124
synth_24845,124
synth_24939,124
synth_24912,124
synth_24940,124
synth_24791,124
synth_24914,124
synth_24801,124
synth_24896,124
synth_24950,124
synth_24889,124
synth_24811,124
synth_24877,124
synth_24958,124
synth_24835,124
synth_24842,124
synth_24883,124
synth_24917,124
synth_24936,124
synth_24959,124
synth_24790,124
synth_24846,124
synth_24943,124
synth_24764,124
synth_24913,124
synth_24927,124
synth_24771,124
synth_24938,124
synth_24851,124
synth_24915,124
synth_24776,124
synth_24815,124
synth_24784,124
synth_24860,124
synth_24894,124
synth_24766,124
synth_24884,124
synth_24828,124
synth_24871,124
synth_24787,124
synth_24796,124
synth_24924,124
synth_24841,124
synth_24819,124
synth_24779,124
synth_24863,124
synth_24941,124
synth_24797,124
synth_24838,124
synth_24946,124
synth_24948,124
synth_24949,124
synth_24957,124
synth_24872,124
synth_24942,124
synth_24768,124
synth_24827,124
synth_24919,124
synth_24761,124
synth_24836,124
synth_24907,124
synth_24922,124
synth_24854,124
synth_24899,124
synth_24901,124
synth_24921,124
synth_24781,124
synth_24814,124
synth_24833,124
synth_24945,124
synth_24960,124
synth_24818,124
synth_24821,124
synth_24805,124
synth_24881,124
synth_24802,124
synth_24923,124
synth_24792,124
synth_24865,124
synth_24911,124
synth_24904,124
synth_24906,124
synth_24807,124
synth_24847,124
synth_24772,124
synth_24920,124
synth_24932,124
synth_24786,124
synth_24825,124
synth_24905,124
synth_24935,124
synth_24773,124
synth_24775,124
synth_24868,124
synth_24859,124
synth_24930,124
synth_24822,124
synth_24880,124
synth_24937,124
synth_24852,124
synth_24785,124
synth_24857,124
synth_24826,124
synth_24830,124
synth_24832,124
synth_24918,124
synth_24929,124
synth_24795,124
synth_24878,124
synth_24799,124
synth_24839,124
synth_24910,124
synth_24903,124
synth_24909,124
synth_24928,124
synth_24794,124
synth_24800,124
synth_24840,124
synth_24870,124
synth_24810,124
synth_24834,124
synth_24900,124
synth_24765,124
synth_24780,124
synth_24926,124
synth_24869,124
synth_24892,124
synth_24798,124
synth_24956,124
synth_24763,124
synth_24782,124
synth_24947,124
synth_24888,124
synth_24951,124
synth_24875,124
synth_24812,124
synth_24886,124
synth_24820,124
synth_24876,124
synth_24879,124
synth_24770,124
synth_24952,124
synth_24891,124
synth_24944,124
synth_24777,124
synth_24778,124
synth_24813,124
synth_24788,124
synth_24824,124
synth_24844,124
synth_24849,124
synth_24817,124
synth_24831,124
synth_24856,124
synth_24897,124
synth_24925,124
synth_24760,124
synth_24806,124
synth_24887,124
synth_24953,124
synth_24933,124
synth_24890,124
synth_24898,124
synth_24809,124
synth_24789,124
synth_24873,124
synth_24793,124
synth_24867,124
synth_24902,124
synth_24954,124
synth_24882,124
synth_24916,124
synth_24769,124
synth_24783,124
synth_24762,124
synth_24837,124
synth_24855,124
synth_24934,124
synth_24955,124
synth_25121,123
synth_25038,123
synth_25087,123
synth_25143,123
synth_25016,123
synth_25024,123
synth_25025,123
synth_25119,123
synth_25022,123
synth_25163,123
synth_24974,123
synth_24998,123
synth_25117,123
synth_25164,123
synth_25068,123
synth_25092,123
synth_24973,123
synth_25020,123
synth_25002,123
synth_25011,123
synth_25079,123
synth_24965,123
synth_24996,123
synth_25084,123
synth_24967,123
synth_25132,123
synth_25056,123
synth_25133,123
synth_25086,123
synth_24972,123
synth_25043,123
synth_25048,123
synth_24961,123
synth_25027,123
synth_25089,123
synth_25162,123
synth_25128,123
synth_25039,123
synth_25138,123
synth_24969,123
synth_25099,123
synth_25045,123
synth_25071,123
synth_25134,123
synth_25151,123
synth_25006,123
synth_25139,123
synth_25123,123
synth_25135,123
synth_25003,123
synth_25012,123
synth_24962,123
synth_25075,123
synth_25118,123
synth_24964,123
synth_25067,123
synth_25070,123
synth_25145,123
synth_25146,123
synth_25044,123
synth_25112,123
synth_25100,123
synth_25066,123
synth_25046,123
synth_24991,123
synth_25029,123
synth_25148,123
synth_24977,123
synth_25058,123
synth_25017,123
synth_25109,123
synth_25111,123
synth_25140,123
synth_24988,123
synth_25082,123
synth_24999,123
synth_25047,123
synth_25049,123
synth_25054,123
synth_25105,123
synth_24994,123
synth_25040,123
synth_25076,123
synth_25159,123
synth_25085,123
synth_25030,123
synth_25064,123
synth_25055,123
synth_25124,123
synth_25144,123
synth_25010,123
synth_25142,123
synth_25005,123
synth_25062,123
synth_25035,123
synth_25090,123
synth_25114,123
synth_25088,123
synth_25036,123
synth_24978,123
synth_25013,123
synth_25023,123
synth_24979,123
synth_25098,123
synth_25150,123
synth_25129,123
synth_25095,123
synth_25107,123
synth_24970,123
synth_25113,123
synth_24997,123
synth_24971,123
synth_25125,123
synth_25021,123
synth_25141,123
synth_25157,123
synth_25014,123
synth_24975,123
synth_24986,123
synth_25042,123
synth_25102,123
synth_25115,123
synth_24992,123
synth_25127,123
synth_25033,123
synth_25000,123
synth_25041,123
synth_25063,123
synth_25152,123
synth_25031,123
synth_25009,123
synth_25050,123
synth_24985,123
synth_24976,123
synth_25116,123
synth_25155,123
synth_25037,123
synth_25073,123
synth_25106,123
synth_25120,123
synth_25081,123
synth_25097,123
synth_24984,123
synth_25103,123
synth_24980,123
synth_25069,123
synth_24987,123
synth_25060,123
synth_25093,123
synth_25126,123
synth_25122,123
synth_25158,123
synth_25034,123
synth_25161,123
synth_25094,123
synth_25110,123
synth_24966,123
synth_25083,123
synth_25015,123
synth_24990,123
synth_24982,123
synth_25057,123
synth_25078,123
synth_25130,123
synth_25008,123
synth_25028,123
synth_25080,123
synth_25091,123
synth_24989,123
synth_25154,123
synth_24993,123
synth_25061,123
synth_24968,123
synth_25136,123
synth_25077,123
synth_25101,123
synth_25131,123
synth_25019,123
synth_25153,123
synth_25137,123
synth_25149,123
synth_25074,123
synth_25032,123
synth_25001,123
synth_25004,123
synth_25051,123
synth_25096,123
synth_25018,123
synth_24963,123
synth_25059,123
synth_25052,123
synth_25072,123
synth_25026,123
synth_25065,123
synth_24983,123
synth_25160,123
synth_25007,123
synth_24981,123
synth_25156,123
synth_24995,123
synth_25053,123
synth_25108,123
synth_25147,123
synth_25104,123
synth_25221,122
synth_25259,122
synth_25215,122
synth_25290,122
synth_25346,122
synth_25301,122
synth_25355,122
synth_25363,122
synth_25364,122
synth_25337,122
synth_25326,122
synth_25345,122
synth_25309,122
synth_25295,122
synth_25257,122
synth_25210,122
synth_25247,122
synth_25213,122
synth_25242,122
synth_25200,122
synth_25212,122
synth_25317,122
synth_25325,122
synth_25225,122
synth_25260,122
synth_25331,122
synth_25369,122
synth_25353,122
synth_25361,122
synth_25191,122
synth_25193,122
synth_25235,122
synth_25251,122
synth_25365,122
synth_25262,122
synth_25201,122
synth_25238,122
synth_25287,122
synth_25360,122
synth_25316,122
synth_25294,122
synth_25343,122
synth_25209,122
synth_25311,122
synth_25320,122
synth_25278,122
synth_25321,122
synth_25341,122
synth_25305,122
synth_25319,122
synth_25228,122
synth_25172,122
synth_25180,122
synth_25222,122
synth_25276,122
synth_25300,122
synth_25322,122
synth_25285,122
synth_25338,122
synth_25349,122
synth_25229,122
synth_25348,122
synth_25362,122
synth_25352,122
synth_25205,122
synth_25248,122
synth_25241,122
synth_25315,122
synth_25318,122
synth_25280,122
synth_25197,122
synth_25307,122
synth_25211,122
synth_25347,122
synth_25310,122
synth_25344,122
synth_25189,122
synth_25230,122
synth_25327,122
synth_25179,122
synth_25368,122
synth_25286,122
synth_25194,122
synth_25166,122
synth_25167,122
synth_25281,122
synth_25170,122
synth_25220,122
synth_25178,122
synth_25249,122
synth_25204,122
synth_25190,122
synth_25214,122
synth_25277,122
synth_25184,122
synth_25232,122
synth_25233,122
synth_25282,122
synth_25185,122
synth_25358,122
synth_25237,122
synth_25328,122
synth_25371,122
synth_25256,122
synth_25266,122
synth_25195,122
synth_25370,122
synth_25177,122
synth_25313,122
synth_25175,122
synth_25183,122
synth_25216,122
synth_25291,122
synth_25323,122
synth_25288,122
synth_25330,122
synth_25264,122
synth_25350,122
synth_25268,122
synth_25279,122
synth_25334,122
synth_25289,122
synth_25196,122
synth_25239,122
synth_25272,122
synth_25219,122
synth_25252,122
synth_25299,122
synth_25351,122
synth_25234,122
synth_25332,122
synth_25333,122
synth_25165,122
synth_25198,122
synth_25224,122
synth_25267,122
synth_25297,122
synth_25357,122
synth_25218,122
synth_25340,122
synth_25202,122
synth_25236,122
synth_25187,122
synth_25227,122
synth_25283,122
synth_25245,122
synth_25173,122
synth_25261,122
synth_25274,122
synth_25312,122
synth_25181,122
synth_25244,122
synth_25303,122
synth_25253,122
synth_25192,122
synth_25208,122
synth_25335,122
synth_25308,122
synth_25270,122
synth_25302,122
synth_25217,122
synth_25265,122
synth_25186,122
synth_25336,122
synth_25174,122
synth_25206,122
synth_25273,122
synth_25240,122
synth_25292,122
synth_25275,122
synth_25367,122
synth_25254,122
synth_25271,122
synth_25329,122
synth_25269,122
synth_25304,122
synth_25354,122
synth_25258,122
synth_25293,122
synth_25203,122
synth_25182,122
synth_25243,122
synth_25169,122
synth_25168,122
synth_25284,122
synth_25223,122
synth_25250,122
synth_25255,122
synth_25207,122
synth_25298,122
synth_25324,122
synth_25199,122
synth_25366,122
synth_25231,122
synth_25314,122
synth_25342,122
synth_25359,122
synth_25246,122
synth_25306,122
synth_25176,122
synth_25171,122
synth_25226,122
synth_25188,122
synth_25356,122
synth_25339,122
synth_25296,122
synth_25263,122
synth_25502,121
synth_25429,121
synth_25475,121
synth_25390,121
synth_25579,121
synth_25571,121
synth_25385,121
synth_25396,121
synth_25419,121
synth_25543,121
synth_25547,121
synth_25395,121
synth_25415,121
synth_25577,121
synth_25401,121
synth_25456,121
synth_25466,121
synth_25496,121
synth_25491,121
synth_25432,121
synth_25504,121
synth_25559,121
synth_25412,121
synth_25534,121
synth_25495,121
synth_25486,121
synth_25417,121
synth_25512,121
synth_25498,121
synth_25555,121
synth_25576,121
synth_25492,121
synth_25573,121
synth_25462,121
synth_25451,121
synth_25464,121
synth_25523,121
synth_25386,121
synth_25468,121
synth_25565,121
synth_25421,121
synth_25453,121
synth_25538,121
synth_25560,121
synth_25489,121
synth_25499,121
synth_25477,121
synth_25537,121
synth_25553,121
synth_25455,121
synth_25435,121
synth_25445,121
synth_25410,121
synth_25430,121
synth_25433,121
synth_25461,121
synth_25436,121
synth_25387,121
synth_25516,121
synth_25488,121
synth_25399,121
synth_25532,121
synth_25393,121
synth_25469,121
synth_25398,121
synth_25375,121
synth_25384,121
synth_25400,121
synth_25381,121
synth_25566,121
synth_25394,121
synth_25472,121
synth_25487,121
synth_25529,121
synth_25444,121
synth_25459,121
synth_25470,121
synth_25552,121
synth_25431,121
synth_25500,121
synth_25524,121
synth_25379,121
synth_25506,121
synth_25497,121
synth_25578,121
synth_25405,121
synth_25557,121
synth_25507,121
synth_25372,121
synth_25476,121
synth_25564,121
synth_25392,121
synth_25551,121
synth_25554,121
synth_25440,121
synth_25438,121
synth_25448,121
synth_25377,121
synth_25373,121
synth_25411,121
synth_25407,121
synth_25408,121
synth_25505,121
synth_25452,121
synth_25541,121
synth_25404,121
synth_25511,121
synth_25416,121
synth_25562,121
synth_25485,121
synth_25508,121
synth_25378,121
synth_25528,121
synth_25556,121
synth_25561,121
synth_25570,121
synth_25533,121
synth_25388,121
synth_25447,121
synth_25572,121
synth_25437,121
synth_25574,121
synth_25402,121
synth_25414,121
synth_25510,121
synth_25482,121
synth_25425,121
synth_25550,121
synth_25441,121
synth_25569,121
synth_25460,121
synth_25426,121
synth_25509,121
synth_25457,121
synth_25397,121
synth_25481,121
synth_25535,121
synth_25383,121
synth_25563,121
synth_25580,121
synth_25517,121
synth_25503,121
synth_25484,121
synth_25428,121
synth_25376,121
synth_25420,121
synth_25423,121
synth_25480,121
synth_25536,121
synth_25519,121
synth_25567,121
synth_25442,121
synth_25518,121
synth_25418,121
synth_25521,121
synth_25454,121
synth_25540,121
synth_25434,121
synth_25558,121
synth_25531,121
synth_25568,121
synth_25581,121
synth_25515,121
synth_25478,121
synth_25424,121
synth_25450,121
synth_25463,121
synth_25465,121
synth_25520,121
synth_25409,121
synth_25575,121
synth_25439,121
synth_25493,121
synth_25382,121
synth_25549,121
synth_25458,121
synth_25391,121
synth_25406,121
synth_25526,121
synth_25374,121
synth_25542,121
synth_25427,121
synth_25494,121
synth_25483,121
synth_25413,121
synth_25443,121
synth_25389,121
synth_25490,121
synth_25446,121
synth_25513,121
synth_25522,121
synth_25380,121
synth_25403,121
synth_25545,121
synth_25473,121
synth_25530,121
synth_25422,121
synth_25467,121
synth_25539,121
synth_25449,121
synth_25479,121
synth_25474,121
synth_25544,121
synth_25546,121
synth_25548,121
synth_25471,121
synth_25514,121
synth_25501,121
synth_25527,121
synth_25525,121
synth_25643,120
synth_25730,120
synth_25781,120
synth_25641,120
synth_25787,120
synth_25776,120
synth_25621,120
synth_25647,120
synth_25597,120
synth_25696,120
synth_25784,120
synth_25613,120
synth_25639,120
synth_25692,120
synth_25617,120
synth_25758,120
synth_25657,120
synth_25688,120
synth_25771,120
synth_25680,120
synth_25701,120
synth_25763,120
synth_25717,120
synth_25655,120
synth_25772,120
synth_25785,120
synth_25623,120
synth_25630,120
synth_25599,120
synth_25642,120
synth_25650,120
synth_25660,120
synth_25691,120
synth_25793,120
synth_25607,120
synth_25733,120
synth_25615,120
synth_25786,120
synth_25738,120
synth_25750,120
synth_25747,120
synth_25715,120
synth_25673,120
synth_25714,120
synth_25625,120
synth_25770,120
synth_25670,120
synth_25720,120
synth_25618,120
synth_25765,120
synth_25716,120
synth_25658,120
synth_25752,120
synth_25651,120
synth_25687,120
synth_25736,120
synth_25794,120
synth_25789,120
synth_25586,120
synth_25636,120
synth_25682,120
synth_25664,120
synth_25740,120
synth_25779,120
synth_25619,120
synth_25711,120
synth_25728,120
synth_25742,120
synth_25764,120
synth_25606,120
synth_25629,120
synth_25662,120
synth_25767,120
synth_25693,120
synth_25697,120
synth_25790,120
synth_25732,120
synth_25783,120
synth_25773,120
synth_25587,120
synth_25656,120
synth_25661,120
synth_25595,120
synth_25601,120
synth_25594,120
synth_25721,120
synth_25749,120
synth_25724,120
synth_25726,120
synth_25744,120
synth_25678,120
synth_25627,120
synth_25768,120
synth_25719,120
synth_25582,120
synth_25727,120
synth_25734,120
synth_25649,120
synth_25679,120
synth_25731,120
synth_25591,120
synth_25645,120
synth_25659,120
synth_25706,120
synth_25600,120
synth_25602,120
synth_25668,120
synth_25596,120
synth_25609,120
synth_25698,120
synth_25677,120
synth_25690,120
synth_25718,120
synth_25704,120
synth_25754,120
synth_25604,120
synth_25622,120
synth_25780,120
synth_25703,120
synth_25614,120
synth_25788,120
synth_25686,120
synth_25700,120
synth_25792,120
synth_25633,120
synth_25654,120
synth_25644,120
synth_25585,120
synth_25638,120
synth_25666,120
synth_25603,120
synth_25713,120
synth_25757,120
synth_25612,120
synth_25745,120
synth_25725,120
synth_25685,120
synth_25653,120
synth_25746,120
synth_25592,120
synth_25709,120
synth_25775,120
synth_25635,120
synth_25589,120
synth_25769,120
synth_25689,120
synth_25671,120
synth_25699,120
synth_25761,120
synth_25608,120
synth_25743,120
synth_25762,120
synth_25598,120
synth_25777,120
synth_25675,120
synth_25735,120
synth_25737,120
synth_25646,120
synth_25637,120
synth_25684,120
synth_25760,120
synth_25683,120
synth_25739,120
synth_25616,120
synth_25729,120
synth_25782,120
synth_25583,120
synth_25663,120
synth_25766,120
synth_25795,120
synth_25774,120
synth_25620,120
synth_25648,120
synth_25741,120
synth_25611,120
synth_25712,120
synth_25753,120
synth_25667,120
synth_25751,120
synth_25632,120
synth_25665,120
synth_25791,120
synth_25708,120
synth_25755,120
synth_25590,120
synth_25695,120
synth_25652,120
synth_25694,120
synth_25628,120
synth_25605,120
synth_25756,120
synth_25584,120
synth_25610,120
synth_25710,120
synth_25723,120
synth_25634,120
synth_25702,120
synth_25748,120
synth_25631,120
synth_25624,120
synth_25707,120
synth_25626,120
synth_25681,120
synth_25778,120
synth_25672,120
synth_25705,120
synth_25640,120
synth_25593,120
synth_25588,120
synth_25674,120
synth_25722,120
synth_25669,120
synth_25676,120
synth_25759,120
synth_25965,119
synth_26007,119
synth_25912,119
synth_25824,119
synth_25868,119
synth_25937,119
synth_25964,119
synth_25981,119
synth_25882,119
synth_25971,119
synth_25843,119
synth_25851,119
synth_25997,119
synth_25959,119
synth_25854,119
synth_26004,119
synth_25830,119
synth_25863,119
synth_25960,119
synth_25870,119
synth_25974,119
synth_25918,119
synth_26006,119
synth_25942,119
synth_26009,119
synth_25916,119
synth_25921,119
synth_25886,119
synth_25996,119
synth_25832,119
synth_25838,119
synth_25839,119
synth_25985,119
synth_25848,119
synth_25880,119
synth_25925,119
synth_25977,119
synth_25860,119
synth_25949,119
synth_25995,119
synth_26010,119
synth_25823,119
synth_25915,119
synth_25962,119
synth_25811,119
synth_25847,119
synth_25927,119
synth_25930,119
synth_25901,119
synth_25906,119
synth_26005,119
synth_25958,119
synth_25796,119
synth_25943,119
synth_25835,119
synth_25944,119
synth_25989,119
synth_25820,119
synth_25983,119
synth_25878,119
synth_25922,119
synth_25801,119
synth_25902,119
synth_25913,119
synth_25861,119
synth_25821,119
synth_25896,119
synth_25862,119
synth_25934,119
synth_25888,119
synth_25905,119
synth_25903,119
synth_25841,119
synth_25926,119
synth_25950,119
synth_25987,119
synth_25890,119
synth_25947,119
synth_25982,119
synth_25884,119
synth_25889,119
synth_25945,119
synth_25998,119
synth_25814,119
synth_25992,119
synth_25923,119
synth_26011,119
synth_25827,119
synth_25865,119
synth_25972,119
synth_25935,119
synth_25842,119
synth_25857,119
synth_25897,119
synth_25953,119
synth_25864,119
synth_25967,119
synth_25892,119
synth_25856,119
synth_25879,119
synth_25991,119
synth_25825,119
synth_25828,119
synth_25968,119
synth_25829,119
synth_25806,119
synth_25978,119
synth_25813,119
synth_25919,119
synth_25822,119
synth_25979,119
synth_25999,119
synth_25816,119
synth_25924,119
synth_25994,119
synth_25976,119
synth_26013,119
synth_25802,119
synth_25931,119
synth_25855,119
synth_25911,119
synth_25815,119
synth_25966,119
synth_25891,119
synth_25975,119
synth_26002,119
synth_25928,119
synth_25817,119
synth_25831,119
synth_25849,119
synth_25852,119
synth_25951,119
synth_25808,119
synth_25836,119
synth_25799,119
synth_25954,119
synth_25819,119
synth_25844,119
synth_25887,119
synth_25826,119
synth_25846,119
synth_25917,119
synth_25973,119
synth_25809,119
synth_25940,119
synth_25986,119
synth_25804,119
synth_25990,119
synth_26008,119
synth_25810,119
synth_25936,119
synth_26001,119
synth_25800,119
synth_25867,119
synth_25952,119
synth_25881,119
synth_25845,119
synth_25877,119
synth_25833,119
synth_25850,119
synth_25874,119
synth_25932,119
synth_25993,119
synth_25837,119
synth_25873,119
synth_25853,119
synth_25900,119
synth_25957,119
synth_25933,119
synth_25899,119
synth_25812,119
synth_25961,119
synth_25908,119
synth_25895,119
synth_25840,119
synth_25883,119
synth_25872,119
synth_25876,119
synth_26000,119
synth_25797,119
synth_25859,119
synth_25885,119
synth_25904,119
synth_25970,119
synth_26003,119
synth_25907,119
synth_25834,119
synth_25875,119
synth_25893,119
synth_25938,119
synth_25929,119
synth_25866,119
synth_25871,119
synth_25798,119
synth_25914,119
synth_25963,119
synth_25869,119
synth_25894,119
synth_25910,119
synth_25969,119
synth_26012,119
synth_25948,119
synth_25803,119
synth_25818,119
synth_25984,119
synth_25909,119
synth_25920,119
synth_25939,119
synth_25805,119
synth_25941,119
synth_25946,119
synth_25807,119
synth_25858,119
synth_25988,119
synth_25898,119
synth_25955,119
synth_25956,119
synth_25980,119
synth_26191,118
synth_26045,118
synth_26033,118
synth_26064,118
synth_26228,118
synth_26128,118
synth_26018,118
synth_26034,118
synth_26181,118
synth_26070,118
synth_26156,118
synth_26212,118
synth_26099,118
synth_26198,118
synth_26130,118
synth_26114,118
synth_26167,118
synth_26043,118
synth_26166,118
synth_26202,118
synth_26210,118
synth_26058,118
synth_26155,118
synth_26171,118
synth_26040,118
synth_26177,118
synth_26016,118
synth_26022,118
synth_26062,118
synth_26111,118
synth_26190,118
synth_26142,118
synth_26069,118
synth_26216,118
synth_26081,118
synth_26027,118
synth_26056,118
synth_26154,118
synth_26028,118
synth_26067,118
synth_26017,118
synth_26077,118
synth_26186,118
synth_26131,118
synth_26049,118
synth_26029,118
synth_26087,118
synth_26101,118
synth_26217,118
synth_26218,118
synth_26146,118
synth_26060,118
synth_26094,118
synth_26184,118
synth_26203,118
synth_26032,118
synth_26149,118
synth_26133,118
synth_26180,118
synth_26042,118
synth_26173,118
synth_26092,118
synth_26204,118
synth_26127,118
synth_26079,118
synth_26014,118
synth_26125,118
synth_26169,118
synth_26050,118
synth_26076,118
synth_26078,118
synth_26197,118
synth_26193,118
synth_26136,118
synth_26139,118
synth_26036,118
synth_26189,118
synth_26159,118
synth_26093,118
synth_26035,118
synth_26063,118
synth_26044,118
synth_26075,118
synth_26134,118
synth_26192,118
synth_26164,118
synth_26151,118
synth_26025,118
synth_26201,118
synth_26219,118
synth_26129,118
synth_26205,118
synth_26051,118
synth_26126,118
synth_26041,118
synth_26048,118
synth_26168,118
synth_26059,118
synth_26097,118
synth_26120,118
synth_26088,118
synth_26160,118
synth_26066,118
synth_26138,118
synth_26231,118
synth_26199,118
synth_26083,118
synth_26229,118
synth_26214,118
synth_26021,118
synth_26135,118
synth_26057,118
synth_26153,118
synth_26039,118
synth_26195,118
synth_26225,118
synth_26148,118
synth_26174,118
synth_26158,118
synth_26061,118
synth_26096,118
synth_26161,118
synth_26162,118
synth_26157,118
synth_26116,118
synth_26065,118
synth_26104,118
synth_26107,118
synth_26037,118
synth_26179,118
synth_26145,118
synth_26080,118
synth_26187,118
synth_26112,118
synth_26098,118
synth_26183,118
synth_26220,118
synth_26122,118
synth_26206,118
synth_26221,118
synth_26084,118
synth_26132,118
synth_26117,118
synth_26211,118
synth_26152,118
synth_26194,118
synth_26196,118
synth_26015,118
synth_26091,118
synth_26100,118
synth_26113,118
synth_26182,118
synth_26223,118
synth_26030,118
synth_26086,118
synth_26227,118
synth_26230,118
synth_26110,118
synth_26123,118
synth_26124,118
synth_26089,118
synth_26118,118
synth_26054,118
synth_26082,118
synth_26071,118
synth_26105,118
synth_26121,118
synth_26109,118
synth_26106,118
synth_26047,118
synth_26185,118
synth_26178,118
synth_26019,118
synth_26119,118
synth_26141,118
synth_26020,118
synth_26072,118
synth_26053,118
synth_26095,118
synth_26143,118
synth_26023,118
synth_26163,118
synth_26115,118
synth_26215,118
synth_26150,118
synth_26222,118
synth_26188,118
synth_26024,118
synth_26074,118
synth_26103,118
synth_26224,118
synth_26102,118
synth_26207,118
synth_26031,118
synth_26226,118
synth_26176,118
synth_26052,118
synth_26055,118
synth_26144,118
synth_26073,118
synth_26046,118
synth_26085,118
synth_26172,118
synth_26038,118
synth_26137,118
synth_26147,118
synth_26232,118
synth_26234,118
synth_26208,118
synth_26068,118
synth_26140,118
synth_26090,118
synth_26108,118
synth_26175,118
synth_26026,118
synth_26170,118
synth_26209,118
synth_26213,118
synth_26235,118
synth_26165,118
synth_26233,118
synth_26200,118
synth_26327,117
synth_26352,117
synth_26385,117
synth_26411,117
synth_26429,117
synth_26329,117
synth_26402,117
synth_26328,117
synth_26416,117
synth_26387,117
synth_26321,117
synth_26408,117
synth_26426,117
synth_26345,117
synth_26388,117
synth_26435,117
synth_26370,117
synth_26420,117
synth_26376,117
synth_26278,117
synth_26338,117
synth_26443,117
synth_26315,117
synth_26308,117
synth_26312,117
synth_26254,117
synth_26418,117
synth_26366,117
synth_26394,117
synth_26358,117
synth_26399,117
synth_26365,117
synth_26291,117
synth_26316,117
synth_26342,117
synth_26407,117
synth_26290,117
synth_26293,117
synth_26359,117
synth_26369,117
synth_26277,117
synth_26272,117
synth_26259,117
synth_26294,117
synth_26384,117
synth_26410,117
synth_26281,117
synth_26375,117
synth_26419,117
synth_26270,117
synth_26336,117
synth_26451,117
synth_26346,117
synth_26373,117
synth_26428,117
synth_26296,117
synth_26304,117
synth_26405,117
synth_26412,117
synth_26332,117
synth_26423,117
synth_26266,117
synth_26434,117
synth_26438,117
synth_26355,117
synth_26389,117
synth_26441,117
synth_26288,117
synth_26248,117
synth_26453,117
synth_26246,117
synth_26339,117
synth_26382,117
synth_26427,117
synth_26247,117
synth_26334,117
synth_26238,117
synth_26300,117
synth_26303,117
synth_26400,117
synth_26307,117
synth_26421,117
synth_26459,117
synth_26445,117
synth_26263,117
synth_26280,117
synth_26381,117
synth_26265,117
synth_26289,117
synth_26302,117
synth_26287,117
synth_26380,117
synth_26393,117
synth_26361,117
synth_26395,117
synth_26430,117
synth_26364,117
synth_26262,117
synth_26409,117
synth_26415,117
synth_26377,117
synth_26391,117
synth_26273,117
synth_26297,117
synth_26439,117
synth_26267,117
synth_26354,117
synth_26386,117
synth_26292,117
synth_26450,117
synth_26251,117
synth_26311,117
synth_26357,117
synth_26285,117
synth_26368,117
synth_26245,117
synth_26283,117
synth_26295,117
synth_26433,117
synth_26452,117
synth_26250,117
synth_26333,117
synth_26378,117
synth_26392,117
synth_26240,117
synth_26244,117
synth_26261,117
synth_26324,117
synth_26397,117
synth_26362,117
synth_26456,117
synth_26398,117
synth_26425,117
synth_26337,117
synth_26309,117
synth_26348,117
synth_26313,117
synth_26457,117
synth_26353,117
synth_26363,117
synth_26454,117
synth_26326,117
synth_26349,117
synth_26269,117
synth_26236,117
synth_26437,117
synth_26440,117
synth_26255,117
synth_26413,117
synth_26414,117
synth_26360,117
synth_26241,117
synth_26242,117
synth_26306,117
synth_26298,117
synth_26239,117
synth_26371,117
synth_26253,117
synth_26447,117
synth_26422,117
synth_26323,117
synth_26275,117
synth_26284,117
synth_26318,117
synth_26406,117
synth_26460,117
synth_26301,117
synth_26350,117
synth_26258,117
synth_26271,117
synth_26276,117
synth_26299,117
synth_26356,117
synth_26310,117
synth_26372,117
synth_26442,117
synth_26446,117
synth_26249,117
synth_26455,117
synth_26344,117
synth_26322,117
synth_26404,117
synth_26436,117
synth_26260,117
synth_26317,117
synth_26367,117
synth_26256,117
synth_26268,117
synth_26351,117
synth_26330,117
synth_26286,117
synth_26448,117
synth_26396,117
synth_26417,117
synth_26252,117
synth_26314,117
synth_26379,117
synth_26347,117
synth_26390,117
synth_26282,117
synth_26343,117
synth_26424,117
synth_26279,117
synth_26325,117
synth_26458,117
synth_26257,117
synth_26335,117
synth_26449,117
synth_26401,117
synth_26444,117
synth_26340,117
synth_26341,117
synth_26319,117
synth_26237,117
synth_26274,117
synth_26305,117
synth_26383,117
synth_26431,117
synth_26331,117
synth_26264,117
synth_26374,117
synth_26403,117
synth_26432,117
synth_26243,117
synth_26320,117
synth_26618,116
synth_26623,116
synth_26645,116
synth_26676,116
synth_26671,116
synth_26575,116
synth_26499,116
synth_26679,116
synth_26468,116
synth_26637,116
synth_26502,116
synth_26512,116
synth_26535,116
synth_26668,116
synth_26644,116
synth_26467,116
synth_26596,116
synth_26510,116
synth_26646,116
synth_26581,116
synth_26681,116
synth_26493,116
synth_26536,116
synth_26617,116
synth_26629,116
synth_26642,116
synth_26604,116
synth_26616,116
synth_26682,116
synth_26478,116
synth_26663,116
synth_26498,116
synth_26543,116
synth_26600,116
synth_26461,116
synth_26530,116
synth_26504,116
synth_26630,116
synth_26464,116
synth_26555,116
synth_26570,116
synth_26614,116
synth_26465,116
synth_26566,116
synth_26598,116
synth_26486,116
synth_26591,116
synth_26606,116
synth_26655,116
synth_26496,116
synth_26481,116
synth_26517,116
synth_26627,116
synth_26491,116
synth_26495,116
synth_26532,116
synth_26626,116
synth_26684,116
synth_26587,116
synth_26592,116
synth_26638,116
synth_26639,116
synth_26501,116
synth_26471,116
synth_26492,116
synth_26513,116
synth_26523,116
synth_26613,116
synth_26651,116
synth_26661,116
synth_26522,116
synth_26539,116
synth_26494,116
synth_26544,116
synth_26479,116
synth_26546,116
synth_26525,116
synth_26612,116
synth_26521,116
synth_26582,116
synth_26619,116
synth_26526,116
synth_26527,116
synth_26666,116
synth_26547,116
synth_26557,116
synth_26675,116
synth_26688,116
synth_26548,116
synth_26549,116
synth_26607,116
synth_26490,116
synth_26680,116
synth_26542,116
synth_26605,116
synth_26648,116
synth_26672,116
synth_26608,116
synth_26556,116
synth_26624,116
synth_26635,116
synth_26551,116
synth_26665,116
synth_26474,116
synth_26508,116
synth_26584,116
synth_26634,116
synth_26653,116
synth_26580,116
synth_26632,116
synth_26483,116
synth_26585,116
synth_26473,116
synth_26552,116
synth_26569,116
synth_26578,116
synth_26586,116
synth_26506,116
synth_26564,116
synth_26565,116
synth_26631,116
synth_26579,116
synth_26636,116
synth_26643,116
synth_26589,116
synth_26649,116
synth_26652,116
synth_26658,116
synth_26466,116
synth_26689,116
synth_26577,116
synth_26685,116
synth_26572,116
synth_26678,116
synth_26472,116
synth_26561,116
synth_26603,116
synth_26568,116
synth_26516,116
synth_26650,116
synth_26677,116
synth_26633,116
synth_26463,116
synth_26515,116
synth_26528,116
synth_26576,116
synth_26602,116
synth_26625,116
synth_26476,116
synth_26647,116
synth_26489,116
synth_26534,116
synth_26518,116
synth_26533,116
synth_26590,116
synth_26482,116
synth_26511,116
synth_26519,116
synth_26667,116
synth_26503,116
synth_26641,116
synth_26487,116
synth_26597,116
synth_26611,116
synth_26560,116
synth_26488,116
synth_26529,116
synth_26674,116
synth_26475,116
synth_26524,116
synth_26462,116
synth_26540,116
synth_26610,116
synth_26659,116
synth_26497,116
synth_26545,116
synth_26640,116
synth_26553,116
synth_26594,116
synth_26595,116
synth_26538,116
synth_26567,116
synth_26670,116
synth_26559,116
synth_26588,116
synth_26558,116
synth_26662,116
synth_26593,116
synth_26657,116
synth_26686,116
synth_26505,116
synth_26500,116
synth_26571,116
synth_26660,116
synth_26509,116
synth_26563,116
synth_26654,116
synth_26484,116
synth_26573,116
synth_26574,116
synth_26601,116
synth_26673,116
synth_26620,116
synth_26470,116
synth_26485,116
synth_26599,116
synth_26683,116
synth_26541,116
synth_26537,116
synth_26687,116
synth_26562,116
synth_26628,116
synth_26514,116
synth_26609,116
synth_26520,116
synth_26622,116
synth_26664,116
synth_26583,116
synth_26469,116
synth_26554,116
synth_26477,116
synth_26480,116
synth_26531,116
synth_26550,116
synth_26669,116
synth_26507,116
synth_26615,116
synth_26656,116
synth_26621,116
synth_26900,115
synth_26697,115
synth_26786,115
synth_26764,115
synth_26814,115
synth_26774,115
synth_26857,115
synth_26838,115
synth_26895,115
synth_26779,115
synth_26828,115
synth_26738,115
synth_26710,115
synth_26737,115
synth_26804,115
synth_26812,115
synth_26740,115
synth_26887,115
synth_26796,115
synth_26846,115
synth_26861,115
synth_26821,115
synth_26798,115
synth_26725,115
synth_26759,115
synth_26700,115
synth_26711,115
synth_26732,115
synth_26773,115
synth_26845,115
synth_26905,115
synth_26893,115
synth_26808,115
synth_26722,115
synth_26791,115
synth_26859,115
synth_26709,115
synth_26769,115
synth_26831,115
synth_26733,115
synth_26891,115
synth_26800,115
synth_26691,115
synth_26899,115
synth_26915,115
synth_26743,115
synth_26777,115
synth_26799,115
synth_26699,115
synth_26776,115
synth_26803,115
synth_26829,115
synth_26849,115
synth_26729,115
synth_26863,115
synth_26921,115
synth_26820,115
synth_26775,115
synth_26746,115
synth_26882,115
synth_26728,115
synth_26706,115
synth_26835,115
synth_26696,115
synth_26901,115
synth_26890,115
synth_26896,115
synth_26736,115
synth_26721,115
synth_26730,115
synth_26714,115
synth_26822,115
synth_26744,115
synth_26864,115
synth_26870,115
synth_26723,115
synth_26749,115
synth_26922,115
synth_26852,115
synth_26789,115
synth_26790,115
synth_26739,115
synth_26708,115
synth_26735,115
synth_26816,115
synth_26850,115
synth_26703,115
synth_26701,115
synth_26856,115
synth_26754,115
synth_26841,115
synth_26906,115
synth_26805,115
synth_26704,115
synth_26766,115
synth_26869,115
synth_26908,115
synth_26702,115
synth_26695,115
synth_26788,115
synth_26751,115
synth_26726,115
synth_26806,115
synth_26855,115
synth_26860,115
synth_26748,115
synth_26912,115
synth_26783,115
synth_26879,115
synth_26717,115
synth_26763,115
synth_26854,115
synth_26910,115
synth_26865,115
synth_26888,115
synth_26914,115
synth_26731,115
synth_26692,115
synth_26719,115
synth_26755,115
synth_26794,115
synth_26745,115
synth_26862,115
synth_26797,115
synth_26716,115
synth_26756,115
synth_26767,115
synth_26819,115
synth_26919,115
synth_26902,115
synth_26712,115
synth_26771,115
synth_26920,115
synth_26878,115
synth_26705,115
synth_26781,115
synth_26802,115
synth_26760,115
synth_26832,115
synth_26843,115
synth_26707,115
synth_26765,115
synth_26818,115
synth_26813,115
synth_26824,115
synth_26810,115
synth_26833,115
synth_26886,115
synth_26907,115
synth_26753,115
synth_26741,115
synth_26817,115
synth_26840,115
synth_26839,115
synth_26897,115
synth_26782,115
synth_26844,115
synth_26768,115
synth_26720,115
synth_26889,115
synth_26837,115
synth_26876,115
synth_26877,115
synth_26762,115
synth_26724,115
synth_26690,115
synth_26853,115
synth_26883,115
synth_26742,115
synth_26734,115
synth_26795,115
synth_26809,115
synth_26834,115
synth_26847,115
synth_26880,115
synth_26752,115
synth_26761,115
synth_26851,115
synth_26875,115
synth_26903,115
synth_26911,115
synth_26916,115
synth_26718,115
synth_26917,115
synth_26780,115
synth_26698,115
synth_26826,115
synth_26848,115
synth_26868,115
synth_26750,115
synth_26793,115
synth_26872,115
synth_26894,115
synth_26811,115
synth_26827,115
synth_26885,115
synth_26866,115
synth_26892,115
synth_26909,115
synth_26867,115
synth_26874,115
synth_26770,115
synth_26778,115
synth_26898,115
synth_26694,115
synth_26873,115
synth_26830,115
synth_26881,115
synth_26823,115
synth_26785,115
synth_26787,115
synth_26713,115
synth_26747,115
synth_26801,115
synth_26815,115
synth_26842,115
synth_26758,115
synth_26858,115
synth_26884,115
synth_26784,115
synth_26904,115
synth_26913,115
synth_26918,115
synth_26757,115
synth_26693,115
synth_26807,115
synth_26715,115
synth_26772,115
synth_26727,115
synth_26825,115
synth_26871,115
synth_26792,115
synth_26836,115
synth_27033,114
synth_27109,114
synth_26943,114
synth_26960,114
synth_27038,114
synth_27107,114
synth_27124,114
synth_27007,114
synth_27023,114
synth_27157,114
synth_27028,114
synth_27093,114
synth_27097,114
synth_27080,114
synth_27008,114
synth_27076,114
synth_26939,114
synth_26947,114
synth_27044,114
synth_27017,114
synth_27021,114
synth_27156,114
synth_26992,114
synth_27010,114
synth_27013,114
synth_27019,114
synth_27062,114
synth_27098,114
synth_27125,114
synth_26964,114
synth_27063,114
synth_27060,114
synth_27022,114
synth_27106,114
synth_27130,114
synth_26976,114
synth_27154,114
synth_26997,114
synth_27030,114
synth_27117,114
synth_27123,114
synth_27143,114
synth_26953,114
synth_26941,114
synth_26990,114
synth_27042,114
synth_27005,114
synth_27118,114
synth_26975,114
synth_27114,114
synth_26966,114
synth_27102,114
synth_27046,114
synth_27134,114
synth_27071,114
synth_26930,114
synth_27092,114
synth_26979,114
synth_27095,114
synth_27012,114
synth_26986,114
synth_26954,114
synth_27018,114
synth_27133,114
synth_26955,114
synth_27015,114
synth_27147,114
synth_26961,114
synth_27006,114
synth_27086,114
synth_27141,114
synth_26965,114
synth_27075,114
synth_27085,114
synth_26973,114
synth_27068,114
synth_26945,114
synth_27049,114
synth_27120,114
synth_27031,114
synth_27072,114
synth_27146,114
synth_26929,114
synth_26940,114
synth_27045,114
synth_27036,114
synth_27132,114
synth_27128,114
synth_27096,114
synth_27127,114
synth_26970,114
synth_26984,114
synth_26989,114
synth_27115,114
synth_27083,114
synth_27040,114
synth_27108,114
synth_27065,114
synth_27100,114
synth_27016,114
synth_27039,114
synth_27073,114
synth_27101,114
synth_27136,114
synth_27014,114
synth_27064,114
synth_26980,114
synth_27037,114
synth_26999,114
synth_27079,114
synth_26959,114
synth_27078,114
synth_27122,114
synth_27138,114
synth_27153,114
synth_26963,114
synth_27020,114
synth_27034,114
synth_26996,114
synth_27067,114
synth_27081,114
synth_27131,114
synth_26993,114
synth_27089,114
synth_27110,114
synth_26974,114
synth_27032,114
synth_27139,114
synth_27001,114
synth_26988,114
synth_26982,114
synth_26972,114
synth_27052,114
synth_26944,114
synth_27074,114
synth_26942,114
synth_27077,114
synth_27112,114
synth_27148,114
synth_26935,114
synth_27027,114
synth_26936,114
synth_27047,114
synth_26949,114
synth_27009,114
synth_27144,114
synth_26971,114
synth_26978,114
synth_27026,114
synth_27035,114
synth_27043,114
synth_27041,114
synth_27090,114
synth_26967,114
synth_27024,114
synth_26924,114
synth_27025,114
synth_26985,114
synth_26923,114
synth_27029,114
synth_26994,114
synth_26983,114
synth_26951,114
synth_26952,114
synth_27126,114
synth_26948,114
synth_27058,114
synth_26926,114
synth_27061,114
synth_26968,114
synth_27149,114
synth_27003,114
synth_27055,114
synth_26933,114
synth_26928,114
synth_27048,114
synth_27105,114
synth_26932,114
synth_26969,114
synth_26977,114
synth_27056,114
synth_26938,114
synth_27002,114
synth_27057,114
synth_27069,114
synth_27087,114
synth_26958,114
synth_27000,114
synth_27142,114
synth_27145,114
synth_26931,114
synth_26925,114
synth_26956,114
synth_27140,114
synth_27088,114
synth_27113,114
synth_27121,114
synth_26934,114
synth_27094,114
synth_27103,114
synth_26981,114
synth_27082,114
synth_27111,114
synth_27137,114
synth_26991,114
synth_27004,114
synth_27084,114
synth_27050,114
synth_27059,114
synth_27150,114
synth_26957,114
synth_26962,114
synth_26998,114
synth_27099,114
synth_27011,114
synth_27054,114
synth_27158,114
synth_26946,114
synth_27066,114
synth_26927,114
synth_27129,114
synth_26987,114
synth_27119,114
synth_26937,114
synth_27152,114
synth_27104,114
synth_26995,114
synth_27053,114
synth_26950,114
synth_27155,114
synth_27116,114
synth_27051,114
synth_27159,114
synth_27151,114
synth_27070,114
synth_27135,114
synth_27091,114
synth_27274,113
synth_27355,113
synth_27280,113
synth_27381,113
synth_27384,113
synth_27198,113
synth_27303,113
synth_27245,113
synth_27367,113
synth_27369,113
synth_27301,113
synth_27243,113
synth_27298,113
synth_27397,113
synth_27323,113
synth_27330,113
synth_27383,113
synth_27185,113
synth_27193,113
synth_27329,113
synth_27217,113
synth_27222,113
synth_27250,113
synth_27268,113
synth_27322,113
synth_27371,113
synth_27216,113
synth_27239,113
synth_27300,113
synth_27349,113
synth_27214,113
synth_27262,113
synth_27270,113
synth_27399,113
synth_27218,113
synth_27288,113
synth_27176,113
synth_27219,113
synth_27316,113
synth_27191,113
synth_27161,113
synth_27164,113
synth_27251,113
synth_27248,113
synth_27307,113
synth_27235,113
synth_27260,113
synth_27257,113
synth_27210,113
synth_27319,113
synth_27236,113
synth_27255,113
synth_27261,113
synth_27177,113
synth_27354,113
synth_27291,113
synth_27372,113
synth_27165,113
synth_27339,113
synth_27382,113
synth_27201,113
synth_27361,113
synth_27174,113
synth_27258,113
synth_27160,113
synth_27335,113
synth_27205,113
synth_27187,113
synth_27310,113
synth_27320,113
synth_27181,113
synth_27184,113
synth_27266,113
synth_27338,113
synth_27373,113
synth_27364,113
synth_27346,113
synth_27168,113
synth_27318,113
synth_27362,113
synth_27206,113
synth_27313,113
synth_27215,113
synth_27363,113
synth_27376,113
synth_27211,113
synth_27359,113
synth_27395,113
synth_27340,113
synth_27221,113
synth_27228,113
synth_27299,113
synth_27186,113
synth_27212,113
synth_27357,113
synth_27180,113
synth_27334,113
synth_27256,113
synth_27241,113
synth_27263,113
synth_27232,113
synth_27343,113
synth_27244,113
synth_27351,113
synth_27332,113
synth_27345,113
synth_27276,113
synth_27293,113
synth_27226,113
synth_27295,113
synth_27324,113
synth_27314,113
synth_27166,113
synth_27178,113
synth_27328,113
synth_27302,113
synth_27360,113
synth_27375,113
synth_27203,113
synth_27297,113
synth_27333,113
synth_27289,113
synth_27394,113
synth_27401,113
synth_27207,113
synth_27246,113
synth_27273,113
synth_27325,113
synth_27386,113
synth_27380,113
synth_27281,113
synth_27292,113
synth_27331,113
synth_27350,113
synth_27169,113
synth_27171,113
synth_27311,113
synth_27247,113
synth_27390,113
synth_27342,113
synth_27308,113
synth_27199,113
synth_27344,113
synth_27252,113
synth_27275,113
synth_27195,113
synth_27312,113
synth_27278,113
synth_27229,113
synth_27162,113
synth_27259,113
synth_27271,113
synth_27224,113
synth_27352,113
synth_27389,113
synth_27231,113
synth_27269,113
synth_27282,113
synth_27294,113
synth_27175,113
synth_27188,113
synth_27230,113
synth_27348,113
synth_27208,113
synth_27253,113
synth_27353,113
synth_27286,113
synth_27365,113
synth_27237,113
synth_27385,113
synth_27306,113
synth_27377,113
synth_27249,113
synth_27341,113
synth_27197,113
synth_27267,113
synth_27309,113
synth_27202,113
synth_27189,113
synth_27170,113
synth_27190,113
synth_27304,113
synth_27374,113
synth_27296,113
synth_27358,113
synth_27238,113
synth_27378,113
synth_27392,113
synth_27321,113
synth_27183,113
synth_27277,113
synth_27379,113
synth_27327,113
synth_27284,113
synth_27391,113
synth_27204,113
synth_27172,113
synth_27196,113
synth_27272,113
synth_27283,113
synth_27279,113
synth_27223,113
synth_27182,113
synth_27163,113
synth_27290,113
synth_27315,113
synth_27368,113
synth_27398,113
synth_27209,113
synth_27240,113
synth_27336,113
synth_27234,113
synth_27396,113
synth_27200,113
synth_27317,113
synth_27265,113
synth_27366,113
synth_27242,113
synth_27264,113
synth_27227,113
synth_27287,113
synth_27220,113
synth_27192,113
synth_27213,113
synth_27305,113
synth_27347,113
synth_27179,113
synth_27194,113
synth_27393,113
synth_27285,113
synth_27254,113
synth_27388,113
synth_27233,113
synth_27167,113
synth_27356,113
synth_27326,113
synth_27387,113
synth_27173,113
synth_27225,113
synth_27337,113
synth_27370,113
synth_27400,113
synth_27433,112
synth_27477,112
synth_27525,112
synth_27604,112
synth_27578,112
synth_27613,112
synth_27436,112
synth_27517,112
synth_27416,112
synth_27537,112
synth_27440,112
synth_27524,112
synth_27559,112
synth_27634,112
synth_27426,112
synth_27490,112
synth_27403,112
synth_27405,112
synth_27540,112
synth_27492,112
synth_27501,112
synth_27402,112
synth_27485,112
synth_27494,112
synth_27632,112
synth_27606,112
synth_27404,112
synth_27594,112
synth_27642,112
synth_27481,112
synth_27622,112
synth_27505,112
synth_27526,112
synth_27546,112
synth_27448,112
synth_27459,112
synth_27644,112
synth_27421,112
synth_27591,112
synth_27608,112
synth_27538,112
synth_27637,112
synth_27595,112
synth_27507,112
synth_27429,112
synth_27557,112
synth_27573,112
synth_27582,112
synth_27552,112
synth_27572,112
synth_27598,112
synth_27408,112
synth_27438,112
synth_27599,112
synth_27616,112
synth_27596,112
synth_27468,112
synth_27579,112
synth_27646,112
synth_27601,112
synth_27584,112
synth_27629,112
synth_27432,112
synth_27597,112
synth_27621,112
synth_27631,112
synth_27503,112
synth_27640,112
synth_27566,112
synth_27569,112
synth_27457,112
synth_27623,112
synth_27519,112
synth_27636,112
synth_27530,112
synth_27443,112
synth_27624,112
synth_27627,112
synth_27452,112
synth_27528,112
synth_27491,112
synth_27506,112
synth_27527,112
synth_27539,112
synth_27548,112
synth_27554,112
synth_27407,112
synth_27480,112
synth_27549,112
synth_27487,112
synth_27488,112
synth_27590,112
synth_27484,112
synth_27585,112
synth_27428,112
synth_27472,112
synth_27617,112
synth_27543,112
synth_27495,112
synth_27574,112
synth_27410,112
synth_27499,112
synth_27609,112
synth_27614,112
synth_27592,112
synth_27535,112
synth_27611,112
synth_27437,112
synth_27580,112
synth_27409,112
synth_27589,112
synth_27534,112
synth_27430,112
synth_27502,112
synth_27570,112
synth_27435,112
synth_27449,112
synth_27479,112
synth_27511,112
synth_27545,112
synth_27509,112
synth_27497,112
synth_27500,112
synth_27513,112
synth_27575,112
synth_27458,112
synth_27536,112
synth_27520,112
synth_27605,112
synth_27576,112
synth_27560,112
synth_27462,112
synth_27419,112
synth_27610,112
synth_27563,112
synth_27423,112
synth_27588,112
synth_27422,112
synth_27406,112
synth_27420,112
synth_27630,112
synth_27593,112
synth_27600,112
synth_27625,112
synth_27431,112
synth_27547,112
synth_27586,112
synth_27411,112
synth_27532,112
synth_27567,112
synth_27461,112
synth_27635,112
synth_27638,112
synth_27473,112
synth_27581,112
synth_27602,112
synth_27425,112
synth_27542,112
synth_27439,112
synth_27460,112
synth_27465,112
synth_27521,112
synth_27417,112
synth_27471,112
synth_27474,112
synth_27612,112
synth_27478,112
synth_27556,112
synth_27470,112
synth_27568,112
synth_27603,112
synth_27445,112
synth_27583,112
synth_27643,112
synth_27456,112
synth_27434,112
synth_27455,112
synth_27562,112
synth_27418,112
synth_27512,112
synth_27639,112
synth_27515,112
synth_27413,112
synth_27441,112
synth_27454,112
synth_27531,112
synth_27553,112
synth_27496,112
synth_27558,112
synth_27561,112
synth_27615,112
synth_27467,112
synth_27508,112
synth_27464,112
synth_27541,112
synth_27577,112
synth_27427,112
synth_27446,112
synth_27466,112
synth_27628,112
synth_27463,112
synth_27516,112
synth_27529,112
synth_27551,112
synth_27565,112
synth_27571,112
synth_27626,112
synth_27414,112
synth_27523,112
synth_27522,112
synth_27489,112
synth_27510,112
synth_27444,112
synth_27476,112
synth_27514,112
synth_27453,112
synth_27641,112
synth_27424,112
synth_27415,112
synth_27533,112
synth_27555,112
synth_27518,112
synth_27451,112
synth_27498,112
synth_27475,112
synth_27633,112
synth_27412,112
synth_27564,112
synth_27544,112
synth_27618,112
synth_27442,112
synth_27447,112
synth_27483,112
synth_27469,112
synth_27504,112
synth_27619,112
synth_27450,112
synth_27482,112
synth_27607,112
synth_27587,112
synth_27550,112
synth_27486,112
synth_27493,112
synth_27645,112
synth_27620,112
synth_27655,111
synth_27722,111
synth_27747,111
synth_27843,111
synth_27700,111
synth_27780,111
synth_27801,111
synth_27676,111
synth_27663,111
synth_27664,111
synth_27726,111
synth_27890,111
synth_27711,111
synth_27810,111
synth_27811,111
synth_27795,111
synth_27782,111
synth_27672,111
synth_27836,111
synth_27705,111
synth_27741,111
synth_27799,111
synth_27879,111
synth_27794,111
synth_27880,111
synth_27806,111
synth_27858,111
synth_27657,111
synth_27876,111
synth_27647,111
synth_27686,111
synth_27745,111
synth_27797,111
synth_27825,111
synth_27844,111
synth_27889,111
synth_27892,111
synth_27659,111
synth_27868,111
synth_27695,111
synth_27732,111
synth_27788,111
synth_27882,111
synth_27662,111
synth_27862,111
synth_27755,111
synth_27884,111
synth_27690,111
synth_27781,111
synth_27839,111
synth_27753,111
synth_27853,111
synth_27656,111
synth_27683,111
synth_27870,111
synth_27710,111
synth_27758,111
synth_27696,111
synth_27869,111
synth_27793,111
synth_27666,111
synth_27883,111
synth_27669,111
synth_27670,111
synth_27888,111
synth_27739,111
synth_27816,111
synth_27694,111
synth_27709,111
synth_27767,111
synth_27834,111
synth_27724,111
synth_27865,111
synth_27809,111
synth_27875,111
synth_27728,111
synth_27749,111
synth_27772,111
synth_27855,111
synth_27682,111
synth_27859,111
synth_27893,111
synth_27771,111
synth_27733,111
synth_27648,111
synth_27681,111
synth_27867,111
synth_27833,111
synth_27840,111
synth_27847,111
synth_27702,111
synth_27885,111
synth_27674,111
synth_27693,111
synth_27819,111
synth_27846,111
synth_27734,111
synth_27698,111
synth_27704,111
synth_27851,111
synth_27736,111
synth_27861,111
synth_27776,111
synth_27838,111
synth_27775,111
synth_27845,111
synth_27783,111
synth_27814,111
synth_27759,111
synth_27727,111
synth_27828,111
synth_27848,111
synth_27854,111
synth_27723,111
synth_27792,111
synth_27895,111
synth_27886,111
synth_27661,111
synth_27765,111
synth_27766,111
synth_27803,111
synth_27761,111
synth_27786,111
synth_27832,111
synth_27697,111
synth_27731,111
synth_27757,111
synth_27756,111
synth_27790,111
synth_27823,111
synth_27774,111
synth_27857,111
synth_27881,111
synth_27687,111
synth_27725,111
synth_27742,111
synth_27827,111
synth_27750,111
synth_27701,111
synth_27714,111
synth_27777,111
synth_27815,111
synth_27677,111
synth_27740,111
synth_27752,111
synth_27807,111
synth_27673,111
synth_27817,111
synth_27830,111
synth_27878,111
synth_27671,111
synth_27706,111
synth_27738,111
synth_27743,111
synth_27770,111
synth_27717,111
synth_27763,111
synth_27689,111
synth_27841,111
synth_27864,111
synth_27877,111
synth_27821,111
synth_27891,111
synth_27842,111
synth_27787,111
synth_27822,111
synth_27873,111
synth_27685,111
synth_27820,111
synth_27856,111
synth_27737,111
synth_27791,111
synth_27874,111
synth_27802,111
synth_27692,111
synth_27748,111
synth_27779,111
synth_27894,111
synth_27649,111
synth_27680,111
synth_27653,111
synth_27826,111
synth_27813,111
synth_27837,111
synth_27688,111
synth_27768,111
synth_27773,111
synth_27730,111
synth_27798,111
synth_27652,111
synth_27746,111
synth_27735,111
synth_27665,111
synth_27808,111
synth_27679,111
synth_27764,111
synth_27650,111
synth_27785,111
synth_27796,111
synth_27719,111
synth_27713,111
synth_27660,111
synth_27789,111
synth_27872,111
synth_27675,111
synth_27871,111
synth_27762,111
synth_27835,111
synth_27896,111
synth_27684,111
synth_27718,111
synth_27721,111
synth_27824,111
synth_27651,111
synth_27667,111
synth_27708,111
synth_27712,111
synth_27654,111
synth_27691,111
synth_27720,111
synth_27784,111
synth_27852,111
synth_27744,111
synth_27760,111
synth_27751,111
synth_27860,111
synth_27703,111
synth_27849,111
synth_27729,111
synth_27658,111
synth_27769,111
synth_27678,111
synth_27778,111
synth_27800,111
synth_27668,111
synth_27804,111
synth_27829,111
synth_27707,111
synth_27699,111
synth_27805,111
synth_27831,111
synth_27818,111
synth_27715,111
synth_27850,111
synth_27863,111
synth_27866,111
synth_27887,111
synth_27716,111
synth_27754,111
synth_27812,111
synth_28072,110
synth_28123,110
synth_28125,110
synth_27976,110
synth_27912,110
synth_28003,110
synth_27920,110
synth_28031,110
synth_28127,110
synth_27971,110
synth_28033,110
synth_27919,110
synth_27958,110
synth_27911,110
synth_27922,110
synth_27981,110
synth_28082,110
synth_27996,110
synth_28075,110
synth_27999,110
synth_28096,110
synth_28138,110
synth_28017,110
synth_28020,110
synth_28074,110
synth_28083,110
synth_28146,110
synth_28131,110
synth_27927,110
synth_28042,110
synth_27930,110
synth_27940,110
synth_27982,110
synth_28014,110
synth_28024,110
synth_27965,110
synth_28021,110
synth_28069,110
synth_27963,110
synth_28065,110
synth_28067,110
synth_28035,110
synth_28109,110
synth_28132,110
synth_28049,110
synth_28053,110
synth_28016,110
synth_28077,110
synth_27939,110
synth_27972,110
synth_28103,110
synth_28005,110
synth_28150,110
synth_27937,110
synth_28028,110
synth_28064,110
synth_28007,110
synth_28027,110
synth_28039,110
synth_28071,110
synth_28139,110
synth_28044,110
synth_28048,110
synth_28051,110
synth_28099,110
synth_28149,110
synth_27914,110
synth_27926,110
synth_27932,110
synth_28015,110
synth_28050,110
synth_28098,110
synth_28052,110
synth_27903,110
synth_27907,110
synth_27987,110
synth_28080,110
synth_28010,110
synth_28085,110
synth_27902,110
synth_28059,110
synth_28122,110
synth_28034,110
synth_27983,110
synth_28126,110
synth_28151,110
synth_27980,110
synth_28112,110
synth_28114,110
synth_28054,110
synth_27986,110
synth_28060,110
synth_28087,110
synth_28140,110
synth_27900,110
synth_27904,110
synth_28078,110
synth_28025,110
synth_28041,110
synth_28142,110
synth_28045,110
synth_27938,110
synth_28002,110
synth_28120,110
synth_28144,110
synth_27928,110
synth_28057,110
synth_27906,110
synth_27916,110
synth_28022,110
synth_28070,110
synth_27931,110
synth_28063,110
synth_27899,110
synth_28092,110
synth_27998,110
synth_28012,110
synth_28102,110
synth_28128,110
synth_27945,110
synth_27918,110
synth_27979,110
synth_27944,110
synth_27970,110
synth_28013,110
synth_28134,110
synth_28105,110
synth_27898,110
synth_27947,110
synth_27993,110
synth_28093,110
synth_27909,110
synth_27929,110
synth_27968,110
synth_28129,110
synth_27962,110
synth_28094,110
synth_27992,110
synth_28061,110
synth_27924,110
synth_27949,110
synth_28095,110
synth_28089,110
synth_27991,110
synth_28066,110
synth_28101,110
synth_27923,110
synth_27917,110
synth_28019,110
synth_27974,110
synth_27975,110
synth_28108,110
synth_28119,110
synth_28148,110
synth_27960,110
synth_28055,110
synth_28068,110
synth_27942,110
synth_28046,110
synth_27901,110
synth_28026,110
synth_28006,110
synth_28116,110
synth_28008,110
synth_28023,110
synth_28141,110
synth_27915,110
synth_28004,110
synth_28124,110
synth_28135,110
synth_27948,110
synth_28030,110
synth_27964,110
synth_28076,110
synth_28097,110
synth_28115,110
synth_27985,110
synth_27967,110
synth_27969,110
synth_28032,110
synth_28118,110
synth_27989,110
synth_28036,110
synth_28104,110
synth_27951,110
synth_28137,110
synth_27973,110
synth_28117,110
synth_27978,110
synth_28147,110
synth_28001,110
synth_28011,110
synth_28106,110
synth_28113,110
synth_27950,110
synth_27956,110
synth_27954,110
synth_27910,110
synth_27957,110
synth_28018,110
synth_27943,110
synth_27946,110
synth_28056,110
synth_27908,110
synth_27936,110
synth_27997,110
synth_28009,110
synth_27955,110
synth_28000,110
synth_28088,110
synth_27977,110
synth_28040,110
synth_28058,110
synth_28086,110
synth_28110,110
synth_27988,110
synth_27913,110
synth_27921,110
synth_27953,110
synth_27961,110
synth_28037,110
synth_28047,110
synth_28081,110
synth_28100,110
synth_27941,110
synth_27933,110
synth_27966,110
synth_28145,110
synth_28107,110
synth_28133,110
synth_27935,110
synth_28130,110
synth_27897,110
synth_27934,110
synth_28073,110
synth_28121,110
synth_27905,110
synth_27994,110
synth_28029,110
synth_28062,110
synth_28111,110
synth_27984,110
synth_27995,110
synth_28084,110
synth_27925,110
synth_28143,110
synth_28043,110
synth_27959,110
synth_28136,110
synth_27990,110
synth_28038,110
synth_28091,110
synth_28079,110
synth_28090,110
synth_27952,110
synth_28299,109
synth_28388,109
synth_28177,109
synth_28410,109
synth_28196,109
synth_28176,109
synth_28261,109
synth_28283,109
synth_28321,109
synth_28379,109
synth_28406,109
synth_28165,109
synth_28302,109
synth_28222,109
synth_28332,109
synth_28357,109
synth_28153,109
synth_28244,109
synth_28248,109
synth_28340,109
synth_28298,109
synth_28341,109
synth_28386,109
synth_28355,109
synth_28274,109
synth_28329,109
synth_28307,109
synth_28215,109
synth_28291,109
synth_28178,109
synth_28206,109
synth_28239,109
synth_28353,109
synth_28333,109
synth_28168,109
synth_28229,109
synth_28293,109
synth_28363,109
synth_28170,109
synth_28203,109
synth_28304,109
synth_28350,109
synth_28349,109
synth_28328,109
synth_28389,109
synth_28326,109
synth_28381,109
synth_28402,109
synth_28322,109
synth_28157,109
synth_28191,109
synth_28288,109
synth_28262,109
synth_28243,109
synth_28216,109
synth_28316,109
synth_28260,109
synth_28373,109
synth_28377,109
synth_28214,109
synth_28380,109
synth_28390,109
synth_28319,109
synth_28277,109
synth_28361,109
synth_28278,109
synth_28378,109
synth_28201,109
synth_28247,109
synth_28323,109
synth_28342,109
synth_28407,109
synth_28266,109
synth_28179,109
synth_28173,109
synth_28252,109
synth_28327,109
synth_28331,109
synth_28336,109
synth_28162,109
synth_28167,109
synth_28210,109
synth_28258,109
synth_28338,109
synth_28205,109
synth_28270,109
synth_28231,109
synth_28398,109
synth_28337,109
synth_28223,109
synth_28271,109
synth_28265,109
synth_28382,109
synth_28387,109
synth_28403,109
synth_28204,109
synth_28312,109
synth_28324,109
synth_28154,109
synth_28200,109
synth_28236,109
synth_28242,109
synth_28187,109
synth_28189,109
synth_28348,109
synth_28395,109
synth_28301,109
synth_28306,109
synth_28276,109
synth_28284,109
synth_28358,109
synth_28190,109
synth_28155,109
synth_28409,109
synth_28351,109
synth_28405,109
synth_28163,109
synth_28202,109
synth_28209,109
synth_28156,109
synth_28181,109
synth_28235,109
synth_28240,109
synth_28365,109
synth_28194,109
synth_28297,109
synth_28195,109
synth_28282,109
synth_28315,109
synth_28268,109
synth_28275,109
synth_28212,109
synth_28309,109
synth_28230,109
synth_28233,109
synth_28296,109
synth_28219,109
synth_28305,109
synth_28347,109
synth_28368,109
synth_28169,109
synth_28280,109
synth_28184,109
synth_28253,109
synth_28371,109
synth_28300,109
synth_28303,109
synth_28221,109
synth_28269,109
synth_28164,109
synth_28160,109
synth_28174,109
synth_28199,109
synth_28232,109
synth_28207,109
synth_28272,109
synth_28344,109
synth_28213,109
synth_28325,109
synth_28228,109
synth_28161,109
synth_28352,109
synth_28385,109
synth_28225,109
synth_28292,109
synth_28311,109
synth_28397,109
synth_28256,109
synth_28295,109
synth_28197,109
synth_28294,109
synth_28362,109
synth_28241,109
synth_28263,109
synth_28264,109
synth_28310,109
synth_28313,109
synth_28158,109
synth_28245,109
synth_28330,109
synth_28411,109
synth_28249,109
synth_28259,109
synth_28289,109
synth_28392,109
synth_28175,109
synth_28192,109
synth_28286,109
synth_28220,109
synth_28354,109
synth_28356,109
synth_28166,109
synth_28401,109
synth_28227,109
synth_28290,109
synth_28404,109
synth_28334,109
synth_28376,109
synth_28343,109
synth_28345,109
synth_28367,109
synth_28183,109
synth_28360,109
synth_28193,109
synth_28250,109
synth_28279,109
synth_28318,109
synth_28172,109
synth_28234,109
synth_28273,109
synth_28391,109
synth_28238,109
synth_28180,109
synth_28364,109
synth_28188,109
synth_28359,109
synth_28285,109
synth_28374,109
synth_28198,109
synth_28246,109
synth_28393,109
synth_28383,109
synth_28339,109
synth_28255,109
synth_28366,109
synth_28224,109
synth_28314,109
synth_28317,109
synth_28369,109
synth_28159,109
synth_28400,109
synth_28408,109
synth_28217,109
synth_28237,109
synth_28254,109
synth_28171,109
synth_28182,109
synth_28226,109
synth_28185,109
synth_28208,109
synth_28372,109
synth_28384,109
synth_28218,109
synth_28399,109
synth_28308,109
synth_28346,109
synth_28394,109
synth_28152,109
synth_28267,109
synth_28251,109
synth_28281,109
synth_28320,109
synth_28370,109
synth_28396,109
synth_28287,109
synth_28186,109
synth_28211,109
synth_28335,109
synth_28375,109
synth_28257,109
synth_28455,108
synth_28493,108
synth_28490,108
synth_28644,108
synth_28592,108
synth_28630,108
synth_28463,108
synth_28440,108
synth_28594,108
synth_28507,108
synth_28619,108
synth_28464,108
synth_28502,108
synth_28558,108
synth_28416,108
synth_28521,108
synth_28578,108
synth_28614,108
synth_28442,108
synth_28573,108
synth_28649,108
synth_28672,108
synth_28486,108
synth_28647,108
synth_28655,108
synth_28511,108
synth_28645,108
synth_28589,108
synth_28671,108
synth_28548,108
synth_28448,108
synth_28509,108
synth_28449,108
synth_28562,108
synth_28673,108
synth_28580,108
synth_28461,108
synth_28549,108
synth_28611,108
synth_28483,108
synth_28576,108
synth_28421,108
synth_28465,108
synth_28446,108
synth_28459,108
synth_28487,108
synth_28418,108
synth_28606,108
synth_28423,108
synth_28435,108
synth_28516,108
synth_28519,108
synth_28525,108
synth_28631,108
synth_28534,108
synth_28656,108
synth_28661,108
synth_28615,108
synth_28582,108
synth_28569,108
synth_28472,108
synth_28663,108
synth_28512,108
synth_28482,108
synth_28646,108
synth_28474,108
synth_28577,108
synth_28666,108
synth_28675,108
synth_28522,108
synth_28598,108
synth_28444,108
synth_28497,108
synth_28415,108
synth_28420,108
synth_28556,108
synth_28527,108
synth_28610,108
synth_28441,108
synth_28561,108
synth_28624,108
synth_28600,108
synth_28660,108
synth_28602,108
synth_28437,108
synth_28586,108
synth_28567,108
synth_28667,108
synth_28467,108
synth_28638,108
synth_28626,108
synth_28500,108
synth_28424,108
synth_28447,108
synth_28494,108
synth_28458,108
synth_28475,108
synth_28551,108
synth_28609,108
synth_28430,108
synth_28674,108
synth_28496,108
synth_28523,108
synth_28662,108
synth_28535,108
synth_28596,108
synth_28639,108
synth_28429,108
synth_28473,108
synth_28581,108
synth_28536,108
synth_28654,108
synth_28571,108
synth_28652,108
synth_28517,108
synth_28499,108
synth_28439,108
synth_28665,108
synth_28669,108
synth_28471,108
synth_28452,108
synth_28484,108
synth_28560,108
synth_28451,108
synth_28587,108
synth_28566,108
synth_28529,108
synth_28514,108
synth_28641,108
synth_28625,108
synth_28563,108
synth_28608,108
synth_28634,108
synth_28543,108
synth_28538,108
synth_28431,108
synth_28456,108
synth_28476,108
synth_28618,108
synth_28466,108
synth_28518,108
synth_28501,108
synth_28524,108
synth_28540,108
synth_28574,108
synth_28628,108
synth_28450,108
synth_28414,108
synth_28531,108
synth_28436,108
synth_28445,108
synth_28454,108
synth_28550,108
synth_28453,108
synth_28478,108
synth_28457,108
synth_28528,108
synth_28539,108
synth_28636,108
synth_28510,108
synth_28545,108
synth_28468,108
synth_28643,108
synth_28489,108
synth_28640,108
synth_28670,108
synth_28554,108
synth_28568,108
synth_28657,108
synth_28432,108
synth_28617,108
synth_28605,108
synth_28513,108
synth_28547,108
synth_28597,108
synth_28623,108
synth_28485,108
synth_28595,108
synth_28601,108
synth_28552,108
synth_28544,108
synth_28579,108
synth_28413,108
synth_28506,108
synth_28559,108
synth_28504,108
synth_28553,108
synth_28565,108
synth_28591,108
synth_28460,108
synth_28575,108
synth_28642,108
synth_28480,108
synth_28621,108
synth_28627,108
synth_28495,108
synth_28632,108
synth_28633,108
synth_28620,108
synth_28537,108
synth_28526,108
synth_28479,108
synth_28653,108
synth_28426,108
synth_28664,108
synth_28488,108
synth_28583,108
synth_28515,108
synth_28419,108
synth_28443,108
synth_28590,108
synth_28425,108
synth_28599,108
synth_28593,108
synth_28612,108
synth_28503,108
synth_28532,108
synth_28422,108
synth_28651,108
synth_28417,108
synth_28505,108
synth_28622,108
synth_28481,108
synth_28530,108
synth_28588,108
synth_28433,108
synth_28546,108
synth_28637,108
synth_28648,108
synth_28508,108
synth_28603,108
synth_28650,108
synth_28492,108
synth_28541,108
synth_28462,108
synth_28570,108
synth_28585,108
synth_28477,108
synth_28434,108
synth_28659,108
synth_28412,108
synth_28427,108
synth_28607,108
synth_28668,108
synth_28564,108
synth_28470,108
synth_28584,108
synth_28555,108
synth_28428,108
synth_28557,108
synth_28491,108
synth_28635,108
synth_28658,108
synth_28438,108
synth_28533,108
synth_28572,108
synth_28616,108
synth_28629,108
synth_28604,108
synth_28469,108
synth_28498,108
synth_28613,108
synth_28520,108
synth_28542,108
synth_28939,107
synth_28784,107
synth_28877,107
synth_28746,107
synth_28874,107
synth_28922,107
synth_28747,107
synth_28923,107
synth_28742,107
synth_28791,107
synth_28810,107
synth_28891,107
synth_28799,107
synth_28871,107
synth_28722,107
synth_28764,107
synth_28932,107
synth_28752,107
synth_28820,107
synth_28906,107
synth_28786,107
synth_28920,107
synth_28773,107
synth_28882,107
synth_28935,107
synth_28709,107
synth_28812,107
synth_28716,107
synth_28772,107
synth_28804,107
synth_28808,107
synth_28811,107
synth_28859,107
synth_28766,107
synth_28873,107
synth_28870,107
synth_28910,107
synth_28737,107
synth_28848,107
synth_28698,107
synth_28903,107
synth_28785,107
synth_28868,107
synth_28705,107
synth_28693,107
synth_28822,107
synth_28840,107
synth_28686,107
synth_28913,107
synth_28677,107
synth_28852,107
synth_28703,107
synth_28815,107
synth_28823,107
synth_28827,107
synth_28895,107
synth_28908,107
synth_28887,107
synth_28921,107
synth_28730,107
synth_28795,107
synth_28702,107
synth_28843,107
synth_28911,107
synth_28744,107
synth_28774,107
synth_28854,107
synth_28931,107
synth_28680,107
synth_28688,107
synth_28762,107
synth_28763,107
synth_28779,107
synth_28918,107
synth_28745,107
synth_28788,107
synth_28866,107
synth_28767,107
synth_28888,107
synth_28894,107
synth_28849,107
synth_28819,107
synth_28694,107
synth_28831,107
synth_28844,107
synth_28880,107
synth_28682,107
synth_28729,107
synth_28741,107
synth_28726,107
synth_28838,107
synth_28768,107
synth_28937,107
synth_28679,107
synth_28821,107
synth_28834,107
synth_28756,107
synth_28769,107
synth_28792,107
synth_28835,107
synth_28717,107
synth_28902,107
synth_28837,107
synth_28896,107
synth_28916,107
synth_28855,107
synth_28883,107
synth_28724,107
synth_28718,107
synth_28731,107
synth_28735,107
synth_28801,107
synth_28685,107
synth_28781,107
synth_28719,107
synth_28776,107
synth_28678,107
synth_28943,107
synth_28929,107
synth_28829,107
synth_28789,107
synth_28800,107
synth_28847,107
synth_28878,107
synth_28720,107
synth_28740,107
synth_28721,107
synth_28707,107
synth_28687,107
synth_28759,107
synth_28830,107
synth_28869,107
synth_28699,107
synth_28748,107
synth_28885,107
synth_28749,107
synth_28802,107
synth_28782,107
synth_28940,107
synth_28681,107
synth_28793,107
synth_28907,107
synth_28727,107
synth_28893,107
synth_28732,107
synth_28805,107
synth_28865,107
synth_28889,107
synth_28828,107
synth_28771,107
synth_28861,107
synth_28695,107
synth_28755,107
synth_28796,107
synth_28832,107
synth_28743,107
synth_28754,107
synth_28704,107
synth_28714,107
synth_28817,107
synth_28905,107
synth_28856,107
synth_28725,107
synth_28927,107
synth_28825,107
synth_28708,107
synth_28862,107
synth_28875,107
synth_28928,107
synth_28758,107
synth_28899,107
synth_28942,107
synth_28941,107
synth_28733,107
synth_28892,107
synth_28934,107
synth_28884,107
synth_28697,107
synth_28806,107
synth_28936,107
synth_28912,107
synth_28924,107
synth_28839,107
synth_28850,107
synth_28930,107
synth_28753,107
synth_28803,107
synth_28712,107
synth_28780,107
synth_28872,107
synth_28876,107
synth_28944,107
synth_28851,107
synth_28909,107
synth_28683,107
synth_28723,107
synth_28833,107
synth_28915,107
synth_28690,107
synth_28691,107
synth_28926,107
synth_28676,107
synth_28777,107
synth_28886,107
synth_28917,107
synth_28807,107
synth_28798,107
synth_28867,107
synth_28900,107
synth_28919,107
synth_28711,107
synth_28775,107
synth_28734,107
synth_28736,107
synth_28814,107
synth_28879,107
synth_28794,107
synth_28841,107
synth_28706,107
synth_28710,107
synth_28750,107
synth_28760,107
synth_28797,107
synth_28836,107
synth_28881,107
synth_28761,107
synth_28765,107
synth_28858,107
synth_28901,107
synth_28684,107
synth_28818,107
synth_28713,107
synth_28816,107
synth_28898,107
synth_28813,107
synth_28857,107
synth_28689,107
synth_28826,107
synth_28845,107
synth_28842,107
synth_28890,107
synth_28739,107
synth_28787,107
synth_28824,107
synth_28938,107
synth_28700,107
synth_28738,107
synth_28770,107
synth_28809,107
synth_28914,107
synth_28783,107
synth_28846,107
synth_28853,107
synth_28728,107
synth_28863,107
synth_28778,107
synth_28715,107
synth_28751,107
synth_28757,107
synth_28897,107
synth_28904,107
synth_28864,107
synth_28692,107
synth_28701,107
synth_28790,107
synth_28925,107
synth_28933,107
synth_28860,107
synth_28696,107
synth_29074,106
synth_28986,106
synth_29040,106
synth_28994,106
synth_29097,106
synth_29102,106
synth_28973,106
synth_29139,106
synth_29210,106
synth_29061,106
synth_29215,106
synth_28978,106
synth_29180,106
synth_29218,106
synth_29105,106
synth_29173,106
synth_29107,106
synth_29193,106
synth_29057,106
synth_29001,106
synth_29007,106
synth_28967,106
synth_29046,106
synth_29114,106
synth_29172,106
synth_29141,106
synth_29200,106
synth_29208,106
synth_28971,106
synth_28974,106
synth_29010,106
synth_29050,106
synth_29147,106
synth_29202,106
synth_28968,106
synth_28993,106
synth_29125,106
synth_29024,106
synth_29088,106
synth_29137,106
synth_29033,106
synth_29127,106
synth_28953,106
synth_29004,106
synth_29068,106
synth_29025,106
synth_29185,106
synth_29207,106
synth_29192,106
synth_29079,106
synth_29094,106
synth_29109,106
synth_29178,106
synth_29209,106
synth_29090,106
synth_29121,106
synth_29123,106
synth_29155,106
synth_29099,106
synth_29100,106
synth_29070,106
synth_29122,106
synth_28955,106
synth_29106,106
synth_28952,106
synth_28989,106
synth_29078,106
synth_29171,106
synth_29174,106
synth_29012,106
synth_29077,106
synth_29118,106
synth_29101,106
synth_29144,106
synth_29073,106
synth_29198,106
synth_29131,106
synth_29179,106
synth_29103,106
synth_29199,106
synth_28969,106
synth_28976,106
synth_29217,106
synth_28947,106
synth_28980,106
synth_29091,106
synth_29146,106
synth_29051,106
synth_29093,106
synth_29133,106
synth_29115,106
synth_29158,106
synth_29165,106
synth_29116,106
synth_29021,106
synth_29064,106
synth_29072,106
synth_29037,106
synth_29162,106
synth_29066,106
synth_28982,106
synth_29152,106
synth_28945,106
synth_29053,106
synth_29128,106
synth_29135,106
synth_29000,106
synth_28957,106
synth_28997,106
synth_29104,106
synth_29150,106
synth_29169,106
synth_29059,106
synth_28956,106
synth_29003,106
synth_29048,106
synth_29096,106
synth_29112,106
synth_29142,106
synth_29084,106
synth_29089,106
synth_29160,106
synth_29201,106
synth_28963,106
synth_29006,106
synth_29013,106
synth_29138,106
synth_28996,106
synth_29029,106
synth_29023,106
synth_29184,106
synth_29205,106
synth_29175,106
synth_29083,106
synth_29092,106
synth_29140,106
synth_29075,106
synth_29153,106
synth_28962,106
synth_29149,106
synth_29194,106
synth_29020,106
synth_29087,106
synth_29060,106
synth_29176,106
synth_28977,106
synth_28979,106
synth_29203,106
synth_29018,106
synth_28965,106
synth_29159,106
synth_28949,106
synth_28981,106
synth_28987,106
synth_29187,106
synth_29019,106
synth_29065,106
synth_29212,106
synth_28985,106
synth_29156,106
synth_28946,106
synth_29036,106
synth_29120,106
synth_29126,106
synth_29170,106
synth_29195,106
synth_28988,106
synth_28948,106
synth_29130,106
synth_29008,106
synth_28959,106
synth_28984,106
synth_29129,106
synth_29005,106
synth_29206,106
synth_29052,106
synth_29085,106
synth_29047,106
synth_29211,106
synth_29032,106
synth_29108,106
synth_28998,106
synth_29204,106
synth_29009,106
synth_29168,106
synth_29014,106
synth_29154,106
synth_29181,106
synth_29081,106
synth_28975,106
synth_29039,106
synth_28995,106
synth_29002,106
synth_29186,106
synth_28958,106
synth_29017,106
synth_29044,106
synth_29196,106
synth_29035,106
synth_29082,106
synth_29183,106
synth_29177,106
synth_29119,106
synth_29124,106
synth_29197,106
synth_28961,106
synth_28970,106
synth_29026,106
synth_29049,106
synth_29076,106
synth_29161,106
synth_29043,106
synth_29143,106
synth_29071,106
synth_29216,106
synth_28966,106
synth_28964,106
synth_29016,106
synth_29063,106
synth_29219,106
synth_28954,106
synth_29132,106
synth_28972,106
synth_29062,106
synth_29182,106
synth_28990,106
synth_29067,106
synth_29086,106
synth_29157,106
synth_29030,106
synth_29069,106
synth_29056,106
synth_29027,106
synth_29041,106
synth_29117,106
synth_28951,106
synth_29190,106
synth_28999,106
synth_29034,106
synth_29038,106
synth_29188,106
synth_29214,106
synth_28950,106
synth_29055,106
synth_29136,106
synth_29015,106
synth_29167,106
synth_29045,106
synth_29163,106
synth_29042,106
synth_29145,106
synth_29028,106
synth_29134,106
synth_28992,106
synth_29098,106
synth_29031,106
synth_29148,106
synth_29189,106
synth_29213,106
synth_29022,106
synth_29095,106
synth_29151,106
synth_29164,106
synth_29166,106
synth_29080,106
synth_28983,106
synth_29113,106
synth_29054,106
synth_29111,106
synth_29191,106
synth_28960,106
synth_28991,106
synth_29058,106
synth_29110,106
synth_29011,106
synth_29256,105
synth_29444,105
synth_29465,105
synth_29416,105
synth_29243,105
synth_29232,105
synth_29392,105
synth_29241,105
synth_29251,105
synth_29357,105
synth_29411,105
synth_29222,105
synth_29231,105
synth_29233,105
synth_29342,105
synth_29467,105
synth_29324,105
synth_29309,105
synth_29364,105
synth_29478,105
synth_29236,105
synth_29495,105
synth_29286,105
synth_29283,105
synth_29335,105
synth_29337,105
synth_29430,105
synth_29349,105
synth_29378,105
synth_29295,105
synth_29399,105
synth_29425,105
synth_29489,105
synth_29263,105
synth_29401,105
synth_29385,105
synth_29367,105
synth_29421,105
synth_29290,105
synth_29315,105
synth_29344,105
synth_29469,105
synth_29379,105
synth_29415,105
synth_29375,105
synth_29274,105
synth_29302,105
synth_29351,105
synth_29270,105
synth_29484,105
synth_29284,105
synth_29427,105
synth_29431,105
synth_29331,105
synth_29230,105
synth_29255,105
synth_29353,105
synth_29400,105
synth_29381,105
synth_29406,105
synth_29438,105
synth_29464,105
synth_29276,105
synth_29332,105
synth_29494,105
synth_29486,105
synth_29242,105
synth_29443,105
synth_29492,105
synth_29272,105
synth_29333,105
synth_29395,105
synth_29426,105
synth_29485,105
synth_29268,105
synth_29307,105
synth_29473,105
synth_29435,105
synth_29282,105
synth_29418,105
synth_29299,105
synth_29477,105
synth_29482,105
synth_29229,105
synth_29235,105
synth_29312,105
synth_29336,105
synth_29388,105
synth_29260,105
synth_29377,105
synth_29463,105
synth_29429,105
synth_29361,105
synth_29386,105
synth_29303,105
synth_29285,105
synth_29423,105
synth_29372,105
synth_29374,105
synth_29239,105
synth_29287,105
synth_29301,105
synth_29318,105
synth_29393,105
synth_29414,105
synth_29223,105
synth_29362,105
synth_29228,105
synth_29246,105
synth_29253,105
synth_29456,105
synth_29368,105
synth_29391,105
synth_29365,105
synth_29278,105
synth_29479,105
synth_29347,105
synth_29316,105
synth_29340,105
synth_29261,105
synth_29319,105
synth_29498,105
synth_29329,105
synth_29404,105
synth_29252,105
synth_29358,105
synth_29257,105
synth_29460,105
synth_29433,105
synth_29271,105
synth_29376,105
synth_29398,105
synth_29412,105
synth_29420,105
synth_29262,105
synth_29354,105
synth_29240,105
synth_29244,105
synth_29440,105
synth_29313,105
synth_29317,105
synth_29348,105
synth_29383,105
synth_29496,105
synth_29359,105
synth_29476,105
synth_29447,105
synth_29441,105
synth_29305,105
synth_29437,105
synth_29304,105
synth_29279,105
synth_29296,105
synth_29330,105
synth_29452,105
synth_29454,105
synth_29293,105
synth_29422,105
synth_29475,105
synth_29238,105
synth_29468,105
synth_29409,105
synth_29472,105
synth_29308,105
synth_29327,105
synth_29457,105
synth_29363,105
synth_29356,105
synth_29320,105
synth_29389,105
synth_29449,105
synth_29288,105
synth_29387,105
synth_29397,105
synth_29247,105
synth_29346,105
synth_29371,105
synth_29408,105
synth_29442,105
synth_29300,105
synth_29451,105
synth_29254,105
synth_29226,105
synth_29436,105
synth_29405,105
synth_29453,105
synth_29458,105
synth_29487,105
synth_29370,105
synth_29298,105
synth_29497,105
synth_29280,105
synth_29289,105
synth_29248,105
synth_29322,105
synth_29267,105
synth_29369,105
synth_29491,105
synth_29410,105
synth_29445,105
synth_29470,105
synth_29461,105
synth_29483,105
synth_29334,105
synth_29339,105
synth_29407,105
synth_29471,105
synth_29490,105
synth_29220,105
synth_29311,105
synth_29396,105
synth_29328,105
synth_29382,105
synth_29428,105
synth_29321,105
synth_29402,105
synth_29360,105
synth_29273,105
synth_29459,105
synth_29269,105
synth_29343,105
synth_29432,105
synth_29474,105
synth_29417,105
synth_29264,105
synth_29424,105
synth_29281,105
synth_29466,105
synth_29488,105
synth_29390,105
synth_29403,105
synth_29413,105
synth_29227,105
synth_29259,105
synth_29352,105
synth_29221,105
synth_29480,105
synth_29341,105
synth_29249,105
synth_29373,105
synth_29314,105
synth_29297,105
synth_29310,105
synth_29366,105
synth_29448,105
synth_29326,105
synth_29224,105
synth_29462,105
synth_29345,105
synth_29237,105
synth_29277,105
synth_29338,105
synth_29323,105
synth_29455,105
synth_29493,105
synth_29450,105
synth_29355,105
synth_29275,105
synth_29325,105
synth_29439,105
synth_29292,105
synth_29384,105
synth_29350,105
synth_29245,105
synth_29234,105
synth_29250,105
synth_29380,105
synth_29225,105
synth_29266,105
synth_29291,105
synth_29258,105
synth_29306,105
synth_29394,105
synth_29419,105
synth_29265,105
synth_29446,105
synth_29481,105
synth_29294,105
synth_29434,105
synth_29531,104
synth_29586,104
synth_29617,104
synth_29676,104
synth_29737,104
synth_29592,104
synth_29668,104
synth_29528,104
synth_29609,104
synth_29745,104
synth_29626,104
synth_29655,104
synth_29685,104
synth_29743,104
synth_29523,104
synth_29596,104
synth_29636,104
synth_29727,104
synth_29703,104
synth_29713,104
synth_29571,104
synth_29597,104
synth_29671,104
synth_29514,104
synth_29742,104
synth_29618,104
synth_29642,104
synth_29679,104
synth_29714,104
synth_29550,104
synth_29770,104
synth_29704,104
synth_29738,104
synth_29603,104
synth_29622,104
synth_29677,104
synth_29505,104
synth_29610,104
synth_29709,104
synth_29674,104
synth_29695,104
synth_29765,104
synth_29749,104
synth_29759,104
synth_29578,104
synth_29565,104
synth_29773,104
synth_29694,104
synth_29706,104
synth_29613,104
synth_29711,104
synth_29748,104
synth_29557,104
synth_29721,104
synth_29591,104
synth_29629,104
synth_29696,104
synth_29611,104
synth_29758,104
synth_29590,104
synth_29659,104
synth_29533,104
synth_29718,104
synth_29722,104
synth_29778,104
synth_29650,104
synth_29708,104
synth_29662,104
synth_29690,104
synth_29672,104
synth_29741,104
synth_29598,104
synth_29511,104
synth_29681,104
synth_29585,104
synth_29501,104
synth_29740,104
synth_29527,104
synth_29602,104
synth_29752,104
synth_29782,104
synth_29725,104
synth_29500,104
synth_29675,104
synth_29683,104
synth_29631,104
synth_29661,104
synth_29719,104
synth_29615,104
synth_29608,104
synth_29644,104
synth_29652,104
synth_29555,104
synth_29503,104
synth_29574,104
synth_29627,104
synth_29657,104
synth_29760,104
synth_29735,104
synth_29620,104
synth_29559,104
synth_29567,104
synth_29548,104
synth_29549,104
synth_29515,104
synth_29686,104
synth_29689,104
synth_29539,104
synth_29540,104
synth_29780,104
synth_29645,104
synth_29678,104
synth_29507,104
synth_29513,104
synth_29556,104
synth_29777,104
synth_29779,104
synth_29582,104
synth_29666,104
synth_29687,104
synth_29728,104
synth_29568,104
synth_29639,104
synth_29647,104
synth_29564,104
synth_29518,104
synth_29542,104
synth_29684,104
synth_29530,104
synth_29525,104
synth_29673,104
synth_29688,104
synth_29600,104
synth_29614,104
synth_29720,104
synth_29729,104
synth_29769,104
synth_29512,104
synth_29753,104
synth_29593,104
synth_29510,104
synth_29509,104
synth_29624,104
synth_29651,104
synth_29648,104
synth_29637,104
synth_29702,104
synth_29783,104
synth_29599,104
synth_29698,104
synth_29736,104
synth_29762,104
synth_29764,104
synth_29699,104
synth_29526,104
synth_29663,104
synth_29524,104
synth_29646,104
synth_29649,104
synth_29589,104
synth_29607,104
synth_29766,104
synth_29701,104
synth_29584,104
synth_29535,104
synth_29570,104
synth_29669,104
synth_29693,104
synth_29588,104
synth_29665,104
synth_29587,104
synth_29634,104
synth_29730,104
synth_29606,104
synth_29554,104
synth_29536,104
synth_29640,104
synth_29744,104
synth_29653,104
synth_29519,104
synth_29643,104
synth_29569,104
synth_29619,104
synth_29562,104
synth_29697,104
synth_29546,104
synth_29561,104
synth_29754,104
synth_29664,104
synth_29772,104
synth_29734,104
synth_29532,104
synth_29545,104
synth_29632,104
synth_29529,104
synth_29670,104
synth_29707,104
synth_29552,104
synth_29705,104
synth_29502,104
synth_29763,104
synth_29774,104
synth_29667,104
synth_29625,104
synth_29710,104
synth_29692,104
synth_29756,104
synth_29616,104
synth_29641,104
synth_29724,104
synth_29716,104
synth_29573,104
synth_29553,104
synth_29572,104
synth_29715,104
synth_29506,104
synth_29739,104
synth_29504,104
synth_29638,104
synth_29612,104
synth_29761,104
synth_29755,104
synth_29732,104
synth_29691,104
synth_29604,104
synth_29575,104
synth_29595,104
synth_29633,104
synth_29517,104
synth_29658,104
synth_29551,104
synth_29558,104
synth_29635,104
synth_29563,104
synth_29746,104
synth_29747,104
synth_29775,104
synth_29621,104
synth_29576,104
synth_29560,104
synth_29577,104
synth_29660,104
synth_29544,104
synth_29757,104
synth_29543,104
synth_29522,104
synth_29700,104
synth_29521,104
synth_29580,104
synth_29723,104
synth_29508,104
synth_29771,104
synth_29581,104
synth_29682,104
synth_29566,104
synth_29781,104
synth_29534,104
synth_29537,104
synth_29541,104
synth_29499,104
synth_29654,104
synth_29538,104
synth_29630,104
synth_29750,104
synth_29547,104
synth_29594,104
synth_29767,104
synth_29516,104
synth_29751,104
synth_29768,104
synth_29579,104
synth_29605,104
synth_29583,104
synth_29623,104
synth_29656,104
synth_29680,104
synth_29712,104
synth_29776,104
synth_29601,104
synth_29717,104
synth_29726,104
synth_29731,104
synth_29733,104
synth_29520,104
synth_29628,104
synth_30037,103
synth_29829,103
synth_29834,103
synth_29896,103
synth_29940,103
synth_29959,103
synth_29960,103
synth_30017,103
synth_29825,103
synth_30067,103
synth_29822,103
synth_29957,103
synth_29826,103
synth_29844,103
synth_30070,103
synth_29881,103
synth_30011,103
synth_30061,103
synth_29792,103
synth_29868,103
synth_29964,103
synth_29796,103
synth_29992,103
synth_29797,103
synth_29966,103
synth_29883,103
synth_30001,103
synth_29850,103
synth_29979,103
synth_30059,103
synth_29929,103
synth_29843,103
synth_29875,103
synth_29919,103
synth_29976,103
synth_29928,103
synth_29933,103
synth_29972,103
synth_29993,103
synth_29885,103
synth_29821,103
synth_30074,103
synth_30024,103
synth_29915,103
synth_29871,103
synth_29870,103
synth_29967,103
synth_29982,103
synth_29910,103
synth_29924,103
synth_29974,103
synth_29889,103
synth_29793,103
synth_29898,103
synth_30028,103
synth_29788,103
synth_29806,103
synth_29913,103
synth_30051,103
synth_29852,103
synth_29917,103
synth_29950,103
synth_29884,103
synth_29813,103
synth_29892,103
synth_29918,103
synth_29973,103
synth_30058,103
synth_29942,103
synth_29997,103
synth_29886,103
synth_29941,103
synth_30021,103
synth_29846,103
synth_29905,103
synth_30005,103
synth_29895,103
synth_30035,103
synth_29987,103
synth_30022,103
synth_29815,103
synth_29832,103
synth_29990,103
synth_30072,103
synth_29840,103
synth_29861,103
synth_29931,103
synth_29975,103
synth_30006,103
synth_30014,103
synth_29934,103
synth_30023,103
synth_29814,103
synth_30048,103
synth_30064,103
synth_30068,103
synth_30046,103
synth_29835,103
synth_29946,103
synth_30065,103
synth_29984,103
synth_29989,103
synth_29904,103
synth_29831,103
synth_29836,103
synth_30069,103
synth_30020,103
synth_30039,103
synth_29794,103
synth_29944,103
synth_30063,103
synth_30031,103
synth_29824,103
synth_29848,103
synth_30066,103
synth_29981,103
synth_29841,103
synth_29847,103
synth_29894,103
synth_29998,103
synth_29906,103
synth_30033,103
synth_30045,103
synth_29810,103
synth_29827,103
synth_30056,103
synth_29787,103
synth_29927,103
synth_30034,103
synth_29790,103
synth_30040,103
synth_30041,103
synth_29879,103
synth_29882,103
synth_29803,103
synth_29938,103
synth_29971,103
synth_30004,103
synth_30071,103
synth_29860,103
synth_29804,103
synth_29994,103
synth_29858,103
synth_29867,103
synth_29808,103
synth_29985,103
synth_29926,103
synth_30015,103
synth_29816,103
synth_29951,103
synth_29903,103
synth_29854,103
synth_29891,103
synth_29893,103
synth_29857,103
synth_29874,103
synth_29838,103
synth_29923,103
synth_29952,103
synth_29812,103
synth_29866,103
synth_29888,103
synth_29932,103
synth_29961,103
synth_29784,103
synth_29939,103
synth_29801,103
synth_30073,103
synth_29980,103
synth_29955,103
synth_29995,103
synth_30013,103
synth_29962,103
synth_30019,103
synth_29958,103
synth_29791,103
synth_29930,103
synth_29949,103
synth_29864,103
synth_29851,103
synth_29947,103
synth_29823,103
synth_29907,103
synth_30036,103
synth_29837,103
synth_29887,103
synth_29969,103
synth_29865,103
synth_29900,103
synth_29802,103
synth_29817,103
synth_29922,103
synth_29799,103
synth_30026,103
synth_29798,103
synth_29830,103
synth_29912,103
synth_30060,103
synth_29853,103
synth_30008,103
synth_29839,103
synth_29909,103
synth_29977,103
synth_29999,103
synth_29953,103
synth_30012,103
synth_30044,103
synth_30057,103
synth_29795,103
synth_29818,103
synth_29978,103
synth_30050,103
synth_29807,103
synth_30052,103
synth_30055,103
synth_29869,103
synth_29916,103
synth_29965,103
synth_30009,103
synth_30010,103
synth_29914,103
synth_29925,103
synth_29986,103
synth_29805,103
synth_29988,103
synth_30054,103
synth_29862,103
synth_29945,103
synth_29996,103
synth_29855,103
synth_29983,103
synth_29785,103
synth_29943,103
synth_29856,103
synth_29897,103
synth_29859,103
synth_29956,103
synth_30007,103
synth_29800,103
synth_30038,103
synth_29828,103
synth_29863,103
synth_29963,103
synth_29890,103
synth_29954,103
synth_30047,103
synth_29901,103
synth_29873,103
synth_29937,103
synth_30002,103
synth_29833,103
synth_29878,103
synth_29948,103
synth_29849,103
synth_30030,103
synth_30032,103
synth_29819,103
synth_30027,103
synth_29809,103
synth_30000,103
synth_29936,103
synth_30003,103
synth_30053,103
synth_29845,103
synth_29876,103
synth_29935,103
synth_29786,103
synth_30016,103
synth_29908,103
synth_29811,103
synth_29968,103
synth_29789,103
synth_30062,103
synth_29902,103
synth_29920,103
synth_29911,103
synth_30042,103
synth_29842,103
synth_29880,103
synth_30043,103
synth_29877,103
synth_30049,103
synth_30025,103
synth_29820,103
synth_29872,103
synth_29899,103
synth_30018,103
synth_29921,103
synth_29970,103
synth_29991,103
synth_30029,103
synth_30337,102
synth_30136,102
synth_30148,102
synth_30175,102
synth_30327,102
synth_30121,102
synth_30283,102
synth_30363,102
synth_30264,102
synth_30333,102
synth_30254,102
synth_30276,102
synth_30102,102
synth_30310,102
synth_30211,102
synth_30115,102
synth_30331,102
synth_30351,102
synth_30224,102
synth_30233,102
synth_30238,102
synth_30248,102
synth_30212,102
synth_30281,102
synth_30237,102
synth_30106,102
synth_30122,102
synth_30193,102
synth_30215,102
synth_30316,102
synth_30332,102
synth_30256,102
synth_30196,102
synth_30186,102
synth_30094,102
synth_30367,102
synth_30119,102
synth_30246,102
synth_30087,102
synth_30360,102
synth_30154,102
synth_30163,102
synth_30091,102
synth_30204,102
synth_30266,102
synth_30153,102
synth_30133,102
synth_30192,102
synth_30290,102
synth_30349,102
synth_30123,102
synth_30313,102
synth_30131,102
synth_30255,102
synth_30273,102
synth_30144,102
synth_30239,102
synth_30114,102
synth_30350,102
synth_30229,102
synth_30089,102
synth_30183,102
synth_30297,102
synth_30250,102
synth_30321,102
synth_30329,102
synth_30253,102
synth_30213,102
synth_30260,102
synth_30181,102
synth_30151,102
synth_30364,102
synth_30361,102
synth_30178,102
synth_30353,102
synth_30325,102
synth_30164,102
synth_30356,102
synth_30269,102
synth_30366,102
synth_30345,102
synth_30143,102
synth_30086,102
synth_30230,102
synth_30146,102
synth_30341,102
synth_30324,102
synth_30348,102
synth_30301,102
synth_30312,102
synth_30118,102
synth_30095,102
synth_30142,102
synth_30084,102
synth_30288,102
synth_30180,102
synth_30220,102
synth_30293,102
synth_30318,102
synth_30326,102
synth_30158,102
synth_30161,102
synth_30125,102
synth_30320,102
synth_30343,102
synth_30206,102
synth_30278,102
synth_30285,102
synth_30275,102
synth_30330,102
synth_30358,102
synth_30187,102
synth_30200,102
synth_30314,102
synth_30302,102
synth_30263,102
synth_30156,102
synth_30162,102
synth_30284,102
synth_30218,102
synth_30076,102
synth_30221,102
synth_30117,102
synth_30259,102
synth_30124,102
synth_30225,102
synth_30247,102
synth_30195,102
synth_30101,102
synth_30077,102
synth_30208,102
synth_30279,102
synth_30228,102
synth_30075,102
synth_30189,102
synth_30280,102
synth_30113,102
synth_30261,102
synth_30277,102
synth_30165,102
synth_30138,102
synth_30081,102
synth_30209,102
synth_30128,102
synth_30309,102
synth_30083,102
synth_30354,102
synth_30116,102
synth_30315,102
synth_30105,102
synth_30368,102
synth_30139,102
synth_30362,102
synth_30111,102
synth_30236,102
synth_30244,102
synth_30258,102
synth_30092,102
synth_30099,102
synth_30107,102
synth_30171,102
synth_30295,102
synth_30339,102
synth_30103,102
synth_30304,102
synth_30147,102
synth_30299,102
synth_30088,102
synth_30271,102
synth_30307,102
synth_30080,102
synth_30217,102
synth_30303,102
synth_30286,102
synth_30177,102
synth_30296,102
synth_30185,102
synth_30231,102
synth_30234,102
synth_30340,102
synth_30182,102
synth_30226,102
synth_30355,102
synth_30265,102
synth_30235,102
synth_30216,102
synth_30282,102
synth_30232,102
synth_30126,102
synth_30078,102
synth_30190,102
synth_30085,102
synth_30311,102
synth_30110,102
synth_30145,102
synth_30267,102
synth_30194,102
synth_30346,102
synth_30159,102
synth_30104,102
synth_30130,102
synth_30140,102
synth_30090,102
synth_30149,102
synth_30240,102
synth_30222,102
synth_30191,102
synth_30197,102
synth_30173,102
synth_30214,102
synth_30274,102
synth_30323,102
synth_30249,102
synth_30120,102
synth_30129,102
synth_30155,102
synth_30082,102
synth_30188,102
synth_30308,102
synth_30184,102
synth_30243,102
synth_30079,102
synth_30359,102
synth_30167,102
synth_30252,102
synth_30357,102
synth_30262,102
synth_30207,102
synth_30289,102
synth_30352,102
synth_30137,102
synth_30160,102
synth_30108,102
synth_30203,102
synth_30170,102
synth_30370,102
synth_30093,102
synth_30169,102
synth_30291,102
synth_30100,102
synth_30344,102
synth_30127,102
synth_30210,102
synth_30172,102
synth_30319,102
synth_30135,102
synth_30242,102
synth_30347,102
synth_30202,102
synth_30199,102
synth_30201,102
synth_30141,102
synth_30223,102
synth_30257,102
synth_30268,102
synth_30294,102
synth_30098,102
synth_30097,102
synth_30166,102
synth_30179,102
synth_30270,102
synth_30150,102
synth_30168,102
synth_30219,102
synth_30322,102
synth_30132,102
synth_30335,102
synth_30342,102
synth_30227,102
synth_30241,102
synth_30272,102
synth_30298,102
synth_30251,102
synth_30176,102
synth_30300,102
synth_30152,102
synth_30317,102
synth_30328,102
synth_30338,102
synth_30096,102
synth_30112,102
synth_30157,102
synth_30287,102
synth_30306,102
synth_30109,102
synth_30174,102
synth_30205,102
synth_30292,102
synth_30365,102
synth_30134,102
synth_30336,102
synth_30198,102
synth_30245,102
synth_30369,102
synth_30305,102
synth_30334,102
synth_30659,101
synth_30551,101
synth_30642,101
synth_30470,101
synth_30475,101
synth_30612,101
synth_30649,101
synth_30505,101
synth_30461,101
synth_30479,101
synth_30578,101
synth_30592,101
synth_30633,101
synth_30608,101
synth_30543,101
synth_30493,101
synth_30518,101
synth_30394,101
synth_30564,101
synth_30653,101
synth_30561,101
synth_30650,101
synth_30467,101
synth_30574,101
synth_30435,101
synth_30512,101
synth_30553,101
synth_30463,101
synth_30652,101
synth_30656,101
synth_30515,101
synth_30556,101
synth_30571,101
synth_30431,101
synth_30666,101
synth_30620,101
synth_30501,101
synth_30545,101
synth_30492,101
synth_30654,101
synth_30636,101
synth_30548,101
synth_30503,101
synth_30599,101
synth_30371,101
synth_30540,101
synth_30628,101
synth_30439,101
synth_30468,101
synth_30502,101
synth_30481,101
synth_30598,101
synth_30405,101
synth_30443,101
synth_30664,101
synth_30525,101
synth_30630,101
synth_30549,101
synth_30670,101
synth_30573,101
synth_30651,101
synth_30522,101
synth_30629,101
synth_30499,101
synth_30412,101
synth_30613,101
synth_30403,101
synth_30418,101
synth_30517,101
synth_30388,101
synth_30557,101
synth_30415,101
synth_30634,101
synth_30372,101
synth_30447,101
synth_30440,101
synth_30533,101
synth_30497,101
synth_30532,101
synth_30483,101
synth_30586,101
synth_30513,101
synth_30539,101
synth_30603,101
synth_30638,101
synth_30643,101
synth_30389,101
synth_30374,101
synth_30605,101
synth_30487,101
synth_30641,101
synth_30482,101
synth_30509,101
synth_30426,101
synth_30572,101
synth_30451,101
synth_30624,101
synth_30585,101
synth_30469,101
synth_30601,101
synth_30524,101
synth_30669,101
synth_30552,101
synth_30379,101
synth_30473,101
synth_30390,101
synth_30466,101
synth_30491,101
synth_30621,101
synth_30640,101
synth_30434,101
synth_30614,101
synth_30622,101
synth_30663,101
synth_30569,101
synth_30462,101
synth_30510,101
synth_30496,101
synth_30623,101
synth_30409,101
synth_30544,101
synth_30413,101
synth_30511,101
synth_30581,101
synth_30655,101
synth_30373,101
synth_30404,101
synth_30437,101
synth_30465,101
synth_30550,101
synth_30384,101
synth_30428,101
synth_30436,101
synth_30448,101
synth_30420,101
synth_30542,101
synth_30472,101
synth_30558,101
synth_30401,101
synth_30546,101
synth_30453,101
synth_30478,101
synth_30589,101
synth_30433,101
synth_30408,101
synth_30422,101
synth_30521,101
synth_30609,101
synth_30611,101
synth_30560,101
synth_30442,101
synth_30627,101
synth_30594,101
synth_30494,101
synth_30648,101
synth_30381,101
synth_30490,101
synth_30602,101
synth_30575,101
synth_30536,101
synth_30471,101
synth_30400,101
synth_30480,101
synth_30430,101
synth_30529,101
synth_30416,101
synth_30495,101
synth_30498,101
synth_30568,101
synth_30665,101
synth_30554,101
synth_30449,101
synth_30460,101
synth_30500,101
synth_30528,101
synth_30657,101
synth_30375,101
synth_30425,101
synth_30477,101
synth_30537,101
synth_30610,101
synth_30579,101
synth_30488,101
synth_30432,101
synth_30625,101
synth_30590,101
synth_30595,101
synth_30520,101
synth_30395,101
synth_30639,101
synth_30411,101
synth_30606,101
synth_30600,101
synth_30591,101
synth_30617,101
synth_30393,101
synth_30444,101
synth_30588,101
synth_30535,101
synth_30429,101
synth_30566,101
synth_30580,101
synth_30457,101
synth_30547,101
synth_30387,101
synth_30398,101
synth_30399,101
synth_30519,101
synth_30618,101
synth_30587,101
synth_30458,101
synth_30527,101
synth_30672,101
synth_30386,101
synth_30559,101
synth_30456,101
synth_30396,101
synth_30644,101
synth_30661,101
synth_30631,101
synth_30406,101
synth_30534,101
synth_30485,101
synth_30584,101
synth_30376,101
synth_30446,101
synth_30455,101
synth_30647,101
synth_30531,101
synth_30397,101
synth_30538,101
synth_30646,101
synth_30504,101
synth_30582,101
synth_30424,101
synth_30464,101
synth_30380,101
synth_30565,101
synth_30593,101
synth_30530,101
synth_30392,101
synth_30445,101
synth_30555,101
synth_30526,101
synth_30637,101
synth_30506,101
synth_30645,101
synth_30583,101
synth_30567,101
synth_30410,101
synth_30474,101
synth_30563,101
synth_30484,101
synth_30441,101
synth_30454,101
synth_30402,101
synth_30619,101
synth_30438,101
synth_30660,101
synth_30427,101
synth_30577,101
synth_30604,101
synth_30541,101
synth_30570,101
synth_30615,101
synth_30417,101
synth_30662,101
synth_30507,101
synth_30385,101
synth_30378,101
synth_30476,101
synth_30383,101
synth_30423,101
synth_30562,101
synth_30658,101
synth_30516,101
synth_30597,101
synth_30616,101
synth_30668,101
synth_30407,101
synth_30489,101
synth_30421,101
synth_30419,101
synth_30607,101
synth_30626,101
synth_30450,101
synth_30596,101
synth_30452,101
synth_30382,101
synth_30523,101
synth_30671,101
synth_30576,101
synth_30377,101
synth_30459,101
synth_30635,101
synth_30414,101
synth_30632,101
synth_30667,101
synth_30391,101
synth_30508,101
synth_30514,101
synth_30486,101
synth_30869,100
synth_30903,100
synth_30943,100
synth_30932,100
synth_30926,100
synth_30832,100
synth_30945,100
synth_30942,100
synth_30972,100
synth_30706,100
synth_30728,100
synth_30895,100
synth_30898,100
synth_30902,100
synth_30937,100
synth_30687,100
synth_30799,100
synth_30805,100
synth_30974,100
synth_30755,100
synth_30811,100
synth_30733,100
synth_30935,100
synth_30847,100
synth_30871,100
synth_30816,100
synth_30803,100
synth_30960,100
synth_30827,100
synth_30765,100
synth_30819,100
synth_30918,100
synth_30769,100
synth_30846,100
synth_30893,100
synth_30780,100
synth_30872,100
synth_30947,100
synth_30966,100
synth_30763,100
synth_30792,100
synth_30967,100
synth_30981,100
synth_30795,100
synth_30800,100
synth_30829,100
synth_30717,100
synth_30923,100
synth_30977,100
synth_30694,100
synth_30916,100
synth_30970,100
synth_30955,100
synth_30753,100
synth_30808,100
synth_30946,100
synth_30857,100
synth_30736,100
synth_30954,100
synth_30739,100
synth_30689,100
synth_30726,100
synth_30859,100
synth_30860,100
synth_30848,100
synth_30787,100
synth_30850,100
synth_30915,100
synth_30961,100
synth_30684,100
synth_30740,100
synth_30764,100
synth_30971,100
synth_30788,100
synth_30809,100
synth_30817,100
synth_30933,100
synth_30854,100
synth_30976,100
synth_30855,100
synth_30696,100
synth_30737,100
synth_30899,100
synth_30965,100
synth_30708,100
synth_30796,100
synth_30678,100
synth_30757,100
synth_30776,100
synth_30786,100
synth_30979,100
synth_30727,100
synth_30863,100
synth_30673,100
synth_30749,100
synth_30929,100
synth_30676,100
synth_30797,100
synth_30882,100
synth_30683,100
synth_30911,100
synth_30912,100
synth_30849,100
synth_30881,100
synth_30891,100
synth_30704,100
synth_30713,100
synth_30734,100
synth_30747,100
synth_30839,100
synth_30853,100
synth_30921,100
synth_30750,100
synth_30824,100
synth_30777,100
synth_30953,100
synth_30798,100
synth_30833,100
synth_30980,100
synth_30843,100
synth_30959,100
synth_30867,100
synth_30922,100
synth_30746,100
synth_30724,100
synth_30812,100
synth_30692,100
synth_30767,100
synth_30710,100
synth_30721,100
synth_30760,100
synth_30723,100
synth_30908,100
synth_30861,100
synth_30914,100
synth_30731,100
synth_30894,100
synth_30732,100
synth_30813,100
synth_30688,100
synth_30837,100
synth_30685,100
synth_30693,100
synth_30775,100
synth_30865,100
synth_30711,100
synth_30691,100
synth_30949,100
synth_30686,100
synth_30875,100
synth_30880,100
synth_30963,100
synth_30784,100
synth_30969,100
synth_30677,100
synth_30840,100
synth_30735,100
synth_30864,100
synth_30957,100
synth_30697,100
synth_30715,100
synth_30866,100
synth_30868,100
synth_30841,100
synth_30718,100
synth_30679,100
synth_30772,100
synth_30873,100
synth_30793,100
synth_30920,100
synth_30940,100
synth_30828,100
synth_30838,100
synth_30885,100
synth_30748,100
synth_30702,100
synth_30845,100
synth_30876,100
synth_30892,100
synth_30948,100
synth_30806,100
synth_30874,100
synth_30714,100
synth_30781,100
synth_30807,100
synth_30896,100
synth_30907,100
synth_30910,100
synth_30978,100
synth_30712,100
synth_30768,100
synth_30852,100
synth_30822,100
synth_30700,100
synth_30877,100
synth_30931,100
synth_30720,100
synth_30820,100
synth_30719,100
synth_30744,100
synth_30758,100
synth_30939,100
synth_30698,100
synth_30890,100
synth_30759,100
synth_30782,100
synth_30968,100
synth_30779,100
synth_30851,100
synth_30930,100
synth_30975,100
synth_30675,100
synth_30725,100
synth_30936,100
synth_30917,100
synth_30925,100
synth_30801,100
synth_30830,100
synth_30879,100
synth_30836,100
synth_30791,100
synth_30938,100
synth_30681,100
synth_30909,100
synth_30707,100
synth_30825,100
synth_30730,100
synth_30842,100
synth_30682,100
synth_30901,100
synth_30964,100
synth_30952,100
synth_30741,100
synth_30858,100
synth_30889,100
synth_30897,100
synth_30802,100
synth_30835,100
synth_30886,100
synth_30905,100
synth_30951,100
synth_30862,100
synth_30962,100
synth_30752,100
synth_30716,100
synth_30709,100
synth_30743,100
synth_30754,100
synth_30826,100
synth_30831,100
synth_30778,100
synth_30701,100
synth_30690,100
synth_30815,100
synth_30927,100
synth_30941,100
synth_30756,100
synth_30771,100
synth_30956,100
synth_30944,100
synth_30814,100
synth_30774,100
synth_30789,100
synth_30722,100
synth_30745,100
synth_30888,100
synth_30934,100
synth_30738,100
synth_30794,100
synth_30773,100
synth_30729,100
synth_30906,100
synth_30950,100
synth_30973,100
synth_30695,100
synth_30887,100
synth_30904,100
synth_30761,100
synth_30878,100
synth_30870,100
synth_30699,100
synth_30834,100
synth_30928,100
synth_30958,100
synth_30751,100
synth_30785,100
synth_30856,100
synth_30742,100
synth_30884,100
synth_30818,100
synth_30790,100
synth_30900,100
synth_30762,100
synth_30766,100
synth_30770,100
synth_30913,100
synth_30823,100
synth_30924,100
synth_30705,100
synth_30883,100
synth_30821,100
synth_30810,100
synth_30680,100
synth_30844,100
synth_30703,100
synth_30919,100
synth_30674,100
synth_30783,100
synth_30804,100
synth_31032,99
synth_31279,99
synth_31207,99
synth_31146,99
synth_31256,99
synth_31145,99
synth_31025,99
synth_31205,99
synth_31288,99
synth_31283,99
synth_31124,99
synth_31004,99
synth_31127,99
synth_31034,99
synth_31057,99
synth_31187,99
synth_31102,99
synth_31176,99
synth_31143,99
synth_31111,99
synth_31199,99
synth_30983,99
synth_31072,99
synth_31255,99
synth_31110,99
synth_31169,99
synth_31275,99
synth_31010,99
synth_31011,99
synth_31191,99
synth_30995,99
synth_31125,99
synth_31259,99
synth_31062,99
synth_31277,99
synth_31058,99
synth_31183,99
synth_31242,99
synth_31006,99
synth_31201,99
synth_31280,99
synth_31236,99
synth_31069,99
synth_31130,99
synth_31170,99
synth_31137,99
synth_31248,99
synth_31080,99
synth_31087,99
synth_31179,99
synth_31002,99
synth_31031,99
synth_31071,99
synth_31075,99
synth_31163,99
synth_31081,99
synth_31264,99
synth_31026,99
synth_31247,99
synth_31254,99
synth_30985,99
synth_31030,99
synth_31061,99
synth_31171,99
synth_31134,99
synth_31085,99
synth_31240,99
synth_31270,99
synth_31252,99
synth_30982,99
synth_30988,99
synth_31215,99
synth_31077,99
synth_31066,99
synth_31108,99
synth_31291,99
synth_31155,99
synth_31090,99
synth_31092,99
synth_31114,99
synth_31132,99
synth_30989,99
synth_31244,99
synth_31105,99
synth_31174,99
synth_31208,99
synth_31262,99
synth_31158,99
synth_31159,99
synth_31009,99
synth_31216,99
synth_31238,99
synth_31097,99
synth_31122,99
synth_31086,99
synth_31150,99
synth_31157,99
synth_31273,99
synth_31083,99
synth_31106,99
synth_31241,99
synth_31232,99
synth_30994,99
synth_31064,99
synth_31177,99
synth_31019,99
synth_31101,99
synth_31198,99
synth_31272,99
synth_31078,99
synth_31115,99
synth_31088,99
synth_31113,99
synth_31218,99
synth_31138,99
synth_31156,99
synth_31014,99
synth_31178,99
synth_31265,99
synth_31074,99
synth_31104,99
synth_31065,99
synth_31228,99
synth_31151,99
synth_31185,99
synth_31286,99
synth_31154,99
synth_31136,99
synth_31084,99
synth_31121,99
synth_31140,99
synth_31227,99
synth_31020,99
synth_31235,99
synth_31023,99
synth_31194,99
synth_31109,99
synth_31022,99
synth_31144,99
synth_31027,99
synth_31253,99
synth_31043,99
synth_31047,99
synth_31103,99
synth_31287,99
synth_31141,99
synth_31195,99
synth_31211,99
synth_31245,99
synth_31142,99
synth_31225,99
synth_31000,99
synth_31224,99
synth_31073,99
synth_31117,99
synth_31189,99
synth_31012,99
synth_31068,99
synth_31293,99
synth_31153,99
synth_31123,99
synth_31188,99
synth_31258,99
synth_31196,99
synth_31214,99
synth_31292,99
synth_31182,99
synth_31076,99
synth_31175,99
synth_31059,99
synth_31091,99
synth_31165,99
synth_31220,99
synth_30990,99
synth_31209,99
synth_31226,99
synth_31051,99
synth_31095,99
synth_31135,99
synth_31257,99
synth_31015,99
synth_31037,99
synth_31162,99
synth_31251,99
synth_31284,99
synth_30992,99
synth_31147,99
synth_31028,99
synth_31107,99
synth_31118,99
synth_31213,99
synth_31039,99
synth_31060,99
synth_31221,99
synth_31167,99
synth_31152,99
synth_31164,99
synth_31200,99
synth_31129,99
synth_31268,99
synth_31035,99
synth_30997,99
synth_31001,99
synth_31133,99
synth_31237,99
synth_31271,99
synth_30984,99
synth_31190,99
synth_30993,99
synth_31149,99
synth_31276,99
synth_30996,99
synth_31094,99
synth_31186,99
synth_31210,99
synth_31282,99
synth_31005,99
synth_31024,99
synth_31219,99
synth_31261,99
synth_31049,99
synth_31119,99
synth_31166,99
synth_31041,99
synth_31050,99
synth_31269,99
synth_31048,99
synth_31246,99
synth_31278,99
synth_30991,99
synth_31100,99
synth_31116,99
synth_31231,99
synth_31274,99
synth_31038,99
synth_31063,99
synth_31112,99
synth_31161,99
synth_31217,99
synth_31099,99
synth_31168,99
synth_31013,99
synth_31089,99
synth_31021,99
synth_31203,99
synth_31290,99
synth_31044,99
synth_31131,99
synth_31249,99
synth_31053,99
synth_31239,99
synth_31067,99
synth_31040,99
synth_31033,99
synth_31192,99
synth_31007,99
synth_31233,99
synth_31046,99
synth_31029,99
synth_31148,99
synth_31054,99
synth_31223,99
synth_31281,99
synth_31017,99
synth_31229,99
synth_31243,99
synth_31008,99
synth_31193,99
synth_31036,99
synth_31045,99
synth_31056,99
synth_31267,99
synth_31294,99
synth_31250,99
synth_31173,99
synth_31234,99
synth_31263,99
synth_31160,99
synth_31126,99
synth_31139,99
synth_31222,99
synth_31230,99
synth_30986,99
synth_31082,99
synth_31055,99
synth_31172,99
synth_31212,99
synth_31260,99
synth_31184,99
synth_31197,99
synth_31202,99
synth_31018,99
synth_31289,99
synth_31003,99
synth_31070,99
synth_31016,99
synth_31052,99
synth_31096,99
synth_31098,99
synth_30998,99
synth_31042,99
synth_31079,99
synth_30987,99
synth_31093,99
synth_31180,99
synth_31204,99
synth_31295,99
synth_31266,99
synth_30999,99
synth_31181,99
synth_31120,99
synth_31285,99
synth_31128,99
synth_31206,99
synth_31331,98
synth_31445,98
synth_31514,98
synth_31333,98
synth_31340,98
synth_31349,98
synth_31538,98
synth_31370,98
synth_31560,98
synth_31482,98
synth_31437,98
synth_31404,98
synth_31327,98
synth_31456,98
synth_31519,98
synth_31571,98
synth_31413,98
synth_31603,98
synth_31332,98
synth_31508,98
synth_31606,98
synth_31403,98
synth_31460,98
synth_31506,98
synth_31462,98
synth_31338,98
synth_31574,98
synth_31586,98
synth_31400,98
synth_31379,98
synth_31436,98
synth_31311,98
synth_31346,98
synth_31511,98
synth_31527,98
synth_31549,98
synth_31383,98
synth_31608,98
synth_31454,98
synth_31394,98
synth_31409,98
synth_31545,98
synth_31587,98
synth_31335,98
synth_31380,98
synth_31497,98
synth_31421,98
synth_31487,98
synth_31555,98
synth_31459,98
synth_31491,98
synth_31455,98
synth_31526,98
synth_31500,98
synth_31559,98
synth_31357,98
synth_31469,98
synth_31509,98
synth_31478,98
synth_31600,98
synth_31328,98
synth_31609,98
synth_31430,98
synth_31467,98
synth_31512,98
synth_31493,98
synth_31314,98
synth_31558,98
synth_31439,98
synth_31330,98
synth_31488,98
synth_31577,98
synth_31476,98
synth_31372,98
synth_31513,98
synth_31308,98
synth_31496,98
synth_31451,98
synth_31423,98
synth_31354,98
synth_31546,98
synth_31553,98
synth_31457,98
synth_31429,98
synth_31532,98
synth_31569,98
synth_31592,98
synth_31507,98
synth_31358,98
synth_31501,98
synth_31579,98
synth_31392,98
synth_31522,98
synth_31607,98
synth_31424,98
synth_31461,98
synth_31504,98
synth_31557,98
synth_31474,98
synth_31306,98
synth_31342,98
synth_31580,98
synth_31452,98
synth_31521,98
synth_31562,98
synth_31351,98
synth_31312,98
synth_31611,98
synth_31516,98
synth_31470,98
synth_31573,98
synth_31365,98
synth_31465,98
synth_31498,98
synth_31515,98
synth_31567,98
synth_31602,98
synth_31615,98
synth_31463,98
synth_31492,98
synth_31386,98
synth_31405,98
synth_31406,98
synth_31360,98
synth_31443,98
synth_31348,98
synth_31582,98
synth_31536,98
synth_31540,98
synth_31296,98
synth_31539,98
synth_31353,98
synth_31601,98
synth_31391,98
synth_31535,98
synth_31518,98
synth_31550,98
synth_31598,98
synth_31425,98
synth_31604,98
synth_31565,98
synth_31616,98
synth_31599,98
synth_31583,98
synth_31418,98
synth_31499,98
synth_31596,98
synth_31584,98
synth_31341,98
synth_31375,98
synth_31575,98
synth_31366,98
synth_31593,98
synth_31325,98
synth_31381,98
synth_31407,98
synth_31581,98
synth_31388,98
synth_31384,98
synth_31594,98
synth_31566,98
synth_31378,98
synth_31302,98
synth_31385,98
synth_31395,98
synth_31363,98
synth_31323,98
synth_31591,98
synth_31431,98
synth_31585,98
synth_31530,98
synth_31393,98
synth_31329,98
synth_31300,98
synth_31588,98
synth_31468,98
synth_31477,98
synth_31525,98
synth_31528,98
synth_31529,98
synth_31303,98
synth_31313,98
synth_31494,98
synth_31373,98
synth_31417,98
synth_31475,98
synth_31495,98
synth_31541,98
synth_31343,98
synth_31440,98
synth_31568,98
synth_31419,98
synth_31449,98
synth_31458,98
synth_31533,98
synth_31450,98
synth_31444,98
synth_31612,98
synth_31401,98
synth_31309,98
synth_31433,98
synth_31473,98
synth_31510,98
synth_31542,98
synth_31578,98
synth_31371,98
synth_31322,98
synth_31544,98
synth_31453,98
synth_31484,98
synth_31524,98
synth_31368,98
synth_31374,98
synth_31448,98
synth_31315,98
synth_31367,98
synth_31432,98
synth_31376,98
synth_31505,98
synth_31361,98
synth_31435,98
synth_31576,98
synth_31479,98
synth_31411,98
synth_31334,98
synth_31428,98
synth_31547,98
synth_31359,98
synth_31442,98
synth_31298,98
synth_31337,98
synth_31563,98
synth_31531,98
synth_31382,98
synth_31319,98
synth_31605,98
synth_31297,98
synth_31414,98
synth_31490,98
synth_31387,98
synth_31480,98
synth_31590,98
synth_31614,98
synth_31307,98
synth_31310,98
synth_31402,98
synth_31517,98
synth_31610,98
synth_31318,98
synth_31321,98
synth_31326,98
synth_31464,98
synth_31362,98
synth_31347,98
synth_31589,98
synth_31389,98
synth_31304,98
synth_31412,98
synth_31410,98
synth_31446,98
synth_31523,98
synth_31336,98
synth_31364,98
synth_31396,98
synth_31397,98
synth_31316,98
synth_31481,98
synth_31399,98
synth_31408,98
synth_31301,98
synth_31502,98
synth_31438,98
synth_31543,98
synth_31597,98
synth_31503,98
synth_31320,98
synth_31427,98
synth_31350,98
synth_31369,98
synth_31485,98
synth_31613,98
synth_31299,98
synth_31422,98
synth_31441,98
synth_31561,98
synth_31572,98
synth_31426,98
synth_31548,98
synth_31595,98
synth_31317,98
synth_31556,98
synth_31398,98
synth_31305,98
synth_31489,98
synth_31537,98
synth_31472,98
synth_31324,98
synth_31377,98
synth_31390,98
synth_31466,98
synth_31551,98
synth_31352,98
synth_31554,98
synth_31355,98
synth_31471,98
synth_31345,98
synth_31570,98
synth_31416,98
synth_31344,98
synth_31415,98
synth_31564,98
synth_31356,98
synth_31483,98
synth_31486,98
synth_31339,98
synth_31552,98
synth_31520,98
synth_31534,98
synth_31434,98
synth_31447,98
synth_31420,98
synth_31904,97
synth_31642,97
synth_31825,97
synth_31768,97
synth_31807,97
synth_31660,97
synth_31822,97
synth_31725,97
synth_31676,97
synth_31731,97
synth_31893,97
synth_31920,97
synth_31756,97
synth_31621,97
synth_31704,97
synth_31750,97
synth_31800,97
synth_31627,97
synth_31783,97
synth_31848,97
synth_31857,97
synth_31914,97
synth_31898,97
synth_31720,97
synth_31779,97
synth_31843,97
synth_31623,97
synth_31624,97
synth_31708,97
synth_31629,97
synth_31824,97
synth_31871,97
synth_31921,97
synth_31619,97
synth_31802,97
synth_31864,97
synth_31620,97
synth_31618,97
synth_31834,97
synth_31771,97
synth_31796,97
synth_31803,97
synth_31727,97
synth_31816,97
synth_31861,97
synth_31654,97
synth_31681,97
synth_31844,97
synth_31840,97
synth_31671,97
synth_31837,97
synth_31701,97
synth_31777,97
synth_31826,97
synth_31924,97
synth_31856,97
synth_31879,97
synth_31664,97
synth_31709,97
synth_31775,97
synth_31900,97
synth_31770,97
synth_31863,97
synth_31785,97
synth_31880,97
synth_31938,97
synth_31810,97
synth_31930,97
synth_31932,97
synth_31887,97
synth_31905,97
synth_31688,97
synth_31625,97
synth_31687,97
synth_31781,97
synth_31811,97
synth_31828,97
synth_31689,97
synth_31782,97
synth_31917,97
synth_31685,97
synth_31814,97
synth_31854,97
synth_31925,97
synth_31806,97
synth_31836,97
synth_31944,97
synth_31899,97
synth_31774,97
synth_31652,97
synth_31911,97
synth_31830,97
synth_31883,97
synth_31678,97
synth_31784,97
synth_31852,97
synth_31622,97
synth_31841,97
synth_31902,97
synth_31915,97
synth_31788,97
synth_31705,97
synth_31637,97
synth_31692,97
synth_31638,97
synth_31628,97
synth_31748,97
synth_31786,97
synth_31632,97
synth_31668,97
synth_31719,97
synth_31736,97
synth_31797,97
synth_31649,97
synth_31735,97
synth_31821,97
synth_31847,97
synth_31941,97
synth_31717,97
synth_31780,97
synth_31895,97
synth_31683,97
synth_31813,97
synth_31711,97
synth_31882,97
synth_31747,97
synth_31753,97
synth_31819,97
synth_31759,97
synth_31820,97
synth_31846,97
synth_31851,97
synth_31645,97
synth_31835,97
synth_31923,97
synth_31651,97
synth_31646,97
synth_31737,97
synth_31838,97
synth_31630,97
synth_31633,97
synth_31739,97
synth_31751,97
synth_31718,97
synth_31793,97
synth_31809,97
synth_31672,97
synth_31845,97
synth_31865,97
synth_31888,97
synth_31663,97
synth_31754,97
synth_31702,97
synth_31890,97
synth_31647,97
synth_31897,97
synth_31694,97
synth_31707,97
synth_31870,97
synth_31922,97
synth_31697,97
synth_31743,97
synth_31801,97
synth_31827,97
synth_31721,97
synth_31789,97
synth_31791,97
synth_31680,97
synth_31631,97
synth_31817,97
synth_31889,97
synth_31662,97
synth_31795,97
synth_31839,97
synth_31832,97
synth_31792,97
synth_31872,97
synth_31648,97
synth_31684,97
synth_31884,97
synth_31896,97
synth_31940,97
synth_31640,97
synth_31741,97
synth_31703,97
synth_31776,97
synth_31881,97
synth_31910,97
synth_31862,97
synth_31799,97
synth_31766,97
synth_31934,97
synth_31634,97
synth_31855,97
synth_31860,97
synth_31874,97
synth_31730,97
synth_31875,97
synth_31913,97
synth_31804,97
synth_31869,97
synth_31760,97
synth_31787,97
synth_31868,97
synth_31732,97
synth_31740,97
synth_31746,97
synth_31765,97
synth_31653,97
synth_31849,97
synth_31908,97
synth_31729,97
synth_31752,97
synth_31912,97
synth_31659,97
synth_31831,97
synth_31935,97
synth_31818,97
synth_31661,97
synth_31675,97
synth_31734,97
synth_31906,97
synth_31738,97
synth_31877,97
synth_31728,97
synth_31755,97
synth_31626,97
synth_31722,97
synth_31749,97
synth_31639,97
synth_31742,97
synth_31929,97
synth_31712,97
synth_31763,97
synth_31677,97
synth_31691,97
synth_31644,97
synth_31892,97
synth_31733,97
synth_31939,97
synth_31858,97
synth_31943,97
synth_31931,97
synth_31693,97
synth_31715,97
synth_31710,97
synth_31829,97
synth_31714,97
synth_31901,97
synth_31798,97
synth_31744,97
synth_31790,97
synth_31769,97
synth_31936,97
synth_31745,97
synth_31650,97
synth_31713,97
synth_31918,97
synth_31778,97
synth_31859,97
synth_31919,97
synth_31928,97
synth_31669,97
synth_31670,97
synth_31716,97
synth_31909,97
synth_31655,97
synth_31658,97
synth_31815,97
synth_31699,97
synth_31772,97
synth_31657,97
synth_31674,97
synth_31903,97
synth_31767,97
synth_31794,97
synth_31850,97
synth_31696,97
synth_31706,97
synth_31700,97
synth_31885,97
synth_31823,97
synth_31876,97
synth_31891,97
synth_31665,97
synth_31842,97
synth_31927,97
synth_31933,97
synth_31643,97
synth_31617,97
synth_31942,97
synth_31937,97
synth_31916,97
synth_31926,97
synth_31723,97
synth_31679,97
synth_31762,97
synth_31805,97
synth_31656,97
synth_31695,97
synth_31724,97
synth_31764,97
synth_31886,97
synth_31698,97
synth_31757,97
synth_31682,97
synth_31667,97
synth_31726,97
synth_31636,97
synth_31686,97
synth_31673,97
synth_31853,97
synth_31690,97
synth_31666,97
synth_31758,97
synth_31812,97
synth_31894,97
synth_31907,97
synth_31761,97
synth_31866,97
synth_31867,97
synth_31873,97
synth_31635,97
synth_31808,97
synth_31773,97
synth_31833,97
synth_31878,97
synth_31641,97
synth_32046,96
synth_32075,96
synth_32202,96
synth_32032,96
synth_32081,96
synth_32136,96
synth_31994,96
synth_32085,96
synth_32147,96
synth_32209,96
synth_31985,96
synth_32167,96
synth_31946,96
synth_32079,96
synth_32132,96
synth_32190,96
synth_31975,96
synth_31990,96
synth_32121,96
synth_32235,96
synth_32117,96
synth_32168,96
synth_32006,96
synth_31952,96
synth_31953,96
synth_32064,96
synth_32247,96
synth_31986,96
synth_32027,96
synth_32269,96
synth_31995,96
synth_32241,96
synth_32239,96
synth_32256,96
synth_32024,96
synth_32188,96
synth_31947,96
synth_32244,96
synth_31957,96
synth_32138,96
synth_31956,96
synth_31961,96
synth_32227,96
synth_32254,96
synth_32087,96
synth_32151,96
synth_32201,96
synth_32206,96
synth_32278,96
synth_32153,96
synth_32157,96
synth_32242,96
synth_32099,96
synth_31964,96
synth_31999,96
synth_32007,96
synth_32140,96
synth_31974,96
synth_32268,96
synth_32112,96
synth_31988,96
synth_32110,96
synth_32107,96
synth_32260,96
synth_32161,96
synth_31954,96
synth_32023,96
synth_32105,96
synth_31983,96
synth_32098,96
synth_32208,96
synth_31980,96
synth_32082,96
synth_31989,96
synth_32038,96
synth_32065,96
synth_32221,96
synth_32253,96
synth_32124,96
synth_32022,96
synth_32045,96
synth_32270,96
synth_32215,96
synth_32220,96
synth_32118,96
synth_31968,96
synth_32020,96
synth_32255,96
synth_32031,96
synth_32146,96
synth_32210,96
synth_31972,96
synth_32019,96
synth_32219,96
synth_32128,96
synth_32166,96
synth_32180,96
synth_32258,96
synth_31973,96
synth_32076,96
synth_32125,96
synth_32009,96
synth_31992,96
synth_32115,96
synth_32200,96
synth_32228,96
synth_32267,96
synth_32000,96
synth_32216,96
synth_32108,96
synth_32041,96
synth_32034,96
synth_32039,96
synth_32231,96
synth_31978,96
synth_32026,96
synth_32130,96
synth_32056,96
synth_32233,96
synth_32230,96
synth_31950,96
synth_31971,96
synth_31969,96
synth_32172,96
synth_32265,96
synth_31959,96
synth_31997,96
synth_32175,96
synth_32186,96
synth_32120,96
synth_32059,96
synth_32197,96
synth_31955,96
synth_32037,96
synth_32067,96
synth_32048,96
synth_32021,96
synth_32086,96
synth_32113,96
synth_32163,96
synth_32212,96
synth_32096,96
synth_32198,96
synth_31967,96
synth_32012,96
synth_32010,96
synth_32199,96
synth_32275,96
synth_32144,96
synth_32205,96
synth_32164,96
synth_31970,96
synth_32229,96
synth_32133,96
synth_31965,96
synth_32245,96
synth_32173,96
synth_32035,96
synth_32232,96
synth_32276,96
synth_32142,96
synth_32119,96
synth_32154,96
synth_32008,96
synth_32141,96
synth_32072,96
synth_32158,96
synth_32176,96
synth_31962,96
synth_32111,96
synth_32043,96
synth_32214,96
synth_32189,96
synth_32042,96
synth_32055,96
synth_32177,96
synth_32060,96
synth_32090,96
synth_31960,96
synth_32182,96
synth_32263,96
synth_32226,96
synth_32237,96
synth_32171,96
synth_31958,96
synth_32028,96
synth_32192,96
synth_32145,96
synth_32238,96
synth_31998,96
synth_32029,96
synth_32187,96
synth_31993,96
synth_32093,96
synth_32152,96
synth_32109,96
synth_32143,96
synth_32016,96
synth_32025,96
synth_32194,96
synth_32053,96
synth_31966,96
synth_32155,96
synth_32277,96
synth_32122,96
synth_32057,96
synth_32134,96
synth_32100,96
synth_32095,96
synth_32139,96
synth_32204,96
synth_32271,96
synth_32273,96
synth_32196,96
synth_31982,96
synth_32044,96
synth_32135,96
synth_32222,96
synth_31991,96
synth_32184,96
synth_32077,96
synth_32078,96
synth_32073,96
synth_32030,96
synth_32149,96
synth_32162,96
synth_31951,96
synth_32083,96
synth_32106,96
synth_32001,96
synth_32071,96
synth_32084,96
synth_32179,96
synth_32002,96
synth_32116,96
synth_32203,96
synth_31987,96
synth_32014,96
synth_32207,96
synth_32264,96
synth_32266,96
synth_32089,96
synth_32094,96
synth_32249,96
synth_32252,96
synth_32003,96
synth_32091,96
synth_32181,96
synth_32033,96
synth_32218,96
synth_32005,96
synth_32070,96
synth_32097,96
synth_32129,96
synth_31977,96
synth_31996,96
synth_32069,96
synth_32114,96
synth_32165,96
synth_31945,96
synth_32013,96
synth_32051,96
synth_32054,96
synth_32261,96
synth_32036,96
synth_32223,96
synth_32102,96
synth_32183,96
synth_32092,96
synth_32131,96
synth_32017,96
synth_32148,96
synth_32178,96
synth_32225,96
synth_32174,96
synth_32193,96
synth_32262,96
synth_31949,96
synth_32088,96
synth_32101,96
synth_31948,96
synth_32063,96
synth_32211,96
synth_32248,96
synth_32251,96
synth_32047,96
synth_32049,96
synth_32080,96
synth_32234,96
synth_32240,96
synth_31981,96
synth_31976,96
synth_32015,96
synth_32040,96
synth_32058,96
synth_32213,96
synth_32160,96
synth_32217,96
synth_32259,96
synth_31963,96
synth_32103,96
synth_32004,96
synth_32050,96
synth_32074,96
synth_32156,96
synth_32224,96
synth_32195,96
synth_31979,96
synth_32127,96
synth_32169,96
synth_32185,96
synth_32011,96
synth_32052,96
synth_32243,96
synth_32068,96
synth_32137,96
synth_32250,96
synth_32126,96
synth_32274,96
synth_32150,96
synth_32246,96
synth_32159,96
synth_32236,96
synth_32123,96
synth_32062,96
synth_31984,96
synth_32257,96
synth_32104,96
synth_32191,96
synth_32061,96
synth_32170,96
synth_32272,96
synth_32018,96
synth_32066,96
synth_32452,95
synth_32565,95
synth_32614,95
synth_32372,95
synth_32322,95
synth_32397,95
synth_32539,95
synth_32564,95
synth_32313,95
synth_32328,95
synth_32603,95
synth_32406,95
synth_32392,95
synth_32417,95
synth_32499,95
synth_32584,95
synth_32466,95
synth_32292,95
synth_32477,95
synth_32461,95
synth_32600,95
synth_32537,95
synth_32429,95
synth_32338,95
synth_32352,95
synth_32556,95
synth_32555,95
synth_32619,95
synth_32334,95
synth_32289,95
synth_32310,95
synth_32364,95
synth_32494,95
synth_32280,95
synth_32308,95
synth_32319,95
synth_32420,95
synth_32534,95
synth_32389,95
synth_32488,95
synth_32282,95
synth_32487,95
synth_32279,95
synth_32342,95
synth_32394,95
synth_32575,95
synth_32363,95
synth_32359,95
synth_32613,95
synth_32558,95
synth_32573,95
synth_32378,95
synth_32379,95
synth_32448,95
synth_32324,95
synth_32503,95
synth_32532,95
synth_32376,95
synth_32381,95
synth_32566,95
synth_32589,95
synth_32396,95
synth_32604,95
synth_32450,95
synth_32483,95
synth_32531,95
synth_32542,95
synth_32606,95
synth_32305,95
synth_32345,95
synth_32535,95
synth_32529,95
synth_32333,95
synth_32517,95
synth_32597,95
synth_32294,95
synth_32369,95
synth_32385,95
synth_32553,95
synth_32332,95
synth_32387,95
synth_32445,95
synth_32404,95
synth_32495,95
synth_32507,95
synth_32592,95
synth_32442,95
synth_32434,95
synth_32490,95
synth_32341,95
synth_32475,95
synth_32586,95
synth_32329,95
synth_32358,95
synth_32361,95
synth_32456,95
synth_32509,95
synth_32617,95
synth_32595,95
synth_32365,95
synth_32326,95
synth_32457,95
synth_32407,95
synth_32302,95
synth_32491,95
synth_32377,95
synth_32522,95
synth_32536,95
synth_32607,95
synth_32581,95
synth_32354,95
synth_32582,95
synth_32620,95
synth_32284,95
synth_32512,95
synth_32502,95
synth_32599,95
synth_32390,95
synth_32616,95
synth_32291,95
synth_32567,95
synth_32611,95
synth_32544,95
synth_32449,95
synth_32590,95
synth_32615,95
synth_32485,95
synth_32570,95
synth_32533,95
synth_32427,95
synth_32438,95
synth_32317,95
synth_32411,95
synth_32546,95
synth_32357,95
synth_32402,95
synth_32579,95
synth_32470,95
synth_32489,95
synth_32501,95
synth_32585,95
synth_32337,95
synth_32353,95
synth_32386,95
synth_32399,95
synth_32414,95
synth_32464,95
synth_32472,95
synth_32498,95
synth_32510,95
synth_32479,95
synth_32360,95
synth_32409,95
synth_32561,95
synth_32331,95
synth_32593,95
synth_32339,95
synth_32351,95
synth_32557,95
synth_32559,95
synth_32435,95
synth_32610,95
synth_32311,95
synth_32421,95
synth_32424,95
synth_32418,95
synth_32511,95
synth_32300,95
synth_32403,95
synth_32554,95
synth_32410,95
synth_32455,95
synth_32520,95
synth_32425,95
synth_32395,95
synth_32518,95
synth_32548,95
synth_32568,95
synth_32454,95
synth_32383,95
synth_32602,95
synth_32476,95
synth_32321,95
synth_32327,95
synth_32540,95
synth_32513,95
synth_32577,95
synth_32500,95
synth_32408,95
synth_32316,95
synth_32462,95
synth_32350,95
synth_32437,95
synth_32484,95
synth_32504,95
synth_32525,95
synth_32422,95
synth_32482,95
synth_32371,95
synth_32526,95
synth_32551,95
synth_32467,95
synth_32492,95
synth_32306,95
synth_32478,95
synth_32286,95
synth_32299,95
synth_32508,95
synth_32471,95
synth_32423,95
synth_32298,95
synth_32451,95
synth_32608,95
synth_32514,95
synth_32486,95
synth_32560,95
synth_32598,95
synth_32412,95
synth_32443,95
synth_32497,95
synth_32530,95
synth_32601,95
synth_32370,95
synth_32441,95
synth_32547,95
synth_32401,95
synth_32325,95
synth_32336,95
synth_32346,95
synth_32349,95
synth_32468,95
synth_32549,95
synth_32447,95
synth_32320,95
synth_32374,95
synth_32380,95
synth_32391,95
synth_32463,95
synth_32496,95
synth_32521,95
synth_32296,95
synth_32580,95
synth_32344,95
synth_32594,95
synth_32432,95
synth_32460,95
synth_32552,95
synth_32588,95
synth_32285,95
synth_32318,95
synth_32384,95
synth_32430,95
synth_32469,95
synth_32400,95
synth_32481,95
synth_32323,95
synth_32446,95
synth_32347,95
synth_32398,95
synth_32473,95
synth_32290,95
synth_32297,95
synth_32366,95
synth_32609,95
synth_32578,95
synth_32303,95
synth_32362,95
synth_32368,95
synth_32519,95
synth_32563,95
synth_32348,95
synth_32618,95
synth_32335,95
synth_32605,95
synth_32591,95
synth_32343,95
synth_32388,95
synth_32431,95
synth_32413,95
synth_32576,95
synth_32288,95
synth_32587,95
synth_32440,95
synth_32493,95
synth_32293,95
synth_32527,95
synth_32523,95
synth_32356,95
synth_32309,95
synth_32439,95
synth_32550,95
synth_32571,95
synth_32524,95
synth_32312,95
synth_32281,95
synth_32355,95
synth_32572,95
synth_32474,95
synth_32367,95
synth_32515,95
synth_32459,95
synth_32612,95
synth_32393,95
synth_32574,95
synth_32433,95
synth_32382,95
synth_32541,95
synth_32453,95
synth_32458,95
synth_32340,95
synth_32436,95
synth_32444,95
synth_32545,95
synth_32415,95
synth_32528,95
synth_32330,95
synth_32516,95
synth_32307,95
synth_32596,95
synth_32315,95
synth_32480,95
synth_32562,95
synth_32538,95
synth_32416,95
synth_32543,95
synth_32465,95
synth_32283,95
synth_32304,95
synth_32373,95
synth_32287,95
synth_32295,95
synth_32428,95
synth_32505,95
synth_32506,95
synth_32426,95
synth_32375,95
synth_32569,95
synth_32419,95
synth_32405,95
synth_32301,95
synth_32314,95
synth_32583,95
synth_32853,94
synth_32879,94
synth_32674,94
synth_32861,94
synth_32799,94
synth_32942,94
synth_32955,94
synth_32739,94
synth_32915,94
synth_32922,94
synth_32650,94
synth_32801,94
synth_32638,94
synth_32818,94
synth_32830,94
synth_32839,94
synth_32725,94
synth_32793,94
synth_32722,94
synth_32677,94
synth_32627,94
synth_32694,94
synth_32756,94
synth_32871,94
synth_32754,94
synth_32813,94
synth_32872,94
synth_32918,94
synth_32648,94
synth_32669,94
synth_32811,94
synth_32690,94
synth_32925,94
synth_32631,94
synth_32710,94
synth_32730,94
synth_32945,94
synth_32916,94
synth_32886,94
synth_32715,94
synth_32921,94
synth_32695,94
synth_32905,94
synth_32902,94
synth_32661,94
synth_32896,94
synth_32685,94
synth_32771,94
synth_32869,94
synth_32841,94
synth_32781,94
synth_32737,94
synth_32829,94
synth_32637,94
synth_32885,94
synth_32887,94
synth_32963,94
synth_32773,94
synth_32621,94
synth_32652,94
synth_32680,94
synth_32903,94
synth_32836,94
synth_32663,94
synth_32749,94
synth_32863,94
synth_32935,94
synth_32828,94
synth_32870,94
synth_32895,94
synth_32704,94
synth_32789,94
synth_32729,94
synth_32857,94
synth_32907,94
synth_32682,94
synth_32938,94
synth_32917,94
synth_32761,94
synth_32833,94
synth_32731,94
synth_32741,94
synth_32701,94
synth_32784,94
synth_32655,94
synth_32757,94
synth_32762,94
synth_32966,94
synth_32868,94
synth_32791,94
synth_32786,94
synth_32782,94
synth_32867,94
synth_32697,94
synth_32809,94
synth_32785,94
synth_32847,94
synth_32743,94
synth_32806,94
synth_32768,94
synth_32716,94
synth_32724,94
synth_32848,94
synth_32904,94
synth_32684,94
synth_32802,94
synth_32823,94
synth_32897,94
synth_32783,94
synth_32778,94
synth_32943,94
synth_32732,94
synth_32967,94
synth_32689,94
synth_32948,94
synth_32717,94
synth_32751,94
synth_32774,94
synth_32629,94
synth_32819,94
synth_32909,94
synth_32834,94
synth_32900,94
synth_32960,94
synth_32708,94
synth_32934,94
synth_32958,94
synth_32718,94
synth_32671,94
synth_32850,94
synth_32865,94
synth_32712,94
synth_32911,94
synth_32968,94
synth_32658,94
synth_32821,94
synth_32622,94
synth_32882,94
synth_32642,94
synth_32844,94
synth_32929,94
synth_32703,94
synth_32831,94
synth_32698,94
synth_32752,94
synth_32845,94
synth_32953,94
synth_32914,94
synth_32636,94
synth_32632,94
synth_32740,94
synth_32820,94
synth_32961,94
synth_32881,94
synth_32846,94
synth_32727,94
synth_32910,94
synth_32623,94
synth_32653,94
synth_32941,94
synth_32736,94
synth_32683,94
synth_32626,94
synth_32634,94
synth_32667,94
synth_32711,94
synth_32766,94
synth_32949,94
synth_32772,94
synth_32775,94
synth_32825,94
synth_32765,94
synth_32843,94
synth_32733,94
synth_32678,94
synth_32664,94
synth_32776,94
synth_32779,94
synth_32932,94
synth_32838,94
synth_32792,94
synth_32755,94
synth_32770,94
synth_32723,94
synth_32668,94
synth_32728,94
synth_32748,94
synth_32693,94
synth_32721,94
synth_32919,94
synth_32657,94
synth_32735,94
synth_32891,94
synth_32923,94
synth_32797,94
synth_32827,94
synth_32913,94
synth_32807,94
synth_32859,94
synth_32884,94
synth_32912,94
synth_32675,94
synth_32746,94
synth_32957,94
synth_32758,94
synth_32814,94
synth_32873,94
synth_32777,94
synth_32939,94
synth_32738,94
synth_32842,94
synth_32705,94
synth_32892,94
synth_32654,94
synth_32676,94
synth_32790,94
synth_32920,94
synth_32643,94
synth_32759,94
synth_32969,94
synth_32787,94
synth_32901,94
synth_32788,94
synth_32672,94
synth_32692,94
synth_32954,94
synth_32880,94
synth_32651,94
synth_32795,94
synth_32878,94
synth_32665,94
synth_32745,94
synth_32906,94
synth_32926,94
synth_32805,94
synth_32706,94
synth_32946,94
synth_32856,94
synth_32964,94
synth_32635,94
synth_32950,94
synth_32639,94
synth_32804,94
synth_32930,94
synth_32854,94
synth_32702,94
synth_32633,94
synth_32753,94
synth_32822,94
synth_32940,94
synth_32647,94
synth_32769,94
synth_32812,94
synth_32625,94
synth_32959,94
synth_32876,94
synth_32855,94
synth_32700,94
synth_32944,94
synth_32794,94
synth_32832,94
synth_32628,94
synth_32660,94
synth_32714,94
synth_32890,94
synth_32666,94
synth_32641,94
synth_32687,94
synth_32908,94
synth_32815,94
synth_32826,94
synth_32888,94
synth_32852,94
synth_32893,94
synth_32764,94
synth_32956,94
synth_32965,94
synth_32849,94
synth_32649,94
synth_32780,94
synth_32864,94
synth_32742,94
synth_32796,94
synth_32840,94
synth_32851,94
synth_32707,94
synth_32947,94
synth_32862,94
synth_32803,94
synth_32860,94
synth_32933,94
synth_32686,94
synth_32656,94
synth_32696,94
synth_32646,94
synth_32824,94
synth_32817,94
synth_32883,94
synth_32810,94
synth_32713,94
synth_32673,94
synth_32734,94
synth_32816,94
synth_32899,94
synth_32889,94
synth_32952,94
synth_32767,94
synth_32874,94
synth_32688,94
synth_32744,94
synth_32931,94
synth_32670,94
synth_32679,94
synth_32750,94
synth_32837,94
synth_32709,94
synth_32726,94
synth_32763,94
synth_32924,94
synth_32927,94
synth_32624,94
synth_32699,94
synth_32951,94
synth_32719,94
synth_32866,94
synth_32644,94
synth_32691,94
synth_32894,94
synth_32659,94
synth_32858,94
synth_32936,94
synth_32875,94
synth_32760,94
synth_32898,94
synth_32962,94
synth_32720,94
synth_32630,94
synth_32800,94
synth_32808,94
synth_32835,94
synth_32877,94
synth_32640,94
synth_32681,94
synth_32747,94
synth_32798,94
synth_32645,94
synth_32662,94
synth_32937,94
synth_32928,94
synth_33218,93
synth_33221,93
synth_33225,93
synth_33258,93
synth_33043,93
synth_33063,93
synth_33049,93
synth_33322,93
synth_32980,93
synth_33155,93
synth_33156,93
synth_33164,93
synth_33053,93
synth_33201,93
synth_33270,93
synth_33094,93
synth_33108,93
synth_33269,93
synth_33289,93
synth_33065,93
synth_33142,93
synth_33020,93
synth_33274,93
synth_33306,93
synth_33077,93
synth_33200,93
synth_33210,93
synth_33299,93
synth_33073,93
synth_33128,93
synth_33159,93
synth_33243,93
synth_32999,93
synth_33317,93
synth_33030,93
synth_33068,93
synth_32997,93
synth_33113,93
synth_33190,93
synth_33295,93
synth_33018,93
synth_33050,93
synth_33203,93
synth_33241,93
synth_33297,93
synth_33304,93
synth_32973,93
synth_33261,93
synth_33318,93
synth_33179,93
synth_32970,93
synth_33011,93
synth_33002,93
synth_33022,93
synth_33120,93
synth_33115,93
synth_33229,93
synth_33240,93
synth_32993,93
synth_33003,93
synth_33230,93
synth_32989,93
synth_33124,93
synth_33105,93
synth_33169,93
synth_33145,93
synth_33086,93
synth_33242,93
synth_33239,93
synth_33045,93
synth_33260,93
synth_33272,93
synth_33121,93
synth_33316,93
synth_33199,93
synth_33060,93
synth_33131,93
synth_33167,93
synth_33235,93
synth_33312,93
synth_33173,93
synth_33163,93
synth_33209,93
synth_33099,93
synth_33034,93
synth_33130,93
synth_33194,93
synth_33117,93
synth_33147,93
synth_33246,93
synth_33039,93
synth_33281,93
synth_33057,93
synth_33100,93
synth_33207,93
synth_33219,93
synth_33072,93
synth_33144,93
synth_33183,93
synth_33193,93
synth_33005,93
synth_33151,93
synth_33290,93
synth_33166,93
synth_33217,93
synth_33101,93
synth_33008,93
synth_33314,93
synth_33176,93
synth_33226,93
synth_32985,93
synth_33095,93
synth_33205,93
synth_33033,93
synth_32978,93
synth_32992,93
synth_33032,93
synth_33061,93
synth_33129,93
synth_33182,93
synth_33278,93
synth_33319,93
synth_33096,93
synth_33103,93
synth_33140,93
synth_33172,93
synth_33007,93
synth_33083,93
synth_33165,93
synth_33170,93
synth_33180,93
synth_33051,93
synth_33079,93
synth_33092,93
synth_33192,93
synth_32974,93
synth_32979,93
synth_33097,93
synth_33125,93
synth_33291,93
synth_33054,93
synth_32983,93
synth_33004,93
synth_33098,93
synth_33141,93
synth_33059,93
synth_33257,93
synth_33323,93
synth_33325,93
synth_33181,93
synth_33029,93
synth_33040,93
synth_32972,93
synth_33110,93
synth_33303,93
synth_33160,93
synth_33287,93
synth_33074,93
synth_33135,93
synth_32982,93
synth_33066,93
synth_32995,93
synth_33280,93
synth_33116,93
synth_33150,93
synth_33321,93
synth_33255,93
synth_33162,93
synth_33198,93
synth_33214,93
synth_33174,93
synth_33285,93
synth_33023,93
synth_33320,93
synth_33227,93
synth_33204,93
synth_33250,93
synth_33012,93
synth_33126,93
synth_33138,93
synth_33220,93
synth_33111,93
synth_33157,93
synth_33233,93
synth_33315,93
synth_33016,93
synth_33236,93
synth_33187,93
synth_33000,93
synth_33042,93
synth_33123,93
synth_33296,93
synth_33308,93
synth_33037,93
synth_33081,93
synth_32977,93
synth_33292,93
synth_33009,93
synth_33184,93
synth_33300,93
synth_33112,93
synth_33152,93
synth_33298,93
synth_33035,93
synth_33168,93
synth_33256,93
synth_32975,93
synth_32976,93
synth_32991,93
synth_33085,93
synth_33056,93
synth_33078,93
synth_33087,93
synth_33275,93
synth_33212,93
synth_33006,93
synth_33216,93
synth_33237,93
synth_33277,93
synth_33251,93
synth_32971,93
synth_33114,93
synth_33118,93
synth_33186,93
synth_33262,93
synth_33305,93
synth_33307,93
synth_32994,93
synth_33324,93
synth_33197,93
synth_33206,93
synth_33284,93
synth_33294,93
synth_32990,93
synth_33024,93
synth_33158,93
synth_33178,93
synth_33001,93
synth_33119,93
synth_33107,93
synth_33134,93
synth_33248,93
synth_33301,93
synth_33249,93
synth_33253,93
synth_33267,93
synth_33044,93
synth_33048,93
synth_33148,93
synth_33222,93
synth_33185,93
synth_32981,93
synth_33010,93
synth_33071,93
synth_33208,93
synth_33293,93
synth_32986,93
synth_33146,93
synth_33245,93
synth_33252,93
synth_33175,93
synth_33052,93
synth_33154,93
synth_33211,93
synth_33139,93
synth_33161,93
synth_33264,93
synth_33313,93
synth_32998,93
synth_33069,93
synth_33171,93
synth_33153,93
synth_33311,93
synth_33228,93
synth_33263,93
synth_33047,93
synth_33062,93
synth_33104,93
synth_33015,93
synth_33089,93
synth_33276,93
synth_33014,93
synth_33247,93
synth_33177,93
synth_33238,93
synth_32987,93
synth_33017,93
synth_33282,93
synth_33310,93
synth_33231,93
synth_33232,93
synth_33027,93
synth_33268,93
synth_33143,93
synth_33149,93
synth_33109,93
synth_33309,93
synth_32988,93
synth_33188,93
synth_33189,93
synth_33202,93
synth_33259,93
synth_33288,93
synth_33036,93
synth_33136,93
synth_33084,93
synth_33102,93
synth_33234,93
synth_33215,93
synth_33058,93
synth_33254,93
synth_33021,93
synth_33090,93
synth_33093,93
synth_33224,93
synth_32984,93
synth_33025,93
synth_33031,93
synth_33191,93
synth_33013,93
synth_33080,93
synth_33132,93
synth_33213,93
synth_33271,93
synth_33283,93
synth_33055,93
synth_33070,93
synth_33223,93
synth_33266,93
synth_33244,93
synth_33091,93
synth_33038,93
synth_33195,93
synth_33041,93
synth_33196,93
synth_33286,93
synth_33046,93
synth_33067,93
synth_33265,93
synth_33019,93
synth_33279,93
synth_33064,93
synth_33273,93
synth_33026,93
synth_33075,93
synth_33076,93
synth_33122,93
synth_33133,93
synth_33302,93
synth_33137,93
synth_33028,93
synth_33106,93
synth_33082,93
synth_33088,93
synth_33127,93
synth_32996,93
synth_33410,92
synth_33671,92
synth_33653,92
synth_33482,92
synth_33685,92
synth_33566,92
synth_33388,92
synth_33534,92
synth_33520,92
synth_33602,92
synth_33662,92
synth_33397,92
synth_33380,92
synth_33583,92
synth_33434,92
synth_33371,92
synth_33541,92
synth_33426,92
synth_33608,92
synth_33595,92
synth_33516,92
synth_33569,92
synth_33396,92
synth_33424,92
synth_33430,92
synth_33470,92
synth_33613,92
synth_33619,92
synth_33628,92
synth_33577,92
synth_33527,92
synth_33610,92
synth_33679,92
synth_33404,92
synth_33656,92
synth_33594,92
synth_33519,92
synth_33538,92
synth_33366,92
synth_33389,92
synth_33446,92
synth_33367,92
synth_33342,92
synth_33542,92
synth_33651,92
synth_33456,92
synth_33493,92
synth_33544,92
synth_33579,92
synth_33673,92
synth_33479,92
synth_33499,92
synth_33500,92
synth_33411,92
synth_33412,92
synth_33606,92
synth_33494,92
synth_33405,92
synth_33331,92
synth_33526,92
synth_33529,92
synth_33509,92
synth_33495,92
synth_33522,92
synth_33611,92
synth_33393,92
synth_33467,92
synth_33539,92
synth_33680,92
synth_33665,92
synth_33670,92
synth_33517,92
synth_33592,92
synth_33648,92
synth_33476,92
synth_33477,92
synth_33341,92
synth_33485,92
synth_33386,92
synth_33637,92
synth_33543,92
synth_33593,92
synth_33464,92
synth_33365,92
synth_33330,92
synth_33601,92
synth_33659,92
synth_33540,92
synth_33337,92
synth_33344,92
synth_33551,92
synth_33326,92
synth_33438,92
synth_33346,92
synth_33400,92
synth_33654,92
synth_33358,92
synth_33518,92
synth_33548,92
synth_33555,92
synth_33664,92
synth_33675,92
synth_33335,92
synth_33401,92
synth_33417,92
synth_33536,92
synth_33573,92
synth_33336,92
synth_33510,92
synth_33642,92
synth_33471,92
synth_33490,92
synth_33501,92
synth_33451,92
synth_33640,92
synth_33433,92
synth_33462,92
synth_33418,92
synth_33605,92
synth_33480,92
synth_33349,92
synth_33383,92
synth_33387,92
synth_33513,92
synth_33585,92
synth_33408,92
synth_33473,92
synth_33506,92
synth_33627,92
synth_33343,92
synth_33348,92
synth_33469,92
synth_33502,92
synth_33432,92
synth_33545,92
synth_33624,92
synth_33351,92
synth_33340,92
synth_33394,92
synth_33362,92
synth_33535,92
synth_33512,92
synth_33481,92
synth_33546,92
synth_33444,92
synth_33478,92
synth_33414,92
synth_33445,92
synth_33447,92
synth_33655,92
synth_33531,92
synth_33525,92
synth_33567,92
synth_33631,92
synth_33357,92
synth_33376,92
synth_33514,92
synth_33688,92
synth_33503,92
synth_33570,92
synth_33423,92
synth_33533,92
synth_33530,92
synth_33508,92
synth_33475,92
synth_33572,92
synth_33580,92
synth_33636,92
synth_33385,92
synth_33689,92
synth_33372,92
synth_33435,92
synth_33515,92
synth_33630,92
synth_33399,92
synth_33429,92
synth_33549,92
synth_33402,92
synth_33487,92
synth_33368,92
synth_33633,92
synth_33353,92
synth_33375,92
synth_33395,92
synth_33635,92
synth_33588,92
synth_33612,92
synth_33652,92
synth_33377,92
synth_33361,92
synth_33488,92
synth_33599,92
synth_33683,92
synth_33491,92
synth_33364,92
synth_33345,92
synth_33591,92
synth_33663,92
synth_33455,92
synth_33596,92
synth_33352,92
synth_33669,92
synth_33379,92
synth_33428,92
synth_33660,92
synth_33392,92
synth_33575,92
synth_33563,92
synth_33441,92
synth_33442,92
synth_33459,92
synth_33621,92
synth_33687,92
synth_33552,92
synth_33615,92
synth_33369,92
synth_33416,92
synth_33489,92
synth_33436,92
synth_33391,92
synth_33419,92
synth_33559,92
synth_33589,92
synth_33403,92
synth_33431,92
synth_33643,92
synth_33634,92
synth_33354,92
synth_33381,92
synth_33584,92
synth_33561,92
synth_33439,92
synth_33676,92
synth_33682,92
synth_33356,92
synth_33332,92
synth_33374,92
synth_33496,92
synth_33452,92
synth_33562,92
synth_33574,92
synth_33578,92
synth_33638,92
synth_33556,92
synth_33576,92
synth_33406,92
synth_33425,92
synth_33398,92
synth_33668,92
synth_33422,92
synth_33409,92
synth_33437,92
synth_33384,92
synth_33413,92
synth_33453,92
synth_33390,92
synth_33639,92
synth_33497,92
synth_33649,92
synth_33609,92
synth_33415,92
synth_33666,92
synth_33674,92
synth_33603,92
synth_33617,92
synth_33657,92
synth_33645,92
synth_33661,92
synth_33532,92
synth_33427,92
synth_33626,92
synth_33334,92
synth_33678,92
synth_33564,92
synth_33528,92
synth_33483,92
synth_33582,92
synth_33550,92
synth_33474,92
synth_33355,92
synth_33554,92
synth_33565,92
synth_33667,92
synth_33600,92
synth_33629,92
synth_33347,92
synth_33373,92
synth_33363,92
synth_33553,92
synth_33460,92
synth_33468,92
synth_33507,92
synth_33329,92
synth_33420,92
synth_33571,92
synth_33641,92
synth_33686,92
synth_33547,92
synth_33466,92
synth_33623,92
synth_33327,92
synth_33505,92
synth_33458,92
synth_33492,92
synth_33498,92
synth_33382,92
synth_33421,92
synth_33449,92
synth_33650,92
synth_33484,92
synth_33586,92
synth_33504,92
synth_33521,92
synth_33587,92
synth_33486,92
synth_33597,92
synth_33598,92
synth_33620,92
synth_33568,92
synth_33614,92
synth_33581,92
synth_33681,92
synth_33440,92
synth_33523,92
synth_33360,92
synth_33378,92
synth_33370,92
synth_33560,92
synth_33590,92
synth_33658,92
synth_33461,92
synth_33607,92
synth_33407,92
synth_33616,92
synth_33511,92
synth_33333,92
synth_33448,92
synth_33625,92
synth_33465,92
synth_33443,92
synth_33328,92
synth_33632,92
synth_33622,92
synth_33672,92
synth_33558,92
synth_33644,92
synth_33339,92
synth_33618,92
synth_33454,92
synth_33472,92
synth_33359,92
synth_33450,92
synth_33557,92
synth_33646,92
synth_33463,92
synth_33524,92
synth_33677,92
synth_33350,92
synth_33457,92
synth_33604,92
synth_33338,92
synth_33647,92
synth_33537,92
synth_33684,92
synth_33783,91
synth_33870,91
synth_33920,91
synth_34009,91
synth_34030,91
synth_33807,91
synth_33897,91
synth_33832,91
synth_33956,91
synth_33724,91
synth_33727,91
synth_33909,91
synth_33716,91
synth_33821,91
synth_33997,91
synth_33801,91
synth_33802,91
synth_34046,91
synth_34056,91
synth_33789,91
synth_33861,91
synth_33858,91
synth_33972,91
synth_33971,91
synth_34002,91
synth_34040,91
synth_33746,91
synth_33817,91
synth_34061,91
synth_33742,91
synth_33862,91
synth_33903,91
synth_33967,91
synth_33830,91
synth_34023,91
synth_33895,91
synth_33743,91
synth_33845,91
synth_33777,91
synth_33786,91
synth_33945,91
synth_33846,91
synth_33934,91
synth_34007,91
synth_33812,91
synth_33894,91
synth_33937,91
synth_33697,91
synth_33910,91
synth_33933,91
synth_33994,91
synth_33863,91
synth_33779,91
synth_33930,91
synth_33781,91
synth_33887,91
synth_33726,91
synth_33805,91
synth_33880,91
synth_33760,91
synth_33770,91
synth_33776,91
synth_33761,91
synth_33864,91
synth_33954,91
synth_33738,91
synth_33717,91
synth_33728,91
synth_33835,91
synth_33782,91
synth_33784,91
synth_33916,91
synth_34027,91
synth_33825,91
synth_33847,91
synth_33720,91
synth_33901,91
synth_33712,91
synth_33882,91
synth_33923,91
synth_33705,91
synth_33718,91
synth_33778,91
synth_33986,91
synth_34018,91
synth_34033,91
synth_34034,91
synth_33766,91
synth_33907,91
synth_33764,91
synth_33788,91
synth_33891,91
synth_33811,91
synth_33965,91
synth_33755,91
synth_34003,91
synth_33837,91
synth_33919,91
synth_33737,91
synth_33868,91
synth_33963,91
synth_33939,91
synth_33982,91
synth_33959,91
synth_33970,91
synth_33816,91
synth_33978,91
synth_33900,91
synth_33913,91
synth_33725,91
synth_33839,91
synth_33848,91
synth_33769,91
synth_34026,91
synth_33695,91
synth_33772,91
synth_33921,91
synth_33700,91
synth_33941,91
synth_33692,91
synth_33984,91
synth_33735,91
synth_33854,91
synth_34015,91
synth_34047,91
synth_34062,91
synth_33785,91
synth_34004,91
synth_33828,91
synth_33762,91
synth_33872,91
synth_33936,91
synth_34008,91
synth_34036,91
synth_33979,91
synth_33758,91
synth_33943,91
synth_33962,91
synth_33926,91
synth_34006,91
synth_33838,91
synth_33898,91
synth_33773,91
synth_33987,91
synth_34052,91
synth_34017,91
synth_33881,91
synth_34012,91
synth_33751,91
synth_33928,91
synth_33993,91
synth_34028,91
synth_33853,91
synth_33990,91
synth_33842,91
synth_34014,91
synth_33719,91
synth_33932,91
synth_34058,91
synth_33822,91
synth_33749,91
synth_33980,91
synth_33713,91
synth_34045,91
synth_33698,91
synth_33714,91
synth_33856,91
synth_33793,91
synth_34025,91
synth_33806,91
synth_33940,91
synth_33763,91
synth_33810,91
synth_33798,91
synth_33912,91
synth_33951,91
synth_33938,91
synth_33850,91
synth_34020,91
synth_33815,91
synth_33985,91
synth_33989,91
synth_33774,91
synth_33851,91
synth_34001,91
synth_34022,91
synth_34051,91
synth_33804,91
synth_33723,91
synth_33771,91
synth_33826,91
synth_33893,91
synth_34011,91
synth_34059,91
synth_33809,91
synth_33834,91
synth_33865,91
synth_33918,91
synth_33715,91
synth_34050,91
synth_33734,91
synth_34021,91
synth_33752,91
synth_33884,91
synth_33966,91
synth_33694,91
synth_33731,91
synth_33879,91
synth_33739,91
synth_33794,91
synth_33927,91
synth_33796,91
synth_33833,91
synth_33852,91
synth_33905,91
synth_33948,91
synth_33799,91
synth_33876,91
synth_33953,91
synth_34016,91
synth_33706,91
synth_34035,91
synth_33754,91
synth_34060,91
synth_33708,91
synth_33922,91
synth_33753,91
synth_34010,91
synth_34049,91
synth_33958,91
synth_33704,91
synth_33747,91
synth_33767,91
synth_33973,91
synth_34024,91
synth_33709,91
synth_33869,91
synth_33814,91
synth_33860,91
synth_33988,91
synth_33696,91
synth_33819,91
synth_33977,91
synth_33969,91
synth_33820,91
synth_33924,91
synth_33964,91
synth_33840,91
synth_33946,91
synth_33732,91
synth_33759,91
synth_33889,91
synth_33886,91
synth_33915,91
synth_34055,91
synth_33944,91
synth_33800,91
synth_33873,91
synth_33968,91
synth_33896,91
synth_33998,91
synth_33950,91
synth_33996,91
synth_33729,91
synth_33757,91
synth_33787,91
synth_33797,91
synth_33849,91
synth_33722,91
synth_33892,91
synth_33906,91
synth_33813,91
synth_33899,91
synth_33790,91
synth_33929,91
synth_33818,91
synth_33765,91
synth_33844,91
synth_33914,91
synth_33702,91
synth_33885,91
synth_33890,91
synth_33878,91
synth_34019,91
synth_33711,91
synth_33949,91
synth_33748,91
synth_33836,91
synth_33961,91
synth_34005,91
synth_33701,91
synth_33808,91
synth_33911,91
synth_33721,91
synth_33857,91
synth_33827,91
synth_33866,91
synth_33981,91
synth_33931,91
synth_33874,91
synth_33710,91
synth_33823,91
synth_33780,91
synth_33831,91
synth_33904,91
synth_33935,91
synth_33976,91
synth_33699,91
synth_33768,91
synth_34029,91
synth_33875,91
synth_33693,91
synth_33792,91
synth_33925,91
synth_33957,91
synth_34054,91
synth_33741,91
synth_33855,91
synth_33740,91
synth_33756,91
synth_33824,91
synth_34039,91
synth_33690,91
synth_33841,91
synth_33703,91
synth_33859,91
synth_33733,91
synth_34032,91
synth_33947,91
synth_33791,91
synth_33843,91
synth_33877,91
synth_34053,91
synth_33983,91
synth_33730,91
synth_33795,91
synth_33745,91
synth_33960,91
synth_33999,91
synth_33883,91
synth_34042,91
synth_33888,91
synth_33991,91
synth_34037,91
synth_34043,91
synth_33975,91
synth_33775,91
synth_33871,91
synth_33750,91
synth_33908,91
synth_34038,91
synth_33902,91
synth_33917,91
synth_33829,91
synth_33691,91
synth_33955,91
synth_34013,91
synth_34000,91
synth_34041,91
synth_34057,91
synth_33803,91
synth_33736,91
synth_34044,91
synth_33707,91
synth_33744,91
synth_33867,91
synth_33992,91
synth_34031,91
synth_34048,91
synth_33952,91
synth_33974,91
synth_33995,91
synth_33942,91
synth_34183,90
synth_34273,90
synth_34348,90
synth_34264,90
synth_34302,90
synth_34186,90
synth_34114,90
synth_34181,90
synth_34211,90
synth_34404,90
synth_34418,90
synth_34427,90
synth_34280,90
synth_34370,90
synth_34439,90
synth_34372,90
synth_34241,90
synth_34408,90
synth_34335,90
synth_34068,90
synth_34078,90
synth_34263,90
synth_34358,90
synth_34307,90
synth_34332,90
synth_34413,90
synth_34232,90
synth_34243,90
synth_34150,90
synth_34231,90
synth_34230,90
synth_34063,90
synth_34237,90
synth_34437,90
synth_34245,90
synth_34324,90
synth_34084,90
synth_34275,90
synth_34214,90
synth_34166,90
synth_34223,90
synth_34152,90
synth_34075,90
synth_34097,90
synth_34281,90
synth_34304,90
synth_34314,90
synth_34107,90
synth_34259,90
synth_34278,90
synth_34298,90
synth_34315,90
synth_34329,90
synth_34234,90
synth_34308,90
synth_34154,90
synth_34399,90
synth_34407,90
synth_34088,90
synth_34201,90
synth_34188,90
synth_34242,90
synth_34403,90
synth_34423,90
synth_34122,90
synth_34240,90
synth_34316,90
synth_34131,90
synth_34156,90
synth_34305,90
synth_34362,90
synth_34151,90
synth_34389,90
synth_34369,90
synth_34430,90
synth_34065,90
synth_34112,90
synth_34135,90
synth_34144,90
synth_34171,90
synth_34202,90
synth_34210,90
synth_34219,90
synth_34375,90
synth_34141,90
synth_34345,90
synth_34172,90
synth_34306,90
synth_34123,90
synth_34137,90
synth_34168,90
synth_34235,90
synth_34250,90
synth_34252,90
synth_34323,90
synth_34433,90
synth_34167,90
synth_34255,90
synth_34346,90
synth_34398,90
synth_34124,90
synth_34355,90
synth_34386,90
synth_34074,90
synth_34090,90
synth_34381,90
synth_34165,90
synth_34303,90
synth_34265,90
synth_34184,90
synth_34087,90
synth_34095,90
synth_34116,90
synth_34162,90
synth_34262,90
synth_34347,90
synth_34066,90
synth_34412,90
synth_34417,90
synth_34393,90
synth_34093,90
synth_34319,90
synth_34187,90
synth_34368,90
synth_34286,90
synth_34197,90
synth_34342,90
synth_34276,90
synth_34373,90
synth_34133,90
synth_34217,90
synth_34350,90
synth_34083,90
synth_34402,90
synth_34205,90
synth_34351,90
synth_34390,90
synth_34111,90
synth_34191,90
synth_34195,90
synth_34094,90
synth_34175,90
synth_34321,90
synth_34339,90
synth_34140,90
synth_34169,90
synth_34279,90
synth_34193,90
synth_34341,90
synth_34120,90
synth_34226,90
synth_34248,90
synth_34126,90
synth_34132,90
synth_34359,90
synth_34420,90
synth_34115,90
synth_34174,90
synth_34283,90
synth_34343,90
synth_34401,90
synth_34096,90
synth_34244,90
synth_34072,90
synth_34251,90
synth_34411,90
synth_34441,90
synth_34322,90
synth_34109,90
synth_34312,90
synth_34397,90
synth_34128,90
synth_34297,90
synth_34170,90
synth_34196,90
synth_34309,90
synth_34360,90
synth_34194,90
synth_34282,90
synth_34330,90
synth_34374,90
synth_34080,90
synth_34179,90
synth_34380,90
synth_34361,90
synth_34108,90
synth_34247,90
synth_34365,90
synth_34101,90
synth_34102,90
synth_34185,90
synth_34190,90
synth_34225,90
synth_34227,90
synth_34246,90
synth_34254,90
synth_34405,90
synth_34300,90
synth_34318,90
synth_34364,90
synth_34410,90
synth_34198,90
synth_34213,90
synth_34267,90
synth_34272,90
synth_34105,90
synth_34212,90
synth_34422,90
synth_34145,90
synth_34287,90
synth_34295,90
synth_34384,90
synth_34209,90
synth_34317,90
synth_34099,90
synth_34354,90
synth_34363,90
synth_34311,90
synth_34435,90
synth_34440,90
synth_34147,90
synth_34331,90
synth_34326,90
synth_34142,90
synth_34159,90
synth_34199,90
synth_34206,90
synth_34293,90
synth_34336,90
synth_34340,90
synth_34222,90
synth_34438,90
synth_34442,90
synth_34117,90
synth_34182,90
synth_34288,90
synth_34160,90
synth_34221,90
synth_34353,90
synth_34382,90
synth_34409,90
synth_34432,90
synth_34383,90
synth_34157,90
synth_34395,90
synth_34070,90
synth_34119,90
synth_34220,90
synth_34129,90
synth_34208,90
synth_34239,90
synth_34277,90
synth_34429,90
synth_34334,90
synth_34400,90
synth_34092,90
synth_34224,90
synth_34320,90
synth_34086,90
synth_34218,90
synth_34371,90
synth_34385,90
synth_34143,90
synth_34238,90
synth_34270,90
synth_34357,90
synth_34207,90
synth_34081,90
synth_34098,90
synth_34215,90
synth_34313,90
synth_34391,90
synth_34173,90
synth_34271,90
synth_34379,90
synth_34394,90
synth_34134,90
synth_34177,90
synth_34284,90
synth_34349,90
synth_34396,90
synth_34130,90
synth_34104,90
synth_34180,90
synth_34153,90
synth_34338,90
synth_34249,90
synth_34356,90
synth_34378,90
synth_34192,90
synth_34233,90
synth_34256,90
synth_34266,90
synth_34294,90
synth_34089,90
synth_34203,90
synth_34216,90
synth_34125,90
synth_34289,90
synth_34377,90
synth_34076,90
synth_34236,90
synth_34344,90
synth_34406,90
synth_34258,90
synth_34077,90
synth_34366,90
synth_34091,90
synth_34261,90
synth_34292,90
synth_34260,90
synth_34229,90
synth_34328,90
synth_34100,90
synth_34110,90
synth_34149,90
synth_34414,90
synth_34079,90
synth_34291,90
synth_34327,90
synth_34426,90
synth_34103,90
synth_34106,90
synth_34136,90
synth_34204,90
synth_34434,90
synth_34139,90
synth_34296,90
synth_34419,90
synth_34071,90
synth_34228,90
synth_34301,90
synth_34416,90
synth_34436,90
synth_34333,90
synth_34387,90
synth_34176,90
synth_34274,90
synth_34337,90
synth_34082,90
synth_34127,90
synth_34310,90
synth_34415,90
synth_34431,90
synth_34085,90
synth_34161,90
synth_34118,90
synth_34148,90
synth_34189,90
synth_34146,90
synth_34325,90
synth_34367,90
synth_34158,90
synth_34268,90
synth_34064,90
synth_34067,90
synth_34352,90
synth_34392,90
synth_34113,90
synth_34376,90
synth_34388,90
synth_34253,90
synth_34424,90
synth_34178,90
synth_34200,90
synth_34069,90
synth_34121,90
synth_34164,90
synth_34299,90
synth_34425,90
synth_34257,90
synth_34269,90
synth_34421,90
synth_34073,90
synth_34155,90
synth_34285,90
synth_34428,90
synth_34138,90
synth_34290,90
synth_34163,90
synth_34519,89
synth_34527,89
synth_34564,89
synth_34666,89
synth_34792,89
synth_34563,89
synth_34787,89
synth_34582,89
synth_34614,89
synth_34560,89
synth_34493,89
synth_34656,89
synth_34778,89
synth_34767,89
synth_34747,89
synth_34511,89
synth_34569,89
synth_34617,89
synth_34720,89
synth_34504,89
synth_34684,89
synth_34729,89
synth_34828,89
synth_34812,89
synth_34541,89
synth_34642,89
synth_34633,89
synth_34460,89
synth_34580,89
synth_34726,89
synth_34731,89
synth_34743,89
synth_34753,89
synth_34494,89
synth_34808,89
synth_34540,89
synth_34470,89
synth_34679,89
synth_34809,89
synth_34748,89
synth_34479,89
synth_34604,89
synth_34707,89
synth_34624,89
synth_34634,89
synth_34698,89
synth_34495,89
synth_34553,89
synth_34709,89
synth_34446,89
synth_34556,89
synth_34785,89
synth_34632,89
synth_34461,89
synth_34499,89
synth_34525,89
synth_34639,89
synth_34703,89
synth_34734,89
synth_34827,89
synth_34516,89
synth_34715,89
synth_34783,89
synth_34627,89
synth_34454,89
synth_34562,89
synth_34791,89
synth_34498,89
synth_34508,89
synth_34626,89
synth_34665,89
synth_34682,89
synth_34772,89
synth_34799,89
synth_34759,89
synth_34503,89
synth_34648,89
synth_34815,89
synth_34744,89
synth_34445,89
synth_34630,89
synth_34683,89
synth_34464,89
synth_34701,89
synth_34711,89
synth_34559,89
synth_34704,89
synth_34468,89
synth_34581,89
synth_34552,89
synth_34571,89
synth_34590,89
synth_34589,89
synth_34593,89
synth_34554,89
synth_34640,89
synth_34678,89
synth_34765,89
synth_34512,89
synth_34466,89
synth_34452,89
synth_34612,89
synth_34796,89
synth_34506,89
synth_34746,89
synth_34732,89
synth_34616,89
synth_34740,89
synth_34546,89
synth_34823,89
synth_34534,89
synth_34579,89
synth_34609,89
synth_34595,89
synth_34649,89
synth_34585,89
synth_34793,89
synth_34802,89
synth_34557,89
synth_34650,89
synth_34673,89
synth_34725,89
synth_34779,89
synth_34702,89
synth_34820,89
synth_34474,89
synth_34533,89
synth_34798,89
synth_34710,89
synth_34485,89
synth_34610,89
synth_34762,89
synth_34450,89
synth_34615,89
synth_34472,89
synth_34542,89
synth_34692,89
synth_34677,89
synth_34509,89
synth_34591,89
synth_34713,89
synth_34716,89
synth_34758,89
synth_34488,89
synth_34583,89
synth_34641,89
synth_34777,89
synth_34825,89
synth_34528,89
synth_34637,89
synth_34471,89
synth_34578,89
synth_34663,89
synth_34829,89
synth_34769,89
synth_34611,89
synth_34741,89
synth_34510,89
synth_34576,89
synth_34782,89
synth_34555,89
synth_34469,89
synth_34651,89
synth_34602,89
synth_34800,89
synth_34818,89
synth_34558,89
synth_34797,89
synth_34814,89
synth_34606,89
synth_34813,89
synth_34448,89
synth_34790,89
synth_34689,89
synth_34500,89
synth_34568,89
synth_34646,89
synth_34587,89
synth_34687,89
synth_34770,89
synth_34457,89
synth_34473,89
synth_34535,89
synth_34465,89
synth_34547,89
synth_34745,89
synth_34694,89
synth_34761,89
synth_34816,89
synth_34821,89
synth_34608,89
synth_34706,89
synth_34724,89
synth_34478,89
synth_34705,89
synth_34518,89
synth_34570,89
synth_34831,89
synth_34735,89
synth_34623,89
synth_34505,89
synth_34522,89
synth_34672,89
synth_34629,89
synth_34622,89
synth_34819,89
synth_34575,89
synth_34489,89
synth_34618,89
synth_34664,89
synth_34742,89
synth_34536,89
synth_34817,89
synth_34467,89
synth_34712,89
synth_34754,89
synth_34730,89
synth_34490,89
synth_34529,89
synth_34538,89
synth_34462,89
synth_34638,89
synth_34645,89
synth_34481,89
synth_34613,89
synth_34824,89
synth_34647,89
synth_34661,89
synth_34675,89
synth_34447,89
synth_34513,89
synth_34572,89
synth_34524,89
synth_34551,89
synth_34676,89
synth_34693,89
synth_34455,89
synth_34477,89
synth_34502,89
synth_34507,89
synth_34738,89
synth_34584,89
synth_34681,89
synth_34592,89
synth_34671,89
synth_34660,89
synth_34727,89
synth_34475,89
synth_34654,89
synth_34699,89
synth_34776,89
synth_34520,89
synth_34789,89
synth_34628,89
synth_34659,89
synth_34521,89
synth_34719,89
synth_34515,89
synth_34655,89
synth_34755,89
synth_34598,89
synth_34619,89
synth_34757,89
synth_34774,89
synth_34668,89
synth_34483,89
synth_34749,89
synth_34449,89
synth_34690,89
synth_34795,89
synth_34544,89
synth_34723,89
synth_34605,89
synth_34811,89
synth_34760,89
synth_34771,89
synth_34497,89
synth_34653,89
synth_34577,89
synth_34594,89
synth_34599,89
synth_34635,89
synth_34523,89
synth_34543,89
synth_34487,89
synth_34700,89
synth_34670,89
synth_34807,89
synth_34492,89
synth_34806,89
synth_34526,89
synth_34733,89
synth_34537,89
synth_34451,89
synth_34463,89
synth_34561,89
synth_34530,89
synth_34652,89
synth_34714,89
synth_34691,89
synth_34775,89
synth_34596,89
synth_34443,89
synth_34482,89
synth_34566,89
synth_34657,89
synth_34621,89
synth_34456,89
synth_34549,89
synth_34667,89
synth_34674,89
synth_34773,89
synth_34722,89
synth_34786,89
synth_34601,89
synth_34550,89
synth_34695,89
synth_34830,89
synth_34574,89
synth_34717,89
synth_34458,89
synth_34496,89
synth_34501,89
synth_34658,89
synth_34697,89
synth_34763,89
synth_34680,89
synth_34567,89
synth_34788,89
synth_34517,89
synth_34631,89
synth_34764,89
synth_34484,89
synth_34696,89
synth_34826,89
synth_34532,89
synth_34539,89
synth_34545,89
synth_34607,89
synth_34721,89
synth_34453,89
synth_34662,89
synth_34784,89
synth_34444,89
synth_34804,89
synth_34805,89
synth_34643,89
synth_34588,89
synth_34794,89
synth_34548,89
synth_34686,89
synth_34476,89
synth_34486,89
synth_34597,89
synth_34603,89
synth_34728,89
synth_34750,89
synth_34514,89
synth_34565,89
synth_34752,89
synth_34822,89
synth_34480,89
synth_34718,89
synth_34736,89
synth_34586,89
synth_34459,89
synth_34573,89
synth_34751,89
synth_34491,89
synth_34644,89
synth_34803,89
synth_34531,89
synth_34781,89
synth_34620,89
synth_34739,89
synth_34756,89
synth_34708,89
synth_34766,89
synth_34625,89
synth_34636,89
synth_34768,89
synth_34801,89
synth_34685,89
synth_34669,89
synth_34600,89
synth_34688,89
synth_34810,89
synth_34737,89
synth_34780,89
synth_34888,88
synth_34958,88
synth_35155,88
synth_34945,88
synth_34894,88
synth_34891,88
synth_34931,88
synth_35195,88
synth_35199,88
synth_34966,88
synth_35197,88
synth_34905,88
synth_35074,88
synth_35150,88
synth_35171,88
synth_35040,88
synth_34873,88
synth_34963,88
synth_34901,88
synth_35168,88
synth_34882,88
synth_34959,88
synth_35180,88
synth_35216,88
synth_35042,88
synth_34936,88
synth_35086,88
synth_35217,88
synth_34847,88
synth_35160,88
synth_35000,88
synth_35173,88
synth_35005,88
synth_35093,88
synth_35094,88
synth_35011,88
synth_34957,88
synth_34993,88
synth_35053,88
synth_35113,88
synth_35129,88
synth_35211,88
synth_35021,88
synth_35069,88
synth_35159,88
synth_35061,88
synth_34926,88
synth_35172,88
synth_35206,88
synth_34892,88
synth_34951,88
synth_35101,88
synth_34898,88
synth_35006,88
synth_35082,88
synth_35119,88
synth_34893,88
synth_35198,88
synth_35179,88
synth_34895,88
synth_35207,88
synth_35229,88
synth_34837,88
synth_35002,88
synth_35066,88
synth_34952,88
synth_35154,88
synth_35084,88
synth_35122,88
synth_35013,88
synth_34933,88
synth_35027,88
synth_35151,88
synth_35181,88
synth_35131,88
synth_35187,88
synth_34980,88
synth_34838,88
synth_34948,88
synth_35035,88
synth_35200,88
synth_34855,88
synth_35114,88
synth_34991,88
synth_35111,88
synth_35134,88
synth_34939,88
synth_35014,88
synth_35055,88
synth_35174,88
synth_35032,88
synth_35109,88
synth_34835,88
synth_34884,88
synth_34988,88
synth_34990,88
synth_35026,88
synth_34928,88
synth_35037,88
synth_35193,88
synth_35228,88
synth_35190,88
synth_35046,88
synth_35120,88
synth_35124,88
synth_34857,88
synth_35033,88
synth_34913,88
synth_34984,88
synth_34920,88
synth_34983,88
synth_35219,88
synth_35030,88
synth_35162,88
synth_35176,88
synth_35184,88
synth_34964,88
synth_34854,88
synth_34897,88
synth_35104,88
synth_35161,88
synth_35209,88
synth_34923,88
synth_35221,88
synth_35158,88
synth_35137,88
synth_35128,88
synth_35016,88
synth_34883,88
synth_34937,88
synth_34997,88
synth_35036,88
synth_35188,88
synth_35067,88
synth_35125,88
synth_34967,88
synth_35222,88
synth_35205,88
synth_35050,88
synth_35185,88
synth_35057,88
synth_34851,88
synth_34943,88
synth_34965,88
synth_35141,88
synth_35175,88
synth_35018,88
synth_35007,88
synth_34935,88
synth_34858,88
synth_34880,88
synth_34932,88
synth_35139,88
synth_34868,88
synth_35157,88
synth_34845,88
synth_34940,88
synth_34925,88
synth_35068,88
synth_35070,88
synth_35020,88
synth_34944,88
synth_35183,88
synth_35038,88
synth_35210,88
synth_34973,88
synth_34848,88
synth_34956,88
synth_35024,88
synth_35212,88
synth_35103,88
synth_34869,88
synth_34992,88
synth_35019,88
synth_34853,88
synth_35023,88
synth_35130,88
synth_35192,88
synth_35225,88
synth_34852,88
synth_35170,88
synth_34910,88
synth_34927,88
synth_34947,88
synth_35194,88
synth_34900,88
synth_35004,88
synth_34881,88
synth_34982,88
synth_35041,88
synth_34938,88
synth_35148,88
synth_35047,88
synth_35060,88
synth_35062,88
synth_35081,88
synth_35169,88
synth_34999,88
synth_35072,88
synth_35177,88
synth_34875,88
synth_35127,88
synth_35064,88
synth_34930,88
synth_35065,88
synth_34961,88
synth_35039,88
synth_35083,88
synth_34886,88
synth_35133,88
synth_35218,88
synth_34915,88
synth_35100,88
synth_34878,88
synth_34909,88
synth_34987,88
synth_35049,88
synth_35191,88
synth_34849,88
synth_34921,88
synth_34844,88
synth_34859,88
synth_34970,88
synth_35182,88
synth_35076,88
synth_35189,88
synth_35224,88
synth_34934,88
synth_34876,88
synth_35031,88
synth_35095,88
synth_34968,88
synth_35090,88
synth_34896,88
synth_35008,88
synth_35059,88
synth_35149,88
synth_35165,88
synth_34995,88
synth_34922,88
synth_35118,88
synth_34908,88
synth_35102,88
synth_34904,88
synth_34906,88
synth_34986,88
synth_35022,88
synth_35108,88
synth_35142,88
synth_34979,88
synth_35143,88
synth_35138,88
synth_35220,88
synth_34969,88
synth_35058,88
synth_35054,88
synth_35087,88
synth_34877,88
synth_34862,88
synth_34866,88
synth_34890,88
synth_34974,88
synth_34996,88
synth_34962,88
synth_34850,88
synth_35001,88
synth_34942,88
synth_35045,88
synth_34861,88
synth_35126,88
synth_35202,88
synth_34914,88
synth_35145,88
synth_35010,88
synth_34860,88
synth_34924,88
synth_35147,88
synth_34846,88
synth_35063,88
synth_34929,88
synth_35017,88
synth_34907,88
synth_34975,88
synth_35146,88
synth_35167,88
synth_34889,88
synth_34918,88
synth_35156,88
synth_34834,88
synth_34953,88
synth_35178,88
synth_34833,88
synth_34879,88
synth_35003,88
synth_34912,88
synth_35080,88
synth_35153,88
synth_35186,88
synth_35107,88
synth_35116,88
synth_34887,88
synth_34911,88
synth_34950,88
synth_34978,88
synth_35115,88
synth_34985,88
synth_35123,88
synth_34903,88
synth_35051,88
synth_35073,88
synth_35166,88
synth_35025,88
synth_35208,88
synth_35213,88
synth_34946,88
synth_34976,88
synth_35029,88
synth_35034,88
synth_34832,88
synth_34842,88
synth_35196,88
synth_35043,88
synth_35099,88
synth_34843,88
synth_34856,88
synth_35012,88
synth_34971,88
synth_34998,88
synth_35136,88
synth_34885,88
synth_34972,88
synth_35048,88
synth_35144,88
synth_34977,88
synth_34989,88
synth_35140,88
synth_35223,88
synth_34874,88
synth_34840,88
synth_35078,88
synth_34955,88
synth_35079,88
synth_34864,88
synth_35085,88
synth_35097,88
synth_35105,88
synth_34917,88
synth_34899,88
synth_34902,88
synth_35052,88
synth_34916,88
synth_35028,88
synth_35056,88
synth_34870,88
synth_35132,88
synth_34839,88
synth_34949,88
synth_35135,88
synth_34954,88
synth_35077,88
synth_34981,88
synth_35009,88
synth_34863,88
synth_34941,88
synth_34994,88
synth_35152,88
synth_35204,88
synth_35226,88
synth_35163,88
synth_34841,88
synth_35110,88
synth_35164,88
synth_34919,88
synth_35106,88
synth_35112,88
synth_34872,88
synth_35044,88
synth_34865,88
synth_35098,88
synth_35201,88
synth_35121,88
synth_34836,88
synth_34867,88
synth_34871,88
synth_35096,88
synth_35015,88
synth_35215,88
synth_35227,88
synth_35203,88
synth_35117,88
synth_35089,88
synth_35092,88
synth_35071,88
synth_34960,88
synth_35091,88
synth_35214,88
synth_35075,88
synth_35088,88
synth_35230,87
synth_35234,87
synth_35462,87
synth_35529,87
synth_35537,87
synth_35582,87
synth_35590,87
synth_35324,87
synth_35442,87
synth_35249,87
synth_35623,87
synth_35233,87
synth_35361,87
synth_35596,87
synth_35520,87
synth_35578,87
synth_35359,87
synth_35332,87
synth_35312,87
synth_35281,87
synth_35422,87
synth_35441,87
synth_35456,87
synth_35557,87
synth_35413,87
synth_35248,87
synth_35424,87
synth_35343,87
synth_35362,87
synth_35237,87
synth_35344,87
synth_35490,87
synth_35307,87
synth_35523,87
synth_35600,87
synth_35289,87
synth_35291,87
synth_35494,87
synth_35551,87
synth_35631,87
synth_35391,87
synth_35416,87
synth_35579,87
synth_35513,87
synth_35559,87
synth_35576,87
synth_35629,87
synth_35502,87
synth_35504,87
synth_35511,87
synth_35303,87
synth_35597,87
synth_35497,87
synth_35625,87
synth_35373,87
synth_35241,87
synth_35535,87
synth_35348,87
synth_35563,87
synth_35604,87
synth_35457,87
synth_35286,87
synth_35461,87
synth_35366,87
synth_35319,87
synth_35430,87
synth_35260,87
synth_35370,87
synth_35476,87
synth_35556,87
synth_35574,87
synth_35588,87
synth_35612,87
synth_35380,87
synth_35451,87
synth_35459,87
synth_35618,87
synth_35622,87
synth_35414,87
synth_35500,87
synth_35501,87
synth_35394,87
synth_35435,87
synth_35527,87
synth_35428,87
synth_35455,87
synth_35460,87
synth_35275,87
synth_35311,87
synth_35285,87
synth_35503,87
synth_35325,87
synth_35452,87
synth_35518,87
synth_35519,87
synth_35279,87
synth_35603,87
synth_35341,87
synth_35377,87
synth_35458,87
synth_35465,87
synth_35479,87
synth_35508,87
synth_35573,87
synth_35400,87
synth_35390,87
synth_35549,87
synth_35383,87
synth_35268,87
synth_35558,87
synth_35484,87
synth_35514,87
synth_35288,87
synth_35627,87
synth_35543,87
synth_35517,87
synth_35611,87
synth_35552,87
synth_35330,87
synth_35493,87
synth_35317,87
synth_35378,87
synth_35420,87
synth_35245,87
synth_35309,87
synth_35464,87
synth_35316,87
synth_35405,87
synth_35584,87
synth_35538,87
synth_35335,87
synth_35626,87
synth_35315,87
synth_35374,87
synth_35566,87
synth_35242,87
synth_35470,87
synth_35386,87
synth_35445,87
synth_35542,87
synth_35617,87
synth_35580,87
synth_35262,87
synth_35489,87
synth_35616,87
synth_35287,87
synth_35403,87
synth_35555,87
synth_35450,87
synth_35495,87
synth_35532,87
synth_35337,87
synth_35283,87
synth_35320,87
synth_35510,87
synth_35602,87
synth_35284,87
synth_35318,87
synth_35526,87
synth_35427,87
synth_35632,87
synth_35352,87
synth_35439,87
synth_35255,87
synth_35393,87
synth_35621,87
synth_35635,87
synth_35294,87
synth_35349,87
synth_35533,87
synth_35541,87
synth_35321,87
synth_35606,87
synth_35339,87
synth_35350,87
synth_35375,87
synth_35384,87
synth_35313,87
synth_35336,87
synth_35474,87
synth_35564,87
synth_35531,87
synth_35536,87
synth_35613,87
synth_35243,87
synth_35273,87
synth_35282,87
synth_35482,87
synth_35251,87
synth_35387,87
synth_35270,87
synth_35446,87
synth_35516,87
synth_35505,87
synth_35232,87
synth_35371,87
synth_35379,87
synth_35506,87
synth_35304,87
synth_35396,87
synth_35599,87
synth_35357,87
synth_35365,87
synth_35438,87
synth_35256,87
synth_35314,87
synth_35483,87
synth_35571,87
synth_35246,87
synth_35388,87
synth_35496,87
synth_35421,87
synth_35322,87
synth_35363,87
synth_35544,87
synth_35545,87
synth_35296,87
synth_35351,87
synth_35367,87
synth_35548,87
synth_35247,87
synth_35261,87
synth_35346,87
synth_35521,87
synth_35340,87
synth_35409,87
synth_35466,87
synth_35534,87
synth_35605,87
synth_35263,87
synth_35561,87
synth_35399,87
synth_35437,87
synth_35565,87
synth_35443,87
synth_35395,87
synth_35415,87
synth_35434,87
synth_35449,87
synth_35554,87
synth_35577,87
synth_35575,87
synth_35525,87
synth_35274,87
synth_35448,87
synth_35568,87
synth_35546,87
synth_35278,87
synth_35385,87
synth_35586,87
synth_35360,87
synth_35587,87
synth_35353,87
synth_35492,87
synth_35615,87
synth_35468,87
synth_35619,87
synth_35231,87
synth_35369,87
synth_35410,87
synth_35423,87
synth_35426,87
synth_35463,87
synth_35595,87
synth_35310,87
synth_35598,87
synth_35411,87
synth_35583,87
synth_35601,87
synth_35334,87
synth_35356,87
synth_35473,87
synth_35528,87
synth_35610,87
synth_35276,87
synth_35425,87
synth_35254,87
synth_35265,87
synth_35328,87
synth_35264,87
synth_35358,87
synth_35392,87
synth_35253,87
synth_35630,87
synth_35272,87
synth_35345,87
synth_35240,87
synth_35481,87
synth_35406,87
synth_35440,87
synth_35485,87
synth_35581,87
synth_35609,87
synth_35338,87
synth_35382,87
synth_35562,87
synth_35628,87
synth_35250,87
synth_35418,87
synth_35444,87
synth_35607,87
synth_35633,87
synth_35372,87
synth_35509,87
synth_35560,87
synth_35295,87
synth_35376,87
synth_35636,87
synth_35238,87
synth_35277,87
synth_35305,87
synth_35436,87
synth_35539,87
synth_35634,87
synth_35259,87
synth_35429,87
synth_35454,87
synth_35408,87
synth_35488,87
synth_35404,87
synth_35467,87
synth_35293,87
synth_35301,87
synth_35327,87
synth_35487,87
synth_35292,87
synth_35419,87
synth_35512,87
synth_35290,87
synth_35540,87
synth_35280,87
synth_35478,87
synth_35553,87
synth_35591,87
synth_35297,87
synth_35550,87
synth_35614,87
synth_35306,87
synth_35469,87
synth_35547,87
synth_35567,87
synth_35471,87
synth_35499,87
synth_35593,87
synth_35637,87
synth_35354,87
synth_35252,87
synth_35269,87
synth_35331,87
synth_35401,87
synth_35236,87
synth_35402,87
synth_35524,87
synth_35585,87
synth_35624,87
synth_35570,87
synth_35257,87
synth_35298,87
synth_35480,87
synth_35491,87
synth_35589,87
synth_35266,87
synth_35572,87
synth_35620,87
synth_35239,87
synth_35258,87
synth_35342,87
synth_35407,87
synth_35333,87
synth_35515,87
synth_35472,87
synth_35507,87
synth_35355,87
synth_35592,87
synth_35594,87
synth_35397,87
synth_35432,87
synth_35323,87
synth_35447,87
synth_35431,87
synth_35326,87
synth_35486,87
synth_35412,87
synth_35530,87
synth_35235,87
synth_35302,87
synth_35308,87
synth_35329,87
synth_35368,87
synth_35398,87
synth_35453,87
synth_35389,87
synth_35433,87
synth_35381,87
synth_35498,87
synth_35522,87
synth_35244,87
synth_35267,87
synth_35271,87
synth_35475,87
synth_35299,87
synth_35300,87
synth_35417,87
synth_35364,87
synth_35477,87
synth_35569,87
synth_35347,87
synth_35608,87
synth_35811,86
synth_36050,86
synth_35930,86
synth_35974,86
synth_35688,86
synth_35985,86
synth_35988,86
synth_35999,86
synth_35883,86
synth_36008,86
synth_35801,86
synth_35842,86
synth_35857,86
synth_35928,86
synth_36048,86
synth_35647,86
synth_36020,86
synth_36043,86
synth_35670,86
synth_35876,86
synth_36018,86
synth_35951,86
synth_35969,86
synth_35975,86
synth_35733,86
synth_35910,86
synth_35944,86
synth_36036,86
synth_35882,86
synth_35656,86
synth_35784,86
synth_35776,86
synth_35683,86
synth_35755,86
synth_35659,86
synth_35918,86
synth_35807,86
synth_35862,86
synth_35855,86
synth_35860,86
synth_35728,86
synth_35937,86
synth_35852,86
synth_35816,86
synth_35859,86
synth_35672,86
synth_35767,86
synth_35997,86
synth_35693,86
synth_35760,86
synth_35788,86
synth_35978,86
synth_35790,86
synth_36017,86
synth_35824,86
synth_35708,86
synth_35863,86
synth_35745,86
synth_35956,86
synth_35820,86
synth_35768,86
synth_35740,86
synth_35906,86
synth_35873,86
synth_35710,86
synth_35909,86
synth_35675,86
synth_35912,86
synth_35690,86
synth_35818,86
synth_35893,86
synth_35648,86
synth_35651,86
synth_35719,86
synth_36029,86
synth_35774,86
synth_35681,86
synth_35911,86
synth_36015,86
synth_35858,86
synth_35762,86
synth_35796,86
synth_35914,86
synth_35677,86
synth_35772,86
synth_35839,86
synth_35765,86
synth_35645,86
synth_35970,86
synth_36054,86
synth_35812,86
synth_35954,86
synth_35819,86
synth_35639,86
synth_35926,86
synth_36028,86
synth_35832,86
synth_35849,86
synth_35971,86
synth_35715,86
synth_35947,86
synth_35678,86
synth_35638,86
synth_35650,86
synth_35888,86
synth_35777,86
synth_35996,86
synth_35804,86
synth_35844,86
synth_35646,86
synth_35653,86
synth_35879,86
synth_35919,86
synth_35751,86
synth_35980,86
synth_35665,86
synth_35709,86
synth_35903,86
synth_36002,86
synth_35643,86
synth_35798,86
synth_35663,86
synth_35701,86
synth_35705,86
synth_35884,86
synth_35716,86
synth_35901,86
synth_35785,86
synth_35759,86
synth_35878,86
synth_36039,86
synth_35668,86
synth_35700,86
synth_35702,86
synth_35714,86
synth_35757,86
synth_35758,86
synth_35989,86
synth_35977,86
synth_35752,86
synth_35731,86
synth_35920,86
synth_35684,86
synth_35880,86
synth_35875,86
synth_35845,86
synth_35950,86
synth_35868,86
synth_35927,86
synth_35848,86
synth_35889,86
synth_35939,86
synth_35837,86
synth_35938,86
synth_36038,86
synth_35738,86
synth_35932,86
synth_35666,86
synth_35669,86
synth_35810,86
synth_35828,86
synth_35658,86
synth_35723,86
synth_35729,86
synth_36051,86
synth_35743,86
synth_35929,86
synth_35959,86
synth_35694,86
synth_35763,86
synth_35664,86
synth_35916,86
synth_35654,86
synth_35994,86
synth_35695,86
synth_35718,86
synth_35808,86
synth_35769,86
synth_35973,86
synth_35861,86
synth_35935,86
synth_35981,86
synth_35993,86
synth_35756,86
synth_35792,86
synth_35936,86
synth_35864,86
synth_35870,86
synth_35739,86
synth_35746,86
synth_35940,86
synth_35990,86
synth_36001,86
synth_35829,86
synth_35957,86
synth_36025,86
synth_35838,86
synth_36009,86
synth_35793,86
synth_35730,86
synth_35789,86
synth_35674,86
synth_35783,86
synth_35712,86
synth_35983,86
synth_36016,86
synth_35791,86
synth_35872,86
synth_36006,86
synth_35782,86
synth_35976,86
synth_35685,86
synth_35827,86
synth_35732,86
synth_35787,86
synth_36004,86
synth_35649,86
synth_35809,86
synth_35945,86
synth_35965,86
synth_35797,86
synth_35744,86
synth_35748,86
synth_35835,86
synth_35894,86
synth_35913,86
synth_35689,86
synth_35692,86
synth_35979,86
synth_35948,86
synth_35963,86
synth_35841,86
synth_35711,86
synth_36023,86
synth_35680,86
synth_35737,86
synth_35991,86
synth_35722,86
synth_35741,86
synth_36013,86
synth_36034,86
synth_35660,86
synth_35961,86
synth_36026,86
synth_35853,86
synth_35704,86
synth_35676,86
synth_35770,86
synth_35902,86
synth_35925,86
synth_35931,86
synth_35962,86
synth_35900,86
synth_36033,86
synth_35800,86
synth_36031,86
synth_35781,86
synth_35847,86
synth_35655,86
synth_35892,86
synth_36053,86
synth_35686,86
synth_35773,86
synth_35641,86
synth_35657,86
synth_35721,86
synth_35749,86
synth_35856,86
synth_35952,86
synth_36040,86
synth_35652,86
synth_35717,86
synth_36007,86
synth_35825,86
synth_35735,86
synth_35949,86
synth_35998,86
synth_36035,86
synth_35806,86
synth_35843,86
synth_35822,86
synth_35967,86
synth_35986,86
synth_36011,86
synth_35706,86
synth_36010,86
synth_36032,86
synth_36041,86
synth_35794,86
synth_35815,86
synth_35890,86
synth_35799,86
synth_35921,86
synth_35813,86
synth_35703,86
synth_35877,86
synth_36027,86
synth_36046,86
synth_35850,86
synth_35874,86
synth_35899,86
synth_35972,86
synth_35865,86
synth_36030,86
synth_35754,86
synth_35831,86
synth_35667,86
synth_35644,86
synth_35881,86
synth_35713,86
synth_35814,86
synth_35968,86
synth_35699,86
synth_35771,86
synth_35742,86
synth_35897,86
synth_36021,86
synth_36049,86
synth_35866,86
synth_35867,86
synth_35896,86
synth_35907,86
synth_35691,86
synth_35697,86
synth_35871,86
synth_35908,86
synth_35964,86
synth_35750,86
synth_35834,86
synth_35851,86
synth_35803,86
synth_36003,86
synth_35753,86
synth_35778,86
synth_35987,86
synth_35915,86
synth_35941,86
synth_35775,86
synth_35960,86
synth_36042,86
synth_35736,86
synth_35905,86
synth_35924,86
synth_36005,86
synth_35795,86
synth_35869,86
synth_35933,86
synth_36012,86
synth_36014,86
synth_35886,86
synth_36052,86
synth_36022,86
synth_35661,86
synth_35958,86
synth_35696,86
synth_35764,86
synth_35727,86
synth_35786,86
synth_35946,86
synth_35671,86
synth_35682,86
synth_36019,86
synth_35846,86
synth_35720,86
synth_35802,86
synth_35942,86
synth_36044,86
synth_35766,86
synth_35823,86
synth_35891,86
synth_35895,86
synth_35982,86
synth_35673,86
synth_35642,86
synth_35917,86
synth_36000,86
synth_35747,86
synth_35922,86
synth_35779,86
synth_35833,86
synth_35887,86
synth_35761,86
synth_35854,86
synth_35923,86
synth_35953,86
synth_36024,86
synth_35904,86
synth_35934,86
synth_35943,86
synth_35995,86
synth_35640,86
synth_35821,86
synth_35805,86
synth_35662,86
synth_35724,86
synth_35687,86
synth_35898,86
synth_35725,86
synth_35734,86
synth_35966,86
synth_35780,86
synth_35826,86
synth_35836,86
synth_36045,86
synth_35698,86
synth_35992,86
synth_35885,86
synth_35679,86
synth_35984,86
synth_36037,86
synth_35726,86
synth_35955,86
synth_35707,86
synth_36047,86
synth_35817,86
synth_35830,86
synth_35840,86
synth_36260,85
synth_36407,85
synth_36432,85
synth_36240,85
synth_36164,85
synth_36092,85
synth_36205,85
synth_36236,85
synth_36310,85
synth_36380,85
synth_36069,85
synth_36210,85
synth_36224,85
synth_36086,85
synth_36242,85
synth_36386,85
synth_36296,85
synth_36178,85
synth_36139,85
synth_36080,85
synth_36097,85
synth_36113,85
synth_36351,85
synth_36404,85
synth_36070,85
synth_36078,85
synth_36344,85
synth_36297,85
synth_36453,85
synth_36228,85
synth_36469,85
synth_36265,85
synth_36323,85
synth_36434,85
synth_36160,85
synth_36189,85
synth_36202,85
synth_36359,85
synth_36367,85
synth_36397,85
synth_36412,85
synth_36055,85
synth_36211,85
synth_36261,85
synth_36294,85
synth_36180,85
synth_36317,85
synth_36452,85
synth_36269,85
synth_36424,85
synth_36475,85
synth_36137,85
synth_36322,85
synth_36343,85
synth_36370,85
synth_36406,85
synth_36095,85
synth_36216,85
synth_36247,85
synth_36340,85
synth_36066,85
synth_36165,85
synth_36251,85
synth_36268,85
synth_36354,85
synth_36464,85
synth_36399,85
synth_36073,85
synth_36101,85
synth_36450,85
synth_36062,85
synth_36320,85
synth_36282,85
synth_36208,85
synth_36295,85
synth_36315,85
synth_36477,85
synth_36162,85
synth_36273,85
synth_36382,85
synth_36307,85
synth_36308,85
synth_36478,85
synth_36176,85
synth_36270,85
synth_36109,85
synth_36149,85
synth_36415,85
synth_36140,85
synth_36348,85
synth_36091,85
synth_36372,85
synth_36225,85
synth_36147,85
synth_36145,85
synth_36209,85
synth_36316,85
synth_36121,85
synth_36124,85
synth_36125,85
synth_36138,85
synth_36305,85
synth_36378,85
synth_36383,85
synth_36081,85
synth_36244,85
synth_36431,85
synth_36479,85
synth_36254,85
synth_36355,85
synth_36196,85
synth_36218,85
synth_36102,85
synth_36104,85
synth_36271,85
synth_36345,85
synth_36433,85
synth_36440,85
synth_36409,85
synth_36410,85
synth_36259,85
synth_36471,85
synth_36106,85
synth_36126,85
synth_36156,85
synth_36325,85
synth_36467,85
synth_36300,85
synth_36263,85
synth_36272,85
synth_36222,85
synth_36185,85
synth_36411,85
synth_36266,85
synth_36318,85
synth_36430,85
synth_36072,85
synth_36090,85
synth_36279,85
synth_36190,85
synth_36334,85
synth_36203,85
synth_36356,85
synth_36374,85
synth_36219,85
synth_36089,85
synth_36292,85
synth_36114,85
synth_36172,85
synth_36365,85
synth_36387,85
synth_36324,85
synth_36418,85
synth_36246,85
synth_36327,85
synth_36445,85
synth_36414,85
synth_36198,85
synth_36364,85
synth_36187,85
synth_36093,85
synth_36132,85
synth_36428,85
synth_36158,85
synth_36245,85
synth_36472,85
synth_36420,85
synth_36458,85
synth_36127,85
synth_36233,85
synth_36400,85
synth_36291,85
synth_36148,85
synth_36258,85
synth_36276,85
synth_36444,85
synth_36342,85
synth_36152,85
synth_36256,85
synth_36439,85
synth_36480,85
synth_36405,85
synth_36476,85
synth_36252,85
synth_36338,85
synth_36237,85
synth_36192,85
synth_36421,85
synth_36455,85
synth_36105,85
synth_36191,85
synth_36214,85
synth_36375,85
synth_36394,85
synth_36197,85
synth_36157,85
synth_36174,85
synth_36088,85
synth_36133,85
synth_36207,85
synth_36402,85
synth_36221,85
synth_36267,85
synth_36131,85
synth_36204,85
synth_36290,85
synth_36429,85
synth_36201,85
synth_36377,85
synth_36309,85
synth_36243,85
synth_36395,85
synth_36427,85
synth_36423,85
synth_36470,85
synth_36285,85
synth_36413,85
synth_36426,85
synth_36096,85
synth_36416,85
synth_36287,85
synth_36173,85
synth_36280,85
synth_36227,85
synth_36442,85
synth_36459,85
synth_36182,85
synth_36220,85
synth_36215,85
synth_36332,85
synth_36385,85
synth_36425,85
synth_36076,85
synth_36141,85
synth_36144,85
synth_36447,85
synth_36347,85
synth_36085,85
synth_36223,85
synth_36068,85
synth_36100,85
synth_36234,85
synth_36333,85
synth_36289,85
synth_36293,85
synth_36059,85
synth_36142,85
synth_36179,85
synth_36235,85
synth_36129,85
synth_36314,85
synth_36288,85
synth_36213,85
synth_36437,85
synth_36401,85
synth_36064,85
synth_36146,85
synth_36331,85
synth_36321,85
synth_36362,85
synth_36123,85
synth_36391,85
synth_36326,85
synth_36330,85
synth_36167,85
synth_36241,85
synth_36357,85
synth_36389,85
synth_36303,85
synth_36361,85
synth_36120,85
synth_36403,85
synth_36257,85
synth_36388,85
synth_36060,85
synth_36301,85
synth_36274,85
synth_36466,85
synth_36122,85
synth_36206,85
synth_36075,85
synth_36116,85
synth_36150,85
synth_36311,85
synth_36337,85
synth_36226,85
synth_36286,85
synth_36154,85
synth_36349,85
synth_36098,85
synth_36350,85
synth_36393,85
synth_36111,85
synth_36398,85
synth_36408,85
synth_36238,85
synth_36232,85
synth_36419,85
synth_36099,85
synth_36336,85
synth_36396,85
synth_36151,85
synth_36188,85
synth_36253,85
synth_36304,85
synth_36130,85
synth_36229,85
synth_36058,85
synth_36067,85
synth_36161,85
synth_36435,85
synth_36166,85
synth_36353,85
synth_36390,85
synth_36195,85
synth_36175,85
synth_36298,85
synth_36118,85
synth_36249,85
synth_36329,85
synth_36107,85
synth_36461,85
synth_36346,85
synth_36360,85
synth_36077,85
synth_36384,85
synth_36117,85
synth_36212,85
synth_36335,85
synth_36369,85
synth_36379,85
synth_36456,85
synth_36087,85
synth_36163,85
synth_36264,85
synth_36371,85
synth_36084,85
synth_36103,85
synth_36181,85
synth_36339,85
synth_36366,85
synth_36094,85
synth_36451,85
synth_36231,85
synth_36134,85
synth_36186,85
synth_36262,85
synth_36061,85
synth_36352,85
synth_36463,85
synth_36373,85
synth_36449,85
synth_36454,85
synth_36248,85
synth_36358,85
synth_36363,85
synth_36277,85
synth_36169,85
synth_36184,85
synth_36312,85
synth_36275,85
synth_36457,85
synth_36065,85
synth_36136,85
synth_36168,85
synth_36177,85
synth_36392,85
synth_36473,85
synth_36474,85
synth_36119,85
synth_36381,85
synth_36462,85
synth_36468,85
synth_36328,85
synth_36193,85
synth_36436,85
synth_36108,85
synth_36171,85
synth_36230,85
synth_36284,85
synth_36441,85
synth_36465,85
synth_36319,85
synth_36200,85
synth_36446,85
synth_36057,85
synth_36250,85
synth_36071,85
synth_36082,85
synth_36306,85
synth_36448,85
synth_36056,85
synth_36239,85
synth_36281,85
synth_36110,85
synth_36170,85
synth_36255,85
synth_36278,85
synth_36063,85
synth_36079,85
synth_36153,85
synth_36194,85
synth_36302,85
synth_36083,85
synth_36299,85
synth_36074,85
synth_36155,85
synth_36112,85
synth_36313,85
synth_36368,85
synth_36199,85
synth_36283,85
synth_36443,85
synth_36460,85
synth_36159,85
synth_36376,85
synth_36438,85
synth_36128,85
synth_36417,85
synth_36115,85
synth_36183,85
synth_36341,85
synth_36135,85
synth_36217,85
synth_36422,85
synth_36143,85
synth_36730,84
synth_36683,84
synth_36826,84
synth_36511,84
synth_36648,84
synth_36612,84
synth_36541,84
synth_36491,84
synth_36516,84
synth_36487,84
synth_36634,84
synth_36895,84
synth_36905,84
synth_36637,84
synth_36775,84
synth_36890,84
synth_36577,84
synth_36583,84
synth_36838,84
synth_36551,84
synth_36643,84
synth_36860,84
synth_36481,84
synth_36701,84
synth_36854,84
synth_36654,84
synth_36746,84
synth_36533,84
synth_36534,84
synth_36862,84
synth_36738,84
synth_36803,84
synth_36627,84
synth_36706,84
synth_36716,84
synth_36702,84
synth_36736,84
synth_36810,84
synth_36844,84
synth_36846,84
synth_36500,84
synth_36512,84
synth_36528,84
synth_36748,84
synth_36825,84
synth_36483,84
synth_36514,84
synth_36628,84
synth_36685,84
synth_36830,84
synth_36752,84
synth_36758,84
synth_36806,84
synth_36828,84
synth_36617,84
synth_36720,84
synth_36532,84
synth_36542,84
synth_36597,84
synth_36725,84
synth_36908,84
synth_36571,84
synth_36591,84
synth_36550,84
synth_36670,84
synth_36715,84
synth_36807,84
synth_36788,84
synth_36882,84
synth_36889,84
synth_36526,84
synth_36598,84
synth_36611,84
synth_36845,84
synth_36641,84
synth_36912,84
synth_36488,84
synth_36593,84
synth_36653,84
synth_36894,84
synth_36794,84
synth_36687,84
synth_36811,84
synth_36578,84
synth_36816,84
synth_36713,84
synth_36728,84
synth_36832,84
synth_36521,84
synth_36607,84
synth_36669,84
synth_36632,84
synth_36821,84
synth_36659,84
synth_36872,84
synth_36662,84
synth_36851,84
synth_36783,84
synth_36579,84
synth_36906,84
synth_36647,84
synth_36621,84
synth_36883,84
synth_36490,84
synth_36517,84
synth_36618,84
synth_36808,84
synth_36555,84
synth_36842,84
synth_36651,84
synth_36661,84
synth_36712,84
synth_36529,84
synth_36910,84
synth_36753,84
synth_36694,84
synth_36522,84
synth_36671,84
synth_36904,84
synth_36561,84
synth_36781,84
synth_36868,84
synth_36897,84
synth_36570,84
synth_36693,84
synth_36790,84
synth_36545,84
synth_36601,84
synth_36499,84
synth_36684,84
synth_36695,84
synth_36743,84
synth_36792,84
synth_36786,84
synth_36552,84
synth_36608,84
synth_36766,84
synth_36734,84
synth_36509,84
synth_36584,84
synth_36762,84
synth_36546,84
synth_36843,84
synth_36679,84
synth_36625,84
synth_36640,84
synth_36769,84
synth_36827,84
synth_36858,84
synth_36869,84
synth_36543,84
synth_36590,84
synth_36588,84
synth_36657,84
synth_36776,84
synth_36823,84
synth_36721,84
synth_36689,84
synth_36699,84
synth_36793,84
synth_36871,84
synth_36652,84
synth_36764,84
synth_36739,84
synth_36573,84
synth_36649,84
synth_36698,84
synth_36795,84
synth_36911,84
synth_36680,84
synth_36575,84
synth_36785,84
synth_36711,84
synth_36609,84
synth_36672,84
synth_36881,84
synth_36887,84
synth_36888,84
synth_36710,84
synth_36486,84
synth_36610,84
synth_36531,84
synth_36812,84
synth_36492,84
synth_36704,84
synth_36494,84
synth_36903,84
synth_36859,84
synth_36900,84
synth_36853,84
synth_36619,84
synth_36566,84
synth_36879,84
synth_36915,84
synth_36574,84
synth_36902,84
synth_36520,84
synth_36523,84
synth_36770,84
synth_36813,84
synth_36891,84
synth_36760,84
synth_36568,84
synth_36581,84
synth_36677,84
synth_36876,84
synth_36829,84
synth_36837,84
synth_36508,84
synth_36535,84
synth_36557,84
synth_36676,84
synth_36740,84
synth_36857,84
synth_36513,84
synth_36745,84
synth_36604,84
synth_36620,84
synth_36719,84
synth_36556,84
synth_36773,84
synth_36482,84
synth_36818,84
synth_36507,84
synth_36624,84
synth_36841,84
synth_36658,84
synth_36696,84
synth_36755,84
synth_36757,84
synth_36820,84
synth_36682,84
synth_36909,84
synth_36580,84
synth_36655,84
synth_36510,84
synth_36817,84
synth_36815,84
synth_36629,84
synth_36673,84
synth_36674,84
synth_36831,84
synth_36599,84
synth_36623,84
synth_36735,84
synth_36750,84
synth_36527,84
synth_36690,84
synth_36797,84
synth_36737,84
synth_36756,84
synth_36880,84
synth_36616,84
synth_36605,84
synth_36714,84
synth_36878,84
synth_36839,84
synth_36779,84
synth_36913,84
synth_36731,84
synth_36742,84
synth_36518,84
synth_36744,84
synth_36586,84
synth_36595,84
synth_36896,84
synth_36553,84
synth_36886,84
synth_36898,84
synth_36692,84
synth_36603,84
synth_36565,84
synth_36814,84
synth_36501,84
synth_36703,84
synth_36874,84
synth_36537,84
synth_36804,84
synth_36809,84
synth_36751,84
synth_36729,84
synth_36642,84
synth_36772,84
synth_36836,84
synth_36596,84
synth_36917,84
synth_36576,84
synth_36636,84
synth_36548,84
synth_36901,84
synth_36663,84
synth_36733,84
synth_36822,84
synth_36848,84
synth_36606,84
synth_36697,84
synth_36791,84
synth_36787,84
synth_36707,84
synth_36759,84
synth_36877,84
synth_36502,84
synth_36660,84
synth_36899,84
synth_36678,84
synth_36840,84
synth_36916,84
synth_36602,84
synth_36884,84
synth_36544,84
synth_36613,84
synth_36777,84
synth_36563,84
synth_36873,84
synth_36718,84
synth_36638,84
synth_36675,84
synth_36761,84
synth_36504,84
synth_36771,84
synth_36615,84
synth_36691,84
synth_36705,84
synth_36708,84
synth_36780,84
synth_36524,84
synth_36554,84
synth_36644,84
synth_36667,84
synth_36564,84
synth_36767,84
synth_36855,84
synth_36635,84
synth_36656,84
synth_36506,84
synth_36799,84
synth_36833,84
synth_36849,84
synth_36866,84
synth_36885,84
synth_36614,84
synth_36668,84
synth_36686,84
synth_36796,84
synth_36547,84
synth_36622,84
synth_36681,84
synth_36801,84
synth_36540,84
synth_36582,84
synth_36665,84
synth_36560,84
synth_36765,84
synth_36768,84
synth_36724,84
synth_36594,84
synth_36645,84
synth_36892,84
synth_36515,84
synth_36722,84
synth_36749,84
synth_36852,84
synth_36536,84
synth_36798,84
synth_36495,84
synth_36784,84
synth_36847,84
synth_36700,84
synth_36633,84
synth_36763,84
synth_36861,84
synth_36723,84
synth_36819,84
synth_36569,84
synth_36585,84
synth_36864,84
synth_36631,84
synth_36717,84
synth_36562,84
synth_36567,84
synth_36867,84
synth_36893,84
synth_36525,84
synth_36519,84
synth_36539,84
synth_36805,84
synth_36587,84
synth_36747,84
synth_36505,84
synth_36559,84
synth_36639,84
synth_36782,84
synth_36856,84
synth_36907,84
synth_36688,84
synth_36484,84
synth_36870,84
synth_36914,84
synth_36493,84
synth_36646,84
synth_36789,84
synth_36503,84
synth_36485,84
synth_36592,84
synth_36732,84
synth_36650,84
synth_36600,84
synth_36709,84
synth_36727,84
synth_36800,84
synth_36496,84
synth_36626,84
synth_36754,84
synth_36558,84
synth_36726,84
synth_36589,84
synth_36741,84
synth_36824,84
synth_36549,84
synth_36834,84
synth_36875,84
synth_36664,84
synth_36666,84
synth_36530,84
synth_36572,84
synth_36835,84
synth_36498,84
synth_36497,84
synth_36774,84
synth_36863,84
synth_36802,84
synth_36850,84
synth_36778,84
synth_36538,84
synth_36489,84
synth_36630,84
synth_36865,84
synth_37010,83
synth_36982,83
synth_37062,83
synth_37286,83
synth_37190,83
synth_37037,83
synth_37246,83
synth_37293,83
synth_37061,83
synth_37148,83
synth_37031,83
synth_37198,83
synth_37343,83
synth_37222,83
synth_37000,83
synth_37185,83
synth_37271,83
synth_37077,83
synth_37151,83
synth_37323,83
synth_36928,83
synth_36934,83
synth_36999,83
synth_37292,83
synth_37364,83
synth_36923,83
synth_37043,83
synth_37274,83
synth_37305,83
synth_37325,83
synth_37006,83
synth_37075,83
synth_37341,83
synth_37363,83
synth_36938,83
synth_36976,83
synth_37317,83
synth_37233,83
synth_37129,83
synth_37110,83
synth_37168,83
synth_37056,83
synth_37103,83
synth_37223,83
synth_37257,83
synth_37042,83
synth_37099,83
synth_37192,83
synth_36994,83
synth_37340,83
synth_37036,83
synth_37051,83
synth_37097,83
synth_37211,83
synth_37214,83
synth_37199,83
synth_37252,83
synth_37088,83
synth_37283,83
synth_36963,83
synth_37085,83
synth_37231,83
synth_37280,83
synth_37311,83
synth_37149,83
synth_37247,83
synth_37250,83
synth_37259,83
synth_36936,83
synth_37025,83
synth_36973,83
synth_37038,83
synth_37158,83
synth_37086,83
synth_37172,83
synth_37277,83
synth_37296,83
synth_37206,83
synth_36948,83
synth_37273,83
synth_37361,83
synth_37013,83
synth_37044,83
synth_37204,83
synth_37346,83
synth_37166,83
synth_37339,83
synth_36945,83
synth_37218,83
synth_36985,83
synth_37081,83
synth_37265,83
synth_37309,83
synth_37074,83
synth_37243,83
synth_37281,83
synth_36969,83
synth_37207,83
synth_37160,83
synth_37261,83
synth_37300,83
synth_37210,83
synth_37298,83
synth_37002,83
synth_37197,83
synth_37357,83
synth_37155,83
synth_37098,83
synth_37182,83
synth_37020,83
synth_37105,83
synth_37316,83
synth_37297,83
synth_37073,83
synth_37262,83
synth_37159,83
synth_37263,83
synth_37350,83
synth_37358,83
synth_37117,83
synth_37219,83
synth_36942,83
synth_37244,83
synth_37113,83
synth_37173,83
synth_37072,83
synth_36924,83
synth_37100,83
synth_37301,83
synth_37028,83
synth_37047,83
synth_37331,83
synth_36932,83
synth_36944,83
synth_37041,83
synth_37241,83
synth_37018,83
synth_37139,83
synth_37225,83
synth_36960,83
synth_37132,83
synth_37171,83
synth_37135,83
synth_36990,83
synth_36921,83
synth_37237,83
synth_37288,83
synth_37333,83
synth_36981,83
synth_37326,83
synth_37282,83
synth_36929,83
synth_37209,83
synth_37163,83
synth_37196,83
synth_37040,83
synth_37234,83
synth_37255,83
synth_37328,83
synth_36925,83
synth_36951,83
synth_37067,83
synth_36954,83
synth_37154,83
synth_36980,83
synth_36993,83
synth_37320,83
synth_37240,83
synth_36971,83
synth_37032,83
synth_36946,83
synth_37029,83
synth_36939,83
synth_36952,83
synth_37224,83
synth_37187,83
synth_36943,83
synth_37137,83
synth_37229,83
synth_37242,83
synth_37256,83
synth_37287,83
synth_37133,83
synth_37254,83
synth_37184,83
synth_37347,83
synth_37024,83
synth_37141,83
synth_37354,83
synth_37114,83
synth_36964,83
synth_37180,83
synth_37145,83
synth_37205,83
synth_37059,83
synth_37112,83
synth_37356,83
synth_36991,83
synth_36959,83
synth_37203,83
synth_37321,83
synth_37084,83
synth_37080,83
synth_37094,83
synth_37118,83
synth_37360,83
synth_36935,83
synth_37195,83
synth_37303,83
synth_37201,83
synth_37345,83
synth_37125,83
synth_37134,83
synth_37063,83
synth_37208,83
synth_37251,83
synth_36966,83
synth_36977,83
synth_37186,83
synth_37306,83
synth_37342,83
synth_37106,83
synth_37355,83
synth_37022,83
synth_37095,83
synth_37015,83
synth_37115,83
synth_37087,83
synth_37290,83
synth_37313,83
synth_37009,83
synth_37069,83
synth_37193,83
synth_37150,83
synth_37258,83
synth_37344,83
synth_36926,83
synth_36975,83
synth_37016,83
synth_37048,83
synth_37049,83
synth_37200,83
synth_37142,83
synth_37279,83
synth_37039,83
synth_37217,83
synth_37230,83
synth_37294,83
synth_37126,83
synth_37174,83
synth_37236,83
synth_37278,83
synth_37045,83
synth_37314,83
synth_36965,83
synth_37130,83
synth_37027,83
synth_37068,83
synth_37216,83
synth_37269,83
synth_37035,83
synth_37164,83
synth_36972,83
synth_36974,83
synth_37034,83
synth_37270,83
synth_36983,83
synth_37089,83
synth_37289,83
synth_37334,83
synth_37202,83
synth_37348,83
synth_36949,83
synth_37161,83
synth_37153,83
synth_37284,83
synth_37226,83
synth_37335,83
synth_37046,83
synth_37052,83
synth_37362,83
synth_37124,83
synth_37318,83
synth_37359,83
synth_37050,83
synth_37003,83
synth_37014,83
synth_37033,83
synth_37170,83
synth_37127,83
synth_37338,83
synth_37143,83
synth_37267,83
synth_36987,83
synth_37017,83
synth_37023,83
synth_37169,83
synth_36968,83
synth_37007,83
synth_37227,83
synth_37079,83
synth_37131,83
synth_37353,83
synth_37021,83
synth_37336,83
synth_37057,83
synth_37183,83
synth_37221,83
synth_36958,83
synth_37004,83
synth_37128,83
synth_36918,83
synth_37152,83
synth_37266,83
synth_37352,83
synth_36937,83
synth_37078,83
synth_37308,83
synth_36940,83
synth_37116,83
synth_37285,83
synth_37179,83
synth_37248,83
synth_36957,83
synth_37329,83
synth_36922,83
synth_36997,83
synth_37011,83
synth_37119,83
synth_37070,83
synth_37272,83
synth_36984,83
synth_37107,83
synth_37319,83
synth_37351,83
synth_37121,83
synth_37235,83
synth_37275,83
synth_36955,83
synth_36920,83
synth_37295,83
synth_37138,83
synth_36998,83
synth_37327,83
synth_37332,83
synth_37156,83
synth_37239,83
synth_37268,83
synth_37108,83
synth_37055,83
synth_37120,83
synth_37307,83
synth_37109,83
synth_37122,83
synth_37212,83
synth_37291,83
synth_37312,83
synth_37001,83
synth_37008,83
synth_36992,83
synth_37188,83
synth_37253,83
synth_36927,83
synth_36967,83
synth_36988,83
synth_37123,83
synth_36979,83
synth_36989,83
synth_37104,83
synth_37228,83
synth_37091,83
synth_36995,83
synth_37065,83
synth_36950,83
synth_37144,83
synth_37076,83
synth_37213,83
synth_37189,83
synth_36996,83
synth_37012,83
synth_37066,83
synth_36930,83
synth_37019,83
synth_37178,83
synth_36962,83
synth_37245,83
synth_37260,83
synth_37005,83
synth_37349,83
synth_37276,83
synth_36970,83
synth_37299,83
synth_37136,83
synth_37157,83
synth_37090,83
synth_37365,83
synth_37310,83
synth_36931,83
synth_37082,83
synth_37092,83
synth_36986,83
synth_37175,83
synth_37238,83
synth_37304,83
synth_37102,83
synth_37191,83
synth_37194,83
synth_37232,83
synth_36953,83
synth_37337,83
synth_37064,83
synth_37071,83
synth_37302,83
synth_36947,83
synth_37215,83
synth_36941,83
synth_37060,83
synth_37054,83
synth_37111,83
synth_37176,83
synth_37053,83
synth_37330,83
synth_37101,83
synth_37162,83
synth_36933,83
synth_37167,83
synth_36919,83
synth_37140,83
synth_37030,83
synth_37220,83
synth_37177,83
synth_37058,83
synth_37146,83
synth_37096,83
synth_37181,83
synth_37264,83
synth_37147,83
synth_37093,83
synth_36956,83
synth_37315,83
synth_37083,83
synth_37322,83
synth_37165,83
synth_36961,83
synth_37324,83
synth_37026,83
synth_37249,83
synth_36978,83
synth_37472,82
synth_37417,82
synth_37478,82
synth_37595,82
synth_37501,82
synth_37555,82
synth_37392,82
synth_37470,82
synth_37589,82
synth_37597,82
synth_37369,82
synth_37604,82
synth_37782,82
synth_37468,82
synth_37793,82
synth_37438,82
synth_37805,82
synth_37455,82
synth_37486,82
synth_37558,82
synth_37599,82
synth_37779,82
synth_37480,82
synth_37624,82
synth_37752,82
synth_37373,82
synth_37702,82
synth_37772,82
synth_37404,82
synth_37445,82
synth_37594,82
synth_37633,82
synth_37380,82
synth_37388,82
synth_37512,82
synth_37561,82
synth_37691,82
synth_37822,82
synth_37387,82
synth_37410,82
synth_37451,82
synth_37473,82
synth_37735,82
synth_37764,82
synth_37689,82
synth_37645,82
synth_37761,82
synth_37636,82
synth_37449,82
synth_37623,82
synth_37743,82
synth_37616,82
synth_37524,82
synth_37498,82
synth_37716,82
synth_37774,82
synth_37418,82
synth_37566,82
synth_37641,82
synth_37650,82
synth_37722,82
synth_37673,82
synth_37739,82
synth_37756,82
synth_37475,82
synth_37485,82
synth_37718,82
synth_37506,82
synth_37510,82
synth_37565,82
synth_37742,82
synth_37796,82
synth_37664,82
synth_37571,82
synth_37697,82
synth_37613,82
synth_37461,82
synth_37389,82
synth_37610,82
synth_37711,82
synth_37608,82
synth_37719,82
synth_37811,82
synth_37428,82
synth_37514,82
synth_37529,82
synth_37806,82
synth_37708,82
synth_37677,82
synth_37411,82
synth_37483,82
synth_37720,82
synth_37773,82
synth_37814,82
synth_37609,82
synth_37738,82
synth_37794,82
synth_37531,82
synth_37780,82
synth_37436,82
synth_37647,82
synth_37631,82
synth_37749,82
synth_37551,82
synth_37723,82
synth_37815,82
synth_37507,82
synth_37683,82
synth_37456,82
synth_37560,82
synth_37627,82
synth_37690,82
synth_37755,82
synth_37804,82
synth_37435,82
synth_37643,82
synth_37372,82
synth_37405,82
synth_37606,82
synth_37620,82
synth_37552,82
synth_37740,82
synth_37526,82
synth_37696,82
synth_37550,82
synth_37553,82
synth_37601,82
synth_37603,82
synth_37591,82
synth_37568,82
synth_37541,82
synth_37614,82
synth_37618,82
synth_37563,82
synth_37384,82
synth_37425,82
synth_37530,82
synth_37646,82
synth_37393,82
synth_37508,82
synth_37653,82
synth_37562,82
synth_37545,82
synth_37628,82
synth_37477,82
synth_37556,82
synth_37813,82
synth_37395,82
synth_37600,82
synth_37442,82
synth_37460,82
synth_37574,82
synth_37642,82
synth_37463,82
synth_37680,82
synth_37371,82
synth_37409,82
synth_37467,82
synth_37612,82
synth_37492,82
synth_37693,82
synth_37770,82
synth_37484,82
synth_37821,82
synth_37465,82
synth_37487,82
synth_37575,82
synth_37810,82
synth_37522,82
synth_37819,82
synth_37598,82
synth_37688,82
synth_37375,82
synth_37443,82
synth_37679,82
synth_37462,82
synth_37525,82
synth_37644,82
synth_37684,82
synth_37444,82
synth_37439,82
synth_37578,82
synth_37736,82
synth_37762,82
synth_37799,82
synth_37567,82
synth_37674,82
synth_37663,82
synth_37433,82
synth_37714,82
synth_37471,82
synth_37520,82
synth_37661,82
synth_37615,82
synth_37678,82
synth_37513,82
synth_37658,82
synth_37515,82
synth_37538,82
synth_37745,82
synth_37707,82
synth_37441,82
synth_37803,82
synth_37536,82
synth_37731,82
synth_37685,82
synth_37769,82
synth_37798,82
synth_37667,82
synth_37579,82
synth_37759,82
synth_37784,82
synth_37767,82
synth_37572,82
synth_37671,82
synth_37766,82
synth_37652,82
synth_37482,82
synth_37494,82
synth_37535,82
synth_37570,82
synth_37704,82
synth_37698,82
synth_37504,82
synth_37385,82
synth_37737,82
synth_37758,82
synth_37778,82
synth_37817,82
synth_37559,82
synth_37786,82
synth_37528,82
synth_37637,82
synth_37812,82
synth_37713,82
synth_37424,82
synth_37505,82
synth_37586,82
synth_37590,82
synth_37703,82
synth_37416,82
synth_37539,82
synth_37396,82
synth_37440,82
synth_37496,82
synth_37734,82
synth_37670,82
synth_37367,82
synth_37381,82
synth_37469,82
synth_37446,82
synth_37452,82
synth_37705,82
synth_37726,82
synth_37497,82
synth_37621,82
synth_37717,82
synth_37741,82
synth_37450,82
synth_37581,82
synth_37668,82
synth_37626,82
synth_37791,82
synth_37432,82
synth_37383,82
synth_37789,82
synth_37676,82
synth_37818,82
synth_37423,82
synth_37427,82
synth_37593,82
synth_37502,82
synth_37592,82
synth_37437,82
synth_37712,82
synth_37583,82
synth_37692,82
synth_37459,82
synth_37700,82
synth_37800,82
synth_37379,82
synth_37376,82
synth_37588,82
synth_37807,82
synth_37457,82
synth_37557,82
synth_37750,82
synth_37760,82
synth_37710,82
synth_37795,82
synth_37823,82
synth_37709,82
synth_37406,82
synth_37458,82
synth_37509,82
synth_37605,82
synth_37431,82
synth_37549,82
synth_37607,82
synth_37402,82
synth_37490,82
synth_37500,82
synth_37632,82
synth_37765,82
synth_37403,82
synth_37744,82
synth_37519,82
synth_37634,82
synth_37511,82
synth_37533,82
synth_37368,82
synth_37378,82
synth_37391,82
synth_37503,82
synth_37527,82
synth_37651,82
synth_37747,82
synth_37543,82
synth_37638,82
synth_37370,82
synth_37788,82
synth_37629,82
synth_37649,82
synth_37366,82
synth_37701,82
synth_37602,82
synth_37619,82
synth_37732,82
synth_37787,82
synth_37434,82
synth_37548,82
synth_37630,82
synth_37781,82
synth_37400,82
synth_37580,82
synth_37748,82
synth_37639,82
synth_37808,82
synth_37401,82
synth_37544,82
synth_37408,82
synth_37776,82
synth_37816,82
synth_37662,82
synth_37542,82
synth_37491,82
synth_37397,82
synth_37421,82
synth_37448,82
synth_37481,82
synth_37547,82
synth_37464,82
synth_37377,82
synth_37523,82
synth_37564,82
synth_37665,82
synth_37453,82
synth_37746,82
synth_37382,82
synth_37493,82
synth_37669,82
synth_37447,82
synth_37532,82
synth_37672,82
synth_37386,82
synth_37479,82
synth_37587,82
synth_37429,82
synth_37516,82
synth_37474,82
synth_37518,82
synth_37596,82
synth_37584,82
synth_37730,82
synth_37466,82
synth_37534,82
synth_37625,82
synth_37660,82
synth_37682,82
synth_37763,82
synth_37635,82
synth_37659,82
synth_37374,82
synth_37488,82
synth_37768,82
synth_37783,82
synth_37622,82
synth_37724,82
synth_37792,82
synth_37802,82
synth_37426,82
synth_37681,82
synth_37640,82
synth_37656,82
synth_37413,82
synth_37476,82
synth_37666,82
synth_37715,82
synth_37725,82
synth_37695,82
synth_37706,82
synth_37495,82
synth_37546,82
synth_37675,82
synth_37809,82
synth_37753,82
synth_37554,82
synth_37729,82
synth_37648,82
synth_37785,82
synth_37733,82
synth_37407,82
synth_37686,82
synth_37777,82
synth_37801,82
synth_37414,82
synth_37721,82
synth_37728,82
synth_37540,82
synth_37576,82
synth_37537,82
synth_37771,82
synth_37398,82
synth_37569,82
synth_37585,82
synth_37727,82
synth_37694,82
synth_37790,82
synth_37394,82
synth_37430,82
synth_37415,82
synth_37582,82
synth_37757,82
synth_37611,82
synth_37751,82
synth_37657,82
synth_37820,82
synth_37687,82
synth_37573,82
synth_37489,82
synth_37517,82
synth_37617,82
synth_37521,82
synth_37577,82
synth_37655,82
synth_37419,82
synth_37499,82
synth_37754,82
synth_37797,82
synth_37390,82
synth_37454,82
synth_37699,82
synth_37412,82
synth_37420,82
synth_37422,82
synth_37775,82
synth_37399,82
synth_37654,82
synth_37895,81
synth_38015,81
synth_38147,81
synth_37872,81
synth_38106,81
synth_38251,81
synth_38281,81
synth_37969,81
synth_37995,81
synth_38111,81
synth_38124,81
synth_38127,81
synth_37843,81
synth_37827,81
synth_38139,81
synth_37858,81
synth_38196,81
synth_37987,81
synth_38056,81
synth_37840,81
synth_38079,81
synth_37832,81
synth_37950,81
synth_37908,81
synth_37913,81
synth_38001,81
synth_38028,81
synth_38118,81
synth_38190,81
synth_38017,81
synth_38037,81
synth_37960,81
synth_38108,81
synth_38044,81
synth_38132,81
synth_37964,81
synth_38176,81
synth_37869,81
synth_37877,81
synth_38185,81
synth_38171,81
synth_38266,81
synth_38061,81
synth_38095,81
synth_37882,81
synth_38089,81
synth_38135,81
synth_38087,81
synth_38280,81
synth_37849,81
synth_37982,81
synth_38081,81
synth_38105,81
synth_38025,81
synth_38153,81
synth_38264,81
synth_38165,81
synth_38101,81
synth_38220,81
synth_38189,81
synth_37836,81
synth_38187,81
synth_37857,81
synth_37916,81
synth_38194,81
synth_37975,81
synth_37979,81
synth_37842,81
synth_38248,81
synth_37970,81
synth_37986,81
synth_38172,81
synth_38126,81
synth_38229,81
synth_37906,81
synth_37902,81
synth_38107,81
synth_38200,81
synth_37853,81
synth_38019,81
synth_38071,81
synth_38260,81
synth_38003,81
synth_38099,81
synth_38243,81
synth_37860,81
synth_38080,81
synth_38270,81
synth_38069,81
synth_38232,81
synth_37945,81
synth_38021,81
synth_38129,81
synth_38168,81
synth_38151,81
synth_38291,81
synth_37957,81
synth_38014,81
synth_38193,81
synth_38236,81
synth_37907,81
synth_37922,81
synth_38000,81
synth_38267,81
synth_37826,81
synth_37838,81
synth_37873,81
synth_37892,81
synth_38183,81
synth_37863,81
synth_37889,81
synth_38104,81
synth_38063,81
synth_38006,81
synth_38162,81
synth_37953,81
synth_37956,81
synth_38045,81
synth_38224,81
synth_37880,81
synth_38161,81
synth_38202,81
synth_37931,81
synth_37939,81
synth_37974,81
synth_37845,81
synth_37891,81
synth_38039,81
synth_38203,81
synth_38059,81
synth_38234,81
synth_38249,81
synth_37983,81
synth_37955,81
synth_37847,81
synth_37951,81
synth_38012,81
synth_38191,81
synth_38230,81
synth_37831,81
synth_38083,81
synth_38136,81
synth_38159,81
synth_37852,81
synth_38072,81
synth_37868,81
synth_38114,81
synth_37835,81
synth_37976,81
synth_38024,81
synth_38085,81
synth_37929,81
synth_38244,81
synth_38278,81
synth_38293,81
synth_37967,81
synth_38145,81
synth_38157,81
synth_38279,81
synth_38042,81
synth_38253,81
synth_38283,81
synth_37871,81
synth_37887,81
synth_37898,81
synth_37903,81
synth_38096,81
synth_37943,81
synth_38164,81
synth_37824,81
synth_38088,81
synth_38237,81
synth_38209,81
synth_37855,81
synth_37870,81
synth_38285,81
synth_37839,81
synth_38049,81
synth_37894,81
synth_37973,81
synth_38177,81
synth_37961,81
synth_37937,81
synth_38174,81
synth_38180,81
synth_38212,81
synth_38254,81
synth_38247,81
synth_38250,81
synth_38091,81
synth_38131,81
synth_38016,81
synth_38116,81
synth_38148,81
synth_38222,81
synth_37861,81
synth_37867,81
synth_38013,81
synth_38152,81
synth_38020,81
synth_37893,81
synth_38098,81
synth_37834,81
synth_38058,81
synth_38255,81
synth_38078,81
synth_38233,81
synth_37848,81
synth_38138,81
synth_38070,81
synth_38011,81
synth_38213,81
synth_37971,81
synth_37984,81
synth_38128,81
synth_38086,81
synth_37923,81
synth_38258,81
synth_38055,81
synth_37837,81
synth_38065,81
synth_38092,81
synth_38221,81
synth_38263,81
synth_37911,81
synth_38097,81
synth_37925,81
synth_38239,81
synth_37876,81
synth_37900,81
synth_38122,81
synth_38287,81
synth_37924,81
synth_38029,81
synth_38110,81
synth_38075,81
synth_38292,81
synth_38178,81
synth_37878,81
synth_38115,81
synth_38216,81
synth_37885,81
synth_38047,81
synth_37935,81
synth_37962,81
synth_38004,81
synth_38023,81
synth_37920,81
synth_38100,81
synth_37921,81
synth_37990,81
synth_38274,81
synth_37947,81
synth_37888,81
synth_38009,81
synth_38093,81
synth_38160,81
synth_38142,81
synth_38273,81
synth_38146,81
synth_38149,81
synth_37862,81
synth_37825,81
synth_37896,81
synth_38094,81
synth_37941,81
synth_38276,81
synth_38033,81
synth_38140,81
synth_37875,81
synth_38144,81
synth_38052,81
synth_38113,81
synth_38170,81
synth_38090,81
synth_37999,81
synth_38256,81
synth_38227,81
synth_37897,81
synth_37997,81
synth_38219,81
synth_38166,81
synth_38275,81
synth_38030,81
synth_38228,81
synth_38112,81
synth_38150,81
synth_37912,81
synth_38125,81
synth_38211,81
synth_37864,81
synth_37938,81
synth_37965,81
synth_38158,81
synth_38184,81
synth_38198,81
synth_37994,81
synth_38215,81
synth_37841,81
synth_37910,81
synth_38269,81
synth_37850,81
synth_38073,81
synth_37936,81
synth_37952,81
synth_37944,81
synth_38119,81
synth_38032,81
synth_38002,81
synth_38026,81
synth_38208,81
synth_38246,81
synth_37954,81
synth_38048,81
synth_37972,81
synth_38288,81
synth_37830,81
synth_37886,81
synth_37917,81
synth_37942,81
synth_37991,81
synth_37909,81
synth_38241,81
synth_37905,81
synth_37918,81
synth_37930,81
synth_38109,81
synth_38282,81
synth_37968,81
synth_37851,81
synth_37884,81
synth_38064,81
synth_38277,81
synth_38005,81
synth_38007,81
synth_38181,81
synth_38265,81
synth_38261,81
synth_38272,81
synth_37996,81
synth_38182,81
synth_37940,81
synth_38210,81
synth_38225,81
synth_37844,81
synth_38036,81
synth_38179,81
synth_38060,81
synth_38130,81
synth_38143,81
synth_38217,81
synth_38242,81
synth_37934,81
synth_38231,81
synth_38067,81
synth_38102,81
synth_38262,81
synth_37948,81
synth_38050,81
synth_37966,81
synth_38068,81
synth_37927,81
synth_37846,81
synth_37874,81
synth_38133,81
synth_38207,81
synth_37946,81
synth_38197,81
synth_38022,81
synth_37977,81
synth_38076,81
synth_38137,81
synth_38154,81
synth_37879,81
synth_38175,81
synth_38192,81
synth_37933,81
synth_37978,81
synth_37992,81
synth_38038,81
synth_38077,81
synth_37919,81
synth_38163,81
synth_37958,81
synth_38245,81
synth_38286,81
synth_38235,81
synth_38054,81
synth_38268,81
synth_37981,81
synth_38057,81
synth_37949,81
synth_37901,81
synth_37988,81
synth_37993,81
synth_38027,81
synth_38043,81
synth_38214,81
synth_38040,81
synth_37926,81
synth_38167,81
synth_38103,81
synth_38010,81
synth_38034,81
synth_38218,81
synth_37959,81
synth_37963,81
synth_38031,81
synth_37859,81
synth_38066,81
synth_38205,81
synth_38155,81
synth_38199,81
synth_37890,81
synth_38082,81
synth_37915,81
synth_38117,81
synth_38188,81
synth_38186,81
synth_37833,81
synth_37914,81
synth_37928,81
synth_38169,81
synth_38195,81
synth_38240,81
synth_38226,81
synth_38238,81
synth_37866,81
synth_37985,81
synth_38041,81
synth_38289,81
synth_37881,81
synth_37828,81
synth_37899,81
synth_38259,81
synth_38141,81
synth_38206,81
synth_38074,81
synth_37932,81
synth_38284,81
synth_38018,81
synth_38201,81
synth_37856,81
synth_38046,81
synth_38156,81
synth_38123,81
synth_38134,81
synth_38204,81
synth_37865,81
synth_38271,81
synth_38223,81
synth_37998,81
synth_38035,81
synth_38173,81
synth_37829,81
synth_37904,81
synth_37854,81
synth_37883,81
synth_38008,81
synth_38053,81
synth_38084,81
synth_38290,81
synth_37980,81
synth_38062,81
synth_38121,81
synth_38051,81
synth_38252,81
synth_38120,81
synth_37989,81
synth_38257,81
synth_38538,80
synth_38772,80
synth_38412,80
synth_38415,80
synth_38316,80
synth_38684,80
synth_38411,80
synth_38658,80
synth_38417,80
synth_38335,80
synth_38477,80
synth_38391,80
synth_38671,80
synth_38756,80
synth_38660,80
synth_38463,80
synth_38741,80
synth_38715,80
synth_38346,80
synth_38442,80
synth_38495,80
synth_38580,80
synth_38610,80
synth_38295,80
synth_38360,80
synth_38456,80
synth_38774,80
synth_38389,80
synth_38736,80
synth_38350,80
synth_38548,80
synth_38364,80
synth_38614,80
synth_38683,80
synth_38308,80
synth_38437,80
synth_38488,80
synth_38573,80
synth_38388,80
synth_38512,80
synth_38624,80
synth_38668,80
synth_38713,80
synth_38642,80
synth_38567,80
synth_38664,80
synth_38386,80
synth_38505,80
synth_38716,80
synth_38761,80
synth_38357,80
synth_38296,80
synth_38690,80
synth_38374,80
synth_38348,80
synth_38449,80
synth_38509,80
synth_38773,80
synth_38446,80
synth_38576,80
synth_38592,80
synth_38661,80
synth_38349,80
synth_38439,80
synth_38312,80
synth_38731,80
synth_38745,80
synth_38440,80
synth_38443,80
synth_38621,80
synth_38673,80
synth_38402,80
synth_38575,80
synth_38669,80
synth_38537,80
synth_38358,80
synth_38616,80
synth_38633,80
synth_38536,80
synth_38342,80
synth_38649,80
synth_38726,80
synth_38325,80
synth_38482,80
synth_38450,80
synth_38553,80
synth_38670,80
synth_38657,80
synth_38409,80
synth_38421,80
synth_38543,80
synth_38534,80
synth_38390,80
synth_38651,80
synth_38714,80
synth_38345,80
synth_38725,80
synth_38444,80
synth_38559,80
synth_38587,80
synth_38607,80
synth_38522,80
synth_38709,80
synth_38327,80
synth_38299,80
synth_38748,80
synth_38366,80
synth_38404,80
synth_38606,80
synth_38678,80
synth_38701,80
synth_38354,80
synth_38474,80
synth_38540,80
synth_38682,80
synth_38732,80
synth_38735,80
synth_38429,80
synth_38451,80
synth_38628,80
synth_38698,80
synth_38765,80
synth_38775,80
synth_38420,80
synth_38528,80
synth_38531,80
synth_38533,80
synth_38551,80
synth_38556,80
synth_38552,80
synth_38602,80
synth_38452,80
synth_38458,80
synth_38506,80
synth_38405,80
synth_38518,80
synth_38615,80
synth_38640,80
synth_38710,80
synth_38720,80
synth_38324,80
synth_38656,80
synth_38376,80
synth_38542,80
synth_38612,80
synth_38618,80
synth_38419,80
synth_38464,80
synth_38423,80
synth_38426,80
synth_38747,80
synth_38466,80
synth_38300,80
synth_38499,80
synth_38583,80
synth_38385,80
synth_38427,80
synth_38465,80
synth_38749,80
synth_38555,80
synth_38734,80
synth_38298,80
synth_38353,80
synth_38368,80
synth_38511,80
synth_38544,80
synth_38623,80
synth_38707,80
synth_38492,80
synth_38535,80
synth_38634,80
synth_38702,80
synth_38753,80
synth_38384,80
synth_38468,80
synth_38485,80
synth_38486,80
synth_38589,80
synth_38627,80
synth_38302,80
synth_38744,80
synth_38752,80
synth_38380,80
synth_38306,80
synth_38303,80
synth_38338,80
synth_38696,80
synth_38377,80
synth_38392,80
synth_38407,80
synth_38431,80
synth_38467,80
synth_38595,80
synth_38686,80
synth_38712,80
synth_38441,80
synth_38582,80
synth_38770,80
synth_38340,80
synth_38521,80
synth_38297,80
synth_38341,80
synth_38600,80
synth_38326,80
synth_38413,80
synth_38608,80
synth_38613,80
synth_38455,80
synth_38529,80
synth_38588,80
synth_38758,80
synth_38337,80
synth_38541,80
synth_38737,80
synth_38647,80
synth_38503,80
synth_38593,80
synth_38688,80
synth_38733,80
synth_38750,80
synth_38424,80
synth_38685,80
synth_38643,80
synth_38554,80
synth_38498,80
synth_38561,80
synth_38461,80
synth_38545,80
synth_38687,80
synth_38462,80
synth_38724,80
synth_38375,80
synth_38697,80
synth_38549,80
synth_38317,80
synth_38693,80
synth_38363,80
synth_38641,80
synth_38401,80
synth_38655,80
synth_38319,80
synth_38760,80
synth_38523,80
synth_38524,80
synth_38516,80
synth_38764,80
synth_38635,80
synth_38695,80
synth_38703,80
synth_38331,80
synth_38383,80
synth_38644,80
synth_38719,80
synth_38743,80
synth_38617,80
synth_38631,80
synth_38339,80
synth_38373,80
synth_38568,80
synth_38708,80
synth_38332,80
synth_38328,80
synth_38379,80
synth_38636,80
synth_38382,80
synth_38625,80
synth_38740,80
synth_38314,80
synth_38381,80
synth_38473,80
synth_38418,80
synth_38722,80
synth_38294,80
synth_38372,80
synth_38476,80
synth_38487,80
synth_38546,80
synth_38435,80
synth_38591,80
synth_38652,80
synth_38691,80
synth_38721,80
synth_38754,80
synth_38757,80
synth_38365,80
synth_38558,80
synth_38564,80
synth_38676,80
synth_38397,80
synth_38494,80
synth_38526,80
synth_38367,80
synth_38396,80
synth_38547,80
synth_38566,80
synth_38574,80
synth_38315,80
synth_38739,80
synth_38705,80
synth_38330,80
synth_38514,80
synth_38334,80
synth_38428,80
synth_38578,80
synth_38620,80
synth_38371,80
synth_38493,80
synth_38694,80
synth_38530,80
synth_38759,80
synth_38706,80
synth_38481,80
synth_38520,80
synth_38550,80
synth_38763,80
synth_38590,80
synth_38677,80
synth_38355,80
synth_38457,80
synth_38359,80
synth_38425,80
synth_38519,80
synth_38662,80
synth_38674,80
synth_38718,80
synth_38406,80
synth_38525,80
synth_38594,80
synth_38730,80
synth_38336,80
synth_38672,80
synth_38453,80
synth_38301,80
synth_38609,80
synth_38769,80
synth_38475,80
synth_38727,80
synth_38309,80
synth_38751,80
synth_38666,80
synth_38717,80
synth_38562,80
synth_38527,80
synth_38605,80
synth_38729,80
synth_38313,80
synth_38663,80
synth_38305,80
synth_38650,80
synth_38454,80
synth_38517,80
synth_38699,80
synth_38436,80
synth_38570,80
synth_38603,80
synth_38637,80
synth_38502,80
synth_38507,80
synth_38584,80
synth_38323,80
synth_38403,80
synth_38648,80
synth_38472,80
synth_38483,80
synth_38515,80
synth_38742,80
synth_38333,80
synth_38560,80
synth_38565,80
synth_38586,80
synth_38352,80
synth_38399,80
synth_38408,80
synth_38585,80
synth_38692,80
synth_38479,80
synth_38432,80
synth_38491,80
synth_38356,80
synth_38361,80
synth_38626,80
synth_38416,80
synth_38304,80
synth_38362,80
synth_38369,80
synth_38394,80
synth_38478,80
synth_38768,80
synth_38704,80
synth_38659,80
synth_38438,80
synth_38746,80
synth_38500,80
synth_38539,80
synth_38700,80
synth_38738,80
synth_38604,80
synth_38343,80
synth_38484,80
synth_38422,80
synth_38470,80
synth_38557,80
synth_38622,80
synth_38433,80
synth_38445,80
synth_38448,80
synth_38611,80
synth_38460,80
synth_38378,80
synth_38400,80
synth_38447,80
synth_38508,80
synth_38762,80
synth_38351,80
synth_38579,80
synth_38329,80
synth_38675,80
synth_38532,80
synth_38596,80
synth_38629,80
synth_38653,80
synth_38689,80
synth_38728,80
synth_38723,80
synth_38490,80
synth_38393,80
synth_38581,80
synth_38599,80
synth_38398,80
synth_38480,80
synth_38311,80
synth_38571,80
synth_38513,80
synth_38601,80
synth_38766,80
synth_38344,80
synth_38496,80
synth_38630,80
synth_38667,80
synth_38434,80
synth_38310,80
synth_38572,80
synth_38646,80
synth_38767,80
synth_38771,80
synth_38430,80
synth_38471,80
synth_38638,80
synth_38320,80
synth_38489,80
synth_38322,80
synth_38395,80
synth_38639,80
synth_38469,80
synth_38410,80
synth_38577,80
synth_38665,80
synth_38681,80
synth_38370,80
synth_38347,80
synth_38597,80
synth_38711,80
synth_38510,80
synth_38307,80
synth_38563,80
synth_38504,80
synth_38387,80
synth_38497,80
synth_38755,80
synth_38414,80
synth_38632,80
synth_38654,80
synth_38679,80
synth_38318,80
synth_38321,80
synth_38501,80
synth_38680,80
synth_38459,80
synth_38569,80
synth_38598,80
synth_38645,80
synth_38619,80
synth_39222,79
synth_38978,79
synth_39205,79
synth_38935,79
synth_38964,79
synth_39001,79
synth_39133,79
synth_39202,79
synth_38946,79
synth_39111,79
synth_39170,79
synth_39191,79
synth_39217,79
synth_38869,79
synth_39256,79
synth_38820,79
synth_38795,79
synth_38789,79
synth_38953,79
synth_39188,79
synth_39019,79
synth_39145,79
synth_39206,79
synth_38788,79
synth_39054,79
synth_39064,79
synth_39212,79
synth_38806,79
synth_38845,79
synth_38863,79
synth_39104,79
synth_38776,79
synth_38807,79
synth_39257,79
synth_38962,79
synth_38944,79
synth_39119,79
synth_38858,79
synth_38938,79
synth_38891,79
synth_39108,79
synth_38949,79
synth_39029,79
synth_38958,79
synth_38792,79
synth_38794,79
synth_38881,79
synth_39073,79
synth_39129,79
synth_38838,79
synth_38893,79
synth_39087,79
synth_39116,79
synth_39179,79
synth_38859,79
synth_38877,79
synth_38822,79
synth_39089,79
synth_38952,79
synth_39158,79
synth_38853,79
synth_39053,79
synth_39219,79
synth_38785,79
synth_38979,79
synth_39051,79
synth_38861,79
synth_39042,79
synth_39101,79
synth_39221,79
synth_38802,79
synth_38876,79
synth_39091,79
synth_39142,79
synth_38987,79
synth_39263,79
synth_39213,79
synth_39008,79
synth_39132,79
synth_38865,79
synth_39057,79
synth_39148,79
synth_39175,79
synth_38950,79
synth_39099,79
synth_39151,79
synth_39182,79
synth_39243,79
synth_38872,79
synth_38879,79
synth_38864,79
synth_39115,79
synth_39144,79
synth_39208,79
synth_38803,79
synth_39131,79
synth_39153,79
synth_39199,79
synth_38988,79
synth_38995,79
synth_38873,79
synth_39012,79
synth_39238,79
synth_39162,79
synth_38916,79
synth_38849,79
synth_38983,79
synth_39163,79
synth_39025,79
synth_38778,79
synth_39068,79
synth_38907,79
synth_38999,79
synth_38825,79
synth_38940,79
synth_39265,79
synth_38834,79
synth_38981,79
synth_39004,79
synth_39195,79
synth_38905,79
synth_38841,79
synth_39098,79
synth_39105,79
synth_38824,79
synth_39196,79
synth_39007,79
synth_39237,79
synth_39235,79
synth_38848,79
synth_39184,79
synth_38823,79
synth_38860,79
synth_39197,79
synth_39260,79
synth_38924,79
synth_39096,79
synth_39157,79
synth_39040,79
synth_39247,79
synth_38815,79
synth_38890,79
synth_39177,79
synth_39233,79
synth_39251,79
synth_39114,79
synth_39209,79
synth_38923,79
synth_39159,79
synth_38921,79
synth_39161,79
synth_38796,79
synth_39033,79
synth_39178,79
synth_38948,79
synth_39229,79
synth_39240,79
synth_38829,79
synth_38985,79
synth_39031,79
synth_39203,79
synth_38931,79
synth_38996,79
synth_39061,79
synth_39258,79
synth_38959,79
synth_38875,79
synth_38818,79
synth_38960,79
synth_39013,79
synth_39123,79
synth_39259,79
synth_38840,79
synth_39066,79
synth_39106,79
synth_38867,79
synth_39113,79
synth_39181,79
synth_38909,79
synth_38925,79
synth_39071,79
synth_38793,79
synth_38883,79
synth_39107,79
synth_39135,79
synth_38784,79
synth_39264,79
synth_39201,79
synth_39021,79
synth_39045,79
synth_39076,79
synth_39223,79
synth_39117,79
synth_39165,79
synth_38889,79
synth_39010,79
synth_38837,79
synth_38951,79
synth_39164,79
synth_38900,79
synth_39084,79
synth_38918,79
synth_39017,79
synth_39067,79
synth_39138,79
synth_38835,79
synth_38917,79
synth_39110,79
synth_38816,79
synth_38937,79
synth_39239,79
synth_38797,79
synth_38991,79
synth_39011,79
synth_39169,79
synth_39147,79
synth_38839,79
synth_39038,79
synth_39086,79
synth_39141,79
synth_39254,79
synth_38862,79
synth_38897,79
synth_39140,79
synth_38989,79
synth_39035,79
synth_39090,79
synth_39171,79
synth_39241,79
synth_38809,79
synth_38920,79
synth_38874,79
synth_38892,79
synth_39018,79
synth_39126,79
synth_39149,79
synth_38878,79
synth_38871,79
synth_38819,79
synth_38912,79
synth_39150,79
synth_39014,79
synth_39215,79
synth_38896,79
synth_39059,79
synth_39070,79
synth_39180,79
synth_39244,79
synth_38922,79
synth_39139,79
synth_39027,79
synth_39218,79
synth_39234,79
synth_38814,79
synth_39137,79
synth_39269,79
synth_39039,79
synth_39052,79
synth_39075,79
synth_39023,79
synth_38927,79
synth_38894,79
synth_39168,79
synth_38886,79
synth_39044,79
synth_38870,79
synth_38826,79
synth_38790,79
synth_38831,79
synth_38884,79
synth_38973,79
synth_39124,79
synth_39189,79
synth_39261,79
synth_38810,79
synth_39176,79
synth_38828,79
synth_38930,79
synth_38947,79
synth_38856,79
synth_38901,79
synth_39088,79
synth_39109,79
synth_38833,79
synth_38902,79
synth_38975,79
synth_39024,79
synth_39190,79
synth_39063,79
synth_38913,79
synth_38976,79
synth_38786,79
synth_38783,79
synth_39036,79
synth_39048,79
synth_39204,79
synth_39231,79
synth_39160,79
synth_38812,79
synth_39134,79
synth_39173,79
synth_39009,79
synth_39156,79
synth_39194,79
synth_39000,79
synth_38963,79
synth_38966,79
synth_39083,79
synth_38846,79
synth_38885,79
synth_39032,79
synth_39130,79
synth_39255,79
synth_39034,79
synth_39220,79
synth_39253,79
synth_38827,79
synth_39003,79
synth_38908,79
synth_39232,79
synth_38866,79
synth_39092,79
synth_39082,79
synth_39002,79
synth_39041,79
synth_39055,79
synth_38868,79
synth_39262,79
synth_38974,79
synth_38968,79
synth_39081,79
synth_39122,79
synth_38808,79
synth_38781,79
synth_39050,79
synth_39154,79
synth_39118,79
synth_39155,79
synth_39174,79
synth_39058,79
synth_38852,79
synth_38903,79
synth_38954,79
synth_39266,79
synth_38842,79
synth_39072,79
synth_39074,79
synth_39224,79
synth_38926,79
synth_38850,79
synth_39207,79
synth_39085,79
synth_39246,79
synth_38982,79
synth_39095,79
synth_39200,79
synth_39252,79
synth_38906,79
synth_38992,79
synth_39062,79
synth_39080,79
synth_39152,79
synth_39166,79
synth_39049,79
synth_38857,79
synth_38847,79
synth_38957,79
synth_39216,79
synth_39077,79
synth_39167,79
synth_39226,79
synth_38961,79
synth_38932,79
synth_38895,79
synth_39005,79
synth_38956,79
synth_38887,79
synth_39236,79
synth_38933,79
synth_38994,79
synth_39006,79
synth_38821,79
synth_38990,79
synth_39037,79
synth_39102,79
synth_39198,79
synth_39030,79
synth_39127,79
synth_39136,79
synth_39225,79
synth_39185,79
synth_38936,79
synth_38969,79
synth_38811,79
synth_38880,79
synth_39210,79
synth_38993,79
synth_38851,79
synth_38910,79
synth_38915,79
synth_38970,79
synth_39183,79
synth_38898,79
synth_39047,79
synth_39026,79
synth_39078,79
synth_38777,79
synth_39267,79
synth_39093,79
synth_39103,79
synth_39112,79
synth_38941,79
synth_39028,79
synth_39100,79
synth_39214,79
synth_38836,79
synth_39227,79
synth_38899,79
synth_39242,79
synth_38801,79
synth_38919,79
synth_39250,79
synth_38791,79
synth_38799,79
synth_38914,79
synth_39211,79
synth_39015,79
synth_38782,79
synth_38977,79
synth_38929,79
synth_39016,79
synth_39120,79
synth_39065,79
synth_38945,79
synth_38939,79
synth_38832,79
synth_38980,79
synth_39097,79
synth_39060,79
synth_38854,79
synth_39193,79
synth_39230,79
synth_38984,79
synth_38798,79
synth_39046,79
synth_38943,79
synth_38934,79
synth_38955,79
synth_38882,79
synth_38805,79
synth_38855,79
synth_39079,79
synth_39094,79
synth_39245,79
synth_38904,79
synth_38967,79
synth_39228,79
synth_38971,79
synth_39143,79
synth_38928,79
synth_38997,79
synth_38911,79
synth_39125,79
synth_39186,79
synth_38800,79
synth_38986,79
synth_39268,79
synth_39022,79
synth_39146,79
synth_39249,79
synth_38965,79
synth_39248,79
synth_38942,79
synth_39121,79
synth_39172,79
synth_39187,79
synth_39192,79
synth_38787,79
synth_38813,79
synth_38780,79
synth_38844,79
synth_39043,79
synth_39128,79
synth_38843,79
synth_38972,79
synth_39020,79
synth_38804,79
synth_38817,79
synth_38998,79
synth_38830,79
synth_39069,79
synth_39056,79
synth_38779,79
synth_38888,79
synth_39334,78
synth_39706,78
synth_39754,78
synth_39647,78
synth_39674,78
synth_39274,78
synth_39527,78
synth_39621,78
synth_39329,78
synth_39446,78
synth_39450,78
synth_39339,78
synth_39671,78
synth_39718,78
synth_39327,78
synth_39361,78
synth_39554,78
synth_39714,78
synth_39292,78
synth_39306,78
synth_39444,78
synth_39605,78
synth_39635,78
synth_39489,78
synth_39393,78
synth_39521,78
synth_39637,78
synth_39665,78
synth_39364,78
synth_39557,78
synth_39586,78
synth_39350,78
synth_39517,78
synth_39650,78
synth_39738,78
synth_39289,78
synth_39492,78
synth_39717,78
synth_39301,78
synth_39593,78
synth_39707,78
synth_39728,78
synth_39533,78
synth_39545,78
synth_39687,78
synth_39702,78
synth_39382,78
synth_39335,78
synth_39570,78
synth_39315,78
synth_39394,78
synth_39520,78
synth_39299,78
synth_39488,78
synth_39540,78
synth_39573,78
synth_39762,78
synth_39774,78
synth_39532,78
synth_39464,78
synth_39369,78
synth_39711,78
synth_39546,78
synth_39319,78
synth_39345,78
synth_39412,78
synth_39541,78
synth_39723,78
synth_39308,78
synth_39497,78
synth_39423,78
synth_39434,78
synth_39606,78
synth_39344,78
synth_39646,78
synth_39756,78
synth_39603,78
synth_39330,78
synth_39555,78
synth_39614,78
synth_39359,78
synth_39491,78
synth_39525,78
synth_39592,78
synth_39653,78
synth_39410,78
synth_39479,78
synth_39425,78
synth_39729,78
synth_39294,78
synth_39310,78
synth_39663,78
synth_39325,78
synth_39623,78
synth_39764,78
synth_39304,78
synth_39529,78
synth_39684,78
synth_39670,78
synth_39742,78
synth_39280,78
synth_39431,78
synth_39440,78
synth_39624,78
synth_39700,78
synth_39745,78
synth_39512,78
synth_39613,78
synth_39402,78
synth_39300,78
synth_39565,78
synth_39574,78
synth_39338,78
synth_39712,78
synth_39713,78
synth_39604,78
synth_39628,78
synth_39314,78
synth_39363,78
synth_39454,78
synth_39550,78
synth_39589,78
synth_39694,78
synth_39284,78
synth_39309,78
synth_39354,78
synth_39765,78
synth_39456,78
synth_39340,78
synth_39749,78
synth_39379,78
synth_39500,78
synth_39563,78
synth_39373,78
synth_39494,78
synth_39739,78
synth_39629,78
synth_39689,78
synth_39378,78
synth_39501,78
synth_39391,78
synth_39561,78
synth_39432,78
synth_39465,78
synth_39625,78
synth_39322,78
synth_39389,78
synth_39435,78
synth_39566,78
synth_39528,78
synth_39641,78
synth_39679,78
synth_39448,78
synth_39747,78
synth_39302,78
synth_39332,78
synth_39727,78
synth_39741,78
synth_39688,78
synth_39743,78
synth_39351,78
synth_39691,78
synth_39381,78
synth_39530,78
synth_39658,78
synth_39716,78
synth_39638,78
synth_39399,78
synth_39642,78
synth_39271,78
synth_39404,78
synth_39436,78
synth_39513,78
synth_39536,78
synth_39596,78
synth_39724,78
synth_39750,78
synth_39349,78
synth_39414,78
synth_39544,78
synth_39751,78
synth_39403,78
synth_39668,78
synth_39690,78
synth_39692,78
synth_39748,78
synth_39347,78
synth_39433,78
synth_39478,78
synth_39569,78
synth_39669,78
synth_39686,78
synth_39418,78
synth_39468,78
synth_39730,78
synth_39609,78
synth_39341,78
synth_39320,78
synth_39384,78
synth_39415,78
synth_39548,78
synth_39610,78
synth_39581,78
synth_39631,78
synth_39683,78
synth_39275,78
synth_39453,78
synth_39498,78
synth_39644,78
synth_39291,78
synth_39305,78
synth_39535,78
synth_39591,78
synth_39318,78
synth_39323,78
synth_39408,78
synth_39499,78
synth_39337,78
synth_39385,78
synth_39775,78
synth_39313,78
synth_39451,78
synth_39752,78
synth_39348,78
synth_39507,78
synth_39656,78
synth_39708,78
synth_39740,78
synth_39293,78
synth_39662,78
synth_39282,78
synth_39417,78
synth_39477,78
synth_39602,78
synth_39753,78
synth_39539,78
synth_39559,78
synth_39579,78
synth_39676,78
synth_39443,78
synth_39630,78
synth_39627,78
synth_39316,78
synth_39598,78
synth_39722,78
synth_39355,78
synth_39411,78
synth_39459,78
synth_39462,78
synth_39571,78
synth_39695,78
synth_39288,78
synth_39336,78
synth_39560,78
synth_39736,78
synth_39368,78
synth_39413,78
synth_39719,78
synth_39296,78
synth_39445,78
synth_39511,78
synth_39365,78
synth_39442,78
synth_39633,78
synth_39634,78
synth_39485,78
synth_39648,78
synth_39486,78
synth_39490,78
synth_39582,78
synth_39375,78
synth_39522,78
synth_39737,78
synth_39438,78
synth_39449,78
synth_39460,78
synth_39636,78
synth_39452,78
synth_39509,78
synth_39632,78
synth_39704,78
synth_39290,78
synth_39388,78
synth_39421,78
synth_39731,78
synth_39405,78
synth_39515,78
synth_39575,78
synth_39580,78
synth_39439,78
synth_39441,78
synth_39572,78
synth_39643,78
synth_39697,78
synth_39437,78
synth_39732,78
synth_39699,78
synth_39287,78
synth_39307,78
synth_39474,78
synth_39506,78
synth_39595,78
synth_39286,78
synth_39518,78
synth_39519,78
synth_39526,78
synth_39428,78
synth_39357,78
synth_39619,78
synth_39678,78
synth_39457,78
synth_39326,78
synth_39429,78
synth_39469,78
synth_39473,78
synth_39608,78
synth_39733,78
synth_39396,78
synth_39447,78
synth_39583,78
synth_39590,78
synth_39693,78
synth_39744,78
synth_39281,78
synth_39298,78
synth_39367,78
synth_39370,78
synth_39407,78
synth_39475,78
synth_39607,78
synth_39771,78
synth_39772,78
synth_39705,78
synth_39773,78
synth_39386,78
synth_39576,78
synth_39504,78
synth_39567,78
synth_39616,78
synth_39342,78
synth_39353,78
synth_39277,78
synth_39746,78
synth_39362,78
synth_39380,78
synth_39424,78
synth_39666,78
synth_39696,78
synth_39273,78
synth_39356,78
synth_39374,78
synth_39295,78
synth_39419,78
synth_39321,78
synth_39467,78
synth_39710,78
synth_39383,78
synth_39496,78
synth_39538,78
synth_39328,78
synth_39376,78
synth_39759,78
synth_39715,78
synth_39552,78
synth_39654,78
synth_39767,78
synth_39285,78
synth_39483,78
synth_39562,78
synth_39652,78
synth_39682,78
synth_39514,78
synth_39568,78
synth_39400,78
synth_39651,78
synth_39660,78
synth_39549,78
synth_39659,78
synth_39734,78
synth_39766,78
synth_39701,78
synth_39726,78
synth_39768,78
synth_39387,78
synth_39626,78
synth_39657,78
synth_39397,78
synth_39588,78
synth_39664,78
synth_39283,78
synth_39371,78
synth_39333,78
synth_39472,78
synth_39681,78
synth_39471,78
synth_39395,78
synth_39543,78
synth_39680,78
synth_39476,78
synth_39553,78
synth_39484,78
synth_39487,78
synth_39510,78
synth_39343,78
synth_39645,78
synth_39725,78
synth_39406,78
synth_39677,78
synth_39760,78
synth_39577,78
synth_39672,78
synth_39673,78
synth_39470,78
synth_39508,78
synth_39594,78
synth_39769,78
synth_39761,78
synth_39770,78
synth_39331,78
synth_39346,78
synth_39640,78
synth_39703,78
synth_39312,78
synth_39398,78
synth_39420,78
synth_39279,78
synth_39720,78
synth_39584,78
synth_39537,78
synth_39611,78
synth_39401,78
synth_39531,78
synth_39667,78
synth_39597,78
synth_39409,78
synth_39502,78
synth_39503,78
synth_39615,78
synth_39311,78
synth_39655,78
synth_39685,78
synth_39430,78
synth_39551,78
synth_39317,78
synth_39480,78
synth_39524,78
synth_39542,78
synth_39612,78
synth_39639,78
synth_39481,78
synth_39360,78
synth_39493,78
synth_39278,78
synth_39735,78
synth_39458,78
synth_39358,78
synth_39758,78
synth_39297,78
synth_39482,78
synth_39534,78
synth_39372,78
synth_39416,78
synth_39599,78
synth_39270,78
synth_39585,78
synth_39698,78
synth_39352,78
synth_39377,78
synth_39392,78
synth_39427,78
synth_39675,78
synth_39276,78
synth_39366,78
synth_39422,78
synth_39617,78
synth_39558,78
synth_39709,78
synth_39755,78
synth_39618,78
synth_39649,78
synth_39390,78
synth_39523,78
synth_39461,78
synth_39463,78
synth_39763,78
synth_39578,78
synth_39600,78
synth_39601,78
synth_39303,78
synth_39426,78
synth_39466,78
synth_39516,78
synth_39547,78
synth_39564,78
synth_39721,78
synth_39272,78
synth_39495,78
synth_39620,78
synth_39757,78
synth_39556,78
synth_39505,78
synth_39587,78
synth_39324,78
synth_39455,78
synth_39622,78
synth_39661,78
synth_39955,77
synth_39787,77
synth_40001,77
synth_40281,77
synth_39946,77
synth_39818,77
synth_39928,77
synth_39972,77
synth_40165,77
synth_39796,77
synth_39887,77
synth_39779,77
synth_39822,77
synth_40168,77
synth_39839,77
synth_40163,77
synth_39937,77
synth_40064,77
synth_40079,77
synth_40187,77
synth_40210,77
synth_40225,77
synth_40244,77
synth_40245,77
synth_39874,77
synth_40142,77
synth_39814,77
synth_39870,77
synth_39895,77
synth_39930,77
synth_39954,77
synth_40227,77
synth_40010,77
synth_40134,77
synth_39970,77
synth_39841,77
synth_40259,77
synth_39804,77
synth_40044,77
synth_40242,77
synth_39941,77
synth_40003,77
synth_40135,77
synth_40223,77
synth_40061,77
synth_39801,77
synth_39988,77
synth_39989,77
synth_40160,77
synth_39885,77
synth_40087,77
synth_40182,77
synth_39983,77
synth_40251,77
synth_39792,77
synth_39794,77
synth_39883,77
synth_39959,77
synth_40267,77
synth_39922,77
synth_40263,77
synth_40283,77
synth_39821,77
synth_39831,77
synth_39840,77
synth_39906,77
synth_40272,77
synth_40018,77
synth_40193,77
synth_40054,77
synth_39973,77
synth_39797,77
synth_40085,77
synth_39799,77
synth_40137,77
synth_40248,77
synth_39806,77
synth_39793,77
synth_40090,77
synth_39949,77
synth_40025,77
synth_40105,77
synth_39953,77
synth_39960,77
synth_39996,77
synth_40291,77
synth_39854,77
synth_39938,77
synth_40176,77
synth_39992,77
synth_40078,77
synth_40026,77
synth_40133,77
synth_40089,77
synth_40158,77
synth_39808,77
synth_40145,77
synth_39980,77
synth_40201,77
synth_40215,77
synth_40295,77
synth_39843,77
synth_39882,77
synth_40068,77
synth_39950,77
synth_39786,77
synth_40285,77
synth_39812,77
synth_39912,77
synth_39862,77
synth_40098,77
synth_40112,77
synth_39934,77
synth_40280,77
synth_40198,77
synth_39853,77
synth_40207,77
synth_40250,77
synth_39890,77
synth_39893,77
synth_40185,77
synth_40235,77
synth_39845,77
synth_40156,77
synth_40063,77
synth_40119,77
synth_40046,77
synth_40067,77
synth_40197,77
synth_39776,77
synth_40122,77
synth_39807,77
synth_40040,77
synth_39795,77
synth_40075,77
synth_40164,77
synth_40114,77
synth_39956,77
synth_39993,77
synth_40224,77
synth_39835,77
synth_39997,77
synth_40149,77
synth_40023,77
synth_40096,77
synth_40120,77
synth_39915,77
synth_40247,77
synth_40106,77
synth_39978,77
synth_39994,77
synth_40208,77
synth_40255,77
synth_39855,77
synth_39863,77
synth_39865,77
synth_40239,77
synth_39943,77
synth_39777,77
synth_39864,77
synth_40029,77
synth_40180,77
synth_39945,77
synth_39976,77
synth_40153,77
synth_39909,77
synth_39984,77
synth_40166,77
synth_40192,77
synth_39803,77
synth_39963,77
synth_40132,77
synth_40262,77
synth_39913,77
synth_40048,77
synth_40057,77
synth_40217,77
synth_40009,77
synth_39828,77
synth_40049,77
synth_39830,77
synth_39975,77
synth_39846,77
synth_39908,77
synth_40109,77
synth_39897,77
synth_39991,77
synth_40253,77
synth_40002,77
synth_40038,77
synth_40216,77
synth_40241,77
synth_39892,77
synth_39809,77
synth_39825,77
synth_39837,77
synth_40179,77
synth_40188,77
synth_40258,77
synth_40058,77
synth_40234,77
synth_40252,77
synth_39790,77
synth_40095,77
synth_40211,77
synth_40209,77
synth_40206,77
synth_40237,77
synth_40256,77
synth_40050,77
synth_40131,77
synth_39925,77
synth_40074,77
synth_39918,77
synth_40230,77
synth_39858,77
synth_40130,77
synth_39931,77
synth_40076,77
synth_40015,77
synth_40170,77
synth_39932,77
synth_40214,77
synth_39967,77
synth_40069,77
synth_40162,77
synth_40004,77
synth_39935,77
synth_40172,77
synth_40274,77
synth_39788,77
synth_39838,77
synth_40221,77
synth_40190,77
synth_39836,77
synth_40174,77
synth_39780,77
synth_40151,77
synth_39810,77
synth_39884,77
synth_40027,77
synth_40097,77
synth_40268,77
synth_39929,77
synth_40093,77
synth_40116,77
synth_40155,77
synth_39995,77
synth_40232,77
synth_40293,77
synth_40024,77
synth_39901,77
synth_40175,77
synth_40196,77
synth_40276,77
synth_40030,77
synth_39948,77
synth_39888,77
synth_39891,77
synth_39936,77
synth_39878,77
synth_40017,77
synth_39834,77
synth_39979,77
synth_39778,77
synth_40240,77
synth_40031,77
synth_39849,77
synth_39832,77
synth_39927,77
synth_40094,77
synth_40167,77
synth_40177,77
synth_40071,77
synth_40231,77
synth_39903,77
synth_40271,77
synth_40125,77
synth_40243,77
synth_40013,77
synth_40036,77
synth_40060,77
synth_40043,77
synth_40226,77
synth_39798,77
synth_40084,77
synth_40124,77
synth_40194,77
synth_39827,77
synth_40115,77
synth_39951,77
synth_40045,77
synth_40275,77
synth_40019,77
synth_40088,77
synth_40101,77
synth_39820,77
synth_40110,77
synth_40144,77
synth_39933,77
synth_39866,77
synth_39917,77
synth_40066,77
synth_40080,77
synth_40148,77
synth_40246,77
synth_39851,77
synth_39783,77
synth_40039,77
synth_39902,77
synth_40006,77
synth_40129,77
synth_40181,77
synth_40108,77
synth_40128,77
synth_40286,77
synth_39789,77
synth_39823,77
synth_39900,77
synth_40261,77
synth_40270,77
synth_39844,77
synth_39968,77
synth_39856,77
synth_39881,77
synth_39829,77
synth_40139,77
synth_39861,77
synth_40035,77
synth_39824,77
synth_39923,77
synth_40055,77
synth_40169,77
synth_40233,77
synth_39850,77
synth_39939,77
synth_40184,77
synth_39904,77
synth_40218,77
synth_40254,77
synth_39940,77
synth_40065,77
synth_39859,77
synth_39942,77
synth_40062,77
synth_39802,77
synth_39965,77
synth_39987,77
synth_40034,77
synth_40127,77
synth_39826,77
synth_40099,77
synth_40051,77
synth_39811,77
synth_39966,77
synth_40117,77
synth_40159,77
synth_40189,77
synth_40100,77
synth_39800,77
synth_40021,77
synth_40073,77
synth_39905,77
synth_39916,77
synth_40008,77
synth_40102,77
synth_39974,77
synth_40205,77
synth_39876,77
synth_39869,77
synth_39868,77
synth_39958,77
synth_40041,77
synth_39842,77
synth_40011,77
synth_39782,77
synth_39971,77
synth_40072,77
synth_40220,77
synth_39926,77
synth_39985,77
synth_39817,77
synth_40292,77
synth_40183,77
synth_39889,77
synth_39952,77
synth_39784,77
synth_39919,77
synth_40104,77
synth_40126,77
synth_40264,77
synth_40289,77
synth_39815,77
synth_40273,77
synth_40290,77
synth_39860,77
synth_39957,77
synth_40022,77
synth_40086,77
synth_40279,77
synth_40288,77
synth_39805,77
synth_40212,77
synth_40012,77
synth_39907,77
synth_39781,77
synth_39877,77
synth_40042,77
synth_40028,77
synth_40150,77
synth_40070,77
synth_40173,77
synth_40257,77
synth_39879,77
synth_40282,77
synth_39852,77
synth_39873,77
synth_40103,77
synth_39813,77
synth_39833,77
synth_39982,77
synth_39944,77
synth_40157,77
synth_39857,77
synth_40032,77
synth_40146,77
synth_40033,77
synth_39899,77
synth_40249,77
synth_40007,77
synth_40118,77
synth_40266,77
synth_40284,77
synth_40147,77
synth_39910,77
synth_40236,77
synth_39872,77
synth_40121,77
synth_40091,77
synth_39785,77
synth_40016,77
synth_40005,77
synth_39921,77
synth_39981,77
synth_40037,77
synth_40178,77
synth_40111,77
synth_40238,77
synth_40123,77
synth_40141,77
synth_39962,77
synth_39964,77
synth_40199,77
synth_40202,77
synth_40152,77
synth_40278,77
synth_39920,77
synth_39986,77
synth_40077,77
synth_40213,77
synth_40260,77
synth_40020,77
synth_39998,77
synth_39880,77
synth_40082,77
synth_39947,77
synth_40083,77
synth_40154,77
synth_40059,77
synth_40222,77
synth_39847,77
synth_40014,77
synth_40056,77
synth_40203,77
synth_40092,77
synth_39911,77
synth_39914,77
synth_40229,77
synth_39871,77
synth_40000,77
synth_40140,77
synth_40161,77
synth_40052,77
synth_40113,77
synth_40287,77
synth_39990,77
synth_40219,77
synth_40195,77
synth_39961,77
synth_40294,77
synth_39791,77
synth_39999,77
synth_39819,77
synth_40200,77
synth_40228,77
synth_39898,77
synth_40171,77
synth_40138,77
synth_40265,77
synth_39816,77
synth_40053,77
synth_40269,77
synth_39969,77
synth_39977,77
synth_40136,77
synth_39867,77
synth_40277,77
synth_39924,77
synth_40191,77
synth_40047,77
synth_40186,77
synth_39875,77
synth_40081,77
synth_40143,77
synth_40204,77
synth_39848,77
synth_39896,77
synth_40107,77
synth_39886,77
synth_39894,77
synth_40315,76
synth_40329,76
synth_40620,76
synth_40310,76
synth_40321,76
synth_40334,76
synth_40682,76
synth_40378,76
synth_40532,76
synth_40322,76
synth_40348,76
synth_40671,76
synth_40806,76
synth_40435,76
synth_40446,76
synth_40500,76
synth_40506,76
synth_40540,76
synth_40544,76
synth_40314,76
synth_40470,76
synth_40748,76
synth_40395,76
synth_40469,76
synth_40523,76
synth_40760,76
synth_40331,76
synth_40436,76
synth_40617,76
synth_40654,76
synth_40407,76
synth_40461,76
synth_40549,76
synth_40788,76
synth_40828,76
synth_40525,76
synth_40582,76
synth_40497,76
synth_40600,76
synth_40427,76
synth_40495,76
synth_40503,76
synth_40616,76
synth_40763,76
synth_40558,76
synth_40775,76
synth_40483,76
synth_40721,76
synth_40815,76
synth_40637,76
synth_40644,76
synth_40335,76
synth_40601,76
synth_40679,76
synth_40694,76
synth_40714,76
synth_40350,76
synth_40358,76
synth_40418,76
synth_40458,76
synth_40724,76
synth_40353,76
synth_40376,76
synth_40299,76
synth_40393,76
synth_40652,76
synth_40562,76
synth_40816,76
synth_40368,76
synth_40369,76
synth_40533,76
synth_40536,76
synth_40596,76
synth_40618,76
synth_40646,76
synth_40787,76
synth_40710,76
synth_40751,76
synth_40758,76
synth_40706,76
synth_40303,76
synth_40504,76
synth_40344,76
synth_40474,76
synth_40387,76
synth_40586,76
synth_40590,76
synth_40704,76
synth_40713,76
synth_40318,76
synth_40524,76
synth_40411,76
synth_40482,76
synth_40659,76
synth_40745,76
synth_40548,76
synth_40711,76
synth_40343,76
synth_40595,76
synth_40691,76
synth_40305,76
synth_40624,76
synth_40686,76
synth_40326,76
synth_40403,76
synth_40507,76
synth_40768,76
synth_40330,76
synth_40782,76
synth_40703,76
synth_40362,76
synth_40382,76
synth_40384,76
synth_40397,76
synth_40338,76
synth_40349,76
synth_40394,76
synth_40396,76
synth_40449,76
synth_40635,76
synth_40740,76
synth_40386,76
synth_40468,76
synth_40765,76
synth_40693,76
synth_40598,76
synth_40608,76
synth_40340,76
synth_40761,76
synth_40827,76
synth_40520,76
synth_40738,76
synth_40807,76
synth_40499,76
synth_40501,76
synth_40655,76
synth_40636,76
synth_40750,76
synth_40784,76
synth_40428,76
synth_40626,76
synth_40707,76
synth_40793,76
synth_40509,76
synth_40361,76
synth_40656,76
synth_40669,76
synth_40466,76
synth_40545,76
synth_40772,76
synth_40792,76
synth_40814,76
synth_40720,76
synth_40754,76
synth_40687,76
synth_40664,76
synth_40742,76
synth_40389,76
synth_40423,76
synth_40464,76
synth_40473,76
synth_40567,76
synth_40676,76
synth_40801,76
synth_40312,76
synth_40320,76
synth_40420,76
synth_40667,76
synth_40402,76
synth_40465,76
synth_40445,76
synth_40342,76
synth_40442,76
synth_40467,76
synth_40731,76
synth_40818,76
synth_40640,76
synth_40805,76
synth_40367,76
synth_40692,76
synth_40588,76
synth_40607,76
synth_40634,76
synth_40810,76
synth_40363,76
synth_40795,76
synth_40820,76
synth_40660,76
synth_40798,76
synth_40684,76
synth_40437,76
synth_40417,76
synth_40757,76
synth_40813,76
synth_40364,76
synth_40444,76
synth_40702,76
synth_40447,76
synth_40767,76
synth_40583,76
synth_40803,76
synth_40739,76
synth_40425,76
synth_40625,76
synth_40717,76
synth_40332,76
synth_40385,76
synth_40726,76
synth_40770,76
synth_40337,76
synth_40374,76
synth_40486,76
synth_40493,76
synth_40785,76
synth_40565,76
synth_40357,76
synth_40603,76
synth_40666,76
synth_40737,76
synth_40824,76
synth_40675,76
synth_40743,76
synth_40812,76
synth_40475,76
synth_40609,76
synth_40776,76
synth_40496,76
synth_40809,76
synth_40611,76
synth_40733,76
synth_40766,76
synth_40354,76
synth_40304,76
synth_40510,76
synth_40542,76
synth_40543,76
synth_40339,76
synth_40643,76
synth_40519,76
synth_40559,76
synth_40613,76
synth_40406,76
synth_40480,76
synth_40508,76
synth_40426,76
synth_40429,76
synth_40560,76
synth_40632,76
synth_40333,76
synth_40440,76
synth_40749,76
synth_40443,76
synth_40463,76
synth_40432,76
synth_40460,76
synth_40592,76
synth_40597,76
synth_40658,76
synth_40673,76
synth_40623,76
synth_40570,76
synth_40629,76
synth_40696,76
synth_40323,76
synth_40492,76
synth_40779,76
synth_40359,76
synth_40441,76
synth_40511,76
synth_40547,76
synth_40681,76
synth_40301,76
synth_40494,76
synth_40790,76
synth_40610,76
synth_40404,76
synth_40433,76
synth_40522,76
synth_40642,76
synth_40405,76
synth_40457,76
synth_40804,76
synth_40591,76
synth_40699,76
synth_40746,76
synth_40716,76
synth_40563,76
synth_40526,76
synth_40351,76
synth_40515,76
synth_40408,76
synth_40612,76
synth_40479,76
synth_40401,76
synth_40453,76
synth_40708,76
synth_40712,76
synth_40672,76
synth_40698,76
synth_40557,76
synth_40345,76
synth_40488,76
synth_40599,76
synth_40650,76
synth_40661,76
synth_40725,76
synth_40685,76
synth_40398,76
synth_40419,76
synth_40573,76
synth_40668,76
synth_40551,76
synth_40678,76
synth_40309,76
synth_40375,76
synth_40415,76
synth_40744,76
synth_40794,76
synth_40829,76
synth_40723,76
synth_40715,76
synth_40719,76
synth_40783,76
synth_40365,76
synth_40422,76
synth_40505,76
synth_40677,76
synth_40534,76
synth_40581,76
synth_40585,76
synth_40561,76
synth_40718,76
synth_40388,76
synth_40802,76
synth_40324,76
synth_40409,76
synth_40574,76
synth_40697,76
synth_40307,76
synth_40414,76
synth_40554,76
synth_40593,76
synth_40621,76
synth_40701,76
synth_40410,76
synth_40800,76
synth_40797,76
synth_40777,76
synth_40605,76
synth_40670,76
synth_40730,76
synth_40755,76
synth_40773,76
synth_40317,76
synth_40452,76
synth_40817,76
synth_40822,76
synth_40371,76
synth_40729,76
synth_40587,76
synth_40476,76
synth_40550,76
synth_40796,76
synth_40627,76
synth_40639,76
synth_40424,76
synth_40566,76
synth_40808,76
synth_40728,76
synth_40383,76
synth_40327,76
synth_40341,76
synth_40819,76
synth_40688,76
synth_40662,76
synth_40302,76
synth_40346,76
synth_40552,76
synth_40296,76
synth_40674,76
synth_40529,76
synth_40311,76
synth_40412,76
synth_40462,76
synth_40579,76
synth_40657,76
synth_40298,76
synth_40381,76
synth_40421,76
synth_40491,76
synth_40502,76
synth_40594,76
synth_40606,76
synth_40628,76
synth_40454,76
synth_40541,76
synth_40355,76
synth_40431,76
synth_40478,76
synth_40484,76
synth_40521,76
synth_40577,76
synth_40517,76
synth_40789,76
synth_40308,76
synth_40471,76
synth_40347,76
synth_40399,76
synth_40472,76
synth_40487,76
synth_40631,76
synth_40516,76
synth_40372,76
synth_40391,76
synth_40413,76
synth_40732,76
synth_40747,76
synth_40416,76
synth_40438,76
synth_40630,76
synth_40663,76
synth_40665,76
synth_40727,76
synth_40752,76
synth_40811,76
synth_40352,76
synth_40456,76
synth_40313,76
synth_40319,76
synth_40513,76
synth_40535,76
synth_40762,76
synth_40439,76
synth_40680,76
synth_40451,76
synth_40530,76
synth_40722,76
synth_40778,76
synth_40578,76
synth_40641,76
synth_40434,76
synth_40546,76
synth_40645,76
synth_40780,76
synth_40619,76
synth_40539,76
synth_40821,76
synth_40370,76
synth_40735,76
synth_40683,76
synth_40705,76
synth_40572,76
synth_40584,76
synth_40651,76
synth_40392,76
synth_40575,76
synth_40791,76
synth_40366,76
synth_40564,76
synth_40569,76
synth_40647,76
synth_40736,76
synth_40771,76
synth_40786,76
synth_40709,76
synth_40531,76
synth_40538,76
synth_40576,76
synth_40615,76
synth_40448,76
synth_40649,76
synth_40316,76
synth_40477,76
synth_40622,76
synth_40328,76
synth_40450,76
synth_40589,76
synth_40518,76
synth_40700,76
synth_40781,76
synth_40356,76
synth_40514,76
synth_40568,76
synth_40571,76
synth_40764,76
synth_40498,76
synth_40580,76
synth_40638,76
synth_40756,76
synth_40689,76
synth_40377,76
synth_40734,76
synth_40379,76
synth_40602,76
synth_40297,76
synth_40759,76
synth_40459,76
synth_40695,76
synth_40604,76
synth_40825,76
synth_40380,76
synth_40490,76
synth_40741,76
synth_40528,76
synth_40300,76
synth_40485,76
synth_40553,76
synth_40306,76
synth_40400,76
synth_40769,76
synth_40325,76
synth_40774,76
synth_40512,76
synth_40614,76
synth_40799,76
synth_40390,76
synth_40648,76
synth_40823,76
synth_40336,76
synth_40653,76
synth_40826,76
synth_40690,76
synth_40481,76
synth_40489,76
synth_40430,76
synth_40537,76
synth_40527,76
synth_40633,76
synth_40360,76
synth_40455,76
synth_40373,76
synth_40555,76
synth_40556,76
synth_40753,76
synth_41309,75
synth_41324,75
synth_41362,75
synth_41004,75
synth_41200,75
synth_40883,75
synth_40961,75
synth_41033,75
synth_41317,75
synth_40836,75
synth_41199,75
synth_41223,75
synth_40906,75
synth_41012,75
synth_41269,75
synth_40882,75
synth_40967,75
synth_41140,75
synth_40950,75
synth_41079,75
synth_40925,75
synth_40955,75
synth_40973,75
synth_41048,75
synth_41314,75
synth_40850,75
synth_41116,75
synth_41093,75
synth_41284,75
synth_40915,75
synth_40888,75
synth_40894,75
synth_41326,75
synth_41340,75
synth_40839,75
synth_41282,75
synth_40910,75
synth_40939,75
synth_41113,75
synth_41363,75
synth_40884,75
synth_40913,75
synth_40902,75
synth_41100,75
synth_41329,75
synth_40985,75
synth_41092,75
synth_41081,75
synth_41087,75
synth_41291,75
synth_41151,75
synth_41266,75
synth_41292,75
synth_41026,75
synth_41120,75
synth_41360,75
synth_41060,75
synth_41276,75
synth_41325,75
synth_40940,75
synth_41061,75
synth_41070,75
synth_41279,75
synth_41306,75
synth_41222,75
synth_41274,75
synth_41001,75
synth_41193,75
synth_41275,75
synth_40938,75
synth_41069,75
synth_41202,75
synth_41228,75
synth_41098,75
synth_41127,75
synth_41184,75
synth_41289,75
synth_41367,75
synth_41194,75
synth_41252,75
synth_40917,75
synth_41058,75
synth_40857,75
synth_40963,75
synth_41046,75
synth_41080,75
synth_41143,75
synth_40981,75
synth_41006,75
synth_40947,75
synth_41162,75
synth_41011,75
synth_41038,75
synth_41096,75
synth_40831,75
synth_40841,75
synth_40931,75
synth_41133,75
synth_41148,75
synth_41164,75
synth_40899,75
synth_41035,75
synth_41089,75
synth_41207,75
synth_40838,75
synth_40845,75
synth_41074,75
synth_41117,75
synth_41158,75
synth_41185,75
synth_41206,75
synth_41372,75
synth_41236,75
synth_41342,75
synth_40907,75
synth_41134,75
synth_41226,75
synth_41239,75
synth_41251,75
synth_41327,75
synth_41041,75
synth_41156,75
synth_41187,75
synth_41205,75
synth_41303,75
synth_40873,75
synth_41124,75
synth_41293,75
synth_41361,75
synth_41370,75
synth_40934,75
synth_41183,75
synth_41020,75
synth_40843,75
synth_41225,75
synth_41170,75
synth_41375,75
synth_40919,75
synth_40848,75
synth_40926,75
synth_40935,75
synth_40954,75
synth_40849,75
synth_41235,75
synth_41034,75
synth_40956,75
synth_41281,75
synth_41287,75
synth_41101,75
synth_41161,75
synth_41176,75
synth_41234,75
synth_41341,75
synth_41135,75
synth_41335,75
synth_41355,75
synth_40886,75
synth_41351,75
synth_40895,75
synth_41242,75
synth_41244,75
synth_41308,75
synth_40864,75
synth_40928,75
synth_41086,75
synth_41197,75
synth_41208,75
synth_40993,75
synth_41268,75
synth_41323,75
synth_40859,75
synth_41112,75
synth_41307,75
synth_41313,75
synth_40872,75
synth_41040,75
synth_41336,75
synth_41165,75
synth_41180,75
synth_41376,75
synth_41118,75
synth_41163,75
synth_41333,75
synth_40869,75
synth_41002,75
synth_41059,75
synth_41136,75
synth_41311,75
synth_41312,75
synth_40892,75
synth_41175,75
synth_41097,75
synth_41108,75
synth_41298,75
synth_40887,75
synth_41003,75
synth_41018,75
synth_41095,75
synth_40904,75
synth_41008,75
synth_41029,75
synth_41044,75
synth_40896,75
synth_41141,75
synth_41377,75
synth_41013,75
synth_41103,75
synth_41331,75
synth_41073,75
synth_41271,75
synth_41102,75
synth_41188,75
synth_40972,75
synth_41007,75
synth_41106,75
synth_41128,75
synth_41166,75
synth_41358,75
synth_40958,75
synth_41090,75
synth_40970,75
synth_40833,75
synth_40854,75
synth_41049,75
synth_41000,75
synth_41178,75
synth_41265,75
synth_41182,75
synth_41203,75
synth_41334,75
synth_41010,75
synth_41031,75
synth_41154,75
synth_41258,75
synth_41042,75
synth_41257,75
synth_41032,75
synth_40937,75
synth_41250,75
synth_41319,75
synth_40908,75
synth_40844,75
synth_41137,75
synth_40964,75
synth_41304,75
synth_41365,75
synth_41241,75
synth_40890,75
synth_40832,75
synth_40877,75
synth_40893,75
synth_40965,75
synth_41216,75
synth_40866,75
synth_40992,75
synth_41077,75
synth_41283,75
synth_40847,75
synth_40861,75
synth_40957,75
synth_40962,75
synth_41296,75
synth_41350,75
synth_40871,75
synth_40976,75
synth_41149,75
synth_41288,75
synth_41373,75
synth_40865,75
synth_41247,75
synth_40835,75
synth_41138,75
synth_41359,75
synth_40932,75
synth_40867,75
synth_40951,75
synth_41352,75
synth_40914,75
synth_40936,75
synth_41132,75
synth_41181,75
synth_41210,75
synth_41338,75
synth_40851,75
synth_40897,75
synth_40933,75
synth_40983,75
synth_41366,75
synth_40846,75
synth_41192,75
synth_40830,75
synth_41111,75
synth_41177,75
synth_41270,75
synth_41353,75
synth_40944,75
synth_41064,75
synth_40863,75
synth_41310,75
synth_40978,75
synth_41071,75
synth_41201,75
synth_41024,75
synth_41337,75
synth_41015,75
synth_41053,75
synth_41129,75
synth_41152,75
synth_41209,75
synth_41240,75
synth_40885,75
synth_40969,75
synth_40977,75
synth_40995,75
synth_41028,75
synth_41160,75
synth_40862,75
synth_41036,75
synth_40986,75
synth_41119,75
synth_41110,75
synth_41045,75
synth_41169,75
synth_41174,75
synth_40876,75
synth_40974,75
synth_41037,75
synth_41221,75
synth_41171,75
synth_41297,75
synth_41316,75
synth_40878,75
synth_41063,75
synth_40858,75
synth_40930,75
synth_41019,75
synth_41356,75
synth_41145,75
synth_41230,75
synth_41238,75
synth_41246,75
synth_41302,75
synth_41374,75
synth_41220,75
synth_41261,75
synth_40949,75
synth_41065,75
synth_40982,75
synth_41122,75
synth_40911,75
synth_40971,75
synth_41349,75
synth_40870,75
synth_40874,75
synth_40990,75
synth_41267,75
synth_40856,75
synth_40912,75
synth_40880,75
synth_41277,75
synth_41278,75
synth_41082,75
synth_41144,75
synth_41167,75
synth_41173,75
synth_41139,75
synth_41227,75
synth_40853,75
synth_40879,75
synth_40997,75
synth_41099,75
synth_41243,75
synth_40842,75
synth_40852,75
synth_40948,75
synth_40998,75
synth_41150,75
synth_40941,75
synth_41190,75
synth_41364,75
synth_40924,75
synth_41121,75
synth_40900,75
synth_40923,75
synth_41280,75
synth_41348,75
synth_40875,75
synth_40922,75
synth_41017,75
synth_41083,75
synth_41085,75
synth_41094,75
synth_41114,75
synth_41295,75
synth_41347,75
synth_40988,75
synth_41204,75
synth_41321,75
synth_40889,75
synth_41107,75
synth_41131,75
synth_41299,75
synth_41369,75
synth_41014,75
synth_40898,75
synth_41054,75
synth_41345,75
synth_40980,75
synth_41072,75
synth_41260,75
synth_41346,75
synth_40921,75
synth_40959,75
synth_41232,75
synth_40918,75
synth_40927,75
synth_41062,75
synth_41300,75
synth_40837,75
synth_41105,75
synth_40929,75
synth_41055,75
synth_41068,75
synth_41224,75
synth_41253,75
synth_41315,75
synth_41259,75
synth_41273,75
synth_41301,75
synth_41023,75
synth_41123,75
synth_41272,75
synth_40966,75
synth_41022,75
synth_41332,75
synth_40868,75
synth_41057,75
synth_41195,75
synth_41245,75
synth_40920,75
synth_40994,75
synth_41263,75
synth_41039,75
synth_41153,75
synth_41357,75
synth_41109,75
synth_40905,75
synth_40968,75
synth_41021,75
synth_41142,75
synth_41215,75
synth_41248,75
synth_41254,75
synth_40952,75
synth_41198,75
synth_40840,75
synth_40860,75
synth_40891,75
synth_41104,75
synth_41168,75
synth_41211,75
synth_41328,75
synth_41344,75
synth_40945,75
synth_40996,75
synth_41146,75
synth_41229,75
synth_41354,75
synth_41051,75
synth_41157,75
synth_41256,75
synth_41339,75
synth_41052,75
synth_41179,75
synth_40975,75
synth_40989,75
synth_41050,75
synth_41231,75
synth_40991,75
synth_41368,75
synth_41088,75
synth_41159,75
synth_41305,75
synth_41155,75
synth_41196,75
synth_40881,75
synth_40987,75
synth_41076,75
synth_41219,75
synth_41286,75
synth_40953,75
synth_41264,75
synth_40834,75
synth_40943,75
synth_41091,75
synth_41218,75
synth_41147,75
synth_41217,75
synth_41027,75
synth_41047,75
synth_41130,75
synth_41262,75
synth_41322,75
synth_41285,75
synth_40916,75
synth_41016,75
synth_41126,75
synth_41249,75
synth_41294,75
synth_40901,75
synth_40942,75
synth_40999,75
synth_41212,75
synth_41213,75
synth_41030,75
synth_41084,75
synth_41318,75
synth_40979,75
synth_41043,75
synth_41078,75
synth_41320,75
synth_40960,75
synth_40984,75
synth_41172,75
synth_41025,75
synth_41115,75
synth_41290,75
synth_41237,75
synth_41343,75
synth_41125,75
synth_41189,75
synth_41330,75
synth_41371,75
synth_41191,75
synth_40946,75
synth_41009,75
synth_41255,75
synth_41056,75
synth_41066,75
synth_41067,75
synth_41075,75
synth_41186,75
synth_40855,75
synth_41005,75
synth_41214,75
synth_41233,75
synth_40903,75
synth_40909,75
synth_41746,74
synth_41873,74
synth_41493,74
synth_41902,74
synth_41940,74
synth_41844,74
synth_41491,74
synth_41460,74
synth_41502,74
synth_41663,74
synth_41773,74
synth_41408,74
synth_41620,74
synth_41799,74
synth_41915,74
synth_41400,74
synth_41522,74
synth_41427,74
synth_41549,74
synth_41604,74
synth_41918,74
synth_41380,74
synth_41598,74
synth_41699,74
synth_41755,74
synth_41469,74
synth_41701,74
synth_41737,74
synth_41768,74
synth_41610,74
synth_41447,74
synth_41723,74
synth_41758,74
synth_41472,74
synth_41570,74
synth_41809,74
synth_41470,74
synth_41702,74
synth_41446,74
synth_41456,74
synth_41423,74
synth_41676,74
synth_41727,74
synth_41735,74
synth_41738,74
synth_41486,74
synth_41553,74
synth_41763,74
synth_41519,74
synth_41829,74
synth_41932,74
synth_41826,74
synth_41938,74
synth_41607,74
synth_41732,74
synth_41823,74
synth_41414,74
synth_41837,74
synth_41483,74
synth_41605,74
synth_41734,74
synth_41798,74
synth_41685,74
synth_41557,74
synth_41484,74
synth_41576,74
synth_41635,74
synth_41855,74
synth_41416,74
synth_41807,74
synth_41834,74
synth_41448,74
synth_41574,74
synth_41897,74
synth_41458,74
synth_41824,74
synth_41867,74
synth_41923,74
synth_41731,74
synth_41870,74
synth_41922,74
synth_41651,74
synth_41494,74
synth_41619,74
synth_41783,74
synth_41421,74
synth_41871,74
synth_41561,74
synth_41762,74
synth_41538,74
synth_41674,74
synth_41417,74
synth_41457,74
synth_41696,74
synth_41752,74
synth_41861,74
synth_41535,74
synth_41780,74
synth_41514,74
synth_41601,74
synth_41398,74
synth_41689,74
synth_41792,74
synth_41821,74
synth_41775,74
synth_41507,74
synth_41634,74
synth_41736,74
synth_41833,74
synth_41503,74
synth_41508,74
synth_41516,74
synth_41463,74
synth_41778,74
synth_41779,74
synth_41464,74
synth_41759,74
synth_41495,74
synth_41532,74
synth_41633,74
synth_41679,74
synth_41681,74
synth_41793,74
synth_41814,74
synth_41815,74
synth_41521,74
synth_41770,74
synth_41564,74
synth_41672,74
synth_41407,74
synth_41523,74
synth_41563,74
synth_41471,74
synth_41669,74
synth_41816,74
synth_41933,74
synth_41939,74
synth_41599,74
synth_41629,74
synth_41747,74
synth_41822,74
synth_41866,74
synth_41937,74
synth_41795,74
synth_41869,74
synth_41881,74
synth_41501,74
synth_41603,74
synth_41665,74
synth_41435,74
synth_41530,74
synth_41630,74
synth_41850,74
synth_41916,74
synth_41934,74
synth_41527,74
synth_41650,74
synth_41845,74
synth_41854,74
synth_41876,74
synth_41606,74
synth_41551,74
synth_41636,74
synth_41892,74
synth_41920,74
synth_41612,74
synth_41675,74
synth_41597,74
synth_41756,74
synth_41653,74
synth_41884,74
synth_41587,74
synth_41579,74
synth_41806,74
synth_41863,74
synth_41450,74
synth_41546,74
synth_41566,74
synth_41712,74
synth_41641,74
synth_41687,74
synth_41827,74
synth_41412,74
synth_41558,74
synth_41624,74
synth_41628,74
synth_41841,74
synth_41395,74
synth_41420,74
synth_41588,74
synth_41646,74
synth_41710,74
synth_41858,74
synth_41394,74
synth_41813,74
synth_41406,74
synth_41402,74
synth_41543,74
synth_41655,74
synth_41692,74
synth_41853,74
synth_41661,74
synth_41656,74
synth_41830,74
synth_41454,74
synth_41718,74
synth_41753,74
synth_41548,74
synth_41754,74
synth_41565,74
synth_41578,74
synth_41638,74
synth_41810,74
synth_41819,74
synth_41929,74
synth_41707,74
synth_41728,74
synth_41580,74
synth_41678,74
synth_41584,74
synth_41540,74
synth_41410,74
synth_41616,74
synth_41739,74
synth_41652,74
synth_41593,74
synth_41683,74
synth_41555,74
synth_41640,74
synth_41590,74
synth_41910,74
synth_41852,74
synth_41886,74
synth_41900,74
synth_41518,74
synth_41644,74
synth_41433,74
synth_41537,74
synth_41847,74
synth_41926,74
synth_41467,74
synth_41611,74
synth_41475,74
synth_41694,74
synth_41545,74
synth_41904,74
synth_41550,74
synth_41658,74
synth_41839,74
synth_41396,74
synth_41569,74
synth_41925,74
synth_41627,74
synth_41811,74
synth_41479,74
synth_41556,74
synth_41765,74
synth_41931,74
synth_41415,74
synth_41439,74
synth_41452,74
synth_41688,74
synth_41851,74
synth_41909,74
synth_41429,74
synth_41643,74
synth_41404,74
synth_41478,74
synth_41618,74
synth_41686,74
synth_41511,74
synth_41660,74
synth_41626,74
synth_41581,74
synth_41500,74
synth_41525,74
synth_41691,74
synth_41480,74
synth_41506,74
synth_41698,74
synth_41700,74
synth_41800,74
synth_41662,74
synth_41528,74
synth_41720,74
synth_41890,74
synth_41384,74
synth_41449,74
synth_41498,74
synth_41860,74
synth_41914,74
synth_41888,74
synth_41784,74
synth_41389,74
synth_41589,74
synth_41750,74
synth_41868,74
synth_41917,74
synth_41536,74
synth_41642,74
synth_41399,74
synth_41805,74
synth_41771,74
synth_41426,74
synth_41444,74
synth_41560,74
synth_41648,74
synth_41741,74
synth_41818,74
synth_41600,74
synth_41790,74
synth_41487,74
synth_41677,74
synth_41911,74
synth_41794,74
synth_41617,74
synth_41820,74
synth_41877,74
synth_41602,74
synth_41615,74
synth_41838,74
synth_41894,74
synth_41391,74
synth_41497,74
synth_41533,74
synth_41562,74
synth_41595,74
synth_41614,74
synth_41772,74
synth_41488,74
synth_41568,74
synth_41704,74
synth_41725,74
synth_41382,74
synth_41623,74
synth_41639,74
synth_41828,74
synth_41786,74
synth_41667,74
synth_41742,74
synth_41513,74
synth_41442,74
synth_41631,74
synth_41812,74
synth_41465,74
synth_41424,74
synth_41492,74
synth_41594,74
synth_41865,74
synth_41745,74
synth_41889,74
synth_41441,74
synth_41388,74
synth_41572,74
synth_41716,74
synth_41883,74
synth_41898,74
synth_41445,74
synth_41596,74
synth_41645,74
synth_41846,74
synth_41930,74
synth_41397,74
synth_41547,74
synth_41476,74
synth_41625,74
synth_41744,74
synth_41749,74
synth_41859,74
synth_41835,74
synth_41887,74
synth_41413,74
synth_41477,74
synth_41609,74
synth_41788,74
synth_41693,74
synth_41436,74
synth_41451,74
synth_41473,74
synth_41520,74
synth_41582,74
synth_41703,74
synth_41893,74
synth_41899,74
synth_41708,74
synth_41751,74
synth_41906,74
synth_41908,74
synth_41928,74
synth_41481,74
synth_41874,74
synth_41632,74
synth_41637,74
synth_41733,74
synth_41797,74
synth_41903,74
synth_41680,74
synth_41379,74
synth_41453,74
synth_41534,74
synth_41539,74
synth_41541,74
synth_41673,74
synth_41392,74
synth_41592,74
synth_41726,74
synth_41879,74
synth_41791,74
synth_41927,74
synth_41386,74
synth_41843,74
synth_41882,74
synth_41706,74
synth_41832,74
synth_41785,74
synth_41438,74
synth_41474,74
synth_41831,74
synth_41896,74
synth_41490,74
synth_41504,74
synth_41895,74
synth_41668,74
synth_41724,74
synth_41748,74
synth_41796,74
synth_41509,74
synth_41804,74
synth_41621,74
synth_41777,74
synth_41802,74
synth_41567,74
synth_41512,74
synth_41531,74
synth_41649,74
synth_41684,74
synth_41428,74
synth_41455,74
synth_41803,74
synth_41880,74
synth_41664,74
synth_41381,74
synth_41425,74
synth_41848,74
synth_41489,74
synth_41715,74
synth_41721,74
synth_41936,74
synth_41789,74
synth_41390,74
synth_41817,74
synth_41654,74
synth_41526,74
synth_41411,74
synth_41554,74
synth_41647,74
synth_41717,74
synth_41757,74
synth_41901,74
synth_41583,74
synth_41585,74
synth_41378,74
synth_41542,74
synth_41695,74
synth_41713,74
synth_41613,74
synth_41383,74
synth_41468,74
synth_41586,74
synth_41729,74
synth_41781,74
synth_41401,74
synth_41776,74
synth_41419,74
synth_41891,74
synth_41670,74
synth_41787,74
synth_41418,74
synth_41709,74
synth_41766,74
synth_41842,74
synth_41856,74
synth_41690,74
synth_41517,74
synth_41529,74
synth_41671,74
synth_41496,74
synth_41552,74
synth_41622,74
synth_41722,74
synth_41499,74
synth_41608,74
synth_41719,74
synth_41836,74
synth_41559,74
synth_41825,74
synth_41573,74
synth_41769,74
synth_41459,74
synth_41711,74
synth_41808,74
synth_41878,74
synth_41919,74
synth_41921,74
synth_41505,74
synth_41705,74
synth_41912,74
synth_41924,74
synth_41760,74
synth_41862,74
synth_41875,74
synth_41462,74
synth_41666,74
synth_41935,74
synth_41782,74
synth_41443,74
synth_41485,74
synth_41840,74
synth_41857,74
synth_41393,74
synth_41422,74
synth_41430,74
synth_41409,74
synth_41659,74
synth_41403,74
synth_41697,74
synth_41801,74
synth_41510,74
synth_41774,74
synth_41431,74
synth_41591,74
synth_41730,74
synth_41740,74
synth_41913,74
synth_41515,74
synth_41387,74
synth_41764,74
synth_41461,74
synth_41434,74
synth_41767,74
synth_41385,74
synth_41437,74
synth_41761,74
synth_41577,74
synth_41864,74
synth_41872,74
synth_41524,74
synth_41571,74
synth_41907,74
synth_41405,74
synth_41482,74
synth_41544,74
synth_41714,74
synth_41905,74
synth_41466,74
synth_41575,74
synth_41682,74
synth_41743,74
synth_41885,74
synth_41440,74
synth_41432,74
synth_41849,74
synth_41657,74
synth_42097,73
synth_42156,73
synth_42247,73
synth_42439,73
synth_42510,73
synth_41944,73
synth_42128,73
synth_42341,73
synth_42407,73
synth_42100,73
synth_42357,73
synth_42217,73
synth_42231,73
synth_42432,73
synth_42024,73
synth_41959,73
synth_42286,73
synth_42437,73
synth_42013,73
synth_42032,73
synth_42213,73
synth_42465,73
synth_41971,73
synth_42007,73
synth_42335,73
synth_41969,73
synth_42297,73
synth_42360,73
synth_41995,73
synth_42077,73
synth_42291,73
synth_42298,73
synth_42023,73
synth_42057,73
synth_42082,73
synth_42295,73
synth_42475,73
synth_42333,73
synth_41983,73
synth_41980,73
synth_42089,73
synth_42391,73
synth_42502,73
synth_42170,73
synth_42034,73
synth_42040,73
synth_42093,73
synth_42118,73
synth_42187,73
synth_42460,73
synth_42201,73
synth_42334,73
synth_42120,73
synth_42189,73
synth_42300,73
synth_42504,73
synth_42356,73
synth_42063,73
synth_42185,73
synth_42235,73
synth_42086,73
synth_42146,73
synth_42433,73
synth_42478,73
synth_42505,73
synth_42265,73
synth_41979,73
synth_42037,73
synth_42039,73
synth_42080,73
synth_41972,73
synth_42390,73
synth_42374,73
synth_42461,73
synth_42035,73
synth_42150,73
synth_42444,73
synth_42410,73
synth_42449,73
synth_42016,73
synth_42223,73
synth_42508,73
synth_42389,73
synth_41987,73
synth_42002,73
synth_42206,73
synth_42368,73
synth_41978,73
synth_42294,73
synth_42003,73
synth_42314,73
synth_42352,73
synth_42078,73
synth_42107,73
synth_42330,73
synth_42456,73
synth_42171,73
synth_42490,73
synth_42324,73
synth_42036,73
synth_42068,73
synth_42257,73
synth_42191,73
synth_42469,73
synth_42166,73
synth_42228,73
synth_42246,73
synth_42188,73
synth_42234,73
synth_42270,73
synth_42304,73
synth_42030,73
synth_42252,73
synth_42119,73
synth_42346,73
synth_42428,73
synth_41961,73
synth_42284,73
synth_42443,73
synth_42479,73
synth_41997,73
synth_42260,73
synth_42415,73
synth_42419,73
synth_42458,73
synth_42106,73
synth_42179,73
synth_42482,73
synth_42382,73
synth_42385,73
synth_42220,73
synth_42435,73
synth_42499,73
synth_42028,73
synth_41964,73
synth_42386,73
synth_42210,73
synth_42329,73
synth_42065,73
synth_42205,73
synth_42169,73
synth_42227,73
synth_42412,73
synth_42351,73
synth_42467,73
synth_42340,73
synth_42394,73
synth_42417,73
synth_42073,73
synth_42183,73
synth_42103,73
synth_41966,73
synth_42133,73
synth_42249,73
synth_42277,73
synth_42282,73
synth_42446,73
synth_42495,73
synth_42259,73
synth_42061,73
synth_42313,73
synth_42240,73
synth_42264,73
synth_42369,73
synth_42376,73
synth_41951,73
synth_42018,73
synth_42098,73
synth_42363,73
synth_42041,73
synth_42114,73
synth_42245,73
synth_42459,73
synth_42153,73
synth_42372,73
synth_42429,73
synth_41984,73
synth_42370,73
synth_41970,73
synth_42378,73
synth_42518,73
synth_41968,73
synth_42131,73
synth_42463,73
synth_42021,73
synth_42347,73
synth_42353,73
synth_42447,73
synth_42299,73
synth_42511,73
synth_42302,73
synth_42371,73
synth_42464,73
synth_42285,73
synth_42327,73
synth_42487,73
synth_42421,73
synth_42462,73
synth_42162,73
synth_42399,73
synth_41947,73
synth_42058,73
synth_42273,73
synth_42331,73
synth_42474,73
synth_42060,73
synth_42431,73
synth_42000,73
synth_42366,73
synth_42320,73
synth_42414,73
synth_42445,73
synth_41953,73
synth_41982,73
synth_42081,73
synth_42157,73
synth_42485,73
synth_42208,73
synth_42064,73
synth_42342,73
synth_42424,73
synth_42025,73
synth_42323,73
synth_41965,73
synth_42159,73
synth_41985,73
synth_42125,73
synth_42203,73
synth_42211,73
synth_41942,73
synth_42214,73
synth_42136,73
synth_42288,73
synth_42303,73
synth_42218,73
synth_42161,73
synth_42202,73
synth_42015,73
synth_42392,73
synth_42140,73
synth_41952,73
synth_42491,73
synth_42222,73
synth_42261,73
synth_42267,73
synth_42387,73
synth_42317,73
synth_42177,73
synth_42509,73
synth_42413,73
synth_42050,73
synth_42132,73
synth_42287,73
synth_42514,73
synth_41956,73
synth_42052,73
synth_42226,73
synth_41948,73
synth_42095,73
synth_42129,73
synth_42380,73
synth_42207,73
synth_42373,73
synth_42090,73
synth_42046,73
synth_42281,73
synth_42043,73
synth_42138,73
synth_42426,73
synth_42448,73
synth_42067,73
synth_42455,73
synth_41992,73
synth_42379,73
synth_42056,73
synth_42242,73
synth_42381,73
synth_41943,73
synth_42268,73
synth_42305,73
synth_42453,73
synth_42011,73
synth_42359,73
synth_41967,73
synth_42517,73
synth_42212,73
synth_42328,73
synth_42075,73
synth_42122,73
synth_42395,73
synth_41981,73
synth_42232,73
synth_42481,73
synth_42486,73
synth_42117,73
synth_42404,73
synth_42436,73
synth_42010,73
synth_42175,73
synth_42066,73
synth_42085,73
synth_42092,73
synth_42402,73
synth_42438,73
synth_42315,73
synth_42053,73
synth_42425,73
synth_42466,73
synth_42033,73
synth_42045,73
synth_42283,73
synth_42405,73
synth_42480,73
synth_42014,73
synth_42484,73
synth_42258,73
synth_42492,73
synth_42269,73
synth_42434,73
synth_41989,73
synth_42084,73
synth_42137,73
synth_42083,73
synth_42126,73
synth_42176,73
synth_42051,73
synth_42087,73
synth_42196,73
synth_42280,73
synth_41993,73
synth_42198,73
synth_42263,73
synth_42309,73
synth_42496,73
synth_42497,73
synth_41974,73
synth_42348,73
synth_42349,73
synth_42375,73
synth_41999,73
synth_42139,73
synth_42256,73
synth_42164,73
synth_42416,73
synth_42149,73
synth_42393,73
synth_42500,73
synth_42512,73
synth_41975,73
synth_42141,73
synth_42062,73
synth_41941,73
synth_42152,73
synth_42494,73
synth_42094,73
synth_42472,73
synth_42325,73
synth_42354,73
synth_41950,73
synth_42055,73
synth_42293,73
synth_41991,73
synth_42088,73
synth_42182,73
synth_42091,73
synth_42216,73
synth_42452,73
synth_42318,73
synth_42096,73
synth_42290,73
synth_42409,73
synth_42483,73
synth_42008,73
synth_42044,73
synth_42099,73
synth_42279,73
synth_42310,73
synth_42020,73
synth_41986,73
synth_42278,73
synth_42420,73
synth_41973,73
synth_42200,73
synth_42079,73
synth_42457,73
synth_42507,73
synth_42296,73
synth_42358,73
synth_42215,73
synth_42109,73
synth_42197,73
synth_42230,73
synth_42301,73
synth_42111,73
synth_42244,73
synth_42254,73
synth_42209,73
synth_42332,73
synth_42406,73
synth_42470,73
synth_42001,73
synth_42147,73
synth_42184,73
synth_42401,73
synth_42513,73
synth_42233,73
synth_42012,73
synth_42027,73
synth_42121,73
synth_42221,73
synth_42476,73
synth_42250,73
synth_42049,73
synth_41954,73
synth_42219,73
synth_42262,73
synth_42336,73
synth_42112,73
synth_42451,73
synth_41994,73
synth_42143,73
synth_42163,73
synth_42123,73
synth_42355,73
synth_42042,73
synth_42134,73
synth_42408,73
synth_42477,73
synth_42071,73
synth_42430,73
synth_42473,73
synth_42193,73
synth_42048,73
synth_42144,73
synth_42411,73
synth_41996,73
synth_42029,73
synth_42180,73
synth_42017,73
synth_42423,73
synth_42009,73
synth_42239,73
synth_42384,73
synth_41945,73
synth_42229,73
synth_42124,73
synth_42403,73
synth_42493,73
synth_41990,73
synth_42047,73
synth_42275,73
synth_42101,73
synth_42377,73
synth_42104,73
synth_42165,73
synth_42361,73
synth_41946,73
synth_42350,73
synth_42397,73
synth_42110,73
synth_42130,73
synth_42274,73
synth_42396,73
synth_42418,73
synth_42160,73
synth_42489,73
synth_41957,73
synth_42312,73
synth_42422,73
synth_42019,73
synth_42398,73
synth_42069,73
synth_42383,73
synth_41955,73
synth_41976,73
synth_42074,73
synth_42142,73
synth_42266,73
synth_42272,73
synth_42515,73
synth_42026,73
synth_42116,73
synth_42440,73
synth_42454,73
synth_42172,73
synth_42204,73
synth_41988,73
synth_42054,73
synth_42006,73
synth_42488,73
synth_42186,73
synth_42364,73
synth_42322,73
synth_42102,73
synth_42321,73
synth_42167,73
synth_42441,73
synth_42022,73
synth_42319,73
synth_42148,73
synth_42450,73
synth_42338,73
synth_42072,73
synth_42243,73
synth_42442,73
synth_42501,73
synth_42253,73
synth_42339,73
synth_42127,73
synth_42031,73
synth_42388,73
synth_41949,73
synth_42135,73
synth_42271,73
synth_42292,73
synth_42306,73
synth_42503,73
synth_42199,73
synth_42471,73
synth_42113,73
synth_42311,73
synth_42345,73
synth_42151,73
synth_42289,73
synth_42076,73
synth_41962,73
synth_42506,73
synth_42155,73
synth_42190,73
synth_42337,73
synth_42241,73
synth_42195,73
synth_42255,73
synth_41963,73
synth_42168,73
synth_42225,73
synth_42498,73
synth_42145,73
synth_42158,73
synth_42238,73
synth_42367,73
synth_42427,73
synth_42468,73
synth_42038,73
synth_42108,73
synth_42343,73
synth_42194,73
synth_42173,73
synth_42174,73
synth_42070,73
synth_42237,73
synth_42516,73
synth_41998,73
synth_42059,73
synth_42178,73
synth_42365,73
synth_42326,73
synth_41977,73
synth_42105,73
synth_42236,73
synth_42308,73
synth_42316,73
synth_41958,73
synth_41960,73
synth_42115,73
synth_42248,73
synth_42307,73
synth_42344,73
synth_42362,73
synth_42400,73
synth_42154,73
synth_42192,73
synth_42181,73
synth_42276,73
synth_42004,73
synth_42251,73
synth_42224,73
synth_42005,73
synth_42808,72
synth_42939,72
synth_42806,72
synth_42929,72
synth_42721,72
synth_42568,72
synth_42862,72
synth_42901,72
synth_42948,72
synth_42636,72
synth_42778,72
synth_42951,72
synth_42592,72
synth_42866,72
synth_42884,72
synth_43067,72
synth_42754,72
synth_42796,72
synth_42770,72
synth_42528,72
synth_42551,72
synth_42598,72
synth_42740,72
synth_43075,72
synth_42660,72
synth_43055,72
synth_42846,72
synth_42976,72
synth_43098,72
synth_43111,72
synth_42831,72
synth_42608,72
synth_42665,72
synth_42726,72
synth_42731,72
synth_43020,72
synth_42877,72
synth_42907,72
synth_42928,72
synth_43095,72
synth_42585,72
synth_42652,72
synth_42818,72
synth_43010,72
synth_42857,72
synth_42804,72
synth_43040,72
synth_42955,72
synth_43061,72
synth_43094,72
synth_42688,72
synth_42694,72
synth_42697,72
synth_42714,72
synth_42646,72
synth_42844,72
synth_43088,72
synth_42674,72
synth_42890,72
synth_43083,72
synth_42696,72
synth_42869,72
synth_42925,72
synth_42643,72
synth_42892,72
synth_42921,72
synth_42566,72
synth_42639,72
synth_42817,72
synth_43015,72
synth_43017,72
synth_42897,72
synth_42908,72
synth_42670,72
synth_43009,72
synth_42649,72
synth_42803,72
synth_42827,72
synth_42715,72
synth_42825,72
synth_43037,72
synth_42932,72
synth_42614,72
synth_43070,72
synth_42904,72
synth_42524,72
synth_42579,72
synth_42609,72
synth_42616,72
synth_42835,72
synth_43046,72
synth_42995,72
synth_42572,72
synth_43071,72
synth_43090,72
synth_42522,72
synth_42645,72
synth_42713,72
synth_42725,72
synth_42864,72
synth_42563,72
synth_42703,72
synth_42922,72
synth_43077,72
synth_42582,72
synth_42668,72
synth_42912,72
synth_42747,72
synth_42822,72
synth_42843,72
synth_42940,72
synth_42974,72
synth_42994,72
synth_42624,72
synth_42549,72
synth_42860,72
synth_42944,72
synth_43079,72
synth_43101,72
synth_42719,72
synth_42959,72
synth_42599,72
synth_42732,72
synth_42589,72
synth_42638,72
synth_42720,72
synth_42727,72
synth_42829,72
synth_42569,72
synth_42910,72
synth_42933,72
synth_42834,72
synth_42705,72
synth_42734,72
synth_42838,72
synth_42527,72
synth_42936,72
synth_42620,72
synth_42661,72
synth_42815,72
synth_42523,72
synth_42605,72
synth_42685,72
synth_43023,72
synth_42972,72
synth_43103,72
synth_42647,72
synth_42676,72
synth_42767,72
synth_43030,72
synth_42930,72
synth_42604,72
synth_42562,72
synth_42821,72
synth_43091,72
synth_42841,72
synth_42564,72
synth_42594,72
synth_42708,72
synth_42781,72
synth_42845,72
synth_42634,72
synth_42820,72
synth_43006,72
synth_42979,72
synth_42992,72
synth_42982,72
synth_42520,72
synth_43028,72
synth_43052,72
synth_42539,72
synth_42595,72
synth_42683,72
synth_42794,72
synth_42986,72
synth_42675,72
synth_42760,72
synth_43003,72
synth_43025,72
synth_42903,72
synth_42777,72
synth_42813,72
synth_43012,72
synth_42532,72
synth_43034,72
synth_43035,72
synth_43059,72
synth_42573,72
synth_43033,72
synth_43049,72
synth_42567,72
synth_43100,72
synth_42973,72
synth_42775,72
synth_42533,72
synth_42627,72
synth_42875,72
synth_42540,72
synth_43113,72
synth_42695,72
synth_42975,72
synth_42619,72
synth_42669,72
synth_42733,72
synth_42735,72
synth_43107,72
synth_42745,72
synth_42653,72
synth_42680,72
synth_42655,72
synth_43021,72
synth_43048,72
synth_42666,72
synth_42698,72
synth_42969,72
synth_43104,72
synth_42783,72
synth_42858,72
synth_42965,72
synth_43099,72
synth_42755,72
synth_42810,72
synth_43024,72
synth_42867,72
synth_42681,72
synth_42742,72
synth_42752,72
synth_42788,72
synth_42980,72
synth_43001,72
synth_42970,72
synth_42759,72
synth_42802,72
synth_42538,72
synth_42870,72
synth_42960,72
synth_42530,72
synth_42555,72
synth_42577,72
synth_42741,72
synth_42814,72
synth_43039,72
synth_42938,72
synth_42711,72
synth_42801,72
synth_43068,72
synth_42916,72
synth_43073,72
synth_42937,72
synth_42805,72
synth_42809,72
synth_42790,72
synth_42525,72
synth_42580,72
synth_42601,72
synth_42784,72
synth_42611,72
synth_42650,72
synth_43031,72
synth_42991,72
synth_42793,72
synth_42946,72
synth_43105,72
synth_42771,72
synth_42812,72
synth_42552,72
synth_42840,72
synth_42996,72
synth_43004,72
synth_42848,72
synth_42981,72
synth_43029,72
synth_42722,72
synth_42757,72
synth_43089,72
synth_42851,72
synth_42878,72
synth_42898,72
synth_42977,72
synth_43060,72
synth_42617,72
synth_42635,72
synth_42672,72
synth_42824,72
synth_43043,72
synth_42707,72
synth_42626,72
synth_42704,72
synth_42853,72
synth_42642,72
synth_42644,72
synth_42950,72
synth_42997,72
synth_43027,72
synth_42993,72
synth_42623,72
synth_43080,72
synth_43038,72
synth_43053,72
synth_42931,72
synth_42618,72
synth_42648,72
synth_42534,72
synth_42535,72
synth_42553,72
synth_42909,72
synth_42590,72
synth_42889,72
synth_42856,72
synth_42967,72
synth_42640,72
synth_42756,72
synth_42787,72
synth_42837,72
synth_42628,72
synth_42571,72
synth_42603,72
synth_42612,72
synth_42800,72
synth_42927,72
synth_42962,72
synth_42691,72
synth_42701,72
synth_42560,72
synth_43008,72
synth_42529,72
synth_42749,72
synth_42581,72
synth_42593,72
synth_42659,72
synth_42729,72
synth_42765,72
synth_43093,72
synth_42536,72
synth_42557,72
synth_43081,72
synth_43085,72
synth_42859,72
synth_42547,72
synth_42954,72
synth_42544,72
synth_42789,72
synth_42915,72
synth_42570,72
synth_42684,72
synth_42710,72
synth_42724,72
synth_43050,72
synth_43062,72
synth_42651,72
synth_43002,72
synth_42895,72
synth_42687,72
synth_43019,72
synth_42519,72
synth_42923,72
synth_42591,72
synth_43054,72
synth_42905,72
synth_42545,72
synth_42911,72
synth_42750,72
synth_42883,72
synth_42894,72
synth_42682,72
synth_43000,72
synth_42679,72
synth_42989,72
synth_42556,72
synth_42559,72
synth_42893,72
synth_42990,72
synth_43036,72
synth_42914,72
synth_42706,72
synth_42730,72
synth_43026,72
synth_42797,72
synth_43108,72
synth_43092,72
synth_42891,72
synth_42769,72
synth_42786,72
synth_42942,72
synth_42854,72
synth_42880,72
synth_42882,72
synth_42945,72
synth_42736,72
synth_43074,72
synth_43096,72
synth_42667,72
synth_42774,72
synth_42872,72
synth_42782,72
synth_43066,72
synth_43110,72
synth_42746,72
synth_42662,72
synth_42772,72
synth_42546,72
synth_42968,72
synth_42863,72
synth_42934,72
synth_43022,72
synth_43051,72
synth_43086,72
synth_42584,72
synth_42537,72
synth_42629,72
synth_42958,72
synth_42748,72
synth_42799,72
synth_43047,72
synth_42876,72
synth_42637,72
synth_42761,72
synth_42919,72
synth_42998,72
synth_42541,72
synth_42576,72
synth_42738,72
synth_43056,72
synth_42852,72
synth_42574,72
synth_42832,72
synth_42839,72
synth_42956,72
synth_42978,72
synth_42999,72
synth_42763,72
synth_42833,72
synth_42887,72
synth_42548,72
synth_42906,72
synth_42983,72
synth_43087,72
synth_42531,72
synth_42949,72
synth_42575,72
synth_42663,72
synth_42596,72
synth_42723,72
synth_42926,72
synth_42689,72
synth_42935,72
synth_43082,72
synth_42830,72
synth_43018,72
synth_42673,72
synth_42692,72
synth_42795,72
synth_42988,72
synth_42622,72
synth_42753,72
synth_42776,72
synth_43007,72
synth_43072,72
synth_42558,72
synth_42881,72
synth_42952,72
synth_43078,72
synth_42602,72
synth_42693,72
synth_43045,72
synth_42785,72
synth_42751,72
synth_42826,72
synth_43042,72
synth_42578,72
synth_42686,72
synth_42758,72
synth_42610,72
synth_42625,72
synth_42743,72
synth_42712,72
synth_43032,72
synth_42847,72
synth_42861,72
synth_43014,72
synth_42971,72
synth_43097,72
synth_42768,72
synth_43084,72
synth_42543,72
synth_42664,72
synth_42744,72
synth_42828,72
synth_43011,72
synth_42850,72
synth_42868,72
synth_42900,72
synth_42606,72
synth_43013,72
synth_42658,72
synth_42678,72
synth_42709,72
synth_43058,72
synth_42917,72
synth_42583,72
synth_42690,72
synth_42819,72
synth_43057,72
synth_42961,72
synth_43063,72
synth_43106,72
synth_43069,72
synth_42811,72
synth_42791,72
synth_42924,72
synth_42941,72
synth_42716,72
synth_42947,72
synth_42957,72
synth_42737,72
synth_42873,72
synth_42885,72
synth_42896,72
synth_43076,72
synth_42597,72
synth_42615,72
synth_42632,72
synth_42842,72
synth_42554,72
synth_42920,72
synth_42963,72
synth_42600,72
synth_42739,72
synth_43005,72
synth_42964,72
synth_42654,72
synth_42762,72
synth_42836,72
synth_42899,72
synth_42985,72
synth_42550,72
synth_42641,72
synth_42888,72
synth_42607,72
synth_43109,72
synth_42630,72
synth_42728,72
synth_42792,72
synth_42943,72
synth_43064,72
synth_42702,72
synth_42717,72
synth_42849,72
synth_42918,72
synth_42631,72
synth_42816,72
synth_43044,72
synth_42913,72
synth_42588,72
synth_42633,72
synth_42764,72
synth_42586,72
synth_42677,72
synth_42779,72
synth_42879,72
synth_43065,72
synth_42565,72
synth_42699,72
synth_42871,72
synth_42902,72
synth_42613,72
synth_42823,72
synth_43112,72
synth_42526,72
synth_42657,72
synth_42671,72
synth_43102,72
synth_42521,72
synth_42780,72
synth_42766,72
synth_42773,72
synth_42621,72
synth_42656,72
synth_42798,72
synth_42966,72
synth_42718,72
synth_43016,72
synth_42886,72
synth_42984,72
synth_42587,72
synth_42807,72
synth_42874,72
synth_42953,72
synth_42987,72
synth_42542,72
synth_42561,72
synth_42700,72
synth_43041,72
synth_42855,72
synth_42865,72
synth_43330,71
synth_43205,71
synth_43218,71
synth_43242,71
synth_43252,71
synth_43260,71
synth_43483,71
synth_43713,71
synth_43284,71
synth_43490,71
synth_43245,71
synth_43398,71
synth_43441,71
synth_43545,71
synth_43247,71
synth_43523,71
synth_43598,71
synth_43633,71
synth_43229,71
synth_43395,71
synth_43554,71
synth_43618,71
synth_43393,71
synth_43339,71
synth_43702,71
synth_43384,71
synth_43724,71
synth_43375,71
synth_43190,71
synth_43259,71
synth_43447,71
synth_43663,71
synth_43280,71
synth_43310,71
synth_43196,71
synth_43232,71
synth_43266,71
synth_43326,71
synth_43336,71
synth_43294,71
synth_43721,71
synth_43126,71
synth_43278,71
synth_43659,71
synth_43465,71
synth_43515,71
synth_43722,71
synth_43302,71
synth_43594,71
synth_43217,71
synth_43362,71
synth_43543,71
synth_43575,71
synth_43577,71
synth_43608,71
synth_43627,71
synth_43646,71
synth_43689,71
synth_43305,71
synth_43388,71
synth_43255,71
synth_43544,71
synth_43507,71
synth_43568,71
synth_43541,71
synth_43328,71
synth_43452,71
synth_43345,71
synth_43530,71
synth_43682,71
synth_43286,71
synth_43445,71
synth_43571,71
synth_43177,71
synth_43451,71
synth_43525,71
synth_43696,71
synth_43478,71
synth_43648,71
synth_43204,71
synth_43206,71
synth_43248,71
synth_43432,71
synth_43707,71
synth_43253,71
synth_43424,71
synth_43358,71
synth_43535,71
synth_43550,71
synth_43203,71
synth_43149,71
synth_43189,71
synth_43235,71
synth_43241,71
synth_43403,71
synth_43558,71
synth_43719,71
synth_43198,71
synth_43374,71
synth_43540,71
synth_43613,71
synth_43164,71
synth_43277,71
synth_43415,71
synth_43120,71
synth_43423,71
synth_43472,71
synth_43251,71
synth_43291,71
synth_43383,71
synth_43367,71
synth_43548,71
synth_43720,71
synth_43319,71
synth_43421,71
synth_43237,71
synth_43495,71
synth_43697,71
synth_43268,71
synth_43502,71
synth_43351,71
synth_43509,71
synth_43215,71
synth_43227,71
synth_43293,71
synth_43274,71
synth_43174,71
synth_43238,71
synth_43666,71
synth_43214,71
synth_43271,71
synth_43534,71
synth_43386,71
synth_43325,71
synth_43549,71
synth_43649,71
synth_43380,71
synth_43434,71
synth_43610,71
synth_43667,71
synth_43342,71
synth_43600,71
synth_43263,71
synth_43324,71
synth_43643,71
synth_43671,71
synth_43679,71
synth_43712,71
synth_43281,71
synth_43298,71
synth_43450,71
synth_43640,71
synth_43661,71
synth_43701,71
synth_43144,71
synth_43361,71
synth_43440,71
synth_43625,71
synth_43656,71
synth_43114,71
synth_43184,71
synth_43391,71
synth_43161,71
synth_43146,71
synth_43431,71
synth_43486,71
synth_43505,71
synth_43673,71
synth_43192,71
synth_43412,71
synth_43573,71
synth_43141,71
synth_43143,71
synth_43299,71
synth_43429,71
synth_43561,71
synth_43563,71
synth_43619,71
synth_43273,71
synth_43385,71
synth_43292,71
synth_43394,71
synth_43636,71
synth_43308,71
synth_43718,71
synth_43154,71
synth_43517,71
synth_43578,71
synth_43583,71
synth_43166,71
synth_43265,71
synth_43297,71
synth_43316,71
synth_43178,71
synth_43519,71
synth_43378,71
synth_43595,71
synth_43150,71
synth_43272,71
synth_43446,71
synth_43455,71
synth_43267,71
synth_43359,71
synth_43463,71
synth_43296,71
synth_43329,71
synth_43457,71
synth_43606,71
synth_43669,71
synth_43134,71
synth_43314,71
synth_43140,71
synth_43155,71
synth_43327,71
synth_43407,71
synth_43553,71
synth_43565,71
synth_43221,71
synth_43262,71
synth_43444,71
synth_43489,71
synth_43677,71
synth_43130,71
synth_43142,71
synth_43193,71
synth_43474,71
synth_43557,71
synth_43597,71
synth_43405,71
synth_43652,71
synth_43703,71
synth_43230,71
synth_43406,71
synth_43341,71
synth_43396,71
synth_43443,71
synth_43207,71
synth_43312,71
synth_43159,71
synth_43427,71
synth_43462,71
synth_43467,71
synth_43533,71
synth_43129,71
synth_43236,71
synth_43348,71
synth_43360,71
synth_43185,71
synth_43555,71
synth_43414,71
synth_43520,71
synth_43381,71
synth_43333,71
synth_43512,71
synth_43590,71
synth_43699,71
synth_43715,71
synth_43435,71
synth_43481,71
synth_43528,71
synth_43693,71
synth_43714,71
synth_43524,71
synth_43647,71
synth_43116,71
synth_43397,71
synth_43587,71
synth_43599,71
synth_43276,71
synth_43285,71
synth_43409,71
synth_43665,71
synth_43353,71
synth_43145,71
synth_43223,71
synth_43370,71
synth_43402,71
synth_43513,71
synth_43556,71
synth_43569,71
synth_43576,71
synth_43199,71
synth_43514,71
synth_43685,71
synth_43208,71
synth_43167,71
synth_43639,71
synth_43309,71
synth_43311,71
synth_43224,71
synth_43439,71
synth_43516,71
synth_43684,71
synth_43212,71
synth_43282,71
synth_43234,71
synth_43442,71
synth_43508,71
synth_43510,71
synth_43609,71
synth_43153,71
synth_43331,71
synth_43338,71
synth_43628,71
synth_43678,71
synth_43376,71
synth_43621,71
synth_43123,71
synth_43131,71
synth_43225,71
synth_43344,71
synth_43615,71
synth_43634,71
synth_43210,71
synth_43300,71
synth_43506,71
synth_43567,71
synth_43694,71
synth_43591,71
synth_43382,71
synth_43171,71
synth_43287,71
synth_43425,71
synth_43473,71
synth_43122,71
synth_43172,71
synth_43363,71
synth_43469,71
synth_43644,71
synth_43321,71
synth_43492,71
synth_43687,71
synth_43209,71
synth_43279,71
synth_43371,71
synth_43366,71
synth_43560,71
synth_43387,71
synth_43136,71
synth_43168,71
synth_43379,71
synth_43698,71
synth_43564,71
synth_43137,71
synth_43256,71
synth_43261,71
synth_43426,71
synth_43562,71
synth_43623,71
synth_43674,71
synth_43121,71
synth_43372,71
synth_43529,71
synth_43614,71
synth_43306,71
synth_43645,71
synth_43690,71
synth_43401,71
synth_43479,71
synth_43500,71
synth_43588,71
synth_43147,71
synth_43269,71
synth_43642,71
synth_43133,71
synth_43200,71
synth_43335,71
synth_43522,71
synth_43635,71
synth_43392,71
synth_43173,71
synth_43354,71
synth_43368,71
synth_43416,71
synth_43547,71
synth_43191,71
synth_43119,71
synth_43318,71
synth_43456,71
synth_43711,71
synth_43582,71
synth_43169,71
synth_43250,71
synth_43194,71
synth_43480,71
synth_43484,71
synth_43622,71
synth_43356,71
synth_43475,71
synth_43584,71
synth_43264,71
synth_43323,71
synth_43499,71
synth_43179,71
synth_43488,71
synth_43220,71
synth_43477,71
synth_43504,71
synth_43668,71
synth_43464,71
synth_43496,71
synth_43369,71
synth_43537,71
synth_43637,71
synth_43683,71
synth_43704,71
synth_43187,71
synth_43233,71
synth_43527,71
synth_43118,71
synth_43347,71
synth_43579,71
synth_43213,71
synth_43222,71
synth_43249,71
synth_43365,71
synth_43246,71
synth_43288,71
synth_43315,71
synth_43453,71
synth_43581,71
synth_43399,71
synth_43551,71
synth_43313,71
synth_43485,71
synth_43620,71
synth_43710,71
synth_43165,71
synth_43175,71
synth_43410,71
synth_43461,71
synth_43470,71
synth_43158,71
synth_43186,71
synth_43632,71
synth_43611,71
synth_43680,71
synth_43468,71
synth_43163,71
synth_43317,71
synth_43572,71
synth_43585,71
synth_43390,71
synth_43197,71
synth_43471,71
synth_43503,71
synth_43641,71
synth_43125,71
synth_43180,71
synth_43511,71
synth_43651,71
synth_43307,71
synth_43240,71
synth_43182,71
synth_43301,71
synth_43607,71
synth_43239,71
synth_43373,71
synth_43408,71
synth_43117,71
synth_43151,71
synth_43152,71
synth_43418,71
synth_43526,71
synth_43521,71
synth_43566,71
synth_43664,71
synth_43688,71
synth_43211,71
synth_43546,71
synth_43552,71
synth_43605,71
synth_43258,71
synth_43303,71
synth_43355,71
synth_43413,71
synth_43586,71
synth_43389,71
synth_43422,71
synth_43188,71
synth_43343,71
synth_43570,71
synth_43617,71
synth_43290,71
synth_43436,71
synth_43437,71
synth_43460,71
synth_43138,71
synth_43536,71
synth_43602,71
synth_43658,71
synth_43433,71
synth_43630,71
synth_43183,71
synth_43124,71
synth_43725,71
synth_43115,71
synth_43216,71
synth_43400,71
synth_43532,71
synth_43257,71
synth_43662,71
synth_43709,71
synth_43612,71
synth_43657,71
synth_43708,71
synth_43231,71
synth_43601,71
synth_43672,71
synth_43202,71
synth_43226,71
synth_43466,71
synth_43482,71
synth_43681,71
synth_43228,71
synth_43538,71
synth_43135,71
synth_43419,71
synth_43454,71
synth_43476,71
synth_43364,71
synth_43352,71
synth_43705,71
synth_43428,71
synth_43716,71
synth_43559,71
synth_43616,71
synth_43201,71
synth_43181,71
synth_43501,71
synth_43270,71
synth_43592,71
synth_43670,71
synth_43675,71
synth_43686,71
synth_43157,71
synth_43626,71
synth_43655,71
synth_43244,71
synth_43128,71
synth_43459,71
synth_43493,71
synth_43692,71
synth_43139,71
synth_43195,71
synth_43219,71
synth_43275,71
synth_43332,71
synth_43596,71
synth_43283,71
synth_43337,71
synth_43417,71
synth_43438,71
synth_43542,71
synth_43127,71
synth_43289,71
synth_43574,71
synth_43160,71
synth_43254,71
synth_43322,71
synth_43357,71
synth_43448,71
synth_43487,71
synth_43498,71
synth_43676,71
synth_43494,71
synth_43518,71
synth_43589,71
synth_43162,71
synth_43156,71
synth_43170,71
synth_43176,71
synth_43334,71
synth_43411,71
synth_43531,71
synth_43629,71
synth_43631,71
synth_43132,71
synth_43604,71
synth_43660,71
synth_43350,71
synth_43320,71
synth_43654,71
synth_43346,71
synth_43580,71
synth_43717,71
synth_43295,71
synth_43458,71
synth_43603,71
synth_43706,71
synth_43377,71
synth_43491,71
synth_43593,71
synth_43624,71
synth_43304,71
synth_43243,71
synth_43404,71
synth_43420,71
synth_43539,71
synth_43430,71
synth_43449,71
synth_43695,71
synth_43723,71
synth_43340,71
synth_43349,71
synth_43691,71
synth_43497,71
synth_43650,71
synth_43148,71
synth_43638,71
synth_43653,71
synth_43700,71
synth_43924,70
synth_44042,70
synth_44305,70
synth_43985,70
synth_44000,70
synth_43916,70
synth_44067,70
synth_43834,70
synth_43839,70
synth_44225,70
synth_44294,70
synth_43952,70
synth_44218,70
synth_44238,70
synth_43754,70
synth_43776,70
synth_44155,70
synth_44176,70
synth_44250,70
synth_44306,70
synth_43938,70
synth_43740,70
synth_43812,70
synth_43816,70
synth_44170,70
synth_44338,70
synth_44350,70
synth_43741,70
synth_44258,70
synth_44263,70
synth_44352,70
synth_43900,70
synth_43973,70
synth_44023,70
synth_43792,70
synth_43851,70
synth_44177,70
synth_43737,70
synth_43790,70
synth_43940,70
synth_44131,70
synth_44151,70
synth_43819,70
synth_43907,70
synth_43943,70
synth_44035,70
synth_44190,70
synth_44236,70
synth_44027,70
synth_44283,70
synth_43878,70
synth_43927,70
synth_44006,70
synth_43999,70
synth_43953,70
synth_44083,70
synth_43736,70
synth_44140,70
synth_43976,70
synth_44167,70
synth_44076,70
synth_44137,70
synth_44141,70
synth_44341,70
synth_44172,70
synth_44227,70
synth_43956,70
synth_44244,70
synth_43867,70
synth_44025,70
synth_44323,70
synth_43766,70
synth_43794,70
synth_43846,70
synth_43852,70
synth_43877,70
synth_44291,70
synth_43860,70
synth_43884,70
synth_43914,70
synth_44049,70
synth_43845,70
synth_44089,70
synth_44282,70
synth_44310,70
synth_43855,70
synth_44344,70
synth_43781,70
synth_44056,70
synth_44090,70
synth_43848,70
synth_44295,70
synth_44036,70
synth_43813,70
synth_43842,70
synth_44051,70
synth_44092,70
synth_44164,70
synth_43920,70
synth_43926,70
synth_44179,70
synth_44235,70
synth_43957,70
synth_44094,70
synth_44173,70
synth_44200,70
synth_44217,70
synth_43971,70
synth_44044,70
synth_44068,70
synth_44124,70
synth_44243,70
synth_44197,70
synth_43803,70
synth_44147,70
synth_43746,70
synth_43788,70
synth_43917,70
synth_43960,70
synth_44063,70
synth_43750,70
synth_44340,70
synth_44031,70
synth_44252,70
synth_44297,70
synth_44331,70
synth_43869,70
synth_43874,70
synth_44130,70
synth_43728,70
synth_44153,70
synth_44348,70
synth_43854,70
synth_43903,70
synth_43937,70
synth_44085,70
synth_44188,70
synth_44354,70
synth_43988,70
synth_43989,70
synth_43742,70
synth_43861,70
synth_43862,70
synth_43955,70
synth_44016,70
synth_44262,70
synth_44144,70
synth_43997,70
synth_43930,70
synth_44208,70
synth_44278,70
synth_43759,70
synth_43771,70
synth_43799,70
synth_44248,70
synth_43868,70
synth_44069,70
synth_43837,70
synth_43841,70
synth_43908,70
synth_44280,70
synth_44105,70
synth_44086,70
synth_44156,70
synth_44226,70
synth_44328,70
synth_43760,70
synth_43965,70
synth_43757,70
synth_44210,70
synth_44329,70
synth_43968,70
synth_44015,70
synth_44205,70
synth_44259,70
synth_44118,70
synth_43950,70
synth_43983,70
synth_44002,70
synth_44064,70
synth_44135,70
synth_44158,70
synth_44293,70
synth_43967,70
synth_44047,70
synth_44320,70
synth_43901,70
synth_44048,70
synth_43872,70
synth_44013,70
synth_44316,70
synth_43830,70
synth_43949,70
synth_44299,70
synth_43739,70
synth_44096,70
synth_44106,70
synth_43763,70
synth_43817,70
synth_44077,70
synth_43822,70
synth_43894,70
synth_43755,70
synth_44223,70
synth_43998,70
synth_43843,70
synth_44219,70
synth_44260,70
synth_44078,70
synth_44138,70
synth_44185,70
synth_44230,70
synth_43835,70
synth_43935,70
synth_44136,70
synth_43858,70
synth_44037,70
synth_44286,70
synth_43833,70
synth_43923,70
synth_43974,70
synth_43831,70
synth_43885,70
synth_43749,70
synth_44110,70
synth_44351,70
synth_43948,70
synth_44203,70
synth_44146,70
synth_44287,70
synth_43801,70
synth_43859,70
synth_44102,70
synth_44222,70
synth_44074,70
synth_43761,70
synth_44132,70
synth_44148,70
synth_43785,70
synth_44112,70
synth_44254,70
synth_43797,70
synth_43826,70
synth_43918,70
synth_44198,70
synth_44194,70
synth_44183,70
synth_43772,70
synth_44285,70
synth_43779,70
synth_44009,70
synth_44128,70
synth_44342,70
synth_44168,70
synth_44175,70
synth_44202,70
synth_44261,70
synth_44269,70
synth_43879,70
synth_44126,70
synth_44274,70
synth_44343,70
synth_43984,70
synth_44071,70
synth_43804,70
synth_44012,70
synth_43774,70
synth_43829,70
synth_43889,70
synth_43959,70
synth_44195,70
synth_44337,70
synth_44301,70
synth_43764,70
synth_44309,70
synth_44115,70
synth_44014,70
synth_44312,70
synth_44143,70
synth_43902,70
synth_43975,70
synth_43745,70
synth_43770,70
synth_43886,70
synth_44032,70
synth_44088,70
synth_43932,70
synth_44231,70
synth_43986,70
synth_43977,70
synth_44247,70
synth_44296,70
synth_43850,70
synth_44187,70
synth_44237,70
synth_44116,70
synth_43732,70
synth_43978,70
synth_44007,70
synth_44103,70
synth_44204,70
synth_44212,70
synth_43958,70
synth_44304,70
synth_44111,70
synth_44267,70
synth_43863,70
synth_44026,70
synth_43925,70
synth_44232,70
synth_43807,70
synth_44061,70
synth_44113,70
synth_44279,70
synth_44160,70
synth_43815,70
synth_43904,70
synth_44008,70
synth_44215,70
synth_44255,70
synth_43782,70
synth_44104,70
synth_44108,70
synth_44178,70
synth_44307,70
synth_44075,70
synth_44127,70
synth_44303,70
synth_43748,70
synth_43933,70
synth_43954,70
synth_44060,70
synth_44221,70
synth_43972,70
synth_43992,70
synth_44033,70
synth_44065,70
synth_43836,70
synth_43942,70
synth_44107,70
synth_44152,70
synth_44266,70
synth_43913,70
synth_43941,70
synth_44080,70
synth_44265,70
synth_43806,70
synth_44300,70
synth_43751,70
synth_43915,70
synth_43946,70
synth_43961,70
synth_44129,70
synth_43729,70
synth_43838,70
synth_43898,70
synth_44339,70
synth_43873,70
synth_44165,70
synth_44241,70
synth_44311,70
synth_44072,70
synth_43871,70
synth_43891,70
synth_44214,70
synth_44257,70
synth_43753,70
synth_44289,70
synth_43783,70
synth_43944,70
synth_44024,70
synth_44330,70
synth_43762,70
synth_43787,70
synth_44159,70
synth_44189,70
synth_44321,70
synth_43897,70
synth_44010,70
synth_44319,70
synth_44162,70
synth_44011,70
synth_44030,70
synth_44099,70
synth_43795,70
synth_44018,70
synth_43980,70
synth_44242,70
synth_43921,70
synth_44040,70
synth_43730,70
synth_43880,70
synth_44275,70
synth_44277,70
synth_44349,70
synth_44322,70
synth_43800,70
synth_43922,70
synth_43931,70
synth_44281,70
synth_44251,70
synth_44327,70
synth_44133,70
synth_44201,70
synth_44318,70
synth_43747,70
synth_43789,70
synth_43809,70
synth_43875,70
synth_44028,70
synth_44246,70
synth_43899,70
synth_44224,70
synth_44273,70
synth_43994,70
synth_43808,70
synth_43810,70
synth_43929,70
synth_44157,70
synth_43758,70
synth_43865,70
synth_44057,70
synth_44145,70
synth_44192,70
synth_44206,70
synth_44288,70
synth_44245,70
synth_43864,70
synth_43909,70
synth_43936,70
synth_44325,70
synth_43963,70
synth_43964,70
synth_44082,70
synth_44302,70
synth_44039,70
synth_44228,70
synth_44264,70
synth_44174,70
synth_44256,70
synth_44017,70
synth_44229,70
synth_44346,70
synth_43882,70
synth_44059,70
synth_44332,70
synth_43866,70
synth_43890,70
synth_44315,70
synth_43939,70
synth_44062,70
synth_44186,70
synth_44253,70
synth_44270,70
synth_44038,70
synth_44313,70
synth_44317,70
synth_44326,70
synth_44117,70
synth_43731,70
synth_43775,70
synth_44022,70
synth_44347,70
synth_43743,70
synth_43881,70
synth_44019,70
synth_43765,70
synth_44345,70
synth_43824,70
synth_44004,70
synth_44046,70
synth_44058,70
synth_43777,70
synth_43827,70
synth_44336,70
synth_44353,70
synth_43744,70
synth_43814,70
synth_43970,70
synth_43991,70
synth_44003,70
synth_44052,70
synth_44055,70
synth_44193,70
synth_43840,70
synth_43856,70
synth_43990,70
synth_43993,70
synth_44207,70
synth_44213,70
synth_44268,70
synth_44119,70
synth_44180,70
synth_44079,70
synth_43734,70
synth_43773,70
synth_43820,70
synth_44154,70
synth_44220,70
synth_44249,70
synth_44271,70
synth_43832,70
synth_43870,70
synth_43892,70
synth_43905,70
synth_43752,70
synth_44142,70
synth_43934,70
synth_43982,70
synth_44239,70
synth_44284,70
synth_43906,70
synth_43996,70
synth_43849,70
synth_43981,70
synth_43727,70
synth_44240,70
synth_44053,70
synth_43726,70
synth_44029,70
synth_44166,70
synth_44209,70
synth_44333,70
synth_43738,70
synth_44139,70
synth_43888,70
synth_44066,70
synth_44150,70
synth_44292,70
synth_44298,70
synth_43987,70
synth_43780,70
synth_44001,70
synth_44081,70
synth_44095,70
synth_44290,70
synth_43796,70
synth_44091,70
synth_44163,70
synth_44234,70
synth_43805,70
synth_44021,70
synth_44171,70
synth_43893,70
synth_43769,70
synth_43887,70
synth_43951,70
synth_44020,70
synth_44043,70
synth_44054,70
synth_44149,70
synth_44199,70
synth_43828,70
synth_43847,70
synth_43979,70
synth_44084,70
synth_44101,70
synth_43735,70
synth_43733,70
synth_43786,70
synth_43947,70
synth_44034,70
synth_44272,70
synth_44335,70
synth_43911,70
synth_43928,70
synth_44161,70
synth_43756,70
synth_43857,70
synth_43962,70
synth_43768,70
synth_44125,70
synth_43802,70
synth_44050,70
synth_44216,70
synth_43791,70
synth_43876,70
synth_43912,70
synth_44041,70
synth_44109,70
synth_44134,70
synth_44324,70
synth_43995,70
synth_44121,70
synth_44196,70
synth_44211,70
synth_44122,70
synth_43811,70
synth_43853,70
synth_44191,70
synth_43798,70
synth_43895,70
synth_44123,70
synth_44308,70
synth_43969,70
synth_44334,70
synth_44073,70
synth_44181,70
synth_43966,70
synth_43793,70
synth_43910,70
synth_43919,70
synth_44233,70
synth_44314,70
synth_44005,70
synth_44114,70
synth_44276,70
synth_43883,70
synth_44097,70
synth_43823,70
synth_43945,70
synth_44100,70
synth_44184,70
synth_43825,70
synth_43844,70
synth_43778,70
synth_43784,70
synth_43818,70
synth_44087,70
synth_44120,70
synth_44182,70
synth_44093,70
synth_44098,70
synth_43767,70
synth_43821,70
synth_43896,70
synth_44045,70
synth_44169,70
synth_44070,70
synth_44454,69
synth_44677,69
synth_44777,69
synth_44787,69
synth_44972,69
synth_44403,69
synth_44358,69
synth_44417,69
synth_44702,69
synth_44413,69
synth_44476,69
synth_44513,69
synth_44554,69
synth_44940,69
synth_44569,69
synth_44817,69
synth_44850,69
synth_44995,69
synth_44455,69
synth_44696,69
synth_44916,69
synth_44497,69
synth_44738,69
synth_44802,69
synth_44551,69
synth_44552,69
synth_44543,69
synth_44583,69
synth_44872,69
synth_44462,69
synth_44653,69
synth_44664,69
synth_44697,69
synth_44733,69
synth_44815,69
synth_44853,69
synth_44538,69
synth_44910,69
synth_44423,69
synth_44575,69
synth_44744,69
synth_44380,69
synth_44383,69
synth_44794,69
synth_44466,69
synth_44496,69
synth_44642,69
synth_44844,69
synth_44849,69
synth_44864,69
synth_44361,69
synth_44457,69
synth_44605,69
synth_44950,69
synth_44980,69
synth_44937,69
synth_44500,69
synth_44674,69
synth_44936,69
synth_44438,69
synth_44590,69
synth_44591,69
synth_44594,69
synth_44608,69
synth_44785,69
synth_44890,69
synth_44947,69
synth_44978,69
synth_44475,69
synth_44492,69
synth_44648,69
synth_44718,69
synth_44824,69
synth_44880,69
synth_44447,69
synth_44780,69
synth_44863,69
synth_44823,69
synth_44698,69
synth_44728,69
synth_44924,69
synth_44915,69
synth_44389,69
synth_44483,69
synth_44548,69
synth_44618,69
synth_44691,69
synth_44891,69
synth_44930,69
synth_44943,69
synth_44735,69
synth_44587,69
synth_44655,69
synth_44665,69
synth_44679,69
synth_44693,69
synth_44931,69
synth_44993,69
synth_44517,69
synth_44553,69
synth_44859,69
synth_44414,69
synth_44628,69
synth_44685,69
synth_44759,69
synth_44393,69
synth_44481,69
synth_44926,69
synth_44359,69
synth_44565,69
synth_44848,69
synth_44692,69
synth_44746,69
synth_44999,69
synth_44411,69
synth_44472,69
synth_44682,69
synth_44816,69
synth_44799,69
synth_44558,69
synth_44944,69
synth_44968,69
synth_44528,69
synth_44616,69
synth_44632,69
synth_44982,69
synth_44386,69
synth_44573,69
synth_44660,69
synth_44703,69
synth_44753,69
synth_44861,69
synth_44603,69
synth_44896,69
synth_44374,69
synth_44495,69
synth_44593,69
synth_44865,69
synth_44444,69
synth_44650,69
synth_44670,69
synth_44902,69
synth_44822,69
synth_44727,69
synth_44841,69
synth_44881,69
synth_44839,69
synth_44619,69
synth_44567,69
synth_44584,69
synth_44355,69
synth_44382,69
synth_44756,69
synth_44906,69
synth_44994,69
synth_44857,69
synth_44425,69
synth_44574,69
synth_44835,69
synth_44836,69
synth_44711,69
synth_44907,69
synth_44368,69
synth_44397,69
synth_44422,69
synth_44726,69
synth_44391,69
synth_44596,69
synth_44606,69
synth_44858,69
synth_44987,69
synth_44399,69
synth_44367,69
synth_44494,69
synth_44527,69
synth_44396,69
synth_44360,69
synth_44523,69
synth_44789,69
synth_44888,69
synth_44652,69
synth_44716,69
synth_44792,69
synth_44895,69
synth_44381,69
synth_44437,69
synth_44450,69
synth_44474,69
synth_44592,69
synth_44831,69
synth_44602,69
synth_44585,69
synth_44734,69
synth_44424,69
synth_44441,69
synth_44595,69
synth_44960,69
synth_44439,69
synth_44442,69
synth_44449,69
synth_44681,69
synth_44845,69
synth_44856,69
synth_44520,69
synth_44633,69
synth_44793,69
synth_44909,69
synth_44535,69
synth_44566,69
synth_44939,69
synth_44521,69
synth_44625,69
synth_44820,69
synth_44369,69
synth_44376,69
synth_44630,69
synth_44762,69
synth_44948,69
synth_44408,69
synth_44514,69
synth_44742,69
synth_44743,69
synth_44783,69
synth_44784,69
synth_44838,69
synth_44977,69
synth_44530,69
synth_44532,69
synth_44577,69
synth_44581,69
synth_44622,69
synth_44668,69
synth_44819,69
synth_44826,69
synth_44373,69
synth_44617,69
synth_44736,69
synth_44814,69
synth_44945,69
synth_44371,69
synth_44400,69
synth_44991,69
synth_44401,69
synth_44588,69
synth_44760,69
synth_44714,69
synth_44766,69
synth_44840,69
synth_44957,69
synth_44678,69
synth_44683,69
synth_44621,69
synth_44721,69
synth_44772,69
synth_44812,69
synth_44979,69
synth_44705,69
synth_44729,69
synth_44436,69
synth_44564,69
synth_44688,69
synth_44695,69
synth_44867,69
synth_44549,69
synth_44599,69
synth_44933,69
synth_44686,69
synth_44540,69
synth_44531,69
synth_44638,69
synth_44647,69
synth_44562,69
synth_44412,69
synth_44464,69
synth_44465,69
synth_44546,69
synth_44723,69
synth_44846,69
synth_44463,69
synth_44882,69
synth_44453,69
synth_44732,69
synth_44390,69
synth_44430,69
synth_44529,69
synth_44923,69
synth_44971,69
synth_44428,69
synth_44468,69
synth_44730,69
synth_44460,69
synth_44515,69
synth_44666,69
synth_44748,69
synth_44797,69
synth_44935,69
synth_44452,69
synth_44973,69
synth_44482,69
synth_44370,69
synth_44434,69
synth_44458,69
synth_44598,69
synth_44954,69
synth_44601,69
synth_44754,69
synth_44928,69
synth_44362,69
synth_44659,69
synth_44662,69
synth_44717,69
synth_44421,69
synth_44485,69
synth_44774,69
synth_44813,69
synth_44847,69
synth_44983,69
synth_44357,69
synth_44699,69
synth_44615,69
synth_44713,69
synth_44833,69
synth_44927,69
synth_44938,69
synth_44561,69
synth_44918,69
synth_44427,69
synth_44568,69
synth_44825,69
synth_44967,69
synth_44963,69
synth_44416,69
synth_44636,69
synth_44749,69
synth_44503,69
synth_44651,69
synth_44747,69
synth_44555,69
synth_44801,69
synth_44518,69
synth_44649,69
synth_44873,69
synth_44432,69
synth_44956,69
synth_44922,69
synth_44981,69
synth_44623,69
synth_45000,69
synth_44942,69
synth_44654,69
synth_44706,69
synth_44488,69
synth_44764,69
synth_44775,69
synth_44781,69
synth_44958,69
synth_44522,69
synth_44559,69
synth_44634,69
synth_44904,69
synth_44604,69
synth_44490,69
synth_44572,69
synth_44969,69
synth_44600,69
synth_44473,69
synth_44510,69
synth_44609,69
synth_44435,69
synth_44387,69
synth_44669,69
synth_44709,69
synth_44366,69
synth_44586,69
synth_44612,69
synth_44614,69
synth_44631,69
synth_44658,69
synth_44375,69
synth_44484,69
synth_44645,69
synth_44866,69
synth_45001,69
synth_44541,69
synth_44487,69
synth_44672,69
synth_44707,69
synth_44597,69
synth_44663,69
synth_44901,69
synth_44607,69
synth_44761,69
synth_44385,69
synth_44467,69
synth_44557,69
synth_44689,69
synth_44722,69
synth_44964,69
synth_44988,69
synth_44996,69
synth_44379,69
synth_44667,69
synth_44687,69
synth_44701,69
synth_44715,69
synth_44778,69
synth_44796,69
synth_44828,69
synth_44646,69
synth_44673,69
synth_44431,69
synth_44533,69
synth_44755,69
synth_44505,69
synth_44795,69
synth_44579,69
synth_44611,69
synth_44671,69
synth_44779,69
synth_44870,69
synth_44975,69
synth_44524,69
synth_44410,69
synth_44582,69
synth_44676,69
synth_44740,69
synth_44767,69
synth_44798,69
synth_44830,69
synth_44433,69
synth_44589,69
synth_44440,69
synth_44445,69
synth_44570,69
synth_44739,69
synth_44758,69
synth_44919,69
synth_44976,69
synth_44989,69
synth_44392,69
synth_44477,69
synth_44480,69
synth_44610,69
synth_44661,69
synth_44493,69
synth_44507,69
synth_44641,69
synth_44694,69
synth_44443,69
synth_44512,69
synth_44624,69
synth_44627,69
synth_44827,69
synth_44829,69
synth_44855,69
synth_44990,69
synth_44498,69
synth_44504,69
synth_44629,69
synth_44635,69
synth_44501,69
synth_44657,69
synth_44955,69
synth_44643,69
synth_44545,69
synth_44364,69
synth_44446,69
synth_44509,69
synth_44805,69
synth_44752,69
synth_44997,69
synth_44791,69
synth_44961,69
synth_44986,69
synth_44491,69
synth_44547,69
synth_44675,69
synth_44415,69
synth_44854,69
synth_44889,69
synth_44516,69
synth_44806,69
synth_44834,69
synth_44394,69
synth_44620,69
synth_44356,69
synth_44398,69
synth_44407,69
synth_44768,69
synth_44471,69
synth_44803,69
synth_44885,69
synth_44959,69
synth_44384,69
synth_44519,69
synth_44737,69
synth_44821,69
synth_44700,69
synth_44952,69
synth_44534,69
synth_44868,69
synth_44946,69
synth_44998,69
synth_44782,69
synth_44862,69
synth_44941,69
synth_44506,69
synth_44899,69
synth_44892,69
synth_44917,69
synth_44405,69
synth_44409,69
synth_44640,69
synth_44912,69
synth_44893,69
synth_44985,69
synth_44429,69
synth_44763,69
synth_44773,69
synth_44837,69
synth_44418,69
synth_44486,69
synth_44637,69
synth_44807,69
synth_44884,69
synth_44365,69
synth_44720,69
synth_44786,69
synth_44731,69
synth_44771,69
synth_44832,69
synth_44626,69
synth_44860,69
synth_44949,69
synth_44372,69
synth_44925,69
synth_44951,69
synth_44745,69
synth_44800,69
synth_44876,69
synth_44886,69
synth_44395,69
synth_44451,69
synth_44508,69
synth_44525,69
synth_44810,69
synth_44526,69
synth_44571,69
synth_44804,69
synth_44953,69
synth_44684,69
synth_44808,69
synth_44877,69
synth_44560,69
synth_44751,69
synth_44363,69
synth_44461,69
synth_44724,69
synth_44790,69
synth_44536,69
synth_44580,69
synth_44712,69
synth_44984,69
synth_44469,69
synth_44680,69
synth_44770,69
synth_44894,69
synth_44544,69
synth_44757,69
synth_44537,69
synth_44898,69
synth_44965,69
synth_44974,69
synth_44842,69
synth_44908,69
synth_44913,69
synth_44966,69
synth_44556,69
synth_44470,69
synth_44874,69
synth_44879,69
synth_44903,69
synth_44690,69
synth_44769,69
synth_44809,69
synth_44887,69
synth_44402,69
synth_44499,69
synth_44818,69
synth_44883,69
synth_44388,69
synth_44404,69
synth_44426,69
synth_44478,69
synth_44708,69
synth_44710,69
synth_44869,69
synth_44420,69
synth_44511,69
synth_44550,69
synth_44456,69
synth_44843,69
synth_44921,69
synth_44406,69
synth_44489,69
synth_44578,69
synth_44914,69
synth_44920,69
synth_44419,69
synth_44448,69
synth_44563,69
synth_44656,69
synth_44851,69
synth_44871,69
synth_44932,69
synth_44934,69
synth_44479,69
synth_44776,69
synth_44644,69
synth_44900,69
synth_44992,69
synth_44502,69
synth_44639,69
synth_44704,69
synth_44875,69
synth_44970,69
synth_44765,69
synth_44377,69
synth_44459,69
synth_44741,69
synth_44911,69
synth_44542,69
synth_44539,69
synth_44576,69
synth_44725,69
synth_44788,69
synth_44905,69
synth_44811,69
synth_44929,69
synth_44378,69
synth_44719,69
synth_44852,69
synth_44878,69
synth_44750,69
synth_44613,69
synth_44897,69
synth_44962,69
synth_45070,68
synth_45130,68
synth_45242,68
synth_45305,68
synth_45396,68
synth_45010,68
synth_45259,68
synth_45284,68
synth_45302,68
synth_45328,68
synth_45329,68
synth_45207,68
synth_45091,68
synth_45608,68
synth_45136,68
synth_45252,68
synth_45264,68
synth_45532,68
synth_45501,68
synth_45038,68
synth_45061,68
synth_45369,68
synth_45177,68
synth_45303,68
synth_45165,68
synth_45166,68
synth_45364,68
synth_45421,68
synth_45621,68
synth_45448,68
synth_45487,68
synth_45124,68
synth_45360,68
synth_45419,68
synth_45530,68
synth_45034,68
synth_45105,68
synth_45263,68
synth_45463,68
synth_45525,68
synth_45358,68
synth_45460,68
synth_45659,68
synth_45146,68
synth_45238,68
synth_45376,68
synth_45352,68
synth_45642,68
synth_45552,68
synth_45658,68
synth_45048,68
synth_45011,68
synth_45295,68
synth_45397,68
synth_45016,68
synth_45050,68
synth_45602,68
synth_45032,68
synth_45053,68
synth_45117,68
synth_45140,68
synth_45514,68
synth_45574,68
synth_45170,68
synth_45197,68
synth_45591,68
synth_45058,68
synth_45201,68
synth_45339,68
synth_45127,68
synth_45208,68
synth_45235,68
synth_45148,68
synth_45138,68
synth_45191,68
synth_45043,68
synth_45109,68
synth_45440,68
synth_45468,68
synth_45495,68
synth_45240,68
synth_45299,68
synth_45507,68
synth_45027,68
synth_45040,68
synth_45057,68
synth_45075,68
synth_45645,68
synth_45656,68
synth_45568,68
synth_45014,68
synth_45142,68
synth_45222,68
synth_45065,68
synth_45225,68
synth_45307,68
synth_45412,68
synth_45509,68
synth_45598,68
synth_45565,68
synth_45033,68
synth_45322,68
synth_45444,68
synth_45054,68
synth_45410,68
synth_45488,68
synth_45601,68
synth_45624,68
synth_45351,68
synth_45452,68
synth_45494,68
synth_45613,68
synth_45538,68
synth_45005,68
synth_45344,68
synth_45449,68
synth_45517,68
synth_45580,68
synth_45132,68
synth_45342,68
synth_45274,68
synth_45063,68
synth_45243,68
synth_45367,68
synth_45179,68
synth_45193,68
synth_45250,68
synth_45619,68
synth_45392,68
synth_45437,68
synth_45443,68
synth_45562,68
synth_45564,68
synth_45013,68
synth_45169,68
synth_45332,68
synth_45348,68
synth_45663,68
synth_45567,68
synth_45089,68
synth_45108,68
synth_45147,68
synth_45172,68
synth_45596,68
synth_45566,68
synth_45631,68
synth_45200,68
synth_45399,68
synth_45466,68
synth_45474,68
synth_45510,68
synth_45515,68
synth_45019,68
synth_45492,68
synth_45536,68
synth_45432,68
synth_45072,68
synth_45158,68
synth_45377,68
synth_45425,68
synth_45584,68
synth_45171,68
synth_45289,68
synth_45185,68
synth_45194,68
synth_45407,68
synth_45424,68
synth_45665,68
synth_45542,68
synth_45576,68
synth_45579,68
synth_45220,68
synth_45291,68
synth_45524,68
synth_45028,68
synth_45131,68
synth_45258,68
synth_45573,68
synth_45548,68
synth_45603,68
synth_45160,68
synth_45490,68
synth_45560,68
synth_45227,68
synth_45345,68
synth_45462,68
synth_45609,68
synth_45035,68
synth_45219,68
synth_45500,68
synth_45543,68
synth_45006,68
synth_45062,68
synth_45319,68
synth_45605,68
synth_45073,68
synth_45137,68
synth_45002,68
synth_45017,68
synth_45133,68
synth_45285,68
synth_45622,68
synth_45039,68
synth_45595,68
synth_45135,68
synth_45156,68
synth_45315,68
synth_45523,68
synth_45150,68
synth_45203,68
synth_45310,68
synth_45556,68
synth_45068,68
synth_45226,68
synth_45239,68
synth_45414,68
synth_45475,68
synth_45653,68
synth_45003,68
synth_45081,68
synth_45113,68
synth_45278,68
synth_45372,68
synth_45413,68
synth_45550,68
synth_45415,68
synth_45099,68
synth_45641,68
synth_45646,68
synth_45537,68
synth_45114,68
synth_45286,68
synth_45533,68
synth_45555,68
synth_45456,68
synth_45660,68
synth_45561,68
synth_45161,68
synth_45644,68
synth_45558,68
synth_45281,68
synth_45427,68
synth_45465,68
synth_45587,68
synth_45004,68
synth_45149,68
synth_45218,68
synth_45234,68
synth_45417,68
synth_45283,68
synth_45311,68
synth_45471,68
synth_45031,68
synth_45080,68
synth_45202,68
synth_45206,68
synth_45221,68
synth_45309,68
synth_45572,68
synth_45544,68
synth_45617,68
synth_45400,68
synth_45434,68
synth_45023,68
synth_45111,68
synth_45155,68
synth_45316,68
synth_45338,68
synth_45611,68
synth_45634,68
synth_45096,68
synth_45125,68
synth_45409,68
synth_45597,68
synth_45159,68
synth_45401,68
synth_45522,68
synth_45570,68
synth_45655,68
synth_45620,68
synth_45128,68
synth_45144,68
synth_45324,68
synth_45362,68
synth_45036,68
synth_45167,68
synth_45483,68
synth_45268,68
synth_45394,68
synth_45593,68
synth_45196,68
synth_45261,68
synth_45300,68
synth_45205,68
synth_45433,68
synth_45502,68
synth_45513,68
synth_45313,68
synth_45651,68
synth_45554,68
synth_45044,68
synth_45077,68
synth_45209,68
synth_45350,68
synth_45365,68
synth_45408,68
synth_45625,68
synth_45162,68
synth_45229,68
synth_45337,68
synth_45066,68
synth_45126,68
synth_45198,68
synth_45383,68
synth_45388,68
synth_45528,68
synth_45037,68
synth_45389,68
synth_45422,68
synth_45612,68
synth_45664,68
synth_45626,68
synth_45233,68
synth_45270,68
synth_45529,68
synth_45549,68
synth_45042,68
synth_45088,68
synth_45181,68
synth_45245,68
synth_45346,68
synth_45152,68
synth_45380,68
synth_45643,68
synth_45195,68
synth_45385,68
synth_45520,68
synth_45118,68
synth_45173,68
synth_45180,68
synth_45476,68
synth_45511,68
synth_45519,68
synth_45650,68
synth_45199,68
synth_45347,68
synth_45472,68
synth_45649,68
synth_45085,68
synth_45255,68
synth_45357,68
synth_45356,68
synth_45508,68
synth_45633,68
synth_45041,68
synth_45217,68
synth_45355,68
synth_45420,68
synth_45327,68
synth_45334,68
synth_45553,68
synth_45078,68
synth_45183,68
synth_45667,68
synth_45668,68
synth_45015,68
synth_45079,68
synth_45151,68
synth_45638,68
synth_45020,68
synth_45375,68
synth_45049,68
synth_45100,68
synth_45087,68
synth_45265,68
synth_45343,68
synth_45107,68
synth_45393,68
synth_45404,68
synth_45623,68
synth_45182,68
synth_45186,68
synth_45129,68
synth_45381,68
synth_45435,68
synth_45092,68
synth_45280,68
synth_45298,68
synth_45279,68
synth_45318,68
synth_45331,68
synth_45371,68
synth_45223,68
synth_45260,68
synth_45363,68
synth_45086,68
synth_45378,68
synth_45382,68
synth_45607,68
synth_45082,68
synth_45213,68
synth_45267,68
synth_45308,68
synth_45534,68
synth_45599,68
synth_45545,68
synth_45627,68
synth_45084,68
synth_45333,68
synth_45478,68
synth_45551,68
synth_45097,68
synth_45446,68
synth_45464,68
synth_45616,68
synth_45326,68
synth_45485,68
synth_45590,68
synth_45661,68
synth_45056,68
synth_45157,68
synth_45248,68
synth_45272,68
synth_45571,68
synth_45123,68
synth_45257,68
synth_45321,68
synth_45600,68
synth_45060,68
synth_45103,68
synth_45115,68
synth_45241,68
synth_45457,68
synth_45059,68
synth_45374,68
synth_45423,68
synth_45009,68
synth_45190,68
synth_45461,68
synth_45493,68
synth_45647,68
synth_45604,68
synth_45453,68
synth_45354,68
synth_45098,68
synth_45215,68
synth_45292,68
synth_45512,68
synth_45614,68
synth_45323,68
synth_45654,68
synth_45093,68
synth_45277,68
synth_45588,68
synth_45253,68
synth_45526,68
synth_45244,68
synth_45314,68
synth_45064,68
synth_45273,68
synth_45288,68
synth_45411,68
synth_45635,68
synth_45012,68
synth_45026,68
synth_45051,68
synth_45214,68
synth_45330,68
synth_45445,68
synth_45547,68
synth_45224,68
synth_45489,68
synth_45007,68
synth_45112,68
synth_45134,68
synth_45429,68
synth_45540,68
synth_45008,68
synth_45153,68
synth_45269,68
synth_45386,68
synth_45184,68
synth_45249,68
synth_45256,68
synth_45294,68
synth_45340,68
synth_45467,68
synth_45174,68
synth_45336,68
synth_45447,68
synth_45120,68
synth_45122,68
synth_45335,68
synth_45632,68
synth_45067,68
synth_45102,68
synth_45168,68
synth_45477,68
synth_45518,68
synth_45521,68
synth_45164,68
synth_45187,68
synth_45282,68
synth_45436,68
synth_45116,68
synth_45254,68
synth_45379,68
synth_45387,68
synth_45480,68
synth_45121,68
synth_45366,68
synth_45479,68
synth_45594,68
synth_45104,68
synth_45143,68
synth_45450,68
synth_45527,68
synth_45592,68
synth_45390,68
synth_45416,68
synth_45176,68
synth_45192,68
synth_45406,68
synth_45470,68
synth_45482,68
synth_45636,68
synth_45154,68
synth_45052,68
synth_45076,68
synth_45228,68
synth_45391,68
synth_45583,68
synth_45090,68
synth_45178,68
synth_45441,68
synth_45639,68
synth_45262,68
synth_45276,68
synth_45559,68
synth_45629,68
synth_45405,68
synth_45589,68
synth_45188,68
synth_45361,68
synth_45496,68
synth_45586,68
synth_45145,68
synth_45325,68
synth_45484,68
synth_45606,68
synth_45025,68
synth_45251,68
synth_45312,68
synth_45648,68
synth_45398,68
synth_45503,68
synth_45139,68
synth_45232,68
synth_45266,68
synth_45628,68
synth_45024,68
synth_45341,68
synth_45428,68
synth_45290,68
synth_45459,68
synth_45499,68
synth_45119,68
synth_45306,68
synth_45030,68
synth_45141,68
synth_45211,68
synth_45231,68
synth_45237,68
synth_45296,68
synth_45505,68
synth_45426,68
synth_45569,68
synth_45071,68
synth_45293,68
synth_45431,68
synth_45469,68
synth_45640,68
synth_45045,68
synth_45046,68
synth_45204,68
synth_45402,68
synth_45430,68
synth_45473,68
synth_45163,68
synth_45297,68
synth_45074,68
synth_45497,68
synth_45287,68
synth_45506,68
synth_45563,68
synth_45083,68
synth_45275,68
synth_45384,68
synth_45491,68
synth_45403,68
synth_45458,68
synth_45535,68
synth_45575,68
synth_45029,68
synth_45047,68
synth_45577,68
synth_45022,68
synth_45095,68
synth_45451,68
synth_45615,68
synth_45069,68
synth_45349,68
synth_45373,68
synth_45439,68
synth_45481,68
synth_45582,68
synth_45610,68
synth_45630,68
synth_45317,68
synth_45359,68
synth_45442,68
synth_45486,68
synth_45516,68
synth_45018,68
synth_45055,68
synth_45094,68
synth_45236,68
synth_45247,68
synth_45353,68
synth_45541,68
synth_45618,68
synth_45246,68
synth_45271,68
synth_45498,68
synth_45578,68
synth_45210,68
synth_45230,68
synth_45418,68
synth_45652,68
synth_45101,68
synth_45189,68
synth_45370,68
synth_45662,68
synth_45666,68
synth_45546,68
synth_45320,68
synth_45557,68
synth_45021,68
synth_45106,68
synth_45368,68
synth_45581,68
synth_45216,68
synth_45395,68
synth_45657,68
synth_45504,68
synth_45585,68
synth_45455,68
synth_45531,68
synth_45212,68
synth_45637,68
synth_45110,68
synth_45175,68
synth_45454,68
synth_45539,68
synth_45301,68
synth_45438,68
synth_45304,68
synth_45770,67
synth_45904,67
synth_45982,67
synth_46207,67
synth_45968,67
synth_46255,67
synth_45950,67
synth_46134,67
synth_46066,67
synth_45762,67
synth_46006,67
synth_46015,67
synth_45829,67
synth_45808,67
synth_45878,67
synth_45910,67
synth_46343,67
synth_46320,67
synth_45901,67
synth_46188,67
synth_46321,67
synth_46338,67
synth_45855,67
synth_46355,67
synth_45983,67
synth_46220,67
synth_45782,67
synth_46034,67
synth_46314,67
synth_45760,67
synth_45836,67
synth_45998,67
synth_46001,67
synth_45966,67
synth_46224,67
synth_45694,67
synth_46182,67
synth_45970,67
synth_45991,67
synth_46260,67
synth_45883,67
synth_45969,67
synth_45708,67
synth_45954,67
synth_46169,67
synth_46013,67
synth_45723,67
synth_45726,67
synth_45861,67
synth_46186,67
synth_45925,67
synth_46136,67
synth_46330,67
synth_45834,67
synth_45909,67
synth_46024,67
synth_45892,67
synth_46180,67
synth_45751,67
synth_45748,67
synth_45995,67
synth_46202,67
synth_45981,67
synth_46097,67
synth_45784,67
synth_45796,67
synth_45893,67
synth_45967,67
synth_46092,67
synth_45739,67
synth_45683,67
synth_45809,67
synth_46094,67
synth_46199,67
synth_45789,67
synth_45962,67
synth_46158,67
synth_46219,67
synth_46352,67
synth_46131,67
synth_46140,67
synth_46175,67
synth_45977,67
synth_45979,67
synth_46048,67
synth_46243,67
synth_46279,67
synth_45926,67
synth_46309,67
synth_45862,67
synth_45923,67
synth_45972,67
synth_46231,67
synth_45902,67
synth_46240,67
synth_46298,67
synth_46147,67
synth_45863,67
synth_46009,67
synth_46063,67
synth_46157,67
synth_45818,67
synth_45887,67
synth_46197,67
synth_45738,67
synth_45851,67
synth_45905,67
synth_45740,67
synth_45881,67
synth_46146,67
synth_45906,67
synth_45675,67
synth_45725,67
synth_45800,67
synth_46120,67
synth_46133,67
synth_46020,67
synth_46176,67
synth_45746,67
synth_45671,67
synth_45939,67
synth_45684,67
synth_45917,67
synth_46023,67
synth_45729,67
synth_46201,67
synth_46323,67
synth_45964,67
synth_45806,67
synth_45812,67
synth_46149,67
synth_46223,67
synth_45845,67
synth_45896,67
synth_46115,67
synth_46204,67
synth_45791,67
synth_45792,67
synth_45742,67
synth_46229,67
synth_46335,67
synth_46069,67
synth_46353,67
synth_45826,67
synth_46010,67
synth_46118,67
synth_45944,67
synth_45814,67
synth_46181,67
synth_46191,67
synth_45722,67
synth_45727,67
synth_45736,67
synth_45743,67
synth_45780,67
synth_46044,67
synth_46214,67
synth_45703,67
synth_45985,67
synth_46031,67
synth_46128,67
synth_45714,67
synth_45799,67
synth_46122,67
synth_45697,67
synth_46002,67
synth_46190,67
synth_46163,67
synth_46232,67
synth_46161,67
synth_45761,67
synth_45918,67
synth_46119,67
synth_46209,67
synth_45934,67
synth_45692,67
synth_45805,67
synth_45822,67
synth_45989,67
synth_46083,67
synth_46345,67
synth_46141,67
synth_46168,67
synth_46089,67
synth_45769,67
synth_45914,67
synth_46166,67
synth_45933,67
synth_46053,67
synth_46111,67
synth_46291,67
synth_45758,67
synth_45885,67
synth_46286,67
synth_45747,67
synth_46262,67
synth_45833,67
synth_45872,67
synth_46117,67
synth_46192,67
synth_46150,67
synth_46164,67
synth_45797,67
synth_46008,67
synth_46185,67
synth_45712,67
synth_46228,67
synth_46331,67
synth_45823,67
synth_45963,67
synth_45987,67
synth_45753,67
synth_46319,67
synth_45850,67
synth_45948,67
synth_46249,67
synth_46055,67
synth_46266,67
synth_46123,67
synth_45898,67
synth_46217,67
synth_46152,67
synth_46052,67
synth_46296,67
synth_46347,67
synth_45691,67
synth_46308,67
synth_45793,67
synth_45755,67
synth_46300,67
synth_46311,67
synth_45865,67
synth_46151,67
synth_45816,67
synth_45844,67
synth_45868,67
synth_46033,67
synth_45879,67
synth_45810,67
synth_46101,67
synth_46159,67
synth_45688,67
synth_45679,67
synth_45763,67
synth_46077,67
synth_46096,67
synth_46282,67
synth_45700,67
synth_45737,67
synth_45777,67
synth_45831,67
synth_46281,67
synth_45669,67
synth_45894,67
synth_46257,67
synth_46267,67
synth_46354,67
synth_46129,67
synth_45707,67
synth_46210,67
synth_46326,67
synth_45832,67
synth_46109,67
synth_46278,67
synth_45766,67
synth_46054,67
synth_46235,67
synth_45750,67
synth_46303,67
synth_46090,67
synth_45891,67
synth_46155,67
synth_45886,67
synth_46183,67
synth_45715,67
synth_45973,67
synth_46139,67
synth_46041,67
synth_46287,67
synth_45840,67
synth_46184,67
synth_45903,67
synth_45951,67
synth_46213,67
synth_45670,67
synth_45772,67
synth_46017,67
synth_46337,67
synth_46239,67
synth_46334,67
synth_46346,67
synth_45674,67
synth_46035,67
synth_46073,67
synth_45980,67
synth_45866,67
synth_46072,67
synth_46102,67
synth_46242,67
synth_45778,67
synth_45941,67
synth_46344,67
synth_45682,67
synth_46007,67
synth_46244,67
synth_45706,67
synth_46130,67
synth_46144,67
synth_45756,67
synth_45986,67
synth_45680,67
synth_45804,67
synth_46091,67
synth_45946,67
synth_45846,67
synth_46071,67
synth_45745,67
synth_46037,67
synth_46050,67
synth_46256,67
synth_45935,67
synth_46222,67
synth_46336,67
synth_46036,67
synth_46095,67
synth_45787,67
synth_45993,67
synth_46317,67
synth_46342,67
synth_46258,67
synth_46178,67
synth_46274,67
synth_45927,67
synth_45928,67
synth_46271,67
synth_46313,67
synth_46316,67
synth_46322,67
synth_46028,67
synth_46100,67
synth_46171,67
synth_46200,67
synth_46261,67
synth_45957,67
synth_46065,67
synth_46061,67
synth_46237,67
synth_45677,67
synth_45733,67
synth_46226,67
synth_45794,67
synth_46049,67
synth_46106,67
synth_45871,67
synth_45858,67
synth_46026,67
synth_45728,67
synth_45819,67
synth_46038,67
synth_46056,67
synth_46070,67
synth_45776,67
synth_46302,67
synth_45830,67
synth_45744,67
synth_46148,67
synth_45720,67
synth_45984,67
synth_46078,67
synth_45704,67
synth_45956,67
synth_46212,67
synth_46067,67
synth_46193,67
synth_46306,67
synth_45961,67
synth_45672,67
synth_45685,67
synth_45695,67
synth_45900,67
synth_46058,67
synth_46143,67
synth_46112,67
synth_45731,67
synth_46114,67
synth_45710,67
synth_45718,67
synth_46167,67
synth_45949,67
synth_45801,67
synth_45942,67
synth_45802,67
synth_45853,67
synth_46057,67
synth_46042,67
synth_46273,67
synth_45719,67
synth_46145,67
synth_46051,67
synth_46107,67
synth_45907,67
synth_46046,67
synth_46264,67
synth_45781,67
synth_46080,67
synth_46127,67
synth_46333,67
synth_46103,67
synth_46154,67
synth_45912,67
synth_45681,67
synth_45820,67
synth_46307,67
synth_46075,67
synth_46328,67
synth_45786,67
synth_45807,67
synth_45938,67
synth_46253,67
synth_46121,67
synth_45997,67
synth_46312,67
synth_46318,67
synth_46004,67
synth_46325,67
synth_45959,67
synth_46079,67
synth_46275,67
synth_46110,67
synth_46270,67
synth_45705,67
synth_46179,67
synth_46177,67
synth_46234,67
synth_46105,67
synth_46216,67
synth_45788,67
synth_46068,67
synth_46082,67
synth_46288,67
synth_45773,67
synth_46165,67
synth_45795,67
synth_45847,67
synth_45825,67
synth_45856,67
synth_45930,67
synth_46099,67
synth_46215,67
synth_46247,67
synth_45678,67
synth_45870,67
synth_46280,67
synth_46162,67
synth_46221,67
synth_46003,67
synth_46088,67
synth_46198,67
synth_46276,67
synth_45932,67
synth_45837,67
synth_46230,67
synth_45828,67
synth_45874,67
synth_45890,67
synth_45913,67
synth_45931,67
synth_45952,67
synth_46124,67
synth_45686,67
synth_45867,67
synth_45895,67
synth_46011,67
synth_46039,67
synth_45884,67
synth_46000,67
synth_46022,67
synth_46269,67
synth_45953,67
synth_46087,67
synth_46350,67
synth_45701,67
synth_45915,67
synth_46142,67
synth_46310,67
synth_46315,67
synth_45889,67
synth_46284,67
synth_45785,67
synth_46093,67
synth_46251,67
synth_46295,67
synth_46332,67
synth_45937,67
synth_46218,67
synth_45702,67
synth_46160,67
synth_45815,67
synth_46108,67
synth_46126,67
synth_45713,67
synth_45839,67
synth_45854,67
synth_46005,67
synth_46189,67
synth_46268,67
synth_45841,67
synth_46294,67
synth_46277,67
synth_45711,67
synth_45922,67
synth_45958,67
synth_45978,67
synth_46252,67
synth_45852,67
synth_46018,67
synth_46043,67
synth_46254,67
synth_45965,67
synth_45821,67
synth_45827,67
synth_46187,67
synth_45971,67
synth_46173,67
synth_46211,67
synth_46339,67
synth_46104,67
synth_46194,67
synth_45936,67
synth_45975,67
synth_46074,67
synth_45779,67
synth_46208,67
synth_46327,67
synth_45689,67
synth_45798,67
synth_46029,67
synth_45960,67
synth_46153,67
synth_46170,67
synth_46329,67
synth_45842,67
synth_45724,67
synth_45817,67
synth_45882,67
synth_46227,67
synth_45899,67
synth_46125,67
synth_45864,67
synth_46019,67
synth_46113,67
synth_46205,67
synth_45974,67
synth_45843,67
synth_45947,67
synth_45775,67
synth_45921,67
synth_46236,67
synth_45911,67
synth_45699,67
synth_45811,67
synth_45916,67
synth_45990,67
synth_45992,67
synth_45790,67
synth_45869,67
synth_46047,67
synth_46225,67
synth_45734,67
synth_45752,67
synth_46233,67
synth_45698,67
synth_45771,67
synth_46085,67
synth_46137,67
synth_46172,67
synth_45803,67
synth_45876,67
synth_46259,67
synth_46297,67
synth_46012,67
synth_45741,67
synth_45996,67
synth_46348,67
synth_45774,67
synth_45849,67
synth_45859,67
synth_46059,67
synth_46305,67
synth_46272,67
synth_45676,67
synth_45877,67
synth_45888,67
synth_46076,67
synth_46245,67
synth_46299,67
synth_45730,67
synth_45757,67
synth_46285,67
synth_45709,67
synth_46132,67
synth_46156,67
synth_45759,67
synth_45783,67
synth_45838,67
synth_46040,67
synth_46084,67
synth_45860,67
synth_46304,67
synth_46116,67
synth_46135,67
synth_46283,67
synth_45920,67
synth_45873,67
synth_45897,67
synth_46324,67
synth_45687,67
synth_45824,67
synth_45988,67
synth_46030,67
synth_45721,67
synth_46014,67
synth_46174,67
synth_46340,67
synth_45848,67
synth_45857,67
synth_46025,67
synth_46301,67
synth_45764,67
synth_46032,67
synth_46292,67
synth_45943,67
synth_45945,67
synth_45929,67
synth_46086,67
synth_46203,67
synth_46349,67
synth_45717,67
synth_46265,67
synth_46293,67
synth_45768,67
synth_45976,67
synth_45690,67
synth_45765,67
synth_45908,67
synth_46062,67
synth_45735,67
synth_45994,67
synth_45835,67
synth_45875,67
synth_46016,67
synth_46021,67
synth_46081,67
synth_46206,67
synth_46060,67
synth_46064,67
synth_46196,67
synth_45754,67
synth_45767,67
synth_45940,67
synth_45919,67
synth_46290,67
synth_45673,67
synth_46045,67
synth_46195,67
synth_46241,67
synth_46246,67
synth_46248,67
synth_45749,67
synth_45955,67
synth_45999,67
synth_46027,67
synth_46238,67
synth_46341,67
synth_46351,67
synth_45880,67
synth_46098,67
synth_45924,67
synth_46138,67
synth_45696,67
synth_46263,67
synth_45693,67
synth_45813,67
synth_46250,67
synth_45716,67
synth_46289,67
synth_45732,67
synth_46515,66
synth_46932,66
synth_47060,66
synth_46394,66
synth_46556,66
synth_46820,66
synth_46952,66
synth_46664,66
synth_46608,66
synth_46521,66
synth_46668,66
synth_46776,66
synth_46916,66
synth_46396,66
synth_46557,66
synth_46628,66
synth_46988,66
synth_46853,66
synth_46936,66
synth_46944,66
synth_46502,66
synth_46826,66
synth_46980,66
synth_46430,66
synth_46870,66
synth_47029,66
synth_46389,66
synth_46392,66
synth_46953,66
synth_46975,66
synth_46691,66
synth_46369,66
synth_46734,66
synth_46889,66
synth_47021,66
synth_47030,66
synth_46882,66
synth_46578,66
synth_46401,66
synth_46815,66
synth_46412,66
synth_46884,66
synth_46895,66
synth_46545,66
synth_46593,66
synth_46636,66
synth_46522,66
synth_47062,66
synth_46632,66
synth_46640,66
synth_46780,66
synth_46420,66
synth_46421,66
synth_46473,66
synth_46475,66
synth_46907,66
synth_47046,66
synth_46485,66
synth_46769,66
synth_46696,66
synth_46750,66
synth_47031,66
synth_47051,66
synth_46866,66
synth_46596,66
synth_46992,66
synth_46377,66
synth_46993,66
synth_46541,66
synth_46680,66
synth_46558,66
synth_46732,66
synth_46950,66
synth_46365,66
synth_46911,66
synth_46943,66
synth_46366,66
synth_46383,66
synth_46404,66
synth_46663,66
synth_46738,66
synth_46823,66
synth_46624,66
synth_46438,66
synth_46504,66
synth_46878,66
synth_46390,66
synth_46422,66
synth_46724,66
synth_47022,66
synth_46477,66
synth_46850,66
synth_46909,66
synth_46376,66
synth_46486,66
synth_46468,66
synth_46740,66
synth_46833,66
synth_46370,66
synth_46532,66
synth_46912,66
synth_46393,66
synth_46414,66
synth_46686,66
synth_46424,66
synth_46523,66
synth_46710,66
synth_46918,66
synth_47039,66
synth_46971,66
synth_46600,66
synth_46781,66
synth_46858,66
synth_46939,66
synth_46419,66
synth_46478,66
synth_46945,66
synth_46817,66
synth_47010,66
synth_46766,66
synth_46849,66
synth_46891,66
synth_46652,66
synth_46958,66
synth_46754,66
synth_46885,66
synth_46896,66
synth_47024,66
synth_46923,66
synth_46986,66
synth_46994,66
synth_46431,66
synth_46934,66
synth_46409,66
synth_46540,66
synth_46586,66
synth_46656,66
synth_46863,66
synth_46519,66
synth_46807,66
synth_46812,66
synth_47052,66
synth_46972,66
synth_46743,66
synth_46774,66
synth_46638,66
synth_46989,66
synth_46512,66
synth_46759,66
synth_46592,66
synth_46622,66
synth_46641,66
synth_46782,66
synth_46799,66
synth_46827,66
synth_47054,66
synth_46785,66
synth_46499,66
synth_46500,66
synth_46722,66
synth_46762,66
synth_47042,66
synth_46453,66
synth_46764,66
synth_47038,66
synth_46374,66
synth_46459,66
synth_47028,66
synth_46935,66
synth_46492,66
synth_46814,66
synth_46834,66
synth_46914,66
synth_46642,66
synth_46671,66
synth_46751,66
synth_46995,66
synth_46402,66
synth_46454,66
synth_46493,66
synth_46748,66
synth_46577,66
synth_46666,66
synth_46673,66
synth_46727,66
synth_46787,66
synth_46809,66
synth_46813,66
synth_47050,66
synth_46729,66
synth_46538,66
synth_46708,66
synth_46736,66
synth_46838,66
synth_47056,66
synth_46650,66
synth_46857,66
synth_46513,66
synth_46810,66
synth_47006,66
synth_46610,66
synth_46899,66
synth_46982,66
synth_46415,66
synth_46741,66
synth_46763,66
synth_46917,66
synth_46961,66
synth_46714,66
synth_46758,66
synth_46881,66
synth_46635,66
synth_46380,66
synth_46848,66
synth_46886,66
synth_46954,66
synth_46417,66
synth_46429,66
synth_46464,66
synth_46399,66
synth_46830,66
synth_46883,66
synth_46644,66
synth_46930,66
synth_46965,66
synth_46378,66
synth_46494,66
synth_46802,66
synth_46831,66
synth_47036,66
synth_46388,66
synth_46615,66
synth_46672,66
synth_46771,66
synth_46819,66
synth_46551,66
synth_46587,66
synth_46536,66
synth_46808,66
synth_46568,66
synth_46682,66
synth_46509,66
synth_47058,66
synth_46462,66
synth_46922,66
synth_46937,66
synth_46361,66
synth_46659,66
synth_46619,66
synth_46900,66
synth_46589,66
synth_46643,66
synth_46364,66
synth_46818,66
synth_46894,66
synth_46358,66
synth_46825,66
synth_47057,66
synth_46458,66
synth_46460,66
synth_46618,66
synth_46964,66
synth_46765,66
synth_46582,66
synth_46794,66
synth_46940,66
synth_46946,66
synth_46382,66
synth_46701,66
synth_46702,66
synth_46711,66
synth_46569,66
synth_46990,66
synth_46427,66
synth_46476,66
synth_46599,66
synth_46559,66
synth_46611,66
synth_47017,66
synth_46423,66
synth_46491,66
synth_46693,66
synth_46698,66
synth_46723,66
synth_46597,66
synth_46862,66
synth_46457,66
synth_46647,66
synth_46511,66
synth_46717,66
synth_46803,66
synth_46465,66
synth_46755,66
synth_46756,66
synth_46617,66
synth_46631,66
synth_46951,66
synth_46450,66
synth_46660,66
synth_46725,66
synth_46981,66
synth_46767,66
synth_46887,66
synth_46371,66
synth_46373,66
synth_46584,66
synth_46633,66
synth_46804,66
synth_46816,66
synth_46800,66
synth_46356,66
synth_46360,66
synth_46880,66
synth_46877,66
synth_46517,66
synth_46456,66
synth_46601,66
synth_46487,66
synth_46518,66
synth_46367,66
synth_46690,66
synth_47040,66
synth_46544,66
synth_46639,66
synth_46529,66
synth_46657,66
synth_46948,66
synth_46539,66
synth_46720,66
synth_46681,66
synth_46938,66
synth_46435,66
synth_46496,66
synth_46718,66
synth_47012,66
synth_46567,66
synth_46621,66
synth_46856,66
synth_46879,66
synth_46949,66
synth_46386,66
synth_46432,66
synth_47004,66
synth_46928,66
synth_47020,66
synth_46874,66
synth_47026,66
synth_46977,66
synth_46550,66
synth_46471,66
synth_46605,66
synth_46626,66
synth_46391,66
synth_46483,66
synth_46744,66
synth_46581,66
synth_46947,66
synth_46712,66
synth_46634,66
synth_46440,66
synth_46489,66
synth_46747,66
synth_47000,66
synth_46564,66
synth_46583,66
synth_46503,66
synth_46516,66
synth_46661,66
synth_47041,66
synth_46623,66
synth_46783,66
synth_46929,66
synth_46903,66
synth_47049,66
synth_46413,66
synth_46630,66
synth_46646,66
synth_46520,66
synth_46997,66
synth_46434,66
synth_46552,66
synth_46480,66
synth_47034,66
synth_47048,66
synth_46692,66
synth_46854,66
synth_46481,66
synth_46822,66
synth_46969,66
synth_46679,66
synth_46689,66
synth_46893,66
synth_46770,66
synth_46843,66
synth_46616,66
synth_46571,66
synth_46572,66
synth_46956,66
synth_46966,66
synth_46772,66
synth_46555,66
synth_46594,66
synth_46959,66
synth_46403,66
synth_46580,66
synth_46707,66
synth_46897,66
synth_46498,66
synth_46463,66
synth_46479,66
synth_46805,66
synth_46888,66
synth_46449,66
synth_47008,66
synth_47016,66
synth_46730,66
synth_46801,66
synth_46963,66
synth_46542,66
synth_46791,66
synth_46998,66
synth_46406,66
synth_46549,66
synth_46719,66
synth_46844,66
synth_46528,66
synth_46927,66
synth_46967,66
synth_46996,66
synth_46510,66
synth_46806,66
synth_46910,66
synth_46484,66
synth_46865,66
synth_46811,66
synth_46733,66
synth_46904,66
synth_46658,66
synth_46745,66
synth_47015,66
synth_46443,66
synth_46839,66
synth_47002,66
synth_46362,66
synth_46400,66
synth_46704,66
synth_46749,66
synth_46543,66
synth_46606,66
synth_46861,66
synth_46898,66
synth_46979,66
synth_47043,66
synth_46867,66
synth_46821,66
synth_46448,66
synth_46579,66
synth_46469,66
synth_47018,66
synth_46669,66
synth_46901,66
synth_46387,66
synth_46441,66
synth_46721,66
synth_46835,66
synth_46547,66
synth_46598,66
synth_46684,66
synth_46385,66
synth_46505,66
synth_46761,66
synth_46627,66
synth_46960,66
synth_46913,66
synth_47033,66
synth_46576,66
synth_46426,66
synth_46436,66
synth_46591,66
synth_47047,66
synth_46384,66
synth_46530,66
synth_46715,66
synth_46753,66
synth_47027,66
synth_47053,66
synth_46566,66
synth_46775,66
synth_46397,66
synth_46574,66
synth_46501,66
synth_46919,66
synth_46654,66
synth_46675,66
synth_46416,66
synth_46637,66
synth_46793,66
synth_46859,66
synth_46778,66
synth_46411,66
synth_46924,66
synth_46976,66
synth_46563,66
synth_46840,66
synth_46490,66
synth_46846,66
synth_47037,66
synth_46451,66
synth_46653,66
synth_46869,66
synth_46497,66
synth_46561,66
synth_46570,66
synth_46602,66
synth_46697,66
synth_46797,66
synth_46942,66
synth_46526,66
synth_46685,66
synth_46789,66
synth_46926,66
synth_46921,66
synth_46595,66
synth_46790,66
synth_46906,66
synth_46379,66
synth_46381,66
synth_46991,66
synth_46999,66
synth_46508,66
synth_46716,66
synth_46398,66
synth_46554,66
synth_46604,66
synth_46612,66
synth_46645,66
synth_46695,66
synth_46527,66
synth_46588,66
synth_46955,66
synth_46560,66
synth_46428,66
synth_47061,66
synth_46548,66
synth_46444,66
synth_46905,66
synth_46488,66
synth_46506,66
synth_46662,66
synth_46933,66
synth_46620,66
synth_46728,66
synth_46590,66
synth_46703,66
synth_46372,66
synth_46670,66
synth_46852,66
synth_46925,66
synth_47011,66
synth_46525,66
synth_46902,66
synth_46408,66
synth_46461,66
synth_46962,66
synth_46575,66
synth_46609,66
synth_46607,66
synth_46699,66
synth_46915,66
synth_47032,66
synth_46613,66
synth_46534,66
synth_46920,66
synth_46687,66
synth_47013,66
synth_46847,66
synth_46676,66
synth_46752,66
synth_46585,66
synth_46649,66
synth_46433,66
synth_47055,66
synth_46683,66
synth_46726,66
synth_46553,66
synth_46855,66
synth_46978,66
synth_46828,66
synth_46795,66
synth_46851,66
synth_46482,66
synth_46871,66
synth_46892,66
synth_47019,66
synth_46442,66
synth_46786,66
synth_46742,66
synth_46768,66
synth_46565,66
synth_46796,66
synth_46737,66
synth_47009,66
synth_47045,66
synth_46573,66
synth_46970,66
synth_46706,66
synth_46824,66
synth_47007,66
synth_46446,66
synth_46842,66
synth_46375,66
synth_46739,66
synth_46625,66
synth_46941,66
synth_46931,66
synth_46875,66
synth_46876,66
synth_46983,66
synth_46368,66
synth_46533,66
synth_46665,66
synth_46984,66
synth_46418,66
synth_46798,66
synth_47003,66
synth_46395,66
synth_46410,66
synth_46629,66
synth_46731,66
synth_46973,66
synth_47044,66
synth_46868,66
synth_46968,66
synth_46531,66
synth_46667,66
synth_46678,66
synth_46836,66
synth_46562,66
synth_46535,66
synth_46829,66
synth_46359,66
synth_47035,66
synth_46603,66
synth_46648,66
synth_46974,66
synth_46447,66
synth_46655,66
synth_46694,66
synth_46908,66
synth_46363,66
synth_46514,66
synth_46651,66
synth_46788,66
synth_46357,66
synth_46760,66
synth_46860,66
synth_46987,66
synth_47001,66
synth_46452,66
synth_46467,66
synth_46777,66
synth_47023,66
synth_46474,66
synth_46546,66
synth_46405,66
synth_46705,66
synth_47005,66
synth_46614,66
synth_46985,66
synth_46537,66
synth_46735,66
synth_47025,66
synth_46445,66
synth_46773,66
synth_46470,66
synth_46688,66
synth_46524,66
synth_46466,66
synth_46439,66
synth_46872,66
synth_46455,66
synth_46472,66
synth_46674,66
synth_46873,66
synth_47014,66
synth_46407,66
synth_46507,66
synth_46713,66
synth_46832,66
synth_46890,66
synth_47059,66
synth_46677,66
synth_46425,66
synth_46746,66
synth_46437,66
synth_46700,66
synth_46837,66
synth_46709,66
synth_46757,66
synth_46864,66
synth_46495,66
synth_46779,66
synth_46845,66
synth_46784,66
synth_46792,66
synth_46841,66
synth_46957,66
synth_47289,65
synth_47329,65
synth_47356,65
synth_47554,65
synth_47712,65
synth_47196,65
synth_47423,65
synth_47588,65
synth_47788,65
synth_47627,65
synth_47099,65
synth_47122,65
synth_47431,65
synth_47432,65
synth_47782,65
synth_47226,65
synth_47381,65
synth_47148,65
synth_47693,65
synth_47168,65
synth_47292,65
synth_47459,65
synth_47590,65
synth_47668,65
synth_47787,65
synth_47561,65
synth_47106,65
synth_47184,65
synth_47234,65
synth_47265,65
synth_47288,65
synth_47448,65
synth_47751,65
synth_47461,65
synth_47674,65
synth_47216,65
synth_47390,65
synth_47480,65
synth_47114,65
synth_47158,65
synth_47290,65
synth_47500,65
synth_47273,65
synth_47067,65
synth_47434,65
synth_47780,65
synth_47224,65
synth_47312,65
synth_47417,65
synth_47077,65
synth_47264,65
synth_47367,65
synth_47173,65
synth_47236,65
synth_47580,65
synth_47658,65
synth_47268,65
synth_47647,65
synth_47677,65
synth_47304,65
synth_47413,65
synth_47486,65
synth_47774,65
synth_47784,65
synth_47293,65
synth_47581,65
synth_47769,65
synth_47117,65
synth_47507,65
synth_47281,65
synth_47336,65
synth_47445,65
synth_47466,65
synth_47551,65
synth_47178,65
synth_47215,65
synth_47368,65
synth_47429,65
synth_47205,65
synth_47571,65
synth_47068,65
synth_47310,65
synth_47724,65
synth_47302,65
synth_47572,65
synth_47164,65
synth_47177,65
synth_47203,65
synth_47331,65
synth_47371,65
synth_47538,65
synth_47621,65
synth_47137,65
synth_47241,65
synth_47359,65
synth_47550,65
synth_47615,65
synth_47212,65
synth_47386,65
synth_47388,65
synth_47392,65
synth_47555,65
synth_47574,65
synth_47418,65
synth_47744,65
synth_47074,65
synth_47190,65
synth_47328,65
synth_47405,65
synth_47454,65
synth_47489,65
synth_47244,65
synth_47094,65
synth_47395,65
synth_47553,65
synth_47582,65
synth_47781,65
synth_47517,65
synth_47301,65
synth_47372,65
synth_47527,65
synth_47694,65
synth_47790,65
synth_47614,65
synth_47761,65
synth_47763,65
synth_47211,65
synth_47776,65
synth_47490,65
synth_47562,65
synth_47568,65
synth_47592,65
synth_47748,65
synth_47064,65
synth_47523,65
synth_47576,65
synth_47739,65
synth_47544,65
synth_47589,65
synth_47727,65
synth_47249,65
synth_47133,65
synth_47295,65
synth_47709,65
synth_47738,65
synth_47713,65
synth_47756,65
synth_47254,65
synth_47385,65
synth_47240,65
synth_47321,65
synth_47337,65
synth_47484,65
synth_47135,65
synth_47594,65
synth_47640,65
synth_47180,65
synth_47246,65
synth_47363,65
synth_47536,65
synth_47600,65
synth_47209,65
synth_47657,65
synth_47366,65
synth_47453,65
synth_47350,65
synth_47411,65
synth_47481,65
synth_47123,65
synth_47243,65
synth_47272,65
synth_47066,65
synth_47113,65
synth_47309,65
synth_47342,65
synth_47485,65
synth_47729,65
synth_47160,65
synth_47195,65
synth_47347,65
synth_47379,65
synth_47532,65
synth_47150,65
synth_47154,65
synth_47239,65
synth_47335,65
synth_47364,65
synth_47420,65
synth_47543,65
synth_47667,65
synth_47100,65
synth_47111,65
synth_47181,65
synth_47612,65
synth_47199,65
synth_47410,65
synth_47492,65
synth_47717,65
synth_47722,65
synth_47447,65
synth_47719,65
synth_47786,65
synth_47269,65
synth_47659,65
synth_47127,65
synth_47151,65
synth_47355,65
synth_47394,65
synth_47516,65
synth_47508,65
synth_47258,65
synth_47280,65
synth_47525,65
synth_47716,65
synth_47208,65
synth_47322,65
synth_47467,65
synth_47768,65
synth_47267,65
synth_47519,65
synth_47121,65
synth_47433,65
synth_47497,65
synth_47524,65
synth_47530,65
synth_47632,65
synth_47227,65
synth_47189,65
synth_47225,65
synth_47596,65
synth_47136,65
synth_47161,65
synth_47210,65
synth_47296,65
synth_47403,65
synth_47482,65
synth_47613,65
synth_47726,65
synth_47192,65
synth_47221,65
synth_47664,65
synth_47741,65
synth_47753,65
synth_47130,65
synth_47175,65
synth_47374,65
synth_47642,65
synth_47103,65
synth_47220,65
synth_47496,65
synth_47520,65
synth_47629,65
synth_47255,65
synth_47470,65
synth_47539,65
synth_47340,65
synth_47353,65
synth_47377,65
synth_47521,65
synth_47631,65
synth_47731,65
synth_47734,65
synth_47155,65
synth_47732,65
synth_47733,65
synth_47218,65
synth_47283,65
synth_47515,65
synth_47541,65
synth_47720,65
synth_47233,65
synth_47522,65
synth_47533,65
synth_47681,65
synth_47228,65
synth_47745,65
synth_47105,65
synth_47188,65
synth_47404,65
synth_47513,65
synth_47680,65
synth_47116,65
synth_47282,65
synth_47575,65
synth_47274,65
synth_47093,65
synth_47349,65
synth_47473,65
synth_47585,65
synth_47616,65
synth_47697,65
synth_47307,65
synth_47735,65
synth_47266,65
synth_47375,65
synth_47087,65
synth_47488,65
synth_47502,65
synth_47749,65
synth_47107,65
synth_47380,65
synth_47422,65
synth_47534,65
synth_47746,65
synth_47535,65
synth_47686,65
synth_47618,65
synth_47740,65
synth_47764,65
synth_47142,65
synth_47770,65
synth_47757,65
synth_47170,65
synth_47370,65
synth_47526,65
synth_47129,65
synth_47166,65
synth_47358,65
synth_47463,65
synth_47511,65
synth_47766,65
synth_47131,65
synth_47191,65
synth_47556,65
synth_47619,65
synth_47073,65
synth_47278,65
synth_47320,65
synth_47654,65
synth_47341,65
synth_47446,65
synth_47479,65
synth_47623,65
synth_47090,65
synth_47646,65
synth_47685,65
synth_47628,65
synth_47591,65
synth_47316,65
synth_47352,65
synth_47510,65
synth_47528,65
synth_47573,65
synth_47606,65
synth_47652,65
synth_47669,65
synth_47689,65
synth_47125,65
synth_47391,65
synth_47398,65
synth_47626,65
synth_47419,65
synth_47483,65
synth_47695,65
synth_47185,65
synth_47253,65
synth_47332,65
synth_47430,65
synth_47663,65
synth_47443,65
synth_47518,65
synth_47546,65
synth_47138,65
synth_47324,65
synth_47400,65
synth_47775,65
synth_47305,65
synth_47464,65
synth_47670,65
synth_47705,65
synth_47217,65
synth_47080,65
synth_47650,65
synth_47259,65
synth_47299,65
synth_47346,65
synth_47540,65
synth_47070,65
synth_47578,65
synth_47687,65
synth_47767,65
synth_47783,65
synth_47207,65
synth_47622,65
synth_47095,65
synth_47143,65
synth_47201,65
synth_47384,65
synth_47194,65
synth_47451,65
synth_47678,65
synth_47723,65
synth_47345,65
synth_47665,65
synth_47140,65
synth_47147,65
synth_47162,65
synth_47435,65
synth_47742,65
synth_47079,65
synth_47369,65
synth_47408,65
synth_47442,65
synth_47444,65
synth_47086,65
synth_47146,65
synth_47421,65
synth_47560,65
synth_47577,65
synth_47257,65
synth_47277,65
synth_47348,65
synth_47406,65
synth_47468,65
synth_47777,65
synth_47730,65
synth_47477,65
synth_47343,65
synth_47569,65
synth_47666,65
synth_47791,65
synth_47721,65
synth_47076,65
synth_47078,65
synth_47179,65
synth_47387,65
synth_47402,65
synth_47639,65
synth_47682,65
synth_47112,65
synth_47634,65
synth_47134,65
synth_47598,65
synth_47699,65
synth_47157,65
synth_47563,65
synth_47673,65
synth_47169,65
synth_47465,65
synth_47089,65
synth_47102,65
synth_47153,65
synth_47542,65
synth_47144,65
synth_47287,65
synth_47715,65
synth_47229,65
synth_47096,65
synth_47187,65
synth_47223,65
synth_47279,65
synth_47437,65
synth_47063,65
synth_47204,65
synth_47645,65
synth_47230,65
synth_47317,65
synth_47382,65
synth_47506,65
synth_47557,65
synth_47728,65
synth_47702,65
synth_47101,65
synth_47152,65
synth_47163,65
synth_47252,65
synth_47300,65
synth_47428,65
synth_47085,65
synth_47319,65
synth_47365,65
synth_47401,65
synth_47593,65
synth_47303,65
synth_47414,65
synth_47684,65
synth_47547,65
synth_47072,65
synth_47083,65
synth_47088,65
synth_47339,65
synth_47583,65
synth_47548,65
synth_47354,65
synth_47641,65
synth_47706,65
synth_47758,65
synth_47306,65
synth_47457,65
synth_47458,65
synth_47637,65
synth_47737,65
synth_47704,65
synth_47145,65
synth_47197,65
synth_47276,65
synth_47633,65
synth_47471,65
synth_47559,65
synth_47671,65
synth_47785,65
synth_47747,65
synth_47238,65
synth_47409,65
synth_47512,65
synth_47566,65
synth_47762,65
synth_47149,65
synth_47159,65
synth_47214,65
synth_47373,65
synth_47660,65
synth_47271,65
synth_47110,65
synth_47165,65
synth_47326,65
synth_47376,65
synth_47425,65
synth_47601,65
synth_47611,65
synth_47440,65
synth_47323,65
synth_47378,65
synth_47635,65
synth_47242,65
synth_47260,65
synth_47778,65
synth_47755,65
synth_47183,65
synth_47311,65
synth_47564,65
synth_47537,65
synth_47069,65
synth_47284,65
synth_47436,65
synth_47718,65
synth_47609,65
synth_47773,65
synth_47792,65
synth_47469,65
synth_47707,65
synth_47065,65
synth_47318,65
synth_47620,65
synth_47460,65
synth_47595,65
synth_47206,65
synth_47219,65
synth_47389,65
synth_47636,65
synth_47653,65
synth_47186,65
synth_47452,65
synth_47683,65
synth_47509,65
synth_47604,65
synth_47115,65
synth_47503,65
synth_47139,65
synth_47672,65
synth_47772,65
synth_47075,65
synth_47126,65
synth_47330,65
synth_47396,65
synth_47082,65
synth_47357,65
synth_47455,65
synth_47644,65
synth_47688,65
synth_47736,65
synth_47108,65
synth_47750,65
synth_47262,65
synth_47505,65
synth_47656,65
synth_47182,65
synth_47213,65
synth_47765,65
synth_47247,65
synth_47441,65
synth_47714,65
synth_47474,65
synth_47529,65
synth_47499,65
synth_47438,65
synth_47608,65
synth_47754,65
synth_47092,65
synth_47514,65
synth_47584,65
synth_47476,65
synth_47456,65
synth_47605,65
synth_47610,65
synth_47661,65
synth_47118,65
synth_47450,65
synth_47495,65
synth_47779,65
synth_47231,65
synth_47313,65
synth_47570,65
synth_47759,65
synth_47275,65
synth_47315,65
synth_47789,65
synth_47245,65
synth_47351,65
synth_47597,65
synth_47084,65
synth_47643,65
synth_47771,65
synth_47091,65
synth_47120,65
synth_47156,65
synth_47167,65
synth_47362,65
synth_47426,65
synth_47494,65
synth_47607,65
synth_47334,65
synth_47504,65
synth_47071,65
synth_47202,65
synth_47338,65
synth_47383,65
synth_47552,65
synth_47097,65
synth_47198,65
synth_47308,65
synth_47558,65
synth_47098,65
synth_47222,65
synth_47491,65
synth_47760,65
synth_47232,65
synth_47286,65
synth_47294,65
synth_47549,65
synth_47725,65
synth_47325,65
synth_47407,65
synth_47691,65
synth_47360,65
synth_47427,65
synth_47248,65
synth_47270,65
synth_47545,65
synth_47361,65
synth_47475,65
synth_47124,65
synth_47297,65
synth_47675,65
synth_47703,65
synth_47141,65
synth_47250,65
synth_47416,65
synth_47472,65
synth_47119,65
synth_47081,65
synth_47291,65
synth_47333,65
synth_47415,65
synth_47587,65
synth_47625,65
synth_47498,65
synth_47676,65
synth_47104,65
synth_47397,65
synth_47690,65
synth_47478,65
synth_47700,65
synth_47743,65
synth_47171,65
synth_47172,65
synth_47493,65
synth_47648,65
synth_47655,65
synth_47200,65
synth_47256,65
synth_47501,65
synth_47602,65
synth_47638,65
synth_47344,65
synth_47424,65
synth_47662,65
synth_47692,65
synth_47176,65
synth_47586,65
synth_47649,65
synth_47393,65
synth_47567,65
synth_47599,65
synth_47617,65
synth_47298,65
synth_47327,65
synth_47449,65
synth_47462,65
synth_47679,65
synth_47128,65
synth_47531,65
synth_47752,65
synth_47579,65
synth_47630,65
synth_47696,65
synth_47235,65
synth_47251,65
synth_47261,65
synth_47314,65
synth_47565,65
synth_47603,65
synth_47624,65
synth_47698,65
synth_47708,65
synth_47710,65
synth_47174,65
synth_47285,65
synth_47412,65
synth_47439,65
synth_47237,65
synth_47263,65
synth_47399,65
synth_47651,65
synth_47132,65
synth_47193,65
synth_47487,65
synth_47109,65
synth_47701,65
synth_47711,65
synth_47881,64
synth_48161,64
synth_48228,64
synth_48454,64
synth_47915,64
synth_47824,64
synth_48146,64
synth_48211,64
synth_48238,64
synth_48241,64
synth_48315,64
synth_48043,64
synth_48534,64
synth_47858,64
synth_48215,64
synth_48506,64
synth_48252,64
synth_48281,64
synth_47817,64
synth_47909,64
synth_48538,64
synth_47977,64
synth_48290,64
synth_47820,64
synth_47865,64
synth_48307,64
synth_48063,64
synth_47921,64
synth_48157,64
synth_48284,64
synth_47866,64
synth_47903,64
synth_47944,64
synth_48524,64
synth_48101,64
synth_48194,64
synth_48448,64
synth_48003,64
synth_48163,64
synth_48471,64
synth_48371,64
synth_47991,64
synth_48029,64
synth_48060,64
synth_48382,64
synth_48218,64
synth_47904,64
synth_47797,64
synth_48002,64
synth_48027,64
synth_48172,64
synth_48308,64
synth_48358,64
synth_48407,64
synth_47806,64
synth_47807,64
synth_48183,64
synth_47906,64
synth_47913,64
synth_48398,64
synth_48439,64
synth_47969,64
synth_48225,64
synth_48473,64
synth_47902,64
synth_48319,64
synth_48123,64
synth_48212,64
synth_48227,64
synth_48257,64
synth_48297,64
synth_48432,64
synth_47941,64
synth_47970,64
synth_48424,64
synth_47930,64
synth_48527,64
synth_47914,64
synth_47893,64
synth_47926,64
synth_47894,64
synth_47999,64
synth_48236,64
synth_48337,64
synth_48361,64
synth_48484,64
synth_48357,64
synth_48427,64
synth_47975,64
synth_48086,64
synth_48485,64
synth_47822,64
synth_48026,64
synth_48135,64
synth_47985,64
synth_48085,64
synth_48090,64
synth_48112,64
synth_48148,64
synth_48232,64
synth_47870,64
synth_48359,64
synth_47960,64
synth_48004,64
synth_48097,64
synth_47876,64
synth_47912,64
synth_48053,64
synth_48430,64
synth_48480,64
synth_47831,64
synth_47860,64
synth_47888,64
synth_48422,64
synth_48174,64
synth_48274,64
synth_48107,64
synth_47826,64
synth_48374,64
synth_48023,64
synth_48104,64
synth_47882,64
synth_48080,64
synth_48120,64
synth_48167,64
synth_48305,64
synth_48187,64
synth_48272,64
synth_48348,64
synth_47983,64
synth_48179,64
synth_48517,64
synth_47987,64
synth_47995,64
synth_48151,64
synth_48354,64
synth_47981,64
synth_48368,64
synth_48144,64
synth_47810,64
synth_48311,64
synth_48230,64
synth_48259,64
synth_47828,64
synth_48119,64
synth_48021,64
synth_48433,64
synth_48488,64
synth_48269,64
synth_48206,64
synth_48535,64
synth_48095,64
synth_48366,64
synth_48032,64
synth_48243,64
synth_48260,64
synth_48468,64
synth_47837,64
synth_48507,64
synth_48168,64
synth_48343,64
synth_48521,64
synth_47798,64
synth_48190,64
synth_48223,64
synth_48283,64
synth_48364,64
synth_47818,64
synth_48536,64
synth_47965,64
synth_48042,64
synth_48544,64
synth_47992,64
synth_48128,64
synth_48321,64
synth_47973,64
synth_48511,64
synth_48033,64
synth_47958,64
synth_48000,64
synth_48062,64
synth_48158,64
synth_48288,64
synth_48323,64
synth_48344,64
synth_47954,64
synth_48010,64
synth_48475,64
synth_47829,64
synth_48204,64
synth_48526,64
synth_48091,64
synth_48339,64
synth_48248,64
synth_48008,64
synth_48110,64
synth_48162,64
synth_48346,64
synth_48141,64
synth_48456,64
synth_48175,64
synth_47955,64
synth_48245,64
synth_48186,64
synth_48303,64
synth_48467,64
synth_48396,64
synth_48470,64
synth_48304,64
synth_48515,64
synth_47796,64
synth_47846,64
synth_48267,64
synth_48353,64
synth_47932,64
synth_48064,64
synth_48070,64
synth_48224,64
synth_47984,64
synth_48349,64
synth_48156,64
synth_47816,64
synth_48216,64
synth_48200,64
synth_47956,64
synth_48270,64
synth_48295,64
synth_48392,64
synth_48403,64
synth_48256,64
synth_48233,64
synth_48040,64
synth_48159,64
synth_48335,64
synth_48533,64
synth_48177,64
synth_48246,64
synth_48365,64
synth_48377,64
synth_48342,64
synth_48217,64
synth_48409,64
synth_48512,64
synth_48324,64
synth_47887,64
synth_47911,64
synth_48373,64
synth_48499,64
synth_48459,64
synth_48020,64
synth_48383,64
synth_48234,64
synth_48340,64
synth_48391,64
synth_48458,64
synth_47814,64
synth_48520,64
synth_47945,64
synth_48434,64
synth_48009,64
synth_48293,64
synth_47933,64
synth_48044,64
synth_48170,64
synth_48495,64
synth_47862,64
synth_47942,64
synth_48425,64
synth_48523,64
synth_48463,64
synth_48208,64
synth_48375,64
synth_47867,64
synth_48309,64
synth_48075,64
synth_48275,64
synth_48482,64
synth_48113,64
synth_48253,64
synth_48263,64
synth_48296,64
synth_48381,64
synth_48378,64
synth_48394,64
synth_48490,64
synth_48532,64
synth_47836,64
synth_47850,64
synth_47901,64
synth_48030,64
synth_47868,64
synth_47949,64
synth_48150,64
synth_47875,64
synth_47853,64
synth_48082,64
synth_48083,64
synth_48387,64
synth_47839,64
synth_48176,64
synth_48313,64
synth_48447,64
synth_48385,64
synth_48441,64
synth_47900,64
synth_48325,64
synth_47998,64
synth_48229,64
synth_48136,64
synth_48436,64
synth_47883,64
synth_48419,64
synth_47963,64
synth_48164,64
synth_47863,64
synth_48317,64
synth_48326,64
synth_47884,64
synth_48250,64
synth_48282,64
synth_48486,64
synth_48109,64
synth_48469,64
synth_48539,64
synth_47809,64
synth_47871,64
synth_47923,64
synth_48219,64
synth_48404,64
synth_48415,64
synth_48429,64
synth_48005,64
synth_48016,64
synth_47841,64
synth_47924,64
synth_47971,64
synth_47891,64
synth_48069,64
synth_47989,64
synth_48184,64
synth_48341,64
synth_48418,64
synth_48028,64
synth_48100,64
synth_48193,64
synth_48478,64
synth_48497,64
synth_48056,64
synth_48345,64
synth_47813,64
synth_47974,64
synth_48076,64
synth_48496,64
synth_48310,64
synth_48402,64
synth_47892,64
synth_48092,64
synth_48121,64
synth_47855,64
synth_48209,64
synth_48529,64
synth_47795,64
synth_47819,64
synth_48068,64
synth_48130,64
synth_48235,64
synth_47917,64
synth_48242,64
synth_47916,64
synth_48254,64
synth_47947,64
synth_48025,64
synth_48049,64
synth_48210,64
synth_48380,64
synth_47812,64
synth_48395,64
synth_48061,64
synth_48127,64
synth_48298,64
synth_47821,64
synth_48379,64
synth_48508,64
synth_48314,64
synth_48012,64
synth_48013,64
synth_48188,64
synth_48195,64
synth_48451,64
synth_47857,64
synth_47885,64
synth_48251,64
synth_48367,64
synth_48413,64
synth_47833,64
synth_48355,64
synth_48059,64
synth_48099,64
synth_48131,64
synth_48237,64
synth_48255,64
synth_47801,64
synth_47873,64
synth_47919,64
synth_48420,64
synth_48537,64
synth_48039,64
synth_48041,64
synth_48292,64
synth_48139,64
synth_47952,64
synth_48014,64
synth_48048,64
synth_48350,64
synth_48503,64
synth_48055,64
synth_48198,64
synth_48220,64
synth_48222,64
synth_48455,64
synth_47918,64
synth_48376,64
synth_48108,64
synth_48111,64
synth_48363,64
synth_47847,64
synth_47877,64
synth_48226,64
synth_47843,64
synth_48138,64
synth_48414,64
synth_47794,64
synth_48169,64
synth_48166,64
synth_48196,64
synth_48258,64
synth_48352,64
synth_47832,64
synth_47920,64
synth_48007,64
synth_48483,64
synth_47929,64
synth_48412,64
synth_48519,64
synth_47951,64
synth_48031,64
synth_48192,64
synth_48268,64
synth_48276,64
synth_48118,64
synth_48516,64
synth_48093,64
synth_48498,64
synth_47808,64
synth_48034,64
synth_48051,64
synth_48214,64
synth_48453,64
synth_47939,64
synth_47804,64
synth_48134,64
synth_48279,64
synth_47943,64
synth_48328,64
synth_47799,64
synth_47994,64
synth_48024,64
synth_48050,64
synth_47872,64
synth_48240,64
synth_47967,64
synth_48502,64
synth_48437,64
synth_48384,64
synth_47889,64
synth_48438,64
synth_48513,64
synth_48300,64
synth_47936,64
synth_47948,64
synth_48423,64
synth_48221,64
synth_48205,64
synth_48408,64
synth_48426,64
synth_48428,64
synth_48360,64
synth_48362,64
synth_48440,64
synth_48489,64
synth_48500,64
synth_47845,64
synth_48036,64
synth_48073,64
synth_48301,64
synth_48336,64
synth_48446,64
synth_48449,64
synth_48504,64
synth_47805,64
synth_48094,64
synth_47834,64
synth_48372,64
synth_47950,64
synth_48072,64
synth_48460,64
synth_47940,64
synth_48201,64
synth_48435,64
synth_48022,64
synth_48160,64
synth_48302,64
synth_48306,64
synth_48316,64
synth_48369,64
synth_48509,64
synth_48462,64
synth_48477,64
synth_48247,64
synth_47896,64
synth_48145,64
synth_47869,64
synth_48035,64
synth_48098,64
synth_48541,64
synth_47854,64
synth_47934,64
synth_48505,64
synth_48106,64
synth_48356,64
synth_48445,64
synth_47803,64
synth_47859,64
synth_47927,64
synth_48327,64
synth_48015,64
synth_48122,64
synth_48278,64
synth_48331,64
synth_48397,64
synth_48165,64
synth_48443,64
synth_47937,64
synth_48084,64
synth_47922,64
synth_48400,64
synth_47890,64
synth_47996,64
synth_48125,64
synth_48264,64
synth_47907,64
synth_48401,64
synth_48514,64
synth_48203,64
synth_48277,64
synth_48273,64
synth_48472,64
synth_47928,64
synth_48213,64
synth_48338,64
synth_48450,64
synth_48143,64
synth_47835,64
synth_47961,64
synth_48038,64
synth_48065,64
synth_48525,64
synth_48545,64
synth_48011,64
synth_48191,64
synth_48465,64
synth_47848,64
synth_48207,64
synth_47886,64
synth_48494,64
synth_47842,64
synth_48116,64
synth_47959,64
synth_48152,64
synth_47825,64
synth_48518,64
synth_48045,64
synth_48181,64
synth_48266,64
synth_48466,64
synth_47879,64
synth_48182,64
synth_48287,64
synth_48390,64
synth_47849,64
synth_47851,64
synth_47874,64
synth_47982,64
synth_47978,64
synth_48057,64
synth_48079,64
synth_48140,64
synth_48334,64
synth_47811,64
synth_48189,64
synth_48087,64
synth_48291,64
synth_47838,64
synth_48017,64
synth_48153,64
synth_47844,64
synth_47935,64
synth_48231,64
synth_47968,64
synth_48088,64
synth_48180,64
synth_48262,64
synth_48492,64
synth_47878,64
synth_48405,64
synth_48461,64
synth_48501,64
synth_47905,64
synth_48066,64
synth_48154,64
synth_48197,64
synth_48393,64
synth_47897,64
synth_47972,64
synth_48074,64
synth_47802,64
synth_47899,64
synth_48129,64
synth_47990,64
synth_48001,64
synth_48199,64
synth_48261,64
synth_48476,64
synth_48530,64
synth_47856,64
synth_48137,64
synth_48178,64
synth_47962,64
synth_48047,64
synth_48058,64
synth_48347,64
synth_47840,64
synth_48318,64
synth_48244,64
synth_48115,64
synth_48124,64
synth_48126,64
synth_48089,64
synth_48320,64
synth_48018,64
synth_48149,64
synth_48542,64
synth_48052,64
synth_48330,64
synth_48493,64
synth_48421,64
synth_48185,64
synth_47852,64
synth_48386,64
synth_47815,64
synth_47964,64
synth_48133,64
synth_47931,64
synth_48202,64
synth_47953,64
synth_47979,64
synth_48006,64
synth_48117,64
synth_48452,64
synth_48114,64
synth_48249,64
synth_47988,64
synth_48531,64
synth_47864,64
synth_47946,64
synth_48416,64
synth_48271,64
synth_48299,64
synth_48474,64
synth_48096,64
synth_48289,64
synth_48540,64
synth_48147,64
synth_48487,64
synth_48370,64
synth_48510,64
synth_48081,64
synth_48102,64
synth_48294,64
synth_48457,64
synth_47861,64
synth_47898,64
synth_47938,64
synth_48491,64
synth_47793,64
synth_47895,64
synth_47993,64
synth_47908,64
synth_47966,64
synth_47976,64
synth_48173,64
synth_48332,64
synth_48054,64
synth_48071,64
synth_48103,64
synth_48410,64
synth_48132,64
synth_48388,64
synth_48464,64
synth_48077,64
synth_47800,64
synth_48239,64
synth_48528,64
synth_48280,64
synth_47980,64
synth_48406,64
synth_48037,64
synth_48286,64
synth_48442,64
synth_48142,64
synth_48155,64
synth_47925,64
synth_48399,64
synth_48411,64
synth_48444,64
synth_48543,64
synth_48067,64
synth_48285,64
synth_47910,64
synth_48329,64
synth_48417,64
synth_48522,64
synth_48019,64
synth_48351,64
synth_48078,64
synth_48171,64
synth_48431,64
synth_48479,64
synth_47823,64
synth_47880,64
synth_47986,64
synth_47997,64
synth_48322,64
synth_48312,64
synth_47957,64
synth_48265,64
synth_47827,64
synth_48105,64
synth_48333,64
synth_48046,64
synth_48481,64
synth_47830,64
synth_48389,64
synth_48758,63
synth_49057,63
synth_49248,63
synth_48687,63
synth_48862,63
synth_48900,63
synth_48977,63
synth_48673,63
synth_48733,63
synth_48875,63
synth_48794,63
synth_49231,63
synth_48550,63
synth_48562,63
synth_48947,63
synth_49029,63
synth_49084,63
synth_48882,63
synth_49119,63
synth_48777,63
synth_49261,63
synth_48922,63
synth_48969,63
synth_48852,63
synth_48650,63
synth_49016,63
synth_49309,63
synth_49031,63
synth_49188,63
synth_49264,63
synth_48903,63
synth_48590,63
synth_48888,63
synth_48604,63
synth_48689,63
synth_48906,63
synth_48973,63
synth_49028,63
synth_48849,63
synth_49221,63
synth_48788,63
synth_48823,63
synth_49157,63
synth_48828,63
synth_48692,63
synth_48899,63
synth_49211,63
synth_49230,63
synth_48619,63
synth_48738,63
synth_48976,63
synth_48563,63
synth_48739,63
synth_48772,63
synth_48864,63
synth_49070,63
synth_49117,63
synth_48935,63
synth_49256,63
synth_48859,63
synth_48927,63
synth_48959,63
synth_48970,63
synth_49066,63
synth_49090,63
synth_49123,63
synth_49163,63
synth_49206,63
synth_48682,63
synth_48717,63
synth_48797,63
synth_48892,63
synth_49127,63
synth_48802,63
synth_49138,63
synth_48881,63
synth_48769,63
synth_49148,63
synth_48893,63
synth_49109,63
synth_49233,63
synth_48633,63
synth_48664,63
synth_48960,63
synth_49017,63
synth_48783,63
synth_49120,63
synth_49195,63
synth_48626,63
synth_48642,63
synth_48948,63
synth_49240,63
synth_49087,63
synth_48763,63
synth_49187,63
synth_48670,63
synth_48890,63
synth_49222,63
synth_49277,63
synth_48589,63
synth_48648,63
synth_48764,63
synth_48841,63
synth_48569,63
synth_48982,63
synth_48992,63
synth_49164,63
synth_48645,63
synth_48896,63
synth_48652,63
synth_49040,63
synth_49088,63
synth_48581,63
synth_49036,63
synth_49038,63
synth_49184,63
synth_49214,63
synth_48552,63
synth_48570,63
synth_48810,63
synth_49295,63
synth_48770,63
synth_48942,63
synth_48606,63
synth_49279,63
synth_49292,63
synth_48944,63
synth_49137,63
synth_48558,63
synth_48623,63
synth_49236,63
synth_48829,63
synth_49125,63
synth_48923,63
synth_48974,63
synth_48723,63
synth_49077,63
synth_48616,63
synth_48705,63
synth_48800,63
synth_49300,63
synth_48876,63
synth_49186,63
synth_49290,63
synth_49007,63
synth_48939,63
synth_48780,63
synth_49026,63
synth_48952,63
synth_49030,63
synth_49043,63
synth_49091,63
synth_49161,63
synth_48567,63
synth_49181,63
synth_48549,63
synth_49316,63
synth_48597,63
synth_49020,63
synth_48752,63
synth_48796,63
synth_48765,63
synth_48889,63
synth_49054,63
synth_49061,63
synth_48547,63
synth_48555,63
synth_48744,63
synth_48972,63
synth_49114,63
synth_49131,63
synth_49175,63
synth_49219,63
synth_48989,63
synth_48574,63
synth_49111,63
synth_48851,63
synth_48748,63
synth_48750,63
synth_49271,63
synth_49320,63
synth_48835,63
synth_49179,63
synth_48620,63
synth_48643,63
synth_48961,63
synth_49008,63
synth_48891,63
synth_48667,63
synth_48932,63
synth_48799,63
synth_49237,63
synth_48579,63
synth_48697,63
synth_48718,63
synth_48887,63
synth_49013,63
synth_49059,63
synth_49052,63
synth_48603,63
synth_48612,63
synth_48656,63
synth_48768,63
synth_48988,63
synth_49153,63
synth_48586,63
synth_48825,63
synth_48883,63
synth_48998,63
synth_48666,63
synth_49074,63
synth_49165,63
synth_48647,63
synth_48661,63
synth_48714,63
synth_48949,63
synth_48760,63
synth_49047,63
synth_49193,63
synth_48804,63
synth_48826,63
synth_48905,63
synth_49217,63
synth_49140,63
synth_49171,63
synth_48719,63
synth_49024,63
synth_49216,63
synth_49039,63
synth_49051,63
synth_48716,63
synth_49003,63
synth_49246,63
synth_48736,63
synth_49149,63
synth_49180,63
synth_48845,63
synth_48773,63
synth_49280,63
synth_48594,63
synth_48761,63
synth_49082,63
synth_49253,63
synth_48872,63
synth_49095,63
synth_48611,63
synth_48628,63
synth_49220,63
synth_48720,63
synth_48833,63
synth_49183,63
synth_48999,63
synth_48991,63
synth_48651,63
synth_49006,63
synth_48566,63
synth_48679,63
synth_49207,63
synth_49228,63
synth_48584,63
synth_48784,63
synth_49154,63
synth_48644,63
synth_49129,63
synth_49302,63
synth_48766,63
synth_48870,63
synth_48801,63
synth_48925,63
synth_48578,63
synth_48690,63
synth_48873,63
synth_49160,63
synth_48818,63
synth_49215,63
synth_48995,63
synth_49092,63
synth_49173,63
synth_48874,63
synth_48965,63
synth_49159,63
synth_48834,63
synth_48812,63
synth_48580,63
synth_48583,63
synth_48621,63
synth_49227,63
synth_48926,63
synth_48665,63
synth_48683,63
synth_48884,63
synth_48771,63
synth_48776,63
synth_48945,63
synth_49135,63
synth_48706,63
synth_48573,63
synth_48725,63
synth_48726,63
synth_48811,63
synth_48599,63
synth_49275,63
synth_48684,63
synth_48839,63
synth_49213,63
synth_49313,63
synth_48565,63
synth_48554,63
synth_48814,63
synth_48702,63
synth_48759,63
synth_48962,63
synth_49198,63
synth_48791,63
synth_49115,63
synth_48694,63
synth_48863,63
synth_48946,63
synth_48950,63
synth_49124,63
synth_49200,63
synth_49018,63
synth_49311,63
synth_48737,63
synth_48822,63
synth_48846,63
synth_49242,63
synth_48984,63
synth_48994,63
synth_49152,63
synth_48591,63
synth_48819,63
synth_49009,63
synth_49058,63
synth_49130,63
synth_49133,63
synth_48615,63
synth_49116,63
synth_49172,63
synth_48978,63
synth_48868,63
synth_48898,63
synth_48993,63
synth_49235,63
synth_48585,63
synth_48680,63
synth_48668,63
synth_48753,63
synth_48986,63
synth_49067,63
synth_49136,63
synth_49145,63
synth_49252,63
synth_49224,63
synth_48568,63
synth_48774,63
synth_49100,63
synth_49166,63
synth_48968,63
synth_49249,63
synth_49034,63
synth_49093,63
synth_49106,63
synth_49288,63
synth_48614,63
synth_48997,63
synth_49139,63
synth_49317,63
synth_48678,63
synth_49094,63
synth_49134,63
synth_49239,63
synth_49287,63
synth_49276,63
synth_48940,63
synth_49178,63
synth_48625,63
synth_48803,63
synth_49202,63
synth_48607,63
synth_48659,63
synth_49102,63
synth_48610,63
synth_49081,63
synth_49099,63
synth_49101,63
synth_48663,63
synth_49281,63
synth_49314,63
synth_48762,63
synth_48878,63
synth_48967,63
synth_49105,63
synth_49112,63
synth_48913,63
synth_49174,63
synth_48850,63
synth_48918,63
synth_48934,63
synth_49014,63
synth_49226,63
synth_49303,63
synth_48582,63
synth_49083,63
synth_48627,63
synth_49113,63
synth_48711,63
synth_48907,63
synth_48943,63
synth_49055,63
synth_49078,63
synth_49107,63
synth_48957,63
synth_49223,63
synth_49301,63
synth_49062,63
synth_49122,63
synth_49155,63
synth_49185,63
synth_49190,63
synth_49203,63
synth_48685,63
synth_48919,63
synth_48576,63
synth_49075,63
synth_49265,63
synth_49286,63
synth_48617,63
synth_48632,63
synth_48708,63
synth_49176,63
synth_48709,63
synth_48734,63
synth_48941,63
synth_48704,63
synth_48885,63
synth_48924,63
synth_48858,63
synth_49053,63
synth_49298,63
synth_48646,63
synth_48955,63
synth_49232,63
synth_49250,63
synth_48880,63
synth_49060,63
synth_49085,63
synth_48727,63
synth_48909,63
synth_48564,63
synth_48779,63
synth_48877,63
synth_48985,63
synth_48936,63
synth_49312,63
synth_48688,63
synth_48879,63
synth_49182,63
synth_49267,63
synth_48915,63
synth_49212,63
synth_49201,63
synth_49262,63
synth_49245,63
synth_48710,63
synth_48757,63
synth_49269,63
synth_48732,63
synth_48831,63
synth_49229,63
synth_48592,63
synth_48693,63
synth_49209,63
synth_49005,63
synth_48916,63
synth_49001,63
synth_48712,63
synth_49225,63
synth_48654,63
synth_48853,63
synth_49097,63
synth_49254,63
synth_48707,63
synth_49293,63
synth_48728,63
synth_49241,63
synth_49284,63
synth_48816,63
synth_48608,63
synth_48675,63
synth_49192,63
synth_49238,63
synth_49319,63
synth_48691,63
synth_48743,63
synth_48964,63
synth_49268,63
synth_48557,63
synth_49076,63
synth_49132,63
synth_49289,63
synth_49010,63
synth_49128,63
synth_49208,63
synth_48677,63
synth_48781,63
synth_48618,63
synth_48895,63
synth_48855,63
synth_49151,63
synth_49196,63
synth_49204,63
synth_48921,63
synth_48996,63
synth_49012,63
synth_49033,63
synth_49073,63
synth_49272,63
synth_49297,63
synth_48930,63
synth_49064,63
synth_49037,63
synth_48637,63
synth_48658,63
synth_48843,63
synth_49144,63
synth_48635,63
synth_48686,63
synth_48655,63
synth_48735,63
synth_48981,63
synth_48602,63
synth_48641,63
synth_48572,63
synth_48598,63
synth_48980,63
synth_49056,63
synth_49255,63
synth_49258,63
synth_48609,63
synth_48854,63
synth_48860,63
synth_48987,63
synth_49103,63
synth_48671,63
synth_49079,63
synth_48785,63
synth_48857,63
synth_49126,63
synth_49162,63
synth_49194,63
synth_49263,63
synth_48605,63
synth_49021,63
synth_48897,63
synth_49015,63
synth_48730,63
synth_48842,63
synth_48951,63
synth_49042,63
synth_49046,63
synth_48956,63
synth_49025,63
synth_48866,63
synth_49177,63
synth_48911,63
synth_48713,63
synth_48755,63
synth_48830,63
synth_49071,63
synth_49143,63
synth_49002,63
synth_48740,63
synth_48837,63
synth_49259,63
synth_48696,63
synth_48861,63
synth_48953,63
synth_49048,63
synth_48546,63
synth_48548,63
synth_48560,63
synth_49044,63
synth_48904,63
synth_48793,63
synth_48749,63
synth_48990,63
synth_48559,63
synth_48662,63
synth_49244,63
synth_48596,63
synth_48649,63
synth_48756,63
synth_48908,63
synth_49011,63
synth_49243,63
synth_49141,63
synth_49147,63
synth_48601,63
synth_48787,63
synth_49158,63
synth_49321,63
synth_48629,63
synth_49032,63
synth_48638,63
synth_48681,63
synth_48979,63
synth_49000,63
synth_49306,63
synth_48630,63
synth_48699,63
synth_48789,63
synth_48653,63
synth_49072,63
synth_48795,63
synth_49023,63
synth_49305,63
synth_48701,63
synth_49247,63
synth_49304,63
synth_48869,63
synth_49065,63
synth_49069,63
synth_49315,63
synth_49318,63
synth_48745,63
synth_49080,63
synth_48724,63
synth_49282,63
synth_49283,63
synth_49118,63
synth_49274,63
synth_48806,63
synth_48954,63
synth_48571,63
synth_48958,63
synth_48975,63
synth_49197,63
synth_49218,63
synth_48809,63
synth_48912,63
synth_48929,63
synth_49278,63
synth_48669,63
synth_48751,63
synth_48871,63
synth_48886,63
synth_49294,63
synth_48767,63
synth_48836,63
synth_48636,63
synth_48902,63
synth_48587,63
synth_48746,63
synth_48792,63
synth_48624,63
synth_48920,63
synth_49063,63
synth_48729,63
synth_48695,63
synth_48742,63
synth_48747,63
synth_49108,63
synth_49168,63
synth_49251,63
synth_48798,63
synth_49022,63
synth_48595,63
synth_48894,63
synth_49019,63
synth_48561,63
synth_48938,63
synth_48754,63
synth_49086,63
synth_49205,63
synth_49270,63
synth_48634,63
synth_48815,63
synth_48901,63
synth_48856,63
synth_48867,63
synth_48640,63
synth_48660,63
synth_48588,63
synth_48840,63
synth_48937,63
synth_49049,63
synth_48847,63
synth_49142,63
synth_49110,63
synth_49004,63
synth_48577,63
synth_48933,63
synth_49096,63
synth_49146,63
synth_48817,63
synth_49257,63
synth_48639,63
synth_48674,63
synth_49035,63
synth_49068,63
synth_48808,63
synth_48848,63
synth_49189,63
synth_48700,63
synth_49296,63
synth_48593,63
synth_48790,63
synth_49045,63
synth_49050,63
synth_49167,63
synth_49170,63
synth_48715,63
synth_48698,63
synth_48782,63
synth_48805,63
synth_48827,63
synth_48910,63
synth_48672,63
synth_48631,63
synth_48731,63
synth_48917,63
synth_48722,63
synth_48971,63
synth_49098,63
synth_49308,63
synth_48775,63
synth_48820,63
synth_49260,63
synth_48556,63
synth_48928,63
synth_48703,63
synth_49169,63
synth_48622,63
synth_48838,63
synth_49291,63
synth_48657,63
synth_48741,63
synth_49150,63
synth_49285,63
synth_48551,63
synth_48676,63
synth_48721,63
synth_48832,63
synth_48931,63
synth_48963,63
synth_49307,63
synth_49041,63
synth_49191,63
synth_48600,63
synth_48807,63
synth_48813,63
synth_48914,63
synth_49266,63
synth_48786,63
synth_48821,63
synth_48966,63
synth_49273,63
synth_49299,63
synth_49234,63
synth_48575,63
synth_48613,63
synth_49210,63
synth_48778,63
synth_49104,63
synth_49156,63
synth_48865,63
synth_48824,63
synth_48983,63
synth_48553,63
synth_49121,63
synth_49027,63
synth_48844,63
synth_49089,63
synth_49199,63
synth_49310,63
synth_49350,62
synth_49399,62
synth_49520,62
synth_49808,62
synth_49935,62
synth_49360,62
synth_49677,62
synth_49328,62
synth_49334,62
synth_49519,62
synth_49538,62
synth_49848,62
synth_49922,62
synth_49533,62
synth_49553,62
synth_49456,62
synth_49478,62
synth_49668,62
synth_49827,62
synth_49853,62
synth_49741,62
synth_49540,62
synth_49537,62
synth_49768,62
synth_49491,62
synth_49914,62
synth_49325,62
synth_49339,62
synth_49523,62
synth_49837,62
synth_49838,62
synth_49711,62
synth_49356,62
synth_49501,62
synth_49551,62
synth_49774,62
synth_49452,62
synth_49602,62
synth_49609,62
synth_49776,62
synth_49436,62
synth_49418,62
synth_49336,62
synth_49635,62
synth_49641,62
synth_49385,62
synth_49498,62
synth_49626,62
synth_49761,62
synth_49482,62
synth_49862,62
synth_49752,62
synth_49849,62
synth_49905,62
synth_49404,62
synth_49765,62
synth_49692,62
synth_49805,62
synth_49439,62
synth_49448,62
synth_49461,62
synth_49679,62
synth_49502,62
synth_49693,62
synth_49797,62
synth_49880,62
synth_49961,62
synth_49487,62
synth_49724,62
synth_49794,62
synth_49560,62
synth_49956,62
synth_49575,62
synth_49944,62
synth_49580,62
synth_49812,62
synth_49617,62
synth_49916,62
synth_49496,62
synth_49811,62
synth_49374,62
synth_49744,62
synth_49796,62
synth_49421,62
synth_49587,62
synth_49627,62
synth_49690,62
synth_49816,62
synth_49453,62
synth_49512,62
synth_49740,62
synth_49951,62
synth_49972,62
synth_49534,62
synth_49588,62
synth_49932,62
synth_49985,62
synth_49590,62
synth_49700,62
synth_49392,62
synth_49506,62
synth_49895,62
synth_49990,62
synth_49497,62
synth_49707,62
synth_49903,62
synth_49643,62
synth_49783,62
synth_49795,62
synth_49663,62
synth_49682,62
synth_49606,62
synth_49759,62
synth_49570,62
synth_49842,62
synth_49851,62
synth_49566,62
synth_49647,62
synth_49686,62
synth_49778,62
synth_49494,62
synth_49381,62
synth_49743,62
synth_49976,62
synth_49426,62
synth_49481,62
synth_49753,62
synth_49814,62
synth_49349,62
synth_49592,62
synth_49787,62
synth_49874,62
synth_49843,62
synth_49667,62
synth_49714,62
synth_49749,62
synth_49886,62
synth_49470,62
synth_49810,62
synth_49879,62
synth_49995,62
synth_49919,62
synth_49323,62
synth_49637,62
synth_49992,62
synth_49440,62
synth_49532,62
synth_49674,62
synth_49799,62
synth_49899,62
synth_49893,62
synth_49946,62
synth_49375,62
synth_49531,62
synth_49791,62
synth_49424,62
synth_49579,62
synth_49654,62
synth_49377,62
synth_49409,62
synth_49911,62
synth_49535,62
synth_49597,62
synth_49754,62
synth_49847,62
synth_49876,62
synth_49572,62
synth_49973,62
synth_49338,62
synth_49681,62
synth_49875,62
synth_49332,62
synth_49411,62
synth_49420,62
synth_49719,62
synth_49739,62
synth_49982,62
synth_49475,62
synth_49577,62
synth_49715,62
synth_49729,62
synth_49563,62
synth_49614,62
synth_49645,62
synth_49344,62
synth_49526,62
synth_49623,62
synth_49698,62
synth_49780,62
synth_49924,62
synth_49689,62
synth_49977,62
synth_49428,62
synth_49340,62
synth_49586,62
synth_49648,62
synth_49917,62
synth_49578,62
synth_49665,62
synth_49858,62
synth_49818,62
synth_49997,62
synth_49372,62
synth_49713,62
synth_49619,62
synth_49991,62
synth_49416,62
synth_49358,62
synth_49952,62
synth_49396,62
synth_49446,62
synth_49489,62
synth_49738,62
synth_49762,62
synth_49781,62
synth_49351,62
synth_49883,62
synth_49980,62
synth_49417,62
synth_49552,62
synth_49610,62
synth_49530,62
synth_49649,62
synth_49742,62
synth_49965,62
synth_49367,62
synth_49387,62
synth_49684,62
synth_49927,62
synth_49422,62
synth_49821,62
synth_49850,62
synth_49369,62
synth_49383,62
synth_49467,62
synth_49770,62
synth_49978,62
synth_49514,62
synth_49688,62
synth_49324,62
synth_49371,62
synth_49930,62
synth_49981,62
synth_49983,62
synth_49998,62
synth_49333,62
synth_49373,62
synth_49444,62
synth_49604,62
synth_49747,62
synth_49898,62
synth_49782,62
synth_49889,62
synth_49425,62
synth_49912,62
synth_49355,62
synth_49785,62
synth_49389,62
synth_49517,62
synth_49611,62
synth_49672,62
synth_49727,62
synth_49775,62
synth_49485,62
synth_49662,62
synth_49949,62
synth_49683,62
synth_49476,62
synth_49488,62
synth_49888,62
synth_49644,62
synth_49723,62
synth_49419,62
synth_49633,62
synth_49671,62
synth_49745,62
synth_49790,62
synth_49877,62
synth_49937,62
synth_49942,62
synth_49994,62
synth_49459,62
synth_49415,62
synth_49384,62
synth_49398,62
synth_49974,62
synth_49430,62
synth_49907,62
synth_49347,62
synth_49910,62
synth_49788,62
synth_49950,62
synth_49401,62
synth_49833,62
synth_49521,62
synth_49675,62
synth_49918,62
synth_49472,62
synth_49564,62
synth_49823,62
synth_49832,62
synth_49555,62
synth_49891,62
synth_49931,62
synth_49543,62
synth_49622,62
synth_49657,62
synth_49789,62
synth_49913,62
synth_49438,62
synth_49516,62
synth_49548,62
synth_49669,62
synth_49984,62
synth_49393,62
synth_49601,62
synth_49608,62
synth_49639,62
synth_49722,62
synth_49859,62
synth_49400,62
synth_49581,62
synth_49801,62
synth_49528,62
synth_49779,62
synth_49920,62
synth_49728,62
synth_49828,62
synth_49322,62
synth_49653,62
synth_49764,62
synth_49868,62
synth_49933,62
synth_49495,62
synth_49825,62
synth_49830,62
synth_49342,62
synth_49432,62
synth_49505,62
synth_49518,62
synth_49407,62
synth_49758,62
synth_49463,62
synth_49615,62
synth_49964,62
synth_49852,62
synth_49460,62
synth_49928,62
synth_49477,62
synth_49748,62
synth_49760,62
synth_49968,62
synth_49999,62
synth_49510,62
synth_49708,62
synth_49353,62
synth_49363,62
synth_49658,62
synth_49678,62
synth_49694,62
synth_49915,62
synth_49433,62
synth_49549,62
synth_49550,62
synth_49829,62
synth_49486,62
synth_49457,62
synth_49354,62
synth_49695,62
synth_49988,62
synth_49471,62
synth_49378,62
synth_49631,62
synth_49656,62
synth_49703,62
synth_49576,62
synth_49809,62
synth_49701,62
synth_49600,62
synth_49798,62
synth_49971,62
synth_49437,62
synth_49574,62
synth_49731,62
synth_49865,62
synth_49902,62
synth_49395,62
synth_49844,62
synth_49509,62
synth_49484,62
synth_49335,62
synth_49364,62
synth_49613,62
synth_50000,62
synth_49464,62
synth_49556,62
synth_49640,62
synth_49963,62
synth_49541,62
synth_49938,62
synth_49329,62
synth_49388,62
synth_49458,62
synth_49734,62
synth_49490,62
synth_49598,62
synth_49629,62
synth_49716,62
synth_49947,62
synth_49642,62
synth_49636,62
synth_49904,62
synth_49756,62
synth_49890,62
synth_49926,62
synth_49957,62
synth_49413,62
synth_49710,62
synth_49721,62
synth_49835,62
synth_49547,62
synth_49766,62
synth_49544,62
synth_49562,62
synth_49595,62
synth_49735,62
synth_49582,62
synth_49441,62
synth_49901,62
synth_49515,62
synth_49943,62
synth_49967,62
synth_49492,62
synth_49584,62
synth_49447,62
synth_49451,62
synth_49792,62
synth_49414,62
synth_49820,62
synth_49618,62
synth_49772,62
synth_49989,62
synth_49522,62
synth_49986,62
synth_49330,62
synth_49697,62
synth_49953,62
synth_49571,62
synth_49569,62
synth_49940,62
synth_49841,62
synth_49391,62
synth_49960,62
synth_49594,62
synth_49869,62
synth_49493,62
synth_49815,62
synth_49612,62
synth_49632,62
synth_49585,62
synth_49346,62
synth_49857,62
synth_49896,62
synth_49365,62
synth_49670,62
synth_49702,62
synth_49366,62
synth_49561,62
synth_49652,62
synth_49746,62
synth_49878,62
synth_49945,62
synth_49921,62
synth_49469,62
synth_49646,62
synth_49717,62
synth_49817,62
synth_49661,62
synth_49720,62
synth_49855,62
synth_49979,62
synth_49824,62
synth_49545,62
synth_49473,62
synth_49431,62
synth_49696,62
synth_49934,62
synth_49362,62
synth_49730,62
synth_49954,62
synth_49664,62
synth_49958,62
synth_49480,62
synth_49500,62
synth_49687,62
synth_49767,62
synth_49894,62
synth_49908,62
synth_49341,62
synth_49565,62
synth_49568,62
synth_49651,62
synth_49845,62
synth_49380,62
synth_49536,62
synth_49755,62
synth_49993,62
synth_49673,62
synth_49706,62
synth_49361,62
synth_49394,62
synth_49834,62
synth_49966,62
synth_49406,62
synth_49352,62
synth_49546,62
synth_49630,62
synth_49655,62
synth_49806,62
synth_49807,62
synth_49884,62
synth_49863,62
synth_49573,62
synth_49882,62
synth_49589,62
synth_49839,62
synth_49525,62
synth_49718,62
synth_49726,62
synth_49777,62
synth_49793,62
synth_49969,62
synth_49900,62
synth_49539,62
synth_49769,62
synth_49885,62
synth_49542,62
synth_49737,62
synth_49897,62
synth_49386,62
synth_49455,62
synth_49763,62
synth_49939,62
synth_49443,62
synth_49599,62
synth_49442,62
synth_49479,62
synth_49929,62
synth_49583,62
synth_49331,62
synth_49465,62
synth_49511,62
synth_49819,62
synth_49872,62
synth_49873,62
synth_49925,62
synth_49704,62
synth_49397,62
synth_49554,62
synth_49736,62
synth_49870,62
synth_49412,62
synth_49712,62
synth_49800,62
synth_49345,62
synth_49975,62
synth_49449,62
synth_49513,62
synth_49529,62
synth_49628,62
synth_49725,62
synth_49909,62
synth_49813,62
synth_49559,62
synth_49625,62
synth_49408,62
synth_49474,62
synth_49527,62
synth_49638,62
synth_49856,62
synth_49709,62
synth_49733,62
synth_49784,62
synth_49450,62
synth_49462,62
synth_49634,62
synth_49846,62
synth_49435,62
synth_49786,62
synth_49923,62
synth_49804,62
synth_49376,62
synth_49603,62
synth_49605,62
synth_49705,62
synth_49379,62
synth_49557,62
synth_49887,62
synth_49507,62
synth_49750,62
synth_49468,62
synth_49948,62
synth_49970,62
synth_49591,62
synth_49854,62
synth_49405,62
synth_49959,62
synth_49337,62
synth_49620,62
synth_49822,62
synth_49840,62
synth_49861,62
synth_49370,62
synth_49504,62
synth_49596,62
synth_49864,62
synth_49871,62
synth_49881,62
synth_49327,62
synth_49593,62
synth_49427,62
synth_49860,62
synth_49524,62
synth_49607,62
synth_49836,62
synth_49831,62
synth_49454,62
synth_49616,62
synth_49751,62
synth_49867,62
synth_49402,62
synth_49326,62
synth_49357,62
synth_49499,62
synth_49660,62
synth_49906,62
synth_49803,62
synth_49508,62
synth_49483,62
synth_49359,62
synth_49624,62
synth_49666,62
synth_49892,62
synth_49429,62
synth_49382,62
synth_49732,62
synth_49802,62
synth_49390,62
synth_49445,62
synth_49558,62
synth_49941,62
synth_49996,62
synth_49348,62
synth_49621,62
synth_49676,62
synth_49691,62
synth_49567,62
synth_49757,62
synth_49771,62
synth_49962,62
synth_49423,62
synth_49503,62
synth_49659,62
synth_49826,62
synth_49434,62
synth_49343,62
synth_49680,62
synth_49685,62
synth_49773,62
synth_49866,62
synth_49403,62
synth_49410,62
synth_49650,62
synth_49699,62
synth_49936,62
synth_49987,62
synth_49368,62
synth_49466,62
synth_49955,62
