key,total_views
synth_1,593089
synth_2,340640
synth_3,246276
synth_4,195646
synth_5,163660
synth_6,141449
synth_7,125038
synth_8,112369
synth_9,102265
synth_10,93998
synth_11,87097
synth_12,81241
synth_13,76202
synth_14,71815
synth_15,67959
synth_16,64539
synth_17,61484
synth_18,58736
synth_19,56249
synth_20,53988
synth_21,51921
synth_22,50024
synth_23,48277
synth_24,46661
synth_25,45161
synth_26,43766
synth_27,42465
synth_28,41247
synth_29,40105
synth_30,39032
synth_31,38022
synth_32,37068
synth_33,36167
synth_34,35313
synth_35,34504
synth_36,33735
synth_37,33003
synth_38,32307
synth_39,31642
synth_40,31008
synth_41,30401
synth_42,29821
synth_43,29265
synth_44,28731
synth_45,28220
synth_46,27728
synth_47,27255
synth_48,26800
synth_49,26361
synth_50,25938
synth_51,25531
synth_52,25137
synth_53,24757
synth_54,24390
synth_55,24034
synth_56,23690
synth_57,23357
synth_58,23034
synth_59,22722
synth_60,22418
synth_61,22124
synth_62,21838
synth_63,21560
synth_64,21290
synth_65,21028
synth_66,20772
synth_67,20524
synth_68,20282
synth_69,20047
synth_70,19817
synth_71,19594
synth_72,19376
synth_73,19163
synth_74,18955
synth_75,18753
synth_76,18555
synth_77,18362
synth_78,18174
synth_79,17989
synth_80,17809
synth_81,17633
synth_82,17461
synth_83,17292
synth_84,17128
synth_85,16966
synth_86,16808
synth_87,16653
synth_88,16502
synth_89,16353
synth_90,16208
synth_91,16065
synth_92,15925
synth_93,15788
synth_94,15654
synth_95,15522
synth_96,15392
synth_97,15265
synth_98,15140
synth_99,15018
synth_100,14898
synth_101,14780
synth_102,14664
synth_103,14550
synth_104,14438
synth_105,14327
synth_106,14219
synth_107,14113
synth_108,14008
synth_109,13905
synth_110,13804
synth_111,13704
synth_112,13606
synth_113,13510
synth_114,13415
synth_115,13322
synth_116,13230
synth_117,13139
synth_118,13050
synth_119,12962
synth_120,12876
synth_121,12791
synth_122,12707
synth_123,12624
synth_124,12542
synth_125,12462
synth_126,12383
synth_127,12305
synth_128,12228
synth_129,12152
synth_130,12077
synth_131,12003
synth_132,11931
synth_133,11859
synth_134,11788
synth_135,11718
synth_136,11649
synth_137,11581
synth_138,11514
synth_139,11447
synth_140,11382
synth_141,11317
synth_142,11254
synth_143,11191
synth_144,11128
synth_145,11067
synth_146,11006
synth_147,10946
synth_148,10887
synth_149,10829
synth_150,10771
synth_151,10714
synth_152,10657
synth_153,10601
synth_154,10546
synth_155,10492
synth_156,10438
synth_157,10385
synth_158,10332
synth_159,10280
synth_160,10229
synth_161,10178
synth_162,10128
synth_163,10078
synth_164,10029
synth_165,9980
synth_166,9932
synth_167,9884
synth_168,9837
synth_169,9791
synth_170,9745
synth_171,9699
synth_172,9654
synth_173,9609
synth_174,9565
synth_175,9521
synth_176,9478
synth_177,9435
synth_178,9393
synth_179,9351
synth_180,9309
synth_181,9268
synth_182,9227
synth_183,9187
synth_184,9147
synth_185,9107
synth_186,9068
synth_187,9029
synth_188,8991
synth_189,8953
synth_190,8915
synth_191,8878
synth_192,8841
synth_193,8804
synth_194,8768
synth_195,8732
synth_196,8696
synth_197,8661
synth_198,8626
synth_199,8591
synth_200,8556
synth_201,8522
synth_202,8489
synth_203,8455
synth_204,8422
synth_205,8389
synth_206,8357
synth_207,8324
synth_208,8292
synth_209,8260
synth_210,8229
synth_211,8198
synth_212,8167
synth_213,8136
synth_214,8106
synth_215,8075
synth_216,8046
synth_217,8016
synth_218,7986
synth_219,7957
synth_220,7928
synth_221,7900
synth_222,7871
synth_223,7843
synth_224,7815
synth_225,7787
synth_226,7759
synth_227,7732
synth_228,7705
synth_229,7678
synth_230,7651
synth_231,7625
synth_232,7599
synth_233,7572
synth_234,7547
synth_235,7521
synth_236,7495
synth_237,7470
synth_238,7445
synth_239,7420
synth_240,7395
synth_241,7371
synth_242,7346
synth_243,7322
synth_244,7298
synth_245,7274
synth_246,7251
synth_247,7227
synth_248,7204
synth_249,7181
synth_250,7158
synth_251,7135
synth_252,7112
synth_253,7090
synth_254,7067
synth_255,7045
synth_256,7023
synth_257,7001
synth_258,6979
synth_259,6958
synth_260,6937
synth_261,6915
synth_262,6894
synth_263,6873
synth_264,6852
synth_265,6832
synth_266,6811
synth_267,6791
synth_268,6770
synth_269,6750
synth_270,6730
synth_271,6710
synth_272,6691
synth_273,6671
synth_274,6651
synth_275,6632
synth_276,6613
synth_277,6594
synth_278,6575
synth_279,6556
synth_280,6537
synth_281,6519
synth_282,6500
synth_283,6482
synth_284,6463
synth_285,6445
synth_286,6427
synth_287,6409
synth_288,6392
synth_289,6374
synth_290,6356
synth_291,6339
synth_292,6321
synth_293,6304
synth_294,6287
synth_295,6270
synth_296,6253
synth_297,6236
synth_298,6219
synth_299,6203
synth_300,6186
synth_301,6170
synth_302,6153
synth_303,6137
synth_304,6121
synth_305,6105
synth_306,6089
synth_307,6073
synth_308,6057
synth_309,6042
synth_310,6026
synth_311,6011
synth_312,5995
synth_313,5980
synth_314,5965
synth_315,5949
synth_316,5934
synth_317,5919
synth_318,5904
synth_319,5890
synth_320,5875
synth_321,5860
synth_322,5846
synth_323,5831
synth_324,5817
synth_325,5802
synth_326,5788
synth_327,5774
synth_328,5760
synth_329,5746
synth_330,5732
synth_331,5718
synth_332,5704
synth_333,5691
synth_334,5677
synth_335,5663
synth_336,5650
synth_337,5637
synth_338,5623
synth_339,5610
synth_340,5597
synth_341,5584
synth_342,5571
synth_343,5558
synth_344,5545
synth_345,5532
synth_346,5519
synth_347,5506
synth_348,5494
synth_349,5481
synth_350,5468
synth_351,5456
synth_352,5444
synth_353,5431
synth_354,5419
synth_355,5407
synth_356,5395
synth_357,5383
synth_358,5370
synth_359,5359
synth_360,5347
synth_361,5335
synth_362,5323
synth_363,5311
synth_364,5300
synth_365,5288
synth_366,5276
synth_367,5265
synth_368,5253
synth_369,5242
synth_370,5231
synth_371,5219
synth_372,5208
synth_373,5197
synth_374,5186
synth_375,5175
synth_376,5164
synth_377,5153
synth_378,5142
synth_379,5131
synth_380,5120
synth_381,5110
synth_382,5099
synth_383,5088
synth_384,5078
synth_385,5067
synth_386,5056
synth_387,5046
synth_388,5036
synth_389,5025
synth_390,5015
synth_391,5005
synth_392,4994
synth_393,4984
synth_394,4974
synth_395,4964
synth_396,4954
synth_397,4944
synth_398,4934
synth_399,4924
synth_400,4914
synth_401,4905
synth_402,4895
synth_403,4885
synth_404,4875
synth_405,4866
synth_406,4856
synth_407,4847
synth_408,4837
synth_409,4828
synth_410,4818
synth_411,4809
synth_412,4800
synth_413,4790
synth_414,4781
synth_415,4772
synth_416,4763
synth_417,4753
synth_418,4744
synth_419,4735
synth_420,4726
synth_421,4717
synth_422,4708
synth_423,4699
synth_424,4691
synth_425,4682
synth_426,4673
synth_427,4664
synth_428,4655
synth_429,4647
synth_430,4638
synth_431,4630
synth_432,4621
synth_433,4612
synth_434,4604
synth_435,4595
synth_436,4587
synth_437,4579
synth_438,4570
synth_439,4562
synth_440,4554
synth_441,4545
synth_442,4537
synth_443,4529
synth_444,4521
synth_445,4513
synth_446,4505
synth_447,4496
synth_448,4488
synth_449,4480
synth_450,4472
synth_451,4465
synth_452,4457
synth_453,4449
synth_454,4441
synth_455,4433
synth_456,4425
synth_457,4418
synth_458,4410
synth_459,4402
synth_460,4395
synth_461,4387
synth_462,4379
synth_463,4372
synth_464,4364
synth_465,4357
synth_466,4349
synth_467,4342
synth_468,4334
synth_469,4327
synth_470,4320
synth_471,4312
synth_472,4305
synth_473,4298
synth_474,4290
synth_475,4283
synth_476,4276
synth_477,4269
synth_478,4262
synth_479,4255
synth_480,4247
synth_481,4240
synth_482,4233
synth_483,4226
synth_484,4219
synth_485,4212
synth_486,4205
synth_487,4199
synth_488,4192
synth_489,4185
synth_490,4178
synth_491,4171
synth_492,4164
synth_493,4158
synth_494,4151
synth_495,4144
synth_496,4137
synth_497,4131
synth_498,4124
synth_499,4118
synth_500,4111
synth_501,4104
synth_502,4098
synth_503,4091
synth_504,4085
synth_505,4078
synth_506,4072
synth_507,4065
synth_508,4059
synth_509,4053
synth_510,4046
synth_511,4040
synth_512,4034
synth_513,4027
synth_514,4021
synth_515,4015
synth_516,4009
synth_517,4002
synth_518,3996
synth_519,3990
synth_520,3984
synth_521,3978
synth_522,3972
synth_523,3966
synth_524,3960
synth_525,3954
synth_526,3948
synth_527,3942
synth_528,3936
synth_529,3930
synth_530,3924
synth_531,3918
synth_532,3912
synth_533,3906
synth_534,3900
synth_535,3894
synth_536,3889
synth_537,3883
synth_538,3877
synth_539,3871
synth_540,3865
synth_541,3860
synth_542,3854
synth_543,3848
synth_544,3843
synth_545,3837
synth_546,3831
synth_547,3826
synth_548,3820
synth_549,3815
synth_550,3809
synth_551,3804
synth_552,3798
synth_553,3793
synth_554,3787
synth_555,3782
synth_556,3776
synth_557,3771
synth_558,3765
synth_559,3760
synth_560,3755
synth_561,3749
synth_562,3744
synth_563,3739
synth_564,3733
synth_565,3728
synth_566,3723
synth_567,3718
synth_568,3712
synth_569,3707
synth_570,3702
synth_571,3697
synth_572,3691
synth_573,3686
synth_574,3681
synth_575,3676
synth_576,3671
synth_577,3666
synth_578,3661
synth_579,3656
synth_580,3651
synth_581,3646
synth_582,3641
synth_583,3636
synth_584,3631
synth_585,3626
synth_586,3621
synth_587,3616
synth_588,3611
synth_589,3606
synth_590,3601
synth_591,3596
synth_592,3591
synth_593,3587
synth_594,3582
synth_595,3577
synth_596,3572
synth_597,3567
synth_598,3563
synth_599,3558
synth_600,3553
synth_601,3548
synth_602,3544
synth_603,3539
synth_604,3534
synth_605,3530
synth_606,3525
synth_607,3520
synth_608,3516
synth_609,3511
synth_610,3506
synth_611,3502
synth_612,3497
synth_613,3493
synth_614,3488
synth_615,3484
synth_616,3479
synth_617,3474
synth_618,3470
synth_619,3466
synth_620,3461
synth_621,3457
synth_622,3452
synth_623,3448
synth_624,3443
synth_625,3439
synth_626,3434
synth_627,3430
synth_628,3426
synth_629,3421
synth_630,3417
synth_631,3413
synth_632,3408
synth_633,3404
synth_634,3400
synth_635,3395
synth_636,3391
synth_637,3387
synth_638,3383
synth_639,3378
synth_640,3374
synth_641,3370
synth_642,3366
synth_643,3362
synth_644,3357
synth_645,3353
synth_646,3349
synth_647,3345
synth_648,3341
synth_649,3337
synth_650,3333
synth_651,3329
synth_652,3324
synth_653,3320
synth_654,3316
synth_655,3312
synth_656,3308
synth_657,3304
synth_658,3300
synth_659,3296
synth_660,3292
synth_661,3288
synth_662,3284
synth_663,3280
synth_664,3276
synth_665,3272
synth_666,3268
synth_667,3265
synth_668,3261
synth_669,3257
synth_670,3253
synth_671,3249
synth_672,3245
synth_673,3241
synth_674,3237
synth_675,3234
synth_676,3230
synth_677,3226
synth_678,3222
synth_679,3218
synth_680,3214
synth_681,3211
synth_682,3207
synth_683,3203
synth_684,3199
synth_685,3196
synth_686,3192
synth_687,3188
synth_688,3185
synth_689,3181
synth_690,3177
synth_691,3173
synth_692,3170
synth_693,3166
synth_694,3163
synth_695,3159
synth_696,3155
synth_697,3152
synth_698,3148
synth_699,3144
synth_700,3141
synth_701,3137
synth_702,3134
synth_703,3130
synth_704,3127
synth_705,3123
synth_706,3119
synth_707,3116
synth_708,3112
synth_709,3109
synth_710,3105
synth_711,3102
synth_712,3098
synth_713,3095
synth_714,3091
synth_715,3088
synth_716,3085
synth_717,3081
synth_718,3078
synth_719,3074
synth_720,3071
synth_721,3067
synth_722,3064
synth_723,3061
synth_724,3057
synth_725,3054
synth_726,3050
synth_727,3047
synth_728,3044
synth_729,3040
synth_730,3037
synth_731,3034
synth_732,3030
synth_733,3027
synth_734,3024
synth_735,3021
synth_736,3017
synth_737,3014
synth_738,3011
synth_739,3007
synth_740,3004
synth_741,3001
synth_742,2998
synth_743,2995
synth_744,2991
synth_745,2988
synth_746,2985
synth_747,2982
synth_748,2979
synth_749,2975
synth_750,2972
synth_751,2969
synth_752,2966
synth_753,2963
synth_754,2960
synth_755,2956
synth_756,2953
synth_757,2950
synth_758,2947
synth_759,2944
synth_760,2941
synth_761,2938
synth_762,2935
synth_763,2932
synth_764,2928
synth_765,2925
synth_766,2922
synth_767,2919
synth_768,2916
synth_769,2913
synth_770,2910
synth_771,2907
synth_772,2904
synth_773,2901
synth_774,2898
synth_775,2895
synth_776,2892
synth_777,2889
synth_778,2886
synth_779,2883
synth_780,2880
synth_781,2877
synth_782,2874
synth_783,2872
synth_784,2869
synth_785,2866
synth_786,2863
synth_787,2860
synth_788,2857
synth_789,2854
synth_790,2851
synth_791,2848
synth_792,2845
synth_793,2843
synth_794,2840
synth_795,2837
synth_796,2834
synth_797,2831
synth_798,2828
synth_799,2825
synth_800,2823
synth_801,2820
synth_802,2817
synth_803,2814
synth_804,2811
synth_805,2809
synth_806,2806
synth_807,2803
synth_808,2800
synth_809,2797
synth_810,2795
synth_811,2792
synth_812,2789
synth_813,2786
synth_814,2784
synth_815,2781
synth_816,2778
synth_817,2776
synth_818,2773
synth_819,2770
synth_820,2767
synth_821,2765
synth_822,2762
synth_823,2759
synth_824,2757
synth_825,2754
synth_826,2751
synth_827,2749
synth_828,2746
synth_829,2743
synth_830,2741
synth_831,2738
synth_832,2735
synth_833,2733
synth_834,2730
synth_835,2728
synth_836,2725
synth_837,2722
synth_838,2720
synth_839,2717
synth_840,2715
synth_841,2712
synth_842,2709
synth_843,2707
synth_844,2704
synth_845,2702
synth_846,2699
synth_847,2697
synth_848,2694
synth_849,2691
synth_850,2689
synth_851,2686
synth_852,2684
synth_853,2681
synth_854,2679
synth_855,2676
synth_856,2674
synth_857,2671
synth_858,2669
synth_859,2666
synth_860,2664
synth_861,2661
synth_862,2659
synth_863,2657
synth_864,2654
synth_865,2652
synth_866,2649
synth_867,2647
synth_868,2644
synth_869,2642
synth_870,2639
synth_871,2637
synth_872,2635
synth_873,2632
synth_874,2630
synth_875,2627
synth_876,2625
synth_877,2623
synth_878,2620
synth_879,2618
synth_880,2615
synth_881,2613
synth_882,2611
synth_883,2608
synth_884,2606
synth_885,2604
synth_886,2601
synth_887,2599
synth_888,2597
synth_889,2594
synth_890,2592
synth_891,2590
synth_892,2587
synth_893,2585
synth_894,2583
synth_895,2580
synth_896,2578
synth_897,2576
synth_898,2573
synth_899,2571
synth_900,2569
synth_901,2566
synth_902,2564
synth_903,2562
synth_904,2560
synth_905,2557
synth_906,2555
synth_907,2553
synth_908,2551
synth_909,2548
synth_910,2546
synth_911,2544
synth_912,2542
synth_913,2539
synth_914,2537
synth_915,2535
synth_916,2533
synth_917,2531
synth_918,2528
synth_919,2526
synth_920,2524
synth_921,2522
synth_922,2520
synth_923,2517
synth_924,2515
synth_925,2513
synth_926,2511
synth_927,2509
synth_928,2507
synth_929,2504
synth_930,2502
synth_931,2500
synth_932,2498
synth_933,2496
synth_934,2494
synth_935,2492
synth_936,2489
synth_937,2487
synth_938,2485
synth_939,2483
synth_940,2481
synth_941,2479
synth_942,2477
synth_943,2475
synth_944,2473
synth_945,2470
synth_946,2468
synth_947,2466
synth_948,2464
synth_949,2462
synth_950,2460
synth_951,2458
synth_952,2456
synth_953,2454
synth_954,2452
synth_955,2450
synth_956,2448
synth_957,2446
synth_958,2444
synth_959,2442
synth_960,2440
synth_961,2437
synth_962,2435
synth_963,2433
synth_964,2431
synth_965,2429
synth_966,2427
synth_967,2425
synth_968,2423
synth_969,2421
synth_970,2419
synth_971,2417
synth_972,2415
synth_973,2413
synth_974,2411
synth_975,2409
synth_976,2407
synth_977,2405
synth_978,2404
synth_979,2402
synth_980,2400
synth_981,2398
synth_982,2396
synth_983,2394
synth_984,2392
synth_985,2390
synth_986,2388
synth_987,2386
synth_988,2384
synth_989,2382
synth_990,2380
synth_991,2378
synth_992,2376
synth_993,2374
synth_994,2373
synth_995,2371
synth_996,2369
synth_997,2367
synth_998,2365
synth_999,2363
synth_1000,2361
synth_1001,2359
synth_1002,2357
synth_1003,2355
synth_1004,2354
synth_1005,2352
synth_1006,2350
synth_1007,2348
synth_1008,2346
synth_1009,2344
synth_1010,2342
synth_1011,2341
synth_1012,2339
synth_1013,2337
synth_1014,2335
synth_1015,2333
synth_1016,2331
synth_1017,2330
synth_1018,2328
synth_1019,2326
synth_1020,2324
synth_1021,2322
synth_1022,2320
synth_1023,2319
synth_1024,2317
synth_1025,2315
synth_1026,2313
synth_1027,2311
synth_1028,2310
synth_1029,2308
synth_1030,2306
synth_1031,2304
synth_1032,2302
synth_1033,2301
synth_1034,2299
synth_1035,2297
synth_1036,2295
synth_1037,2293
synth_1038,2292
synth_1039,2290
synth_1040,2288
synth_1041,2286
synth_1042,2285
synth_1043,2283
synth_1044,2281
synth_1045,2279
synth_1046,2278
synth_1047,2276
synth_1048,2274
synth_1049,2272
synth_1050,2271
synth_1051,2269
synth_1052,2267
synth_1053,2266
synth_1054,2264
synth_1055,2262
synth_1056,2260
synth_1057,2259
synth_1058,2257
synth_1059,2255
synth_1060,2254
synth_1061,2252
synth_1062,2250
synth_1063,2249
synth_1064,2247
synth_1065,2245
synth_1066,2243
synth_1067,2242
synth_1068,2240
synth_1069,2238
synth_1070,2237
synth_1071,2235
synth_1072,2233
synth_1073,2232
synth_1074,2230
synth_1075,2228
synth_1076,2227
synth_1077,2225
synth_1078,2223
synth_1079,2222
synth_1080,2220
synth_1081,2218
synth_1082,2217
synth_1083,2215
synth_1084,2214
synth_1085,2212
synth_1086,2210
synth_1087,2209
synth_1088,2207
synth_1089,2205
synth_1090,2204
synth_1091,2202
synth_1092,2201
synth_1093,2199
synth_1094,2197
synth_1095,2196
synth_1096,2194
synth_1097,2193
synth_1098,2191
synth_1099,2189
synth_1100,2188
synth_1101,2186
synth_1102,2185
synth_1103,2183
synth_1104,2181
synth_1105,2180
synth_1106,2178
synth_1107,2177
synth_1108,2175
synth_1109,2174
synth_1110,2172
synth_1111,2170
synth_1112,2169
synth_1113,2167
synth_1114,2166
synth_1115,2164
synth_1116,2163
synth_1117,2161
synth_1118,2160
synth_1119,2158
synth_1120,2156
synth_1121,2155
synth_1122,2153
synth_1123,2152
synth_1124,2150
synth_1125,2149
synth_1126,2147
synth_1127,2146
synth_1128,2144
synth_1129,2143
synth_1130,2141
synth_1131,2140
synth_1132,2138
synth_1133,2137
synth_1134,2135
synth_1135,2134
synth_1136,2132
synth_1137,2131
synth_1138,2129
synth_1139,2128
synth_1140,2126
synth_1141,2125
synth_1142,2123
synth_1143,2122
synth_1144,2120
synth_1145,2119
synth_1146,2117
synth_1147,2116
synth_1148,2114
synth_1149,2113
synth_1150,2111
synth_1151,2110
synth_1152,2108
synth_1153,2107
synth_1154,2105
synth_1155,2104
synth_1156,2103
synth_1157,2101
synth_1158,2100
synth_1159,2098
synth_1160,2097
synth_1161,2095
synth_1162,2094
synth_1163,2092
synth_1164,2091
synth_1165,2090
synth_1166,2088
synth_1167,2087
synth_1168,2085
synth_1169,2084
synth_1170,2082
synth_1171,2081
synth_1172,2080
synth_1173,2078
synth_1174,2077
synth_1175,2075
synth_1176,2074
synth_1177,2073
synth_1178,2071
synth_1179,2070
synth_1180,2068
synth_1181,2067
synth_1182,2066
synth_1183,2064
synth_1184,2063
synth_1185,2061
synth_1186,2060
synth_1187,2059
synth_1188,2057
synth_1189,2056
synth_1190,2054
synth_1191,2053
synth_1192,2052
synth_1193,2050
synth_1194,2049
synth_1195,2048
synth_1196,2046
synth_1197,2045
synth_1198,2043
synth_1199,2042
synth_1200,2041
synth_1201,2039
synth_1202,2038
synth_1203,2037
synth_1204,2035
synth_1205,2034
synth_1206,2033
synth_1207,2031
synth_1208,2030
synth_1209,2029
synth_1210,2027
synth_1211,2026
synth_1212,2024
synth_1213,2023
synth_1214,2022
synth_1215,2020
synth_1216,2019
synth_1217,2018
synth_1218,2017
synth_1219,2015
synth_1220,2014
synth_1221,2013
synth_1222,2011
synth_1223,2010
synth_1224,2009
synth_1225,2007
synth_1226,2006
synth_1227,2005
synth_1228,2003
synth_1229,2002
synth_1230,2001
synth_1231,1999
synth_1232,1998
synth_1233,1997
synth_1234,1996
synth_1235,1994
synth_1236,1993
synth_1237,1992
synth_1238,1990
synth_1239,1989
synth_1240,1988
synth_1241,1987
synth_1242,1985
synth_1243,1984
synth_1244,1983
synth_1245,1981
synth_1246,1980
synth_1247,1979
synth_1248,1978
synth_1249,1976
synth_1250,1975
synth_1251,1974
synth_1252,1973
synth_1253,1971
synth_1254,1970
synth_1255,1969
synth_1256,1968
synth_1257,1966
synth_1258,1965
synth_1259,1964
synth_1260,1963
synth_1261,1961
synth_1262,1960
synth_1263,1959
synth_1264,1958
synth_1265,1956
synth_1266,1955
synth_1267,1954
synth_1268,1953
synth_1269,1951
synth_1270,1950
synth_1271,1949
synth_1272,1948
synth_1273,1947
synth_1274,1945
synth_1275,1944
synth_1276,1943
synth_1277,1942
synth_1278,1940
synth_1279,1939
synth_1280,1938
synth_1281,1937
synth_1282,1936
synth_1283,1934
synth_1284,1933
synth_1285,1932
synth_1286,1931
synth_1287,1930
synth_1288,1928
synth_1289,1927
synth_1290,1926
synth_1291,1925
synth_1292,1924
synth_1293,1922
synth_1294,1921
synth_1295,1920
synth_1296,1919
synth_1297,1918
synth_1298,1916
synth_1299,1915
synth_1300,1914
synth_1301,1913
synth_1302,1912
synth_1303,1911
synth_1304,1909
synth_1305,1908
synth_1306,1907
synth_1307,1906
synth_1308,1905
synth_1309,1904
synth_1310,1902
synth_1311,1901
synth_1312,1900
synth_1313,1899
synth_1314,1898
synth_1315,1897
synth_1316,1895
synth_1317,1894
synth_1318,1893
synth_1319,1892
synth_1320,1891
synth_1321,1890
synth_1322,1889
synth_1323,1887
synth_1324,1886
synth_1325,1885
synth_1326,1884
synth_1327,1883
synth_1328,1882
synth_1329,1881
synth_1330,1879
synth_1331,1878
synth_1332,1877
synth_1333,1876
synth_1334,1875
synth_1335,1874
synth_1336,1873
synth_1337,1872
synth_1338,1870
synth_1339,1869
synth_1340,1868
synth_1341,1867
synth_1342,1866
synth_1343,1865
synth_1344,1864
synth_1345,1863
synth_1346,1862
synth_1347,1860
synth_1348,1859
synth_1349,1858
synth_1350,1857
synth_1351,1856
synth_1352,1855
synth_1353,1854
synth_1354,1853
synth_1355,1852
synth_1356,1851
synth_1357,1850
synth_1358,1848
synth_1359,1847
synth_1360,1846
synth_1361,1845
synth_1362,1844
synth_1363,1843
synth_1364,1842
synth_1365,1841
synth_1366,1840
synth_1367,1839
synth_1368,1838
synth_1369,1837
synth_1370,1835
synth_1371,1834
synth_1372,1833
synth_1373,1832
synth_1374,1831
synth_1375,1830
synth_1376,1829
synth_1377,1828
synth_1378,1827
synth_1379,1826
synth_1380,1825
synth_1381,1824
synth_1382,1823
synth_1383,1822
synth_1384,1821
synth_1385,1820
synth_1386,1818
synth_1387,1817
synth_1388,1816
synth_1389,1815
synth_1390,1814
synth_1391,1813
synth_1392,1812
synth_1393,1811
synth_1394,1810
synth_1395,1809
synth_1396,1808
synth_1397,1807
synth_1398,1806
synth_1399,1805
synth_1400,1804
synth_1401,1803
synth_1402,1802
synth_1403,1801
synth_1404,1800
synth_1405,1799
synth_1406,1798
synth_1407,1797
synth_1408,1796
synth_1409,1795
synth_1410,1794
synth_1411,1793
synth_1412,1792
synth_1413,1791
synth_1414,1790
synth_1415,1789
synth_1416,1788
synth_1417,1787
synth_1418,1786
synth_1419,1785
synth_1420,1784
synth_1421,1783
synth_1422,1782
synth_1423,1781
synth_1424,1780
synth_1425,1779
synth_1426,1778
synth_1427,1777
synth_1428,1776
synth_1429,1775
synth_1430,1774
synth_1431,1773
synth_1432,1772
synth_1433,1771
synth_1434,1770
synth_1435,1769
synth_1436,1768
synth_1437,1767
synth_1438,1766
synth_1439,1765
synth_1440,1764
synth_1441,1763
synth_1442,1762
synth_1443,1761
synth_1444,1760
synth_1445,1759
synth_1446,1758
synth_1447,1757
synth_1448,1756
synth_1449,1755
synth_1450,1754
synth_1451,1753
synth_1452,1752
synth_1453,1751
synth_1454,1750
synth_1455,1749
synth_1456,1748
synth_1457,1747
synth_1458,1746
synth_1459,1745
synth_1460,1744
synth_1461,1743
synth_1463,1742
synth_1462,1742
synth_1464,1741
synth_1465,1740
synth_1466,1739
synth_1467,1738
synth_1468,1737
synth_1469,1736
synth_1470,1735
synth_1471,1734
synth_1472,1733
synth_1473,1732
synth_1474,1731
synth_1475,1730
synth_1476,1729
synth_1477,1728
synth_1478,1727
synth_1479,1726
synth_1481,1725
synth_1480,1725
synth_1482,1724
synth_1483,1723
synth_1484,1722
synth_1485,1721
synth_1486,1720
synth_1487,1719
synth_1488,1718
synth_1489,1717
synth_1490,1716
synth_1491,1715
synth_1492,1714
synth_1494,1713
synth_1493,1713
synth_1495,1712
synth_1496,1711
synth_1497,1710
synth_1498,1709
synth_1499,1708
synth_1500,1707
synth_1501,1706
synth_1502,1705
synth_1503,1704
synth_1504,1703
synth_1505,1703
synth_1506,1702
synth_1507,1701
synth_1508,1700
synth_1509,1699
synth_1510,1698
synth_1511,1697
synth_1512,1696
synth_1513,1695
synth_1515,1694
synth_1514,1694
synth_1516,1693
synth_1517,1692
synth_1518,1691
synth_1519,1690
synth_1520,1689
synth_1521,1688
synth_1522,1687
synth_1524,1686
synth_1523,1686
synth_1525,1685
synth_1526,1684
synth_1527,1683
synth_1528,1682
synth_1529,1681
synth_1530,1680
synth_1531,1679
synth_1532,1678
synth_1533,1678
synth_1534,1677
synth_1535,1676
synth_1536,1675
synth_1537,1674
synth_1538,1673
synth_1539,1672
synth_1541,1671
synth_1540,1671
synth_1542,1670
synth_1543,1669
synth_1544,1668
synth_1545,1667
synth_1546,1666
synth_1548,1665
synth_1547,1665
synth_1549,1664
synth_1550,1663
synth_1551,1662
synth_1552,1661
synth_1553,1660
synth_1554,1659
synth_1555,1659
synth_1556,1658
synth_1557,1657
synth_1558,1656
synth_1559,1655
synth_1560,1654
synth_1561,1653
synth_1562,1653
synth_1563,1652
synth_1564,1651
synth_1565,1650
synth_1566,1649
synth_1567,1648
synth_1568,1648
synth_1569,1647
synth_1570,1646
synth_1571,1645
synth_1572,1644
synth_1573,1643
synth_1574,1643
synth_1575,1642
synth_1576,1641
synth_1577,1640
synth_1578,1639
synth_1579,1638
synth_1580,1638
synth_1581,1637
synth_1582,1636
synth_1583,1635
synth_1584,1634
synth_1586,1633
synth_1585,1633
synth_1587,1632
synth_1588,1631
synth_1589,1630
synth_1590,1629
synth_1591,1628
synth_1592,1628
synth_1593,1627
synth_1594,1626
synth_1595,1625
synth_1596,1624
synth_1597,1624
synth_1598,1623
synth_1599,1622
synth_1600,1621
synth_1601,1620
synth_1602,1620
synth_1603,1619
synth_1604,1618
synth_1605,1617
synth_1606,1616
synth_1607,1616
synth_1608,1615
synth_1609,1614
synth_1610,1613
synth_1611,1612
synth_1612,1611
synth_1613,1611
synth_1614,1610
synth_1615,1609
synth_1616,1608
synth_1617,1608
synth_1618,1607
synth_1619,1606
synth_1620,1605
synth_1621,1604
synth_1622,1604
synth_1623,1603
synth_1624,1602
synth_1625,1601
synth_1626,1600
synth_1627,1600
synth_1628,1599
synth_1629,1598
synth_1630,1597
synth_1632,1596
synth_1631,1596
synth_1633,1595
synth_1634,1594
synth_1636,1593
synth_1635,1593
synth_1637,1592
synth_1638,1591
synth_1639,1590
synth_1640,1589
synth_1641,1589
synth_1642,1588
synth_1643,1587
synth_1645,1586
synth_1644,1586
synth_1646,1585
synth_1647,1584
synth_1648,1583
synth_1649,1582
synth_1650,1582
synth_1651,1581
synth_1652,1580
synth_1653,1579
synth_1654,1579
synth_1655,1578
synth_1656,1577
synth_1658,1576
synth_1657,1576
synth_1659,1575
synth_1660,1574
synth_1662,1573
synth_1661,1573
synth_1663,1572
synth_1664,1571
synth_1666,1570
synth_1665,1570
synth_1667,1569
synth_1668,1568
synth_1669,1567
synth_1670,1567
synth_1671,1566
synth_1672,1565
synth_1673,1564
synth_1674,1564
synth_1675,1563
synth_1676,1562
synth_1677,1561
synth_1678,1561
synth_1679,1560
synth_1680,1559
synth_1682,1558
synth_1681,1558
synth_1683,1557
synth_1684,1556
synth_1685,1555
synth_1686,1555
synth_1687,1554
synth_1688,1553
synth_1689,1552
synth_1690,1552
synth_1691,1551
synth_1693,1550
synth_1692,1550
synth_1694,1549
synth_1695,1548
synth_1696,1547
synth_1697,1547
synth_1698,1546
synth_1699,1545
synth_1700,1544
synth_1701,1544
synth_1702,1543
synth_1703,1542
synth_1704,1542
synth_1705,1541
synth_1706,1540
synth_1707,1539
synth_1708,1539
synth_1709,1538
synth_1710,1537
synth_1712,1536
synth_1711,1536
synth_1713,1535
synth_1714,1534
synth_1715,1534
synth_1716,1533
synth_1717,1532
synth_1719,1531
synth_1718,1531
synth_1720,1530
synth_1722,1529
synth_1721,1529
synth_1723,1528
synth_1724,1527
synth_1726,1526
synth_1725,1526
synth_1727,1525
synth_1729,1524
synth_1728,1524
synth_1730,1523
synth_1732,1522
synth_1731,1522
synth_1733,1521
synth_1734,1520
synth_1736,1519
synth_1735,1519
synth_1737,1518
synth_1739,1517
synth_1738,1517
synth_1740,1516
synth_1742,1515
synth_1741,1515
synth_1743,1514
synth_1744,1513
synth_1746,1512
synth_1745,1512
synth_1747,1511
synth_1749,1510
synth_1748,1510
synth_1750,1509
synth_1751,1508
synth_1752,1508
synth_1753,1507
synth_1755,1506
synth_1754,1506
synth_1756,1505
synth_1757,1504
synth_1758,1504
synth_1759,1503
synth_1760,1502
synth_1762,1501
synth_1761,1501
synth_1763,1500
synth_1765,1499
synth_1764,1499
synth_1766,1498
synth_1767,1497
synth_1768,1497
synth_1769,1496
synth_1771,1495
synth_1770,1495
synth_1772,1494
synth_1773,1493
synth_1774,1493
synth_1775,1492
synth_1777,1491
synth_1776,1491
synth_1778,1490
synth_1780,1489
synth_1779,1489
synth_1781,1488
synth_1783,1487
synth_1782,1487
synth_1784,1486
synth_1786,1485
synth_1785,1485
synth_1787,1484
synth_1788,1483
synth_1789,1483
synth_1790,1482
synth_1791,1481
synth_1792,1481
synth_1793,1480
synth_1794,1479
synth_1795,1479
synth_1796,1478
synth_1797,1477
synth_1798,1477
synth_1799,1476
synth_1800,1475
synth_1801,1475
synth_1802,1474
synth_1804,1473
synth_1803,1473
synth_1805,1472
synth_1806,1471
synth_1807,1471
synth_1808,1470
synth_1809,1469
synth_1810,1469
synth_1811,1468
synth_1812,1468
synth_1813,1467
synth_1814,1466
synth_1815,1466
synth_1816,1465
synth_1818,1464
synth_1817,1464
synth_1819,1463
synth_1820,1462
synth_1821,1462
synth_1822,1461
synth_1824,1460
synth_1823,1460
synth_1825,1459
synth_1826,1459
synth_1827,1458
synth_1829,1457
synth_1828,1457
synth_1830,1456
synth_1831,1455
synth_1832,1455
synth_1833,1454
synth_1834,1453
synth_1835,1453
synth_1837,1452
synth_1836,1452
synth_1838,1451
synth_1840,1450
synth_1839,1450
synth_1841,1449
synth_1842,1448
synth_1843,1448
synth_1844,1447
synth_1845,1447
synth_1846,1446
synth_1847,1445
synth_1848,1445
synth_1849,1444
synth_1850,1443
synth_1851,1443
synth_1852,1442
synth_1853,1442
synth_1854,1441
synth_1856,1440
synth_1855,1440
synth_1857,1439
synth_1858,1438
synth_1859,1438
synth_1861,1437
synth_1860,1437
synth_1862,1436
synth_1863,1435
synth_1864,1435
synth_1865,1434
synth_1867,1433
synth_1866,1433
synth_1868,1432
synth_1869,1432
synth_1870,1431
synth_1872,1430
synth_1871,1430
synth_1874,1429
synth_1873,1429
synth_1875,1428
synth_1876,1427
synth_1877,1427
synth_1879,1426
synth_1878,1426
synth_1880,1425
synth_1881,1424
synth_1882,1424
synth_1883,1423
synth_1884,1423
synth_1885,1422
synth_1887,1421
synth_1886,1421
synth_1888,1420
synth_1890,1419
synth_1889,1419
synth_1891,1418
synth_1892,1418
synth_1893,1417
synth_1894,1416
synth_1895,1416
synth_1896,1415
synth_1897,1415
synth_1898,1414
synth_1899,1414
synth_1900,1413
synth_1901,1412
synth_1902,1412
synth_1903,1411
synth_1904,1411
synth_1905,1410
synth_1906,1409
synth_1907,1409
synth_1909,1408
synth_1908,1408
synth_1910,1407
synth_1911,1406
synth_1912,1406
synth_1914,1405
synth_1913,1405
synth_1915,1404
synth_1917,1403
synth_1916,1403
synth_1919,1402
synth_1918,1402
synth_1921,1401
synth_1920,1401
synth_1922,1400
synth_1924,1399
synth_1923,1399
synth_1926,1398
synth_1925,1398
synth_1927,1397
synth_1929,1396
synth_1928,1396
synth_1930,1395
synth_1931,1395
synth_1933,1394
synth_1932,1394
synth_1934,1393
synth_1936,1392
synth_1935,1392
synth_1938,1391
synth_1937,1391
synth_1939,1390
synth_1940,1390
synth_1941,1389
synth_1943,1388
synth_1942,1388
synth_1945,1387
synth_1944,1387
synth_1946,1386
synth_1947,1386
synth_1948,1385
synth_1950,1384
synth_1949,1384
synth_1952,1383
synth_1951,1383
synth_1953,1382
synth_1954,1382
synth_1955,1381
synth_1956,1380
synth_1957,1380
synth_1958,1379
synth_1959,1379
synth_1961,1378
synth_1960,1378
synth_1962,1377
synth_1963,1377
synth_1964,1376
synth_1966,1375
synth_1965,1375
synth_1967,1374
synth_1968,1374
synth_1969,1373
synth_1970,1373
synth_1971,1372
synth_1973,1371
synth_1972,1371
synth_1974,1370
synth_1975,1370
synth_1977,1369
synth_1976,1369
synth_1979,1368
synth_1978,1368
synth_1980,1367
synth_1981,1367
synth_1982,1366
synth_1983,1365
synth_1984,1365
synth_1985,1364
synth_1986,1364
synth_1987,1363
synth_1988,1363
synth_1989,1362
synth_1990,1362
synth_1991,1361
synth_1992,1360
synth_1993,1360
synth_1994,1359
synth_1995,1359
synth_1997,1358
synth_1996,1358
synth_1999,1357
synth_1998,1357
synth_2000,1356
synth_2001,1356
synth_2002,1355
synth_2004,1354
synth_2003,1354
synth_2006,1353
synth_2005,1353
synth_2007,1352
synth_2008,1352
synth_2010,1351
synth_2009,1351
synth_2012,1350
synth_2011,1350
synth_2013,1349
synth_2014,1349
synth_2015,1348
synth_2017,1347
synth_2016,1347
synth_2018,1346
synth_2019,1346
synth_2021,1345
synth_2020,1345
synth_2023,1344
synth_2022,1344
synth_2024,1343
synth_2025,1343
synth_2026,1342
synth_2027,1342
synth_2029,1341
synth_2028,1341
synth_2031,1340
synth_2030,1340
synth_2032,1339
synth_2034,1338
synth_2033,1338
synth_2035,1337
synth_2036,1337
synth_2038,1336
synth_2037,1336
synth_2040,1335
synth_2039,1335
synth_2042,1334
synth_2041,1334
synth_2043,1333
synth_2044,1333
synth_2046,1332
synth_2045,1332
synth_2047,1331
synth_2048,1331
synth_2050,1330
synth_2049,1330
synth_2052,1329
synth_2051,1329
synth_2054,1328
synth_2053,1328
synth_2055,1327
synth_2057,1326
synth_2056,1326
synth_2058,1325
synth_2059,1325
synth_2060,1324
synth_2061,1324
synth_2062,1323
synth_2063,1323
synth_2064,1322
synth_2065,1322
synth_2067,1321
synth_2066,1321
synth_2069,1320
synth_2068,1320
synth_2070,1319
synth_2071,1319
synth_2072,1318
synth_2073,1318
synth_2075,1317
synth_2074,1317
synth_2077,1316
synth_2076,1316
synth_2079,1315
synth_2078,1315
synth_2080,1314
synth_2081,1314
synth_2082,1313
synth_2083,1313
synth_2085,1312
synth_2084,1312
synth_2087,1311
synth_2086,1311
synth_2089,1310
synth_2088,1310
synth_2091,1309
synth_2090,1309
synth_2092,1308
synth_2093,1308
synth_2094,1307
synth_2095,1307
synth_2096,1306
synth_2097,1306
synth_2098,1305
synth_2099,1305
synth_2100,1304
synth_2101,1304
synth_2102,1303
synth_2103,1303
synth_2104,1302
synth_2105,1302
synth_2106,1301
synth_2107,1301
synth_2108,1300
synth_2109,1300
synth_2110,1299
synth_2111,1299
synth_2112,1298
synth_2113,1298
synth_2115,1297
synth_2114,1297
synth_2116,1296
synth_2117,1296
synth_2118,1295
synth_2119,1295
synth_2121,1294
synth_2120,1294
synth_2122,1293
synth_2123,1293
synth_2124,1292
synth_2125,1292
synth_2126,1291
synth_2127,1291
synth_2129,1290
synth_2128,1290
synth_2131,1289
synth_2130,1289
synth_2132,1289
synth_2133,1288
synth_2134,1288
synth_2136,1287
synth_2135,1287
synth_2137,1286
synth_2138,1286
synth_2139,1285
synth_2140,1285
synth_2141,1284
synth_2142,1284
synth_2144,1283
synth_2143,1283
synth_2146,1282
synth_2145,1282
synth_2148,1281
synth_2147,1281
synth_2150,1280
synth_2149,1280
synth_2152,1279
synth_2151,1279
synth_2154,1278
synth_2153,1278
synth_2155,1278
synth_2156,1277
synth_2157,1277
synth_2158,1276
synth_2159,1276
synth_2161,1275
synth_2160,1275
synth_2162,1274
synth_2163,1274
synth_2165,1273
synth_2164,1273
synth_2166,1272
synth_2167,1272
synth_2168,1271
synth_2169,1271
synth_2171,1270
synth_2170,1270
synth_2174,1269
synth_2173,1269
synth_2172,1269
synth_2176,1268
synth_2175,1268
synth_2178,1267
synth_2177,1267
synth_2180,1266
synth_2179,1266
synth_2182,1265
synth_2181,1265
synth_2184,1264
synth_2183,1264
synth_2185,1263
synth_2187,1263
synth_2186,1263
synth_2189,1262
synth_2188,1262
synth_2190,1261
synth_2191,1261
synth_2193,1260
synth_2192,1260
synth_2195,1259
synth_2194,1259
synth_2197,1258
synth_2196,1258
synth_2200,1257
synth_2199,1257
synth_2198,1257
synth_2201,1256
synth_2202,1256
synth_2204,1255
synth_2203,1255
synth_2205,1254
synth_2206,1254
synth_2207,1253
synth_2208,1253
synth_2211,1252
synth_2209,1252
synth_2210,1252
synth_2212,1251
synth_2213,1251
synth_2215,1250
synth_2214,1250
synth_2216,1249
synth_2217,1249
synth_2218,1248
synth_2219,1248
synth_2222,1247
synth_2221,1247
synth_2220,1247
synth_2224,1246
synth_2223,1246
synth_2226,1245
synth_2225,1245
synth_2228,1244
synth_2227,1244
synth_2230,1243
synth_2231,1243
synth_2229,1243
synth_2232,1242
synth_2233,1242
synth_2234,1241
synth_2235,1241
synth_2237,1240
synth_2236,1240
synth_2240,1239
synth_2239,1239
synth_2238,1239
synth_2242,1238
synth_2241,1238
synth_2243,1237
synth_2244,1237
synth_2246,1236
synth_2245,1236
synth_2248,1235
synth_2247,1235
synth_2249,1235
synth_2251,1234
synth_2250,1234
synth_2253,1233
synth_2252,1233
synth_2254,1232
synth_2256,1232
synth_2255,1232
synth_2257,1231
synth_2258,1231
synth_2260,1230
synth_2259,1230
synth_2262,1229
synth_2261,1229
synth_2263,1228
synth_2264,1228
synth_2265,1228
synth_2267,1227
synth_2266,1227
synth_2268,1226
synth_2269,1226
synth_2271,1225
synth_2272,1225
synth_2270,1225
synth_2274,1224
synth_2273,1224
synth_2275,1223
synth_2276,1223
synth_2277,1222
synth_2278,1222
synth_2279,1222
synth_2280,1221
synth_2281,1221
synth_2283,1220
synth_2282,1220
synth_2286,1219
synth_2285,1219
synth_2284,1219
synth_2288,1218
synth_2287,1218
synth_2289,1217
synth_2290,1217
synth_2291,1216
synth_2292,1216
synth_2293,1216
synth_2294,1215
synth_2295,1215
synth_2297,1214
synth_2296,1214
synth_2299,1213
synth_2300,1213
synth_2298,1213
synth_2301,1212
synth_2302,1212
synth_2304,1211
synth_2305,1211
synth_2303,1211
synth_2306,1210
synth_2307,1210
synth_2309,1209
synth_2308,1209
synth_2312,1208
synth_2310,1208
synth_2311,1208
synth_2313,1207
synth_2314,1207
synth_2316,1206
synth_2315,1206
synth_2317,1206
synth_2318,1205
synth_2319,1205
synth_2321,1204
synth_2320,1204
synth_2323,1203
synth_2322,1203
synth_2324,1203
synth_2325,1202
synth_2326,1202
synth_2329,1201
synth_2327,1201
synth_2328,1201
synth_2330,1200
synth_2331,1200
synth_2332,1199
synth_2333,1199
synth_2334,1199
synth_2335,1198
synth_2336,1198
synth_2338,1197
synth_2337,1197
synth_2341,1196
synth_2339,1196
synth_2340,1196
synth_2343,1195
synth_2342,1195
synth_2344,1194
synth_2346,1194
synth_2345,1194
synth_2347,1193
synth_2348,1193
synth_2351,1192
synth_2350,1192
synth_2349,1192
synth_2352,1191
synth_2353,1191
synth_2356,1190
synth_2355,1190
synth_2354,1190
synth_2358,1189
synth_2357,1189
synth_2359,1188
synth_2361,1188
synth_2360,1188
synth_2362,1187
synth_2363,1187
synth_2364,1186
synth_2366,1186
synth_2365,1186
synth_2367,1185
synth_2368,1185
synth_2370,1184
synth_2369,1184
synth_2371,1184
synth_2373,1183
synth_2372,1183
synth_2374,1182
synth_2376,1182
synth_2375,1182
synth_2378,1181
synth_2377,1181
synth_2381,1180
synth_2379,1180
synth_2380,1180
synth_2383,1179
synth_2382,1179
synth_2385,1178
synth_2386,1178
synth_2384,1178
synth_2387,1177
synth_2388,1177
synth_2391,1176
synth_2390,1176
synth_2389,1176
synth_2392,1175
synth_2393,1175
synth_2395,1174
synth_2394,1174
synth_2396,1174
synth_2397,1173
synth_2398,1173
synth_2399,1172
synth_2401,1172
synth_2400,1172
synth_2402,1171
synth_2404,1171
synth_2403,1171
synth_2405,1170
synth_2406,1170
synth_2408,1169
synth_2407,1169
synth_2409,1169
synth_2411,1168
synth_2410,1168
synth_2413,1167
synth_2414,1167
synth_2412,1167
synth_2415,1166
synth_2416,1166
synth_2419,1165
synth_2417,1165
synth_2418,1165
synth_2420,1164
synth_2422,1164
synth_2421,1164
synth_2423,1163
synth_2424,1163
synth_2426,1162
synth_2427,1162
synth_2425,1162
synth_2428,1161
synth_2429,1161
synth_2430,1160
synth_2432,1160
synth_2431,1160
synth_2435,1159
synth_2433,1159
synth_2434,1159
synth_2436,1158
synth_2437,1158
synth_2440,1157
synth_2439,1157
synth_2438,1157
synth_2442,1156
synth_2443,1156
synth_2441,1156
synth_2445,1155
synth_2444,1155
synth_2448,1154
synth_2446,1154
synth_2447,1154
synth_2449,1153
synth_2451,1153
synth_2450,1153
synth_2453,1152
synth_2452,1152
synth_2454,1151
synth_2455,1151
synth_2456,1151
synth_2458,1150
synth_2457,1150
synth_2459,1150
synth_2460,1149
synth_2461,1149
synth_2462,1148
synth_2464,1148
synth_2463,1148
synth_2467,1147
synth_2466,1147
synth_2465,1147
synth_2469,1146
synth_2468,1146
synth_2470,1145
synth_2471,1145
synth_2472,1145
synth_2474,1144
synth_2473,1144
synth_2475,1144
synth_2476,1143
synth_2477,1143
synth_2478,1142
synth_2480,1142
synth_2479,1142
synth_2481,1141
synth_2483,1141
synth_2482,1141
synth_2484,1140
synth_2485,1140
synth_2486,1140
synth_2488,1139
synth_2487,1139
synth_2489,1138
synth_2490,1138
synth_2491,1138
synth_2494,1137
synth_2492,1137
synth_2493,1137
synth_2496,1136
synth_2495,1136
synth_2497,1135
synth_2499,1135
synth_2498,1135
synth_2500,1134
synth_2501,1134
synth_2502,1134
synth_2503,1133
synth_2504,1133
synth_2505,1133
synth_2507,1132
synth_2506,1132
synth_2508,1132
synth_2510,1131
synth_2509,1131
synth_2511,1130
synth_2513,1130
synth_2512,1130
synth_2514,1129
synth_2516,1129
synth_2515,1129
synth_2517,1128
synth_2518,1128
synth_2519,1128
synth_2520,1127
synth_2521,1127
synth_2522,1126
synth_2524,1126
synth_2523,1126
synth_2526,1125
synth_2525,1125
synth_2527,1125
synth_2529,1124
synth_2530,1124
synth_2528,1124
synth_2532,1123
synth_2531,1123
synth_2533,1123
synth_2534,1122
synth_2535,1122
synth_2536,1122
synth_2538,1121
synth_2537,1121
synth_2540,1120
synth_2539,1120
synth_2541,1120
synth_2542,1119
synth_2544,1119
synth_2543,1119
synth_2546,1118
synth_2547,1118
synth_2545,1118
synth_2549,1117
synth_2548,1117
synth_2550,1117
synth_2552,1116
synth_2553,1116
synth_2551,1116
synth_2554,1115
synth_2555,1115
synth_2556,1114
synth_2557,1114
synth_2558,1114
synth_2561,1113
synth_2560,1113
synth_2559,1113
synth_2562,1112
synth_2563,1112
synth_2564,1112
synth_2567,1111
synth_2566,1111
synth_2565,1111
synth_2568,1110
synth_2569,1110
synth_2570,1110
synth_2572,1109
synth_2571,1109
synth_2573,1109
synth_2574,1108
synth_2575,1108
synth_2576,1108
synth_2577,1107
synth_2578,1107
synth_2579,1107
synth_2581,1106
synth_2580,1106
synth_2582,1105
synth_2584,1105
synth_2583,1105
synth_2585,1104
synth_2587,1104
synth_2586,1104
synth_2590,1103
synth_2588,1103
synth_2589,1103
synth_2591,1102
synth_2592,1102
synth_2593,1102
synth_2595,1101
synth_2596,1101
synth_2594,1101
synth_2597,1100
synth_2598,1100
synth_2599,1100
synth_2602,1099
synth_2600,1099
synth_2601,1099
synth_2604,1098
synth_2605,1098
synth_2603,1098
synth_2606,1097
synth_2607,1097
synth_2608,1097
synth_2609,1096
synth_2610,1096
synth_2611,1096
synth_2613,1095
synth_2612,1095
synth_2614,1095
synth_2617,1094
synth_2616,1094
synth_2615,1094
synth_2619,1093
synth_2620,1093
synth_2618,1093
synth_2622,1092
synth_2621,1092
synth_2623,1092
synth_2625,1091
synth_2626,1091
synth_2624,1091
synth_2628,1090
synth_2629,1090
synth_2627,1090
synth_2632,1089
synth_2631,1089
synth_2630,1089
synth_2635,1088
synth_2633,1088
synth_2634,1088
synth_2637,1087
synth_2636,1087
synth_2638,1087
synth_2640,1086
synth_2641,1086
synth_2639,1086
synth_2642,1085
synth_2643,1085
synth_2644,1085
synth_2646,1084
synth_2647,1084
synth_2645,1084
synth_2648,1083
synth_2650,1083
synth_2649,1083
synth_2651,1082
synth_2652,1082
synth_2653,1082
synth_2656,1081
synth_2655,1081
synth_2654,1081
synth_2657,1080
synth_2658,1080
synth_2659,1080
synth_2661,1079
synth_2662,1079
synth_2660,1079
synth_2663,1079
synth_2665,1078
synth_2664,1078
synth_2666,1078
synth_2667,1077
synth_2669,1077
synth_2668,1077
synth_2672,1076
synth_2671,1076
synth_2670,1076
synth_2673,1075
synth_2675,1075
synth_2674,1075
synth_2678,1074
synth_2676,1074
synth_2677,1074
synth_2680,1073
synth_2681,1073
synth_2679,1073
synth_2684,1072
synth_2682,1072
synth_2683,1072
synth_2685,1071
synth_2687,1071
synth_2686,1071
synth_2688,1070
synth_2689,1070
synth_2690,1070
synth_2691,1070
synth_2692,1069
synth_2693,1069
synth_2694,1069
synth_2697,1068
synth_2696,1068
synth_2695,1068
synth_2698,1067
synth_2699,1067
synth_2700,1067
synth_2701,1066
synth_2703,1066
synth_2702,1066
synth_2704,1065
synth_2706,1065
synth_2705,1065
synth_2709,1064
synth_2710,1064
synth_2708,1064
synth_2707,1064
synth_2711,1063
synth_2712,1063
synth_2713,1063
synth_2716,1062
synth_2714,1062
synth_2715,1062
synth_2719,1061
synth_2718,1061
synth_2717,1061
synth_2721,1060
synth_2722,1060
synth_2720,1060
synth_2723,1059
synth_2726,1059
synth_2724,1059
synth_2725,1059
synth_2728,1058
synth_2729,1058
synth_2727,1058
synth_2731,1057
synth_2732,1057
synth_2730,1057
synth_2734,1056
synth_2735,1056
synth_2733,1056
synth_2738,1055
synth_2736,1055
synth_2737,1055
synth_2742,1054
synth_2739,1054
synth_2740,1054
synth_2741,1054
synth_2743,1053
synth_2744,1053
synth_2745,1053
synth_2748,1052
synth_2746,1052
synth_2747,1052
synth_2750,1051
synth_2749,1051
synth_2752,1051
synth_2751,1051
synth_2755,1050
synth_2754,1050
synth_2753,1050
synth_2758,1049
synth_2757,1049
synth_2756,1049
synth_2761,1048
synth_2759,1048
synth_2760,1048
synth_2762,1047
synth_2764,1047
synth_2765,1047
synth_2763,1047
synth_2766,1046
synth_2767,1046
synth_2768,1046
synth_2769,1045
synth_2771,1045
synth_2770,1045
synth_2775,1044
synth_2773,1044
synth_2774,1044
synth_2772,1044
synth_2776,1043
synth_2777,1043
synth_2778,1043
synth_2781,1042
synth_2779,1042
synth_2780,1042
synth_2783,1041
synth_2782,1041
synth_2785,1041
synth_2784,1041
synth_2788,1040
synth_2786,1040
synth_2787,1040
synth_2789,1039
synth_2791,1039
synth_2790,1039
synth_2793,1038
synth_2794,1038
synth_2792,1038
synth_2795,1038
synth_2796,1037
synth_2797,1037
synth_2798,1037
synth_2801,1036
synth_2800,1036
synth_2799,1036
synth_2805,1035
synth_2802,1035
synth_2803,1035
synth_2804,1035
synth_2806,1034
synth_2808,1034
synth_2807,1034
synth_2810,1033
synth_2812,1033
synth_2809,1033
synth_2811,1033
synth_2815,1032
synth_2813,1032
synth_2814,1032
synth_2816,1031
synth_2817,1031
synth_2818,1031
synth_2819,1030
synth_2822,1030
synth_2821,1030
synth_2820,1030
synth_2825,1029
synth_2824,1029
synth_2823,1029
synth_2828,1028
synth_2826,1028
synth_2829,1028
synth_2827,1028
synth_2830,1027
synth_2831,1027
synth_2832,1027
synth_2833,1026
synth_2834,1026
synth_2836,1026
synth_2835,1026
synth_2838,1025
synth_2839,1025
synth_2837,1025
synth_2843,1024
synth_2842,1024
synth_2840,1024
synth_2841,1024
synth_2844,1023
synth_2846,1023
synth_2845,1023
synth_2849,1022
synth_2848,1022
synth_2847,1022
synth_2850,1022
synth_2853,1021
synth_2851,1021
synth_2852,1021
synth_2856,1020
synth_2854,1020
synth_2857,1020
synth_2855,1020
synth_2860,1019
synth_2858,1019
synth_2859,1019
synth_2862,1018
synth_2863,1018
synth_2861,1018
synth_2864,1018
synth_2866,1017
synth_2865,1017
synth_2867,1017
synth_2870,1016
synth_2868,1016
synth_2871,1016
synth_2869,1016
synth_2872,1015
synth_2874,1015
synth_2873,1015
synth_2875,1014
synth_2876,1014
synth_2878,1014
synth_2877,1014
synth_2879,1013
synth_2881,1013
synth_2880,1013
synth_2884,1012
synth_2883,1012
synth_2882,1012
synth_2885,1012
synth_2887,1011
synth_2888,1011
synth_2886,1011
synth_2889,1010
synth_2890,1010
synth_2891,1010
synth_2892,1010
synth_2893,1009
synth_2896,1009
synth_2894,1009
synth_2895,1009
synth_2897,1008
synth_2899,1008
synth_2898,1008
synth_2901,1007
synth_2900,1007
synth_2903,1007
synth_2902,1007
synth_2905,1006
synth_2904,1006
synth_2906,1006
synth_2908,1005
synth_2909,1005
synth_2910,1005
synth_2907,1005
synth_2912,1004
synth_2911,1004
synth_2914,1004
synth_2913,1004
synth_2916,1003
synth_2917,1003
synth_2915,1003
synth_2918,1002
synth_2921,1002
synth_2919,1002
synth_2920,1002
synth_2925,1001
synth_2922,1001
synth_2923,1001
synth_2924,1001
synth_2927,1000
synth_2928,1000
synth_2926,1000
synth_2932,999
synth_2931,999
synth_2930,999
synth_2929,999
synth_2933,998
synth_2936,998
synth_2935,998
synth_2934,998
synth_2937,997
synth_2939,997
synth_2938,997
synth_2942,996
synth_2941,996
synth_2943,996
synth_2940,996
synth_2945,995
synth_2947,995
synth_2946,995
synth_2944,995
synth_2950,994
synth_2949,994
synth_2948,994
synth_2954,993
synth_2953,993
synth_2951,993
synth_2952,993
synth_2955,992
synth_2958,992
synth_2956,992
synth_2957,992
synth_2959,991
synth_2960,991
synth_2961,991
synth_2962,990
synth_2963,990
synth_2964,990
synth_2965,990
synth_2968,989
synth_2966,989
synth_2967,989
synth_2969,989
synth_2972,988
synth_2971,988
synth_2973,988
synth_2970,988
synth_2975,987
synth_2976,987
synth_2974,987
synth_2977,986
synth_2978,986
synth_2979,986
synth_2980,986
synth_2983,985
synth_2981,985
synth_2982,985
synth_2984,985
synth_2985,984
synth_2986,984
synth_2987,984
synth_2988,984
synth_2989,983
synth_2992,983
synth_2990,983
synth_2991,983
synth_2994,982
synth_2993,982
synth_2995,982
synth_2998,981
synth_2996,981
synth_2997,981
synth_2999,981
synth_3002,980
synth_3000,980
synth_3001,980
synth_3003,980
synth_3006,979
synth_3004,979
synth_3005,979
synth_3007,979
synth_3009,978
synth_3010,978
synth_3011,978
synth_3008,978
synth_3013,977
synth_3014,977
synth_3015,977
synth_3012,977
synth_3018,976
synth_3016,976
synth_3017,976
synth_3019,976
synth_3022,975
synth_3021,975
synth_3020,975
synth_3026,974
synth_3024,974
synth_3025,974
synth_3023,974
synth_3027,973
synth_3028,973
synth_3030,973
synth_3029,973
synth_3033,972
synth_3034,972
synth_3032,972
synth_3031,972
synth_3038,971
synth_3036,971
synth_3037,971
synth_3035,971
synth_3039,970
synth_3041,970
synth_3040,970
synth_3042,970
synth_3045,969
synth_3044,969
synth_3043,969
synth_3046,969
synth_3047,968
synth_3050,968
synth_3049,968
synth_3048,968
synth_3051,967
synth_3054,967
synth_3052,967
synth_3053,967
synth_3055,966
synth_3058,966
synth_3057,966
synth_3056,966
synth_3059,965
synth_3061,965
synth_3060,965
synth_3062,965
synth_3063,964
synth_3066,964
synth_3065,964
synth_3064,964
synth_3069,963
synth_3070,963
synth_3068,963
synth_3067,963
synth_3073,962
synth_3072,962
synth_3071,962
synth_3074,962
synth_3075,961
synth_3076,961
synth_3078,961
synth_3077,961
synth_3079,960
synth_3080,960
synth_3082,960
synth_3081,960
synth_3085,959
synth_3084,959
synth_3086,959
synth_3083,959
synth_3088,958
synth_3090,958
synth_3087,958
synth_3089,958
synth_3094,957
synth_3092,957
synth_3091,957
synth_3093,957
synth_3096,956
synth_3098,956
synth_3095,956
synth_3097,956
synth_3102,955
synth_3100,955
synth_3099,955
synth_3101,955
synth_3104,954
synth_3106,954
synth_3105,954
synth_3103,954
synth_3107,953
synth_3108,953
synth_3109,953
synth_3110,953
synth_3113,952
synth_3112,952
synth_3114,952
synth_3111,952
synth_3116,951
synth_3118,951
synth_3117,951
synth_3115,951
synth_3120,950
synth_3122,950
synth_3119,950
synth_3121,950
synth_3125,949
synth_3124,949
synth_3123,949
synth_3126,949
synth_3127,948
synth_3130,948
synth_3129,948
synth_3128,948
synth_3133,947
synth_3134,947
synth_3132,947
synth_3131,947
synth_3135,947
synth_3136,946
synth_3137,946
synth_3138,946
synth_3139,946
synth_3141,945
synth_3140,945
synth_3142,945
synth_3143,945
synth_3146,944
synth_3147,944
synth_3144,944
synth_3145,944
synth_3151,943
synth_3149,943
synth_3150,943
synth_3148,943
synth_3154,942
synth_3152,942
synth_3155,942
synth_3153,942
synth_3159,941
synth_3158,941
synth_3160,941
synth_3156,941
synth_3157,941
synth_3162,940
synth_3164,940
synth_3163,940
synth_3161,940
synth_3166,939
synth_3167,939
synth_3168,939
synth_3165,939
synth_3171,938
synth_3172,938
synth_3170,938
synth_3169,938
synth_3173,937
synth_3176,937
synth_3175,937
synth_3174,937
synth_3180,936
synth_3181,936
synth_3177,936
synth_3178,936
synth_3179,936
synth_3182,935
synth_3185,935
synth_3183,935
synth_3184,935
synth_3187,934
synth_3186,934
synth_3189,934
synth_3188,934
synth_3194,933
synth_3193,933
synth_3192,933
synth_3191,933
synth_3190,933
synth_3198,932
synth_3195,932
synth_3197,932
synth_3196,932
synth_3202,931
synth_3199,931
synth_3200,931
synth_3201,931
synth_3203,930
synth_3204,930
synth_3205,930
synth_3206,930
synth_3207,929
synth_3208,929
synth_3211,929
synth_3209,929
synth_3210,929
synth_3212,928
synth_3214,928
synth_3215,928
synth_3213,928
synth_3217,927
synth_3216,927
synth_3219,927
synth_3218,927
synth_3222,926
synth_3220,926
synth_3224,926
synth_3223,926
synth_3221,926
synth_3228,925
synth_3225,925
synth_3227,925
synth_3226,925
synth_3231,924
synth_3229,924
synth_3230,924
synth_3232,924
synth_3234,923
synth_3235,923
synth_3236,923
synth_3233,923
synth_3237,923
synth_3238,922
synth_3240,922
synth_3241,922
synth_3239,922
synth_3245,921
synth_3243,921
synth_3242,921
synth_3246,921
synth_3244,921
synth_3247,920
synth_3250,920
synth_3249,920
synth_3248,920
synth_3251,919
synth_3252,919
synth_3253,919
synth_3254,919
synth_3255,918
synth_3258,918
synth_3257,918
synth_3256,918
synth_3259,918
synth_3261,917
synth_3263,917
synth_3262,917
synth_3260,917
synth_3266,916
synth_3264,916
synth_3265,916
synth_3267,916
synth_3268,916
synth_3270,915
synth_3269,915
synth_3271,915
synth_3272,915
synth_3275,914
synth_3276,914
synth_3274,914
synth_3273,914
synth_3277,914
synth_3278,913
synth_3279,913
synth_3281,913
synth_3280,913
synth_3284,912
synth_3285,912
synth_3286,912
synth_3283,912
synth_3282,912
synth_3288,911
synth_3287,911
synth_3290,911
synth_3289,911
synth_3291,910
synth_3294,910
synth_3293,910
synth_3295,910
synth_3292,910
synth_3298,909
synth_3296,909
synth_3299,909
synth_3297,909
synth_3304,908
synth_3302,908
synth_3300,908
synth_3301,908
synth_3303,908
synth_3308,907
synth_3305,907
synth_3307,907
synth_3306,907
synth_3309,906
synth_3313,906
synth_3312,906
synth_3311,906
synth_3310,906
synth_3317,905
synth_3318,905
synth_3314,905
synth_3316,905
synth_3315,905
synth_3322,904
synth_3320,904
synth_3319,904
synth_3321,904
synth_3324,903
synth_3325,903
synth_3323,903
synth_3326,903
synth_3327,903
synth_3328,902
synth_3330,902
synth_3331,902
synth_3329,902
synth_3333,901
synth_3336,901
synth_3332,901
synth_3334,901
synth_3335,901
synth_3338,900
synth_3339,900
synth_3340,900
synth_3337,900
synth_3341,900
synth_3342,899
synth_3343,899
synth_3344,899
synth_3345,899
synth_3346,898
synth_3347,898
synth_3350,898
synth_3348,898
synth_3349,898
synth_3353,897
synth_3351,897
synth_3354,897
synth_3355,897
synth_3352,897
synth_3356,896
synth_3358,896
synth_3357,896
synth_3359,896
synth_3361,895
synth_3364,895
synth_3363,895
synth_3362,895
synth_3360,895
synth_3369,894
synth_3366,894
synth_3365,894
synth_3367,894
synth_3368,894
synth_3371,893
synth_3373,893
synth_3370,893
synth_3372,893
synth_3378,892
synth_3376,892
synth_3375,892
synth_3374,892
synth_3377,892
synth_3381,891
synth_3380,891
synth_3379,891
synth_3383,891
synth_3382,891
synth_3385,890
synth_3387,890
synth_3388,890
synth_3384,890
synth_3386,890
synth_3392,889
synth_3389,889
synth_3390,889
synth_3391,889
synth_3394,888
synth_3393,888
synth_3396,888
synth_3397,888
synth_3395,888
synth_3402,887
synth_3399,887
synth_3400,887
synth_3398,887
synth_3401,887
synth_3406,886
synth_3405,886
synth_3403,886
synth_3407,886
synth_3404,886
synth_3409,885
synth_3408,885
synth_3411,885
synth_3410,885
synth_3412,885
synth_3414,884
synth_3413,884
synth_3415,884
synth_3416,884
synth_3418,883
synth_3420,883
synth_3421,883
synth_3417,883
synth_3419,883
synth_3426,882
synth_3425,882
synth_3424,882
synth_3422,882
synth_3423,882
synth_3430,881
synth_3429,881
synth_3431,881
synth_3427,881
synth_3428,881
synth_3436,880
synth_3435,880
synth_3432,880
synth_3434,880
synth_3433,880
synth_3440,879
synth_3438,879
synth_3437,879
synth_3439,879
synth_3441,879
synth_3445,878
synth_3446,878
synth_3442,878
synth_3443,878
synth_3444,878
synth_3449,877
synth_3448,877
synth_3447,877
synth_3450,877
synth_3451,877
synth_3456,876
synth_3452,876
synth_3453,876
synth_3454,876
synth_3455,876
synth_3459,875
synth_3458,875
synth_3460,875
synth_3457,875
synth_3461,874
synth_3462,874
synth_3464,874
synth_3465,874
synth_3463,874
synth_3470,873
synth_3466,873
synth_3469,873
synth_3468,873
synth_3467,873
synth_3473,872
synth_3471,872
synth_3474,872
synth_3472,872
synth_3475,872
synth_3478,871
synth_3477,871
synth_3476,871
synth_3479,871
synth_3480,871
synth_3484,870
synth_3481,870
synth_3483,870
synth_3482,870
synth_3485,870
synth_3490,869
synth_3486,869
synth_3487,869
synth_3488,869
synth_3489,869
synth_3494,868
synth_3495,868
synth_3492,868
synth_3491,868
synth_3493,868
synth_3496,867
synth_3497,867
synth_3499,867
synth_3500,867
synth_3498,867
synth_3503,866
synth_3506,866
synth_3505,866
synth_3502,866
synth_3504,866
synth_3501,866
synth_3507,865
synth_3509,865
synth_3511,865
synth_3510,865
synth_3508,865
synth_3516,864
synth_3513,864
synth_3515,864
synth_3514,864
synth_3512,864
synth_3519,863
synth_3521,863
synth_3518,863
synth_3517,863
synth_3520,863
synth_3524,862
synth_3525,862
synth_3522,862
synth_3526,862
synth_3523,862
synth_3528,861
synth_3527,861
synth_3531,861
synth_3530,861
synth_3529,861
synth_3533,860
synth_3536,860
synth_3535,860
synth_3534,860
synth_3532,860
synth_3537,859
synth_3540,859
synth_3538,859
synth_3539,859
synth_3541,859
synth_3546,858
synth_3544,858
synth_3542,858
synth_3545,858
synth_3543,858
synth_3552,857
synth_3548,857
synth_3549,857
synth_3551,857
synth_3547,857
synth_3550,857
synth_3554,856
synth_3555,856
synth_3553,856
synth_3556,856
synth_3557,856
synth_3560,855
synth_3562,855
synth_3558,855
synth_3559,855
synth_3561,855
synth_3563,854
synth_3566,854
synth_3567,854
synth_3565,854
synth_3564,854
synth_3568,853
synth_3572,853
synth_3571,853
synth_3569,853
synth_3570,853
synth_3575,852
synth_3573,852
synth_3576,852
synth_3577,852
synth_3574,852
synth_3578,852
synth_3583,851
synth_3581,851
synth_3582,851
synth_3580,851
synth_3579,851
synth_3584,850
synth_3585,850
synth_3587,850
synth_3586,850
synth_3588,850
synth_3589,849
synth_3594,849
synth_3590,849
synth_3591,849
synth_3592,849
synth_3593,849
synth_3598,848
synth_3596,848
synth_3595,848
synth_3597,848
synth_3599,848
synth_3601,847
synth_3604,847
synth_3602,847
synth_3600,847
synth_3603,847
synth_3605,846
synth_3609,846
synth_3606,846
synth_3607,846
synth_3608,846
synth_3610,846
synth_3615,845
synth_3614,845
synth_3613,845
synth_3612,845
synth_3611,845
synth_3620,844
synth_3616,844
synth_3619,844
synth_3617,844
synth_3618,844
synth_3626,843
synth_3624,843
synth_3623,843
synth_3625,843
synth_3622,843
synth_3621,843
synth_3631,842
synth_3630,842
synth_3628,842
synth_3629,842
synth_3627,842
synth_3635,841
synth_3633,841
synth_3636,841
synth_3632,841
synth_3634,841
synth_3639,840
synth_3640,840
synth_3641,840
synth_3637,840
synth_3642,840
synth_3638,840
synth_3645,839
synth_3644,839
synth_3646,839
synth_3647,839
synth_3643,839
synth_3651,838
synth_3652,838
synth_3653,838
synth_3648,838
synth_3649,838
synth_3650,838
synth_3654,837
synth_3658,837
synth_3655,837
synth_3657,837
synth_3656,837
synth_3661,836
synth_3664,836
synth_3659,836
synth_3660,836
synth_3662,836
synth_3663,836
synth_3669,835
synth_3667,835
synth_3668,835
synth_3665,835
synth_3666,835
synth_3670,834
synth_3673,834
synth_3675,834
synth_3674,834
synth_3671,834
synth_3672,834
synth_3679,833
synth_3678,833
synth_3677,833
synth_3680,833
synth_3676,833
synth_3686,832
synth_3685,832
synth_3683,832
synth_3681,832
synth_3682,832
synth_3684,832
synth_3690,831
synth_3689,831
synth_3688,831
synth_3691,831
synth_3687,831
synth_3694,830
synth_3697,830
synth_3692,830
synth_3696,830
synth_3693,830
synth_3695,830
synth_3701,829
synth_3702,829
synth_3699,829
synth_3698,829
synth_3700,829
synth_3704,828
synth_3706,828
synth_3703,828
synth_3708,828
synth_3705,828
synth_3707,828
synth_3710,827
synth_3714,827
synth_3713,827
synth_3709,827
synth_3712,827
synth_3711,827
synth_3715,826
synth_3718,826
synth_3717,826
synth_3716,826
synth_3719,826
synth_3724,825
synth_3721,825
synth_3725,825
synth_3720,825
synth_3723,825
synth_3722,825
synth_3729,824
synth_3728,824
synth_3730,824
synth_3726,824
synth_3727,824
synth_3734,823
synth_3736,823
synth_3733,823
synth_3732,823
synth_3731,823
synth_3735,823
synth_3739,822
synth_3738,822
synth_3741,822
synth_3742,822
synth_3740,822
synth_3737,822
synth_3743,821
synth_3744,821
synth_3745,821
synth_3748,821
synth_3746,821
synth_3747,821
synth_3753,820
synth_3750,820
synth_3751,820
synth_3749,820
synth_3752,820
synth_3756,819
synth_3754,819
synth_3758,819
synth_3755,819
synth_3759,819
synth_3757,819
synth_3760,818
synth_3763,818
synth_3761,818
synth_3765,818
synth_3762,818
synth_3764,818
synth_3768,817
synth_3766,817
synth_3767,817
synth_3769,817
synth_3770,817
synth_3775,816
synth_3774,816
synth_3772,816
synth_3771,816
synth_3773,816
synth_3776,816
synth_3780,815
synth_3778,815
synth_3781,815
synth_3782,815
synth_3779,815
synth_3777,815
synth_3785,814
synth_3786,814
synth_3788,814
synth_3787,814
synth_3783,814
synth_3784,814
synth_3789,813
synth_3790,813
synth_3791,813
synth_3792,813
synth_3793,813
synth_3794,813
synth_3795,812
synth_3799,812
synth_3798,812
synth_3797,812
synth_3800,812
synth_3796,812
synth_3801,811
synth_3804,811
synth_3803,811
synth_3802,811
synth_3805,811
synth_3811,810
synth_3809,810
synth_3810,810
synth_3808,810
synth_3806,810
synth_3807,810
synth_3817,809
synth_3816,809
synth_3812,809
synth_3814,809
synth_3813,809
synth_3815,809
synth_3821,808
synth_3818,808
synth_3820,808
synth_3819,808
synth_3822,808
synth_3823,808
synth_3825,807
synth_3828,807
synth_3829,807
synth_3826,807
synth_3824,807
synth_3827,807
synth_3831,806
synth_3830,806
synth_3835,806
synth_3834,806
synth_3832,806
synth_3833,806
synth_3837,805
synth_3840,805
synth_3839,805
synth_3838,805
synth_3836,805
synth_3841,805
synth_3847,804
synth_3843,804
synth_3842,804
synth_3845,804
synth_3846,804
synth_3844,804
synth_3850,803
synth_3849,803
synth_3853,803
synth_3851,803
synth_3852,803
synth_3848,803
synth_3855,802
synth_3856,802
synth_3857,802
synth_3859,802
synth_3854,802
synth_3858,802
synth_3861,801
synth_3860,801
synth_3862,801
synth_3864,801
synth_3865,801
synth_3863,801
synth_3870,800
synth_3868,800
synth_3869,800
synth_3866,800
synth_3871,800
synth_3867,800
synth_3872,799
synth_3874,799
synth_3875,799
synth_3876,799
synth_3873,799
synth_3877,799
synth_3880,798
synth_3878,798
synth_3879,798
synth_3883,798
synth_3881,798
synth_3882,798
synth_3889,797
synth_3885,797
synth_3886,797
synth_3887,797
synth_3888,797
synth_3884,797
synth_3892,796
synth_3895,796
synth_3894,796
synth_3893,796
synth_3890,796
synth_3891,796
synth_3900,795
synth_3896,795
synth_3898,795
synth_3901,795
synth_3899,795
synth_3897,795
synth_3905,794
synth_3902,794
synth_3906,794
synth_3903,794
synth_3908,794
synth_3904,794
synth_3907,794
synth_3910,793
synth_3912,793
synth_3911,793
synth_3914,793
synth_3909,793
synth_3913,793
synth_3920,792
synth_3915,792
synth_3918,792
synth_3919,792
synth_3917,792
synth_3916,792
synth_3921,791
synth_3925,791
synth_3923,791
synth_3926,791
synth_3924,791
synth_3922,791
synth_3930,790
synth_3931,790
synth_3927,790
synth_3932,790
synth_3929,790
synth_3928,790
synth_3933,789
synth_3936,789
synth_3938,789
synth_3937,789
synth_3934,789
synth_3939,789
synth_3935,789
synth_3941,788
synth_3944,788
synth_3940,788
synth_3945,788
synth_3943,788
synth_3942,788
synth_3949,787
synth_3951,787
synth_3946,787
synth_3948,787
synth_3950,787
synth_3947,787
synth_3957,786
synth_3956,786
synth_3955,786
synth_3954,786
synth_3952,786
synth_3953,786
synth_3961,785
synth_3960,785
synth_3962,785
synth_3959,785
synth_3958,785
synth_3964,785
synth_3963,785
synth_3970,784
synth_3967,784
synth_3966,784
synth_3969,784
synth_3965,784
synth_3968,784
synth_3972,783
synth_3976,783
synth_3971,783
synth_3973,783
synth_3975,783
synth_3974,783
synth_3977,782
synth_3979,782
synth_3978,782
synth_3981,782
synth_3980,782
synth_3983,782
synth_3982,782
synth_3988,781
synth_3986,781
synth_3987,781
synth_3989,781
synth_3985,781
synth_3984,781
synth_3995,780
synth_3996,780
synth_3993,780
synth_3994,780
synth_3990,780
synth_3991,780
synth_3992,780
synth_3998,779
synth_4000,779
synth_3999,779
synth_3997,779
synth_4001,779
synth_4002,779
synth_4005,778
synth_4008,778
synth_4007,778
synth_4003,778
synth_4006,778
synth_4004,778
synth_4009,777
synth_4015,777
synth_4010,777
synth_4011,777
synth_4012,777
synth_4013,777
synth_4014,777
synth_4019,776
synth_4018,776
synth_4021,776
synth_4017,776
synth_4016,776
synth_4020,776
synth_4025,775
synth_4022,775
synth_4028,775
synth_4026,775
synth_4023,775
synth_4027,775
synth_4024,775
synth_4030,774
synth_4031,774
synth_4034,774
synth_4032,774
synth_4033,774
synth_4029,774
synth_4040,773
synth_4036,773
synth_4038,773
synth_4039,773
synth_4041,773
synth_4035,773
synth_4037,773
synth_4042,772
synth_4046,772
synth_4045,772
synth_4047,772
synth_4044,772
synth_4043,772
synth_4049,771
synth_4050,771
synth_4048,771
synth_4053,771
synth_4054,771
synth_4051,771
synth_4052,771
synth_4057,770
synth_4055,770
synth_4056,770
synth_4061,770
synth_4060,770
synth_4059,770
synth_4058,770
synth_4066,769
synth_4063,769
synth_4062,769
synth_4067,769
synth_4064,769
synth_4065,769
synth_4072,768
synth_4071,768
synth_4074,768
synth_4070,768
synth_4068,768
synth_4069,768
synth_4073,768
synth_4079,767
synth_4075,767
synth_4077,767
synth_4080,767
synth_4078,767
synth_4076,767
synth_4086,766
synth_4084,766
synth_4083,766
synth_4081,766
synth_4085,766
synth_4082,766
synth_4087,766
synth_4092,765
synth_4093,765
synth_4088,765
synth_4090,765
synth_4091,765
synth_4094,765
synth_4089,765
synth_4096,764
synth_4097,764
synth_4100,764
synth_4099,764
synth_4095,764
synth_4098,764
synth_4101,763
synth_4104,763
synth_4106,763
synth_4103,763
synth_4105,763
synth_4107,763
synth_4102,763
synth_4113,762
synth_4110,762
synth_4109,762
synth_4114,762
synth_4108,762
synth_4111,762
synth_4112,762
synth_4115,761
synth_4117,761
synth_4118,761
synth_4121,761
synth_4120,761
synth_4119,761
synth_4116,761
synth_4123,760
synth_4122,760
synth_4128,760
synth_4124,760
synth_4127,760
synth_4126,760
synth_4125,760
synth_4133,759
synth_4130,759
synth_4129,759
synth_4131,759
synth_4134,759
synth_4132,759
synth_4135,758
synth_4139,758
synth_4136,758
synth_4137,758
synth_4141,758
synth_4140,758
synth_4138,758
synth_4146,757
synth_4145,757
synth_4144,757
synth_4147,757
synth_4142,757
synth_4143,757
synth_4148,757
synth_4150,756
synth_4149,756
synth_4154,756
synth_4155,756
synth_4151,756
synth_4152,756
synth_4153,756
synth_4157,755
synth_4160,755
synth_4156,755
synth_4162,755
synth_4159,755
synth_4161,755
synth_4158,755
synth_4165,754
synth_4169,754
synth_4167,754
synth_4163,754
synth_4166,754
synth_4164,754
synth_4168,754
synth_4171,753
synth_4175,753
synth_4172,753
synth_4170,753
synth_4174,753
synth_4173,753
synth_4176,753
synth_4180,752
synth_4183,752
synth_4179,752
synth_4181,752
synth_4178,752
synth_4177,752
synth_4182,752
synth_4187,751
synth_4188,751
synth_4186,751
synth_4189,751
synth_4184,751
synth_4185,751
synth_4193,750
synth_4195,750
synth_4191,750
synth_4190,750
synth_4192,750
synth_4196,750
synth_4194,750
synth_4201,749
synth_4198,749
synth_4200,749
synth_4203,749
synth_4202,749
synth_4199,749
synth_4197,749
synth_4206,748
synth_4204,748
synth_4210,748
synth_4205,748
synth_4211,748
synth_4207,748
synth_4208,748
synth_4209,748
synth_4218,747
synth_4213,747
synth_4216,747
synth_4214,747
synth_4215,747
synth_4212,747
synth_4217,747
synth_4221,746
synth_4220,746
synth_4225,746
synth_4219,746
synth_4223,746
synth_4222,746
synth_4224,746
synth_4231,745
synth_4228,745
synth_4229,745
synth_4227,745
synth_4226,745
synth_4230,745
synth_4232,745
synth_4235,744
synth_4236,744
synth_4238,744
synth_4237,744
synth_4234,744
synth_4233,744
synth_4239,744
synth_4240,743
synth_4244,743
synth_4243,743
synth_4242,743
synth_4246,743
synth_4245,743
synth_4241,743
synth_4251,742
synth_4250,742
synth_4253,742
synth_4252,742
synth_4248,742
synth_4247,742
synth_4249,742
synth_4255,741
synth_4256,741
synth_4257,741
synth_4254,741
synth_4258,741
synth_4259,741
synth_4260,741
synth_4264,740
synth_4261,740
synth_4263,740
synth_4266,740
synth_4268,740
synth_4267,740
synth_4262,740
synth_4265,740
synth_4275,739
synth_4270,739
synth_4272,739
synth_4274,739
synth_4269,739
synth_4273,739
synth_4271,739
synth_4276,738
synth_4282,738
synth_4278,738
synth_4280,738
synth_4279,738
synth_4277,738
synth_4281,738
synth_4287,737
synth_4289,737
synth_4286,737
synth_4288,737
synth_4283,737
synth_4285,737
synth_4284,737
synth_4293,736
synth_4291,736
synth_4292,736
synth_4294,736
synth_4297,736
synth_4296,736
synth_4295,736
synth_4290,736
synth_4300,735
synth_4299,735
synth_4298,735
synth_4304,735
synth_4302,735
synth_4301,735
synth_4303,735
synth_4306,734
synth_4305,734
synth_4310,734
synth_4309,734
synth_4311,734
synth_4308,734
synth_4307,734
synth_4319,733
synth_4314,733
synth_4317,733
synth_4318,733
synth_4313,733
synth_4316,733
synth_4315,733
synth_4312,733
synth_4326,732
synth_4325,732
synth_4323,732
synth_4320,732
synth_4322,732
synth_4324,732
synth_4321,732
synth_4332,731
synth_4328,731
synth_4329,731
synth_4331,731
synth_4330,731
synth_4333,731
synth_4327,731
synth_4339,730
synth_4335,730
synth_4340,730
synth_4341,730
synth_4334,730
synth_4336,730
synth_4338,730
synth_4337,730
synth_4344,729
synth_4343,729
synth_4348,729
synth_4342,729
synth_4345,729
synth_4346,729
synth_4347,729
synth_4354,728
synth_4350,728
synth_4356,728
synth_4351,728
synth_4353,728
synth_4355,728
synth_4352,728
synth_4349,728
synth_4357,727
synth_4361,727
synth_4358,727
synth_4362,727
synth_4363,727
synth_4359,727
synth_4360,727
synth_4364,726
synth_4371,726
synth_4368,726
synth_4366,726
synth_4369,726
synth_4367,726
synth_4370,726
synth_4365,726
synth_4376,725
synth_4377,725
synth_4372,725
synth_4375,725
synth_4374,725
synth_4373,725
synth_4378,725
synth_4379,724
synth_4383,724
synth_4385,724
synth_4380,724
synth_4381,724
synth_4384,724
synth_4382,724
synth_4386,724
synth_4393,723
synth_4388,723
synth_4392,723
synth_4389,723
synth_4390,723
synth_4391,723
synth_4387,723
synth_4401,722
synth_4395,722
synth_4400,722
synth_4397,722
synth_4399,722
synth_4396,722
synth_4398,722
synth_4394,722
synth_4406,721
synth_4405,721
synth_4408,721
synth_4403,721
synth_4404,721
synth_4402,721
synth_4409,721
synth_4407,721
synth_4411,720
synth_4416,720
synth_4415,720
synth_4413,720
synth_4410,720
synth_4412,720
synth_4414,720
synth_4418,719
synth_4417,719
synth_4419,719
synth_4422,719
synth_4424,719
synth_4420,719
synth_4423,719
synth_4421,719
synth_4427,718
synth_4432,718
synth_4425,718
synth_4428,718
synth_4429,718
synth_4431,718
synth_4430,718
synth_4426,718
synth_4434,717
synth_4437,717
synth_4433,717
synth_4436,717
synth_4439,717
synth_4438,717
synth_4435,717
synth_4447,716
synth_4440,716
synth_4446,716
synth_4444,716
synth_4445,716
synth_4443,716
synth_4441,716
synth_4442,716
synth_4450,715
synth_4454,715
synth_4448,715
synth_4452,715
synth_4453,715
synth_4449,715
synth_4451,715
synth_4455,715
synth_4463,714
synth_4459,714
synth_4457,714
synth_4460,714
synth_4458,714
synth_4461,714
synth_4456,714
synth_4462,714
synth_4469,713
synth_4471,713
synth_4464,713
synth_4468,713
synth_4466,713
synth_4470,713
synth_4467,713
synth_4465,713
synth_4478,712
synth_4474,712
synth_4476,712
synth_4473,712
synth_4472,712
synth_4477,712
synth_4475,712
synth_4482,711
synth_4480,711
synth_4479,711
synth_4484,711
synth_4485,711
synth_4483,711
synth_4486,711
synth_4481,711
synth_4488,710
synth_4487,710
synth_4492,710
synth_4489,710
synth_4493,710
synth_4490,710
synth_4491,710
synth_4494,710
synth_4495,709
synth_4501,709
synth_4496,709
synth_4499,709
synth_4500,709
synth_4502,709
synth_4497,709
synth_4498,709
synth_4508,708
synth_4509,708
synth_4503,708
synth_4505,708
synth_4507,708
synth_4510,708
synth_4504,708
synth_4506,708
synth_4514,707
synth_4518,707
synth_4513,707
synth_4517,707
synth_4511,707
synth_4515,707
synth_4512,707
synth_4516,707
synth_4522,706
synth_4524,706
synth_4523,706
synth_4520,706
synth_4521,706
synth_4519,706
synth_4526,706
synth_4525,706
synth_4528,705
synth_4527,705
synth_4534,705
synth_4531,705
synth_4532,705
synth_4533,705
synth_4530,705
synth_4529,705
synth_4535,704
synth_4536,704
synth_4539,704
synth_4541,704
synth_4540,704
synth_4538,704
synth_4542,704
synth_4537,704
synth_4547,703
synth_4550,703
synth_4543,703
synth_4549,703
synth_4548,703
synth_4545,703
synth_4544,703
synth_4546,703
synth_4552,702
synth_4551,702
synth_4553,702
synth_4555,702
synth_4558,702
synth_4556,702
synth_4557,702
synth_4554,702
synth_4559,701
synth_4563,701
synth_4561,701
synth_4566,701
synth_4565,701
synth_4567,701
synth_4560,701
synth_4564,701
synth_4562,701
synth_4568,700
synth_4571,700
synth_4569,700
synth_4572,700
synth_4574,700
synth_4573,700
synth_4575,700
synth_4570,700
synth_4583,699
synth_4580,699
synth_4581,699
synth_4576,699
synth_4582,699
synth_4578,699
synth_4577,699
synth_4579,699
synth_4587,698
synth_4585,698
synth_4591,698
synth_4588,698
synth_4589,698
synth_4586,698
synth_4590,698
synth_4584,698
synth_4593,697
synth_4594,697
synth_4595,697
synth_4598,697
synth_4597,697
synth_4592,697
synth_4599,697
synth_4596,697
synth_4606,696
synth_4602,696
synth_4608,696
synth_4603,696
synth_4601,696
synth_4607,696
synth_4604,696
synth_4600,696
synth_4605,696
synth_4613,695
synth_4616,695
synth_4615,695
synth_4611,695
synth_4609,695
synth_4614,695
synth_4610,695
synth_4612,695
synth_4623,694
synth_4621,694
synth_4620,694
synth_4622,694
synth_4617,694
synth_4624,694
synth_4618,694
synth_4619,694
synth_4629,693
synth_4631,693
synth_4628,693
synth_4632,693
synth_4630,693
synth_4626,693
synth_4625,693
synth_4633,693
synth_4627,693
synth_4635,692
synth_4636,692
synth_4639,692
synth_4640,692
synth_4641,692
synth_4634,692
synth_4637,692
synth_4638,692
synth_4644,691
synth_4649,691
synth_4642,691
synth_4643,691
synth_4646,691
synth_4647,691
synth_4648,691
synth_4645,691
synth_4653,690
synth_4654,690
synth_4657,690
synth_4656,690
synth_4652,690
synth_4650,690
synth_4658,690
synth_4651,690
synth_4655,690
synth_4665,689
synth_4663,689
synth_4664,689
synth_4662,689
synth_4661,689
synth_4666,689
synth_4660,689
synth_4659,689
synth_4671,688
synth_4673,688
synth_4670,688
synth_4667,688
synth_4675,688
synth_4669,688
synth_4668,688
synth_4672,688
synth_4674,688
synth_4676,687
synth_4679,687
synth_4680,687
synth_4683,687
synth_4677,687
synth_4682,687
synth_4681,687
synth_4678,687
synth_4689,686
synth_4692,686
synth_4690,686
synth_4686,686
synth_4691,686
synth_4688,686
synth_4685,686
synth_4687,686
synth_4684,686
synth_4700,685
synth_4698,685
synth_4696,685
synth_4697,685
synth_4695,685
synth_4699,685
synth_4694,685
synth_4693,685
synth_4708,684
synth_4701,684
synth_4702,684
synth_4705,684
synth_4703,684
synth_4709,684
synth_4706,684
synth_4707,684
synth_4704,684
synth_4714,683
synth_4710,683
synth_4716,683
synth_4712,683
synth_4715,683
synth_4718,683
synth_4711,683
synth_4713,683
synth_4717,683
synth_4723,682
synth_4725,682
synth_4722,682
synth_4719,682
synth_4726,682
synth_4721,682
synth_4724,682
synth_4720,682
synth_4732,681
synth_4733,681
synth_4730,681
synth_4735,681
synth_4727,681
synth_4731,681
synth_4728,681
synth_4734,681
synth_4729,681
synth_4741,680
synth_4737,680
synth_4742,680
synth_4740,680
synth_4738,680
synth_4743,680
synth_4739,680
synth_4736,680
synth_4744,680
synth_4749,679
synth_4748,679
synth_4747,679
synth_4746,679
synth_4745,679
synth_4750,679
synth_4752,679
synth_4751,679
synth_4756,678
synth_4753,678
synth_4759,678
synth_4755,678
synth_4761,678
synth_4760,678
synth_4757,678
synth_4754,678
synth_4758,678
synth_4770,677
synth_4762,677
synth_4768,677
synth_4769,677
synth_4766,677
synth_4763,677
synth_4765,677
synth_4764,677
synth_4767,677
synth_4773,676
synth_4771,676
synth_4778,676
synth_4774,676
synth_4777,676
synth_4776,676
synth_4779,676
synth_4772,676
synth_4775,676
synth_4782,675
synth_4787,675
synth_4786,675
synth_4781,675
synth_4784,675
synth_4788,675
synth_4785,675
synth_4783,675
synth_4780,675
synth_4791,674
synth_4795,674
synth_4793,674
synth_4796,674
synth_4790,674
synth_4792,674
synth_4794,674
synth_4789,674
synth_4797,674
synth_4799,673
synth_4798,673
synth_4806,673
synth_4800,673
synth_4804,673
synth_4801,673
synth_4805,673
synth_4803,673
synth_4802,673
synth_4813,672
synth_4810,672
synth_4811,672
synth_4812,672
synth_4807,672
synth_4808,672
synth_4814,672
synth_4809,672
synth_4823,671
synth_4818,671
synth_4816,671
synth_4817,671
synth_4820,671
synth_4821,671
synth_4822,671
synth_4815,671
synth_4819,671
synth_4824,670
synth_4827,670
synth_4826,670
synth_4832,670
synth_4829,670
synth_4828,670
synth_4830,670
synth_4825,670
synth_4831,670
synth_4837,669
synth_4838,669
synth_4836,669
synth_4835,669
synth_4841,669
synth_4840,669
synth_4839,669
synth_4834,669
synth_4833,669
synth_4843,668
synth_4845,668
synth_4842,668
synth_4846,668
synth_4844,668
synth_4851,668
synth_4848,668
synth_4847,668
synth_4849,668
synth_4850,668
synth_4853,667
synth_4859,667
synth_4852,667
synth_4858,667
synth_4856,667
synth_4854,667
synth_4857,667
synth_4855,667
synth_4860,667
synth_4867,666
synth_4868,666
synth_4865,666
synth_4861,666
synth_4863,666
synth_4869,666
synth_4862,666
synth_4864,666
synth_4866,666
synth_4876,665
synth_4874,665
synth_4870,665
synth_4875,665
synth_4878,665
synth_4873,665
synth_4877,665
synth_4872,665
synth_4871,665
synth_4881,664
synth_4883,664
synth_4879,664
synth_4886,664
synth_4882,664
synth_4884,664
synth_4887,664
synth_4880,664
synth_4885,664
synth_4889,663
synth_4894,663
synth_4892,663
synth_4896,663
synth_4891,663
synth_4893,663
synth_4888,663
synth_4890,663
synth_4895,663
synth_4901,662
synth_4905,662
synth_4902,662
synth_4898,662
synth_4903,662
synth_4899,662
synth_4906,662
synth_4897,662
synth_4900,662
synth_4904,662
synth_4911,661
synth_4908,661
synth_4907,661
synth_4913,661
synth_4914,661
synth_4910,661
synth_4915,661
synth_4909,661
synth_4912,661
synth_4919,660
synth_4918,660
synth_4922,660
synth_4917,660
synth_4921,660
synth_4923,660
synth_4924,660
synth_4916,660
synth_4920,660
synth_4928,659
synth_4929,659
synth_4932,659
synth_4934,659
synth_4927,659
synth_4925,659
synth_4930,659
synth_4933,659
synth_4926,659
synth_4931,659
synth_4937,658
synth_4941,658
synth_4943,658
synth_4942,658
synth_4935,658
synth_4938,658
synth_4940,658
synth_4939,658
synth_4936,658
synth_4947,657
synth_4946,657
synth_4948,657
synth_4952,657
synth_4949,657
synth_4950,657
synth_4944,657
synth_4945,657
synth_4951,657
synth_4962,656
synth_4958,656
synth_4961,656
synth_4953,656
synth_4960,656
synth_4956,656
synth_4957,656
synth_4954,656
synth_4955,656
synth_4959,656
synth_4967,655
synth_4966,655
synth_4963,655
synth_4964,655
synth_4970,655
synth_4968,655
synth_4971,655
synth_4965,655
synth_4969,655
synth_4977,654
synth_4972,654
synth_4975,654
synth_4976,654
synth_4978,654
synth_4981,654
synth_4980,654
synth_4979,654
synth_4974,654
synth_4973,654
synth_4987,653
synth_4988,653
synth_4989,653
synth_4986,653
synth_4985,653
synth_4983,653
synth_4982,653
synth_4990,653
synth_4984,653
synth_5000,652
synth_4998,652
synth_4997,652
synth_4996,652
synth_4992,652
synth_4993,652
synth_4991,652
synth_4999,652
synth_4994,652
synth_4995,652
synth_5010,651
synth_5003,651
synth_5006,651
synth_5009,651
synth_5004,651
synth_5002,651
synth_5007,651
synth_5001,651
synth_5008,651
synth_5005,651
synth_5017,650
synth_5011,650
synth_5018,650
synth_5016,650
synth_5015,650
synth_5012,650
synth_5019,650
synth_5014,650
synth_5013,650
synth_5024,649
synth_5027,649
synth_5025,649
synth_5023,649
synth_5021,649
synth_5022,649
synth_5029,649
synth_5020,649
synth_5026,649
synth_5028,649
synth_5038,648
synth_5030,648
synth_5039,648
synth_5035,648
synth_5036,648
synth_5031,648
synth_5032,648
synth_5037,648
synth_5033,648
synth_5034,648
synth_5044,647
synth_5042,647
synth_5048,647
synth_5041,647
synth_5043,647
synth_5047,647
synth_5045,647
synth_5046,647
synth_5040,647
synth_5049,646
synth_5052,646
synth_5055,646
synth_5054,646
synth_5057,646
synth_5056,646
synth_5058,646
synth_5051,646
synth_5053,646
synth_5050,646
synth_5064,645
synth_5065,645
synth_5060,645
synth_5066,645
synth_5059,645
synth_5061,645
synth_5067,645
synth_5063,645
synth_5062,645
synth_5068,645
synth_5072,644
synth_5069,644
synth_5073,644
synth_5070,644
synth_5074,644
synth_5077,644
synth_5071,644
synth_5078,644
synth_5076,644
synth_5075,644
synth_5087,643
synth_5088,643
synth_5080,643
synth_5083,643
synth_5086,643
synth_5079,643
synth_5082,643
synth_5084,643
synth_5085,643
synth_5081,643
synth_5089,642
synth_5091,642
synth_5097,642
synth_5090,642
synth_5098,642
synth_5092,642
synth_5093,642
synth_5094,642
synth_5095,642
synth_5096,642
synth_5105,641
synth_5101,641
synth_5100,641
synth_5102,641
synth_5099,641
synth_5103,641
synth_5107,641
synth_5106,641
synth_5104,641
synth_5116,640
synth_5113,640
synth_5115,640
synth_5109,640
synth_5111,640
synth_5117,640
synth_5108,640
synth_5114,640
synth_5110,640
synth_5112,640
synth_5119,639
synth_5124,639
synth_5122,639
synth_5123,639
synth_5126,639
synth_5120,639
synth_5127,639
synth_5128,639
synth_5125,639
synth_5118,639
synth_5121,639
synth_5136,638
synth_5138,638
synth_5137,638
synth_5134,638
synth_5131,638
synth_5130,638
synth_5133,638
synth_5135,638
synth_5132,638
synth_5129,638
synth_5147,637
synth_5144,637
synth_5143,637
synth_5140,637
synth_5142,637
synth_5141,637
synth_5148,637
synth_5139,637
synth_5146,637
synth_5145,637
synth_5154,636
synth_5151,636
synth_5150,636
synth_5149,636
synth_5156,636
synth_5153,636
synth_5157,636
synth_5158,636
synth_5152,636
synth_5155,636
synth_5166,635
synth_5167,635
synth_5161,635
synth_5159,635
synth_5165,635
synth_5168,635
synth_5160,635
synth_5162,635
synth_5163,635
synth_5164,635
synth_5169,634
synth_5174,634
synth_5170,634
synth_5172,634
synth_5171,634
synth_5175,634
synth_5177,634
synth_5173,634
synth_5176,634
synth_5178,634
synth_5183,633
synth_5180,633
synth_5184,633
synth_5179,633
synth_5185,633
synth_5182,633
synth_5188,633
synth_5186,633
synth_5181,633
synth_5187,633
synth_5197,632
synth_5189,632
synth_5191,632
synth_5199,632
synth_5193,632
synth_5196,632
synth_5190,632
synth_5198,632
synth_5194,632
synth_5192,632
synth_5195,632
synth_5209,631
synth_5208,631
synth_5203,631
synth_5200,631
synth_5201,631
synth_5205,631
synth_5207,631
synth_5202,631
synth_5204,631
synth_5206,631
synth_5215,630
synth_5216,630
synth_5219,630
synth_5218,630
synth_5217,630
synth_5211,630
synth_5213,630
synth_5212,630
synth_5210,630
synth_5214,630
synth_5227,629
synth_5220,629
synth_5229,629
synth_5225,629
synth_5222,629
synth_5224,629
synth_5228,629
synth_5230,629
synth_5221,629
synth_5226,629
synth_5223,629
synth_5236,628
synth_5239,628
synth_5233,628
synth_5238,628
synth_5231,628
synth_5232,628
synth_5235,628
synth_5237,628
synth_5240,628
synth_5234,628
synth_5243,627
synth_5248,627
synth_5245,627
synth_5250,627
synth_5241,627
synth_5242,627
synth_5244,627
synth_5249,627
synth_5246,627
synth_5251,627
synth_5247,627
synth_5256,626
synth_5260,626
synth_5261,626
synth_5253,626
synth_5255,626
synth_5258,626
synth_5257,626
synth_5254,626
synth_5259,626
synth_5252,626
synth_5267,625
synth_5262,625
synth_5272,625
synth_5270,625
synth_5265,625
synth_5264,625
synth_5271,625
synth_5268,625
synth_5269,625
synth_5263,625
synth_5266,625
synth_5273,624
synth_5278,624
synth_5279,624
synth_5275,624
synth_5277,624
synth_5281,624
synth_5282,624
synth_5274,624
synth_5276,624
synth_5280,624
synth_5290,623
synth_5289,623
synth_5287,623
synth_5284,623
synth_5291,623
synth_5286,623
synth_5283,623
synth_5293,623
synth_5285,623
synth_5288,623
synth_5292,623
synth_5299,622
synth_5298,622
synth_5303,622
synth_5300,622
synth_5301,622
synth_5295,622
synth_5294,622
synth_5297,622
synth_5296,622
synth_5302,622
synth_5310,621
synth_5309,621
synth_5306,621
synth_5311,621
synth_5314,621
synth_5304,621
synth_5313,621
synth_5307,621
synth_5305,621
synth_5312,621
synth_5308,621
synth_5316,620
synth_5323,620
synth_5320,620
synth_5322,620
synth_5325,620
synth_5318,620
synth_5317,620
synth_5319,620
synth_5324,620
synth_5315,620
synth_5321,620
synth_5329,619
synth_5332,619
synth_5331,619
synth_5336,619
synth_5333,619
synth_5335,619
synth_5330,619
synth_5326,619
synth_5334,619
synth_5327,619
synth_5328,619
synth_5345,618
synth_5339,618
synth_5344,618
synth_5337,618
synth_5346,618
synth_5341,618
synth_5343,618
synth_5340,618
synth_5342,618
synth_5338,618
synth_5355,617
synth_5354,617
synth_5353,617
synth_5357,617
synth_5348,617
synth_5356,617
synth_5351,617
synth_5350,617
synth_5349,617
synth_5352,617
synth_5347,617
synth_5362,616
synth_5365,616
synth_5367,616
synth_5360,616
synth_5363,616
synth_5358,616
synth_5366,616
synth_5364,616
synth_5368,616
synth_5359,616
synth_5361,616
synth_5371,615
synth_5377,615
synth_5372,615
synth_5375,615
synth_5378,615
synth_5369,615
synth_5379,615
synth_5376,615
synth_5374,615
synth_5370,615
synth_5373,615
synth_5384,614
synth_5388,614
synth_5387,614
synth_5381,614
synth_5383,614
synth_5380,614
synth_5385,614
synth_5389,614
synth_5390,614
synth_5382,614
synth_5386,614
synth_5392,613
synth_5397,613
synth_5391,613
synth_5393,613
synth_5400,613
synth_5398,613
synth_5394,613
synth_5401,613
synth_5395,613
synth_5399,613
synth_5396,613
synth_5412,612
synth_5408,612
synth_5403,612
synth_5402,612
synth_5404,612
synth_5405,612
synth_5409,612
synth_5406,612
synth_5411,612
synth_5407,612
synth_5410,612
synth_5413,611
synth_5423,611
synth_5417,611
synth_5420,611
synth_5418,611
synth_5414,611
synth_5415,611
synth_5419,611
synth_5422,611
synth_5416,611
synth_5421,611
synth_5431,610
synth_5426,610
synth_5434,610
synth_5425,610
synth_5432,610
synth_5428,610
synth_5430,610
synth_5427,610
synth_5424,610
synth_5433,610
synth_5429,610
synth_5440,609
synth_5442,609
synth_5435,609
synth_5441,609
synth_5443,609
synth_5439,609
synth_5444,609
synth_5436,609
synth_5438,609
synth_5445,609
synth_5437,609
synth_5452,608
synth_5453,608
synth_5447,608
synth_5448,608
synth_5449,608
synth_5456,608
synth_5451,608
synth_5450,608
synth_5455,608
synth_5454,608
synth_5457,608
synth_5446,608
synth_5463,607
synth_5466,607
synth_5465,607
synth_5468,607
synth_5461,607
synth_5467,607
synth_5464,607
synth_5460,607
synth_5462,607
synth_5459,607
synth_5458,607
synth_5469,606
synth_5474,606
synth_5473,606
synth_5472,606
synth_5478,606
synth_5479,606
synth_5470,606
synth_5475,606
synth_5476,606
synth_5477,606
synth_5471,606
synth_5491,605
synth_5481,605
synth_5482,605
synth_5487,605
synth_5483,605
synth_5485,605
synth_5480,605
synth_5489,605
synth_5490,605
synth_5486,605
synth_5484,605
synth_5488,605
synth_5500,604
synth_5502,604
synth_5493,604
synth_5495,604
synth_5498,604
synth_5497,604
synth_5496,604
synth_5499,604
synth_5492,604
synth_5494,604
synth_5501,604
synth_5508,603
synth_5504,603
synth_5505,603
synth_5509,603
synth_5506,603
synth_5507,603
synth_5510,603
synth_5503,603
synth_5511,603
synth_5512,603
synth_5513,603
synth_5515,602
synth_5525,602
synth_5519,602
synth_5516,602
synth_5518,602
synth_5522,602
synth_5523,602
synth_5517,602
synth_5520,602
synth_5524,602
synth_5521,602
synth_5514,602
synth_5536,601
synth_5527,601
synth_5532,601
synth_5535,601
synth_5534,601
synth_5529,601
synth_5526,601
synth_5533,601
synth_5531,601
synth_5530,601
synth_5528,601
synth_5543,600
synth_5542,600
synth_5545,600
synth_5541,600
synth_5540,600
synth_5539,600
synth_5548,600
synth_5547,600
synth_5546,600
synth_5544,600
synth_5537,600
synth_5538,600
synth_5552,599
synth_5550,599
synth_5557,599
synth_5556,599
synth_5551,599
synth_5558,599
synth_5559,599
synth_5554,599
synth_5549,599
synth_5553,599
synth_5555,599
synth_5570,598
synth_5562,598
synth_5568,598
synth_5569,598
synth_5571,598
synth_5561,598
synth_5564,598
synth_5566,598
synth_5563,598
synth_5565,598
synth_5560,598
synth_5567,598
synth_5583,597
synth_5577,597
synth_5581,597
synth_5582,597
synth_5580,597
synth_5572,597
synth_5576,597
synth_5579,597
synth_5575,597
synth_5578,597
synth_5573,597
synth_5574,597
synth_5594,596
synth_5592,596
synth_5589,596
synth_5591,596
synth_5584,596
synth_5593,596
synth_5587,596
synth_5586,596
synth_5585,596
synth_5588,596
synth_5590,596
synth_5606,595
synth_5605,595
synth_5603,595
synth_5597,595
synth_5601,595
synth_5599,595
synth_5600,595
synth_5598,595
synth_5604,595
synth_5596,595
synth_5595,595
synth_5602,595
synth_5613,594
synth_5612,594
synth_5611,594
synth_5615,594
synth_5618,594
synth_5616,594
synth_5609,594
synth_5617,594
synth_5614,594
synth_5607,594
synth_5610,594
synth_5608,594
synth_5628,593
synth_5624,593
synth_5629,593
synth_5625,593
synth_5621,593
synth_5630,593
synth_5623,593
synth_5622,593
synth_5626,593
synth_5619,593
synth_5620,593
synth_5627,593
synth_5634,592
synth_5633,592
synth_5638,592
synth_5641,592
synth_5636,592
synth_5635,592
synth_5632,592
synth_5642,592
synth_5631,592
synth_5640,592
synth_5639,592
synth_5637,592
synth_5644,591
synth_5654,591
synth_5647,591
synth_5646,591
synth_5645,591
synth_5650,591
synth_5649,591
synth_5652,591
synth_5653,591
synth_5651,591
synth_5648,591
synth_5643,591
synth_5660,590
synth_5666,590
synth_5665,590
synth_5662,590
synth_5661,590
synth_5656,590
synth_5663,590
synth_5655,590
synth_5657,590
synth_5659,590
synth_5664,590
synth_5658,590
synth_5670,589
synth_5672,589
synth_5678,589
synth_5671,589
synth_5667,589
synth_5675,589
synth_5668,589
synth_5673,589
synth_5674,589
synth_5677,589
synth_5669,589
synth_5676,589
synth_5681,588
synth_5689,588
synth_5687,588
synth_5683,588
synth_5679,588
synth_5684,588
synth_5680,588
synth_5686,588
synth_5685,588
synth_5690,588
synth_5682,588
synth_5688,588
synth_5700,587
synth_5698,587
synth_5701,587
synth_5694,587
synth_5699,587
synth_5702,587
synth_5696,587
synth_5697,587
synth_5692,587
synth_5691,587
synth_5695,587
synth_5693,587
synth_5709,586
synth_5703,586
synth_5706,586
synth_5713,586
synth_5705,586
synth_5708,586
synth_5711,586
synth_5710,586
synth_5714,586
synth_5707,586
synth_5712,586
synth_5704,586
synth_5715,585
synth_5725,585
synth_5724,585
synth_5726,585
synth_5716,585
synth_5718,585
synth_5721,585
synth_5722,585
synth_5719,585
synth_5720,585
synth_5717,585
synth_5723,585
synth_5729,584
synth_5730,584
synth_5739,584
synth_5731,584
synth_5732,584
synth_5735,584
synth_5736,584
synth_5738,584
synth_5728,584
synth_5737,584
synth_5733,584
synth_5734,584
synth_5727,584
synth_5746,583
synth_5751,583
synth_5740,583
synth_5749,583
synth_5745,583
synth_5743,583
synth_5742,583
synth_5748,583
synth_5744,583
synth_5747,583
synth_5741,583
synth_5750,583
synth_5752,582
synth_5760,582
synth_5756,582
synth_5759,582
synth_5754,582
synth_5758,582
synth_5761,582
synth_5757,582
synth_5755,582
synth_5762,582
synth_5753,582
synth_5763,582
synth_5776,581
synth_5766,581
synth_5774,581
synth_5770,581
synth_5772,581
synth_5773,581
synth_5764,581
synth_5767,581
synth_5768,581
synth_5769,581
synth_5765,581
synth_5775,581
synth_5771,581
synth_5780,580
synth_5782,580
synth_5788,580
synth_5785,580
synth_5787,580
synth_5777,580
synth_5779,580
synth_5781,580
synth_5786,580
synth_5784,580
synth_5783,580
synth_5778,580
synth_5795,579
synth_5794,579
synth_5793,579
synth_5791,579
synth_5799,579
synth_5800,579
synth_5790,579
synth_5792,579
synth_5796,579
synth_5798,579
synth_5789,579
synth_5801,579
synth_5797,579
synth_5805,578
synth_5809,578
synth_5812,578
synth_5803,578
synth_5810,578
synth_5811,578
synth_5813,578
synth_5807,578
synth_5802,578
synth_5808,578
synth_5806,578
synth_5804,578
synth_5825,577
synth_5819,577
synth_5820,577
synth_5815,577
synth_5816,577
synth_5823,577
synth_5817,577
synth_5814,577
synth_5824,577
synth_5822,577
synth_5818,577
synth_5826,577
synth_5821,577
synth_5832,576
synth_5837,576
synth_5839,576
synth_5833,576
synth_5835,576
synth_5836,576
synth_5828,576
synth_5838,576
synth_5830,576
synth_5831,576
synth_5834,576
synth_5827,576
synth_5829,576
synth_5849,575
synth_5851,575
synth_5848,575
synth_5840,575
synth_5844,575
synth_5846,575
synth_5842,575
synth_5845,575
synth_5841,575
synth_5847,575
synth_5843,575
synth_5850,575
synth_5860,574
synth_5862,574
synth_5859,574
synth_5854,574
synth_5852,574
synth_5861,574
synth_5853,574
synth_5857,574
synth_5856,574
synth_5864,574
synth_5858,574
synth_5855,574
synth_5863,574
synth_5867,573
synth_5868,573
synth_5869,573
synth_5876,573
synth_5875,573
synth_5866,573
synth_5874,573
synth_5872,573
synth_5865,573
synth_5873,573
synth_5877,573
synth_5870,573
synth_5871,573
synth_5889,572
synth_5883,572
synth_5878,572
synth_5882,572
synth_5885,572
synth_5886,572
synth_5880,572
synth_5884,572
synth_5890,572
synth_5879,572
synth_5887,572
synth_5881,572
synth_5888,572
synth_5899,571
synth_5894,571
synth_5897,571
synth_5900,571
synth_5893,571
synth_5895,571
synth_5892,571
synth_5896,571
synth_5902,571
synth_5891,571
synth_5903,571
synth_5901,571
synth_5898,571
synth_5904,570
synth_5910,570
synth_5913,570
synth_5912,570
synth_5911,570
synth_5907,570
synth_5908,570
synth_5906,570
synth_5914,570
synth_5915,570
synth_5905,570
synth_5916,570
synth_5909,570
synth_5919,569
synth_5922,569
synth_5918,569
synth_5917,569
synth_5924,569
synth_5929,569
synth_5921,569
synth_5923,569
synth_5928,569
synth_5925,569
synth_5927,569
synth_5926,569
synth_5920,569
synth_5933,568
synth_5941,568
synth_5931,568
synth_5939,568
synth_5940,568
synth_5934,568
synth_5937,568
synth_5932,568
synth_5930,568
synth_5938,568
synth_5935,568
synth_5942,568
synth_5936,568
synth_5946,567
synth_5949,567
synth_5945,567
synth_5952,567
synth_5950,567
synth_5954,567
synth_5948,567
synth_5953,567
synth_5943,567
synth_5947,567
synth_5944,567
synth_5955,567
synth_5951,567
synth_5961,566
synth_5958,566
synth_5963,566
synth_5966,566
synth_5962,566
synth_5956,566
synth_5960,566
synth_5967,566
synth_5957,566
synth_5965,566
synth_5959,566
synth_5964,566
synth_5968,566
synth_5975,565
synth_5973,565
synth_5980,565
synth_5972,565
synth_5974,565
synth_5981,565
synth_5976,565
synth_5979,565
synth_5969,565
synth_5977,565
synth_5971,565
synth_5970,565
synth_5978,565
synth_5990,564
synth_5989,564
synth_5991,564
synth_5994,564
synth_5985,564
synth_5982,564
synth_5984,564
synth_5993,564
synth_5983,564
synth_5986,564
synth_5988,564
synth_5992,564
synth_5987,564
synth_6000,563
synth_6008,563
synth_6005,563
synth_5996,563
synth_6006,563
synth_6003,563
synth_6007,563
synth_5995,563
synth_5999,563
synth_6004,563
synth_5997,563
synth_5998,563
synth_6001,563
synth_6002,563
synth_6019,562
synth_6011,562
synth_6018,562
synth_6009,562
synth_6020,562
synth_6016,562
synth_6014,562
synth_6017,562
synth_6021,562
synth_6015,562
synth_6010,562
synth_6013,562
synth_6012,562
synth_6027,561
synth_6028,561
synth_6030,561
synth_6025,561
synth_6035,561
synth_6026,561
synth_6033,561
synth_6034,561
synth_6024,561
synth_6023,561
synth_6032,561
synth_6031,561
synth_6022,561
synth_6029,561
synth_6043,560
synth_6037,560
synth_6042,560
synth_6039,560
synth_6045,560
synth_6040,560
synth_6044,560
synth_6036,560
synth_6047,560
synth_6046,560
synth_6041,560
synth_6038,560
synth_6048,560
synth_6051,559
synth_6060,559
synth_6055,559
synth_6056,559
synth_6053,559
synth_6059,559
synth_6058,559
synth_6052,559
synth_6049,559
synth_6062,559
synth_6057,559
synth_6061,559
synth_6054,559
synth_6050,559
synth_6074,558
synth_6068,558
synth_6064,558
synth_6075,558
synth_6063,558
synth_6071,558
synth_6065,558
synth_6070,558
synth_6066,558
synth_6073,558
synth_6067,558
synth_6072,558
synth_6069,558
synth_6076,557
synth_6084,557
synth_6082,557
synth_6081,557
synth_6087,557
synth_6077,557
synth_6078,557
synth_6088,557
synth_6086,557
synth_6080,557
synth_6089,557
synth_6079,557
synth_6085,557
synth_6083,557
synth_6092,556
synth_6091,556
synth_6096,556
synth_6098,556
synth_6094,556
synth_6099,556
synth_6103,556
synth_6097,556
synth_6090,556
synth_6093,556
synth_6100,556
synth_6101,556
synth_6095,556
synth_6102,556
synth_6114,555
synth_6107,555
synth_6111,555
synth_6113,555
synth_6110,555
synth_6115,555
synth_6105,555
synth_6116,555
synth_6104,555
synth_6112,555
synth_6106,555
synth_6108,555
synth_6109,555
synth_6117,554
synth_6120,554
synth_6126,554
synth_6127,554
synth_6122,554
synth_6123,554
synth_6130,554
synth_6124,554
synth_6118,554
synth_6125,554
synth_6129,554
synth_6119,554
synth_6128,554
synth_6121,554
synth_6141,553
synth_6138,553
synth_6131,553
synth_6133,553
synth_6140,553
synth_6137,553
synth_6132,553
synth_6135,553
synth_6134,553
synth_6144,553
synth_6139,553
synth_6142,553
synth_6143,553
synth_6136,553
synth_6153,552
synth_6157,552
synth_6154,552
synth_6156,552
synth_6145,552
synth_6147,552
synth_6151,552
synth_6152,552
synth_6146,552
synth_6149,552
synth_6158,552
synth_6148,552
synth_6150,552
synth_6155,552
synth_6172,551
synth_6169,551
synth_6170,551
synth_6165,551
synth_6160,551
synth_6166,551
synth_6167,551
synth_6161,551
synth_6168,551
synth_6171,551
synth_6162,551
synth_6159,551
synth_6164,551
synth_6163,551
synth_6180,550
synth_6183,550
synth_6181,550
synth_6176,550
synth_6177,550
synth_6184,550
synth_6174,550
synth_6179,550
synth_6186,550
synth_6173,550
synth_6182,550
synth_6178,550
synth_6185,550
synth_6175,550
synth_6198,549
synth_6189,549
synth_6193,549
synth_6200,549
synth_6187,549
synth_6194,549
synth_6191,549
synth_6196,549
synth_6192,549
synth_6197,549
synth_6199,549
synth_6188,549
synth_6190,549
synth_6195,549
synth_6204,548
synth_6206,548
synth_6210,548
synth_6209,548
synth_6202,548
synth_6205,548
synth_6207,548
synth_6201,548
synth_6203,548
synth_6211,548
synth_6212,548
synth_6213,548
synth_6208,548
synth_6214,548
synth_6219,547
synth_6224,547
synth_6215,547
synth_6226,547
synth_6225,547
synth_6222,547
synth_6228,547
synth_6227,547
synth_6220,547
synth_6218,547
synth_6221,547
synth_6223,547
synth_6217,547
synth_6216,547
synth_6239,546
synth_6233,546
synth_6230,546
synth_6236,546
synth_6229,546
synth_6235,546
synth_6231,546
synth_6243,546
synth_6232,546
synth_6238,546
synth_6242,546
synth_6237,546
synth_6234,546
synth_6241,546
synth_6240,546
synth_6245,545
synth_6247,545
synth_6246,545
synth_6254,545
synth_6250,545
synth_6252,545
synth_6257,545
synth_6256,545
synth_6249,545
synth_6251,545
synth_6248,545
synth_6244,545
synth_6255,545
synth_6253,545
synth_6266,544
synth_6271,544
synth_6262,544
synth_6259,544
synth_6267,544
synth_6269,544
synth_6270,544
synth_6268,544
synth_6264,544
synth_6260,544
synth_6258,544
synth_6263,544
synth_6265,544
synth_6261,544
synth_6279,543
synth_6276,543
synth_6273,543
synth_6272,543
synth_6282,543
synth_6274,543
synth_6284,543
synth_6277,543
synth_6275,543
synth_6286,543
synth_6280,543
synth_6285,543
synth_6278,543
synth_6283,543
synth_6281,543
synth_6289,542
synth_6292,542
synth_6297,542
synth_6298,542
synth_6300,542
synth_6287,542
synth_6291,542
synth_6288,542
synth_6296,542
synth_6293,542
synth_6290,542
synth_6295,542
synth_6299,542
synth_6294,542
synth_6309,541
synth_6310,541
synth_6305,541
synth_6312,541
synth_6308,541
synth_6303,541
synth_6315,541
synth_6307,541
synth_6311,541
synth_6313,541
synth_6302,541
synth_6306,541
synth_6301,541
synth_6314,541
synth_6304,541
synth_6318,540
synth_6322,540
synth_6325,540
synth_6320,540
synth_6326,540
synth_6330,540
synth_6324,540
synth_6329,540
synth_6323,540
synth_6321,540
synth_6327,540
synth_6316,540
synth_6328,540
synth_6319,540
synth_6317,540
synth_6338,539
synth_6340,539
synth_6342,539
synth_6335,539
synth_6343,539
synth_6333,539
synth_6331,539
synth_6334,539
synth_6336,539
synth_6341,539
synth_6344,539
synth_6339,539
synth_6337,539
synth_6332,539
synth_6353,538
synth_6348,538
synth_6356,538
synth_6350,538
synth_6359,538
synth_6358,538
synth_6345,538
synth_6355,538
synth_6354,538
synth_6352,538
synth_6347,538
synth_6349,538
synth_6351,538
synth_6346,538
synth_6357,538
synth_6373,537
synth_6366,537
synth_6374,537
synth_6361,537
synth_6372,537
synth_6367,537
synth_6364,537
synth_6369,537
synth_6370,537
synth_6365,537
synth_6371,537
synth_6360,537
synth_6363,537
synth_6368,537
synth_6362,537
synth_6378,536
synth_6385,536
synth_6380,536
synth_6379,536
synth_6376,536
synth_6377,536
synth_6383,536
synth_6381,536
synth_6387,536
synth_6386,536
synth_6384,536
synth_6375,536
synth_6388,536
synth_6389,536
synth_6382,536
synth_6392,535
synth_6402,535
synth_6399,535
synth_6395,535
synth_6400,535
synth_6393,535
synth_6390,535
synth_6403,535
synth_6404,535
synth_6396,535
synth_6401,535
synth_6397,535
synth_6398,535
synth_6394,535
synth_6391,535
synth_6416,534
synth_6418,534
synth_6407,534
synth_6405,534
synth_6408,534
synth_6406,534
synth_6415,534
synth_6419,534
synth_6410,534
synth_6414,534
synth_6412,534
synth_6411,534
synth_6409,534
synth_6413,534
synth_6417,534
synth_6434,533
synth_6429,533
synth_6420,533
synth_6421,533
synth_6423,533
synth_6428,533
synth_6427,533
synth_6430,533
synth_6426,533
synth_6433,533
synth_6425,533
synth_6432,533
synth_6424,533
synth_6422,533
synth_6431,533
synth_6448,532
synth_6439,532
synth_6447,532
synth_6446,532
synth_6438,532
synth_6445,532
synth_6443,532
synth_6442,532
synth_6436,532
synth_6440,532
synth_6437,532
synth_6435,532
synth_6449,532
synth_6441,532
synth_6444,532
synth_6460,531
synth_6451,531
synth_6457,531
synth_6453,531
synth_6461,531
synth_6458,531
synth_6464,531
synth_6454,531
synth_6463,531
synth_6455,531
synth_6459,531
synth_6450,531
synth_6452,531
synth_6456,531
synth_6462,531
synth_6466,530
synth_6474,530
synth_6465,530
synth_6473,530
synth_6479,530
synth_6469,530
synth_6468,530
synth_6471,530
synth_6476,530
synth_6475,530
synth_6472,530
synth_6478,530
synth_6477,530
synth_6470,530
synth_6467,530
synth_6492,529
synth_6485,529
synth_6488,529
synth_6490,529
synth_6484,529
synth_6487,529
synth_6494,529
synth_6480,529
synth_6486,529
synth_6482,529
synth_6489,529
synth_6483,529
synth_6495,529
synth_6491,529
synth_6493,529
synth_6481,529
synth_6501,528
synth_6510,528
synth_6498,528
synth_6509,528
synth_6507,528
synth_6503,528
synth_6502,528
synth_6496,528
synth_6497,528
synth_6508,528
synth_6504,528
synth_6505,528
synth_6506,528
synth_6499,528
synth_6500,528
synth_6519,527
synth_6518,527
synth_6522,527
synth_6523,527
synth_6517,527
synth_6511,527
synth_6521,527
synth_6525,527
synth_6515,527
synth_6514,527
synth_6524,527
synth_6516,527
synth_6520,527
synth_6526,527
synth_6512,527
synth_6513,527
synth_6533,526
synth_6541,526
synth_6529,526
synth_6534,526
synth_6530,526
synth_6538,526
synth_6536,526
synth_6528,526
synth_6532,526
synth_6535,526
synth_6537,526
synth_6539,526
synth_6540,526
synth_6527,526
synth_6531,526
synth_6547,525
synth_6553,525
synth_6543,525
synth_6554,525
synth_6552,525
synth_6545,525
synth_6549,525
synth_6551,525
synth_6548,525
synth_6544,525
synth_6557,525
synth_6556,525
synth_6546,525
synth_6550,525
synth_6542,525
synth_6555,525
synth_6569,524
synth_6566,524
synth_6568,524
synth_6562,524
synth_6560,524
synth_6571,524
synth_6570,524
synth_6567,524
synth_6559,524
synth_6561,524
synth_6565,524
synth_6558,524
synth_6564,524
synth_6563,524
synth_6572,524
synth_6586,523
synth_6581,523
synth_6583,523
synth_6574,523
synth_6588,523
synth_6576,523
synth_6587,523
synth_6579,523
synth_6575,523
synth_6580,523
synth_6584,523
synth_6582,523
synth_6585,523
synth_6577,523
synth_6578,523
synth_6573,523
synth_6599,522
synth_6590,522
synth_6604,522
synth_6595,522
synth_6603,522
synth_6589,522
synth_6591,522
synth_6592,522
synth_6600,522
synth_6601,522
synth_6597,522
synth_6598,522
synth_6596,522
synth_6593,522
synth_6594,522
synth_6602,522
synth_6605,521
synth_6607,521
synth_6610,521
synth_6609,521
synth_6618,521
synth_6619,521
synth_6615,521
synth_6614,521
synth_6616,521
synth_6612,521
synth_6606,521
synth_6617,521
synth_6611,521
synth_6620,521
synth_6608,521
synth_6613,521
synth_6621,520
synth_6622,520
synth_6623,520
synth_6627,520
synth_6624,520
synth_6636,520
synth_6629,520
synth_6628,520
synth_6632,520
synth_6625,520
synth_6634,520
synth_6630,520
synth_6633,520
synth_6635,520
synth_6631,520
synth_6626,520
synth_6647,519
synth_6637,519
synth_6650,519
synth_6645,519
synth_6640,519
synth_6644,519
synth_6646,519
synth_6651,519
synth_6638,519
synth_6649,519
synth_6643,519
synth_6648,519
synth_6639,519
synth_6641,519
synth_6652,519
synth_6642,519
synth_6661,518
synth_6653,518
synth_6667,518
synth_6655,518
synth_6658,518
synth_6664,518
synth_6654,518
synth_6656,518
synth_6662,518
synth_6659,518
synth_6668,518
synth_6665,518
synth_6660,518
synth_6657,518
synth_6666,518
synth_6663,518
synth_6669,517
synth_6676,517
synth_6680,517
synth_6673,517
synth_6675,517
synth_6671,517
synth_6679,517
synth_6681,517
synth_6678,517
synth_6677,517
synth_6672,517
synth_6670,517
synth_6682,517
synth_6674,517
synth_6684,517
synth_6683,517
synth_6698,516
synth_6691,516
synth_6697,516
synth_6693,516
synth_6700,516
synth_6688,516
synth_6685,516
synth_6689,516
synth_6699,516
synth_6694,516
synth_6696,516
synth_6692,516
synth_6695,516
synth_6690,516
synth_6687,516
synth_6686,516
synth_6706,515
synth_6707,515
synth_6714,515
synth_6702,515
synth_6708,515
synth_6712,515
synth_6711,515
synth_6703,515
synth_6716,515
synth_6701,515
synth_6715,515
synth_6710,515
synth_6713,515
synth_6709,515
synth_6704,515
synth_6705,515
synth_6727,514
synth_6719,514
synth_6718,514
synth_6725,514
synth_6724,514
synth_6717,514
synth_6728,514
synth_6723,514
synth_6726,514
synth_6722,514
synth_6733,514
synth_6729,514
synth_6721,514
synth_6730,514
synth_6720,514
synth_6731,514
synth_6732,514
synth_6736,513
synth_6737,513
synth_6748,513
synth_6749,513
synth_6743,513
synth_6740,513
synth_6741,513
synth_6742,513
synth_6734,513
synth_6739,513
synth_6747,513
synth_6746,513
synth_6738,513
synth_6745,513
synth_6735,513
synth_6744,513
synth_6766,512
synth_6753,512
synth_6757,512
synth_6759,512
synth_6751,512
synth_6752,512
synth_6755,512
synth_6761,512
synth_6758,512
synth_6760,512
synth_6754,512
synth_6762,512
synth_6764,512
synth_6763,512
synth_6756,512
synth_6765,512
synth_6750,512
synth_6773,511
synth_6769,511
synth_6777,511
synth_6768,511
synth_6779,511
synth_6770,511
synth_6781,511
synth_6774,511
synth_6780,511
synth_6776,511
synth_6767,511
synth_6778,511
synth_6771,511
synth_6775,511
synth_6782,511
synth_6772,511
synth_6783,510
synth_6790,510
synth_6796,510
synth_6785,510
synth_6786,510
synth_6799,510
synth_6798,510
synth_6795,510
synth_6797,510
synth_6794,510
synth_6784,510
synth_6788,510
synth_6793,510
synth_6791,510
synth_6787,510
synth_6789,510
synth_6792,510
synth_6801,509
synth_6814,509
synth_6808,509
synth_6802,509
synth_6811,509
synth_6809,509
synth_6800,509
synth_6810,509
synth_6803,509
synth_6806,509
synth_6816,509
synth_6813,509
synth_6815,509
synth_6807,509
synth_6804,509
synth_6812,509
synth_6805,509
synth_6827,508
synth_6831,508
synth_6817,508
synth_6826,508
synth_6832,508
synth_6830,508
synth_6823,508
synth_6819,508
synth_6820,508
synth_6828,508
synth_6824,508
synth_6825,508
synth_6821,508
synth_6818,508
synth_6822,508
synth_6829,508
synth_6847,507
synth_6845,507
synth_6835,507
synth_6849,507
synth_6844,507
synth_6838,507
synth_6839,507
synth_6843,507
synth_6841,507
synth_6834,507
synth_6840,507
synth_6837,507
synth_6848,507
synth_6846,507
synth_6842,507
synth_6833,507
synth_6836,507
synth_6862,506
synth_6850,506
synth_6863,506
synth_6859,506
synth_6860,506
synth_6852,506
synth_6861,506
synth_6856,506
synth_6853,506
synth_6854,506
synth_6864,506
synth_6865,506
synth_6855,506
synth_6851,506
synth_6857,506
synth_6858,506
synth_6866,506
synth_6867,505
synth_6879,505
synth_6877,505
synth_6878,505
synth_6874,505
synth_6872,505
synth_6870,505
synth_6873,505
synth_6869,505
synth_6881,505
synth_6883,505
synth_6875,505
synth_6880,505
synth_6871,505
synth_6876,505
synth_6868,505
synth_6882,505
synth_6886,504
synth_6900,504
synth_6889,504
synth_6899,504
synth_6896,504
synth_6895,504
synth_6888,504
synth_6898,504
synth_6885,504
synth_6893,504
synth_6894,504
synth_6887,504
synth_6890,504
synth_6891,504
synth_6884,504
synth_6897,504
synth_6892,504
synth_6905,503
synth_6915,503
synth_6917,503
synth_6901,503
synth_6907,503
synth_6912,503
synth_6916,503
synth_6906,503
synth_6903,503
synth_6908,503
synth_6910,503
synth_6914,503
synth_6909,503
synth_6904,503
synth_6911,503
synth_6913,503
synth_6902,503
synth_6928,502
synth_6926,502
synth_6924,502
synth_6920,502
synth_6925,502
synth_6932,502
synth_6927,502
synth_6923,502
synth_6922,502
synth_6931,502
synth_6930,502
synth_6919,502
synth_6921,502
synth_6918,502
synth_6935,502
synth_6933,502
synth_6929,502
synth_6934,502
synth_6941,501
synth_6944,501
synth_6943,501
synth_6938,501
synth_6940,501
synth_6952,501
synth_6948,501
synth_6947,501
synth_6945,501
synth_6950,501
synth_6951,501
synth_6949,501
synth_6939,501
synth_6937,501
synth_6936,501
synth_6942,501
synth_6946,501
synth_6964,500
synth_6965,500
synth_6962,500
synth_6969,500
synth_6967,500
synth_6955,500
synth_6959,500
synth_6956,500
synth_6966,500
synth_6953,500
synth_6960,500
synth_6957,500
synth_6968,500
synth_6954,500
synth_6961,500
synth_6963,500
synth_6958,500
synth_6972,499
synth_6982,499
synth_6973,499
synth_6971,499
synth_6984,499
synth_6975,499
synth_6987,499
synth_6983,499
synth_6978,499
synth_6970,499
synth_6986,499
synth_6980,499
synth_6981,499
synth_6979,499
synth_6985,499
synth_6974,499
synth_6977,499
synth_6976,499
synth_6998,498
synth_7002,498
synth_7004,498
synth_6989,498
synth_6990,498
synth_6993,498
synth_6995,498
synth_7000,498
synth_6991,498
synth_6997,498
synth_7003,498
synth_6999,498
synth_6996,498
synth_6992,498
synth_7005,498
synth_6994,498
synth_7001,498
synth_6988,498
synth_7014,497
synth_7015,497
synth_7022,497
synth_7007,497
synth_7016,497
synth_7011,497
synth_7020,497
synth_7008,497
synth_7012,497
synth_7010,497
synth_7019,497
synth_7021,497
synth_7006,497
synth_7009,497
synth_7017,497
synth_7013,497
synth_7018,497
synth_7034,496
synth_7039,496
synth_7024,496
synth_7038,496
synth_7032,496
synth_7026,496
synth_7023,496
synth_7027,496
synth_7029,496
synth_7028,496
synth_7040,496
synth_7035,496
synth_7036,496
synth_7037,496
synth_7031,496
synth_7030,496
synth_7033,496
synth_7025,496
synth_7057,495
synth_7056,495
synth_7055,495
synth_7054,495
synth_7044,495
synth_7042,495
synth_7045,495
synth_7048,495
synth_7058,495
synth_7049,495
synth_7041,495
synth_7046,495
synth_7047,495
synth_7050,495
synth_7051,495
synth_7043,495
synth_7052,495
synth_7053,495
synth_7064,494
synth_7069,494
synth_7061,494
synth_7063,494
synth_7073,494
synth_7060,494
synth_7065,494
synth_7067,494
synth_7059,494
synth_7071,494
synth_7072,494
synth_7066,494
synth_7070,494
synth_7075,494
synth_7074,494
synth_7076,494
synth_7062,494
synth_7068,494
synth_7090,493
synth_7082,493
synth_7084,493
synth_7083,493
synth_7086,493
synth_7077,493
synth_7080,493
synth_7085,493
synth_7081,493
synth_7087,493
synth_7089,493
synth_7094,493
synth_7092,493
synth_7088,493
synth_7079,493
synth_7078,493
synth_7093,493
synth_7091,493
synth_7107,492
synth_7097,492
synth_7111,492
synth_7112,492
synth_7098,492
synth_7108,492
synth_7105,492
synth_7103,492
synth_7106,492
synth_7095,492
synth_7100,492
synth_7109,492
synth_7099,492
synth_7096,492
synth_7102,492
synth_7101,492
synth_7104,492
synth_7110,492
synth_7116,491
synth_7119,491
synth_7124,491
synth_7128,491
synth_7127,491
synth_7125,491
synth_7117,491
synth_7115,491
synth_7122,491
synth_7130,491
synth_7114,491
synth_7118,491
synth_7120,491
synth_7121,491
synth_7126,491
synth_7129,491
synth_7113,491
synth_7123,491
synth_7133,490
synth_7137,490
synth_7145,490
synth_7139,490
synth_7142,490
synth_7132,490
synth_7144,490
synth_7140,490
synth_7135,490
synth_7136,490
synth_7134,490
synth_7147,490
synth_7148,490
synth_7146,490
synth_7131,490
synth_7138,490
synth_7141,490
synth_7143,490
synth_7163,489
synth_7153,489
synth_7151,489
synth_7166,489
synth_7157,489
synth_7162,489
synth_7161,489
synth_7164,489
synth_7149,489
synth_7158,489
synth_7159,489
synth_7150,489
synth_7156,489
synth_7155,489
synth_7160,489
synth_7152,489
synth_7154,489
synth_7165,489
synth_7183,488
synth_7174,488
synth_7177,488
synth_7185,488
synth_7180,488
synth_7168,488
synth_7182,488
synth_7169,488
synth_7184,488
synth_7172,488
synth_7167,488
synth_7173,488
synth_7171,488
synth_7179,488
synth_7175,488
synth_7170,488
synth_7178,488
synth_7176,488
synth_7181,488
synth_7187,487
synth_7195,487
synth_7189,487
synth_7199,487
synth_7201,487
synth_7193,487
synth_7191,487
synth_7192,487
synth_7202,487
synth_7200,487
synth_7194,487
synth_7197,487
synth_7190,487
synth_7188,487
synth_7196,487
synth_7198,487
synth_7203,487
synth_7186,487
synth_7220,486
synth_7208,486
synth_7222,486
synth_7204,486
synth_7207,486
synth_7209,486
synth_7215,486
synth_7211,486
synth_7205,486
synth_7210,486
synth_7213,486
synth_7218,486
synth_7221,486
synth_7206,486
synth_7214,486
synth_7219,486
synth_7212,486
synth_7217,486
synth_7216,486
synth_7228,485
synth_7231,485
synth_7237,485
synth_7223,485
synth_7233,485
synth_7240,485
synth_7234,485
synth_7225,485
synth_7226,485
synth_7238,485
synth_7236,485
synth_7224,485
synth_7229,485
synth_7232,485
synth_7235,485
synth_7239,485
synth_7227,485
synth_7230,485
synth_7250,484
synth_7245,484
synth_7256,484
synth_7241,484
synth_7244,484
synth_7259,484
synth_7246,484
synth_7248,484
synth_7253,484
synth_7251,484
synth_7252,484
synth_7258,484
synth_7255,484
synth_7247,484
synth_7254,484
synth_7257,484
synth_7243,484
synth_7249,484
synth_7242,484
synth_7266,483
synth_7265,483
synth_7276,483
synth_7271,483
synth_7264,483
synth_7261,483
synth_7274,483
synth_7267,483
synth_7273,483
synth_7269,483
synth_7263,483
synth_7268,483
synth_7270,483
synth_7260,483
synth_7278,483
synth_7272,483
synth_7262,483
synth_7275,483
synth_7277,483
synth_7288,482
synth_7293,482
synth_7294,482
synth_7292,482
synth_7281,482
synth_7290,482
synth_7296,482
synth_7284,482
synth_7291,482
synth_7279,482
synth_7280,482
synth_7295,482
synth_7289,482
synth_7287,482
synth_7283,482
synth_7297,482
synth_7286,482
synth_7282,482
synth_7285,482
synth_7306,481
synth_7316,481
synth_7310,481
synth_7298,481
synth_7303,481
synth_7314,481
synth_7302,481
synth_7305,481
synth_7311,481
synth_7301,481
synth_7299,481
synth_7313,481
synth_7315,481
synth_7307,481
synth_7304,481
synth_7308,481
synth_7300,481
synth_7312,481
synth_7309,481
synth_7317,480
synth_7327,480
synth_7319,480
synth_7333,480
synth_7323,480
synth_7320,480
synth_7326,480
synth_7335,480
synth_7330,480
synth_7331,480
synth_7334,480
synth_7329,480
synth_7321,480
synth_7328,480
synth_7318,480
synth_7332,480
synth_7324,480
synth_7322,480
synth_7325,480
synth_7350,479
synth_7338,479
synth_7340,479
synth_7354,479
synth_7342,479
synth_7343,479
synth_7348,479
synth_7336,479
synth_7349,479
synth_7353,479
synth_7347,479
synth_7341,479
synth_7351,479
synth_7352,479
synth_7337,479
synth_7345,479
synth_7346,479
synth_7344,479
synth_7339,479
synth_7359,478
synth_7368,478
synth_7369,478
synth_7365,478
synth_7358,478
synth_7363,478
synth_7361,478
synth_7356,478
synth_7372,478
synth_7370,478
synth_7355,478
synth_7373,478
synth_7364,478
synth_7360,478
synth_7366,478
synth_7362,478
synth_7357,478
synth_7367,478
synth_7371,478
synth_7376,477
synth_7374,477
synth_7393,477
synth_7383,477
synth_7388,477
synth_7381,477
synth_7387,477
synth_7377,477
synth_7385,477
synth_7379,477
synth_7384,477
synth_7378,477
synth_7386,477
synth_7380,477
synth_7392,477
synth_7382,477
synth_7391,477
synth_7375,477
synth_7389,477
synth_7390,477
synth_7398,476
synth_7403,476
synth_7396,476
synth_7411,476
synth_7406,476
synth_7402,476
synth_7407,476
synth_7405,476
synth_7397,476
synth_7399,476
synth_7404,476
synth_7400,476
synth_7401,476
synth_7410,476
synth_7409,476
synth_7408,476
synth_7395,476
synth_7412,476
synth_7394,476
synth_7414,475
synth_7424,475
synth_7418,475
synth_7430,475
synth_7429,475
synth_7413,475
synth_7422,475
synth_7417,475
synth_7423,475
synth_7428,475
synth_7425,475
synth_7427,475
synth_7420,475
synth_7416,475
synth_7421,475
synth_7419,475
synth_7415,475
synth_7426,475
synth_7431,475
synth_7447,474
synth_7446,474
synth_7437,474
synth_7432,474
synth_7439,474
synth_7442,474
synth_7451,474
synth_7433,474
synth_7443,474
synth_7440,474
synth_7441,474
synth_7444,474
synth_7436,474
synth_7449,474
synth_7434,474
synth_7450,474
synth_7438,474
synth_7445,474
synth_7448,474
synth_7435,474
synth_7469,473
synth_7452,473
synth_7454,473
synth_7467,473
synth_7460,473
synth_7464,473
synth_7458,473
synth_7468,473
synth_7453,473
synth_7456,473
synth_7463,473
synth_7455,473
synth_7465,473
synth_7461,473
synth_7471,473
synth_7466,473
synth_7459,473
synth_7470,473
synth_7462,473
synth_7457,473
synth_7486,472
synth_7478,472
synth_7490,472
synth_7482,472
synth_7476,472
synth_7481,472
synth_7473,472
synth_7488,472
synth_7491,472
synth_7475,472
synth_7479,472
synth_7487,472
synth_7485,472
synth_7484,472
synth_7472,472
synth_7477,472
synth_7480,472
synth_7483,472
synth_7489,472
synth_7474,472
synth_7511,471
synth_7498,471
synth_7509,471
synth_7500,471
synth_7497,471
synth_7496,471
synth_7503,471
synth_7510,471
synth_7505,471
synth_7507,471
synth_7495,471
synth_7502,471
synth_7506,471
synth_7504,471
synth_7493,471
synth_7501,471
synth_7492,471
synth_7508,471
synth_7499,471
synth_7494,471
synth_7528,470
synth_7527,470
synth_7529,470
synth_7518,470
synth_7530,470
synth_7526,470
synth_7524,470
synth_7515,470
synth_7531,470
synth_7513,470
synth_7522,470
synth_7525,470
synth_7519,470
synth_7520,470
synth_7517,470
synth_7512,470
synth_7521,470
synth_7516,470
synth_7514,470
synth_7523,470
synth_7551,469
synth_7538,469
synth_7534,469
synth_7533,469
synth_7550,469
synth_7541,469
synth_7543,469
synth_7540,469
synth_7547,469
synth_7539,469
synth_7545,469
synth_7546,469
synth_7542,469
synth_7535,469
synth_7536,469
synth_7544,469
synth_7532,469
synth_7537,469
synth_7549,469
synth_7548,469
synth_7565,468
synth_7556,468
synth_7560,468
synth_7570,468
synth_7563,468
synth_7561,468
synth_7569,468
synth_7564,468
synth_7554,468
synth_7555,468
synth_7568,468
synth_7562,468
synth_7566,468
synth_7558,468
synth_7557,468
synth_7552,468
synth_7559,468
synth_7571,468
synth_7553,468
synth_7567,468
synth_7583,467
synth_7572,467
synth_7584,467
synth_7580,467
synth_7579,467
synth_7585,467
synth_7574,467
synth_7587,467
synth_7573,467
synth_7576,467
synth_7581,467
synth_7582,467
synth_7578,467
synth_7591,467
synth_7588,467
synth_7590,467
synth_7577,467
synth_7575,467
synth_7586,467
synth_7589,467
synth_7597,466
synth_7593,466
synth_7608,466
synth_7594,466
synth_7605,466
synth_7612,466
synth_7592,466
synth_7599,466
synth_7603,466
synth_7600,466
synth_7601,466
synth_7596,466
synth_7598,466
synth_7602,466
synth_7609,466
synth_7604,466
synth_7607,466
synth_7606,466
synth_7595,466
synth_7611,466
synth_7610,466
synth_7618,465
synth_7613,465
synth_7624,465
synth_7619,465
synth_7614,465
synth_7629,465
synth_7625,465
synth_7632,465
synth_7631,465
synth_7622,465
synth_7623,465
synth_7620,465
synth_7621,465
synth_7617,465
synth_7626,465
synth_7615,465
synth_7627,465
synth_7630,465
synth_7616,465
synth_7628,465
synth_7634,464
synth_7647,464
synth_7643,464
synth_7651,464
synth_7649,464
synth_7635,464
synth_7640,464
synth_7641,464
synth_7636,464
synth_7642,464
synth_7639,464
synth_7646,464
synth_7652,464
synth_7633,464
synth_7644,464
synth_7648,464
synth_7645,464
synth_7638,464
synth_7653,464
synth_7637,464
synth_7650,464
synth_7661,463
synth_7659,463
synth_7666,463
synth_7657,463
synth_7656,463
synth_7673,463
synth_7669,463
synth_7663,463
synth_7665,463
synth_7672,463
synth_7667,463
synth_7660,463
synth_7655,463
synth_7658,463
synth_7662,463
synth_7671,463
synth_7668,463
synth_7670,463
synth_7664,463
synth_7654,463
synth_7687,462
synth_7675,462
synth_7680,462
synth_7678,462
synth_7689,462
synth_7674,462
synth_7690,462
synth_7693,462
synth_7685,462
synth_7682,462
synth_7676,462
synth_7688,462
synth_7694,462
synth_7684,462
synth_7691,462
synth_7692,462
synth_7686,462
synth_7681,462
synth_7679,462
synth_7677,462
synth_7683,462
synth_7708,461
synth_7706,461
synth_7705,461
synth_7698,461
synth_7712,461
synth_7711,461
synth_7714,461
synth_7703,461
synth_7709,461
synth_7707,461
synth_7697,461
synth_7715,461
synth_7699,461
synth_7696,461
synth_7710,461
synth_7713,461
synth_7701,461
synth_7695,461
synth_7704,461
synth_7702,461
synth_7700,461
synth_7718,460
synth_7728,460
synth_7723,460
synth_7734,460
synth_7730,460
synth_7729,460
synth_7736,460
synth_7721,460
synth_7725,460
synth_7726,460
synth_7727,460
synth_7732,460
synth_7720,460
synth_7733,460
synth_7719,460
synth_7735,460
synth_7717,460
synth_7716,460
synth_7722,460
synth_7724,460
synth_7731,460
synth_7745,459
synth_7757,459
synth_7752,459
synth_7749,459
synth_7755,459
synth_7756,459
synth_7740,459
synth_7744,459
synth_7746,459
synth_7743,459
synth_7742,459
synth_7747,459
synth_7748,459
synth_7739,459
synth_7741,459
synth_7754,459
synth_7751,459
synth_7738,459
synth_7753,459
synth_7750,459
synth_7737,459
synth_7774,458
synth_7768,458
synth_7776,458
synth_7764,458
synth_7761,458
synth_7777,458
synth_7758,458
synth_7763,458
synth_7766,458
synth_7772,458
synth_7759,458
synth_7770,458
synth_7769,458
synth_7762,458
synth_7773,458
synth_7765,458
synth_7760,458
synth_7778,458
synth_7767,458
synth_7775,458
synth_7771,458
synth_7785,457
synth_7791,457
synth_7788,457
synth_7787,457
synth_7784,457
synth_7781,457
synth_7782,457
synth_7790,457
synth_7797,457
synth_7786,457
synth_7796,457
synth_7798,457
synth_7789,457
synth_7799,457
synth_7780,457
synth_7794,457
synth_7779,457
synth_7795,457
synth_7792,457
synth_7793,457
synth_7783,457
synth_7800,457
synth_7820,456
synth_7819,456
synth_7807,456
synth_7816,456
synth_7811,456
synth_7815,456
synth_7812,456
synth_7821,456
synth_7804,456
synth_7805,456
synth_7814,456
synth_7817,456
synth_7809,456
synth_7813,456
synth_7810,456
synth_7808,456
synth_7802,456
synth_7801,456
synth_7803,456
synth_7818,456
synth_7806,456
synth_7832,455
synth_7824,455
synth_7838,455
synth_7834,455
synth_7825,455
synth_7836,455
synth_7842,455
synth_7822,455
synth_7841,455
synth_7828,455
synth_7837,455
synth_7843,455
synth_7823,455
synth_7829,455
synth_7839,455
synth_7833,455
synth_7830,455
synth_7831,455
synth_7827,455
synth_7826,455
synth_7835,455
synth_7840,455
synth_7859,454
synth_7858,454
synth_7860,454
synth_7855,454
synth_7845,454
synth_7853,454
synth_7844,454
synth_7861,454
synth_7851,454
synth_7846,454
synth_7854,454
synth_7847,454
synth_7852,454
synth_7849,454
synth_7862,454
synth_7864,454
synth_7863,454
synth_7857,454
synth_7850,454
synth_7848,454
synth_7856,454
synth_7882,453
synth_7878,453
synth_7877,453
synth_7884,453
synth_7870,453
synth_7881,453
synth_7871,453
synth_7886,453
synth_7876,453
synth_7874,453
synth_7885,453
synth_7875,453
synth_7868,453
synth_7883,453
synth_7865,453
synth_7866,453
synth_7873,453
synth_7867,453
synth_7869,453
synth_7879,453
synth_7880,453
synth_7872,453
synth_7896,452
synth_7899,452
synth_7889,452
synth_7905,452
synth_7888,452
synth_7892,452
synth_7904,452
synth_7887,452
synth_7906,452
synth_7900,452
synth_7902,452
synth_7894,452
synth_7907,452
synth_7897,452
synth_7895,452
synth_7890,452
synth_7891,452
synth_7901,452
synth_7903,452
synth_7893,452
synth_7908,452
synth_7898,452
synth_7924,451
synth_7929,451
synth_7923,451
synth_7914,451
synth_7926,451
synth_7917,451
synth_7912,451
synth_7916,451
synth_7928,451
synth_7927,451
synth_7910,451
synth_7913,451
synth_7909,451
synth_7918,451
synth_7925,451
synth_7919,451
synth_7930,451
synth_7921,451
synth_7911,451
synth_7915,451
synth_7920,451
synth_7922,451
synth_7952,450
synth_7948,450
synth_7945,450
synth_7947,450
synth_7936,450
synth_7937,450
synth_7944,450
synth_7940,450
synth_7932,450
synth_7933,450
synth_7939,450
synth_7943,450
synth_7934,450
synth_7938,450
synth_7931,450
synth_7950,450
synth_7935,450
synth_7951,450
synth_7941,450
synth_7942,450
synth_7946,450
synth_7949,450
synth_7971,449
synth_7960,449
synth_7959,449
synth_7972,449
synth_7970,449
synth_7953,449
synth_7969,449
synth_7958,449
synth_7956,449
synth_7967,449
synth_7955,449
synth_7963,449
synth_7961,449
synth_7973,449
synth_7962,449
synth_7964,449
synth_7957,449
synth_7974,449
synth_7966,449
synth_7968,449
synth_7954,449
synth_7965,449
synth_7979,448
synth_7981,448
synth_7986,448
synth_7994,448
synth_7988,448
synth_7993,448
synth_7990,448
synth_7985,448
synth_7991,448
synth_7983,448
synth_7989,448
synth_7976,448
synth_7980,448
synth_7995,448
synth_7978,448
synth_7996,448
synth_7982,448
synth_7977,448
synth_7975,448
synth_7992,448
synth_7984,448
synth_7987,448
synth_8003,447
synth_8014,447
synth_8008,447
synth_8002,447
synth_7997,447
synth_8009,447
synth_7998,447
synth_8019,447
synth_7999,447
synth_8018,447
synth_8000,447
synth_8013,447
synth_8016,447
synth_8006,447
synth_8005,447
synth_8001,447
synth_8004,447
synth_8015,447
synth_8011,447
synth_8012,447
synth_8010,447
synth_8017,447
synth_8007,447
synth_8024,446
synth_8037,446
synth_8022,446
synth_8027,446
synth_8038,446
synth_8026,446
synth_8039,446
synth_8025,446
synth_8041,446
synth_8031,446
synth_8040,446
synth_8033,446
synth_8032,446
synth_8036,446
synth_8020,446
synth_8028,446
synth_8029,446
synth_8035,446
synth_8034,446
synth_8021,446
synth_8030,446
synth_8023,446
synth_8064,445
synth_8058,445
synth_8044,445
synth_8063,445
synth_8049,445
synth_8051,445
synth_8059,445
synth_8062,445
synth_8042,445
synth_8055,445
synth_8061,445
synth_8048,445
synth_8050,445
synth_8043,445
synth_8057,445
synth_8046,445
synth_8056,445
synth_8045,445
synth_8053,445
synth_8052,445
synth_8047,445
synth_8054,445
synth_8060,445
synth_8069,444
synth_8076,444
synth_8075,444
synth_8080,444
synth_8073,444
synth_8067,444
synth_8066,444
synth_8086,444
synth_8081,444
synth_8085,444
synth_8072,444
synth_8077,444
synth_8082,444
synth_8074,444
synth_8083,444
synth_8079,444
synth_8065,444
synth_8071,444
synth_8070,444
synth_8084,444
synth_8078,444
synth_8068,444
synth_8107,443
synth_8087,443
synth_8109,443
synth_8092,443
synth_8091,443
synth_8099,443
synth_8096,443
synth_8100,443
synth_8101,443
synth_8098,443
synth_8103,443
synth_8097,443
synth_8093,443
synth_8090,443
synth_8106,443
synth_8102,443
synth_8095,443
synth_8089,443
synth_8104,443
synth_8088,443
synth_8105,443
synth_8094,443
synth_8108,443
synth_8121,442
synth_8124,442
synth_8123,442
synth_8126,442
synth_8114,442
synth_8120,442
synth_8122,442
synth_8112,442
synth_8129,442
synth_8117,442
synth_8128,442
synth_8132,442
synth_8125,442
synth_8119,442
synth_8118,442
synth_8111,442
synth_8113,442
synth_8131,442
synth_8116,442
synth_8115,442
synth_8127,442
synth_8130,442
synth_8110,442
synth_8154,441
synth_8138,441
synth_8146,441
synth_8148,441
synth_8149,441
synth_8135,441
synth_8136,441
synth_8150,441
synth_8153,441
synth_8137,441
synth_8145,441
synth_8147,441
synth_8151,441
synth_8152,441
synth_8143,441
synth_8144,441
synth_8134,441
synth_8140,441
synth_8142,441
synth_8155,441
synth_8139,441
synth_8133,441
synth_8141,441
synth_8161,440
synth_8160,440
synth_8173,440
synth_8167,440
synth_8174,440
synth_8171,440
synth_8179,440
synth_8170,440
synth_8178,440
synth_8156,440
synth_8157,440
synth_8166,440
synth_8172,440
synth_8164,440
synth_8162,440
synth_8158,440
synth_8159,440
synth_8168,440
synth_8165,440
synth_8176,440
synth_8177,440
synth_8169,440
synth_8163,440
synth_8175,440
synth_8197,439
synth_8183,439
synth_8190,439
synth_8196,439
synth_8199,439
synth_8189,439
synth_8186,439
synth_8194,439
synth_8188,439
synth_8195,439
synth_8182,439
synth_8184,439
synth_8201,439
synth_8200,439
synth_8180,439
synth_8185,439
synth_8191,439
synth_8181,439
synth_8187,439
synth_8202,439
synth_8193,439
synth_8198,439
synth_8192,439
synth_8221,438
synth_8209,438
synth_8217,438
synth_8211,438
synth_8210,438
synth_8220,438
synth_8207,438
synth_8206,438
synth_8204,438
synth_8224,438
synth_8212,438
synth_8215,438
synth_8219,438
synth_8223,438
synth_8203,438
synth_8225,438
synth_8213,438
synth_8208,438
synth_8214,438
synth_8222,438
synth_8205,438
synth_8216,438
synth_8218,438
synth_8244,437
synth_8233,437
synth_8239,437
synth_8234,437
synth_8246,437
synth_8235,437
synth_8229,437
synth_8241,437
synth_8240,437
synth_8236,437
synth_8242,437
synth_8237,437
synth_8228,437
synth_8243,437
synth_8231,437
synth_8245,437
synth_8249,437
synth_8247,437
synth_8232,437
synth_8230,437
synth_8227,437
synth_8226,437
synth_8248,437
synth_8238,437
synth_8262,436
synth_8250,436
synth_8270,436
synth_8268,436
synth_8264,436
synth_8272,436
synth_8265,436
synth_8253,436
synth_8257,436
synth_8260,436
synth_8273,436
synth_8259,436
synth_8266,436
synth_8267,436
synth_8263,436
synth_8252,436
synth_8251,436
synth_8256,436
synth_8269,436
synth_8271,436
synth_8258,436
synth_8254,436
synth_8255,436
synth_8261,436
synth_8283,435
synth_8285,435
synth_8288,435
synth_8280,435
synth_8282,435
synth_8279,435
synth_8287,435
synth_8274,435
synth_8291,435
synth_8275,435
synth_8276,435
synth_8281,435
synth_8278,435
synth_8277,435
synth_8294,435
synth_8290,435
synth_8295,435
synth_8296,435
synth_8293,435
synth_8284,435
synth_8289,435
synth_8292,435
synth_8286,435
synth_8306,434
synth_8303,434
synth_8319,434
synth_8301,434
synth_8316,434
synth_8317,434
synth_8305,434
synth_8318,434
synth_8297,434
synth_8309,434
synth_8308,434
synth_8307,434
synth_8320,434
synth_8311,434
synth_8314,434
synth_8299,434
synth_8298,434
synth_8315,434
synth_8300,434
synth_8313,434
synth_8302,434
synth_8310,434
synth_8304,434
synth_8312,434
synth_8338,433
synth_8336,433
synth_8337,433
synth_8328,433
synth_8333,433
synth_8334,433
synth_8331,433
synth_8324,433
synth_8321,433
synth_8339,433
synth_8325,433
synth_8326,433
synth_8322,433
synth_8344,433
synth_8340,433
synth_8343,433
synth_8335,433
synth_8342,433
synth_8330,433
synth_8327,433
synth_8329,433
synth_8323,433
synth_8341,433
synth_8332,433
synth_8358,432
synth_8354,432
synth_8360,432
synth_8362,432
synth_8368,432
synth_8345,432
synth_8348,432
synth_8350,432
synth_8353,432
synth_8364,432
synth_8351,432
synth_8369,432
synth_8349,432
synth_8357,432
synth_8352,432
synth_8363,432
synth_8366,432
synth_8356,432
synth_8355,432
synth_8359,432
synth_8361,432
synth_8346,432
synth_8347,432
synth_8365,432
synth_8367,432
synth_8379,431
synth_8393,431
synth_8387,431
synth_8382,431
synth_8385,431
synth_8371,431
synth_8373,431
synth_8372,431
synth_8386,431
synth_8378,431
synth_8391,431
synth_8381,431
synth_8376,431
synth_8388,431
synth_8392,431
synth_8374,431
synth_8389,431
synth_8375,431
synth_8377,431
synth_8390,431
synth_8380,431
synth_8370,431
synth_8384,431
synth_8383,431
synth_8403,430
synth_8414,430
synth_8401,430
synth_8394,430
synth_8396,430
synth_8415,430
synth_8399,430
synth_8395,430
synth_8406,430
synth_8412,430
synth_8417,430
synth_8400,430
synth_8407,430
synth_8398,430
synth_8410,430
synth_8408,430
synth_8402,430
synth_8397,430
synth_8411,430
synth_8404,430
synth_8405,430
synth_8409,430
synth_8413,430
synth_8416,430
synth_8432,429
synth_8423,429
synth_8431,429
synth_8439,429
synth_8425,429
synth_8427,429
synth_8419,429
synth_8440,429
synth_8442,429
synth_8434,429
synth_8438,429
synth_8435,429
synth_8424,429
synth_8428,429
synth_8422,429
synth_8420,429
synth_8429,429
synth_8437,429
synth_8421,429
synth_8436,429
synth_8418,429
synth_8426,429
synth_8441,429
synth_8433,429
synth_8430,429
synth_8458,428
synth_8465,428
synth_8449,428
synth_8455,428
synth_8459,428
synth_8454,428
synth_8457,428
synth_8451,428
synth_8450,428
synth_8461,428
synth_8444,428
synth_8464,428
synth_8466,428
synth_8462,428
synth_8447,428
synth_8460,428
synth_8443,428
synth_8448,428
synth_8463,428
synth_8456,428
synth_8453,428
synth_8452,428
synth_8445,428
synth_8446,428
synth_8490,427
synth_8481,427
synth_8472,427
synth_8479,427
synth_8471,427
synth_8476,427
synth_8475,427
synth_8484,427
synth_8467,427
synth_8489,427
synth_8485,427
synth_8470,427
synth_8483,427
synth_8488,427
synth_8473,427
synth_8478,427
synth_8482,427
synth_8487,427
synth_8468,427
synth_8480,427
synth_8474,427
synth_8486,427
synth_8477,427
synth_8469,427
synth_8491,427
synth_8507,426
synth_8495,426
synth_8503,426
synth_8504,426
synth_8506,426
synth_8509,426
synth_8514,426
synth_8501,426
synth_8515,426
synth_8498,426
synth_8497,426
synth_8505,426
synth_8496,426
synth_8499,426
synth_8494,426
synth_8510,426
synth_8500,426
synth_8513,426
synth_8511,426
synth_8512,426
synth_8508,426
synth_8493,426
synth_8502,426
synth_8516,426
synth_8492,426
synth_8519,425
synth_8534,425
synth_8538,425
synth_8536,425
synth_8531,425
synth_8541,425
synth_8540,425
synth_8524,425
synth_8535,425
synth_8520,425
synth_8537,425
synth_8529,425
synth_8525,425
synth_8517,425
synth_8522,425
synth_8539,425
synth_8518,425
synth_8533,425
synth_8528,425
synth_8521,425
synth_8530,425
synth_8532,425
synth_8527,425
synth_8523,425
synth_8526,425
synth_8551,424
synth_8553,424
synth_8546,424
synth_8560,424
synth_8544,424
synth_8549,424
synth_8548,424
synth_8566,424
synth_8567,424
synth_8556,424
synth_8562,424
synth_8565,424
synth_8564,424
synth_8561,424
synth_8563,424
synth_8559,424
synth_8545,424
synth_8558,424
synth_8554,424
synth_8552,424
synth_8542,424
synth_8547,424
synth_8555,424
synth_8557,424
synth_8550,424
synth_8543,424
synth_8583,423
synth_8572,423
synth_8590,423
synth_8569,423
synth_8591,423
synth_8584,423
synth_8589,423
synth_8576,423
synth_8577,423
synth_8574,423
synth_8582,423
synth_8579,423
synth_8575,423
synth_8581,423
synth_8585,423
synth_8587,423
synth_8570,423
synth_8580,423
synth_8571,423
synth_8588,423
synth_8578,423
synth_8586,423
synth_8573,423
synth_8592,423
synth_8568,423
synth_8617,422
synth_8606,422
synth_8605,422
synth_8611,422
synth_8594,422
synth_8616,422
synth_8599,422
synth_8596,422
synth_8608,422
synth_8610,422
synth_8609,422
synth_8614,422
synth_8604,422
synth_8598,422
synth_8603,422
synth_8600,422
synth_8597,422
synth_8612,422
synth_8602,422
synth_8601,422
synth_8593,422
synth_8595,422
synth_8607,422
synth_8613,422
synth_8615,422
synth_8637,421
synth_8642,421
synth_8628,421
synth_8630,421
synth_8625,421
synth_8638,421
synth_8626,421
synth_8631,421
synth_8620,421
synth_8639,421
synth_8629,421
synth_8636,421
synth_8624,421
synth_8621,421
synth_8635,421
synth_8643,421
synth_8627,421
synth_8618,421
synth_8622,421
synth_8632,421
synth_8623,421
synth_8633,421
synth_8619,421
synth_8640,421
synth_8634,421
synth_8641,421
synth_8649,420
synth_8662,420
synth_8661,420
synth_8664,420
synth_8645,420
synth_8648,420
synth_8660,420
synth_8656,420
synth_8646,420
synth_8655,420
synth_8659,420
synth_8654,420
synth_8663,420
synth_8653,420
synth_8658,420
synth_8657,420
synth_8666,420
synth_8668,420
synth_8665,420
synth_8647,420
synth_8650,420
synth_8669,420
synth_8652,420
synth_8667,420
synth_8644,420
synth_8651,420
synth_8676,419
synth_8675,419
synth_8687,419
synth_8680,419
synth_8695,419
synth_8682,419
synth_8692,419
synth_8674,419
synth_8685,419
synth_8684,419
synth_8683,419
synth_8689,419
synth_8691,419
synth_8679,419
synth_8686,419
synth_8681,419
synth_8670,419
synth_8688,419
synth_8690,419
synth_8673,419
synth_8693,419
synth_8677,419
synth_8671,419
synth_8694,419
synth_8672,419
synth_8678,419
synth_8705,418
synth_8697,418
synth_8721,418
synth_8711,418
synth_8704,418
synth_8710,418
synth_8715,418
synth_8700,418
synth_8707,418
synth_8717,418
synth_8716,418
synth_8719,418
synth_8714,418
synth_8699,418
synth_8703,418
synth_8709,418
synth_8718,418
synth_8696,418
synth_8712,418
synth_8706,418
synth_8720,418
synth_8701,418
synth_8702,418
synth_8708,418
synth_8698,418
synth_8713,418
synth_8722,417
synth_8738,417
synth_8727,417
synth_8740,417
synth_8746,417
synth_8747,417
synth_8736,417
synth_8725,417
synth_8739,417
synth_8734,417
synth_8723,417
synth_8729,417
synth_8737,417
synth_8726,417
synth_8745,417
synth_8732,417
synth_8730,417
synth_8741,417
synth_8733,417
synth_8744,417
synth_8728,417
synth_8742,417
synth_8735,417
synth_8724,417
synth_8743,417
synth_8731,417
synth_8758,416
synth_8759,416
synth_8763,416
synth_8761,416
synth_8769,416
synth_8755,416
synth_8771,416
synth_8757,416
synth_8762,416
synth_8764,416
synth_8768,416
synth_8748,416
synth_8756,416
synth_8750,416
synth_8773,416
synth_8752,416
synth_8770,416
synth_8765,416
synth_8760,416
synth_8772,416
synth_8766,416
synth_8751,416
synth_8754,416
synth_8767,416
synth_8753,416
synth_8749,416
synth_8788,415
synth_8790,415
synth_8793,415
synth_8780,415
synth_8799,415
synth_8776,415
synth_8775,415
synth_8798,415
synth_8783,415
synth_8777,415
synth_8774,415
synth_8784,415
synth_8794,415
synth_8800,415
synth_8787,415
synth_8778,415
synth_8785,415
synth_8796,415
synth_8786,415
synth_8795,415
synth_8782,415
synth_8779,415
synth_8797,415
synth_8791,415
synth_8781,415
synth_8789,415
synth_8792,415
synth_8803,414
synth_8813,414
synth_8805,414
synth_8822,414
synth_8817,414
synth_8807,414
synth_8825,414
synth_8810,414
synth_8802,414
synth_8808,414
synth_8806,414
synth_8814,414
synth_8826,414
synth_8820,414
synth_8816,414
synth_8812,414
synth_8801,414
synth_8821,414
synth_8818,414
synth_8811,414
synth_8823,414
synth_8804,414
synth_8809,414
synth_8824,414
synth_8815,414
synth_8819,414
synth_8843,413
synth_8838,413
synth_8829,413
synth_8845,413
synth_8840,413
synth_8831,413
synth_8836,413
synth_8832,413
synth_8847,413
synth_8837,413
synth_8827,413
synth_8833,413
synth_8849,413
synth_8850,413
synth_8844,413
synth_8841,413
synth_8846,413
synth_8834,413
synth_8852,413
synth_8848,413
synth_8835,413
synth_8828,413
synth_8851,413
synth_8842,413
synth_8853,413
synth_8830,413
synth_8839,413
synth_8878,412
synth_8857,412
synth_8861,412
synth_8877,412
synth_8862,412
synth_8876,412
synth_8871,412
synth_8854,412
synth_8856,412
synth_8868,412
synth_8867,412
synth_8874,412
synth_8873,412
synth_8870,412
synth_8859,412
synth_8858,412
synth_8860,412
synth_8879,412
synth_8865,412
synth_8869,412
synth_8880,412
synth_8872,412
synth_8866,412
synth_8875,412
synth_8863,412
synth_8864,412
synth_8855,412
synth_8907,411
synth_8896,411
synth_8887,411
synth_8900,411
synth_8884,411
synth_8901,411
synth_8894,411
synth_8893,411
synth_8886,411
synth_8898,411
synth_8892,411
synth_8895,411
synth_8906,411
synth_8883,411
synth_8905,411
synth_8897,411
synth_8890,411
synth_8881,411
synth_8888,411
synth_8882,411
synth_8904,411
synth_8885,411
synth_8899,411
synth_8889,411
synth_8902,411
synth_8891,411
synth_8903,411
synth_8920,410
synth_8932,410
synth_8918,410
synth_8931,410
synth_8928,410
synth_8909,410
synth_8929,410
synth_8926,410
synth_8908,410
synth_8913,410
synth_8930,410
synth_8915,410
synth_8924,410
synth_8921,410
synth_8923,410
synth_8916,410
synth_8917,410
synth_8911,410
synth_8927,410
synth_8933,410
synth_8912,410
synth_8922,410
synth_8934,410
synth_8919,410
synth_8910,410
synth_8925,410
synth_8914,410
synth_8961,409
synth_8953,409
synth_8939,409
synth_8942,409
synth_8958,409
synth_8947,409
synth_8944,409
synth_8962,409
synth_8945,409
synth_8938,409
synth_8951,409
synth_8943,409
synth_8954,409
synth_8935,409
synth_8936,409
synth_8946,409
synth_8959,409
synth_8955,409
synth_8940,409
synth_8941,409
synth_8948,409
synth_8956,409
synth_8937,409
synth_8949,409
synth_8950,409
synth_8952,409
synth_8960,409
synth_8957,409
synth_8976,408
synth_8989,408
synth_8977,408
synth_8965,408
synth_8983,408
synth_8967,408
synth_8970,408
synth_8979,408
synth_8966,408
synth_8964,408
synth_8973,408
synth_8988,408
synth_8975,408
synth_8978,408
synth_8969,408
synth_8972,408
synth_8981,408
synth_8963,408
synth_8968,408
synth_8980,408
synth_8971,408
synth_8985,408
synth_8984,408
synth_8982,408
synth_8974,408
synth_8986,408
synth_8987,408
synth_9003,407
synth_8992,407
synth_9006,407
synth_9013,407
synth_9000,407
synth_8995,407
synth_9012,407
synth_8990,407
synth_8999,407
synth_9014,407
synth_8996,407
synth_9004,407
synth_9001,407
synth_8998,407
synth_9007,407
synth_9009,407
synth_9005,407
synth_9002,407
synth_8994,407
synth_8993,407
synth_9008,407
synth_9016,407
synth_9017,407
synth_8997,407
synth_9015,407
synth_8991,407
synth_9011,407
synth_9010,407
synth_9027,406
synth_9042,406
synth_9028,406
synth_9029,406
synth_9043,406
synth_9024,406
synth_9032,406
synth_9041,406
synth_9040,406
synth_9039,406
synth_9019,406
synth_9034,406
synth_9023,406
synth_9020,406
synth_9044,406
synth_9038,406
synth_9031,406
synth_9026,406
synth_9025,406
synth_9030,406
synth_9018,406
synth_9021,406
synth_9045,406
synth_9037,406
synth_9036,406
synth_9022,406
synth_9035,406
synth_9033,406
synth_9071,405
synth_9049,405
synth_9050,405
synth_9053,405
synth_9064,405
synth_9048,405
synth_9058,405
synth_9057,405
synth_9046,405
synth_9066,405
synth_9067,405
synth_9061,405
synth_9072,405
synth_9052,405
synth_9055,405
synth_9073,405
synth_9051,405
synth_9068,405
synth_9063,405
synth_9060,405
synth_9054,405
synth_9062,405
synth_9059,405
synth_9065,405
synth_9056,405
synth_9070,405
synth_9069,405
synth_9047,405
synth_9091,404
synth_9092,404
synth_9094,404
synth_9100,404
synth_9083,404
synth_9085,404
synth_9096,404
synth_9101,404
synth_9076,404
synth_9086,404
synth_9082,404
synth_9074,404
synth_9097,404
synth_9090,404
synth_9099,404
synth_9080,404
synth_9098,404
synth_9089,404
synth_9087,404
synth_9079,404
synth_9093,404
synth_9088,404
synth_9084,404
synth_9077,404
synth_9095,404
synth_9081,404
synth_9075,404
synth_9078,404
synth_9105,403
synth_9121,403
synth_9106,403
synth_9112,403
synth_9125,403
synth_9122,403
synth_9128,403
synth_9114,403
synth_9129,403
synth_9116,403
synth_9119,403
synth_9127,403
synth_9109,403
synth_9108,403
synth_9120,403
synth_9117,403
synth_9115,403
synth_9104,403
synth_9123,403
synth_9102,403
synth_9107,403
synth_9126,403
synth_9124,403
synth_9111,403
synth_9103,403
synth_9118,403
synth_9113,403
synth_9110,403
synth_9156,402
synth_9134,402
synth_9131,402
synth_9132,402
synth_9140,402
synth_9152,402
synth_9153,402
synth_9144,402
synth_9147,402
synth_9146,402
synth_9138,402
synth_9149,402
synth_9142,402
synth_9130,402
synth_9154,402
synth_9148,402
synth_9136,402
synth_9145,402
synth_9151,402
synth_9137,402
synth_9133,402
synth_9155,402
synth_9135,402
synth_9139,402
synth_9143,402
synth_9157,402
synth_9150,402
synth_9141,402
synth_9173,401
synth_9183,401
synth_9169,401
synth_9186,401
synth_9158,401
synth_9185,401
synth_9162,401
synth_9166,401
synth_9161,401
synth_9176,401
synth_9164,401
synth_9180,401
synth_9184,401
synth_9159,401
synth_9171,401
synth_9168,401
synth_9160,401
synth_9163,401
synth_9175,401
synth_9165,401
synth_9181,401
synth_9182,401
synth_9178,401
synth_9177,401
synth_9179,401
synth_9170,401
synth_9174,401
synth_9167,401
synth_9172,401
synth_9197,400
synth_9198,400
synth_9188,400
synth_9190,400
synth_9209,400
synth_9191,400
synth_9211,400
synth_9192,400
synth_9196,400
synth_9200,400
synth_9187,400
synth_9213,400
synth_9212,400
synth_9206,400
synth_9208,400
synth_9203,400
synth_9214,400
synth_9215,400
synth_9201,400
synth_9189,400
synth_9202,400
synth_9194,400
synth_9195,400
synth_9210,400
synth_9204,400
synth_9199,400
synth_9205,400
synth_9207,400
synth_9193,400
synth_9217,399
synth_9218,399
synth_9235,399
synth_9226,399
synth_9244,399
synth_9222,399
synth_9224,399
synth_9240,399
synth_9242,399
synth_9230,399
synth_9229,399
synth_9221,399
synth_9233,399
synth_9241,399
synth_9232,399
synth_9236,399
synth_9238,399
synth_9219,399
synth_9237,399
synth_9220,399
synth_9228,399
synth_9243,399
synth_9231,399
synth_9234,399
synth_9239,399
synth_9223,399
synth_9225,399
synth_9227,399
synth_9216,399
synth_9254,398
synth_9259,398
synth_9271,398
synth_9245,398
synth_9255,398
synth_9248,398
synth_9258,398
synth_9251,398
synth_9273,398
synth_9256,398
synth_9267,398
synth_9266,398
synth_9257,398
synth_9249,398
synth_9268,398
synth_9272,398
synth_9263,398
synth_9269,398
synth_9270,398
synth_9264,398
synth_9247,398
synth_9265,398
synth_9246,398
synth_9252,398
synth_9262,398
synth_9253,398
synth_9261,398
synth_9250,398
synth_9260,398
synth_9285,397
synth_9293,397
synth_9289,397
synth_9297,397
synth_9288,397
synth_9291,397
synth_9275,397
synth_9294,397
synth_9278,397
synth_9277,397
synth_9287,397
synth_9282,397
synth_9281,397
synth_9300,397
synth_9274,397
synth_9290,397
synth_9298,397
synth_9302,397
synth_9286,397
synth_9280,397
synth_9299,397
synth_9283,397
synth_9284,397
synth_9301,397
synth_9279,397
synth_9276,397
synth_9295,397
synth_9296,397
synth_9292,397
synth_9330,396
synth_9308,396
synth_9321,396
synth_9313,396
synth_9325,396
synth_9312,396
synth_9310,396
synth_9315,396
synth_9328,396
synth_9318,396
synth_9323,396
synth_9314,396
synth_9324,396
synth_9309,396
synth_9305,396
synth_9322,396
synth_9327,396
synth_9331,396
synth_9316,396
synth_9319,396
synth_9329,396
synth_9303,396
synth_9306,396
synth_9311,396
synth_9320,396
synth_9304,396
synth_9317,396
synth_9307,396
synth_9326,396
synth_9335,395
synth_9333,395
synth_9353,395
synth_9354,395
synth_9336,395
synth_9351,395
synth_9337,395
synth_9346,395
synth_9361,395
synth_9350,395
synth_9342,395
synth_9357,395
synth_9356,395
synth_9340,395
synth_9359,395
synth_9343,395
synth_9338,395
synth_9355,395
synth_9332,395
synth_9345,395
synth_9358,395
synth_9349,395
synth_9360,395
synth_9352,395
synth_9334,395
synth_9347,395
synth_9344,395
synth_9341,395
synth_9339,395
synth_9348,395
synth_9370,394
synth_9390,394
synth_9388,394
synth_9363,394
synth_9385,394
synth_9379,394
synth_9380,394
synth_9365,394
synth_9367,394
synth_9362,394
synth_9375,394
synth_9386,394
synth_9377,394
synth_9364,394
synth_9366,394
synth_9368,394
synth_9378,394
synth_9383,394
synth_9391,394
synth_9381,394
synth_9376,394
synth_9384,394
synth_9389,394
synth_9382,394
synth_9374,394
synth_9372,394
synth_9387,394
synth_9373,394
synth_9371,394
synth_9369,394
synth_9420,393
synth_9410,393
synth_9401,393
synth_9412,393
synth_9409,393
synth_9397,393
synth_9392,393
synth_9402,393
synth_9393,393
synth_9407,393
synth_9418,393
synth_9413,393
synth_9405,393
synth_9399,393
synth_9400,393
synth_9411,393
synth_9416,393
synth_9414,393
synth_9417,393
synth_9394,393
synth_9395,393
synth_9415,393
synth_9398,393
synth_9406,393
synth_9403,393
synth_9408,393
synth_9404,393
synth_9419,393
synth_9421,393
synth_9396,393
synth_9438,392
synth_9422,392
synth_9442,392
synth_9432,392
synth_9425,392
synth_9448,392
synth_9449,392
synth_9451,392
synth_9440,392
synth_9434,392
synth_9433,392
synth_9443,392
synth_9436,392
synth_9431,392
synth_9441,392
synth_9426,392
synth_9447,392
synth_9445,392
synth_9439,392
synth_9446,392
synth_9435,392
synth_9429,392
synth_9428,392
synth_9437,392
synth_9423,392
synth_9424,392
synth_9444,392
synth_9427,392
synth_9450,392
synth_9430,392
synth_9459,391
synth_9464,391
synth_9473,391
synth_9471,391
synth_9476,391
synth_9460,391
synth_9461,391
synth_9462,391
synth_9452,391
synth_9477,391
synth_9458,391
synth_9457,391
synth_9481,391
synth_9454,391
synth_9478,391
synth_9474,391
synth_9463,391
synth_9479,391
synth_9469,391
synth_9470,391
synth_9466,391
synth_9465,391
synth_9480,391
synth_9475,391
synth_9467,391
synth_9456,391
synth_9472,391
synth_9468,391
synth_9453,391
synth_9455,391
synth_9484,390
synth_9487,390
synth_9489,390
synth_9495,390
synth_9491,390
synth_9499,390
synth_9502,390
synth_9505,390
synth_9497,390
synth_9483,390
synth_9486,390
synth_9494,390
synth_9482,390
synth_9501,390
synth_9511,390
synth_9507,390
synth_9504,390
synth_9493,390
synth_9510,390
synth_9508,390
synth_9488,390
synth_9492,390
synth_9506,390
synth_9509,390
synth_9490,390
synth_9500,390
synth_9503,390
synth_9496,390
synth_9485,390
synth_9498,390
synth_9542,389
synth_9524,389
synth_9532,389
synth_9531,389
synth_9518,389
synth_9540,389
synth_9514,389
synth_9515,389
synth_9535,389
synth_9528,389
synth_9519,389
synth_9516,389
synth_9513,389
synth_9530,389
synth_9539,389
synth_9529,389
synth_9533,389
synth_9534,389
synth_9536,389
synth_9525,389
synth_9517,389
synth_9537,389
synth_9538,389
synth_9521,389
synth_9526,389
synth_9512,389
synth_9523,389
synth_9541,389
synth_9527,389
synth_9522,389
synth_9520,389
synth_9553,388
synth_9566,388
synth_9569,388
synth_9552,388
synth_9564,388
synth_9568,388
synth_9572,388
synth_9561,388
synth_9557,388
synth_9543,388
synth_9549,388
synth_9544,388
synth_9558,388
synth_9545,388
synth_9548,388
synth_9560,388
synth_9554,388
synth_9550,388
synth_9546,388
synth_9563,388
synth_9573,388
synth_9562,388
synth_9565,388
synth_9570,388
synth_9559,388
synth_9547,388
synth_9567,388
synth_9551,388
synth_9556,388
synth_9571,388
synth_9555,388
synth_9587,387
synth_9584,387
synth_9600,387
synth_9578,387
synth_9576,387
synth_9586,387
synth_9601,387
synth_9604,387
synth_9589,387
synth_9588,387
synth_9597,387
synth_9590,387
synth_9579,387
synth_9595,387
synth_9580,387
synth_9574,387
synth_9594,387
synth_9585,387
synth_9577,387
synth_9581,387
synth_9602,387
synth_9591,387
synth_9582,387
synth_9596,387
synth_9575,387
synth_9598,387
synth_9583,387
synth_9593,387
synth_9603,387
synth_9599,387
synth_9592,387
synth_9627,386
synth_9629,386
synth_9631,386
synth_9606,386
synth_9611,386
synth_9612,386
synth_9634,386
synth_9635,386
synth_9617,386
synth_9623,386
synth_9626,386
synth_9624,386
synth_9621,386
synth_9607,386
synth_9608,386
synth_9609,386
synth_9616,386
synth_9625,386
synth_9610,386
synth_9618,386
synth_9620,386
synth_9613,386
synth_9632,386
synth_9633,386
synth_9619,386
synth_9628,386
synth_9622,386
synth_9614,386
synth_9605,386
synth_9615,386
synth_9630,386
synth_9652,385
synth_9656,385
synth_9646,385
synth_9663,385
synth_9657,385
synth_9660,385
synth_9654,385
synth_9662,385
synth_9643,385
synth_9650,385
synth_9661,385
synth_9664,385
synth_9658,385
synth_9648,385
synth_9653,385
synth_9666,385
synth_9651,385
synth_9642,385
synth_9665,385
synth_9638,385
synth_9637,385
synth_9649,385
synth_9655,385
synth_9644,385
synth_9647,385
synth_9645,385
synth_9636,385
synth_9639,385
synth_9659,385
synth_9640,385
synth_9641,385
synth_9680,384
synth_9668,384
synth_9688,384
synth_9683,384
synth_9692,384
synth_9682,384
synth_9674,384
synth_9675,384
synth_9684,384
synth_9686,384
synth_9687,384
synth_9694,384
synth_9669,384
synth_9672,384
synth_9673,384
synth_9690,384
synth_9698,384
synth_9671,384
synth_9693,384
synth_9667,384
synth_9670,384
synth_9677,384
synth_9697,384
synth_9695,384
synth_9676,384
synth_9679,384
synth_9689,384
synth_9681,384
synth_9696,384
synth_9685,384
synth_9678,384
synth_9691,384
synth_9718,383
synth_9724,383
synth_9729,383
synth_9710,383
synth_9706,383
synth_9723,383
synth_9715,383
synth_9713,383
synth_9700,383
synth_9708,383
synth_9703,383
synth_9701,383
synth_9726,383
synth_9711,383
synth_9712,383
synth_9717,383
synth_9699,383
synth_9704,383
synth_9714,383
synth_9719,383
synth_9705,383
synth_9702,383
synth_9716,383
synth_9721,383
synth_9725,383
synth_9727,383
synth_9709,383
synth_9707,383
synth_9720,383
synth_9722,383
synth_9728,383
synth_9754,382
synth_9745,382
synth_9757,382
synth_9733,382
synth_9759,382
synth_9735,382
synth_9751,382
synth_9730,382
synth_9744,382
synth_9737,382
synth_9743,382
synth_9747,382
synth_9739,382
synth_9750,382
synth_9736,382
synth_9732,382
synth_9746,382
synth_9755,382
synth_9742,382
synth_9758,382
synth_9752,382
synth_9738,382
synth_9753,382
synth_9734,382
synth_9760,382
synth_9731,382
synth_9756,382
synth_9741,382
synth_9749,382
synth_9761,382
synth_9740,382
synth_9748,382
synth_9788,381
synth_9790,381
synth_9778,381
synth_9785,381
synth_9783,381
synth_9766,381
synth_9791,381
synth_9765,381
synth_9793,381
synth_9773,381
synth_9786,381
synth_9787,381
synth_9770,381
synth_9784,381
synth_9767,381
synth_9774,381
synth_9763,381
synth_9789,381
synth_9772,381
synth_9762,381
synth_9777,381
synth_9782,381
synth_9792,381
synth_9768,381
synth_9779,381
synth_9775,381
synth_9776,381
synth_9780,381
synth_9771,381
synth_9781,381
synth_9764,381
synth_9769,381
synth_9816,380
synth_9794,380
synth_9800,380
synth_9812,380
synth_9804,380
synth_9809,380
synth_9821,380
synth_9799,380
synth_9795,380
synth_9819,380
synth_9820,380
synth_9811,380
synth_9797,380
synth_9822,380
synth_9803,380
synth_9798,380
synth_9824,380
synth_9796,380
synth_9802,380
synth_9825,380
synth_9818,380
synth_9817,380
synth_9823,380
synth_9805,380
synth_9807,380
synth_9814,380
synth_9801,380
synth_9826,380
synth_9806,380
synth_9808,380
synth_9815,380
synth_9810,380
synth_9813,380
synth_9827,379
synth_9841,379
synth_9829,379
synth_9830,379
synth_9851,379
synth_9849,379
synth_9832,379
synth_9848,379
synth_9835,379
synth_9856,379
synth_9845,379
synth_9843,379
synth_9840,379
synth_9837,379
synth_9857,379
synth_9847,379
synth_9844,379
synth_9842,379
synth_9846,379
synth_9834,379
synth_9858,379
synth_9853,379
synth_9839,379
synth_9838,379
synth_9828,379
synth_9850,379
synth_9833,379
synth_9852,379
synth_9855,379
synth_9836,379
synth_9854,379
synth_9831,379
synth_9863,378
synth_9882,378
synth_9871,378
synth_9889,378
synth_9862,378
synth_9890,378
synth_9868,378
synth_9870,378
synth_9886,378
synth_9875,378
synth_9865,378
synth_9859,378
synth_9872,378
synth_9878,378
synth_9877,378
synth_9864,378
synth_9884,378
synth_9860,378
synth_9887,378
synth_9866,378
synth_9883,378
synth_9880,378
synth_9876,378
synth_9874,378
synth_9867,378
synth_9891,378
synth_9879,378
synth_9888,378
synth_9861,378
synth_9873,378
synth_9885,378
synth_9869,378
synth_9881,378
synth_9908,377
synth_9910,377
synth_9914,377
synth_9916,377
synth_9917,377
synth_9904,377
synth_9919,377
synth_9920,377
synth_9906,377
synth_9907,377
synth_9898,377
synth_9915,377
synth_9923,377
synth_9892,377
synth_9897,377
synth_9903,377
synth_9905,377
synth_9901,377
synth_9902,377
synth_9912,377
synth_9911,377
synth_9896,377
synth_9900,377
synth_9899,377
synth_9893,377
synth_9921,377
synth_9894,377
synth_9924,377
synth_9895,377
synth_9922,377
synth_9909,377
synth_9913,377
synth_9918,377
synth_9926,376
synth_9950,376
synth_9939,376
synth_9957,376
synth_9946,376
synth_9944,376
synth_9953,376
synth_9929,376
synth_9938,376
synth_9936,376
synth_9930,376
synth_9948,376
synth_9928,376
synth_9931,376
synth_9941,376
synth_9925,376
synth_9954,376
synth_9933,376
synth_9945,376
synth_9949,376
synth_9947,376
synth_9952,376
synth_9955,376
synth_9943,376
synth_9927,376
synth_9942,376
synth_9937,376
synth_9951,376
synth_9956,376
synth_9934,376
synth_9932,376
synth_9940,376
synth_9935,376
synth_9985,375
synth_9958,375
synth_9989,375
synth_9972,375
synth_9981,375
synth_9980,375
synth_9982,375
synth_9961,375
synth_9977,375
synth_9988,375
synth_9986,375
synth_9974,375
synth_9963,375
synth_9967,375
synth_9970,375
synth_9984,375
synth_9966,375
synth_9962,375
synth_9979,375
synth_9964,375
synth_9976,375
synth_9987,375
synth_9975,375
synth_9969,375
synth_9973,375
synth_9978,375
synth_9990,375
synth_9960,375
synth_9965,375
synth_9959,375
synth_9971,375
synth_9983,375
synth_9968,375
synth_9994,374
synth_10016,374
synth_10022,374
synth_10013,374
synth_10023,374
synth_10006,374
synth_10003,374
synth_9998,374
synth_10004,374
synth_10021,374
synth_10009,374
synth_10001,374
synth_10002,374
synth_10011,374
synth_9992,374
synth_9996,374
synth_10007,374
synth_10015,374
synth_9991,374
synth_10010,374
synth_10005,374
synth_10017,374
synth_10000,374
synth_10008,374
synth_9993,374
synth_9995,374
synth_9997,374
synth_10012,374
synth_10014,374
synth_10020,374
synth_9999,374
synth_10018,374
synth_10019,374
synth_10033,373
synth_10036,373
synth_10028,373
synth_10047,373
synth_10027,373
synth_10041,373
synth_10050,373
synth_10057,373
synth_10038,373
synth_10043,373
synth_10055,373
synth_10046,373
synth_10042,373
synth_10056,373
synth_10054,373
synth_10051,373
synth_10031,373
synth_10035,373
synth_10049,373
synth_10039,373
synth_10045,373
synth_10037,373
synth_10048,373
synth_10029,373
synth_10044,373
synth_10034,373
synth_10052,373
synth_10053,373
synth_10026,373
synth_10030,373
synth_10032,373
synth_10025,373
synth_10040,373
synth_10024,373
synth_10079,372
synth_10070,372
synth_10059,372
synth_10066,372
synth_10077,372
synth_10089,372
synth_10062,372
synth_10084,372
synth_10087,372
synth_10060,372
synth_10072,372
synth_10088,372
synth_10081,372
synth_10086,372
synth_10061,372
synth_10080,372
synth_10073,372
synth_10082,372
synth_10067,372
synth_10063,372
synth_10083,372
synth_10085,372
synth_10064,372
synth_10069,372
synth_10071,372
synth_10075,372
synth_10074,372
synth_10076,372
synth_10090,372
synth_10068,372
synth_10065,372
synth_10078,372
synth_10091,372
synth_10058,372
synth_10115,371
synth_10125,371
synth_10118,371
synth_10093,371
synth_10105,371
synth_10117,371
synth_10113,371
synth_10114,371
synth_10102,371
synth_10096,371
synth_10119,371
synth_10120,371
synth_10092,371
synth_10101,371
synth_10112,371
synth_10097,371
synth_10116,371
synth_10122,371
synth_10124,371
synth_10094,371
synth_10103,371
synth_10104,371
synth_10107,371
synth_10100,371
synth_10121,371
synth_10110,371
synth_10095,371
synth_10106,371
synth_10109,371
synth_10099,371
synth_10098,371
synth_10108,371
synth_10111,371
synth_10123,371
synth_10140,370
synth_10145,370
synth_10146,370
synth_10150,370
synth_10132,370
synth_10128,370
synth_10159,370
synth_10155,370
synth_10135,370
synth_10137,370
synth_10142,370
synth_10147,370
synth_10143,370
synth_10144,370
synth_10148,370
synth_10139,370
synth_10133,370
synth_10131,370
synth_10157,370
synth_10154,370
synth_10158,370
synth_10156,370
synth_10153,370
synth_10141,370
synth_10149,370
synth_10134,370
synth_10127,370
synth_10126,370
synth_10130,370
synth_10151,370
synth_10129,370
synth_10138,370
synth_10136,370
synth_10152,370
synth_10163,369
synth_10172,369
synth_10170,369
synth_10181,369
synth_10178,369
synth_10171,369
synth_10173,369
synth_10191,369
synth_10184,369
synth_10176,369
synth_10180,369
synth_10175,369
synth_10189,369
synth_10190,369
synth_10166,369
synth_10185,369
synth_10188,369
synth_10160,369
synth_10193,369
synth_10167,369
synth_10186,369
synth_10183,369
synth_10174,369
synth_10165,369
synth_10194,369
synth_10182,369
synth_10187,369
synth_10169,369
synth_10192,369
synth_10161,369
synth_10168,369
synth_10179,369
synth_10162,369
synth_10164,369
synth_10177,369
synth_10198,368
synth_10217,368
synth_10203,368
synth_10208,368
synth_10197,368
synth_10211,368
synth_10214,368
synth_10223,368
synth_10195,368
synth_10228,368
synth_10201,368
synth_10209,368
synth_10204,368
synth_10225,368
synth_10210,368
synth_10212,368
synth_10221,368
synth_10222,368
synth_10215,368
synth_10196,368
synth_10207,368
synth_10227,368
synth_10206,368
synth_10216,368
synth_10213,368
synth_10218,368
synth_10220,368
synth_10224,368
synth_10219,368
synth_10205,368
synth_10226,368
synth_10200,368
synth_10199,368
synth_10202,368
synth_10229,367
synth_10232,367
synth_10236,367
synth_10255,367
synth_10261,367
synth_10230,367
synth_10246,367
synth_10263,367
synth_10257,367
synth_10242,367
synth_10240,367
synth_10252,367
synth_10249,367
synth_10253,367
synth_10231,367
synth_10241,367
synth_10234,367
synth_10258,367
synth_10245,367
synth_10256,367
synth_10247,367
synth_10262,367
synth_10239,367
synth_10243,367
synth_10244,367
synth_10233,367
synth_10237,367
synth_10259,367
synth_10248,367
synth_10251,367
synth_10250,367
synth_10235,367
synth_10260,367
synth_10254,367
synth_10238,367
synth_10281,366
synth_10268,366
synth_10269,366
synth_10279,366
synth_10278,366
synth_10296,366
synth_10270,366
synth_10272,366
synth_10276,366
synth_10277,366
synth_10297,366
synth_10289,366
synth_10273,366
synth_10282,366
synth_10267,366
synth_10287,366
synth_10298,366
synth_10284,366
synth_10264,366
synth_10286,366
synth_10265,366
synth_10295,366
synth_10275,366
synth_10290,366
synth_10274,366
synth_10294,366
synth_10293,366
synth_10288,366
synth_10283,366
synth_10280,366
synth_10292,366
synth_10285,366
synth_10291,366
synth_10266,366
synth_10271,366
synth_10309,365
synth_10301,365
synth_10305,365
synth_10332,365
synth_10304,365
synth_10314,365
synth_10307,365
synth_10318,365
synth_10306,365
synth_10334,365
synth_10324,365
synth_10320,365
synth_10312,365
synth_10325,365
synth_10310,365
synth_10303,365
synth_10311,365
synth_10319,365
synth_10326,365
synth_10328,365
synth_10300,365
synth_10321,365
synth_10313,365
synth_10330,365
synth_10329,365
synth_10333,365
synth_10323,365
synth_10302,365
synth_10327,365
synth_10322,365
synth_10299,365
synth_10331,365
synth_10308,365
synth_10317,365
synth_10315,365
synth_10316,365
synth_10345,364
synth_10361,364
synth_10355,364
synth_10346,364
synth_10365,364
synth_10366,364
synth_10356,364
synth_10343,364
synth_10358,364
synth_10348,364
synth_10359,364
synth_10369,364
synth_10353,364
synth_10338,364
synth_10360,364
synth_10368,364
synth_10357,364
synth_10351,364
synth_10342,364
synth_10352,364
synth_10339,364
synth_10335,364
synth_10354,364
synth_10363,364
synth_10344,364
synth_10337,364
synth_10349,364
synth_10340,364
synth_10350,364
synth_10347,364
synth_10362,364
synth_10367,364
synth_10341,364
synth_10336,364
synth_10364,364
synth_10392,363
synth_10400,363
synth_10384,363
synth_10379,363
synth_10382,363
synth_10390,363
synth_10370,363
synth_10375,363
synth_10402,363
synth_10373,363
synth_10378,363
synth_10394,363
synth_10377,363
synth_10387,363
synth_10404,363
synth_10380,363
synth_10381,363
synth_10405,363
synth_10374,363
synth_10395,363
synth_10393,363
synth_10389,363
synth_10397,363
synth_10383,363
synth_10391,363
synth_10401,363
synth_10385,363
synth_10403,363
synth_10376,363
synth_10388,363
synth_10396,363
synth_10371,363
synth_10386,363
synth_10372,363
synth_10399,363
synth_10398,363
synth_10410,362
synth_10433,362
synth_10412,362
synth_10414,362
synth_10437,362
synth_10431,362
synth_10427,362
synth_10440,362
synth_10415,362
synth_10411,362
synth_10432,362
synth_10423,362
synth_10424,362
synth_10441,362
synth_10409,362
synth_10438,362
synth_10420,362
synth_10406,362
synth_10422,362
synth_10435,362
synth_10421,362
synth_10430,362
synth_10418,362
synth_10408,362
synth_10436,362
synth_10417,362
synth_10413,362
synth_10419,362
synth_10407,362
synth_10439,362
synth_10425,362
synth_10428,362
synth_10429,362
synth_10434,362
synth_10416,362
synth_10426,362
synth_10452,361
synth_10451,361
synth_10447,361
synth_10459,361
synth_10466,361
synth_10471,361
synth_10448,361
synth_10465,361
synth_10458,361
synth_10457,361
synth_10460,361
synth_10473,361
synth_10450,361
synth_10456,361
synth_10449,361
synth_10461,361
synth_10474,361
synth_10446,361
synth_10475,361
synth_10445,361
synth_10444,361
synth_10469,361
synth_10470,361
synth_10467,361
synth_10443,361
synth_10453,361
synth_10462,361
synth_10468,361
synth_10442,361
synth_10464,361
synth_10477,361
synth_10454,361
synth_10455,361
synth_10463,361
synth_10472,361
synth_10476,361
synth_10478,360
synth_10488,360
synth_10493,360
synth_10500,360
synth_10508,360
synth_10514,360
synth_10510,360
synth_10501,360
synth_10492,360
synth_10481,360
synth_10491,360
synth_10494,360
synth_10487,360
synth_10482,360
synth_10495,360
synth_10504,360
synth_10513,360
synth_10497,360
synth_10484,360
synth_10485,360
synth_10496,360
synth_10499,360
synth_10505,360
synth_10480,360
synth_10507,360
synth_10489,360
synth_10512,360
synth_10502,360
synth_10479,360
synth_10498,360
synth_10511,360
synth_10490,360
synth_10506,360
synth_10483,360
synth_10486,360
synth_10503,360
synth_10509,360
synth_10525,359
synth_10546,359
synth_10541,359
synth_10542,359
synth_10520,359
synth_10522,359
synth_10529,359
synth_10537,359
synth_10545,359
synth_10547,359
synth_10535,359
synth_10539,359
synth_10550,359
synth_10549,359
synth_10517,359
synth_10527,359
synth_10532,359
synth_10530,359
synth_10524,359
synth_10534,359
synth_10536,359
synth_10526,359
synth_10543,359
synth_10533,359
synth_10540,359
synth_10544,359
synth_10521,359
synth_10538,359
synth_10531,359
synth_10516,359
synth_10548,359
synth_10515,359
synth_10528,359
synth_10519,359
synth_10518,359
synth_10523,359
synth_10560,358
synth_10587,358
synth_10572,358
synth_10552,358
synth_10556,358
synth_10584,358
synth_10553,358
synth_10577,358
synth_10554,358
synth_10562,358
synth_10568,358
synth_10585,358
synth_10567,358
synth_10583,358
synth_10551,358
synth_10586,358
synth_10557,358
synth_10565,358
synth_10559,358
synth_10576,358
synth_10561,358
synth_10569,358
synth_10574,358
synth_10570,358
synth_10558,358
synth_10573,358
synth_10571,358
synth_10578,358
synth_10579,358
synth_10563,358
synth_10575,358
synth_10566,358
synth_10564,358
synth_10555,358
synth_10580,358
synth_10581,358
synth_10582,358
synth_10610,357
synth_10624,357
synth_10621,357
synth_10589,357
synth_10619,357
synth_10596,357
synth_10588,357
synth_10591,357
synth_10615,357
synth_10590,357
synth_10600,357
synth_10605,357
synth_10613,357
synth_10598,357
synth_10620,357
synth_10617,357
synth_10604,357
synth_10601,357
synth_10608,357
synth_10606,357
synth_10623,357
synth_10595,357
synth_10597,357
synth_10602,357
synth_10612,357
synth_10616,357
synth_10594,357
synth_10614,357
synth_10611,357
synth_10592,357
synth_10618,357
synth_10599,357
synth_10593,357
synth_10622,357
synth_10607,357
synth_10603,357
synth_10609,357
synth_10645,356
synth_10660,356
synth_10640,356
synth_10631,356
synth_10646,356
synth_10652,356
synth_10634,356
synth_10625,356
synth_10662,356
synth_10642,356
synth_10638,356
synth_10650,356
synth_10658,356
synth_10648,356
synth_10643,356
synth_10632,356
synth_10644,356
synth_10628,356
synth_10627,356
synth_10657,356
synth_10653,356
synth_10626,356
synth_10633,356
synth_10651,356
synth_10659,356
synth_10656,356
synth_10636,356
synth_10637,356
synth_10655,356
synth_10654,356
synth_10649,356
synth_10661,356
synth_10630,356
synth_10647,356
synth_10641,356
synth_10639,356
synth_10635,356
synth_10629,356
synth_10699,355
synth_10673,355
synth_10677,355
synth_10693,355
synth_10666,355
synth_10665,355
synth_10679,355
synth_10683,355
synth_10670,355
synth_10690,355
synth_10682,355
synth_10696,355
synth_10672,355
synth_10675,355
synth_10686,355
synth_10692,355
synth_10695,355
synth_10681,355
synth_10687,355
synth_10676,355
synth_10671,355
synth_10680,355
synth_10668,355
synth_10697,355
synth_10688,355
synth_10698,355
synth_10684,355
synth_10689,355
synth_10685,355
synth_10664,355
synth_10691,355
synth_10678,355
synth_10667,355
synth_10674,355
synth_10669,355
synth_10663,355
synth_10694,355
synth_10710,354
synth_10736,354
synth_10703,354
synth_10731,354
synth_10700,354
synth_10730,354
synth_10733,354
synth_10706,354
synth_10720,354
synth_10728,354
synth_10702,354
synth_10732,354
synth_10725,354
synth_10711,354
synth_10721,354
synth_10737,354
synth_10714,354
synth_10712,354
synth_10716,354
synth_10708,354
synth_10713,354
synth_10719,354
synth_10707,354
synth_10735,354
synth_10722,354
synth_10709,354
synth_10734,354
synth_10727,354
synth_10704,354
synth_10726,354
synth_10701,354
synth_10723,354
synth_10715,354
synth_10718,354
synth_10705,354
synth_10717,354
synth_10724,354
synth_10729,354
synth_10754,353
synth_10753,353
synth_10748,353
synth_10774,353
synth_10759,353
synth_10743,353
synth_10771,353
synth_10767,353
synth_10741,353
synth_10772,353
synth_10766,353
synth_10765,353
synth_10750,353
synth_10769,353
synth_10763,353
synth_10746,353
synth_10770,353
synth_10758,353
synth_10773,353
synth_10755,353
synth_10768,353
synth_10775,353
synth_10744,353
synth_10762,353
synth_10757,353
synth_10761,353
synth_10747,353
synth_10739,353
synth_10742,353
synth_10740,353
synth_10764,353
synth_10756,353
synth_10745,353
synth_10738,353
synth_10751,353
synth_10752,353
synth_10749,353
synth_10760,353
synth_10804,352
synth_10800,352
synth_10811,352
synth_10806,352
synth_10786,352
synth_10792,352
synth_10793,352
synth_10780,352
synth_10807,352
synth_10791,352
synth_10810,352
synth_10797,352
synth_10799,352
synth_10776,352
synth_10778,352
synth_10783,352
synth_10798,352
synth_10808,352
synth_10813,352
synth_10781,352
synth_10782,352
synth_10789,352
synth_10802,352
synth_10777,352
synth_10814,352
synth_10803,352
synth_10784,352
synth_10809,352
synth_10788,352
synth_10785,352
synth_10794,352
synth_10779,352
synth_10790,352
synth_10805,352
synth_10795,352
synth_10787,352
synth_10801,352
synth_10812,352
synth_10796,352
synth_10831,351
synth_10828,351
synth_10834,351
synth_10824,351
synth_10838,351
synth_10829,351
synth_10844,351
synth_10842,351
synth_10816,351
synth_10836,351
synth_10843,351
synth_10849,351
synth_10850,351
synth_10822,351
synth_10841,351
synth_10852,351
synth_10845,351
synth_10826,351
synth_10821,351
synth_10830,351
synth_10837,351
synth_10847,351
synth_10819,351
synth_10818,351
synth_10833,351
synth_10815,351
synth_10848,351
synth_10839,351
synth_10820,351
synth_10823,351
synth_10827,351
synth_10835,351
synth_10825,351
synth_10846,351
synth_10840,351
synth_10817,351
synth_10832,351
synth_10851,351
synth_10881,350
synth_10872,350
synth_10856,350
synth_10865,350
synth_10870,350
synth_10864,350
synth_10890,350
synth_10876,350
synth_10891,350
synth_10869,350
synth_10879,350
synth_10883,350
synth_10860,350
synth_10858,350
synth_10873,350
synth_10853,350
synth_10885,350
synth_10867,350
synth_10878,350
synth_10880,350
synth_10871,350
synth_10886,350
synth_10863,350
synth_10859,350
synth_10866,350
synth_10884,350
synth_10888,350
synth_10882,350
synth_10875,350
synth_10868,350
synth_10857,350
synth_10874,350
synth_10862,350
synth_10887,350
synth_10854,350
synth_10877,350
synth_10861,350
synth_10855,350
synth_10889,350
synth_10905,349
synth_10908,349
synth_10914,349
synth_10927,349
synth_10898,349
synth_10896,349
synth_10915,349
synth_10909,349
synth_10928,349
synth_10916,349
synth_10923,349
synth_10922,349
synth_10924,349
synth_10912,349
synth_10901,349
synth_10899,349
synth_10926,349
synth_10906,349
synth_10903,349
synth_10925,349
synth_10921,349
synth_10911,349
synth_10918,349
synth_10930,349
synth_10892,349
synth_10919,349
synth_10920,349
synth_10910,349
synth_10929,349
synth_10917,349
synth_10902,349
synth_10913,349
synth_10894,349
synth_10900,349
synth_10907,349
synth_10897,349
synth_10904,349
synth_10895,349
synth_10893,349
synth_10959,348
synth_10935,348
synth_10955,348
synth_10946,348
synth_10951,348
synth_10967,348
synth_10953,348
synth_10943,348
synth_10944,348
synth_10950,348
synth_10947,348
synth_10962,348
synth_10936,348
synth_10931,348
synth_10932,348
synth_10937,348
synth_10961,348
synth_10934,348
synth_10945,348
synth_10938,348
synth_10963,348
synth_10957,348
synth_10964,348
synth_10965,348
synth_10948,348
synth_10939,348
synth_10942,348
synth_10956,348
synth_10968,348
synth_10969,348
synth_10940,348
synth_10966,348
synth_10960,348
synth_10958,348
synth_10949,348
synth_10941,348
synth_10952,348
synth_10954,348
synth_10933,348
synth_11005,347
synth_10985,347
synth_10989,347
synth_10997,347
synth_10996,347
synth_10994,347
synth_11007,347
synth_10991,347
synth_10979,347
synth_10990,347
synth_10987,347
synth_10986,347
synth_10977,347
synth_10971,347
synth_11003,347
synth_10978,347
synth_11002,347
synth_10981,347
synth_10992,347
synth_10983,347
synth_11009,347
synth_11008,347
synth_10975,347
synth_10984,347
synth_11001,347
synth_10999,347
synth_10993,347
synth_10972,347
synth_11006,347
synth_10976,347
synth_11004,347
synth_11000,347
synth_10970,347
synth_10998,347
synth_10980,347
synth_10988,347
synth_10974,347
synth_10995,347
synth_10973,347
synth_10982,347
synth_11025,346
synth_11043,346
synth_11047,346
synth_11017,346
synth_11030,346
synth_11042,346
synth_11012,346
synth_11010,346
synth_11022,346
synth_11026,346
synth_11015,346
synth_11048,346
synth_11031,346
synth_11014,346
synth_11038,346
synth_11039,346
synth_11040,346
synth_11018,346
synth_11029,346
synth_11019,346
synth_11021,346
synth_11033,346
synth_11036,346
synth_11024,346
synth_11044,346
synth_11045,346
synth_11041,346
synth_11035,346
synth_11020,346
synth_11011,346
synth_11013,346
synth_11032,346
synth_11016,346
synth_11037,346
synth_11034,346
synth_11049,346
synth_11028,346
synth_11046,346
synth_11023,346
synth_11027,346
synth_11082,345
synth_11085,345
synth_11060,345
synth_11067,345
synth_11056,345
synth_11052,345
synth_11054,345
synth_11058,345
synth_11083,345
synth_11087,345
synth_11055,345
synth_11074,345
synth_11069,345
synth_11057,345
synth_11088,345
synth_11065,345
synth_11066,345
synth_11089,345
synth_11053,345
synth_11077,345
synth_11075,345
synth_11061,345
synth_11081,345
synth_11059,345
synth_11062,345
synth_11086,345
synth_11080,345
synth_11078,345
synth_11072,345
synth_11050,345
synth_11051,345
synth_11079,345
synth_11076,345
synth_11070,345
synth_11071,345
synth_11073,345
synth_11068,345
synth_11084,345
synth_11063,345
synth_11064,345
synth_11120,344
synth_11099,344
synth_11103,344
synth_11101,344
synth_11128,344
synth_11092,344
synth_11113,344
synth_11108,344
synth_11106,344
synth_11117,344
synth_11118,344
synth_11112,344
synth_11126,344
synth_11111,344
synth_11095,344
synth_11124,344
synth_11115,344
synth_11129,344
synth_11104,344
synth_11093,344
synth_11097,344
synth_11119,344
synth_11116,344
synth_11090,344
synth_11127,344
synth_11098,344
synth_11100,344
synth_11122,344
synth_11109,344
synth_11110,344
synth_11114,344
synth_11094,344
synth_11123,344
synth_11121,344
synth_11091,344
synth_11102,344
synth_11096,344
synth_11105,344
synth_11107,344
synth_11125,344
synth_11162,343
synth_11170,343
synth_11149,343
synth_11145,343
synth_11151,343
synth_11158,343
synth_11132,343
synth_11159,343
synth_11160,343
synth_11146,343
synth_11143,343
synth_11152,343
synth_11163,343
synth_11166,343
synth_11161,343
synth_11141,343
synth_11142,343
synth_11140,343
synth_11134,343
synth_11136,343
synth_11157,343
synth_11167,343
synth_11137,343
synth_11169,343
synth_11130,343
synth_11168,343
synth_11148,343
synth_11153,343
synth_11133,343
synth_11139,343
synth_11147,343
synth_11138,343
synth_11144,343
synth_11150,343
synth_11135,343
synth_11131,343
synth_11165,343
synth_11164,343
synth_11156,343
synth_11154,343
synth_11155,343
synth_11197,342
synth_11177,342
synth_11179,342
synth_11187,342
synth_11191,342
synth_11193,342
synth_11194,342
synth_11202,342
synth_11211,342
synth_11208,342
synth_11189,342
synth_11176,342
synth_11200,342
synth_11195,342
synth_11198,342
synth_11190,342
synth_11209,342
synth_11172,342
synth_11178,342
synth_11182,342
synth_11205,342
synth_11203,342
synth_11206,342
synth_11196,342
synth_11174,342
synth_11192,342
synth_11199,342
synth_11207,342
synth_11186,342
synth_11201,342
synth_11175,342
synth_11188,342
synth_11183,342
synth_11171,342
synth_11181,342
synth_11185,342
synth_11210,342
synth_11184,342
synth_11204,342
synth_11173,342
synth_11180,342
synth_11236,341
synth_11226,341
synth_11235,341
synth_11249,341
synth_11229,341
synth_11242,341
synth_11237,341
synth_11218,341
synth_11228,341
synth_11213,341
synth_11217,341
synth_11223,341
synth_11240,341
synth_11252,341
synth_11212,341
synth_11227,341
synth_11230,341
synth_11241,341
synth_11220,341
synth_11244,341
synth_11214,341
synth_11221,341
synth_11233,341
synth_11225,341
synth_11251,341
synth_11238,341
synth_11246,341
synth_11232,341
synth_11215,341
synth_11239,341
synth_11231,341
synth_11248,341
synth_11216,341
synth_11245,341
synth_11250,341
synth_11222,341
synth_11243,341
synth_11224,341
synth_11247,341
synth_11219,341
synth_11234,341
synth_11261,340
synth_11272,340
synth_11275,340
synth_11287,340
synth_11276,340
synth_11283,340
synth_11265,340
synth_11289,340
synth_11278,340
synth_11253,340
synth_11260,340
synth_11273,340
synth_11274,340
synth_11279,340
synth_11294,340
synth_11286,340
synth_11266,340
synth_11256,340
synth_11270,340
synth_11262,340
synth_11269,340
synth_11254,340
synth_11293,340
synth_11268,340
synth_11264,340
synth_11285,340
synth_11257,340
synth_11292,340
synth_11281,340
synth_11288,340
synth_11271,340
synth_11263,340
synth_11259,340
synth_11258,340
synth_11267,340
synth_11290,340
synth_11280,340
synth_11255,340
synth_11282,340
synth_11291,340
synth_11277,340
synth_11284,340
synth_11302,339
synth_11308,339
synth_11300,339
synth_11310,339
synth_11307,339
synth_11312,339
synth_11311,339
synth_11301,339
synth_11296,339
synth_11304,339
synth_11321,339
synth_11335,339
synth_11327,339
synth_11333,339
synth_11331,339
synth_11313,339
synth_11324,339
synth_11326,339
synth_11320,339
synth_11297,339
synth_11305,339
synth_11303,339
synth_11319,339
synth_11334,339
synth_11309,339
synth_11316,339
synth_11318,339
synth_11330,339
synth_11325,339
synth_11317,339
synth_11306,339
synth_11328,339
synth_11295,339
synth_11299,339
synth_11315,339
synth_11332,339
synth_11323,339
synth_11329,339
synth_11298,339
synth_11314,339
synth_11322,339
synth_11352,338
synth_11342,338
synth_11349,338
synth_11351,338
synth_11350,338
synth_11374,338
synth_11377,338
synth_11354,338
synth_11375,338
synth_11371,338
synth_11359,338
synth_11339,338
synth_11346,338
synth_11340,338
synth_11370,338
synth_11365,338
synth_11366,338
synth_11337,338
synth_11353,338
synth_11338,338
synth_11367,338
synth_11345,338
synth_11344,338
synth_11355,338
synth_11368,338
synth_11373,338
synth_11361,338
synth_11358,338
synth_11347,338
synth_11343,338
synth_11369,338
synth_11357,338
synth_11341,338
synth_11348,338
synth_11336,338
synth_11356,338
synth_11360,338
synth_11362,338
synth_11372,338
synth_11363,338
synth_11364,338
synth_11376,338
synth_11405,337
synth_11404,337
synth_11401,337
synth_11406,337
synth_11380,337
synth_11409,337
synth_11392,337
synth_11407,337
synth_11412,337
synth_11389,337
synth_11384,337
synth_11398,337
synth_11394,337
synth_11408,337
synth_11413,337
synth_11378,337
synth_11411,337
synth_11381,337
synth_11415,337
synth_11414,337
synth_11403,337
synth_11387,337
synth_11391,337
synth_11385,337
synth_11386,337
synth_11388,337
synth_11396,337
synth_11402,337
synth_11379,337
synth_11383,337
synth_11416,337
synth_11417,337
synth_11420,337
synth_11419,337
synth_11393,337
synth_11397,337
synth_11400,337
synth_11399,337
synth_11395,337
synth_11410,337
synth_11418,337
synth_11382,337
synth_11390,337
synth_11445,336
synth_11426,336
synth_11457,336
synth_11458,336
synth_11455,336
synth_11425,336
synth_11452,336
synth_11422,336
synth_11424,336
synth_11437,336
synth_11456,336
synth_11423,336
synth_11431,336
synth_11441,336
synth_11453,336
synth_11432,336
synth_11449,336
synth_11428,336
synth_11434,336
synth_11433,336
synth_11439,336
synth_11462,336
synth_11436,336
synth_11438,336
synth_11451,336
synth_11443,336
synth_11447,336
synth_11448,336
synth_11450,336
synth_11459,336
synth_11461,336
synth_11435,336
synth_11442,336
synth_11427,336
synth_11444,336
synth_11430,336
synth_11454,336
synth_11421,336
synth_11460,336
synth_11440,336
synth_11429,336
synth_11446,336
synth_11470,335
synth_11473,335
synth_11476,335
synth_11487,335
synth_11468,335
synth_11500,335
synth_11484,335
synth_11483,335
synth_11467,335
synth_11475,335
synth_11477,335
synth_11495,335
synth_11482,335
synth_11469,335
synth_11505,335
synth_11496,335
synth_11499,335
synth_11494,335
synth_11465,335
synth_11472,335
synth_11486,335
synth_11492,335
synth_11497,335
synth_11504,335
synth_11480,335
synth_11485,335
synth_11466,335
synth_11488,335
synth_11471,335
synth_11479,335
synth_11502,335
synth_11491,335
synth_11490,335
synth_11464,335
synth_11481,335
synth_11463,335
synth_11493,335
synth_11478,335
synth_11498,335
synth_11489,335
synth_11503,335
synth_11501,335
synth_11474,335
synth_11516,334
synth_11507,334
synth_11524,334
synth_11527,334
synth_11513,334
synth_11547,334
synth_11521,334
synth_11508,334
synth_11512,334
synth_11532,334
synth_11529,334
synth_11509,334
synth_11525,334
synth_11539,334
synth_11530,334
synth_11511,334
synth_11540,334
synth_11510,334
synth_11519,334
synth_11517,334
synth_11548,334
synth_11523,334
synth_11536,334
synth_11538,334
synth_11520,334
synth_11518,334
synth_11546,334
synth_11535,334
synth_11537,334
synth_11528,334
synth_11514,334
synth_11522,334
synth_11545,334
synth_11544,334
synth_11542,334
synth_11541,334
synth_11534,334
synth_11533,334
synth_11506,334
synth_11543,334
synth_11531,334
synth_11526,334
synth_11515,334
synth_11552,333
synth_11562,333
synth_11573,333
synth_11579,333
synth_11561,333
synth_11567,333
synth_11557,333
synth_11582,333
synth_11571,333
synth_11575,333
synth_11592,333
synth_11551,333
synth_11584,333
synth_11585,333
synth_11588,333
synth_11549,333
synth_11578,333
synth_11586,333
synth_11559,333
synth_11576,333
synth_11550,333
synth_11580,333
synth_11590,333
synth_11553,333
synth_11555,333
synth_11568,333
synth_11565,333
synth_11563,333
synth_11554,333
synth_11581,333
synth_11564,333
synth_11560,333
synth_11589,333
synth_11569,333
synth_11566,333
synth_11583,333
synth_11577,333
synth_11591,333
synth_11556,333
synth_11572,333
synth_11558,333
synth_11587,333
synth_11570,333
synth_11574,333
synth_11596,332
synth_11625,332
synth_11629,332
synth_11600,332
synth_11614,332
synth_11622,332
synth_11606,332
synth_11618,332
synth_11611,332
synth_11635,332
synth_11632,332
synth_11605,332
synth_11593,332
synth_11598,332
synth_11609,332
synth_11619,332
synth_11597,332
synth_11621,332
synth_11615,332
synth_11602,332
synth_11616,332
synth_11630,332
synth_11617,332
synth_11634,332
synth_11603,332
synth_11607,332
synth_11595,332
synth_11613,332
synth_11623,332
synth_11633,332
synth_11627,332
synth_11624,332
synth_11628,332
synth_11620,332
synth_11610,332
synth_11631,332
synth_11612,332
synth_11599,332
synth_11626,332
synth_11594,332
synth_11601,332
synth_11604,332
synth_11608,332
synth_11659,331
synth_11655,331
synth_11662,331
synth_11654,331
synth_11678,331
synth_11637,331
synth_11646,331
synth_11675,331
synth_11663,331
synth_11649,331
synth_11642,331
synth_11645,331
synth_11667,331
synth_11650,331
synth_11664,331
synth_11673,331
synth_11670,331
synth_11674,331
synth_11661,331
synth_11666,331
synth_11636,331
synth_11672,331
synth_11644,331
synth_11677,331
synth_11665,331
synth_11648,331
synth_11640,331
synth_11676,331
synth_11641,331
synth_11668,331
synth_11656,331
synth_11657,331
synth_11639,331
synth_11653,331
synth_11658,331
synth_11638,331
synth_11660,331
synth_11652,331
synth_11669,331
synth_11651,331
synth_11679,331
synth_11647,331
synth_11671,331
synth_11643,331
synth_11723,330
synth_11693,330
synth_11720,330
synth_11700,330
synth_11715,330
synth_11717,330
synth_11711,330
synth_11686,330
synth_11689,330
synth_11695,330
synth_11716,330
synth_11698,330
synth_11701,330
synth_11704,330
synth_11694,330
synth_11696,330
synth_11714,330
synth_11687,330
synth_11709,330
synth_11712,330
synth_11684,330
synth_11713,330
synth_11705,330
synth_11703,330
synth_11710,330
synth_11702,330
synth_11707,330
synth_11680,330
synth_11722,330
synth_11721,330
synth_11706,330
synth_11692,330
synth_11688,330
synth_11699,330
synth_11681,330
synth_11719,330
synth_11690,330
synth_11718,330
synth_11697,330
synth_11682,330
synth_11683,330
synth_11691,330
synth_11685,330
synth_11708,330
synth_11724,330
synth_11764,329
synth_11737,329
synth_11726,329
synth_11765,329
synth_11768,329
synth_11725,329
synth_11742,329
synth_11762,329
synth_11763,329
synth_11744,329
synth_11749,329
synth_11750,329
synth_11735,329
synth_11748,329
synth_11736,329
synth_11745,329
synth_11760,329
synth_11752,329
synth_11751,329
synth_11743,329
synth_11727,329
synth_11738,329
synth_11731,329
synth_11759,329
synth_11761,329
synth_11740,329
synth_11755,329
synth_11747,329
synth_11728,329
synth_11754,329
synth_11753,329
synth_11732,329
synth_11729,329
synth_11746,329
synth_11756,329
synth_11757,329
synth_11758,329
synth_11741,329
synth_11733,329
synth_11730,329
synth_11767,329
synth_11766,329
synth_11739,329
synth_11734,329
synth_11811,328
synth_11773,328
synth_11774,328
synth_11776,328
synth_11809,328
synth_11777,328
synth_11808,328
synth_11785,328
synth_11770,328
synth_11775,328
synth_11802,328
synth_11771,328
synth_11795,328
synth_11790,328
synth_11789,328
synth_11793,328
synth_11787,328
synth_11792,328
synth_11788,328
synth_11794,328
synth_11796,328
synth_11803,328
synth_11813,328
synth_11806,328
synth_11804,328
synth_11810,328
synth_11772,328
synth_11800,328
synth_11801,328
synth_11812,328
synth_11778,328
synth_11799,328
synth_11782,328
synth_11791,328
synth_11779,328
synth_11786,328
synth_11797,328
synth_11805,328
synth_11807,328
synth_11783,328
synth_11780,328
synth_11798,328
synth_11781,328
synth_11784,328
synth_11769,328
synth_11830,327
synth_11826,327
synth_11856,327
synth_11823,327
synth_11818,327
synth_11827,327
synth_11834,327
synth_11858,327
synth_11852,327
synth_11841,327
synth_11853,327
synth_11850,327
synth_11840,327
synth_11851,327
synth_11828,327
synth_11833,327
synth_11845,327
synth_11847,327
synth_11822,327
synth_11843,327
synth_11854,327
synth_11839,327
synth_11849,327
synth_11820,327
synth_11836,327
synth_11824,327
synth_11846,327
synth_11819,327
synth_11831,327
synth_11848,327
synth_11855,327
synth_11815,327
synth_11816,327
synth_11844,327
synth_11838,327
synth_11814,327
synth_11829,327
synth_11821,327
synth_11825,327
synth_11835,327
synth_11857,327
synth_11817,327
synth_11842,327
synth_11832,327
synth_11837,327
synth_11874,326
synth_11861,326
synth_11862,326
synth_11900,326
synth_11884,326
synth_11888,326
synth_11882,326
synth_11878,326
synth_11890,326
synth_11873,326
synth_11863,326
synth_11867,326
synth_11881,326
synth_11860,326
synth_11876,326
synth_11865,326
synth_11887,326
synth_11885,326
synth_11869,326
synth_11864,326
synth_11870,326
synth_11897,326
synth_11903,326
synth_11891,326
synth_11904,326
synth_11866,326
synth_11893,326
synth_11868,326
synth_11901,326
synth_11898,326
synth_11889,326
synth_11895,326
synth_11872,326
synth_11883,326
synth_11879,326
synth_11871,326
synth_11896,326
synth_11880,326
synth_11886,326
synth_11892,326
synth_11899,326
synth_11902,326
synth_11877,326
synth_11894,326
synth_11859,326
synth_11875,326
synth_11929,325
synth_11930,325
synth_11911,325
synth_11912,325
synth_11949,325
synth_11943,325
synth_11905,325
synth_11931,325
synth_11939,325
synth_11946,325
synth_11916,325
synth_11908,325
synth_11936,325
synth_11941,325
synth_11921,325
synth_11922,325
synth_11907,325
synth_11925,325
synth_11928,325
synth_11948,325
synth_11937,325
synth_11945,325
synth_11917,325
synth_11910,325
synth_11915,325
synth_11934,325
synth_11938,325
synth_11906,325
synth_11933,325
synth_11919,325
synth_11940,325
synth_11923,325
synth_11944,325
synth_11920,325
synth_11909,325
synth_11924,325
synth_11935,325
synth_11942,325
synth_11932,325
synth_11914,325
synth_11926,325
synth_11918,325
synth_11913,325
synth_11947,325
synth_11927,325
synth_11950,325
synth_11959,324
synth_11956,324
synth_11984,324
synth_11991,324
synth_11972,324
synth_11986,324
synth_11963,324
synth_11985,324
synth_11962,324
synth_11967,324
synth_11989,324
synth_11974,324
synth_11979,324
synth_11969,324
synth_11952,324
synth_11977,324
synth_11964,324
synth_11968,324
synth_11990,324
synth_11960,324
synth_11987,324
synth_11971,324
synth_11970,324
synth_11954,324
synth_11982,324
synth_11957,324
synth_11951,324
synth_11978,324
synth_11958,324
synth_11966,324
synth_11994,324
synth_11976,324
synth_11988,324
synth_11981,324
synth_11995,324
synth_11973,324
synth_11983,324
synth_11980,324
synth_11955,324
synth_11992,324
synth_11961,324
synth_11996,324
synth_11993,324
synth_11975,324
synth_11965,324
synth_11953,324
synth_12012,323
synth_12019,323
synth_12005,323
synth_12039,323
synth_12041,323
synth_12008,323
synth_12022,323
synth_11998,323
synth_12001,323
synth_12043,323
synth_12030,323
synth_12014,323
synth_12015,323
synth_12032,323
synth_12021,323
synth_12026,323
synth_12006,323
synth_12007,323
synth_12004,323
synth_12035,323
synth_12040,323
synth_11997,323
synth_12018,323
synth_12033,323
synth_12002,323
synth_12038,323
synth_12023,323
synth_12029,323
synth_12042,323
synth_12013,323
synth_12000,323
synth_12003,323
synth_11999,323
synth_12016,323
synth_12025,323
synth_12031,323
synth_12034,323
synth_12024,323
synth_12027,323
synth_12010,323
synth_12036,323
synth_12020,323
synth_12037,323
synth_12011,323
synth_12017,323
synth_12009,323
synth_12028,323
synth_12079,322
synth_12045,322
synth_12053,322
synth_12082,322
synth_12065,322
synth_12078,322
synth_12068,322
synth_12087,322
synth_12075,322
synth_12049,322
synth_12081,322
synth_12062,322
synth_12048,322
synth_12059,322
synth_12076,322
synth_12073,322
synth_12063,322
synth_12077,322
synth_12067,322
synth_12047,322
synth_12085,322
synth_12084,322
synth_12044,322
synth_12071,322
synth_12054,322
synth_12051,322
synth_12050,322
synth_12057,322
synth_12066,322
synth_12046,322
synth_12080,322
synth_12088,322
synth_12072,322
synth_12083,322
synth_12089,322
synth_12061,322
synth_12058,322
synth_12052,322
synth_12064,322
synth_12060,322
synth_12074,322
synth_12056,322
synth_12086,322
synth_12070,322
synth_12055,322
synth_12069,322
synth_12120,321
synth_12136,321
synth_12137,321
synth_12125,321
synth_12098,321
synth_12127,321
synth_12110,321
synth_12111,321
synth_12133,321
synth_12090,321
synth_12129,321
synth_12106,321
synth_12117,321
synth_12116,321
synth_12122,321
synth_12108,321
synth_12100,321
synth_12126,321
synth_12092,321
synth_12107,321
synth_12123,321
synth_12124,321
synth_12134,321
synth_12128,321
synth_12093,321
synth_12097,321
synth_12121,321
synth_12103,321
synth_12132,321
synth_12113,321
synth_12114,321
synth_12115,321
synth_12091,321
synth_12095,321
synth_12118,321
synth_12130,321
synth_12099,321
synth_12094,321
synth_12112,321
synth_12104,321
synth_12101,321
synth_12131,321
synth_12105,321
synth_12135,321
synth_12119,321
synth_12109,321
synth_12096,321
synth_12102,321
synth_12174,320
synth_12139,320
synth_12179,320
synth_12161,320
synth_12170,320
synth_12181,320
synth_12164,320
synth_12157,320
synth_12143,320
synth_12183,320
synth_12150,320
synth_12145,320
synth_12162,320
synth_12172,320
synth_12173,320
synth_12142,320
synth_12180,320
synth_12175,320
synth_12146,320
synth_12163,320
synth_12171,320
synth_12154,320
synth_12153,320
synth_12169,320
synth_12168,320
synth_12156,320
synth_12144,320
synth_12184,320
synth_12140,320
synth_12141,320
synth_12167,320
synth_12176,320
synth_12148,320
synth_12158,320
synth_12159,320
synth_12165,320
synth_12182,320
synth_12147,320
synth_12178,320
synth_12138,320
synth_12160,320
synth_12151,320
synth_12177,320
synth_12152,320
synth_12155,320
synth_12149,320
synth_12166,320
synth_12187,319
synth_12206,319
synth_12197,319
synth_12225,319
synth_12191,319
synth_12229,319
synth_12207,319
synth_12219,319
synth_12189,319
synth_12218,319
synth_12216,319
synth_12222,319
synth_12193,319
synth_12230,319
synth_12190,319
synth_12200,319
synth_12223,319
synth_12231,319
synth_12185,319
synth_12192,319
synth_12217,319
synth_12208,319
synth_12202,319
synth_12205,319
synth_12201,319
synth_12188,319
synth_12213,319
synth_12215,319
synth_12186,319
synth_12198,319
synth_12203,319
synth_12209,319
synth_12220,319
synth_12221,319
synth_12210,319
synth_12212,319
synth_12232,319
synth_12204,319
synth_12195,319
synth_12211,319
synth_12194,319
synth_12226,319
synth_12196,319
synth_12227,319
synth_12228,319
synth_12224,319
synth_12199,319
synth_12214,319
synth_12234,318
synth_12243,318
synth_12268,318
synth_12258,318
synth_12252,318
synth_12279,318
synth_12273,318
synth_12241,318
synth_12255,318
synth_12259,318
synth_12266,318
synth_12260,318
synth_12267,318
synth_12240,318
synth_12249,318
synth_12248,318
synth_12265,318
synth_12246,318
synth_12272,318
synth_12235,318
synth_12237,318
synth_12269,318
synth_12244,318
synth_12277,318
synth_12254,318
synth_12256,318
synth_12251,318
synth_12261,318
synth_12236,318
synth_12271,318
synth_12250,318
synth_12253,318
synth_12278,318
synth_12238,318
synth_12247,318
synth_12242,318
synth_12262,318
synth_12263,318
synth_12275,318
synth_12280,318
synth_12274,318
synth_12245,318
synth_12264,318
synth_12233,318
synth_12270,318
synth_12257,318
synth_12239,318
synth_12276,318
synth_12313,317
synth_12307,317
synth_12327,317
synth_12309,317
synth_12295,317
synth_12321,317
synth_12320,317
synth_12308,317
synth_12322,317
synth_12287,317
synth_12297,317
synth_12301,317
synth_12329,317
synth_12314,317
synth_12328,317
synth_12305,317
synth_12292,317
synth_12312,317
synth_12290,317
synth_12282,317
synth_12286,317
synth_12299,317
synth_12318,317
synth_12324,317
synth_12304,317
synth_12326,317
synth_12300,317
synth_12288,317
synth_12284,317
synth_12283,317
synth_12294,317
synth_12303,317
synth_12316,317
synth_12281,317
synth_12293,317
synth_12325,317
synth_12302,317
synth_12315,317
synth_12306,317
synth_12289,317
synth_12311,317
synth_12323,317
synth_12298,317
synth_12310,317
synth_12319,317
synth_12291,317
synth_12285,317
synth_12296,317
synth_12317,317
synth_12335,316
synth_12341,316
synth_12367,316
synth_12355,316
synth_12374,316
synth_12342,316
synth_12349,316
synth_12333,316
synth_12365,316
synth_12363,316
synth_12352,316
synth_12344,316
synth_12334,316
synth_12372,316
synth_12377,316
synth_12369,316
synth_12373,316
synth_12350,316
synth_12368,316
synth_12354,316
synth_12346,316
synth_12361,316
synth_12340,316
synth_12336,316
synth_12371,316
synth_12366,316
synth_12351,316
synth_12359,316
synth_12360,316
synth_12364,316
synth_12370,316
synth_12353,316
synth_12357,316
synth_12337,316
synth_12330,316
synth_12347,316
synth_12343,316
synth_12331,316
synth_12339,316
synth_12332,316
synth_12345,316
synth_12375,316
synth_12356,316
synth_12376,316
synth_12348,316
synth_12362,316
synth_12358,316
synth_12338,316
synth_12409,315
synth_12402,315
synth_12405,315
synth_12391,315
synth_12400,315
synth_12425,315
synth_12399,315
synth_12420,315
synth_12394,315
synth_12408,315
synth_12416,315
synth_12411,315
synth_12413,315
synth_12427,315
synth_12422,315
synth_12417,315
synth_12406,315
synth_12388,315
synth_12385,315
synth_12386,315
synth_12407,315
synth_12410,315
synth_12404,315
synth_12395,315
synth_12382,315
synth_12379,315
synth_12378,315
synth_12397,315
synth_12419,315
synth_12387,315
synth_12403,315
synth_12423,315
synth_12383,315
synth_12396,315
synth_12424,315
synth_12384,315
synth_12412,315
synth_12389,315
synth_12414,315
synth_12401,315
synth_12421,315
synth_12380,315
synth_12390,315
synth_12393,315
synth_12398,315
synth_12381,315
synth_12392,315
synth_12415,315
synth_12418,315
synth_12426,315
synth_12474,314
synth_12459,314
synth_12431,314
synth_12466,314
synth_12436,314
synth_12428,314
synth_12448,314
synth_12458,314
synth_12439,314
synth_12438,314
synth_12434,314
synth_12445,314
synth_12453,314
synth_12457,314
synth_12461,314
synth_12475,314
synth_12435,314
synth_12447,314
synth_12467,314
synth_12476,314
synth_12455,314
synth_12441,314
synth_12437,314
synth_12468,314
synth_12473,314
synth_12446,314
synth_12454,314
synth_12462,314
synth_12470,314
synth_12464,314
synth_12440,314
synth_12444,314
synth_12465,314
synth_12429,314
synth_12451,314
synth_12442,314
synth_12472,314
synth_12450,314
synth_12433,314
synth_12471,314
synth_12432,314
synth_12469,314
synth_12452,314
synth_12463,314
synth_12460,314
synth_12443,314
synth_12456,314
synth_12430,314
synth_12449,314
synth_12486,313
synth_12520,313
synth_12511,313
synth_12515,313
synth_12514,313
synth_12517,313
synth_12493,313
synth_12492,313
synth_12494,313
synth_12478,313
synth_12510,313
synth_12488,313
synth_12480,313
synth_12518,313
synth_12496,313
synth_12526,313
synth_12487,313
synth_12484,313
synth_12489,313
synth_12509,313
synth_12481,313
synth_12498,313
synth_12501,313
synth_12500,313
synth_12497,313
synth_12523,313
synth_12477,313
synth_12503,313
synth_12506,313
synth_12499,313
synth_12513,313
synth_12483,313
synth_12519,313
synth_12516,313
synth_12482,313
synth_12479,313
synth_12522,313
synth_12521,313
synth_12504,313
synth_12524,313
synth_12507,313
synth_12495,313
synth_12505,313
synth_12512,313
synth_12502,313
synth_12508,313
synth_12490,313
synth_12491,313
synth_12485,313
synth_12525,313
synth_12546,312
synth_12554,312
synth_12537,312
synth_12547,312
synth_12551,312
synth_12544,312
synth_12536,312
synth_12548,312
synth_12566,312
synth_12541,312
synth_12553,312
synth_12562,312
synth_12570,312
synth_12565,312
synth_12539,312
synth_12538,312
synth_12558,312
synth_12560,312
synth_12568,312
synth_12533,312
synth_12567,312
synth_12535,312
synth_12569,312
synth_12552,312
synth_12564,312
synth_12534,312
synth_12576,312
synth_12542,312
synth_12528,312
synth_12531,312
synth_12549,312
synth_12572,312
synth_12532,312
synth_12529,312
synth_12555,312
synth_12530,312
synth_12545,312
synth_12527,312
synth_12557,312
synth_12559,312
synth_12573,312
synth_12563,312
synth_12550,312
synth_12556,312
synth_12575,312
synth_12540,312
synth_12571,312
synth_12574,312
synth_12543,312
synth_12561,312
synth_12590,311
synth_12605,311
synth_12627,311
synth_12583,311
synth_12621,311
synth_12623,311
synth_12592,311
synth_12585,311
synth_12596,311
synth_12604,311
synth_12601,311
synth_12579,311
synth_12614,311
synth_12600,311
synth_12598,311
synth_12624,311
synth_12595,311
synth_12610,311
synth_12619,311
synth_12586,311
synth_12603,311
synth_12609,311
synth_12577,311
synth_12580,311
synth_12612,311
synth_12584,311
synth_12594,311
synth_12617,311
synth_12620,311
synth_12591,311
synth_12608,311
synth_12602,311
synth_12615,311
synth_12588,311
synth_12599,311
synth_12589,311
synth_12626,311
synth_12597,311
synth_12607,311
synth_12581,311
synth_12622,311
synth_12616,311
synth_12613,311
synth_12593,311
synth_12611,311
synth_12587,311
synth_12582,311
synth_12625,311
synth_12578,311
synth_12618,311
synth_12606,311
synth_12674,310
synth_12647,310
synth_12664,310
synth_12652,310
synth_12648,310
synth_12655,310
synth_12629,310
synth_12676,310
synth_12658,310
synth_12645,310
synth_12657,310
synth_12656,310
synth_12640,310
synth_12653,310
synth_12660,310
synth_12636,310
synth_12675,310
synth_12668,310
synth_12677,310
synth_12671,310
synth_12672,310
synth_12665,310
synth_12669,310
synth_12673,310
synth_12649,310
synth_12630,310
synth_12634,310
synth_12632,310
synth_12650,310
synth_12635,310
synth_12641,310
synth_12678,310
synth_12661,310
synth_12651,310
synth_12659,310
synth_12639,310
synth_12643,310
synth_12646,310
synth_12638,310
synth_12637,310
synth_12667,310
synth_12654,310
synth_12670,310
synth_12663,310
synth_12642,310
synth_12633,310
synth_12628,310
synth_12662,310
synth_12631,310
synth_12644,310
synth_12666,310
synth_12729,309
synth_12690,309
synth_12730,309
synth_12710,309
synth_12711,309
synth_12681,309
synth_12702,309
synth_12706,309
synth_12726,309
synth_12688,309
synth_12697,309
synth_12689,309
synth_12718,309
synth_12699,309
synth_12705,309
synth_12695,309
synth_12723,309
synth_12694,309
synth_12712,309
synth_12707,309
synth_12719,309
synth_12724,309
synth_12685,309
synth_12691,309
synth_12721,309
synth_12680,309
synth_12698,309
synth_12714,309
synth_12684,309
synth_12693,309
synth_12682,309
synth_12700,309
synth_12683,309
synth_12704,309
synth_12709,309
synth_12708,309
synth_12686,309
synth_12720,309
synth_12722,309
synth_12715,309
synth_12703,309
synth_12687,309
synth_12692,309
synth_12701,309
synth_12713,309
synth_12679,309
synth_12728,309
synth_12717,309
synth_12727,309
synth_12725,309
synth_12696,309
synth_12716,309
synth_12749,308
synth_12748,308
synth_12779,308
synth_12772,308
synth_12771,308
synth_12774,308
synth_12738,308
synth_12757,308
synth_12755,308
synth_12778,308
synth_12767,308
synth_12751,308
synth_12734,308
synth_12762,308
synth_12780,308
synth_12744,308
synth_12765,308
synth_12747,308
synth_12745,308
synth_12737,308
synth_12773,308
synth_12768,308
synth_12766,308
synth_12775,308
synth_12781,308
synth_12743,308
synth_12777,308
synth_12759,308
synth_12769,308
synth_12752,308
synth_12770,308
synth_12736,308
synth_12756,308
synth_12758,308
synth_12760,308
synth_12740,308
synth_12750,308
synth_12733,308
synth_12731,308
synth_12776,308
synth_12746,308
synth_12735,308
synth_12742,308
synth_12739,308
synth_12761,308
synth_12753,308
synth_12741,308
synth_12732,308
synth_12764,308
synth_12763,308
synth_12754,308
synth_12832,307
synth_12818,307
synth_12820,307
synth_12828,307
synth_12794,307
synth_12793,307
synth_12804,307
synth_12792,307
synth_12833,307
synth_12824,307
synth_12784,307
synth_12795,307
synth_12825,307
synth_12822,307
synth_12817,307
synth_12810,307
synth_12829,307
synth_12819,307
synth_12798,307
synth_12786,307
synth_12827,307
synth_12811,307
synth_12803,307
synth_12787,307
synth_12799,307
synth_12823,307
synth_12796,307
synth_12800,307
synth_12807,307
synth_12808,307
synth_12791,307
synth_12809,307
synth_12821,307
synth_12785,307
synth_12813,307
synth_12788,307
synth_12830,307
synth_12782,307
synth_12816,307
synth_12812,307
synth_12806,307
synth_12814,307
synth_12783,307
synth_12790,307
synth_12789,307
synth_12805,307
synth_12831,307
synth_12797,307
synth_12826,307
synth_12815,307
synth_12801,307
synth_12802,307
synth_12840,306
synth_12854,306
synth_12863,306
synth_12846,306
synth_12837,306
synth_12885,306
synth_12864,306
synth_12860,306
synth_12844,306
synth_12878,306
synth_12845,306
synth_12834,306
synth_12842,306
synth_12849,306
synth_12859,306
synth_12872,306
synth_12882,306
synth_12867,306
synth_12836,306
synth_12873,306
synth_12839,306
synth_12875,306
synth_12881,306
synth_12848,306
synth_12874,306
synth_12884,306
synth_12868,306
synth_12869,306
synth_12870,306
synth_12857,306
synth_12843,306
synth_12850,306
synth_12880,306
synth_12853,306
synth_12866,306
synth_12838,306
synth_12865,306
synth_12886,306
synth_12856,306
synth_12861,306
synth_12876,306
synth_12835,306
synth_12847,306
synth_12883,306
synth_12871,306
synth_12851,306
synth_12862,306
synth_12879,306
synth_12858,306
synth_12855,306
synth_12841,306
synth_12877,306
synth_12852,306
synth_12911,305
synth_12934,305
synth_12914,305
synth_12924,305
synth_12929,305
synth_12896,305
synth_12915,305
synth_12919,305
synth_12901,305
synth_12922,305
synth_12892,305
synth_12893,305
synth_12912,305
synth_12936,305
synth_12902,305
synth_12932,305
synth_12916,305
synth_12899,305
synth_12894,305
synth_12890,305
synth_12927,305
synth_12939,305
synth_12937,305
synth_12904,305
synth_12930,305
synth_12895,305
synth_12910,305
synth_12887,305
synth_12928,305
synth_12889,305
synth_12897,305
synth_12918,305
synth_12917,305
synth_12906,305
synth_12931,305
synth_12913,305
synth_12921,305
synth_12898,305
synth_12925,305
synth_12926,305
synth_12909,305
synth_12903,305
synth_12938,305
synth_12935,305
synth_12908,305
synth_12905,305
synth_12933,305
synth_12891,305
synth_12920,305
synth_12907,305
synth_12923,305
synth_12888,305
synth_12900,305
synth_12961,304
synth_12960,304
synth_12954,304
synth_12987,304
synth_12991,304
synth_12990,304
synth_12948,304
synth_12981,304
synth_12964,304
synth_12955,304
synth_12985,304
synth_12986,304
synth_12958,304
synth_12978,304
synth_12950,304
synth_12945,304
synth_12953,304
synth_12984,304
synth_12952,304
synth_12942,304
synth_12989,304
synth_12967,304
synth_12970,304
synth_12951,304
synth_12963,304
synth_12946,304
synth_12988,304
synth_12968,304
synth_12969,304
synth_12972,304
synth_12965,304
synth_12944,304
synth_12973,304
synth_12974,304
synth_12957,304
synth_12962,304
synth_12956,304
synth_12971,304
synth_12940,304
synth_12979,304
synth_12947,304
synth_12966,304
synth_12983,304
synth_12941,304
synth_12959,304
synth_12982,304
synth_12975,304
synth_12980,304
synth_12977,304
synth_12943,304
synth_12949,304
synth_12992,304
synth_12976,304
synth_12995,303
synth_13014,303
synth_13017,303
synth_13042,303
synth_13039,303
synth_12994,303
synth_12997,303
synth_13009,303
synth_12999,303
synth_13045,303
synth_13002,303
synth_13040,303
synth_13044,303
synth_13022,303
synth_13029,303
synth_13024,303
synth_13005,303
synth_13016,303
synth_13041,303
synth_13028,303
synth_13027,303
synth_13026,303
synth_13033,303
synth_13020,303
synth_13031,303
synth_12998,303
synth_13004,303
synth_12996,303
synth_13001,303
synth_13035,303
synth_13010,303
synth_13008,303
synth_13003,303
synth_12993,303
synth_13012,303
synth_13006,303
synth_13018,303
synth_13043,303
synth_13036,303
synth_13007,303
synth_13038,303
synth_13021,303
synth_13015,303
synth_13037,303
synth_13032,303
synth_13034,303
synth_13000,303
synth_13023,303
synth_13046,303
synth_13011,303
synth_13025,303
synth_13030,303
synth_13013,303
synth_13019,303
synth_13049,302
synth_13068,302
synth_13087,302
synth_13094,302
synth_13097,302
synth_13071,302
synth_13052,302
synth_13053,302
synth_13050,302
synth_13073,302
synth_13081,302
synth_13077,302
synth_13058,302
synth_13091,302
synth_13099,302
synth_13054,302
synth_13056,302
synth_13067,302
synth_13093,302
synth_13062,302
synth_13084,302
synth_13059,302
synth_13086,302
synth_13063,302
synth_13082,302
synth_13090,302
synth_13085,302
synth_13095,302
synth_13075,302
synth_13100,302
synth_13064,302
synth_13078,302
synth_13069,302
synth_13080,302
synth_13061,302
synth_13065,302
synth_13079,302
synth_13047,302
synth_13089,302
synth_13096,302
synth_13083,302
synth_13048,302
synth_13055,302
synth_13076,302
synth_13066,302
synth_13072,302
synth_13088,302
synth_13060,302
synth_13092,302
synth_13051,302
synth_13074,302
synth_13070,302
synth_13098,302
synth_13057,302
synth_13103,301
synth_13150,301
synth_13102,301
synth_13108,301
synth_13106,301
synth_13128,301
synth_13143,301
synth_13145,301
synth_13114,301
synth_13132,301
synth_13149,301
synth_13147,301
synth_13113,301
synth_13131,301
synth_13127,301
synth_13152,301
synth_13123,301
synth_13124,301
synth_13126,301
synth_13134,301
synth_13129,301
synth_13101,301
synth_13111,301
synth_13116,301
synth_13138,301
synth_13133,301
synth_13140,301
synth_13146,301
synth_13104,301
synth_13117,301
synth_13105,301
synth_13118,301
synth_13122,301
synth_13144,301
synth_13137,301
synth_13130,301
synth_13107,301
synth_13135,301
synth_13115,301
synth_13125,301
synth_13109,301
synth_13110,301
synth_13151,301
synth_13121,301
synth_13141,301
synth_13142,301
synth_13155,301
synth_13136,301
synth_13148,301
synth_13153,301
synth_13112,301
synth_13154,301
synth_13139,301
synth_13119,301
synth_13120,301
synth_13163,300
synth_13210,300
synth_13189,300
synth_13183,300
synth_13199,300
synth_13178,300
synth_13180,300
synth_13184,300
synth_13160,300
synth_13166,300
synth_13201,300
synth_13177,300
synth_13186,300
synth_13206,300
synth_13205,300
synth_13209,300
synth_13175,300
synth_13193,300
synth_13197,300
synth_13208,300
synth_13203,300
synth_13165,300
synth_13191,300
synth_13170,300
synth_13188,300
synth_13169,300
synth_13190,300
synth_13196,300
synth_13157,300
synth_13176,300
synth_13156,300
synth_13161,300
synth_13164,300
synth_13185,300
synth_13187,300
synth_13194,300
synth_13179,300
synth_13200,300
synth_13207,300
synth_13198,300
synth_13173,300
synth_13195,300
synth_13159,300
synth_13192,300
synth_13158,300
synth_13172,300
synth_13202,300
synth_13162,300
synth_13182,300
synth_13204,300
synth_13181,300
synth_13167,300
synth_13174,300
synth_13171,300
synth_13168,300
synth_13218,299
synth_13250,299
synth_13263,299
synth_13228,299
synth_13241,299
synth_13265,299
synth_13264,299
synth_13214,299
synth_13216,299
synth_13261,299
synth_13220,299
synth_13252,299
synth_13256,299
synth_13240,299
synth_13244,299
synth_13253,299
synth_13260,299
synth_13226,299
synth_13248,299
synth_13235,299
synth_13243,299
synth_13215,299
synth_13227,299
synth_13247,299
synth_13234,299
synth_13222,299
synth_13231,299
synth_13230,299
synth_13257,299
synth_13246,299
synth_13249,299
synth_13219,299
synth_13224,299
synth_13225,299
synth_13258,299
synth_13221,299
synth_13238,299
synth_13229,299
synth_13251,299
synth_13233,299
synth_13255,299
synth_13212,299
synth_13223,299
synth_13232,299
synth_13237,299
synth_13254,299
synth_13213,299
synth_13242,299
synth_13239,299
synth_13262,299
synth_13211,299
synth_13245,299
synth_13236,299
synth_13217,299
synth_13259,299
synth_13296,298
synth_13282,298
synth_13301,298
synth_13313,298
synth_13317,298
synth_13289,298
synth_13273,298
synth_13283,298
synth_13312,298
synth_13277,298
synth_13270,298
synth_13298,298
synth_13281,298
synth_13274,298
synth_13304,298
synth_13294,298
synth_13290,298
synth_13316,298
synth_13308,298
synth_13309,298
synth_13318,298
synth_13300,298
synth_13291,298
synth_13306,298
synth_13311,298
synth_13272,298
synth_13307,298
synth_13321,298
synth_13288,298
synth_13266,298
synth_13297,298
synth_13299,298
synth_13269,298
synth_13271,298
synth_13287,298
synth_13310,298
synth_13315,298
synth_13295,298
synth_13302,298
synth_13276,298
synth_13305,298
synth_13303,298
synth_13280,298
synth_13284,298
synth_13293,298
synth_13268,298
synth_13292,298
synth_13319,298
synth_13320,298
synth_13286,298
synth_13285,298
synth_13275,298
synth_13278,298
synth_13267,298
synth_13279,298
synth_13314,298
synth_13343,297
synth_13339,297
synth_13323,297
synth_13336,297
synth_13373,297
synth_13363,297
synth_13340,297
synth_13367,297
synth_13365,297
synth_13332,297
synth_13355,297
synth_13350,297
synth_13333,297
synth_13344,297
synth_13357,297
synth_13337,297
synth_13370,297
synth_13359,297
synth_13352,297
synth_13335,297
synth_13341,297
synth_13377,297
synth_13351,297
synth_13369,297
synth_13356,297
synth_13348,297
synth_13364,297
synth_13338,297
synth_13360,297
synth_13345,297
synth_13362,297
synth_13326,297
synth_13342,297
synth_13361,297
synth_13331,297
synth_13374,297
synth_13368,297
synth_13375,297
synth_13347,297
synth_13324,297
synth_13371,297
synth_13372,297
synth_13358,297
synth_13328,297
synth_13325,297
synth_13346,297
synth_13349,297
synth_13330,297
synth_13322,297
synth_13376,297
synth_13353,297
synth_13354,297
synth_13334,297
synth_13329,297
synth_13327,297
synth_13366,297
synth_13381,296
synth_13416,296
synth_13378,296
synth_13421,296
synth_13405,296
synth_13411,296
synth_13400,296
synth_13403,296
synth_13419,296
synth_13432,296
synth_13422,296
synth_13429,296
synth_13391,296
synth_13404,296
synth_13379,296
synth_13412,296
synth_13408,296
synth_13389,296
synth_13394,296
synth_13383,296
synth_13388,296
synth_13409,296
synth_13407,296
synth_13417,296
synth_13428,296
synth_13420,296
synth_13402,296
synth_13414,296
synth_13424,296
synth_13425,296
synth_13426,296
synth_13433,296
synth_13390,296
synth_13398,296
synth_13387,296
synth_13413,296
synth_13395,296
synth_13406,296
synth_13384,296
synth_13397,296
synth_13386,296
synth_13431,296
synth_13399,296
synth_13410,296
synth_13418,296
synth_13401,296
synth_13423,296
synth_13380,296
synth_13382,296
synth_13393,296
synth_13415,296
synth_13396,296
synth_13392,296
synth_13385,296
synth_13427,296
synth_13430,296
synth_13465,295
synth_13444,295
synth_13477,295
synth_13454,295
synth_13490,295
synth_13450,295
synth_13452,295
synth_13478,295
synth_13451,295
synth_13468,295
synth_13470,295
synth_13461,295
synth_13482,295
synth_13484,295
synth_13489,295
synth_13437,295
synth_13440,295
synth_13487,295
synth_13480,295
synth_13458,295
synth_13438,295
synth_13475,295
synth_13485,295
synth_13483,295
synth_13455,295
synth_13466,295
synth_13462,295
synth_13443,295
synth_13439,295
synth_13464,295
synth_13442,295
synth_13446,295
synth_13474,295
synth_13441,295
synth_13434,295
synth_13479,295
synth_13435,295
synth_13476,295
synth_13467,295
synth_13459,295
synth_13463,295
synth_13471,295
synth_13448,295
synth_13456,295
synth_13473,295
synth_13472,295
synth_13445,295
synth_13447,295
synth_13449,295
synth_13486,295
synth_13469,295
synth_13436,295
synth_13453,295
synth_13460,295
synth_13457,295
synth_13488,295
synth_13481,295
synth_13535,294
synth_13530,294
synth_13502,294
synth_13539,294
synth_13514,294
synth_13543,294
synth_13515,294
synth_13531,294
synth_13540,294
synth_13511,294
synth_13498,294
synth_13529,294
synth_13547,294
synth_13494,294
synth_13497,294
synth_13532,294
synth_13520,294
synth_13509,294
synth_13538,294
synth_13505,294
synth_13516,294
synth_13548,294
synth_13542,294
synth_13491,294
synth_13518,294
synth_13526,294
synth_13541,294
synth_13504,294
synth_13524,294
synth_13512,294
synth_13544,294
synth_13545,294
synth_13536,294
synth_13499,294
synth_13534,294
synth_13523,294
synth_13533,294
synth_13513,294
synth_13495,294
synth_13546,294
synth_13501,294
synth_13527,294
synth_13500,294
synth_13508,294
synth_13496,294
synth_13506,294
synth_13517,294
synth_13503,294
synth_13519,294
synth_13492,294
synth_13525,294
synth_13522,294
synth_13507,294
synth_13510,294
synth_13521,294
synth_13493,294
synth_13537,294
synth_13528,294
synth_13596,293
synth_13559,293
synth_13602,293
synth_13575,293
synth_13579,293
synth_13605,293
synth_13557,293
synth_13580,293
synth_13558,293
synth_13562,293
synth_13570,293
synth_13593,293
synth_13553,293
synth_13584,293
synth_13599,293
synth_13582,293
synth_13600,293
synth_13555,293
synth_13556,293
synth_13598,293
synth_13566,293
synth_13583,293
synth_13606,293
synth_13567,293
synth_13563,293
synth_13595,293
synth_13568,293
synth_13569,293
synth_13591,293
synth_13585,293
synth_13571,293
synth_13581,293
synth_13576,293
synth_13603,293
synth_13554,293
synth_13577,293
synth_13586,293
synth_13552,293
synth_13588,293
synth_13589,293
synth_13549,293
synth_13561,293
synth_13578,293
synth_13592,293
synth_13560,293
synth_13601,293
synth_13564,293
synth_13604,293
synth_13551,293
synth_13565,293
synth_13572,293
synth_13550,293
synth_13587,293
synth_13574,293
synth_13573,293
synth_13590,293
synth_13597,293
synth_13594,293
synth_13644,292
synth_13626,292
synth_13658,292
synth_13635,292
synth_13663,292
synth_13653,292
synth_13662,292
synth_13629,292
synth_13613,292
synth_13647,292
synth_13641,292
synth_13656,292
synth_13636,292
synth_13619,292
synth_13621,292
synth_13630,292
synth_13614,292
synth_13609,292
synth_13638,292
synth_13622,292
synth_13640,292
synth_13639,292
synth_13657,292
synth_13650,292
synth_13649,292
synth_13648,292
synth_13627,292
synth_13615,292
synth_13651,292
synth_13632,292
synth_13637,292
synth_13625,292
synth_13664,292
synth_13661,292
synth_13612,292
synth_13655,292
synth_13620,292
synth_13616,292
synth_13643,292
synth_13645,292
synth_13608,292
synth_13654,292
synth_13633,292
synth_13631,292
synth_13642,292
synth_13607,292
synth_13659,292
synth_13628,292
synth_13634,292
synth_13652,292
synth_13610,292
synth_13646,292
synth_13618,292
synth_13611,292
synth_13623,292
synth_13617,292
synth_13660,292
synth_13624,292
synth_13701,291
synth_13711,291
synth_13689,291
synth_13672,291
synth_13690,291
synth_13696,291
synth_13692,291
synth_13712,291
synth_13676,291
synth_13710,291
synth_13703,291
synth_13684,291
synth_13679,291
synth_13720,291
synth_13674,291
synth_13695,291
synth_13665,291
synth_13698,291
synth_13704,291
synth_13708,291
synth_13678,291
synth_13694,291
synth_13709,291
synth_13719,291
synth_13697,291
synth_13718,291
synth_13699,291
synth_13685,291
synth_13677,291
synth_13715,291
synth_13722,291
synth_13687,291
synth_13688,291
synth_13707,291
synth_13668,291
synth_13714,291
synth_13671,291
synth_13680,291
synth_13702,291
synth_13673,291
synth_13717,291
synth_13705,291
synth_13686,291
synth_13670,291
synth_13681,291
synth_13716,291
synth_13721,291
synth_13682,291
synth_13666,291
synth_13723,291
synth_13667,291
synth_13706,291
synth_13669,291
synth_13700,291
synth_13713,291
synth_13693,291
synth_13675,291
synth_13683,291
synth_13691,291
synth_13765,290
synth_13751,290
synth_13737,290
synth_13735,290
synth_13749,290
synth_13724,290
synth_13745,290
synth_13781,290
synth_13750,290
synth_13767,290
synth_13725,290
synth_13769,290
synth_13771,290
synth_13760,290
synth_13775,290
synth_13766,290
synth_13756,290
synth_13761,290
synth_13741,290
synth_13746,290
synth_13728,290
synth_13770,290
synth_13774,290
synth_13772,290
synth_13780,290
synth_13778,290
synth_13732,290
synth_13779,290
synth_13731,290
synth_13753,290
synth_13730,290
synth_13755,290
synth_13757,290
synth_13738,290
synth_13754,290
synth_13744,290
synth_13740,290
synth_13768,290
synth_13773,290
synth_13763,290
synth_13743,290
synth_13747,290
synth_13727,290
synth_13748,290
synth_13729,290
synth_13752,290
synth_13776,290
synth_13758,290
synth_13764,290
synth_13726,290
synth_13733,290
synth_13759,290
synth_13734,290
synth_13782,290
synth_13777,290
synth_13742,290
synth_13739,290
synth_13762,290
synth_13736,290
synth_13816,289
synth_13804,289
synth_13807,289
synth_13820,289
synth_13822,289
synth_13834,289
synth_13833,289
synth_13827,289
synth_13790,289
synth_13800,289
synth_13785,289
synth_13819,289
synth_13802,289
synth_13805,289
synth_13825,289
synth_13831,289
synth_13793,289
synth_13791,289
synth_13841,289
synth_13809,289
synth_13821,289
synth_13788,289
synth_13794,289
synth_13797,289
synth_13830,289
synth_13799,289
synth_13817,289
synth_13812,289
synth_13815,289
synth_13840,289
synth_13796,289
synth_13787,289
synth_13810,289
synth_13839,289
synth_13798,289
synth_13824,289
synth_13786,289
synth_13814,289
synth_13837,289
synth_13789,289
synth_13811,289
synth_13828,289
synth_13838,289
synth_13808,289
synth_13813,289
synth_13783,289
synth_13803,289
synth_13784,289
synth_13826,289
synth_13835,289
synth_13832,289
synth_13795,289
synth_13829,289
synth_13792,289
synth_13842,289
synth_13818,289
synth_13801,289
synth_13836,289
synth_13806,289
synth_13823,289
synth_13883,288
synth_13881,288
synth_13887,288
synth_13896,288
synth_13882,288
synth_13852,288
synth_13862,288
synth_13845,288
synth_13871,288
synth_13902,288
synth_13848,288
synth_13878,288
synth_13884,288
synth_13865,288
synth_13897,288
synth_13857,288
synth_13858,288
synth_13875,288
synth_13854,288
synth_13872,288
synth_13879,288
synth_13870,288
synth_13891,288
synth_13890,288
synth_13867,288
synth_13877,288
synth_13886,288
synth_13889,288
synth_13851,288
synth_13899,288
synth_13859,288
synth_13843,288
synth_13861,288
synth_13894,288
synth_13900,288
synth_13853,288
synth_13866,288
synth_13850,288
synth_13868,288
synth_13847,288
synth_13864,288
synth_13892,288
synth_13874,288
synth_13893,288
synth_13860,288
synth_13846,288
synth_13869,288
synth_13863,288
synth_13876,288
synth_13885,288
synth_13873,288
synth_13880,288
synth_13844,288
synth_13895,288
synth_13901,288
synth_13888,288
synth_13855,288
synth_13898,288
synth_13849,288
synth_13856,288
synth_13937,287
synth_13912,287
synth_13905,287
synth_13906,287
synth_13919,287
synth_13929,287
synth_13932,287
synth_13959,287
synth_13963,287
synth_13927,287
synth_13924,287
synth_13909,287
synth_13918,287
synth_13950,287
synth_13942,287
synth_13931,287
synth_13917,287
synth_13945,287
synth_13914,287
synth_13946,287
synth_13955,287
synth_13904,287
synth_13949,287
synth_13925,287
synth_13943,287
synth_13951,287
synth_13928,287
synth_13936,287
synth_13941,287
synth_13923,287
synth_13944,287
synth_13954,287
synth_13958,287
synth_13921,287
synth_13907,287
synth_13908,287
synth_13903,287
synth_13935,287
synth_13961,287
synth_13915,287
synth_13916,287
synth_13910,287
synth_13948,287
synth_13911,287
synth_13957,287
synth_13913,287
synth_13953,287
synth_13960,287
synth_13933,287
synth_13926,287
synth_13934,287
synth_13920,287
synth_13956,287
synth_13922,287
synth_13939,287
synth_13962,287
synth_13947,287
synth_13938,287
synth_13952,287
synth_13940,287
synth_13930,287
synth_13974,286
synth_13992,286
synth_13987,286
synth_13965,286
synth_14017,286
synth_14014,286
synth_13970,286
synth_13973,286
synth_13968,286
synth_13990,286
synth_13982,286
synth_13967,286
synth_13985,286
synth_14018,286
synth_13980,286
synth_14002,286
synth_13995,286
synth_13997,286
synth_14016,286
synth_14019,286
synth_14006,286
synth_14011,286
synth_14024,286
synth_13996,286
synth_13981,286
synth_14008,286
synth_14013,286
synth_13984,286
synth_14001,286
synth_13999,286
synth_13998,286
synth_14012,286
synth_13966,286
synth_14007,286
synth_14005,286
synth_13971,286
synth_14015,286
synth_13964,286
synth_14021,286
synth_13972,286
synth_13991,286
synth_13976,286
synth_13994,286
synth_14020,286
synth_14003,286
synth_14023,286
synth_13969,286
synth_13979,286
synth_13975,286
synth_14000,286
synth_14022,286
synth_13986,286
synth_14010,286
synth_13988,286
synth_13989,286
synth_13993,286
synth_14009,286
synth_14004,286
synth_13978,286
synth_13977,286
synth_13983,286
synth_14040,285
synth_14071,285
synth_14030,285
synth_14080,285
synth_14029,285
synth_14033,285
synth_14039,285
synth_14051,285
synth_14083,285
synth_14074,285
synth_14081,285
synth_14042,285
synth_14057,285
synth_14053,285
synth_14050,285
synth_14045,285
synth_14035,285
synth_14056,285
synth_14085,285
synth_14047,285
synth_14049,285
synth_14063,285
synth_14078,285
synth_14052,285
synth_14036,285
synth_14038,285
synth_14031,285
synth_14065,285
synth_14055,285
synth_14058,285
synth_14025,285
synth_14084,285
synth_14068,285
synth_14046,285
synth_14054,285
synth_14061,285
synth_14059,285
synth_14082,285
synth_14067,285
synth_14027,285
synth_14064,285
synth_14070,285
synth_14048,285
synth_14062,285
synth_14037,285
synth_14041,285
synth_14075,285
synth_14086,285
synth_14032,285
synth_14028,285
synth_14034,285
synth_14060,285
synth_14077,285
synth_14069,285
synth_14076,285
synth_14066,285
synth_14072,285
synth_14043,285
synth_14044,285
synth_14079,285
synth_14026,285
synth_14073,285
synth_14143,284
synth_14108,284
synth_14105,284
synth_14135,284
synth_14094,284
synth_14124,284
synth_14118,284
synth_14142,284
synth_14146,284
synth_14141,284
synth_14130,284
synth_14098,284
synth_14092,284
synth_14106,284
synth_14123,284
synth_14120,284
synth_14127,284
synth_14131,284
synth_14137,284
synth_14145,284
synth_14088,284
synth_14099,284
synth_14129,284
synth_14095,284
synth_14125,284
synth_14117,284
synth_14132,284
synth_14119,284
synth_14097,284
synth_14136,284
synth_14104,284
synth_14128,284
synth_14126,284
synth_14115,284
synth_14102,284
synth_14112,284
synth_14139,284
synth_14103,284
synth_14087,284
synth_14109,284
synth_14144,284
synth_14140,284
synth_14107,284
synth_14138,284
synth_14147,284
synth_14134,284
synth_14101,284
synth_14116,284
synth_14121,284
synth_14133,284
synth_14113,284
synth_14089,284
synth_14111,284
synth_14114,284
synth_14148,284
synth_14093,284
synth_14100,284
synth_14091,284
synth_14110,284
synth_14090,284
synth_14096,284
synth_14122,284
synth_14155,283
synth_14164,283
synth_14169,283
synth_14193,283
synth_14158,283
synth_14188,283
synth_14197,283
synth_14186,283
synth_14191,283
synth_14195,283
synth_14208,283
synth_14154,283
synth_14207,283
synth_14151,283
synth_14200,283
synth_14192,283
synth_14163,283
synth_14178,283
synth_14184,283
synth_14152,283
synth_14194,283
synth_14201,283
synth_14181,283
synth_14189,283
synth_14167,283
synth_14185,283
synth_14182,283
synth_14157,283
synth_14210,283
synth_14150,283
synth_14168,283
synth_14202,283
synth_14162,283
synth_14204,283
synth_14183,283
synth_14180,283
synth_14203,283
synth_14179,283
synth_14161,283
synth_14170,283
synth_14199,283
synth_14165,283
synth_14160,283
synth_14198,283
synth_14206,283
synth_14177,283
synth_14187,283
synth_14156,283
synth_14209,283
synth_14171,283
synth_14176,283
synth_14211,283
synth_14196,283
synth_14149,283
synth_14190,283
synth_14166,283
synth_14174,283
synth_14159,283
synth_14205,283
synth_14153,283
synth_14173,283
synth_14172,283
synth_14175,283
synth_14237,282
synth_14217,282
synth_14239,282
synth_14260,282
synth_14225,282
synth_14251,282
synth_14271,282
synth_14238,282
synth_14222,282
synth_14249,282
synth_14221,282
synth_14261,282
synth_14240,282
synth_14267,282
synth_14274,282
synth_14252,282
synth_14230,282
synth_14250,282
synth_14268,282
synth_14231,282
synth_14264,282
synth_14245,282
synth_14269,282
synth_14248,282
synth_14226,282
synth_14236,282
synth_14256,282
synth_14223,282
synth_14228,282
synth_14263,282
synth_14213,282
synth_14259,282
synth_14262,282
synth_14242,282
synth_14265,282
synth_14246,282
synth_14247,282
synth_14224,282
synth_14257,282
synth_14235,282
synth_14266,282
synth_14232,282
synth_14234,282
synth_14220,282
synth_14244,282
synth_14273,282
synth_14214,282
synth_14272,282
synth_14258,282
synth_14270,282
synth_14215,282
synth_14241,282
synth_14229,282
synth_14219,282
synth_14243,282
synth_14233,282
synth_14255,282
synth_14212,282
synth_14253,282
synth_14254,282
synth_14216,282
synth_14218,282
synth_14227,282
synth_14316,281
synth_14312,281
synth_14321,281
synth_14306,281
synth_14334,281
synth_14292,281
synth_14326,281
synth_14289,281
synth_14317,281
synth_14332,281
synth_14303,281
synth_14325,281
synth_14276,281
synth_14320,281
synth_14324,281
synth_14280,281
synth_14287,281
synth_14298,281
synth_14335,281
synth_14333,281
synth_14296,281
synth_14305,281
synth_14279,281
synth_14291,281
synth_14308,281
synth_14307,281
synth_14284,281
synth_14323,281
synth_14293,281
synth_14319,281
synth_14311,281
synth_14301,281
synth_14282,281
synth_14300,281
synth_14281,281
synth_14337,281
synth_14299,281
synth_14295,281
synth_14327,281
synth_14286,281
synth_14283,281
synth_14330,281
synth_14294,281
synth_14309,281
synth_14288,281
synth_14315,281
synth_14322,281
synth_14302,281
synth_14313,281
synth_14278,281
synth_14328,281
synth_14285,281
synth_14318,281
synth_14275,281
synth_14297,281
synth_14336,281
synth_14331,281
synth_14290,281
synth_14304,281
synth_14314,281
synth_14329,281
synth_14277,281
synth_14310,281
synth_14351,280
synth_14372,280
synth_14368,280
synth_14382,280
synth_14375,280
synth_14342,280
synth_14354,280
synth_14359,280
synth_14363,280
synth_14345,280
synth_14360,280
synth_14379,280
synth_14390,280
synth_14350,280
synth_14367,280
synth_14364,280
synth_14366,280
synth_14376,280
synth_14383,280
synth_14397,280
synth_14338,280
synth_14341,280
synth_14378,280
synth_14396,280
synth_14361,280
synth_14389,280
synth_14346,280
synth_14386,280
synth_14401,280
synth_14353,280
synth_14358,280
synth_14365,280
synth_14393,280
synth_14371,280
synth_14369,280
synth_14370,280
synth_14352,280
synth_14391,280
synth_14400,280
synth_14377,280
synth_14380,280
synth_14374,280
synth_14399,280
synth_14344,280
synth_14387,280
synth_14388,280
synth_14381,280
synth_14347,280
synth_14385,280
synth_14340,280
synth_14384,280
synth_14356,280
synth_14362,280
synth_14373,280
synth_14392,280
synth_14398,280
synth_14357,280
synth_14349,280
synth_14394,280
synth_14395,280
synth_14348,280
synth_14355,280
synth_14339,280
synth_14343,280
synth_14435,279
synth_14452,279
synth_14441,279
synth_14437,279
synth_14453,279
synth_14427,279
synth_14460,279
synth_14423,279
synth_14417,279
synth_14449,279
synth_14458,279
synth_14416,279
synth_14446,279
synth_14455,279
synth_14415,279
synth_14444,279
synth_14450,279
synth_14462,279
synth_14463,279
synth_14466,279
synth_14420,279
synth_14447,279
synth_14443,279
synth_14411,279
synth_14456,279
synth_14457,279
synth_14418,279
synth_14459,279
synth_14431,279
synth_14406,279
synth_14429,279
synth_14454,279
synth_14439,279
synth_14402,279
synth_14432,279
synth_14412,279
synth_14403,279
synth_14461,279
synth_14433,279
synth_14404,279
synth_14407,279
synth_14410,279
synth_14421,279
synth_14434,279
synth_14428,279
synth_14448,279
synth_14413,279
synth_14438,279
synth_14422,279
synth_14408,279
synth_14440,279
synth_14442,279
synth_14405,279
synth_14409,279
synth_14414,279
synth_14419,279
synth_14451,279
synth_14425,279
synth_14424,279
synth_14464,279
synth_14426,279
synth_14430,279
synth_14445,279
synth_14465,279
synth_14436,279
synth_14529,278
synth_14518,278
synth_14471,278
synth_14509,278
synth_14484,278
synth_14506,278
synth_14485,278
synth_14491,278
synth_14472,278
synth_14487,278
synth_14498,278
synth_14500,278
synth_14497,278
synth_14502,278
synth_14515,278
synth_14504,278
synth_14511,278
synth_14481,278
synth_14510,278
synth_14468,278
synth_14482,278
synth_14478,278
synth_14501,278
synth_14531,278
synth_14516,278
synth_14530,278
synth_14496,278
synth_14517,278
synth_14507,278
synth_14479,278
synth_14499,278
synth_14469,278
synth_14522,278
synth_14486,278
synth_14525,278
synth_14488,278
synth_14495,278
synth_14470,278
synth_14475,278
synth_14521,278
synth_14508,278
synth_14483,278
synth_14526,278
synth_14492,278
synth_14523,278
synth_14524,278
synth_14514,278
synth_14493,278
synth_14527,278
synth_14513,278
synth_14512,278
synth_14467,278
synth_14476,278
synth_14505,278
synth_14473,278
synth_14477,278
synth_14519,278
synth_14503,278
synth_14474,278
synth_14520,278
synth_14494,278
synth_14480,278
synth_14490,278
synth_14528,278
synth_14489,278
synth_14568,277
synth_14560,277
synth_14536,277
synth_14563,277
synth_14533,277
synth_14564,277
synth_14538,277
synth_14566,277
synth_14583,277
synth_14571,277
synth_14574,277
synth_14593,277
synth_14596,277
synth_14595,277
synth_14545,277
synth_14586,277
synth_14558,277
synth_14585,277
synth_14584,277
synth_14546,277
synth_14548,277
synth_14577,277
synth_14575,277
synth_14580,277
synth_14544,277
synth_14565,277
synth_14594,277
synth_14550,277
synth_14556,277
synth_14591,277
synth_14582,277
synth_14562,277
synth_14589,277
synth_14553,277
synth_14537,277
synth_14532,277
synth_14540,277
synth_14573,277
synth_14542,277
synth_14581,277
synth_14554,277
synth_14541,277
synth_14572,277
synth_14551,277
synth_14535,277
synth_14590,277
synth_14552,277
synth_14559,277
synth_14578,277
synth_14539,277
synth_14588,277
synth_14570,277
synth_14549,277
synth_14543,277
synth_14587,277
synth_14592,277
synth_14555,277
synth_14557,277
synth_14567,277
synth_14579,277
synth_14597,277
synth_14569,277
synth_14561,277
synth_14576,277
synth_14534,277
synth_14547,277
synth_14661,276
synth_14609,276
synth_14644,276
synth_14662,276
synth_14632,276
synth_14603,276
synth_14634,276
synth_14658,276
synth_14649,276
synth_14656,276
synth_14621,276
synth_14608,276
synth_14613,276
synth_14635,276
synth_14619,276
synth_14615,276
synth_14617,276
synth_14638,276
synth_14622,276
synth_14600,276
synth_14645,276
synth_14602,276
synth_14624,276
synth_14636,276
synth_14639,276
synth_14640,276
synth_14607,276
synth_14654,276
synth_14623,276
synth_14628,276
synth_14646,276
synth_14616,276
synth_14643,276
synth_14625,276
synth_14629,276
synth_14612,276
synth_14631,276
synth_14633,276
synth_14620,276
synth_14653,276
synth_14659,276
synth_14599,276
synth_14651,276
synth_14655,276
synth_14657,276
synth_14601,276
synth_14652,276
synth_14610,276
synth_14605,276
synth_14660,276
synth_14626,276
synth_14598,276
synth_14606,276
synth_14647,276
synth_14630,276
synth_14614,276
synth_14627,276
synth_14641,276
synth_14604,276
synth_14650,276
synth_14618,276
synth_14648,276
synth_14642,276
synth_14663,276
synth_14611,276
synth_14637,276
synth_14730,275
synth_14700,275
synth_14697,275
synth_14672,275
synth_14679,275
synth_14721,275
synth_14728,275
synth_14676,275
synth_14693,275
synth_14726,275
synth_14723,275
synth_14725,275
synth_14678,275
synth_14717,275
synth_14665,275
synth_14675,275
synth_14671,275
synth_14719,275
synth_14729,275
synth_14673,275
synth_14708,275
synth_14699,275
synth_14703,275
synth_14664,275
synth_14668,275
synth_14669,275
synth_14712,275
synth_14709,275
synth_14691,275
synth_14695,275
synth_14704,275
synth_14667,275
synth_14710,275
synth_14681,275
synth_14724,275
synth_14716,275
synth_14666,275
synth_14670,275
synth_14715,275
synth_14689,275
synth_14685,275
synth_14720,275
synth_14727,275
synth_14690,275
synth_14692,275
synth_14687,275
synth_14702,275
synth_14722,275
synth_14696,275
synth_14688,275
synth_14686,275
synth_14680,275
synth_14711,275
synth_14682,275
synth_14694,275
synth_14718,275
synth_14683,275
synth_14674,275
synth_14698,275
synth_14706,275
synth_14705,275
synth_14677,275
synth_14701,275
synth_14707,275
synth_14713,275
synth_14714,275
synth_14684,275
synth_14737,274
synth_14774,274
synth_14740,274
synth_14748,274
synth_14789,274
synth_14797,274
synth_14736,274
synth_14745,274
synth_14755,274
synth_14756,274
synth_14741,274
synth_14751,274
synth_14754,274
synth_14759,274
synth_14739,274
synth_14762,274
synth_14746,274
synth_14735,274
synth_14766,274
synth_14795,274
synth_14787,274
synth_14779,274
synth_14771,274
synth_14773,274
synth_14777,274
synth_14781,274
synth_14791,274
synth_14763,274
synth_14749,274
synth_14796,274
synth_14767,274
synth_14738,274
synth_14786,274
synth_14782,274
synth_14794,274
synth_14776,274
synth_14792,274
synth_14744,274
synth_14778,274
synth_14743,274
synth_14734,274
synth_14770,274
synth_14732,274
synth_14775,274
synth_14768,274
synth_14731,274
synth_14747,274
synth_14764,274
synth_14780,274
synth_14788,274
synth_14752,274
synth_14769,274
synth_14757,274
synth_14733,274
synth_14784,274
synth_14760,274
synth_14758,274
synth_14742,274
synth_14753,274
synth_14785,274
synth_14750,274
synth_14761,274
synth_14772,274
synth_14790,274
synth_14793,274
synth_14783,274
synth_14765,274
synth_14808,273
synth_14865,273
synth_14805,273
synth_14845,273
synth_14851,273
synth_14835,273
synth_14809,273
synth_14860,273
synth_14861,273
synth_14836,273
synth_14803,273
synth_14858,273
synth_14833,273
synth_14864,273
synth_14852,273
synth_14831,273
synth_14801,273
synth_14837,273
synth_14807,273
synth_14838,273
synth_14812,273
synth_14830,273
synth_14850,273
synth_14817,273
synth_14820,273
synth_14849,273
synth_14828,273
synth_14827,273
synth_14810,273
synth_14857,273
synth_14814,273
synth_14839,273
synth_14802,273
synth_14811,273
synth_14834,273
synth_14798,273
synth_14823,273
synth_14848,273
synth_14855,273
synth_14832,273
synth_14863,273
synth_14824,273
synth_14859,273
synth_14841,273
synth_14854,273
synth_14826,273
synth_14819,273
synth_14844,273
synth_14822,273
synth_14825,273
synth_14818,273
synth_14843,273
synth_14856,273
synth_14862,273
synth_14853,273
synth_14840,273
synth_14804,273
synth_14813,273
synth_14799,273
synth_14842,273
synth_14800,273
synth_14821,273
synth_14829,273
synth_14847,273
synth_14806,273
synth_14815,273
synth_14816,273
synth_14846,273
synth_14933,272
synth_14871,272
synth_14926,272
synth_14872,272
synth_14904,272
synth_14911,272
synth_14897,272
synth_14883,272
synth_14896,272
synth_14934,272
synth_14915,272
synth_14899,272
synth_14914,272
synth_14921,272
synth_14882,272
synth_14890,272
synth_14884,272
synth_14886,272
synth_14919,272
synth_14869,272
synth_14900,272
synth_14874,272
synth_14894,272
synth_14927,272
synth_14920,272
synth_14892,272
synth_14913,272
synth_14922,272
synth_14905,272
synth_14912,272
synth_14917,272
synth_14924,272
synth_14930,272
synth_14887,272
synth_14903,272
synth_14901,272
synth_14895,272
synth_14902,272
synth_14876,272
synth_14906,272
synth_14870,272
synth_14918,272
synth_14866,272
synth_14875,272
synth_14932,272
synth_14867,272
synth_14907,272
synth_14929,272
synth_14879,272
synth_14893,272
synth_14880,272
synth_14881,272
synth_14889,272
synth_14923,272
synth_14931,272
synth_14888,272
synth_14908,272
synth_14910,272
synth_14898,272
synth_14928,272
synth_14868,272
synth_14885,272
synth_14909,272
synth_14925,272
synth_14873,272
synth_14877,272
synth_14878,272
synth_14891,272
synth_14916,272
synth_14968,271
synth_14935,271
synth_14983,271
synth_14949,271
synth_14965,271
synth_14970,271
synth_14962,271
synth_15001,271
synth_15003,271
synth_14957,271
synth_14952,271
synth_14943,271
synth_14937,271
synth_14939,271
synth_14947,271
synth_14941,271
synth_14953,271
synth_14960,271
synth_14963,271
synth_14984,271
synth_14972,271
synth_14991,271
synth_14942,271
synth_14955,271
synth_14948,271
synth_14976,271
synth_14945,271
synth_14954,271
synth_14971,271
synth_14959,271
synth_14986,271
synth_14969,271
synth_14994,271
synth_14961,271
synth_14975,271
synth_14946,271
synth_14990,271
synth_14974,271
synth_14997,271
synth_14964,271
synth_14988,271
synth_14951,271
synth_14966,271
synth_14980,271
synth_14995,271
synth_14989,271
synth_14985,271
synth_15002,271
synth_14938,271
synth_14958,271
synth_14992,271
synth_14950,271
synth_14982,271
synth_14999,271
synth_14973,271
synth_14936,271
synth_14993,271
synth_15000,271
synth_14956,271
synth_14977,271
synth_14944,271
synth_14967,271
synth_14987,271
synth_14998,271
synth_14981,271
synth_14978,271
synth_14940,271
synth_14996,271
synth_14979,271
synth_15018,270
synth_15023,270
synth_15039,270
synth_15011,270
synth_15050,270
synth_15071,270
synth_15033,270
synth_15047,270
synth_15035,270
synth_15057,270
synth_15007,270
synth_15029,270
synth_15068,270
synth_15038,270
synth_15065,270
synth_15040,270
synth_15024,270
synth_15032,270
synth_15056,270
synth_15017,270
synth_15061,270
synth_15058,270
synth_15009,270
synth_15049,270
synth_15073,270
synth_15025,270
synth_15069,270
synth_15005,270
synth_15015,270
synth_15072,270
synth_15031,270
synth_15060,270
synth_15054,270
synth_15028,270
synth_15013,270
synth_15052,270
synth_15066,270
synth_15070,270
synth_15012,270
synth_15062,270
synth_15041,270
synth_15030,270
synth_15051,270
synth_15010,270
synth_15022,270
synth_15053,270
synth_15036,270
synth_15067,270
synth_15043,270
synth_15042,270
synth_15027,270
synth_15021,270
synth_15004,270
synth_15020,270
synth_15037,270
synth_15044,270
synth_15046,270
synth_15059,270
synth_15006,270
synth_15045,270
synth_15016,270
synth_15034,270
synth_15014,270
synth_15055,270
synth_15048,270
synth_15019,270
synth_15064,270
synth_15008,270
synth_15026,270
synth_15063,270
synth_15077,269
synth_15104,269
synth_15107,269
synth_15139,269
synth_15103,269
synth_15084,269
synth_15125,269
synth_15101,269
synth_15142,269
synth_15118,269
synth_15112,269
synth_15076,269
synth_15141,269
synth_15133,269
synth_15110,269
synth_15129,269
synth_15091,269
synth_15083,269
synth_15093,269
synth_15080,269
synth_15089,269
synth_15115,269
synth_15087,269
synth_15138,269
synth_15134,269
synth_15088,269
synth_15092,269
synth_15081,269
synth_15090,269
synth_15136,269
synth_15096,269
synth_15111,269
synth_15131,269
synth_15105,269
synth_15116,269
synth_15132,269
synth_15114,269
synth_15120,269
synth_15086,269
synth_15137,269
synth_15140,269
synth_15082,269
synth_15102,269
synth_15119,269
synth_15130,269
synth_15127,269
synth_15117,269
synth_15074,269
synth_15143,269
synth_15123,269
synth_15079,269
synth_15078,269
synth_15121,269
synth_15124,269
synth_15085,269
synth_15099,269
synth_15113,269
synth_15100,269
synth_15095,269
synth_15122,269
synth_15098,269
synth_15075,269
synth_15106,269
synth_15135,269
synth_15097,269
synth_15108,269
synth_15128,269
synth_15126,269
synth_15109,269
synth_15094,269
synth_15203,268
synth_15201,268
synth_15147,268
synth_15206,268
synth_15176,268
synth_15174,268
synth_15166,268
synth_15167,268
synth_15161,268
synth_15186,268
synth_15211,268
synth_15189,268
synth_15182,268
synth_15196,268
synth_15209,268
synth_15187,268
synth_15165,268
synth_15158,268
synth_15170,268
synth_15210,268
synth_15179,268
synth_15195,268
synth_15171,268
synth_15205,268
synth_15157,268
synth_15173,268
synth_15153,268
synth_15148,268
synth_15149,268
synth_15151,268
synth_15162,268
synth_15177,268
synth_15194,268
synth_15160,268
synth_15202,268
synth_15154,268
synth_15178,268
synth_15184,268
synth_15159,268
synth_15200,268
synth_15146,268
synth_15163,268
synth_15212,268
synth_15150,268
synth_15164,268
synth_15208,268
synth_15197,268
synth_15169,268
synth_15172,268
synth_15183,268
synth_15145,268
synth_15199,268
synth_15185,268
synth_15144,268
synth_15214,268
synth_15204,268
synth_15188,268
synth_15155,268
synth_15152,268
synth_15175,268
synth_15191,268
synth_15181,268
synth_15193,268
synth_15156,268
synth_15168,268
synth_15190,268
synth_15198,268
synth_15192,268
synth_15180,268
synth_15207,268
synth_15213,268
synth_15266,267
synth_15281,267
synth_15230,267
synth_15275,267
synth_15236,267
synth_15222,267
synth_15223,267
synth_15248,267
synth_15276,267
synth_15267,267
synth_15274,267
synth_15255,267
synth_15235,267
synth_15217,267
synth_15231,267
synth_15285,267
synth_15237,267
synth_15234,267
synth_15243,267
synth_15273,267
synth_15254,267
synth_15228,267
synth_15261,267
synth_15215,267
synth_15269,267
synth_15242,267
synth_15263,267
synth_15283,267
synth_15247,267
synth_15279,267
synth_15268,267
synth_15265,267
synth_15264,267
synth_15282,267
synth_15238,267
synth_15226,267
synth_15251,267
synth_15241,267
synth_15221,267
synth_15233,267
synth_15219,267
synth_15220,267
synth_15216,267
synth_15246,267
synth_15244,267
synth_15277,267
synth_15257,267
synth_15253,267
synth_15232,267
synth_15271,267
synth_15245,267
synth_15280,267
synth_15284,267
synth_15225,267
synth_15252,267
synth_15278,267
synth_15256,267
synth_15240,267
synth_15229,267
synth_15249,267
synth_15258,267
synth_15218,267
synth_15262,267
synth_15250,267
synth_15239,267
synth_15227,267
synth_15259,267
synth_15224,267
synth_15272,267
synth_15260,267
synth_15270,267
synth_15325,266
synth_15340,266
synth_15306,266
synth_15329,266
synth_15295,266
synth_15351,266
synth_15307,266
synth_15318,266
synth_15292,266
synth_15338,266
synth_15322,266
synth_15342,266
synth_15327,266
synth_15300,266
synth_15320,266
synth_15349,266
synth_15328,266
synth_15348,266
synth_15357,266
synth_15317,266
synth_15319,266
synth_15302,266
synth_15345,266
synth_15303,266
synth_15333,266
synth_15315,266
synth_15352,266
synth_15343,266
synth_15326,266
synth_15312,266
synth_15335,266
synth_15330,266
synth_15353,266
synth_15311,266
synth_15332,266
synth_15339,266
synth_15294,266
synth_15316,266
synth_15296,266
synth_15354,266
synth_15305,266
synth_15334,266
synth_15336,266
synth_15290,266
synth_15321,266
synth_15346,266
synth_15287,266
synth_15301,266
synth_15304,266
synth_15341,266
synth_15298,266
synth_15355,266
synth_15289,266
synth_15337,266
synth_15297,266
synth_15314,266
synth_15344,266
synth_15331,266
synth_15299,266
synth_15308,266
synth_15323,266
synth_15293,266
synth_15288,266
synth_15356,266
synth_15286,266
synth_15350,266
synth_15291,266
synth_15324,266
synth_15347,266
synth_15313,266
synth_15310,266
synth_15309,266
synth_15386,265
synth_15398,265
synth_15415,265
synth_15416,265
synth_15424,265
synth_15366,265
synth_15375,265
synth_15373,265
synth_15420,265
synth_15362,265
synth_15426,265
synth_15391,265
synth_15396,265
synth_15369,265
synth_15387,265
synth_15393,265
synth_15414,265
synth_15377,265
synth_15418,265
synth_15412,265
synth_15427,265
synth_15361,265
synth_15410,265
synth_15382,265
synth_15383,265
synth_15385,265
synth_15371,265
synth_15378,265
synth_15379,265
synth_15407,265
synth_15376,265
synth_15411,265
synth_15429,265
synth_15406,265
synth_15408,265
synth_15365,265
synth_15368,265
synth_15360,265
synth_15374,265
synth_15363,265
synth_15380,265
synth_15370,265
synth_15381,265
synth_15403,265
synth_15358,265
synth_15400,265
synth_15413,265
synth_15397,265
synth_15401,265
synth_15359,265
synth_15395,265
synth_15428,265
synth_15422,265
synth_15409,265
synth_15392,265
synth_15421,265
synth_15388,265
synth_15394,265
synth_15425,265
synth_15417,265
synth_15423,265
synth_15404,265
synth_15384,265
synth_15402,265
synth_15405,265
synth_15390,265
synth_15367,265
synth_15399,265
synth_15364,265
synth_15389,265
synth_15430,265
synth_15372,265
synth_15419,265
synth_15468,264
synth_15451,264
synth_15488,264
synth_15447,264
synth_15434,264
synth_15466,264
synth_15502,264
synth_15444,264
synth_15455,264
synth_15496,264
synth_15497,264
synth_15501,264
synth_15433,264
synth_15450,264
synth_15485,264
synth_15432,264
synth_15475,264
synth_15493,264
synth_15442,264
synth_15437,264
synth_15459,264
synth_15456,264
synth_15431,264
synth_15458,264
synth_15473,264
synth_15498,264
synth_15436,264
synth_15499,264
synth_15478,264
synth_15484,264
synth_15465,264
synth_15439,264
synth_15495,264
synth_15486,264
synth_15446,264
synth_15453,264
synth_15449,264
synth_15469,264
synth_15481,264
synth_15472,264
synth_15494,264
synth_15454,264
synth_15490,264
synth_15462,264
synth_15443,264
synth_15445,264
synth_15463,264
synth_15470,264
synth_15479,264
synth_15452,264
synth_15460,264
synth_15482,264
synth_15471,264
synth_15461,264
synth_15435,264
synth_15477,264
synth_15448,264
synth_15474,264
synth_15464,264
synth_15441,264
synth_15467,264
synth_15483,264
synth_15476,264
synth_15500,264
synth_15438,264
synth_15440,264
synth_15491,264
synth_15503,264
synth_15492,264
synth_15457,264
synth_15480,264
synth_15487,264
synth_15489,264
synth_15552,263
synth_15567,263
synth_15572,263
synth_15569,263
synth_15515,263
synth_15555,263
synth_15530,263
synth_15533,263
synth_15553,263
synth_15571,263
synth_15539,263
synth_15565,263
synth_15510,263
synth_15528,263
synth_15511,263
synth_15547,263
synth_15537,263
synth_15529,263
synth_15522,263
synth_15576,263
synth_15519,263
synth_15524,263
synth_15507,263
synth_15563,263
synth_15542,263
synth_15568,263
synth_15506,263
synth_15550,263
synth_15548,263
synth_15512,263
synth_15544,263
synth_15554,263
synth_15538,263
synth_15523,263
synth_15577,263
synth_15545,263
synth_15534,263
synth_15518,263
synth_15556,263
synth_15561,263
synth_15505,263
synth_15526,263
synth_15551,263
synth_15509,263
synth_15543,263
synth_15549,263
synth_15527,263
synth_15562,263
synth_15514,263
synth_15560,263
synth_15570,263
synth_15546,263
synth_15535,263
synth_15508,263
synth_15536,263
synth_15559,263
synth_15574,263
synth_15573,263
synth_15525,263
synth_15532,263
synth_15531,263
synth_15504,263
synth_15516,263
synth_15557,263
synth_15566,263
synth_15521,263
synth_15520,263
synth_15540,263
synth_15558,263
synth_15517,263
synth_15564,263
synth_15513,263
synth_15575,263
synth_15541,263
synth_15578,262
synth_15609,262
synth_15586,262
synth_15595,262
synth_15603,262
synth_15591,262
synth_15648,262
synth_15581,262
synth_15597,262
synth_15585,262
synth_15624,262
synth_15627,262
synth_15610,262
synth_15636,262
synth_15588,262
synth_15614,262
synth_15637,262
synth_15604,262
synth_15625,262
synth_15594,262
synth_15635,262
synth_15598,262
synth_15592,262
synth_15630,262
synth_15649,262
synth_15587,262
synth_15599,262
synth_15626,262
synth_15644,262
synth_15619,262
synth_15629,262
synth_15617,262
synth_15596,262
synth_15651,262
synth_15634,262
synth_15622,262
synth_15601,262
synth_15612,262
synth_15600,262
synth_15633,262
synth_15590,262
synth_15584,262
synth_15646,262
synth_15613,262
synth_15639,262
synth_15602,262
synth_15641,262
synth_15623,262
synth_15583,262
synth_15620,262
synth_15632,262
synth_15647,262
synth_15643,262
synth_15589,262
synth_15582,262
synth_15611,262
synth_15593,262
synth_15631,262
synth_15606,262
synth_15628,262
synth_15640,262
synth_15605,262
synth_15579,262
synth_15642,262
synth_15618,262
synth_15607,262
synth_15608,262
synth_15645,262
synth_15615,262
synth_15580,262
synth_15650,262
synth_15621,262
synth_15616,262
synth_15638,262
synth_15656,261
synth_15700,261
synth_15663,261
synth_15661,261
synth_15690,261
synth_15673,261
synth_15704,261
synth_15676,261
synth_15666,261
synth_15662,261
synth_15717,261
synth_15671,261
synth_15688,261
synth_15686,261
synth_15718,261
synth_15658,261
synth_15722,261
synth_15724,261
synth_15705,261
synth_15699,261
synth_15710,261
synth_15667,261
synth_15677,261
synth_15655,261
synth_15706,261
synth_15680,261
synth_15681,261
synth_15682,261
synth_15713,261
synth_15657,261
synth_15669,261
synth_15659,261
synth_15668,261
synth_15653,261
synth_15703,261
synth_15691,261
synth_15652,261
synth_15694,261
synth_15697,261
synth_15715,261
synth_15721,261
synth_15723,261
synth_15692,261
synth_15665,261
synth_15689,261
synth_15693,261
synth_15696,261
synth_15707,261
synth_15712,261
synth_15695,261
synth_15709,261
synth_15654,261
synth_15698,261
synth_15678,261
synth_15702,261
synth_15672,261
synth_15726,261
synth_15708,261
synth_15664,261
synth_15687,261
synth_15660,261
synth_15711,261
synth_15725,261
synth_15683,261
synth_15679,261
synth_15701,261
synth_15684,261
synth_15714,261
synth_15719,261
synth_15716,261
synth_15685,261
synth_15675,261
synth_15670,261
synth_15674,261
synth_15720,261
synth_15740,260
synth_15797,260
synth_15798,260
synth_15800,260
synth_15799,260
synth_15749,260
synth_15784,260
synth_15771,260
synth_15796,260
synth_15752,260
synth_15758,260
synth_15785,260
synth_15772,260
synth_15733,260
synth_15744,260
synth_15788,260
synth_15792,260
synth_15759,260
synth_15802,260
synth_15761,260
synth_15768,260
synth_15791,260
synth_15730,260
synth_15737,260
synth_15746,260
synth_15766,260
synth_15775,260
synth_15776,260
synth_15801,260
synth_15754,260
synth_15795,260
synth_15738,260
synth_15789,260
synth_15747,260
synth_15743,260
synth_15751,260
synth_15767,260
synth_15741,260
synth_15762,260
synth_15787,260
synth_15794,260
synth_15731,260
synth_15753,260
synth_15735,260
synth_15786,260
synth_15793,260
synth_15728,260
synth_15755,260
synth_15756,260
synth_15778,260
synth_15779,260
synth_15750,260
synth_15729,260
synth_15732,260
synth_15770,260
synth_15748,260
synth_15780,260
synth_15782,260
synth_15742,260
synth_15764,260
synth_15727,260
synth_15757,260
synth_15773,260
synth_15760,260
synth_15765,260
synth_15783,260
synth_15745,260
synth_15777,260
synth_15774,260
synth_15736,260
synth_15739,260
synth_15781,260
synth_15763,260
synth_15769,260
synth_15734,260
synth_15790,260
synth_15804,259
synth_15818,259
synth_15868,259
synth_15858,259
synth_15806,259
synth_15861,259
synth_15852,259
synth_15807,259
synth_15864,259
synth_15841,259
synth_15834,259
synth_15874,259
synth_15846,259
synth_15830,259
synth_15809,259
synth_15831,259
synth_15821,259
synth_15827,259
synth_15837,259
synth_15822,259
synth_15876,259
synth_15823,259
synth_15860,259
synth_15820,259
synth_15845,259
synth_15854,259
synth_15878,259
synth_15865,259
synth_15866,259
synth_15869,259
synth_15857,259
synth_15872,259
synth_15839,259
synth_15808,259
synth_15813,259
synth_15832,259
synth_15833,259
synth_15838,259
synth_15811,259
synth_15825,259
synth_15850,259
synth_15817,259
synth_15870,259
synth_15875,259
synth_15853,259
synth_15849,259
synth_15855,259
synth_15859,259
synth_15843,259
synth_15803,259
synth_15844,259
synth_15816,259
synth_15848,259
synth_15835,259
synth_15847,259
synth_15871,259
synth_15842,259
synth_15810,259
synth_15819,259
synth_15812,259
synth_15879,259
synth_15829,259
synth_15826,259
synth_15873,259
synth_15851,259
synth_15856,259
synth_15877,259
synth_15840,259
synth_15824,259
synth_15805,259
synth_15814,259
synth_15862,259
synth_15828,259
synth_15815,259
synth_15836,259
synth_15867,259
synth_15863,259
synth_15892,258
synth_15893,258
synth_15949,258
synth_15888,258
synth_15906,258
synth_15953,258
synth_15911,258
synth_15931,258
synth_15880,258
synth_15942,258
synth_15944,258
synth_15903,258
synth_15945,258
synth_15913,258
synth_15920,258
synth_15955,258
synth_15934,258
synth_15898,258
synth_15904,258
synth_15912,258
synth_15882,258
synth_15930,258
synth_15923,258
synth_15916,258
synth_15921,258
synth_15938,258
synth_15897,258
synth_15908,258
synth_15910,258
synth_15885,258
synth_15883,258
synth_15936,258
synth_15889,258
synth_15929,258
synth_15950,258
synth_15915,258
synth_15926,258
synth_15951,258
synth_15918,258
synth_15919,258
synth_15901,258
synth_15937,258
synth_15928,258
synth_15891,258
synth_15954,258
synth_15948,258
synth_15940,258
synth_15914,258
synth_15952,258
synth_15884,258
synth_15886,258
synth_15956,258
synth_15890,258
synth_15917,258
synth_15927,258
synth_15941,258
synth_15900,258
synth_15881,258
synth_15887,258
synth_15943,258
synth_15907,258
synth_15946,258
synth_15896,258
synth_15933,258
synth_15925,258
synth_15932,258
synth_15894,258
synth_15939,258
synth_15899,258
synth_15902,258
synth_15905,258
synth_15895,258
synth_15922,258
synth_15935,258
synth_15909,258
synth_15924,258
synth_15947,258
synth_15972,257
synth_16026,257
synth_15961,257
synth_15982,257
synth_15984,257
synth_15978,257
synth_15966,257
synth_16003,257
synth_15959,257
synth_16017,257
synth_15993,257
synth_15971,257
synth_16000,257
synth_15970,257
synth_15981,257
synth_16006,257
synth_15960,257
synth_15987,257
synth_15999,257
synth_15962,257
synth_16020,257
synth_15963,257
synth_16018,257
synth_16021,257
synth_16011,257
synth_16030,257
synth_16007,257
synth_16031,257
synth_16010,257
synth_15992,257
synth_16032,257
synth_15976,257
synth_16002,257
synth_16013,257
synth_16001,257
synth_15979,257
synth_15957,257
synth_15983,257
synth_16023,257
synth_16012,257
synth_16004,257
synth_16028,257
synth_15991,257
synth_15990,257
synth_16027,257
synth_16033,257
synth_15967,257
synth_15986,257
synth_16025,257
synth_15980,257
synth_15985,257
synth_15975,257
synth_16029,257
synth_15969,257
synth_16019,257
synth_16009,257
synth_16008,257
synth_16014,257
synth_15989,257
synth_15965,257
synth_15973,257
synth_15988,257
synth_16015,257
synth_16005,257
synth_16016,257
synth_16024,257
synth_16022,257
synth_15995,257
synth_15998,257
synth_15958,257
synth_15977,257
synth_15974,257
synth_15964,257
synth_15997,257
synth_15996,257
synth_15968,257
synth_15994,257
synth_16105,256
synth_16096,256
synth_16078,256
synth_16079,256
synth_16073,256
synth_16090,256
synth_16097,256
synth_16082,256
synth_16089,256
synth_16062,256
synth_16039,256
synth_16068,256
synth_16102,256
synth_16111,256
synth_16043,256
synth_16049,256
synth_16072,256
synth_16036,256
synth_16070,256
synth_16104,256
synth_16048,256
synth_16065,256
synth_16088,256
synth_16058,256
synth_16052,256
synth_16042,256
synth_16060,256
synth_16098,256
synth_16051,256
synth_16057,256
synth_16103,256
synth_16109,256
synth_16055,256
synth_16091,256
synth_16101,256
synth_16108,256
synth_16056,256
synth_16084,256
synth_16100,256
synth_16059,256
synth_16071,256
synth_16037,256
synth_16099,256
synth_16066,256
synth_16080,256
synth_16076,256
synth_16046,256
synth_16054,256
synth_16038,256
synth_16107,256
synth_16077,256
synth_16095,256
synth_16035,256
synth_16034,256
synth_16061,256
synth_16053,256
synth_16050,256
synth_16085,256
synth_16110,256
synth_16047,256
synth_16041,256
synth_16075,256
synth_16064,256
synth_16087,256
synth_16094,256
synth_16063,256
synth_16093,256
synth_16081,256
synth_16083,256
synth_16045,256
synth_16074,256
synth_16106,256
synth_16112,256
synth_16040,256
synth_16044,256
synth_16069,256
synth_16092,256
synth_16067,256
synth_16086,256
synth_16152,255
synth_16184,255
synth_16165,255
synth_16177,255
synth_16155,255
synth_16130,255
synth_16139,255
synth_16127,255
synth_16131,255
synth_16136,255
synth_16137,255
synth_16172,255
synth_16174,255
synth_16154,255
synth_16138,255
synth_16124,255
synth_16114,255
synth_16153,255
synth_16115,255
synth_16166,255
synth_16168,255
synth_16188,255
synth_16129,255
synth_16162,255
synth_16169,255
synth_16135,255
synth_16164,255
synth_16175,255
synth_16150,255
synth_16176,255
synth_16118,255
synth_16147,255
synth_16190,255
synth_16161,255
synth_16121,255
synth_16171,255
synth_16163,255
synth_16186,255
synth_16133,255
synth_16120,255
synth_16128,255
synth_16142,255
synth_16158,255
synth_16149,255
synth_16145,255
synth_16178,255
synth_16140,255
synth_16151,255
synth_16185,255
synth_16191,255
synth_16122,255
synth_16170,255
synth_16159,255
synth_16113,255
synth_16116,255
synth_16173,255
synth_16167,255
synth_16179,255
synth_16183,255
synth_16160,255
synth_16187,255
synth_16126,255
synth_16157,255
synth_16181,255
synth_16123,255
synth_16148,255
synth_16189,255
synth_16180,255
synth_16182,255
synth_16132,255
synth_16143,255
synth_16117,255
synth_16146,255
synth_16141,255
synth_16125,255
synth_16134,255
synth_16144,255
synth_16119,255
synth_16156,255
synth_16264,254
synth_16232,254
synth_16257,254
synth_16230,254
synth_16252,254
synth_16259,254
synth_16254,254
synth_16241,254
synth_16219,254
synth_16227,254
synth_16256,254
synth_16223,254
synth_16229,254
synth_16217,254
synth_16220,254
synth_16258,254
synth_16263,254
synth_16240,254
synth_16207,254
synth_16212,254
synth_16225,254
synth_16226,254
synth_16214,254
synth_16206,254
synth_16234,254
synth_16249,254
synth_16205,254
synth_16192,254
synth_16268,254
synth_16221,254
synth_16216,254
synth_16245,254
synth_16224,254
synth_16271,254
synth_16267,254
synth_16204,254
synth_16193,254
synth_16201,254
synth_16250,254
synth_16255,254
synth_16262,254
synth_16196,254
synth_16202,254
synth_16251,254
synth_16237,254
synth_16247,254
synth_16236,254
synth_16242,254
synth_16198,254
synth_16195,254
synth_16197,254
synth_16199,254
synth_16244,254
synth_16260,254
synth_16210,254
synth_16211,254
synth_16246,254
synth_16270,254
synth_16222,254
synth_16248,254
synth_16209,254
synth_16238,254
synth_16235,254
synth_16203,254
synth_16231,254
synth_16269,254
synth_16239,254
synth_16218,254
synth_16208,254
synth_16228,254
synth_16233,254
synth_16213,254
synth_16253,254
synth_16243,254
synth_16261,254
synth_16265,254
synth_16194,254
synth_16215,254
synth_16266,254
synth_16200,254
synth_16319,253
synth_16325,253
synth_16290,253
synth_16302,253
synth_16339,253
synth_16291,253
synth_16316,253
synth_16318,253
synth_16282,253
synth_16275,253
synth_16328,253
synth_16309,253
synth_16313,253
synth_16327,253
synth_16279,253
synth_16289,253
synth_16303,253
synth_16336,253
synth_16352,253
synth_16345,253
synth_16298,253
synth_16280,253
synth_16287,253
synth_16293,253
synth_16305,253
synth_16338,253
synth_16281,253
synth_16300,253
synth_16331,253
synth_16342,253
synth_16340,253
synth_16273,253
synth_16288,253
synth_16326,253
synth_16301,253
synth_16317,253
synth_16294,253
synth_16278,253
synth_16299,253
synth_16321,253
synth_16320,253
synth_16334,253
synth_16344,253
synth_16311,253
synth_16346,253
synth_16341,253
synth_16306,253
synth_16304,253
synth_16335,253
synth_16308,253
synth_16323,253
synth_16333,253
synth_16284,253
synth_16295,253
synth_16351,253
synth_16324,253
synth_16343,253
synth_16296,253
synth_16310,253
synth_16349,253
synth_16307,253
synth_16272,253
synth_16283,253
synth_16329,253
synth_16285,253
synth_16348,253
synth_16330,253
synth_16292,253
synth_16286,253
synth_16347,253
synth_16332,253
synth_16337,253
synth_16312,253
synth_16297,253
synth_16274,253
synth_16315,253
synth_16350,253
synth_16276,253
synth_16322,253
synth_16277,253
synth_16314,253
synth_16370,252
synth_16400,252
synth_16353,252
synth_16386,252
synth_16396,252
synth_16433,252
synth_16381,252
synth_16385,252
synth_16378,252
synth_16363,252
synth_16368,252
synth_16429,252
synth_16392,252
synth_16374,252
synth_16430,252
synth_16414,252
synth_16382,252
synth_16415,252
synth_16401,252
synth_16431,252
synth_16393,252
synth_16399,252
synth_16372,252
synth_16418,252
synth_16411,252
synth_16362,252
synth_16359,252
synth_16366,252
synth_16427,252
synth_16416,252
synth_16423,252
synth_16432,252
synth_16417,252
synth_16380,252
synth_16394,252
synth_16403,252
synth_16377,252
synth_16420,252
synth_16426,252
synth_16379,252
synth_16428,252
synth_16419,252
synth_16404,252
synth_16355,252
synth_16407,252
synth_16375,252
synth_16365,252
synth_16384,252
synth_16409,252
synth_16405,252
synth_16387,252
synth_16406,252
synth_16425,252
synth_16408,252
synth_16410,252
synth_16413,252
synth_16367,252
synth_16402,252
synth_16421,252
synth_16369,252
synth_16424,252
synth_16357,252
synth_16383,252
synth_16391,252
synth_16388,252
synth_16358,252
synth_16389,252
synth_16364,252
synth_16397,252
synth_16373,252
synth_16398,252
synth_16422,252
synth_16412,252
synth_16356,252
synth_16361,252
synth_16376,252
synth_16390,252
synth_16354,252
synth_16371,252
synth_16360,252
synth_16395,252
synth_16493,251
synth_16473,251
synth_16470,251
synth_16514,251
synth_16438,251
synth_16467,251
synth_16449,251
synth_16469,251
synth_16458,251
synth_16505,251
synth_16440,251
synth_16453,251
synth_16437,251
synth_16501,251
synth_16486,251
synth_16508,251
synth_16492,251
synth_16435,251
synth_16515,251
synth_16494,251
synth_16509,251
synth_16497,251
synth_16446,251
synth_16498,251
synth_16504,251
synth_16487,251
synth_16485,251
synth_16445,251
synth_16481,251
synth_16450,251
synth_16442,251
synth_16471,251
synth_16503,251
synth_16455,251
synth_16510,251
synth_16477,251
synth_16472,251
synth_16461,251
synth_16439,251
synth_16454,251
synth_16475,251
synth_16448,251
synth_16459,251
synth_16463,251
synth_16476,251
synth_16478,251
synth_16466,251
synth_16496,251
synth_16462,251
synth_16489,251
synth_16512,251
synth_16447,251
synth_16495,251
synth_16479,251
synth_16460,251
synth_16506,251
synth_16457,251
synth_16499,251
synth_16452,251
synth_16434,251
synth_16491,251
synth_16456,251
synth_16443,251
synth_16511,251
synth_16488,251
synth_16441,251
synth_16465,251
synth_16444,251
synth_16451,251
synth_16490,251
synth_16436,251
synth_16464,251
synth_16502,251
synth_16474,251
synth_16513,251
synth_16500,251
synth_16507,251
synth_16482,251
synth_16483,251
synth_16468,251
synth_16480,251
synth_16484,251
synth_16543,250
synth_16588,250
synth_16538,250
synth_16576,250
synth_16555,250
synth_16593,250
synth_16549,250
synth_16521,250
synth_16566,250
synth_16571,250
synth_16556,250
synth_16545,250
synth_16535,250
synth_16540,250
synth_16568,250
synth_16573,250
synth_16544,250
synth_16516,250
synth_16596,250
synth_16597,250
synth_16592,250
synth_16534,250
synth_16552,250
synth_16519,250
synth_16523,250
synth_16518,250
synth_16594,250
synth_16585,250
synth_16524,250
synth_16522,250
synth_16536,250
synth_16554,250
synth_16533,250
synth_16527,250
synth_16564,250
synth_16591,250
synth_16560,250
synth_16587,250
synth_16558,250
synth_16574,250
synth_16572,250
synth_16590,250
synth_16586,250
synth_16541,250
synth_16561,250
synth_16575,250
synth_16537,250
synth_16546,250
synth_16584,250
synth_16529,250
synth_16539,250
synth_16563,250
synth_16530,250
synth_16531,250
synth_16583,250
synth_16577,250
synth_16551,250
synth_16532,250
synth_16579,250
synth_16598,250
synth_16542,250
synth_16567,250
synth_16526,250
synth_16520,250
synth_16595,250
synth_16570,250
synth_16582,250
synth_16581,250
synth_16559,250
synth_16565,250
synth_16580,250
synth_16557,250
synth_16550,250
synth_16553,250
synth_16548,250
synth_16562,250
synth_16528,250
synth_16589,250
synth_16517,250
synth_16578,250
synth_16525,250
synth_16569,250
synth_16547,250
synth_16651,249
synth_16600,249
synth_16649,249
synth_16625,249
synth_16632,249
synth_16624,249
synth_16679,249
synth_16677,249
synth_16650,249
synth_16620,249
synth_16666,249
synth_16634,249
synth_16637,249
synth_16681,249
synth_16609,249
synth_16628,249
synth_16623,249
synth_16648,249
synth_16599,249
synth_16668,249
synth_16675,249
synth_16643,249
synth_16680,249
synth_16604,249
synth_16608,249
synth_16653,249
synth_16601,249
synth_16612,249
synth_16621,249
synth_16627,249
synth_16667,249
synth_16638,249
synth_16616,249
synth_16617,249
synth_16656,249
synth_16662,249
synth_16611,249
synth_16644,249
synth_16607,249
synth_16641,249
synth_16630,249
synth_16622,249
synth_16629,249
synth_16652,249
synth_16657,249
synth_16678,249
synth_16676,249
synth_16633,249
synth_16642,249
synth_16603,249
synth_16660,249
synth_16673,249
synth_16669,249
synth_16672,249
synth_16646,249
synth_16671,249
synth_16602,249
synth_16615,249
synth_16631,249
synth_16647,249
synth_16605,249
synth_16614,249
synth_16640,249
synth_16670,249
synth_16606,249
synth_16639,249
synth_16626,249
synth_16635,249
synth_16645,249
synth_16655,249
synth_16618,249
synth_16658,249
synth_16663,249
synth_16674,249
synth_16661,249
synth_16664,249
synth_16636,249
synth_16659,249
synth_16613,249
synth_16619,249
synth_16610,249
synth_16654,249
synth_16665,249
synth_16697,248
synth_16715,248
synth_16732,248
synth_16756,248
synth_16702,248
synth_16759,248
synth_16695,248
synth_16731,248
synth_16757,248
synth_16708,248
synth_16733,248
synth_16766,248
synth_16709,248
synth_16750,248
synth_16693,248
synth_16761,248
synth_16723,248
synth_16689,248
synth_16720,248
synth_16741,248
synth_16725,248
synth_16707,248
synth_16729,248
synth_16704,248
synth_16734,248
synth_16728,248
synth_16747,248
synth_16683,248
synth_16749,248
synth_16688,248
synth_16763,248
synth_16764,248
synth_16690,248
synth_16703,248
synth_16686,248
synth_16737,248
synth_16717,248
synth_16746,248
synth_16696,248
synth_16726,248
synth_16727,248
synth_16716,248
synth_16752,248
synth_16685,248
synth_16692,248
synth_16754,248
synth_16682,248
synth_16736,248
synth_16739,248
synth_16714,248
synth_16700,248
synth_16730,248
synth_16724,248
synth_16701,248
synth_16687,248
synth_16691,248
synth_16743,248
synth_16698,248
synth_16765,248
synth_16684,248
synth_16751,248
synth_16722,248
synth_16735,248
synth_16710,248
synth_16742,248
synth_16748,248
synth_16755,248
synth_16713,248
synth_16718,248
synth_16740,248
synth_16712,248
synth_16721,248
synth_16711,248
synth_16719,248
synth_16745,248
synth_16753,248
synth_16694,248
synth_16744,248
synth_16758,248
synth_16705,248
synth_16706,248
synth_16699,248
synth_16738,248
synth_16762,248
synth_16760,248
synth_16812,247
synth_16768,247
synth_16810,247
synth_16833,247
synth_16829,247
synth_16845,247
synth_16772,247
synth_16767,247
synth_16844,247
synth_16830,247
synth_16785,247
synth_16791,247
synth_16818,247
synth_16827,247
synth_16821,247
synth_16776,247
synth_16777,247
synth_16846,247
synth_16837,247
synth_16782,247
synth_16839,247
synth_16809,247
synth_16824,247
synth_16790,247
synth_16797,247
synth_16820,247
synth_16774,247
synth_16842,247
synth_16813,247
synth_16806,247
synth_16792,247
synth_16805,247
synth_16823,247
synth_16787,247
synth_16795,247
synth_16851,247
synth_16789,247
synth_16802,247
synth_16816,247
synth_16836,247
synth_16835,247
synth_16775,247
synth_16834,247
synth_16804,247
synth_16828,247
synth_16817,247
synth_16769,247
synth_16811,247
synth_16784,247
synth_16814,247
synth_16832,247
synth_16799,247
synth_16788,247
synth_16801,247
synth_16831,247
synth_16783,247
synth_16786,247
synth_16803,247
synth_16822,247
synth_16847,247
synth_16841,247
synth_16849,247
synth_16819,247
synth_16848,247
synth_16779,247
synth_16808,247
synth_16771,247
synth_16781,247
synth_16794,247
synth_16778,247
synth_16798,247
synth_16850,247
synth_16800,247
synth_16843,247
synth_16826,247
synth_16840,247
synth_16815,247
synth_16838,247
synth_16770,247
synth_16773,247
synth_16796,247
synth_16780,247
synth_16793,247
synth_16825,247
synth_16807,247
synth_16902,246
synth_16859,246
synth_16852,246
synth_16863,246
synth_16926,246
synth_16871,246
synth_16934,246
synth_16906,246
synth_16879,246
synth_16900,246
synth_16898,246
synth_16925,246
synth_16903,246
synth_16915,246
synth_16862,246
synth_16878,246
synth_16912,246
synth_16928,246
synth_16866,246
synth_16919,246
synth_16891,246
synth_16897,246
synth_16904,246
synth_16913,246
synth_16895,246
synth_16921,246
synth_16864,246
synth_16890,246
synth_16861,246
synth_16894,246
synth_16868,246
synth_16882,246
synth_16874,246
synth_16867,246
synth_16892,246
synth_16886,246
synth_16920,246
synth_16909,246
synth_16880,246
synth_16914,246
synth_16931,246
synth_16873,246
synth_16884,246
synth_16854,246
synth_16872,246
synth_16935,246
synth_16858,246
synth_16936,246
synth_16888,246
synth_16869,246
synth_16853,246
synth_16918,246
synth_16881,246
synth_16889,246
synth_16932,246
synth_16899,246
synth_16857,246
synth_16876,246
synth_16855,246
synth_16865,246
synth_16877,246
synth_16924,246
synth_16930,246
synth_16883,246
synth_16887,246
synth_16896,246
synth_16916,246
synth_16910,246
synth_16905,246
synth_16875,246
synth_16923,246
synth_16885,246
synth_16901,246
synth_16922,246
synth_16933,246
synth_16911,246
synth_16908,246
synth_16860,246
synth_16917,246
synth_16870,246
synth_16929,246
synth_16907,246
synth_16856,246
synth_16893,246
synth_16927,246
synth_16951,245
synth_16987,245
synth_17016,245
synth_16959,245
synth_17023,245
synth_16983,245
synth_16966,245
synth_16948,245
synth_16990,245
synth_16997,245
synth_16989,245
synth_16962,245
synth_16971,245
synth_17007,245
synth_16947,245
synth_16992,245
synth_17001,245
synth_16956,245
synth_16991,245
synth_16974,245
synth_16937,245
synth_17005,245
synth_17018,245
synth_16952,245
synth_17000,245
synth_16972,245
synth_17010,245
synth_16975,245
synth_17008,245
synth_17004,245
synth_16939,245
synth_16957,245
synth_16993,245
synth_16946,245
synth_17015,245
synth_17022,245
synth_17014,245
synth_16940,245
synth_16955,245
synth_16998,245
synth_17003,245
synth_16965,245
synth_16976,245
synth_17017,245
synth_16995,245
synth_17012,245
synth_16985,245
synth_16963,245
synth_16981,245
synth_16994,245
synth_17002,245
synth_16973,245
synth_16941,245
synth_16945,245
synth_16953,245
synth_17011,245
synth_17006,245
synth_17009,245
synth_16943,245
synth_17021,245
synth_16969,245
synth_16980,245
synth_16942,245
synth_16979,245
synth_16984,245
synth_17019,245
synth_16949,245
synth_16978,245
synth_16986,245
synth_16999,245
synth_16977,245
synth_16954,245
synth_16968,245
synth_17013,245
synth_16988,245
synth_16970,245
synth_16938,245
synth_16960,245
synth_16996,245
synth_16958,245
synth_16961,245
synth_16950,245
synth_16964,245
synth_16982,245
synth_16967,245
synth_17020,245
synth_16944,245
synth_17105,244
synth_17100,244
synth_17025,244
synth_17058,244
synth_17085,244
synth_17064,244
synth_17095,244
synth_17049,244
synth_17094,244
synth_17106,244
synth_17093,244
synth_17101,244
synth_17111,244
synth_17039,244
synth_17033,244
synth_17091,244
synth_17103,244
synth_17032,244
synth_17028,244
synth_17079,244
synth_17099,244
synth_17063,244
synth_17108,244
synth_17053,244
synth_17076,244
synth_17040,244
synth_17061,244
synth_17087,244
synth_17070,244
synth_17062,244
synth_17060,244
synth_17068,244
synth_17088,244
synth_17096,244
synth_17067,244
synth_17037,244
synth_17110,244
synth_17078,244
synth_17109,244
synth_17081,244
synth_17074,244
synth_17104,244
synth_17098,244
synth_17065,244
synth_17069,244
synth_17084,244
synth_17048,244
synth_17050,244
synth_17052,244
synth_17038,244
synth_17082,244
synth_17024,244
synth_17083,244
synth_17107,244
synth_17080,244
synth_17097,244
synth_17057,244
synth_17027,244
synth_17045,244
synth_17056,244
synth_17031,244
synth_17072,244
synth_17066,244
synth_17051,244
synth_17092,244
synth_17055,244
synth_17042,244
synth_17077,244
synth_17044,244
synth_17047,244
synth_17030,244
synth_17102,244
synth_17036,244
synth_17054,244
synth_17029,244
synth_17041,244
synth_17035,244
synth_17046,244
synth_17059,244
synth_17075,244
synth_17073,244
synth_17089,244
synth_17026,244
synth_17034,244
synth_17071,244
synth_17090,244
synth_17043,244
synth_17086,244
synth_17175,243
synth_17146,243
synth_17183,243
synth_17193,243
synth_17180,243
synth_17128,243
synth_17161,243
synth_17145,243
synth_17163,243
synth_17188,243
synth_17117,243
synth_17162,243
synth_17177,243
synth_17164,243
synth_17123,243
synth_17141,243
synth_17166,243
synth_17176,243
synth_17137,243
synth_17185,243
synth_17112,243
synth_17143,243
synth_17178,243
synth_17140,243
synth_17170,243
synth_17154,243
synth_17186,243
synth_17173,243
synth_17167,243
synth_17131,243
synth_17172,243
synth_17174,243
synth_17158,243
synth_17156,243
synth_17171,243
synth_17115,243
synth_17125,243
synth_17142,243
synth_17139,243
synth_17114,243
synth_17189,243
synth_17118,243
synth_17144,243
synth_17196,243
synth_17138,243
synth_17150,243
synth_17157,243
synth_17113,243
synth_17122,243
synth_17160,243
synth_17151,243
synth_17184,243
synth_17119,243
synth_17120,243
synth_17134,243
synth_17132,243
synth_17198,243
synth_17155,243
synth_17152,243
synth_17169,243
synth_17197,243
synth_17130,243
synth_17199,243
synth_17153,243
synth_17149,243
synth_17195,243
synth_17159,243
synth_17124,243
synth_17133,243
synth_17129,243
synth_17165,243
synth_17190,243
synth_17116,243
synth_17194,243
synth_17135,243
synth_17191,243
synth_17127,243
synth_17179,243
synth_17147,243
synth_17182,243
synth_17192,243
synth_17136,243
synth_17181,243
synth_17187,243
synth_17126,243
synth_17121,243
synth_17148,243
synth_17168,243
synth_17234,242
synth_17257,242
synth_17239,242
synth_17236,242
synth_17243,242
synth_17213,242
synth_17242,242
synth_17288,242
synth_17286,242
synth_17252,242
synth_17205,242
synth_17281,242
synth_17276,242
synth_17266,242
synth_17238,242
synth_17229,242
synth_17224,242
synth_17267,242
synth_17268,242
synth_17223,242
synth_17201,242
synth_17225,242
synth_17211,242
synth_17259,242
synth_17203,242
synth_17237,242
synth_17232,242
synth_17274,242
synth_17222,242
synth_17247,242
synth_17285,242
synth_17231,242
synth_17249,242
synth_17273,242
synth_17248,242
synth_17283,242
synth_17255,242
synth_17282,242
synth_17208,242
synth_17269,242
synth_17284,242
synth_17227,242
synth_17240,242
synth_17244,242
synth_17258,242
synth_17226,242
synth_17228,242
synth_17216,242
synth_17217,242
synth_17241,242
synth_17221,242
synth_17279,242
synth_17287,242
synth_17265,242
synth_17272,242
synth_17220,242
synth_17251,242
synth_17245,242
synth_17270,242
synth_17280,242
synth_17264,242
synth_17202,242
synth_17204,242
synth_17214,242
synth_17207,242
synth_17200,242
synth_17206,242
synth_17215,242
synth_17278,242
synth_17271,242
synth_17253,242
synth_17261,242
synth_17260,242
synth_17275,242
synth_17246,242
synth_17219,242
synth_17210,242
synth_17250,242
synth_17209,242
synth_17263,242
synth_17218,242
synth_17262,242
synth_17277,242
synth_17212,242
synth_17233,242
synth_17254,242
synth_17230,242
synth_17256,242
synth_17235,242
synth_17304,241
synth_17322,241
synth_17301,241
synth_17341,241
synth_17321,241
synth_17364,241
synth_17297,241
synth_17293,241
synth_17313,241
synth_17371,241
synth_17295,241
synth_17317,241
synth_17369,241
synth_17366,241
synth_17332,241
synth_17349,241
synth_17319,241
synth_17303,241
synth_17350,241
synth_17376,241
synth_17318,241
synth_17340,241
synth_17300,241
synth_17307,241
synth_17342,241
synth_17361,241
synth_17337,241
synth_17299,241
synth_17347,241
synth_17375,241
synth_17310,241
synth_17325,241
synth_17315,241
synth_17372,241
synth_17308,241
synth_17362,241
synth_17314,241
synth_17327,241
synth_17363,241
synth_17353,241
synth_17309,241
synth_17343,241
synth_17374,241
synth_17311,241
synth_17370,241
synth_17305,241
synth_17316,241
synth_17292,241
synth_17357,241
synth_17335,241
synth_17355,241
synth_17324,241
synth_17331,241
synth_17306,241
synth_17352,241
synth_17329,241
synth_17291,241
synth_17359,241
synth_17294,241
synth_17360,241
synth_17336,241
synth_17348,241
synth_17312,241
synth_17320,241
synth_17351,241
synth_17346,241
synth_17378,241
synth_17298,241
synth_17333,241
synth_17354,241
synth_17290,241
synth_17373,241
synth_17302,241
synth_17289,241
synth_17330,241
synth_17338,241
synth_17356,241
synth_17367,241
synth_17334,241
synth_17323,241
synth_17365,241
synth_17339,241
synth_17328,241
synth_17345,241
synth_17358,241
synth_17326,241
synth_17377,241
synth_17296,241
synth_17368,241
synth_17344,241
synth_17432,240
synth_17454,240
synth_17463,240
synth_17380,240
synth_17408,240
synth_17451,240
synth_17439,240
synth_17449,240
synth_17400,240
synth_17437,240
synth_17456,240
synth_17466,240
synth_17383,240
synth_17385,240
synth_17396,240
synth_17384,240
synth_17405,240
synth_17407,240
synth_17422,240
synth_17467,240
synth_17444,240
synth_17468,240
synth_17435,240
synth_17382,240
synth_17461,240
synth_17399,240
synth_17436,240
synth_17447,240
synth_17413,240
synth_17446,240
synth_17430,240
synth_17443,240
synth_17390,240
synth_17381,240
synth_17438,240
synth_17457,240
synth_17464,240
synth_17411,240
synth_17462,240
synth_17440,240
synth_17392,240
synth_17406,240
synth_17425,240
synth_17434,240
synth_17429,240
synth_17397,240
synth_17445,240
synth_17452,240
synth_17420,240
synth_17442,240
synth_17458,240
synth_17389,240
synth_17401,240
synth_17418,240
synth_17421,240
synth_17459,240
synth_17391,240
synth_17431,240
synth_17465,240
synth_17409,240
synth_17393,240
synth_17448,240
synth_17426,240
synth_17398,240
synth_17387,240
synth_17386,240
synth_17379,240
synth_17388,240
synth_17416,240
synth_17441,240
synth_17404,240
synth_17417,240
synth_17424,240
synth_17450,240
synth_17395,240
synth_17423,240
synth_17414,240
synth_17419,240
synth_17433,240
synth_17460,240
synth_17402,240
synth_17412,240
synth_17415,240
synth_17427,240
synth_17455,240
synth_17394,240
synth_17453,240
synth_17428,240
synth_17403,240
synth_17410,240
synth_17470,239
synth_17505,239
synth_17552,239
synth_17520,239
synth_17483,239
synth_17498,239
synth_17532,239
synth_17488,239
synth_17551,239
synth_17475,239
synth_17491,239
synth_17525,239
synth_17500,239
synth_17495,239
synth_17474,239
synth_17557,239
synth_17560,239
synth_17533,239
synth_17510,239
synth_17469,239
synth_17521,239
synth_17485,239
synth_17472,239
synth_17556,239
synth_17545,239
synth_17514,239
synth_17504,239
synth_17484,239
synth_17501,239
synth_17506,239
synth_17554,239
synth_17515,239
synth_17519,239
synth_17531,239
synth_17507,239
synth_17548,239
synth_17471,239
synth_17535,239
synth_17493,239
synth_17513,239
synth_17540,239
synth_17549,239
synth_17524,239
synth_17558,239
synth_17511,239
synth_17489,239
synth_17481,239
synth_17528,239
synth_17550,239
synth_17480,239
synth_17494,239
synth_17490,239
synth_17542,239
synth_17543,239
synth_17553,239
synth_17496,239
synth_17503,239
synth_17534,239
synth_17536,239
synth_17487,239
synth_17486,239
synth_17497,239
synth_17523,239
synth_17547,239
synth_17476,239
synth_17526,239
synth_17477,239
synth_17527,239
synth_17478,239
synth_17516,239
synth_17530,239
synth_17538,239
synth_17508,239
synth_17509,239
synth_17473,239
synth_17522,239
synth_17502,239
synth_17546,239
synth_17544,239
synth_17537,239
synth_17555,239
synth_17529,239
synth_17539,239
synth_17517,239
synth_17559,239
synth_17518,239
synth_17482,239
synth_17499,239
synth_17541,239
synth_17492,239
synth_17479,239
synth_17512,239
synth_17619,238
synth_17646,238
synth_17650,238
synth_17584,238
synth_17647,238
synth_17575,238
synth_17587,238
synth_17629,238
synth_17633,238
synth_17598,238
synth_17576,238
synth_17603,238
synth_17617,238
synth_17626,238
synth_17595,238
synth_17588,238
synth_17608,238
synth_17613,238
synth_17567,238
synth_17573,238
synth_17639,238
synth_17577,238
synth_17630,238
synth_17599,238
synth_17606,238
synth_17628,238
synth_17641,238
synth_17590,238
synth_17569,238
synth_17636,238
synth_17618,238
synth_17561,238
synth_17612,238
synth_17570,238
synth_17643,238
synth_17638,238
synth_17585,238
synth_17593,238
synth_17600,238
synth_17609,238
synth_17583,238
synth_17601,238
synth_17611,238
synth_17634,238
synth_17564,238
synth_17589,238
synth_17594,238
synth_17572,238
synth_17582,238
synth_17624,238
synth_17620,238
synth_17648,238
synth_17615,238
synth_17586,238
synth_17610,238
synth_17571,238
synth_17623,238
synth_17635,238
synth_17574,238
synth_17632,238
synth_17616,238
synth_17566,238
synth_17605,238
synth_17651,238
synth_17622,238
synth_17565,238
synth_17578,238
synth_17591,238
synth_17581,238
synth_17631,238
synth_17644,238
synth_17580,238
synth_17604,238
synth_17627,238
synth_17645,238
synth_17653,238
synth_17621,238
synth_17602,238
synth_17637,238
synth_17640,238
synth_17652,238
synth_17579,238
synth_17563,238
synth_17597,238
synth_17568,238
synth_17625,238
synth_17562,238
synth_17649,238
synth_17596,238
synth_17642,238
synth_17607,238
synth_17614,238
synth_17592,238
synth_17675,237
synth_17706,237
synth_17745,237
synth_17721,237
synth_17678,237
synth_17693,237
synth_17676,237
synth_17663,237
synth_17672,237
synth_17723,237
synth_17689,237
synth_17658,237
synth_17669,237
synth_17739,237
synth_17698,237
synth_17742,237
synth_17703,237
synth_17697,237
synth_17711,237
synth_17725,237
synth_17709,237
synth_17718,237
synth_17662,237
synth_17656,237
synth_17671,237
synth_17710,237
synth_17685,237
synth_17677,237
synth_17687,237
synth_17666,237
synth_17702,237
synth_17722,237
synth_17695,237
synth_17735,237
synth_17712,237
synth_17746,237
synth_17661,237
synth_17696,237
synth_17743,237
synth_17683,237
synth_17679,237
synth_17660,237
synth_17715,237
synth_17670,237
synth_17707,237
synth_17744,237
synth_17686,237
synth_17726,237
synth_17740,237
synth_17667,237
synth_17716,237
synth_17665,237
synth_17733,237
synth_17699,237
synth_17681,237
synth_17682,237
synth_17738,237
synth_17732,237
synth_17727,237
synth_17694,237
synth_17684,237
synth_17736,237
synth_17704,237
synth_17714,237
synth_17729,237
synth_17680,237
synth_17664,237
synth_17688,237
synth_17654,237
synth_17700,237
synth_17720,237
synth_17655,237
synth_17692,237
synth_17730,237
synth_17731,237
synth_17674,237
synth_17741,237
synth_17690,237
synth_17734,237
synth_17659,237
synth_17668,237
synth_17717,237
synth_17708,237
synth_17724,237
synth_17657,237
synth_17673,237
synth_17719,237
synth_17728,237
synth_17713,237
synth_17737,237
synth_17701,237
synth_17705,237
synth_17691,237
synth_17778,236
synth_17770,236
synth_17812,236
synth_17810,236
synth_17818,236
synth_17815,236
synth_17774,236
synth_17773,236
synth_17761,236
synth_17809,236
synth_17840,236
synth_17768,236
synth_17833,236
synth_17756,236
synth_17834,236
synth_17819,236
synth_17789,236
synth_17816,236
synth_17786,236
synth_17763,236
synth_17769,236
synth_17766,236
synth_17787,236
synth_17835,236
synth_17822,236
synth_17799,236
synth_17757,236
synth_17825,236
synth_17776,236
synth_17804,236
synth_17760,236
synth_17807,236
synth_17762,236
synth_17808,236
synth_17753,236
synth_17821,236
synth_17788,236
synth_17811,236
synth_17755,236
synth_17748,236
synth_17790,236
synth_17780,236
synth_17782,236
synth_17785,236
synth_17793,236
synth_17801,236
synth_17777,236
synth_17798,236
synth_17838,236
synth_17817,236
synth_17802,236
synth_17831,236
synth_17797,236
synth_17828,236
synth_17832,236
synth_17813,236
synth_17765,236
synth_17781,236
synth_17775,236
synth_17758,236
synth_17796,236
synth_17800,236
synth_17803,236
synth_17794,236
synth_17752,236
synth_17779,236
synth_17771,236
synth_17837,236
synth_17754,236
synth_17750,236
synth_17820,236
synth_17751,236
synth_17759,236
synth_17795,236
synth_17824,236
synth_17792,236
synth_17839,236
synth_17791,236
synth_17784,236
synth_17805,236
synth_17749,236
synth_17747,236
synth_17826,236
synth_17827,236
synth_17814,236
synth_17767,236
synth_17806,236
synth_17830,236
synth_17772,236
synth_17829,236
synth_17836,236
synth_17823,236
synth_17783,236
synth_17764,236
synth_17923,235
synth_17873,235
synth_17875,235
synth_17846,235
synth_17894,235
synth_17901,235
synth_17931,235
synth_17848,235
synth_17863,235
synth_17927,235
synth_17849,235
synth_17887,235
synth_17860,235
synth_17889,235
synth_17857,235
synth_17896,235
synth_17908,235
synth_17933,235
synth_17932,235
synth_17856,235
synth_17892,235
synth_17930,235
synth_17868,235
synth_17928,235
synth_17867,235
synth_17880,235
synth_17891,235
synth_17926,235
synth_17876,235
synth_17917,235
synth_17881,235
synth_17915,235
synth_17841,235
synth_17865,235
synth_17921,235
synth_17844,235
synth_17916,235
synth_17871,235
synth_17919,235
synth_17913,235
synth_17893,235
synth_17843,235
synth_17858,235
synth_17877,235
synth_17886,235
synth_17866,235
synth_17879,235
synth_17899,235
synth_17920,235
synth_17922,235
synth_17862,235
synth_17907,235
synth_17845,235
synth_17898,235
synth_17851,235
synth_17878,235
synth_17888,235
synth_17870,235
synth_17847,235
synth_17934,235
synth_17895,235
synth_17885,235
synth_17911,235
synth_17861,235
synth_17890,235
synth_17864,235
synth_17904,235
synth_17912,235
synth_17906,235
synth_17902,235
synth_17874,235
synth_17910,235
synth_17900,235
synth_17850,235
synth_17842,235
synth_17897,235
synth_17882,235
synth_17883,235
synth_17855,235
synth_17935,235
synth_17929,235
synth_17859,235
synth_17905,235
synth_17909,235
synth_17914,235
synth_17925,235
synth_17924,235
synth_17869,235
synth_17853,235
synth_17854,235
synth_17918,235
synth_17903,235
synth_17884,235
synth_17852,235
synth_17872,235
synth_17980,234
synth_18024,234
synth_17946,234
synth_17979,234
synth_17953,234
synth_17987,234
synth_17955,234
synth_17994,234
synth_18017,234
synth_17984,234
synth_18003,234
synth_17971,234
synth_18019,234
synth_17978,234
synth_18012,234
synth_17960,234
synth_17995,234
synth_17949,234
synth_18028,234
synth_17989,234
synth_18027,234
synth_17959,234
synth_17973,234
synth_17937,234
synth_17952,234
synth_17944,234
synth_18021,234
synth_17936,234
synth_17941,234
synth_17999,234
synth_18016,234
synth_17993,234
synth_17962,234
synth_17982,234
synth_17997,234
synth_18007,234
synth_17950,234
synth_17996,234
synth_17954,234
synth_17988,234
synth_18022,234
synth_18009,234
synth_17968,234
synth_17951,234
synth_18020,234
synth_17991,234
synth_17981,234
synth_17983,234
synth_18018,234
synth_17942,234
synth_18031,234
synth_18030,234
synth_17977,234
synth_18010,234
synth_18005,234
synth_17964,234
synth_17970,234
synth_18015,234
synth_17945,234
synth_17966,234
synth_17974,234
synth_17961,234
synth_17947,234
synth_18026,234
synth_18002,234
synth_17958,234
synth_18000,234
synth_17948,234
synth_17943,234
synth_18006,234
synth_18013,234
synth_18029,234
synth_17967,234
synth_18001,234
synth_17985,234
synth_17972,234
synth_18011,234
synth_17940,234
synth_17965,234
synth_17963,234
synth_17957,234
synth_17986,234
synth_17998,234
synth_17990,234
synth_17939,234
synth_17976,234
synth_17992,234
synth_18023,234
synth_18025,234
synth_18014,234
synth_17975,234
synth_18004,234
synth_17969,234
synth_17956,234
synth_17938,234
synth_18008,234
synth_18083,233
synth_18053,233
synth_18116,233
synth_18032,233
synth_18122,233
synth_18033,233
synth_18049,233
synth_18085,233
synth_18037,233
synth_18057,233
synth_18066,233
synth_18080,233
synth_18102,233
synth_18118,233
synth_18114,233
synth_18061,233
synth_18120,233
synth_18104,233
synth_18040,233
synth_18077,233
synth_18041,233
synth_18087,233
synth_18044,233
synth_18069,233
synth_18046,233
synth_18089,233
synth_18072,233
synth_18100,233
synth_18042,233
synth_18090,233
synth_18097,233
synth_18081,233
synth_18078,233
synth_18096,233
synth_18124,233
synth_18070,233
synth_18052,233
synth_18103,233
synth_18038,233
synth_18059,233
synth_18112,233
synth_18036,233
synth_18088,233
synth_18076,233
synth_18092,233
synth_18054,233
synth_18050,233
synth_18064,233
synth_18071,233
synth_18082,233
synth_18063,233
synth_18068,233
synth_18067,233
synth_18107,233
synth_18109,233
synth_18086,233
synth_18127,233
synth_18111,233
synth_18099,233
synth_18113,233
synth_18117,233
synth_18091,233
synth_18062,233
synth_18106,233
synth_18056,233
synth_18035,233
synth_18079,233
synth_18101,233
synth_18095,233
synth_18045,233
synth_18055,233
synth_18043,233
synth_18094,233
synth_18115,233
synth_18048,233
synth_18121,233
synth_18126,233
synth_18105,233
synth_18125,233
synth_18128,233
synth_18065,233
synth_18051,233
synth_18058,233
synth_18047,233
synth_18039,233
synth_18093,233
synth_18073,233
synth_18060,233
synth_18123,233
synth_18110,233
synth_18075,233
synth_18034,233
synth_18074,233
synth_18084,233
synth_18119,233
synth_18108,233
synth_18098,233
synth_18191,232
synth_18176,232
synth_18178,232
synth_18151,232
synth_18216,232
synth_18225,232
synth_18200,232
synth_18201,232
synth_18150,232
synth_18187,232
synth_18219,232
synth_18174,232
synth_18213,232
synth_18207,232
synth_18217,232
synth_18153,232
synth_18135,232
synth_18142,232
synth_18136,232
synth_18188,232
synth_18155,232
synth_18164,232
synth_18172,232
synth_18214,232
synth_18149,232
synth_18184,232
synth_18170,232
synth_18189,232
synth_18143,232
synth_18192,232
synth_18221,232
synth_18157,232
synth_18141,232
synth_18222,232
synth_18169,232
synth_18197,232
synth_18223,232
synth_18137,232
synth_18206,232
synth_18161,232
synth_18134,232
synth_18186,232
synth_18194,232
synth_18193,232
synth_18181,232
synth_18168,232
synth_18129,232
synth_18195,232
synth_18139,232
synth_18138,232
synth_18183,232
synth_18165,232
synth_18205,232
synth_18131,232
synth_18226,232
synth_18175,232
synth_18212,232
synth_18133,232
synth_18182,232
synth_18196,232
synth_18173,232
synth_18177,232
synth_18132,232
synth_18202,232
synth_18204,232
synth_18167,232
synth_18147,232
synth_18199,232
synth_18224,232
synth_18156,232
synth_18215,232
synth_18148,232
synth_18160,232
synth_18185,232
synth_18203,232
synth_18159,232
synth_18145,232
synth_18198,232
synth_18211,232
synth_18146,232
synth_18179,232
synth_18166,232
synth_18190,232
synth_18130,232
synth_18144,232
synth_18162,232
synth_18152,232
synth_18208,232
synth_18140,232
synth_18158,232
synth_18163,232
synth_18210,232
synth_18218,232
synth_18180,232
synth_18209,232
synth_18154,232
synth_18171,232
synth_18220,232
synth_18319,231
synth_18265,231
synth_18257,231
synth_18277,231
synth_18266,231
synth_18285,231
synth_18311,231
synth_18310,231
synth_18231,231
synth_18300,231
synth_18251,231
synth_18228,231
synth_18301,231
synth_18255,231
synth_18260,231
synth_18312,231
synth_18280,231
synth_18245,231
synth_18253,231
synth_18249,231
synth_18244,231
synth_18247,231
synth_18232,231
synth_18227,231
synth_18288,231
synth_18325,231
synth_18236,231
synth_18295,231
synth_18235,231
synth_18309,231
synth_18313,231
synth_18283,231
synth_18264,231
synth_18263,231
synth_18240,231
synth_18238,231
synth_18302,231
synth_18250,231
synth_18290,231
synth_18320,231
synth_18269,231
synth_18281,231
synth_18237,231
synth_18259,231
synth_18275,231
synth_18229,231
synth_18287,231
synth_18306,231
synth_18270,231
synth_18271,231
synth_18279,231
synth_18272,231
synth_18299,231
synth_18274,231
synth_18308,231
synth_18284,231
synth_18234,231
synth_18293,231
synth_18243,231
synth_18294,231
synth_18268,231
synth_18292,231
synth_18304,231
synth_18316,231
synth_18298,231
synth_18322,231
synth_18248,231
synth_18273,231
synth_18305,231
synth_18286,231
synth_18315,231
synth_18239,231
synth_18267,231
synth_18230,231
synth_18246,231
synth_18297,231
synth_18261,231
synth_18321,231
synth_18241,231
synth_18317,231
synth_18289,231
synth_18276,231
synth_18296,231
synth_18252,231
synth_18323,231
synth_18233,231
synth_18258,231
synth_18324,231
synth_18291,231
synth_18262,231
synth_18282,231
synth_18256,231
synth_18318,231
synth_18254,231
synth_18307,231
synth_18303,231
synth_18242,231
synth_18314,231
synth_18278,231
synth_18330,230
synth_18343,230
synth_18327,230
synth_18344,230
synth_18419,230
synth_18420,230
synth_18413,230
synth_18421,230
synth_18389,230
synth_18354,230
synth_18402,230
synth_18339,230
synth_18379,230
synth_18342,230
synth_18398,230
synth_18370,230
synth_18378,230
synth_18385,230
synth_18382,230
synth_18336,230
synth_18364,230
synth_18407,230
synth_18388,230
synth_18403,230
synth_18417,230
synth_18414,230
synth_18422,230
synth_18328,230
synth_18355,230
synth_18357,230
synth_18418,230
synth_18384,230
synth_18394,230
synth_18374,230
synth_18410,230
synth_18375,230
synth_18406,230
synth_18363,230
synth_18404,230
synth_18367,230
synth_18424,230
synth_18360,230
synth_18362,230
synth_18397,230
synth_18400,230
synth_18366,230
synth_18335,230
synth_18390,230
synth_18345,230
synth_18408,230
synth_18338,230
synth_18372,230
synth_18340,230
synth_18361,230
synth_18368,230
synth_18395,230
synth_18409,230
synth_18352,230
synth_18377,230
synth_18386,230
synth_18393,230
synth_18425,230
synth_18423,230
synth_18415,230
synth_18331,230
synth_18405,230
synth_18346,230
synth_18391,230
synth_18348,230
synth_18353,230
synth_18333,230
synth_18371,230
synth_18396,230
synth_18399,230
synth_18380,230
synth_18347,230
synth_18373,230
synth_18358,230
synth_18349,230
synth_18392,230
synth_18387,230
synth_18334,230
synth_18376,230
synth_18332,230
synth_18381,230
synth_18412,230
synth_18365,230
synth_18350,230
synth_18356,230
synth_18411,230
synth_18337,230
synth_18351,230
synth_18329,230
synth_18359,230
synth_18341,230
synth_18369,230
synth_18383,230
synth_18326,230
synth_18401,230
synth_18416,230
synth_18463,229
synth_18453,229
synth_18443,229
synth_18491,229
synth_18454,229
synth_18470,229
synth_18501,229
synth_18496,229
synth_18457,229
synth_18465,229
synth_18484,229
synth_18452,229
synth_18488,229
synth_18489,229
synth_18507,229
synth_18498,229
synth_18442,229
synth_18523,229
synth_18473,229
synth_18487,229
synth_18475,229
synth_18493,229
synth_18441,229
synth_18522,229
synth_18525,229
synth_18429,229
synth_18508,229
synth_18459,229
synth_18462,229
synth_18518,229
synth_18517,229
synth_18480,229
synth_18505,229
synth_18436,229
synth_18466,229
synth_18516,229
synth_18511,229
synth_18437,229
synth_18503,229
synth_18455,229
synth_18512,229
synth_18440,229
synth_18519,229
synth_18456,229
synth_18446,229
synth_18477,229
synth_18439,229
synth_18483,229
synth_18464,229
synth_18521,229
synth_18495,229
synth_18520,229
synth_18434,229
synth_18472,229
synth_18458,229
synth_18490,229
synth_18492,229
synth_18502,229
synth_18448,229
synth_18481,229
synth_18430,229
synth_18509,229
synth_18510,229
synth_18438,229
synth_18494,229
synth_18428,229
synth_18451,229
synth_18469,229
synth_18478,229
synth_18435,229
synth_18504,229
synth_18445,229
synth_18497,229
synth_18431,229
synth_18476,229
synth_18427,229
synth_18447,229
synth_18426,229
synth_18432,229
synth_18506,229
synth_18449,229
synth_18514,229
synth_18526,229
synth_18474,229
synth_18433,229
synth_18499,229
synth_18479,229
synth_18482,229
synth_18444,229
synth_18486,229
synth_18468,229
synth_18500,229
synth_18467,229
synth_18450,229
synth_18513,229
synth_18471,229
synth_18485,229
synth_18524,229
synth_18515,229
synth_18461,229
synth_18460,229
synth_18535,228
synth_18558,228
synth_18565,228
synth_18595,228
synth_18593,228
synth_18571,228
synth_18543,228
synth_18561,228
synth_18584,228
synth_18580,228
synth_18623,228
synth_18620,228
synth_18552,228
synth_18534,228
synth_18605,228
synth_18622,228
synth_18548,228
synth_18547,228
synth_18621,228
synth_18567,228
synth_18546,228
synth_18619,228
synth_18608,228
synth_18578,228
synth_18572,228
synth_18583,228
synth_18568,228
synth_18564,228
synth_18591,228
synth_18551,228
synth_18562,228
synth_18598,228
synth_18617,228
synth_18577,228
synth_18610,228
synth_18563,228
synth_18536,228
synth_18596,228
synth_18602,228
synth_18589,228
synth_18628,228
synth_18570,228
synth_18528,228
synth_18549,228
synth_18612,228
synth_18542,228
synth_18601,228
synth_18592,228
synth_18529,228
synth_18554,228
synth_18566,228
synth_18553,228
synth_18615,228
synth_18537,228
synth_18545,228
synth_18560,228
synth_18626,228
synth_18586,228
synth_18569,228
synth_18597,228
synth_18550,228
synth_18581,228
synth_18609,228
synth_18532,228
synth_18616,228
synth_18541,228
synth_18533,228
synth_18575,228
synth_18557,228
synth_18604,228
synth_18559,228
synth_18540,228
synth_18538,228
synth_18606,228
synth_18574,228
synth_18544,228
synth_18530,228
synth_18613,228
synth_18573,228
synth_18576,228
synth_18531,228
synth_18603,228
synth_18624,228
synth_18625,228
synth_18618,228
synth_18599,228
synth_18614,228
synth_18600,228
synth_18607,228
synth_18590,228
synth_18587,228
synth_18627,228
synth_18585,228
synth_18555,228
synth_18594,228
synth_18556,228
synth_18582,228
synth_18588,228
synth_18611,228
synth_18539,228
synth_18527,228
synth_18579,228
synth_18666,227
synth_18651,227
synth_18639,227
synth_18670,227
synth_18724,227
synth_18685,227
synth_18704,227
synth_18721,227
synth_18697,227
synth_18710,227
synth_18720,227
synth_18641,227
synth_18646,227
synth_18679,227
synth_18671,227
synth_18699,227
synth_18630,227
synth_18660,227
synth_18691,227
synth_18712,227
synth_18648,227
synth_18659,227
synth_18664,227
synth_18700,227
synth_18653,227
synth_18703,227
synth_18642,227
synth_18629,227
synth_18727,227
synth_18662,227
synth_18731,227
synth_18645,227
synth_18656,227
synth_18665,227
synth_18667,227
synth_18715,227
synth_18698,227
synth_18644,227
synth_18694,227
synth_18696,227
synth_18677,227
synth_18680,227
synth_18709,227
synth_18676,227
synth_18668,227
synth_18672,227
synth_18669,227
synth_18647,227
synth_18637,227
synth_18682,227
synth_18695,227
synth_18658,227
synth_18673,227
synth_18701,227
synth_18711,227
synth_18686,227
synth_18730,227
synth_18663,227
synth_18631,227
synth_18693,227
synth_18681,227
synth_18719,227
synth_18649,227
synth_18638,227
synth_18713,227
synth_18717,227
synth_18635,227
synth_18684,227
synth_18661,227
synth_18689,227
synth_18718,227
synth_18714,227
synth_18690,227
synth_18678,227
synth_18728,227
synth_18687,227
synth_18688,227
synth_18705,227
synth_18633,227
synth_18652,227
synth_18654,227
synth_18702,227
synth_18634,227
synth_18716,227
synth_18655,227
synth_18683,227
synth_18708,227
synth_18725,227
synth_18675,227
synth_18722,227
synth_18643,227
synth_18650,227
synth_18636,227
synth_18707,227
synth_18723,227
synth_18726,227
synth_18640,227
synth_18706,227
synth_18657,227
synth_18674,227
synth_18729,227
synth_18692,227
synth_18632,227
synth_18738,226
synth_18741,226
synth_18826,226
synth_18759,226
synth_18732,226
synth_18761,226
synth_18828,226
synth_18806,226
synth_18811,226
synth_18764,226
synth_18750,226
synth_18804,226
synth_18735,226
synth_18825,226
synth_18744,226
synth_18754,226
synth_18789,226
synth_18784,226
synth_18785,226
synth_18762,226
synth_18774,226
synth_18767,226
synth_18781,226
synth_18760,226
synth_18763,226
synth_18782,226
synth_18748,226
synth_18792,226
synth_18818,226
synth_18801,226
synth_18814,226
synth_18776,226
synth_18786,226
synth_18765,226
synth_18752,226
synth_18798,226
synth_18822,226
synth_18783,226
synth_18788,226
synth_18780,226
synth_18812,226
synth_18831,226
synth_18817,226
synth_18791,226
synth_18795,226
synth_18799,226
synth_18737,226
synth_18751,226
synth_18808,226
synth_18833,226
synth_18757,226
synth_18769,226
synth_18803,226
synth_18832,226
synth_18768,226
synth_18772,226
synth_18807,226
synth_18819,226
synth_18734,226
synth_18815,226
synth_18823,226
synth_18756,226
synth_18743,226
synth_18749,226
synth_18794,226
synth_18775,226
synth_18742,226
synth_18746,226
synth_18770,226
synth_18800,226
synth_18810,226
synth_18739,226
synth_18758,226
synth_18755,226
synth_18835,226
synth_18821,226
synth_18793,226
synth_18745,226
synth_18805,226
synth_18779,226
synth_18809,226
synth_18834,226
synth_18790,226
synth_18747,226
synth_18787,226
synth_18813,226
synth_18796,226
synth_18771,226
synth_18802,226
synth_18797,226
synth_18824,226
synth_18733,226
synth_18827,226
synth_18740,226
synth_18829,226
synth_18766,226
synth_18777,226
synth_18773,226
synth_18830,226
synth_18816,226
synth_18820,226
synth_18778,226
synth_18736,226
synth_18753,226
synth_18848,225
synth_18871,225
synth_18846,225
synth_18921,225
synth_18925,225
synth_18854,225
synth_18885,225
synth_18872,225
synth_18836,225
synth_18842,225
synth_18865,225
synth_18937,225
synth_18897,225
synth_18901,225
synth_18879,225
synth_18907,225
synth_18877,225
synth_18908,225
synth_18938,225
synth_18893,225
synth_18904,225
synth_18870,225
synth_18844,225
synth_18868,225
synth_18912,225
synth_18913,225
synth_18884,225
synth_18843,225
synth_18911,225
synth_18862,225
synth_18883,225
synth_18878,225
synth_18853,225
synth_18863,225
synth_18881,225
synth_18915,225
synth_18888,225
synth_18916,225
synth_18930,225
synth_18866,225
synth_18873,225
synth_18849,225
synth_18864,225
synth_18902,225
synth_18889,225
synth_18876,225
synth_18856,225
synth_18847,225
synth_18858,225
synth_18850,225
synth_18841,225
synth_18892,225
synth_18933,225
synth_18926,225
synth_18900,225
synth_18923,225
synth_18932,225
synth_18935,225
synth_18845,225
synth_18891,225
synth_18928,225
synth_18906,225
synth_18922,225
synth_18852,225
synth_18939,225
synth_18934,225
synth_18837,225
synth_18851,225
synth_18894,225
synth_18839,225
synth_18927,225
synth_18910,225
synth_18887,225
synth_18917,225
synth_18936,225
synth_18875,225
synth_18914,225
synth_18880,225
synth_18898,225
synth_18890,225
synth_18918,225
synth_18896,225
synth_18909,225
synth_18919,225
synth_18869,225
synth_18920,225
synth_18857,225
synth_18905,225
synth_18924,225
synth_18886,225
synth_18859,225
synth_18903,225
synth_18861,225
synth_18860,225
synth_18874,225
synth_18855,225
synth_18867,225
synth_18882,225
synth_18929,225
synth_18895,225
synth_18931,225
synth_18838,225
synth_18899,225
synth_18840,225
synth_18951,224
synth_18976,224
synth_19044,224
synth_18999,224
synth_19021,224
synth_19026,224
synth_18952,224
synth_18965,224
synth_18982,224
synth_18985,224
synth_18980,224
synth_19037,224
synth_19004,224
synth_19031,224
synth_19016,224
synth_18941,224
synth_19030,224
synth_19001,224
synth_18973,224
synth_18949,224
synth_18992,224
synth_18994,224
synth_18969,224
synth_18948,224
synth_18950,224
synth_18991,224
synth_18974,224
synth_19010,224
synth_19015,224
synth_19014,224
synth_18962,224
synth_18984,224
synth_19013,224
synth_19024,224
synth_19034,224
synth_18971,224
synth_19038,224
synth_18959,224
synth_18966,224
synth_18953,224
synth_18981,224
synth_18983,224
synth_18995,224
synth_18940,224
synth_19022,224
synth_19039,224
synth_19025,224
synth_19000,224
synth_19011,224
synth_19033,224
synth_19017,224
synth_19035,224
synth_19027,224
synth_18975,224
synth_18963,224
synth_18988,224
synth_18972,224
synth_18955,224
synth_19002,224
synth_18978,224
synth_18996,224
synth_18990,224
synth_18961,224
synth_19008,224
synth_19041,224
synth_18942,224
synth_18979,224
synth_19012,224
synth_18968,224
synth_18945,224
synth_18987,224
synth_19020,224
synth_19028,224
synth_19007,224
synth_18954,224
synth_19045,224
synth_18958,224
synth_19036,224
synth_18944,224
synth_18997,224
synth_18964,224
synth_19006,224
synth_19032,224
synth_18986,224
synth_18967,224
synth_18943,224
synth_18977,224
synth_19040,224
synth_19003,224
synth_19043,224
synth_18956,224
synth_18989,224
synth_19005,224
synth_19018,224
synth_18947,224
synth_18998,224
synth_18993,224
synth_19023,224
synth_19029,224
synth_18957,224
synth_19009,224
synth_19042,224
synth_18960,224
synth_18970,224
synth_18946,224
synth_19019,224
synth_19141,223
synth_19145,223
synth_19150,223
synth_19082,223
synth_19110,223
synth_19052,223
synth_19067,223
synth_19095,223
synth_19104,223
synth_19089,223
synth_19048,223
synth_19079,223
synth_19092,223
synth_19113,223
synth_19049,223
synth_19106,223
synth_19050,223
synth_19143,223
synth_19107,223
synth_19115,223
synth_19063,223
synth_19117,223
synth_19144,223
synth_19147,223
synth_19098,223
synth_19065,223
synth_19073,223
synth_19051,223
synth_19133,223
synth_19151,223
synth_19132,223
synth_19127,223
synth_19075,223
synth_19062,223
synth_19080,223
synth_19102,223
synth_19125,223
synth_19054,223
synth_19055,223
synth_19137,223
synth_19070,223
synth_19091,223
synth_19119,223
synth_19078,223
synth_19088,223
synth_19134,223
synth_19153,223
synth_19140,223
synth_19058,223
synth_19128,223
synth_19053,223
synth_19069,223
synth_19109,223
synth_19084,223
synth_19057,223
synth_19066,223
synth_19103,223
synth_19152,223
synth_19094,223
synth_19121,223
synth_19126,223
synth_19101,223
synth_19130,223
synth_19142,223
synth_19149,223
synth_19086,223
synth_19135,223
synth_19100,223
synth_19077,223
synth_19064,223
synth_19087,223
synth_19124,223
synth_19139,223
synth_19060,223
synth_19076,223
synth_19123,223
synth_19083,223
synth_19108,223
synth_19090,223
synth_19085,223
synth_19136,223
synth_19112,223
synth_19122,223
synth_19118,223
synth_19096,223
synth_19114,223
synth_19129,223
synth_19061,223
synth_19074,223
synth_19105,223
synth_19116,223
synth_19056,223
synth_19148,223
synth_19046,223
synth_19120,223
synth_19131,223
synth_19111,223
synth_19071,223
synth_19047,223
synth_19093,223
synth_19068,223
synth_19059,223
synth_19146,223
synth_19081,223
synth_19097,223
synth_19099,223
synth_19138,223
synth_19072,223
synth_19170,222
synth_19181,222
synth_19196,222
synth_19197,222
synth_19216,222
synth_19168,222
synth_19232,222
synth_19236,222
synth_19237,222
synth_19226,222
synth_19183,222
synth_19200,222
synth_19253,222
synth_19227,222
synth_19173,222
synth_19203,222
synth_19255,222
synth_19259,222
synth_19167,222
synth_19201,222
synth_19223,222
synth_19225,222
synth_19248,222
synth_19234,222
synth_19184,222
synth_19182,222
synth_19202,222
synth_19188,222
synth_19260,222
synth_19224,222
synth_19228,222
synth_19189,222
synth_19246,222
synth_19156,222
synth_19205,222
synth_19230,222
synth_19164,222
synth_19165,222
synth_19241,222
synth_19174,222
synth_19161,222
synth_19240,222
synth_19252,222
synth_19229,222
synth_19231,222
synth_19169,222
synth_19243,222
synth_19195,222
synth_19238,222
synth_19209,222
synth_19157,222
synth_19198,222
synth_19214,222
synth_19222,222
synth_19257,222
synth_19154,222
synth_19160,222
synth_19176,222
synth_19206,222
synth_19218,222
synth_19221,222
synth_19233,222
synth_19250,222
synth_19254,222
synth_19190,222
synth_19249,222
synth_19247,222
synth_19180,222
synth_19175,222
synth_19172,222
synth_19193,222
synth_19207,222
synth_19179,222
synth_19239,222
synth_19187,222
synth_19215,222
synth_19166,222
synth_19199,222
synth_19235,222
synth_19163,222
synth_19162,222
synth_19256,222
synth_19192,222
synth_19213,222
synth_19251,222
synth_19185,222
synth_19204,222
synth_19186,222
synth_19211,222
synth_19258,222
synth_19245,222
synth_19171,222
synth_19191,222
synth_19194,222
synth_19155,222
synth_19208,222
synth_19244,222
synth_19219,222
synth_19261,222
synth_19220,222
synth_19212,222
synth_19158,222
synth_19159,222
synth_19242,222
synth_19217,222
synth_19178,222
synth_19210,222
synth_19177,222
synth_19306,221
synth_19355,221
synth_19321,221
synth_19341,221
synth_19342,221
synth_19369,221
synth_19305,221
synth_19358,221
synth_19368,221
synth_19297,221
synth_19347,221
synth_19313,221
synth_19266,221
synth_19359,221
synth_19289,221
synth_19348,221
synth_19367,221
synth_19325,221
synth_19320,221
synth_19356,221
synth_19361,221
synth_19336,221
synth_19303,221
synth_19285,221
synth_19264,221
synth_19308,221
synth_19365,221
synth_19271,221
synth_19309,221
synth_19335,221
synth_19333,221
synth_19267,221
synth_19354,221
synth_19280,221
synth_19288,221
synth_19263,221
synth_19277,221
synth_19301,221
synth_19352,221
synth_19353,221
synth_19270,221
synth_19262,221
synth_19364,221
synth_19300,221
synth_19349,221
synth_19362,221
synth_19322,221
synth_19296,221
synth_19334,221
synth_19324,221
synth_19273,221
synth_19279,221
synth_19345,221
synth_19316,221
synth_19329,221
synth_19332,221
synth_19311,221
synth_19278,221
synth_19318,221
synth_19272,221
synth_19338,221
synth_19343,221
synth_19340,221
synth_19269,221
synth_19281,221
synth_19304,221
synth_19344,221
synth_19312,221
synth_19366,221
synth_19275,221
synth_19274,221
synth_19284,221
synth_19293,221
synth_19307,221
synth_19357,221
synth_19339,221
synth_19370,221
synth_19330,221
synth_19295,221
synth_19287,221
synth_19328,221
synth_19283,221
synth_19302,221
synth_19351,221
synth_19282,221
synth_19291,221
synth_19286,221
synth_19337,221
synth_19268,221
synth_19327,221
synth_19292,221
synth_19299,221
synth_19265,221
synth_19276,221
synth_19317,221
synth_19315,221
synth_19363,221
synth_19331,221
synth_19290,221
synth_19310,221
synth_19323,221
synth_19314,221
synth_19360,221
synth_19326,221
synth_19298,221
synth_19346,221
synth_19350,221
synth_19319,221
synth_19294,221
synth_19382,220
synth_19460,220
synth_19384,220
synth_19427,220
synth_19473,220
synth_19429,220
synth_19478,220
synth_19377,220
synth_19417,220
synth_19385,220
synth_19453,220
synth_19438,220
synth_19428,220
synth_19426,220
synth_19449,220
synth_19381,220
synth_19433,220
synth_19474,220
synth_19379,220
synth_19395,220
synth_19434,220
synth_19450,220
synth_19446,220
synth_19410,220
synth_19400,220
synth_19451,220
synth_19464,220
synth_19394,220
synth_19371,220
synth_19403,220
synth_19423,220
synth_19437,220
synth_19456,220
synth_19375,220
synth_19458,220
synth_19393,220
synth_19380,220
synth_19425,220
synth_19430,220
synth_19459,220
synth_19465,220
synth_19409,220
synth_19378,220
synth_19388,220
synth_19472,220
synth_19391,220
synth_19383,220
synth_19466,220
synth_19467,220
synth_19462,220
synth_19454,220
synth_19413,220
synth_19445,220
synth_19480,220
synth_19420,220
synth_19386,220
synth_19389,220
synth_19398,220
synth_19406,220
synth_19412,220
synth_19439,220
synth_19479,220
synth_19376,220
synth_19463,220
synth_19374,220
synth_19419,220
synth_19447,220
synth_19404,220
synth_19475,220
synth_19372,220
synth_19424,220
synth_19408,220
synth_19436,220
synth_19468,220
synth_19432,220
synth_19407,220
synth_19452,220
synth_19396,220
synth_19444,220
synth_19414,220
synth_19392,220
synth_19470,220
synth_19422,220
synth_19418,220
synth_19476,220
synth_19477,220
synth_19443,220
synth_19440,220
synth_19401,220
synth_19469,220
synth_19457,220
synth_19471,220
synth_19435,220
synth_19448,220
synth_19441,220
synth_19455,220
synth_19387,220
synth_19442,220
synth_19399,220
synth_19416,220
synth_19421,220
synth_19402,220
synth_19415,220
synth_19461,220
synth_19373,220
synth_19397,220
synth_19405,220
synth_19390,220
synth_19431,220
synth_19411,220
synth_19590,219
synth_19568,219
synth_19515,219
synth_19494,219
synth_19589,219
synth_19501,219
synth_19543,219
synth_19554,219
synth_19511,219
synth_19531,219
synth_19573,219
synth_19576,219
synth_19571,219
synth_19488,219
synth_19579,219
synth_19583,219
synth_19510,219
synth_19580,219
synth_19505,219
synth_19534,219
synth_19560,219
synth_19586,219
synth_19588,219
synth_19495,219
synth_19483,219
synth_19487,219
synth_19535,219
synth_19499,219
synth_19485,219
synth_19506,219
synth_19497,219
synth_19482,219
synth_19490,219
synth_19486,219
synth_19516,219
synth_19519,219
synth_19555,219
synth_19523,219
synth_19565,219
synth_19536,219
synth_19563,219
synth_19541,219
synth_19484,219
synth_19491,219
synth_19577,219
synth_19582,219
synth_19562,219
synth_19513,219
synth_19521,219
synth_19585,219
synth_19558,219
synth_19540,219
synth_19503,219
synth_19517,219
synth_19548,219
synth_19553,219
synth_19564,219
synth_19549,219
synth_19561,219
synth_19552,219
synth_19481,219
synth_19557,219
synth_19578,219
synth_19526,219
synth_19556,219
synth_19581,219
synth_19532,219
synth_19566,219
synth_19567,219
synth_19569,219
synth_19570,219
synth_19522,219
synth_19492,219
synth_19530,219
synth_19502,219
synth_19498,219
synth_19539,219
synth_19533,219
synth_19545,219
synth_19509,219
synth_19537,219
synth_19544,219
synth_19547,219
synth_19504,219
synth_19591,219
synth_19496,219
synth_19493,219
synth_19524,219
synth_19538,219
synth_19489,219
synth_19508,219
synth_19546,219
synth_19512,219
synth_19507,219
synth_19592,219
synth_19587,219
synth_19542,219
synth_19518,219
synth_19584,219
synth_19527,219
synth_19559,219
synth_19528,219
synth_19551,219
synth_19514,219
synth_19574,219
synth_19500,219
synth_19550,219
synth_19575,219
synth_19525,219
synth_19529,219
synth_19572,219
synth_19520,219
synth_19619,218
synth_19673,218
synth_19600,218
synth_19640,218
synth_19627,218
synth_19668,218
synth_19614,218
synth_19623,218
synth_19661,218
synth_19662,218
synth_19613,218
synth_19595,218
synth_19603,218
synth_19621,218
synth_19644,218
synth_19667,218
synth_19638,218
synth_19702,218
synth_19677,218
synth_19646,218
synth_19652,218
synth_19656,218
synth_19665,218
synth_19671,218
synth_19675,218
synth_19659,218
synth_19688,218
synth_19593,218
synth_19703,218
synth_19615,218
synth_19607,218
synth_19616,218
synth_19645,218
synth_19602,218
synth_19632,218
synth_19686,218
synth_19594,218
synth_19674,218
synth_19683,218
synth_19704,218
synth_19684,218
synth_19658,218
synth_19647,218
synth_19657,218
synth_19676,218
synth_19654,218
synth_19679,218
synth_19666,218
synth_19697,218
synth_19598,218
synth_19648,218
synth_19680,218
synth_19699,218
synth_19649,218
synth_19670,218
synth_19604,218
synth_19695,218
synth_19601,218
synth_19694,218
synth_19687,218
synth_19682,218
synth_19642,218
synth_19689,218
synth_19690,218
synth_19650,218
synth_19663,218
synth_19610,218
synth_19617,218
synth_19678,218
synth_19664,218
synth_19701,218
synth_19605,218
synth_19660,218
synth_19691,218
synth_19611,218
synth_19630,218
synth_19639,218
synth_19596,218
synth_19633,218
synth_19681,218
synth_19651,218
synth_19634,218
synth_19618,218
synth_19608,218
synth_19685,218
synth_19612,218
synth_19624,218
synth_19625,218
synth_19643,218
synth_19692,218
synth_19672,218
synth_19597,218
synth_19629,218
synth_19635,218
synth_19655,218
synth_19637,218
synth_19693,218
synth_19669,218
synth_19628,218
synth_19606,218
synth_19622,218
synth_19698,218
synth_19631,218
synth_19599,218
synth_19626,218
synth_19700,218
synth_19636,218
synth_19620,218
synth_19696,218
synth_19641,218
synth_19653,218
synth_19609,218
synth_19730,217
synth_19732,217
synth_19729,217
synth_19788,217
synth_19792,217
synth_19720,217
synth_19723,217
synth_19741,217
synth_19811,217
synth_19778,217
synth_19787,217
synth_19776,217
synth_19764,217
synth_19763,217
synth_19768,217
synth_19784,217
synth_19761,217
synth_19789,217
synth_19735,217
synth_19727,217
synth_19758,217
synth_19769,217
synth_19754,217
synth_19705,217
synth_19721,217
synth_19726,217
synth_19815,217
synth_19777,217
synth_19801,217
synth_19796,217
synth_19756,217
synth_19736,217
synth_19798,217
synth_19786,217
synth_19708,217
synth_19812,217
synth_19737,217
synth_19780,217
synth_19718,217
synth_19733,217
synth_19719,217
synth_19709,217
synth_19722,217
synth_19706,217
synth_19781,217
synth_19799,217
synth_19738,217
synth_19740,217
synth_19817,217
synth_19746,217
synth_19767,217
synth_19771,217
synth_19748,217
synth_19710,217
synth_19717,217
synth_19747,217
synth_19766,217
synth_19785,217
synth_19773,217
synth_19804,217
synth_19814,217
synth_19724,217
synth_19800,217
synth_19734,217
synth_19751,217
synth_19739,217
synth_19753,217
synth_19782,217
synth_19745,217
synth_19731,217
synth_19818,217
synth_19790,217
synth_19711,217
synth_19802,217
synth_19809,217
synth_19712,217
synth_19793,217
synth_19707,217
synth_19759,217
synth_19795,217
synth_19715,217
synth_19716,217
synth_19808,217
synth_19762,217
synth_19816,217
synth_19757,217
synth_19807,217
synth_19779,217
synth_19810,217
synth_19714,217
synth_19772,217
synth_19794,217
synth_19725,217
synth_19743,217
synth_19713,217
synth_19797,217
synth_19775,217
synth_19728,217
synth_19742,217
synth_19805,217
synth_19806,217
synth_19765,217
synth_19783,217
synth_19755,217
synth_19750,217
synth_19752,217
synth_19760,217
synth_19774,217
synth_19749,217
synth_19791,217
synth_19744,217
synth_19803,217
synth_19813,217
synth_19770,217
synth_19933,216
synth_19877,216
synth_19840,216
synth_19857,216
synth_19853,216
synth_19888,216
synth_19831,216
synth_19928,216
synth_19906,216
synth_19827,216
synth_19882,216
synth_19884,216
synth_19830,216
synth_19834,216
synth_19872,216
synth_19891,216
synth_19846,216
synth_19889,216
synth_19886,216
synth_19897,216
synth_19900,216
synth_19885,216
synth_19875,216
synth_19826,216
synth_19927,216
synth_19823,216
synth_19865,216
synth_19910,216
synth_19932,216
synth_19903,216
synth_19829,216
synth_19915,216
synth_19869,216
synth_19873,216
synth_19917,216
synth_19825,216
synth_19898,216
synth_19902,216
synth_19908,216
synth_19878,216
synth_19849,216
synth_19855,216
synth_19921,216
synth_19833,216
synth_19925,216
synth_19819,216
synth_19858,216
synth_19856,216
synth_19879,216
synth_19866,216
synth_19841,216
synth_19820,216
synth_19880,216
synth_19843,216
synth_19929,216
synth_19874,216
synth_19896,216
synth_19848,216
synth_19904,216
synth_19913,216
synth_19919,216
synth_19838,216
synth_19844,216
synth_19887,216
synth_19918,216
synth_19861,216
synth_19828,216
synth_19850,216
synth_19895,216
synth_19899,216
synth_19867,216
synth_19821,216
synth_19926,216
synth_19890,216
synth_19912,216
synth_19842,216
synth_19920,216
synth_19901,216
synth_19883,216
synth_19893,216
synth_19854,216
synth_19859,216
synth_19907,216
synth_19909,216
synth_19931,216
synth_19837,216
synth_19839,216
synth_19881,216
synth_19923,216
synth_19832,216
synth_19863,216
synth_19911,216
synth_19905,216
synth_19930,216
synth_19916,216
synth_19836,216
synth_19822,216
synth_19847,216
synth_19871,216
synth_19914,216
synth_19824,216
synth_19892,216
synth_19868,216
synth_19876,216
synth_19835,216
synth_19862,216
synth_19922,216
synth_19860,216
synth_19894,216
synth_19870,216
synth_19845,216
synth_19864,216
synth_19852,216
synth_19851,216
synth_19924,216
synth_19941,215
synth_19964,215
synth_19991,215
synth_19986,215
synth_20027,215
synth_20029,215
synth_19989,215
synth_20011,215
synth_19943,215
synth_19949,215
synth_19975,215
synth_20035,215
synth_19946,215
synth_20006,215
synth_20047,215
synth_20026,215
synth_20015,215
synth_20010,215
synth_20046,215
synth_20002,215
synth_19960,215
synth_20023,215
synth_20017,215
synth_19974,215
synth_19994,215
synth_20045,215
synth_19950,215
synth_19968,215
synth_20016,215
synth_19993,215
synth_20049,215
synth_20037,215
synth_19937,215
synth_20042,215
synth_20009,215
synth_19976,215
synth_20050,215
synth_19952,215
synth_20001,215
synth_20048,215
synth_19972,215
synth_19963,215
synth_19995,215
synth_20031,215
synth_19973,215
synth_19966,215
synth_19967,215
synth_20020,215
synth_19965,215
synth_20005,215
synth_20028,215
synth_19951,215
synth_19977,215
synth_19969,215
synth_19953,215
synth_19981,215
synth_20032,215
synth_19957,215
synth_20036,215
synth_19959,215
synth_19992,215
synth_19978,215
synth_19997,215
synth_20043,215
synth_19998,215
synth_19938,215
synth_19935,215
synth_19945,215
synth_20018,215
synth_20033,215
synth_19948,215
synth_19979,215
synth_19962,215
synth_19954,215
synth_19980,215
synth_19988,215
synth_20034,215
synth_19983,215
synth_20019,215
synth_20004,215
synth_19947,215
synth_20012,215
synth_20041,215
synth_19982,215
synth_19939,215
synth_19940,215
synth_20021,215
synth_19936,215
synth_19971,215
synth_19956,215
synth_19996,215
synth_19942,215
synth_20044,215
synth_20007,215
synth_20040,215
synth_20022,215
synth_19990,215
synth_20038,215
synth_19970,215
synth_19985,215
synth_19987,215
synth_19944,215
synth_19958,215
synth_20030,215
synth_20000,215
synth_19955,215
synth_19961,215
synth_19999,215
synth_20024,215
synth_20039,215
synth_20013,215
synth_19934,215
synth_20025,215
synth_20003,215
synth_20014,215
synth_19984,215
synth_20008,215
synth_20080,214
synth_20102,214
synth_20077,214
synth_20165,214
synth_20162,214
synth_20087,214
synth_20057,214
synth_20098,214
synth_20132,214
synth_20124,214
synth_20137,214
synth_20069,214
synth_20144,214
synth_20157,214
synth_20051,214
synth_20139,214
synth_20066,214
synth_20117,214
synth_20145,214
synth_20141,214
synth_20130,214
synth_20071,214
synth_20108,214
synth_20053,214
synth_20129,214
synth_20089,214
synth_20062,214
synth_20073,214
synth_20134,214
synth_20072,214
synth_20140,214
synth_20103,214
synth_20150,214
synth_20094,214
synth_20155,214
synth_20055,214
synth_20084,214
synth_20166,214
synth_20125,214
synth_20082,214
synth_20090,214
synth_20075,214
synth_20061,214
synth_20122,214
synth_20167,214
synth_20119,214
synth_20067,214
synth_20113,214
synth_20131,214
synth_20081,214
synth_20153,214
synth_20107,214
synth_20123,214
synth_20127,214
synth_20161,214
synth_20126,214
synth_20056,214
synth_20112,214
synth_20148,214
synth_20068,214
synth_20111,214
synth_20109,214
synth_20135,214
synth_20079,214
synth_20116,214
synth_20115,214
synth_20099,214
synth_20065,214
synth_20156,214
synth_20163,214
synth_20158,214
synth_20138,214
synth_20159,214
synth_20133,214
synth_20118,214
synth_20076,214
synth_20070,214
synth_20121,214
synth_20088,214
synth_20105,214
synth_20106,214
synth_20128,214
synth_20085,214
synth_20091,214
synth_20114,214
synth_20064,214
synth_20078,214
synth_20097,214
synth_20063,214
synth_20164,214
synth_20100,214
synth_20142,214
synth_20096,214
synth_20147,214
synth_20110,214
synth_20120,214
synth_20083,214
synth_20093,214
synth_20104,214
synth_20086,214
synth_20151,214
synth_20074,214
synth_20095,214
synth_20059,214
synth_20058,214
synth_20149,214
synth_20154,214
synth_20054,214
synth_20052,214
synth_20136,214
synth_20146,214
synth_20092,214
synth_20101,214
synth_20152,214
synth_20143,214
synth_20160,214
synth_20060,214
synth_20241,213
synth_20254,213
synth_20226,213
synth_20261,213
synth_20242,213
synth_20183,213
synth_20272,213
synth_20170,213
synth_20276,213
synth_20220,213
synth_20187,213
synth_20208,213
synth_20178,213
synth_20267,213
synth_20258,213
synth_20190,213
synth_20213,213
synth_20184,213
synth_20278,213
synth_20210,213
synth_20222,213
synth_20174,213
synth_20214,213
synth_20192,213
synth_20234,213
synth_20237,213
synth_20252,213
synth_20253,213
synth_20221,213
synth_20248,213
synth_20259,213
synth_20270,213
synth_20171,213
synth_20246,213
synth_20285,213
synth_20182,213
synth_20228,213
synth_20175,213
synth_20279,213
synth_20212,213
synth_20209,213
synth_20219,213
synth_20275,213
synth_20229,213
synth_20176,213
synth_20255,213
synth_20211,213
synth_20243,213
synth_20245,213
synth_20205,213
synth_20250,213
synth_20280,213
synth_20281,213
synth_20203,213
synth_20177,213
synth_20277,213
synth_20239,213
synth_20262,213
synth_20207,213
synth_20265,213
synth_20180,213
synth_20283,213
synth_20201,213
synth_20251,213
synth_20189,213
synth_20168,213
synth_20256,213
synth_20282,213
synth_20218,213
synth_20238,213
synth_20181,213
synth_20271,213
synth_20230,213
synth_20260,213
synth_20179,213
synth_20188,213
synth_20236,213
synth_20169,213
synth_20197,213
synth_20232,213
synth_20286,213
synth_20231,213
synth_20247,213
synth_20257,213
synth_20196,213
synth_20173,213
synth_20233,213
synth_20249,213
synth_20284,213
synth_20216,213
synth_20269,213
synth_20268,213
synth_20223,213
synth_20194,213
synth_20191,213
synth_20195,213
synth_20172,213
synth_20273,213
synth_20186,213
synth_20217,213
synth_20274,213
synth_20198,213
synth_20266,213
synth_20202,213
synth_20263,213
synth_20264,213
synth_20215,213
synth_20199,213
synth_20244,213
synth_20227,213
synth_20224,213
synth_20240,213
synth_20200,213
synth_20235,213
synth_20193,213
synth_20225,213
synth_20204,213
synth_20185,213
synth_20206,213
synth_20287,212
synth_20367,212
synth_20385,212
synth_20397,212
synth_20302,212
synth_20379,212
synth_20350,212
synth_20288,212
synth_20313,212
synth_20340,212
synth_20310,212
synth_20387,212
synth_20351,212
synth_20396,212
synth_20332,212
synth_20314,212
synth_20406,212
synth_20331,212
synth_20383,212
synth_20393,212
synth_20308,212
synth_20325,212
synth_20300,212
synth_20324,212
synth_20361,212
synth_20405,212
synth_20303,212
synth_20394,212
synth_20317,212
synth_20339,212
synth_20293,212
synth_20378,212
synth_20384,212
synth_20334,212
synth_20391,212
synth_20292,212
synth_20344,212
synth_20348,212
synth_20363,212
synth_20388,212
synth_20381,212
synth_20402,212
synth_20386,212
synth_20320,212
synth_20337,212
synth_20327,212
synth_20349,212
synth_20368,212
synth_20311,212
synth_20377,212
synth_20401,212
synth_20315,212
synth_20400,212
synth_20356,212
synth_20358,212
synth_20323,212
synth_20346,212
synth_20307,212
synth_20330,212
synth_20366,212
synth_20304,212
synth_20312,212
synth_20373,212
synth_20321,212
synth_20333,212
synth_20343,212
synth_20301,212
synth_20354,212
synth_20392,212
synth_20357,212
synth_20319,212
synth_20294,212
synth_20359,212
synth_20403,212
synth_20298,212
synth_20352,212
synth_20341,212
synth_20355,212
synth_20376,212
synth_20398,212
synth_20374,212
synth_20291,212
synth_20296,212
synth_20306,212
synth_20360,212
synth_20389,212
synth_20399,212
synth_20309,212
synth_20347,212
synth_20290,212
synth_20380,212
synth_20322,212
synth_20318,212
synth_20390,212
synth_20370,212
synth_20336,212
synth_20404,212
synth_20297,212
synth_20395,212
synth_20328,212
synth_20365,212
synth_20382,212
synth_20305,212
synth_20362,212
synth_20289,212
synth_20326,212
synth_20342,212
synth_20329,212
synth_20345,212
synth_20369,212
synth_20353,212
synth_20371,212
synth_20295,212
synth_20338,212
synth_20316,212
synth_20335,212
synth_20299,212
synth_20364,212
synth_20375,212
synth_20372,212
synth_20446,211
synth_20424,211
synth_20450,211
synth_20487,211
synth_20415,211
synth_20460,211
synth_20493,211
synth_20414,211
synth_20464,211
synth_20474,211
synth_20484,211
synth_20485,211
synth_20427,211
synth_20500,211
synth_20471,211
synth_20503,211
synth_20466,211
synth_20425,211
synth_20422,211
synth_20407,211
synth_20510,211
synth_20437,211
synth_20418,211
synth_20521,211
synth_20434,211
synth_20456,211
synth_20475,211
synth_20412,211
synth_20439,211
synth_20512,211
synth_20482,211
synth_20519,211
synth_20480,211
synth_20504,211
synth_20526,211
synth_20453,211
synth_20514,211
synth_20408,211
synth_20515,211
synth_20442,211
synth_20436,211
synth_20489,211
synth_20429,211
synth_20444,211
synth_20449,211
synth_20410,211
synth_20481,211
synth_20445,211
synth_20413,211
synth_20416,211
synth_20468,211
synth_20409,211
synth_20524,211
synth_20426,211
synth_20433,211
synth_20454,211
synth_20498,211
synth_20457,211
synth_20520,211
synth_20478,211
synth_20507,211
synth_20508,211
synth_20513,211
synth_20431,211
synth_20448,211
synth_20417,211
synth_20477,211
synth_20459,211
synth_20497,211
synth_20516,211
synth_20523,211
synth_20476,211
synth_20494,211
synth_20517,211
synth_20506,211
synth_20441,211
synth_20469,211
synth_20411,211
synth_20472,211
synth_20447,211
synth_20525,211
synth_20518,211
synth_20488,211
synth_20496,211
synth_20435,211
synth_20492,211
synth_20421,211
synth_20490,211
synth_20432,211
synth_20463,211
synth_20509,211
synth_20501,211
synth_20522,211
synth_20511,211
synth_20470,211
synth_20491,211
synth_20479,211
synth_20527,211
synth_20452,211
synth_20438,211
synth_20483,211
synth_20467,211
synth_20462,211
synth_20495,211
synth_20428,211
synth_20465,211
synth_20420,211
synth_20430,211
synth_20499,211
synth_20440,211
synth_20455,211
synth_20423,211
synth_20443,211
synth_20451,211
synth_20473,211
synth_20419,211
synth_20505,211
synth_20486,211
synth_20458,211
synth_20461,211
synth_20502,211
synth_20643,210
synth_20549,210
synth_20570,210
synth_20553,210
synth_20566,210
synth_20649,210
synth_20644,210
synth_20626,210
synth_20528,210
synth_20635,210
synth_20609,210
synth_20625,210
synth_20530,210
synth_20565,210
synth_20610,210
synth_20559,210
synth_20645,210
synth_20538,210
synth_20648,210
synth_20572,210
synth_20600,210
synth_20585,210
synth_20624,210
synth_20552,210
synth_20595,210
synth_20532,210
synth_20592,210
synth_20603,210
synth_20578,210
synth_20633,210
synth_20599,210
synth_20591,210
synth_20548,210
synth_20555,210
synth_20556,210
synth_20554,210
synth_20584,210
synth_20571,210
synth_20563,210
synth_20612,210
synth_20593,210
synth_20533,210
synth_20640,210
synth_20542,210
synth_20550,210
synth_20636,210
synth_20580,210
synth_20606,210
synth_20535,210
synth_20611,210
synth_20639,210
synth_20597,210
synth_20564,210
synth_20587,210
synth_20567,210
synth_20589,210
synth_20619,210
synth_20598,210
synth_20605,210
synth_20569,210
synth_20543,210
synth_20615,210
synth_20534,210
synth_20628,210
synth_20641,210
synth_20540,210
synth_20596,210
synth_20622,210
synth_20539,210
synth_20607,210
synth_20642,210
synth_20586,210
synth_20602,210
synth_20551,210
synth_20568,210
synth_20617,210
synth_20537,210
synth_20544,210
synth_20637,210
synth_20529,210
synth_20646,210
synth_20562,210
synth_20545,210
synth_20613,210
synth_20541,210
synth_20634,210
synth_20547,210
synth_20561,210
synth_20608,210
synth_20577,210
synth_20575,210
synth_20581,210
synth_20614,210
synth_20631,210
synth_20594,210
synth_20582,210
synth_20632,210
synth_20583,210
synth_20531,210
synth_20627,210
synth_20621,210
synth_20601,210
synth_20574,210
synth_20638,210
synth_20546,210
synth_20647,210
synth_20558,210
synth_20630,210
synth_20604,210
synth_20623,210
synth_20579,210
synth_20576,210
synth_20588,210
synth_20536,210
synth_20620,210
synth_20629,210
synth_20618,210
synth_20560,210
synth_20616,210
synth_20557,210
synth_20590,210
synth_20573,210
synth_20655,209
synth_20672,209
synth_20713,209
synth_20656,209
synth_20768,209
synth_20721,209
synth_20665,209
synth_20681,209
synth_20749,209
synth_20690,209
synth_20705,209
synth_20657,209
synth_20714,209
synth_20673,209
synth_20743,209
synth_20717,209
synth_20763,209
synth_20736,209
synth_20664,209
synth_20747,209
synth_20771,209
synth_20668,209
synth_20745,209
synth_20706,209
synth_20764,209
synth_20701,209
synth_20712,209
synth_20757,209
synth_20767,209
synth_20719,209
synth_20750,209
synth_20659,209
synth_20677,209
synth_20661,209
synth_20741,209
synth_20708,209
synth_20725,209
synth_20754,209
synth_20761,209
synth_20720,209
synth_20739,209
synth_20766,209
synth_20716,209
synth_20752,209
synth_20667,209
synth_20756,209
synth_20727,209
synth_20769,209
synth_20678,209
synth_20686,209
synth_20700,209
synth_20658,209
synth_20762,209
synth_20699,209
synth_20710,209
synth_20773,209
synth_20718,209
synth_20682,209
synth_20704,209
synth_20751,209
synth_20742,209
synth_20693,209
synth_20730,209
synth_20703,209
synth_20711,209
synth_20685,209
synth_20663,209
synth_20695,209
synth_20651,209
synth_20653,209
synth_20675,209
synth_20669,209
synth_20688,209
synth_20709,209
synth_20691,209
synth_20696,209
synth_20734,209
synth_20744,209
synth_20679,209
synth_20702,209
synth_20772,209
synth_20731,209
synth_20687,209
synth_20724,209
synth_20748,209
synth_20689,209
synth_20758,209
synth_20723,209
synth_20740,209
synth_20746,209
synth_20729,209
synth_20770,209
synth_20654,209
synth_20728,209
synth_20732,209
synth_20680,209
synth_20652,209
synth_20759,209
synth_20733,209
synth_20666,209
synth_20753,209
synth_20694,209
synth_20760,209
synth_20735,209
synth_20765,209
synth_20715,209
synth_20662,209
synth_20697,209
synth_20670,209
synth_20683,209
synth_20738,209
synth_20737,209
synth_20707,209
synth_20671,209
synth_20698,209
synth_20692,209
synth_20684,209
synth_20676,209
synth_20726,209
synth_20755,209
synth_20650,209
synth_20722,209
synth_20660,209
synth_20674,209
synth_20788,208
synth_20822,208
synth_20825,208
synth_20815,208
synth_20799,208
synth_20792,208
synth_20798,208
synth_20826,208
synth_20859,208
synth_20867,208
synth_20775,208
synth_20809,208
synth_20795,208
synth_20886,208
synth_20781,208
synth_20811,208
synth_20838,208
synth_20860,208
synth_20839,208
synth_20872,208
synth_20884,208
synth_20790,208
synth_20896,208
synth_20824,208
synth_20796,208
synth_20785,208
synth_20851,208
synth_20862,208
synth_20784,208
synth_20803,208
synth_20889,208
synth_20812,208
synth_20893,208
synth_20813,208
synth_20793,208
synth_20874,208
synth_20895,208
synth_20841,208
synth_20836,208
synth_20876,208
synth_20894,208
synth_20843,208
synth_20842,208
synth_20899,208
synth_20852,208
synth_20875,208
synth_20777,208
synth_20898,208
synth_20782,208
synth_20783,208
synth_20807,208
synth_20853,208
synth_20806,208
synth_20779,208
synth_20863,208
synth_20891,208
synth_20865,208
synth_20877,208
synth_20868,208
synth_20797,208
synth_20776,208
synth_20774,208
synth_20864,208
synth_20830,208
synth_20834,208
synth_20878,208
synth_20848,208
synth_20857,208
synth_20791,208
synth_20881,208
synth_20802,208
synth_20837,208
synth_20854,208
synth_20789,208
synth_20847,208
synth_20778,208
synth_20827,208
synth_20850,208
synth_20833,208
synth_20879,208
synth_20887,208
synth_20823,208
synth_20873,208
synth_20835,208
synth_20794,208
synth_20819,208
synth_20849,208
synth_20808,208
synth_20844,208
synth_20845,208
synth_20820,208
synth_20829,208
synth_20846,208
synth_20897,208
synth_20805,208
synth_20818,208
synth_20866,208
synth_20883,208
synth_20888,208
synth_20832,208
synth_20800,208
synth_20786,208
synth_20892,208
synth_20880,208
synth_20882,208
synth_20858,208
synth_20828,208
synth_20814,208
synth_20787,208
synth_20855,208
synth_20869,208
synth_20821,208
synth_20870,208
synth_20810,208
synth_20890,208
synth_20871,208
synth_20856,208
synth_20817,208
synth_20840,208
synth_20780,208
synth_20831,208
synth_20816,208
synth_20861,208
synth_20801,208
synth_20804,208
synth_20885,208
synth_20912,207
synth_20989,207
synth_21014,207
synth_20996,207
synth_21016,207
synth_20942,207
synth_20914,207
synth_20946,207
synth_20965,207
synth_20986,207
synth_20964,207
synth_20976,207
synth_20926,207
synth_21015,207
synth_21019,207
synth_20919,207
synth_20960,207
synth_20971,207
synth_20987,207
synth_21003,207
synth_20950,207
synth_20953,207
synth_20945,207
synth_20957,207
synth_20906,207
synth_21007,207
synth_21011,207
synth_21004,207
synth_21010,207
synth_20952,207
synth_20920,207
synth_20934,207
synth_20937,207
synth_20948,207
synth_20951,207
synth_20969,207
synth_21017,207
synth_20959,207
synth_20991,207
synth_20917,207
synth_20999,207
synth_20978,207
synth_20905,207
synth_20933,207
synth_20940,207
synth_20954,207
synth_20908,207
synth_20994,207
synth_21006,207
synth_21018,207
synth_20998,207
synth_20943,207
synth_21002,207
synth_21005,207
synth_20995,207
synth_20907,207
synth_20903,207
synth_20900,207
synth_20909,207
synth_20921,207
synth_20938,207
synth_20961,207
synth_20904,207
synth_20982,207
synth_20924,207
synth_20939,207
synth_20988,207
synth_21009,207
synth_20925,207
synth_20984,207
synth_20970,207
synth_20922,207
synth_20930,207
synth_20973,207
synth_20963,207
synth_20913,207
synth_21000,207
synth_20962,207
synth_20911,207
synth_20993,207
synth_20972,207
synth_21024,207
synth_21020,207
synth_20901,207
synth_20979,207
synth_20990,207
synth_20932,207
synth_20985,207
synth_21008,207
synth_20955,207
synth_20915,207
synth_20983,207
synth_20992,207
synth_21022,207
synth_20949,207
synth_20967,207
synth_20916,207
synth_20923,207
synth_21021,207
synth_20902,207
synth_21025,207
synth_20928,207
synth_20966,207
synth_20980,207
synth_20981,207
synth_20929,207
synth_20931,207
synth_20974,207
synth_20910,207
synth_20975,207
synth_21001,207
synth_20941,207
synth_21013,207
synth_20935,207
synth_20958,207
synth_20944,207
synth_20936,207
synth_20997,207
synth_20977,207
synth_21012,207
synth_20918,207
synth_20947,207
synth_20968,207
synth_20927,207
synth_21023,207
synth_20956,207
synth_21040,206
synth_21118,206
synth_21080,206
synth_21123,206
synth_21029,206
synth_21153,206
synth_21090,206
synth_21054,206
synth_21077,206
synth_21039,206
synth_21148,206
synth_21146,206
synth_21133,206
synth_21026,206
synth_21036,206
synth_21038,206
synth_21050,206
synth_21089,206
synth_21130,206
synth_21046,206
synth_21113,206
synth_21064,206
synth_21122,206
synth_21027,206
synth_21108,206
synth_21055,206
synth_21149,206
synth_21076,206
synth_21114,206
synth_21150,206
synth_21032,206
synth_21109,206
synth_21142,206
synth_21066,206
synth_21085,206
synth_21056,206
synth_21136,206
synth_21141,206
synth_21047,206
synth_21075,206
synth_21145,206
synth_21112,206
synth_21033,206
synth_21095,206
synth_21107,206
synth_21058,206
synth_21131,206
synth_21070,206
synth_21073,206
synth_21030,206
synth_21098,206
synth_21132,206
synth_21093,206
synth_21091,206
synth_21062,206
synth_21081,206
synth_21086,206
synth_21094,206
synth_21124,206
synth_21151,206
synth_21083,206
synth_21103,206
synth_21041,206
synth_21044,206
synth_21045,206
synth_21138,206
synth_21037,206
synth_21140,206
synth_21128,206
synth_21111,206
synth_21088,206
synth_21059,206
synth_21061,206
synth_21065,206
synth_21147,206
synth_21087,206
synth_21049,206
synth_21035,206
synth_21043,206
synth_21137,206
synth_21144,206
synth_21116,206
synth_21127,206
synth_21115,206
synth_21074,206
synth_21139,206
synth_21126,206
synth_21100,206
synth_21034,206
synth_21106,206
synth_21134,206
synth_21110,206
synth_21060,206
synth_21051,206
synth_21099,206
synth_21068,206
synth_21048,206
synth_21071,206
synth_21069,206
synth_21082,206
synth_21078,206
synth_21102,206
synth_21057,206
synth_21053,206
synth_21135,206
synth_21129,206
synth_21042,206
synth_21125,206
synth_21052,206
synth_21120,206
synth_21105,206
synth_21143,206
synth_21119,206
synth_21031,206
synth_21096,206
synth_21084,206
synth_21067,206
synth_21063,206
synth_21121,206
synth_21092,206
synth_21101,206
synth_21152,206
synth_21028,206
synth_21072,206
synth_21079,206
synth_21104,206
synth_21117,206
synth_21097,206
synth_21193,205
synth_21227,205
synth_21252,205
synth_21183,205
synth_21248,205
synth_21162,205
synth_21238,205
synth_21205,205
synth_21229,205
synth_21216,205
synth_21157,205
synth_21271,205
synth_21159,205
synth_21195,205
synth_21154,205
synth_21175,205
synth_21192,205
synth_21247,205
synth_21257,205
synth_21158,205
synth_21197,205
synth_21169,205
synth_21179,205
synth_21156,205
synth_21222,205
synth_21268,205
synth_21201,205
synth_21258,205
synth_21172,205
synth_21164,205
synth_21234,205
synth_21180,205
synth_21220,205
synth_21279,205
synth_21173,205
synth_21219,205
synth_21226,205
synth_21191,205
synth_21211,205
synth_21224,205
synth_21281,205
synth_21161,205
synth_21174,205
synth_21212,205
synth_21200,205
synth_21263,205
synth_21167,205
synth_21188,205
synth_21213,205
synth_21242,205
synth_21259,205
synth_21160,205
synth_21198,205
synth_21253,205
synth_21272,205
synth_21206,205
synth_21237,205
synth_21168,205
synth_21208,205
synth_21170,205
synth_21186,205
synth_21274,205
synth_21203,205
synth_21235,205
synth_21163,205
synth_21255,205
synth_21240,205
synth_21250,205
synth_21280,205
synth_21217,205
synth_21215,205
synth_21165,205
synth_21218,205
synth_21223,205
synth_21196,205
synth_21204,205
synth_21221,205
synth_21267,205
synth_21241,205
synth_21166,205
synth_21254,205
synth_21171,205
synth_21194,205
synth_21207,205
synth_21199,205
synth_21270,205
synth_21190,205
synth_21155,205
synth_21269,205
synth_21262,205
synth_21277,205
synth_21178,205
synth_21233,205
synth_21185,205
synth_21232,205
synth_21187,205
synth_21236,205
synth_21243,205
synth_21275,205
synth_21244,205
synth_21256,205
synth_21278,205
synth_21177,205
synth_21264,205
synth_21228,205
synth_21266,205
synth_21184,205
synth_21189,205
synth_21246,205
synth_21202,205
synth_21261,205
synth_21283,205
synth_21214,205
synth_21282,205
synth_21225,205
synth_21245,205
synth_21265,205
synth_21273,205
synth_21276,205
synth_21176,205
synth_21182,205
synth_21209,205
synth_21249,205
synth_21251,205
synth_21181,205
synth_21260,205
synth_21231,205
synth_21210,205
synth_21230,205
synth_21239,205
synth_21294,204
synth_21370,204
synth_21352,204
synth_21301,204
synth_21300,204
synth_21285,204
synth_21353,204
synth_21374,204
synth_21401,204
synth_21311,204
synth_21358,204
synth_21309,204
synth_21371,204
synth_21318,204
synth_21397,204
synth_21342,204
synth_21378,204
synth_21316,204
synth_21297,204
synth_21408,204
synth_21393,204
synth_21400,204
synth_21368,204
synth_21411,204
synth_21302,204
synth_21367,204
synth_21384,204
synth_21315,204
synth_21340,204
synth_21305,204
synth_21395,204
synth_21308,204
synth_21333,204
synth_21356,204
synth_21354,204
synth_21348,204
synth_21321,204
synth_21360,204
synth_21362,204
synth_21338,204
synth_21320,204
synth_21398,204
synth_21310,204
synth_21303,204
synth_21336,204
synth_21390,204
synth_21292,204
synth_21350,204
synth_21334,204
synth_21357,204
synth_21341,204
synth_21347,204
synth_21399,204
synth_21359,204
synth_21377,204
synth_21293,204
synth_21299,204
synth_21307,204
synth_21312,204
synth_21323,204
synth_21379,204
synth_21288,204
synth_21339,204
synth_21284,204
synth_21407,204
synth_21361,204
synth_21325,204
synth_21364,204
synth_21355,204
synth_21324,204
synth_21327,204
synth_21394,204
synth_21346,204
synth_21343,204
synth_21314,204
synth_21403,204
synth_21296,204
synth_21381,204
synth_21402,204
synth_21363,204
synth_21335,204
synth_21412,204
synth_21286,204
synth_21287,204
synth_21404,204
synth_21306,204
synth_21328,204
synth_21406,204
synth_21291,204
synth_21396,204
synth_21331,204
synth_21337,204
synth_21380,204
synth_21382,204
synth_21405,204
synth_21289,204
synth_21365,204
synth_21391,204
synth_21385,204
synth_21322,204
synth_21349,204
synth_21372,204
synth_21410,204
synth_21290,204
synth_21376,204
synth_21319,204
synth_21375,204
synth_21387,204
synth_21298,204
synth_21330,204
synth_21383,204
synth_21329,204
synth_21326,204
synth_21389,204
synth_21409,204
synth_21304,204
synth_21413,204
synth_21366,204
synth_21373,204
synth_21386,204
synth_21351,204
synth_21369,204
synth_21344,204
synth_21392,204
synth_21317,204
synth_21388,204
synth_21313,204
synth_21332,204
synth_21295,204
synth_21345,204
synth_21483,203
synth_21520,203
synth_21529,203
synth_21461,203
synth_21478,203
synth_21527,203
synth_21474,203
synth_21523,203
synth_21452,203
synth_21508,203
synth_21521,203
synth_21530,203
synth_21430,203
synth_21414,203
synth_21486,203
synth_21428,203
synth_21423,203
synth_21501,203
synth_21476,203
synth_21442,203
synth_21467,203
synth_21457,203
synth_21436,203
synth_21484,203
synth_21424,203
synth_21472,203
synth_21418,203
synth_21434,203
synth_21444,203
synth_21415,203
synth_21458,203
synth_21425,203
synth_21433,203
synth_21432,203
synth_21445,203
synth_21487,203
synth_21426,203
synth_21519,203
synth_21507,203
synth_21546,203
synth_21492,203
synth_21498,203
synth_21532,203
synth_21463,203
synth_21496,203
synth_21526,203
synth_21531,203
synth_21456,203
synth_21431,203
synth_21534,203
synth_21528,203
synth_21511,203
synth_21500,203
synth_21485,203
synth_21516,203
synth_21505,203
synth_21466,203
synth_21544,203
synth_21471,203
synth_21447,203
synth_21441,203
synth_21536,203
synth_21502,203
synth_21459,203
synth_21438,203
synth_21449,203
synth_21545,203
synth_21437,203
synth_21513,203
synth_21495,203
synth_21525,203
synth_21443,203
synth_21448,203
synth_21417,203
synth_21462,203
synth_21509,203
synth_21460,203
synth_21493,203
synth_21446,203
synth_21522,203
synth_21481,203
synth_21512,203
synth_21491,203
synth_21419,203
synth_21470,203
synth_21517,203
synth_21454,203
synth_21477,203
synth_21503,203
synth_21435,203
synth_21510,203
synth_21468,203
synth_21453,203
synth_21421,203
synth_21499,203
synth_21440,203
synth_21469,203
synth_21482,203
synth_21524,203
synth_21465,203
synth_21455,203
synth_21450,203
synth_21464,203
synth_21489,203
synth_21490,203
synth_21518,203
synth_21515,203
synth_21479,203
synth_21543,203
synth_21533,203
synth_21542,203
synth_21420,203
synth_21451,203
synth_21494,203
synth_21538,203
synth_21504,203
synth_21429,203
synth_21514,203
synth_21537,203
synth_21541,203
synth_21540,203
synth_21475,203
synth_21422,203
synth_21473,203
synth_21488,203
synth_21416,203
synth_21539,203
synth_21480,203
synth_21506,203
synth_21497,203
synth_21439,203
synth_21535,203
synth_21427,203
synth_21616,202
synth_21673,202
synth_21557,202
synth_21663,202
synth_21563,202
synth_21572,202
synth_21569,202
synth_21615,202
synth_21671,202
synth_21664,202
synth_21577,202
synth_21608,202
synth_21597,202
synth_21598,202
synth_21607,202
synth_21636,202
synth_21642,202
synth_21578,202
synth_21556,202
synth_21645,202
synth_21576,202
synth_21634,202
synth_21657,202
synth_21591,202
synth_21676,202
synth_21548,202
synth_21553,202
synth_21639,202
synth_21669,202
synth_21624,202
synth_21613,202
synth_21643,202
synth_21547,202
synth_21623,202
synth_21560,202
synth_21655,202
synth_21661,202
synth_21651,202
synth_21586,202
synth_21646,202
synth_21665,202
synth_21674,202
synth_21555,202
synth_21559,202
synth_21566,202
synth_21659,202
synth_21601,202
synth_21621,202
synth_21568,202
synth_21647,202
synth_21672,202
synth_21679,202
synth_21549,202
synth_21619,202
synth_21678,202
synth_21618,202
synth_21567,202
synth_21652,202
synth_21588,202
synth_21640,202
synth_21606,202
synth_21641,202
synth_21658,202
synth_21573,202
synth_21581,202
synth_21626,202
synth_21649,202
synth_21596,202
synth_21617,202
synth_21571,202
synth_21574,202
synth_21620,202
synth_21589,202
synth_21614,202
synth_21627,202
synth_21633,202
synth_21650,202
synth_21670,202
synth_21635,202
synth_21593,202
synth_21599,202
synth_21654,202
synth_21565,202
synth_21662,202
synth_21668,202
synth_21575,202
synth_21582,202
synth_21561,202
synth_21625,202
synth_21656,202
synth_21622,202
synth_21603,202
synth_21631,202
synth_21604,202
synth_21611,202
synth_21630,202
synth_21609,202
synth_21562,202
synth_21594,202
synth_21602,202
synth_21558,202
synth_21666,202
synth_21610,202
synth_21554,202
synth_21595,202
synth_21600,202
synth_21667,202
synth_21605,202
synth_21580,202
synth_21550,202
synth_21632,202
synth_21637,202
synth_21644,202
synth_21648,202
synth_21583,202
synth_21564,202
synth_21570,202
synth_21638,202
synth_21675,202
synth_21552,202
synth_21653,202
synth_21677,202
synth_21579,202
synth_21584,202
synth_21585,202
synth_21592,202
synth_21587,202
synth_21628,202
synth_21660,202
synth_21629,202
synth_21590,202
synth_21612,202
synth_21551,202
synth_21693,201
synth_21706,201
synth_21753,201
synth_21733,201
synth_21734,201
synth_21709,201
synth_21768,201
synth_21755,201
synth_21760,201
synth_21795,201
synth_21698,201
synth_21800,201
synth_21775,201
synth_21756,201
synth_21742,201
synth_21765,201
synth_21788,201
synth_21722,201
synth_21713,201
synth_21715,201
synth_21707,201
synth_21750,201
synth_21754,201
synth_21720,201
synth_21730,201
synth_21724,201
synth_21779,201
synth_21776,201
synth_21773,201
synth_21799,201
synth_21682,201
synth_21735,201
synth_21689,201
synth_21801,201
synth_21810,201
synth_21705,201
synth_21764,201
synth_21729,201
synth_21778,201
synth_21700,201
synth_21763,201
synth_21691,201
synth_21717,201
synth_21804,201
synth_21699,201
synth_21797,201
synth_21794,201
synth_21815,201
synth_21680,201
synth_21757,201
synth_21727,201
synth_21769,201
synth_21782,201
synth_21719,201
synth_21684,201
synth_21771,201
synth_21683,201
synth_21696,201
synth_21770,201
synth_21784,201
synth_21747,201
synth_21710,201
synth_21728,201
synth_21694,201
synth_21732,201
synth_21723,201
synth_21726,201
synth_21791,201
synth_21688,201
synth_21792,201
synth_21740,201
synth_21802,201
synth_21796,201
synth_21748,201
synth_21811,201
synth_21813,201
synth_21743,201
synth_21687,201
synth_21803,201
synth_21793,201
synth_21767,201
synth_21759,201
synth_21718,201
synth_21777,201
synth_21744,201
synth_21721,201
synth_21714,201
synth_21745,201
synth_21695,201
synth_21712,201
synth_21701,201
synth_21761,201
synth_21711,201
synth_21746,201
synth_21812,201
synth_21780,201
synth_21716,201
synth_21762,201
synth_21774,201
synth_21772,201
synth_21690,201
synth_21738,201
synth_21685,201
synth_21681,201
synth_21708,201
synth_21741,201
synth_21798,201
synth_21686,201
synth_21809,201
synth_21702,201
synth_21739,201
synth_21789,201
synth_21731,201
synth_21805,201
synth_21808,201
synth_21736,201
synth_21783,201
synth_21766,201
synth_21787,201
synth_21751,201
synth_21758,201
synth_21737,201
synth_21814,201
synth_21725,201
synth_21781,201
synth_21704,201
synth_21752,201
synth_21786,201
synth_21806,201
synth_21785,201
synth_21790,201
synth_21692,201
synth_21697,201
synth_21703,201
synth_21807,201
synth_21749,201
synth_21932,200
synth_21888,200
synth_21946,200
synth_21863,200
synth_21897,200
synth_21841,200
synth_21887,200
synth_21941,200
synth_21943,200
synth_21872,200
synth_21847,200
synth_21933,200
synth_21910,200
synth_21823,200
synth_21881,200
synth_21825,200
synth_21944,200
synth_21864,200
synth_21917,200
synth_21922,200
synth_21883,200
synth_21876,200
synth_21896,200
synth_21840,200
synth_21873,200
synth_21899,200
synth_21900,200
synth_21948,200
synth_21857,200
synth_21925,200
synth_21936,200
synth_21828,200
synth_21942,200
synth_21928,200
synth_21831,200
synth_21868,200
synth_21919,200
synth_21822,200
synth_21816,200
synth_21851,200
synth_21880,200
synth_21890,200
synth_21927,200
synth_21874,200
synth_21882,200
synth_21918,200
synth_21818,200
synth_21860,200
synth_21861,200
synth_21902,200
synth_21921,200
synth_21906,200
synth_21834,200
synth_21935,200
synth_21856,200
synth_21879,200
synth_21854,200
synth_21914,200
synth_21939,200
synth_21878,200
synth_21937,200
synth_21839,200
synth_21827,200
synth_21901,200
synth_21867,200
synth_21950,200
synth_21846,200
synth_21891,200
synth_21893,200
synth_21929,200
synth_21855,200
synth_21842,200
synth_21911,200
synth_21829,200
synth_21940,200
synth_21845,200
synth_21875,200
synth_21838,200
synth_21835,200
synth_21848,200
synth_21947,200
synth_21843,200
synth_21951,200
synth_21833,200
synth_21844,200
synth_21865,200
synth_21907,200
synth_21926,200
synth_21931,200
synth_21886,200
synth_21824,200
synth_21862,200
synth_21909,200
synth_21912,200
synth_21852,200
synth_21892,200
synth_21895,200
synth_21817,200
synth_21903,200
synth_21923,200
synth_21934,200
synth_21850,200
synth_21945,200
synth_21837,200
synth_21898,200
synth_21858,200
synth_21905,200
synth_21853,200
synth_21924,200
synth_21877,200
synth_21849,200
synth_21870,200
synth_21938,200
synth_21908,200
synth_21885,200
synth_21916,200
synth_21859,200
synth_21930,200
synth_21826,200
synth_21915,200
synth_21819,200
synth_21821,200
synth_21884,200
synth_21866,200
synth_21913,200
synth_21920,200
synth_21949,200
synth_21820,200
synth_21830,200
synth_21836,200
synth_21894,200
synth_21832,200
synth_21871,200
synth_21904,200
synth_21869,200
synth_21889,200
synth_22047,199
synth_22041,199
synth_22053,199
synth_21983,199
synth_22026,199
synth_22014,199
synth_22079,199
synth_22050,199
synth_22037,199
synth_21968,199
synth_21995,199
synth_22020,199
synth_22052,199
synth_21989,199
synth_22001,199
synth_22012,199
synth_22045,199
synth_21953,199
synth_21971,199
synth_22008,199
synth_22080,199
synth_22010,199
synth_22016,199
synth_21964,199
synth_22032,199
synth_21961,199
synth_21976,199
synth_22051,199
synth_22034,199
synth_22038,199
synth_22006,199
synth_22025,199
synth_22029,199
synth_22072,199
synth_22059,199
synth_22018,199
synth_22031,199
synth_21988,199
synth_22036,199
synth_21955,199
synth_22009,199
synth_21967,199
synth_21965,199
synth_22039,199
synth_21966,199
synth_21960,199
synth_21991,199
synth_22088,199
synth_21958,199
synth_21972,199
synth_21970,199
synth_22030,199
synth_21982,199
synth_22066,199
synth_22022,199
synth_22058,199
synth_22071,199
synth_21977,199
synth_22002,199
synth_22027,199
synth_22068,199
synth_22087,199
synth_22049,199
synth_22024,199
synth_22077,199
synth_22063,199
synth_22076,199
synth_21974,199
synth_22023,199
synth_21980,199
synth_22046,199
synth_22065,199
synth_21985,199
synth_22085,199
synth_22060,199
synth_22057,199
synth_22090,199
synth_21998,199
synth_22040,199
synth_22075,199
synth_22061,199
synth_22086,199
synth_21981,199
synth_21987,199
synth_22083,199
synth_22003,199
synth_22055,199
synth_21990,199
synth_22035,199
synth_22007,199
synth_21979,199
synth_22073,199
synth_21963,199
synth_22005,199
synth_22028,199
synth_22089,199
synth_22017,199
synth_22019,199
synth_21975,199
synth_22021,199
synth_21992,199
synth_21956,199
synth_22056,199
synth_21996,199
synth_21957,199
synth_21978,199
synth_22042,199
synth_21969,199
synth_22044,199
synth_22011,199
synth_22015,199
synth_22078,199
synth_21962,199
synth_22074,199
synth_21999,199
synth_22000,199
synth_22013,199
synth_22048,199
synth_22054,199
synth_22070,199
synth_21994,199
synth_22033,199
synth_22081,199
synth_21986,199
synth_21984,199
synth_22064,199
synth_21954,199
synth_22069,199
synth_22084,199
synth_22082,199
synth_21973,199
synth_22062,199
synth_22043,199
synth_22067,199
synth_21952,199
synth_22004,199
synth_21993,199
synth_21997,199
synth_21959,199
synth_22177,198
synth_22181,198
synth_22211,198
synth_22186,198
synth_22200,198
synth_22222,198
synth_22114,198
synth_22183,198
synth_22188,198
synth_22116,198
synth_22096,198
synth_22102,198
synth_22168,198
synth_22094,198
synth_22137,198
synth_22219,198
synth_22104,198
synth_22166,198
synth_22160,198
synth_22195,198
synth_22185,198
synth_22197,198
synth_22143,198
synth_22132,198
synth_22171,198
synth_22121,198
synth_22101,198
synth_22224,198
synth_22092,198
synth_22150,198
synth_22178,198
synth_22221,198
synth_22095,198
synth_22210,198
synth_22122,198
synth_22123,198
synth_22113,198
synth_22124,198
synth_22228,198
synth_22152,198
synth_22162,198
synth_22192,198
synth_22141,198
synth_22223,198
synth_22119,198
synth_22100,198
synth_22110,198
synth_22118,198
synth_22117,198
synth_22133,198
synth_22149,198
synth_22138,198
synth_22230,198
synth_22213,198
synth_22144,198
synth_22227,198
synth_22182,198
synth_22115,198
synth_22212,198
synth_22201,198
synth_22220,198
synth_22172,198
synth_22203,198
synth_22155,198
synth_22175,198
synth_22164,198
synth_22131,198
synth_22091,198
synth_22229,198
synth_22174,198
synth_22215,198
synth_22163,198
synth_22127,198
synth_22198,198
synth_22097,198
synth_22161,198
synth_22154,198
synth_22204,198
synth_22106,198
synth_22158,198
synth_22103,198
synth_22156,198
synth_22199,198
synth_22216,198
synth_22165,198
synth_22134,198
synth_22099,198
synth_22157,198
synth_22176,198
synth_22125,198
synth_22196,198
synth_22142,198
synth_22180,198
synth_22129,198
synth_22191,198
synth_22202,198
synth_22193,198
synth_22105,198
synth_22139,198
synth_22173,198
synth_22108,198
synth_22205,198
synth_22109,198
synth_22194,198
synth_22184,198
synth_22169,198
synth_22140,198
synth_22147,198
synth_22170,198
synth_22153,198
synth_22214,198
synth_22218,198
synth_22107,198
synth_22098,198
synth_22148,198
synth_22112,198
synth_22159,198
synth_22189,198
synth_22190,198
synth_22151,198
synth_22136,198
synth_22126,198
synth_22207,198
synth_22093,198
synth_22146,198
synth_22145,198
synth_22167,198
synth_22225,198
synth_22226,198
synth_22209,198
synth_22135,198
synth_22187,198
synth_22206,198
synth_22111,198
synth_22217,198
synth_22120,198
synth_22128,198
synth_22179,198
synth_22130,198
synth_22208,198
synth_22336,197
synth_22263,197
synth_22332,197
synth_22360,197
synth_22367,197
synth_22283,197
synth_22270,197
synth_22271,197
synth_22362,197
synth_22352,197
synth_22258,197
synth_22266,197
synth_22291,197
synth_22363,197
synth_22318,197
synth_22287,197
synth_22346,197
synth_22260,197
synth_22321,197
synth_22305,197
synth_22256,197
synth_22371,197
synth_22361,197
synth_22331,197
synth_22358,197
synth_22280,197
synth_22359,197
synth_22267,197
synth_22302,197
synth_22277,197
synth_22323,197
synth_22337,197
synth_22308,197
synth_22252,197
synth_22249,197
synth_22338,197
synth_22281,197
synth_22355,197
synth_22319,197
synth_22301,197
synth_22329,197
synth_22351,197
synth_22278,197
synth_22248,197
synth_22257,197
synth_22320,197
synth_22317,197
synth_22268,197
synth_22312,197
synth_22241,197
synth_22353,197
synth_22357,197
synth_22238,197
synth_22279,197
synth_22350,197
synth_22311,197
synth_22307,197
synth_22282,197
synth_22255,197
synth_22245,197
synth_22290,197
synth_22235,197
synth_22369,197
synth_22239,197
synth_22250,197
synth_22243,197
synth_22314,197
synth_22300,197
synth_22269,197
synth_22295,197
synth_22293,197
synth_22325,197
synth_22327,197
synth_22296,197
synth_22365,197
synth_22233,197
synth_22356,197
synth_22341,197
synth_22347,197
synth_22313,197
synth_22285,197
synth_22370,197
synth_22242,197
synth_22276,197
synth_22368,197
synth_22310,197
synth_22236,197
synth_22272,197
synth_22286,197
synth_22247,197
synth_22254,197
synth_22297,197
synth_22315,197
synth_22366,197
synth_22330,197
synth_22328,197
synth_22364,197
synth_22275,197
synth_22231,197
synth_22335,197
synth_22342,197
synth_22234,197
synth_22343,197
synth_22273,197
synth_22334,197
synth_22244,197
synth_22292,197
synth_22246,197
synth_22349,197
synth_22298,197
synth_22339,197
synth_22303,197
synth_22340,197
synth_22306,197
synth_22288,197
synth_22240,197
synth_22265,197
synth_22304,197
synth_22232,197
synth_22354,197
synth_22348,197
synth_22264,197
synth_22299,197
synth_22284,197
synth_22326,197
synth_22333,197
synth_22345,197
synth_22322,197
synth_22294,197
synth_22344,197
synth_22259,197
synth_22253,197
synth_22309,197
synth_22274,197
synth_22316,197
synth_22262,197
synth_22237,197
synth_22261,197
synth_22324,197
synth_22289,197
synth_22251,197
synth_22380,196
synth_22393,196
synth_22414,196
synth_22443,196
synth_22463,196
synth_22498,196
synth_22428,196
synth_22496,196
synth_22410,196
synth_22510,196
synth_22466,196
synth_22502,196
synth_22435,196
synth_22417,196
synth_22385,196
synth_22416,196
synth_22388,196
synth_22456,196
synth_22485,196
synth_22474,196
synth_22464,196
synth_22442,196
synth_22465,196
synth_22459,196
synth_22462,196
synth_22506,196
synth_22486,196
synth_22504,196
synth_22387,196
synth_22392,196
synth_22500,196
synth_22492,196
synth_22379,196
synth_22409,196
synth_22454,196
synth_22399,196
synth_22469,196
synth_22422,196
synth_22497,196
synth_22398,196
synth_22477,196
synth_22372,196
synth_22406,196
synth_22501,196
synth_22374,196
synth_22376,196
synth_22482,196
synth_22445,196
synth_22483,196
synth_22429,196
synth_22413,196
synth_22458,196
synth_22412,196
synth_22472,196
synth_22494,196
synth_22507,196
synth_22430,196
synth_22402,196
synth_22468,196
synth_22382,196
synth_22444,196
synth_22476,196
synth_22390,196
synth_22407,196
synth_22381,196
synth_22373,196
synth_22404,196
synth_22489,196
synth_22495,196
synth_22446,196
synth_22455,196
synth_22499,196
synth_22490,196
synth_22396,196
synth_22509,196
synth_22479,196
synth_22401,196
synth_22471,196
synth_22431,196
synth_22436,196
synth_22440,196
synth_22391,196
synth_22491,196
synth_22384,196
synth_22511,196
synth_22434,196
synth_22405,196
synth_22478,196
synth_22378,196
synth_22421,196
synth_22397,196
synth_22467,196
synth_22484,196
synth_22503,196
synth_22447,196
synth_22408,196
synth_22508,196
synth_22453,196
synth_22460,196
synth_22403,196
synth_22415,196
synth_22386,196
synth_22457,196
synth_22389,196
synth_22480,196
synth_22433,196
synth_22449,196
synth_22377,196
synth_22451,196
synth_22400,196
synth_22420,196
synth_22452,196
synth_22514,196
synth_22488,196
synth_22493,196
synth_22395,196
synth_22425,196
synth_22411,196
synth_22426,196
synth_22423,196
synth_22419,196
synth_22461,196
synth_22432,196
synth_22473,196
synth_22450,196
synth_22438,196
synth_22394,196
synth_22513,196
synth_22418,196
synth_22512,196
synth_22424,196
synth_22470,196
synth_22437,196
synth_22383,196
synth_22441,196
synth_22448,196
synth_22505,196
synth_22487,196
synth_22481,196
synth_22427,196
synth_22475,196
synth_22375,196
synth_22439,196
synth_22600,195
synth_22519,195
synth_22624,195
synth_22556,195
synth_22565,195
synth_22658,195
synth_22575,195
synth_22628,195
synth_22572,195
synth_22590,195
synth_22544,195
synth_22522,195
synth_22540,195
synth_22548,195
synth_22611,195
synth_22632,195
synth_22539,195
synth_22613,195
synth_22608,195
synth_22621,195
synth_22571,195
synth_22609,195
synth_22633,195
synth_22656,195
synth_22561,195
synth_22566,195
synth_22563,195
synth_22554,195
synth_22631,195
synth_22574,195
synth_22584,195
synth_22518,195
synth_22593,195
synth_22648,195
synth_22595,195
synth_22642,195
synth_22604,195
synth_22649,195
synth_22545,195
synth_22591,195
synth_22603,195
synth_22528,195
synth_22555,195
synth_22567,195
synth_22516,195
synth_22525,195
synth_22532,195
synth_22623,195
synth_22585,195
synth_22597,195
synth_22592,195
synth_22599,195
synth_22533,195
synth_22577,195
synth_22602,195
synth_22551,195
synth_22570,195
synth_22651,195
synth_22626,195
synth_22524,195
synth_22549,195
synth_22644,195
synth_22650,195
synth_22622,195
synth_22643,195
synth_22553,195
synth_22581,195
synth_22618,195
synth_22635,195
synth_22587,195
synth_22606,195
synth_22619,195
synth_22646,195
synth_22657,195
synth_22579,195
synth_22617,195
synth_22655,195
synth_22612,195
synth_22541,195
synth_22559,195
synth_22520,195
synth_22578,195
synth_22636,195
synth_22568,195
synth_22582,195
synth_22637,195
synth_22627,195
synth_22638,195
synth_22515,195
synth_22652,195
synth_22605,195
synth_22594,195
synth_22521,195
synth_22531,195
synth_22620,195
synth_22634,195
synth_22589,195
synth_22550,195
synth_22576,195
synth_22558,195
synth_22629,195
synth_22526,195
synth_22557,195
synth_22538,195
synth_22607,195
synth_22588,195
synth_22653,195
synth_22523,195
synth_22645,195
synth_22530,195
synth_22639,195
synth_22647,195
synth_22546,195
synth_22537,195
synth_22534,195
synth_22547,195
synth_22598,195
synth_22569,195
synth_22573,195
synth_22596,195
synth_22601,195
synth_22583,195
synth_22542,195
synth_22562,195
synth_22560,195
synth_22586,195
synth_22659,195
synth_22610,195
synth_22543,195
synth_22517,195
synth_22552,195
synth_22615,195
synth_22536,195
synth_22614,195
synth_22640,195
synth_22654,195
synth_22616,195
synth_22527,195
synth_22641,195
synth_22529,195
synth_22580,195
synth_22630,195
synth_22625,195
synth_22564,195
synth_22535,195
synth_22754,194
synth_22788,194
synth_22805,194
synth_22673,194
synth_22713,194
synth_22735,194
synth_22707,194
synth_22674,194
synth_22708,194
synth_22779,194
synth_22797,194
synth_22675,194
synth_22676,194
synth_22745,194
synth_22694,194
synth_22700,194
synth_22785,194
synth_22706,194
synth_22687,194
synth_22666,194
synth_22721,194
synth_22722,194
synth_22729,194
synth_22714,194
synth_22765,194
synth_22731,194
synth_22803,194
synth_22712,194
synth_22772,194
synth_22787,194
synth_22796,194
synth_22780,194
synth_22718,194
synth_22671,194
synth_22696,194
synth_22698,194
synth_22668,194
synth_22704,194
synth_22771,194
synth_22709,194
synth_22705,194
synth_22723,194
synth_22767,194
synth_22730,194
synth_22781,194
synth_22703,194
synth_22677,194
synth_22742,194
synth_22764,194
synth_22786,194
synth_22690,194
synth_22798,194
synth_22683,194
synth_22770,194
synth_22737,194
synth_22686,194
synth_22719,194
synth_22776,194
synth_22746,194
synth_22716,194
synth_22793,194
synth_22678,194
synth_22689,194
synth_22795,194
synth_22777,194
synth_22701,194
synth_22784,194
synth_22664,194
synth_22761,194
synth_22769,194
synth_22791,194
synth_22682,194
synth_22695,194
synth_22720,194
synth_22752,194
synth_22667,194
synth_22670,194
synth_22763,194
synth_22727,194
synth_22758,194
synth_22757,194
synth_22775,194
synth_22734,194
synth_22768,194
synth_22804,194
synth_22753,194
synth_22751,194
synth_22774,194
synth_22697,194
synth_22661,194
synth_22732,194
synth_22663,194
synth_22669,194
synth_22728,194
synth_22691,194
synth_22801,194
synth_22685,194
synth_22799,194
synth_22736,194
synth_22692,194
synth_22740,194
synth_22739,194
synth_22741,194
synth_22724,194
synth_22679,194
synth_22748,194
synth_22744,194
synth_22792,194
synth_22662,194
synth_22762,194
synth_22693,194
synth_22783,194
synth_22790,194
synth_22680,194
synth_22726,194
synth_22756,194
synth_22699,194
synth_22750,194
synth_22684,194
synth_22711,194
synth_22733,194
synth_22759,194
synth_22672,194
synth_22755,194
synth_22773,194
synth_22789,194
synth_22715,194
synth_22747,194
synth_22778,194
synth_22688,194
synth_22681,194
synth_22802,194
synth_22800,194
synth_22665,194
synth_22738,194
synth_22743,194
synth_22717,194
synth_22782,194
synth_22794,194
synth_22660,194
synth_22749,194
synth_22710,194
synth_22766,194
synth_22702,194
synth_22760,194
synth_22725,194
synth_22885,193
synth_22946,193
synth_22948,193
synth_22934,193
synth_22817,193
synth_22855,193
synth_22848,193
synth_22819,193
synth_22833,193
synth_22876,193
synth_22849,193
synth_22888,193
synth_22857,193
synth_22894,193
synth_22860,193
synth_22869,193
synth_22827,193
synth_22840,193
synth_22935,193
synth_22939,193
synth_22856,193
synth_22907,193
synth_22868,193
synth_22815,193
synth_22851,193
synth_22866,193
synth_22859,193
synth_22890,193
synth_22899,193
synth_22878,193
synth_22931,193
synth_22918,193
synth_22953,193
synth_22873,193
synth_22896,193
synth_22951,193
synth_22807,193
synth_22954,193
synth_22928,193
synth_22842,193
synth_22936,193
synth_22945,193
synth_22895,193
synth_22839,193
synth_22915,193
synth_22917,193
synth_22912,193
synth_22950,193
synth_22814,193
synth_22892,193
synth_22922,193
synth_22905,193
synth_22837,193
synth_22834,193
synth_22941,193
synth_22891,193
synth_22861,193
synth_22921,193
synth_22825,193
synth_22850,193
synth_22902,193
synth_22923,193
synth_22919,193
synth_22863,193
synth_22867,193
synth_22828,193
synth_22864,193
synth_22882,193
synth_22821,193
synth_22906,193
synth_22886,193
synth_22832,193
synth_22938,193
synth_22880,193
synth_22897,193
synth_22932,193
synth_22909,193
synth_22874,193
synth_22806,193
synth_22823,193
synth_22893,193
synth_22925,193
synth_22879,193
synth_22841,193
synth_22901,193
synth_22853,193
synth_22914,193
synth_22845,193
synth_22900,193
synth_22829,193
synth_22838,193
synth_22913,193
synth_22944,193
synth_22924,193
synth_22836,193
synth_22920,193
synth_22926,193
synth_22943,193
synth_22952,193
synth_22870,193
synth_22884,193
synth_22816,193
synth_22820,193
synth_22844,193
synth_22826,193
synth_22947,193
synth_22846,193
synth_22810,193
synth_22835,193
synth_22933,193
synth_22812,193
synth_22822,193
synth_22808,193
synth_22847,193
synth_22858,193
synth_22937,193
synth_22930,193
synth_22927,193
synth_22854,193
synth_22898,193
synth_22929,193
synth_22824,193
synth_22887,193
synth_22809,193
synth_22871,193
synth_22872,193
synth_22904,193
synth_22949,193
synth_22818,193
synth_22831,193
synth_22910,193
synth_22889,193
synth_22942,193
synth_22811,193
synth_22883,193
synth_22843,193
synth_22903,193
synth_22916,193
synth_22852,193
synth_22830,193
synth_22908,193
synth_22877,193
synth_22813,193
synth_22881,193
synth_22940,193
synth_22862,193
synth_22911,193
synth_22875,193
synth_22865,193
synth_23103,192
synth_23026,192
synth_23076,192
synth_22962,192
synth_22982,192
synth_23011,192
synth_23016,192
synth_22955,192
synth_23097,192
synth_23042,192
synth_23069,192
synth_23060,192
synth_23065,192
synth_23063,192
synth_23091,192
synth_23034,192
synth_23003,192
synth_23002,192
synth_22975,192
synth_22970,192
synth_23006,192
synth_23021,192
synth_23043,192
synth_23101,192
synth_23072,192
synth_22967,192
synth_23051,192
synth_23061,192
synth_22987,192
synth_23012,192
synth_23005,192
synth_23028,192
synth_23029,192
synth_23089,192
synth_22959,192
synth_23040,192
synth_22958,192
synth_23045,192
synth_22977,192
synth_22999,192
synth_23022,192
synth_22996,192
synth_23009,192
synth_23030,192
synth_23057,192
synth_22978,192
synth_22998,192
synth_23007,192
synth_23004,192
synth_23058,192
synth_23096,192
synth_23104,192
synth_23013,192
synth_22989,192
synth_23024,192
synth_22971,192
synth_23071,192
synth_22965,192
synth_23046,192
synth_23048,192
synth_23019,192
synth_22963,192
synth_23018,192
synth_23023,192
synth_23080,192
synth_22966,192
synth_23088,192
synth_22973,192
synth_23039,192
synth_23044,192
synth_22964,192
synth_23100,192
synth_22981,192
synth_23098,192
synth_23066,192
synth_22990,192
synth_23017,192
synth_23035,192
synth_23020,192
synth_22972,192
synth_23033,192
synth_22976,192
synth_23041,192
synth_23062,192
synth_23055,192
synth_23073,192
synth_23031,192
synth_23079,192
synth_23049,192
synth_23070,192
synth_22992,192
synth_23050,192
synth_23092,192
synth_22960,192
synth_23038,192
synth_22985,192
synth_23093,192
synth_23085,192
synth_22997,192
synth_22961,192
synth_23099,192
synth_22995,192
synth_23037,192
synth_23067,192
synth_23090,192
synth_23075,192
synth_23081,192
synth_22980,192
synth_23083,192
synth_23094,192
synth_23095,192
synth_23102,192
synth_22979,192
synth_22974,192
synth_23082,192
synth_22991,192
synth_23010,192
synth_22986,192
synth_23074,192
synth_22984,192
synth_23025,192
synth_22994,192
synth_23052,192
synth_23053,192
synth_23008,192
synth_23087,192
synth_22968,192
synth_23056,192
synth_23027,192
synth_22969,192
synth_23078,192
synth_22957,192
synth_23086,192
synth_23068,192
synth_23054,192
synth_23064,192
synth_23084,192
synth_22983,192
synth_23001,192
synth_23014,192
synth_23077,192
synth_23032,192
synth_22956,192
synth_23000,192
synth_22988,192
synth_22993,192
synth_23036,192
synth_23015,192
synth_23047,192
synth_23059,192
synth_23219,191
synth_23199,191
synth_23197,191
synth_23162,191
synth_23126,191
synth_23216,191
synth_23223,191
synth_23124,191
synth_23107,191
synth_23132,191
synth_23135,191
synth_23190,191
synth_23235,191
synth_23106,191
synth_23255,191
synth_23230,191
synth_23133,191
synth_23225,191
synth_23131,191
synth_23205,191
synth_23206,191
synth_23175,191
synth_23182,191
synth_23122,191
synth_23120,191
synth_23179,191
synth_23115,191
synth_23212,191
synth_23114,191
synth_23136,191
synth_23169,191
synth_23130,191
synth_23157,191
synth_23172,191
synth_23239,191
synth_23189,191
synth_23251,191
synth_23224,191
synth_23168,191
synth_23246,191
synth_23226,191
synth_23118,191
synth_23204,191
synth_23229,191
synth_23236,191
synth_23237,191
synth_23185,191
synth_23151,191
synth_23213,191
synth_23152,191
synth_23244,191
synth_23144,191
synth_23108,191
synth_23163,191
synth_23184,191
synth_23137,191
synth_23165,191
synth_23174,191
synth_23208,191
synth_23183,191
synth_23241,191
synth_23217,191
synth_23254,191
synth_23134,191
synth_23240,191
synth_23248,191
synth_23146,191
synth_23113,191
synth_23232,191
synth_23171,191
synth_23198,191
synth_23200,191
synth_23139,191
synth_23234,191
synth_23121,191
synth_23145,191
synth_23247,191
synth_23110,191
synth_23112,191
synth_23186,191
synth_23194,191
synth_23117,191
synth_23177,191
synth_23119,191
synth_23218,191
synth_23220,191
synth_23158,191
synth_23176,191
synth_23188,191
synth_23140,191
synth_23215,191
synth_23164,191
synth_23211,191
synth_23180,191
synth_23147,191
synth_23207,191
synth_23111,191
synth_23227,191
synth_23238,191
synth_23242,191
synth_23109,191
synth_23143,191
synth_23159,191
synth_23123,191
synth_23125,191
synth_23181,191
synth_23245,191
synth_23170,191
synth_23173,191
synth_23195,191
synth_23153,191
synth_23128,191
synth_23138,191
synth_23192,191
synth_23178,191
synth_23127,191
synth_23214,191
synth_23187,191
synth_23150,191
synth_23142,191
synth_23201,191
synth_23141,191
synth_23161,191
synth_23191,191
synth_23116,191
synth_23210,191
synth_23252,191
synth_23105,191
synth_23243,191
synth_23228,191
synth_23231,191
synth_23196,191
synth_23233,191
synth_23253,191
synth_23167,191
synth_23193,191
synth_23203,191
synth_23148,191
synth_23209,191
synth_23250,191
synth_23149,191
synth_23129,191
synth_23154,191
synth_23156,191
synth_23166,191
synth_23221,191
synth_23249,191
synth_23222,191
synth_23160,191
synth_23202,191
synth_23155,191
synth_23261,190
synth_23307,190
synth_23288,190
synth_23365,190
synth_23339,190
synth_23348,190
synth_23297,190
synth_23328,190
synth_23400,190
synth_23310,190
synth_23318,190
synth_23278,190
synth_23381,190
synth_23338,190
synth_23274,190
synth_23401,190
synth_23276,190
synth_23382,190
synth_23335,190
synth_23326,190
synth_23340,190
synth_23291,190
synth_23396,190
synth_23355,190
synth_23384,190
synth_23395,190
synth_23376,190
synth_23317,190
synth_23304,190
synth_23385,190
synth_23387,190
synth_23362,190
synth_23282,190
synth_23399,190
synth_23389,190
synth_23329,190
synth_23353,190
synth_23406,190
synth_23346,190
synth_23336,190
synth_23321,190
synth_23263,190
synth_23319,190
synth_23344,190
synth_23352,190
synth_23271,190
synth_23259,190
synth_23409,190
synth_23257,190
synth_23296,190
synth_23269,190
synth_23289,190
synth_23345,190
synth_23368,190
synth_23313,190
synth_23388,190
synth_23334,190
synth_23394,190
synth_23268,190
synth_23375,190
synth_23305,190
synth_23265,190
synth_23301,190
synth_23272,190
synth_23343,190
synth_23359,190
synth_23366,190
synth_23370,190
synth_23383,190
synth_23393,190
synth_23379,190
synth_23397,190
synth_23323,190
synth_23374,190
synth_23256,190
synth_23312,190
synth_23320,190
synth_23306,190
synth_23402,190
synth_23302,190
synth_23356,190
synth_23347,190
synth_23377,190
synth_23330,190
synth_23273,190
synth_23299,190
synth_23331,190
synth_23358,190
synth_23260,190
synth_23277,190
synth_23309,190
synth_23327,190
synth_23298,190
synth_23391,190
synth_23405,190
synth_23350,190
synth_23287,190
synth_23408,190
synth_23258,190
synth_23281,190
synth_23285,190
synth_23378,190
synth_23264,190
synth_23332,190
synth_23371,190
synth_23398,190
synth_23308,190
synth_23407,190
synth_23386,190
synth_23341,190
synth_23303,190
synth_23284,190
synth_23342,190
synth_23360,190
synth_23367,190
synth_23275,190
synth_23403,190
synth_23267,190
synth_23390,190
synth_23279,190
synth_23311,190
synth_23373,190
synth_23333,190
synth_23364,190
synth_23337,190
synth_23315,190
synth_23349,190
synth_23322,190
synth_23361,190
synth_23286,190
synth_23300,190
synth_23316,190
synth_23369,190
synth_23314,190
synth_23372,190
synth_23290,190
synth_23380,190
synth_23280,190
synth_23295,190
synth_23283,190
synth_23351,190
synth_23270,190
synth_23293,190
synth_23363,190
synth_23266,190
synth_23325,190
synth_23357,190
synth_23404,190
synth_23262,190
synth_23294,190
synth_23324,190
synth_23392,190
synth_23354,190
synth_23292,190
synth_23451,189
synth_23468,189
synth_23500,189
synth_23463,189
synth_23556,189
synth_23530,189
synth_23494,189
synth_23439,189
synth_23442,189
synth_23447,189
synth_23423,189
synth_23560,189
synth_23443,189
synth_23466,189
synth_23469,189
synth_23518,189
synth_23483,189
synth_23430,189
synth_23438,189
synth_23498,189
synth_23561,189
synth_23460,189
synth_23548,189
synth_23485,189
synth_23546,189
synth_23425,189
synth_23505,189
synth_23432,189
synth_23415,189
synth_23515,189
synth_23527,189
synth_23524,189
synth_23529,189
synth_23465,189
synth_23528,189
synth_23558,189
synth_23444,189
synth_23516,189
synth_23431,189
synth_23459,189
synth_23475,189
synth_23538,189
synth_23429,189
synth_23452,189
synth_23555,189
synth_23519,189
synth_23517,189
synth_23434,189
synth_23536,189
synth_23449,189
synth_23501,189
synth_23508,189
synth_23457,189
synth_23511,189
synth_23435,189
synth_23445,189
synth_23462,189
synth_23513,189
synth_23477,189
synth_23448,189
synth_23489,189
synth_23559,189
synth_23412,189
synth_23473,189
synth_23428,189
synth_23539,189
synth_23470,189
synth_23495,189
synth_23478,189
synth_23456,189
synth_23437,189
synth_23422,189
synth_23525,189
synth_23545,189
synth_23554,189
synth_23488,189
synth_23523,189
synth_23472,189
synth_23535,189
synth_23464,189
synth_23471,189
synth_23479,189
synth_23552,189
synth_23507,189
synth_23441,189
synth_23550,189
synth_23414,189
synth_23499,189
synth_23454,189
synth_23504,189
synth_23418,189
synth_23521,189
synth_23520,189
synth_23531,189
synth_23522,189
synth_23532,189
synth_23453,189
synth_23474,189
synth_23509,189
synth_23416,189
synth_23491,189
synth_23533,189
synth_23514,189
synth_23446,189
synth_23484,189
synth_23461,189
synth_23433,189
synth_23480,189
synth_23476,189
synth_23544,189
synth_23503,189
synth_23551,189
synth_23492,189
synth_23502,189
synth_23419,189
synth_23436,189
synth_23450,189
synth_23490,189
synth_23427,189
synth_23424,189
synth_23547,189
synth_23526,189
synth_23410,189
synth_23420,189
synth_23458,189
synth_23534,189
synth_23562,189
synth_23486,189
synth_23510,189
synth_23497,189
synth_23421,189
synth_23506,189
synth_23540,189
synth_23417,189
synth_23481,189
synth_23553,189
synth_23467,189
synth_23487,189
synth_23493,189
synth_23549,189
synth_23557,189
synth_23512,189
synth_23482,189
synth_23455,189
synth_23542,189
synth_23496,189
synth_23426,189
synth_23541,189
synth_23543,189
synth_23563,189
synth_23411,189
synth_23413,189
synth_23440,189
synth_23537,189
synth_23564,189
synth_23659,188
synth_23690,188
synth_23568,188
synth_23683,188
synth_23714,188
synth_23638,188
synth_23573,188
synth_23576,188
synth_23660,188
synth_23621,188
synth_23578,188
synth_23677,188
synth_23685,188
synth_23574,188
synth_23633,188
synth_23565,188
synth_23669,188
synth_23650,188
synth_23648,188
synth_23586,188
synth_23567,188
synth_23616,188
synth_23632,188
synth_23662,188
synth_23602,188
synth_23696,188
synth_23645,188
synth_23689,188
synth_23641,188
synth_23695,188
synth_23583,188
synth_23705,188
synth_23681,188
synth_23569,188
synth_23718,188
synth_23667,188
synth_23687,188
synth_23720,188
synth_23701,188
synth_23719,188
synth_23615,188
synth_23639,188
synth_23587,188
synth_23597,188
synth_23636,188
synth_23657,188
synth_23635,188
synth_23661,188
synth_23581,188
synth_23572,188
synth_23647,188
synth_23674,188
synth_23605,188
synth_23591,188
synth_23694,188
synth_23575,188
synth_23710,188
synth_23566,188
synth_23654,188
synth_23644,188
synth_23671,188
synth_23676,188
synth_23603,188
synth_23709,188
synth_23670,188
synth_23606,188
synth_23699,188
synth_23625,188
synth_23692,188
synth_23582,188
synth_23618,188
synth_23717,188
synth_23619,188
synth_23623,188
synth_23649,188
synth_23678,188
synth_23607,188
synth_23672,188
synth_23679,188
synth_23684,188
synth_23612,188
synth_23595,188
synth_23608,188
synth_23715,188
synth_23637,188
synth_23691,188
synth_23604,188
synth_23634,188
synth_23655,188
synth_23702,188
synth_23599,188
synth_23663,188
synth_23653,188
synth_23610,188
synth_23589,188
synth_23643,188
synth_23704,188
synth_23664,188
synth_23682,188
synth_23590,188
synth_23700,188
synth_23703,188
synth_23585,188
synth_23698,188
synth_23656,188
synth_23711,188
synth_23675,188
synth_23594,188
synth_23617,188
synth_23708,188
synth_23601,188
synth_23652,188
synth_23713,188
synth_23577,188
synth_23627,188
synth_23651,188
synth_23630,188
synth_23571,188
synth_23721,188
synth_23598,188
synth_23588,188
synth_23609,188
synth_23631,188
synth_23592,188
synth_23640,188
synth_23716,188
synth_23628,188
synth_23697,188
synth_23668,188
synth_23658,188
synth_23611,188
synth_23579,188
synth_23686,188
synth_23584,188
synth_23642,188
synth_23680,188
synth_23688,188
synth_23620,188
synth_23596,188
synth_23570,188
synth_23613,188
synth_23712,188
synth_23593,188
synth_23614,188
synth_23706,188
synth_23629,188
synth_23707,188
synth_23600,188
synth_23626,188
synth_23673,188
synth_23665,188
synth_23624,188
synth_23580,188
synth_23622,188
synth_23646,188
synth_23666,188
synth_23693,188
synth_23767,187
synth_23794,187
synth_23760,187
synth_23762,187
synth_23845,187
synth_23853,187
synth_23869,187
synth_23783,187
synth_23772,187
synth_23828,187
synth_23829,187
synth_23738,187
synth_23834,187
synth_23792,187
synth_23734,187
synth_23811,187
synth_23815,187
synth_23771,187
synth_23803,187
synth_23841,187
synth_23812,187
synth_23875,187
synth_23831,187
synth_23809,187
synth_23827,187
synth_23733,187
synth_23799,187
synth_23784,187
synth_23865,187
synth_23750,187
synth_23872,187
synth_23819,187
synth_23807,187
synth_23774,187
synth_23806,187
synth_23855,187
synth_23857,187
synth_23805,187
synth_23748,187
synth_23848,187
synth_23833,187
synth_23858,187
synth_23838,187
synth_23769,187
synth_23776,187
synth_23850,187
synth_23754,187
synth_23724,187
synth_23830,187
synth_23802,187
synth_23779,187
synth_23847,187
synth_23753,187
synth_23722,187
synth_23737,187
synth_23763,187
synth_23777,187
synth_23873,187
synth_23739,187
synth_23759,187
synth_23801,187
synth_23752,187
synth_23864,187
synth_23728,187
synth_23851,187
synth_23786,187
synth_23860,187
synth_23804,187
synth_23844,187
synth_23744,187
synth_23880,187
synth_23877,187
synth_23747,187
synth_23758,187
synth_23879,187
synth_23755,187
synth_23849,187
synth_23788,187
synth_23797,187
synth_23821,187
synth_23757,187
synth_23749,187
synth_23820,187
synth_23756,187
synth_23868,187
synth_23730,187
synth_23787,187
synth_23863,187
synth_23741,187
synth_23826,187
synth_23836,187
synth_23862,187
synth_23852,187
synth_23866,187
synth_23775,187
synth_23731,187
synth_23742,187
synth_23740,187
synth_23782,187
synth_23796,187
synth_23761,187
synth_23874,187
synth_23825,187
synth_23766,187
synth_23816,187
synth_23780,187
synth_23854,187
synth_23876,187
synth_23814,187
synth_23745,187
synth_23798,187
synth_23781,187
synth_23751,187
synth_23867,187
synth_23823,187
synth_23861,187
synth_23818,187
synth_23808,187
synth_23839,187
synth_23837,187
synth_23840,187
synth_23800,187
synth_23856,187
synth_23764,187
synth_23727,187
synth_23778,187
synth_23765,187
synth_23870,187
synth_23773,187
synth_23813,187
synth_23789,187
synth_23871,187
synth_23878,187
synth_23790,187
synth_23736,187
synth_23859,187
synth_23732,187
synth_23832,187
synth_23846,187
synth_23810,187
synth_23817,187
synth_23835,187
synth_23743,187
synth_23725,187
synth_23785,187
synth_23824,187
synth_23768,187
synth_23843,187
synth_23729,187
synth_23770,187
synth_23791,187
synth_23793,187
synth_23842,187
synth_23795,187
synth_23746,187
synth_23822,187
synth_23735,187
synth_23723,187
synth_23726,187
synth_23882,186
synth_23920,186
synth_24035,186
synth_23962,186
synth_23966,186
synth_23941,186
synth_23892,186
synth_23965,186
synth_24033,186
synth_23939,186
synth_23992,186
synth_24001,186
synth_24009,186
synth_23896,186
synth_23926,186
synth_23960,186
synth_24016,186
synth_23971,186
synth_24030,186
synth_24002,186
synth_24003,186
synth_23894,186
synth_23904,186
synth_23951,186
synth_23903,186
synth_23928,186
synth_23906,186
synth_23895,186
synth_23930,186
synth_23968,186
synth_24014,186
synth_23888,186
synth_24026,186
synth_23969,186
synth_23909,186
synth_23910,186
synth_23972,186
synth_23933,186
synth_23959,186
synth_23961,186
synth_24018,186
synth_23923,186
synth_23963,186
synth_23990,186
synth_23991,186
synth_23908,186
synth_23925,186
synth_24015,186
synth_23905,186
synth_24020,186
synth_24040,186
synth_23899,186
synth_23881,186
synth_23937,186
synth_23932,186
synth_23957,186
synth_23993,186
synth_23994,186
synth_24039,186
synth_23956,186
synth_23967,186
synth_23927,186
synth_24024,186
synth_23885,186
synth_23897,186
synth_23936,186
synth_23948,186
synth_23977,186
synth_24010,186
synth_24017,186
synth_23986,186
synth_24028,186
synth_23900,186
synth_23938,186
synth_24006,186
synth_23997,186
synth_23911,186
synth_23922,186
synth_23914,186
synth_23953,186
synth_23886,186
synth_23984,186
synth_23964,186
synth_24005,186
synth_23999,186
synth_23913,186
synth_24031,186
synth_23907,186
synth_24023,186
synth_23946,186
synth_24004,186
synth_23980,186
synth_23998,186
synth_23917,186
synth_23898,186
synth_23901,186
synth_23893,186
synth_23915,186
synth_24011,186
synth_24008,186
synth_23943,186
synth_23955,186
synth_23988,186
synth_23978,186
synth_23945,186
synth_23947,186
synth_24012,186
synth_24041,186
synth_23989,186
synth_23970,186
synth_23883,186
synth_23949,186
synth_23995,186
synth_24022,186
synth_23996,186
synth_23918,186
synth_24025,186
synth_23987,186
synth_23890,186
synth_23921,186
synth_23944,186
synth_24007,186
synth_23981,186
synth_24032,186
synth_23934,186
synth_23887,186
synth_24038,186
synth_23950,186
synth_23916,186
synth_23940,186
synth_23958,186
synth_24000,186
synth_23924,186
synth_23929,186
synth_23884,186
synth_24036,186
synth_23912,186
synth_23983,186
synth_23979,186
synth_23985,186
synth_24027,186
synth_23942,186
synth_24034,186
synth_23954,186
synth_24013,186
synth_23975,186
synth_24029,186
synth_23952,186
synth_23976,186
synth_23902,186
synth_24021,186
synth_23889,186
synth_24037,186
synth_23935,186
synth_24019,186
synth_23973,186
synth_23919,186
synth_23974,186
synth_23931,186
synth_23891,186
synth_23982,186
synth_24099,185
synth_24101,185
synth_24086,185
synth_24154,185
synth_24123,185
synth_24144,185
synth_24178,185
synth_24107,185
synth_24075,185
synth_24184,185
synth_24157,185
synth_24048,185
synth_24104,185
synth_24138,185
synth_24064,185
synth_24172,185
synth_24128,185
synth_24046,185
synth_24175,185
synth_24195,185
synth_24159,185
synth_24191,185
synth_24134,185
synth_24151,185
synth_24129,185
synth_24150,185
synth_24055,185
synth_24116,185
synth_24145,185
synth_24148,185
synth_24063,185
synth_24113,185
synth_24180,185
synth_24146,185
synth_24197,185
synth_24177,185
synth_24051,185
synth_24158,185
synth_24174,185
synth_24076,185
synth_24187,185
synth_24203,185
synth_24135,185
synth_24080,185
synth_24194,185
synth_24072,185
synth_24110,185
synth_24162,185
synth_24117,185
synth_24193,185
synth_24081,185
synth_24186,185
synth_24122,185
synth_24052,185
synth_24176,185
synth_24202,185
synth_24103,185
synth_24079,185
synth_24118,185
synth_24044,185
synth_24108,185
synth_24173,185
synth_24167,185
synth_24109,185
synth_24060,185
synth_24125,185
synth_24073,185
synth_24045,185
synth_24056,185
synth_24059,185
synth_24094,185
synth_24068,185
synth_24077,185
synth_24136,185
synth_24065,185
synth_24105,185
synth_24131,185
synth_24089,185
synth_24161,185
synth_24164,185
synth_24042,185
synth_24093,185
synth_24153,185
synth_24137,185
synth_24170,185
synth_24071,185
synth_24156,185
synth_24200,185
synth_24112,185
synth_24185,185
synth_24088,185
synth_24121,185
synth_24098,185
synth_24070,185
synth_24085,185
synth_24054,185
synth_24183,185
synth_24058,185
synth_24163,185
synth_24090,185
synth_24140,185
synth_24188,185
synth_24182,185
synth_24139,185
synth_24120,185
synth_24067,185
synth_24142,185
synth_24087,185
synth_24169,185
synth_24133,185
synth_24155,185
synth_24160,185
synth_24114,185
synth_24083,185
synth_24092,185
synth_24100,185
synth_24062,185
synth_24091,185
synth_24111,185
synth_24141,185
synth_24189,185
synth_24047,185
synth_24168,185
synth_24165,185
synth_24097,185
synth_24166,185
synth_24171,185
synth_24201,185
synth_24192,185
synth_24049,185
synth_24106,185
synth_24057,185
synth_24061,185
synth_24102,185
synth_24130,185
synth_24084,185
synth_24147,185
synth_24095,185
synth_24179,185
synth_24124,185
synth_24126,185
synth_24190,185
synth_24199,185
synth_24053,185
synth_24069,185
synth_24082,185
synth_24119,185
synth_24066,185
synth_24196,185
synth_24198,185
synth_24204,185
synth_24115,185
synth_24078,185
synth_24149,185
synth_24074,185
synth_24043,185
synth_24132,185
synth_24127,185
synth_24050,185
synth_24096,185
synth_24152,185
synth_24143,185
synth_24181,185
synth_24300,184
synth_24237,184
synth_24349,184
synth_24234,184
synth_24326,184
synth_24301,184
synth_24278,184
synth_24283,184
synth_24323,184
synth_24309,184
synth_24227,184
synth_24368,184
synth_24307,184
synth_24344,184
synth_24205,184
synth_24348,184
synth_24223,184
synth_24256,184
synth_24361,184
synth_24207,184
synth_24314,184
synth_24289,184
synth_24331,184
synth_24288,184
synth_24338,184
synth_24353,184
synth_24287,184
synth_24282,184
synth_24303,184
synth_24329,184
synth_24243,184
synth_24297,184
synth_24222,184
synth_24246,184
synth_24271,184
synth_24239,184
synth_24259,184
synth_24346,184
synth_24277,184
synth_24322,184
synth_24350,184
synth_24252,184
synth_24213,184
synth_24240,184
synth_24296,184
synth_24208,184
synth_24209,184
synth_24245,184
synth_24363,184
synth_24217,184
synth_24276,184
synth_24255,184
synth_24318,184
synth_24241,184
synth_24225,184
synth_24230,184
synth_24250,184
synth_24340,184
synth_24336,184
synth_24220,184
synth_24351,184
synth_24285,184
synth_24310,184
synth_24244,184
synth_24273,184
synth_24316,184
synth_24343,184
synth_24229,184
synth_24357,184
synth_24328,184
synth_24333,184
synth_24232,184
synth_24284,184
synth_24369,184
synth_24327,184
synth_24268,184
synth_24233,184
synth_24279,184
synth_24295,184
synth_24347,184
synth_24257,184
synth_24251,184
synth_24339,184
synth_24332,184
synth_24238,184
synth_24308,184
synth_24315,184
synth_24360,184
synth_24324,184
synth_24206,184
synth_24274,184
synth_24311,184
synth_24325,184
synth_24219,184
synth_24367,184
synth_24215,184
synth_24221,184
synth_24352,184
synth_24236,184
synth_24242,184
synth_24355,184
synth_24254,184
synth_24341,184
synth_24214,184
synth_24275,184
synth_24290,184
synth_24292,184
synth_24211,184
synth_24265,184
synth_24291,184
synth_24320,184
synth_24249,184
synth_24261,184
synth_24359,184
synth_24231,184
synth_24226,184
synth_24258,184
synth_24321,184
synth_24216,184
synth_24317,184
synth_24366,184
synth_24365,184
synth_24218,184
synth_24362,184
synth_24262,184
synth_24298,184
synth_24312,184
synth_24272,184
synth_24364,184
synth_24253,184
synth_24313,184
synth_24358,184
synth_24280,184
synth_24210,184
synth_24330,184
synth_24337,184
synth_24299,184
synth_24224,184
synth_24345,184
synth_24260,184
synth_24247,184
synth_24270,184
synth_24342,184
synth_24354,184
synth_24228,184
synth_24269,184
synth_24335,184
synth_24248,184
synth_24263,184
synth_24266,184
synth_24267,184
synth_24235,184
synth_24286,184
synth_24264,184
synth_24304,184
synth_24212,184
synth_24302,184
synth_24281,184
synth_24306,184
synth_24334,184
synth_24293,184
synth_24294,184
synth_24356,184
synth_24305,184
synth_24319,184
synth_24469,183
synth_24529,183
synth_24478,183
synth_24462,183
synth_24463,183
synth_24471,183
synth_24439,183
synth_24514,183
synth_24500,183
synth_24486,183
synth_24533,183
synth_24446,183
synth_24432,183
synth_24458,183
synth_24477,183
synth_24509,183
synth_24452,183
synth_24485,183
synth_24490,183
synth_24438,183
synth_24437,183
synth_24502,183
synth_24395,183
synth_24413,183
synth_24460,183
synth_24414,183
synth_24416,183
synth_24498,183
synth_24376,183
synth_24501,183
synth_24443,183
synth_24385,183
synth_24518,183
synth_24532,183
synth_24403,183
synth_24459,183
synth_24408,183
synth_24479,183
synth_24476,183
synth_24445,183
synth_24404,183
synth_24504,183
synth_24495,183
synth_24531,183
synth_24496,183
synth_24492,183
synth_24371,183
synth_24454,183
synth_24409,183
synth_24447,183
synth_24401,183
synth_24536,183
synth_24494,183
synth_24465,183
synth_24530,183
synth_24411,183
synth_24503,183
synth_24516,183
synth_24464,183
synth_24475,183
synth_24434,183
synth_24400,183
synth_24442,183
synth_24466,183
synth_24384,183
synth_24430,183
synth_24380,183
synth_24386,183
synth_24405,183
synth_24392,183
synth_24526,183
synth_24472,183
synth_24391,183
synth_24512,183
synth_24398,183
synth_24535,183
synth_24396,183
synth_24461,183
synth_24387,183
synth_24373,183
synth_24444,183
synth_24484,183
synth_24431,183
synth_24436,183
synth_24527,183
synth_24422,183
synth_24456,183
synth_24390,183
synth_24388,183
synth_24415,183
synth_24507,183
synth_24450,183
synth_24417,183
synth_24407,183
synth_24511,183
synth_24419,183
synth_24382,183
synth_24379,183
synth_24441,183
synth_24497,183
synth_24468,183
synth_24487,183
synth_24402,183
synth_24451,183
synth_24508,183
synth_24420,183
synth_24489,183
synth_24448,183
synth_24429,183
synth_24389,183
synth_24377,183
synth_24473,183
synth_24517,183
synth_24506,183
synth_24519,183
synth_24499,183
synth_24528,183
synth_24428,183
synth_24440,183
synth_24418,183
synth_24424,183
synth_24520,183
synth_24435,183
synth_24534,183
synth_24433,183
synth_24521,183
synth_24426,183
synth_24455,183
synth_24399,183
synth_24523,183
synth_24421,183
synth_24449,183
synth_24488,183
synth_24427,183
synth_24524,183
synth_24505,183
synth_24381,183
synth_24425,183
synth_24457,183
synth_24513,183
synth_24453,183
synth_24480,183
synth_24482,183
synth_24493,183
synth_24378,183
synth_24410,183
synth_24423,183
synth_24397,183
synth_24483,183
synth_24394,183
synth_24481,183
synth_24406,183
synth_24412,183
synth_24515,183
synth_24510,183
synth_24383,183
synth_24470,183
synth_24393,183
synth_24375,183
synth_24467,183
synth_24474,183
synth_24374,183
synth_24372,183
synth_24491,183
synth_24522,183
synth_24370,183
synth_24525,183
synth_24540,182
synth_24600,182
synth_24603,182
synth_24547,182
synth_24691,182
synth_24615,182
synth_24606,182
synth_24675,182
synth_24635,182
synth_24699,182
synth_24697,182
synth_24614,182
synth_24552,182
synth_24539,182
synth_24667,182
synth_24683,182
synth_24554,182
synth_24678,182
synth_24551,182
synth_24562,182
synth_24610,182
synth_24693,182
synth_24681,182
synth_24679,182
synth_24617,182
synth_24571,182
synth_24597,182
synth_24659,182
synth_24662,182
synth_24588,182
synth_24576,182
synth_24616,182
synth_24651,182
synth_24607,182
synth_24626,182
synth_24585,182
synth_24673,182
synth_24574,182
synth_24664,182
synth_24642,182
synth_24633,182
synth_24672,182
synth_24702,182
synth_24619,182
synth_24543,182
synth_24545,182
synth_24578,182
synth_24566,182
synth_24590,182
synth_24680,182
synth_24685,182
synth_24689,182
synth_24563,182
synth_24625,182
synth_24639,182
synth_24692,182
synth_24570,182
synth_24670,182
synth_24618,182
synth_24696,182
synth_24676,182
synth_24541,182
synth_24653,182
synth_24589,182
synth_24572,182
synth_24656,182
synth_24602,182
synth_24652,182
synth_24688,182
synth_24581,182
synth_24582,182
synth_24579,182
synth_24695,182
synth_24698,182
synth_24661,182
synth_24560,182
synth_24623,182
synth_24647,182
synth_24553,182
synth_24608,182
synth_24630,182
synth_24648,182
synth_24684,182
synth_24663,182
synth_24568,182
synth_24596,182
synth_24569,182
synth_24555,182
synth_24654,182
synth_24573,182
synth_24660,182
synth_24584,182
synth_24682,182
synth_24686,182
synth_24687,182
synth_24575,182
synth_24613,182
synth_24668,182
synth_24550,182
synth_24559,182
synth_24650,182
synth_24544,182
synth_24655,182
synth_24706,182
synth_24592,182
synth_24538,182
synth_24640,182
synth_24558,182
synth_24632,182
synth_24634,182
synth_24700,182
synth_24609,182
synth_24677,182
synth_24605,182
synth_24705,182
synth_24611,182
synth_24587,182
synth_24591,182
synth_24537,182
synth_24598,182
synth_24644,182
synth_24593,182
synth_24612,182
synth_24657,182
synth_24546,182
synth_24601,182
synth_24583,182
synth_24636,182
synth_24658,182
synth_24703,182
synth_24567,182
synth_24638,182
synth_24564,182
synth_24549,182
synth_24621,182
synth_24594,182
synth_24631,182
synth_24580,182
synth_24557,182
synth_24577,182
synth_24595,182
synth_24620,182
synth_24669,182
synth_24627,182
synth_24666,182
synth_24694,182
synth_24622,182
synth_24645,182
synth_24649,182
synth_24561,182
synth_24674,182
synth_24704,182
synth_24586,182
synth_24690,182
synth_24665,182
synth_24624,182
synth_24556,182
synth_24604,182
synth_24671,182
synth_24542,182
synth_24565,182
synth_24637,182
synth_24646,182
synth_24629,182
synth_24701,182
synth_24599,182
synth_24628,182
synth_24641,182
synth_24643,182
synth_24548,182
synth_24717,181
synth_24719,181
synth_24843,181
synth_24722,181
synth_24746,181
synth_24758,181
synth_24829,181
synth_24803,181
synth_24816,181
synth_24823,181
synth_24848,181
synth_24749,181
synth_24808,181
synth_24861,181
synth_24864,181
synth_24721,181
synth_24858,181
synth_24866,181
synth_24874,181
synth_24850,181
synth_24741,181
synth_24757,181
synth_24862,181
synth_24732,181
synth_24767,181
synth_24853,181
synth_24804,181
synth_24774,181
synth_24845,181
synth_24731,181
synth_24711,181
synth_24715,181
synth_24755,181
synth_24747,181
synth_24791,181
synth_24801,181
synth_24709,181
synth_24811,181
synth_24877,181
synth_24835,181
synth_24842,181
synth_24707,181
synth_24790,181
synth_24846,181
synth_24764,181
synth_24771,181
synth_24723,181
synth_24851,181
synth_24714,181
synth_24776,181
synth_24815,181
synth_24784,181
synth_24860,181
synth_24766,181
synth_24828,181
synth_24871,181
synth_24787,181
synth_24796,181
synth_24841,181
synth_24819,181
synth_24779,181
synth_24863,181
synth_24727,181
synth_24797,181
synth_24838,181
synth_24872,181
synth_24768,181
synth_24827,181
synth_24725,181
synth_24754,181
synth_24761,181
synth_24836,181
synth_24729,181
synth_24854,181
synth_24742,181
synth_24781,181
synth_24814,181
synth_24833,181
synth_24739,181
synth_24818,181
synth_24821,181
synth_24805,181
synth_24730,181
synth_24802,181
synth_24792,181
synth_24744,181
synth_24752,181
synth_24748,181
synth_24865,181
synth_24726,181
synth_24736,181
synth_24807,181
synth_24847,181
synth_24772,181
synth_24743,181
synth_24786,181
synth_24825,181
synth_24773,181
synth_24775,181
synth_24868,181
synth_24859,181
synth_24822,181
synth_24852,181
synth_24785,181
synth_24857,181
synth_24826,181
synth_24830,181
synth_24832,181
synth_24795,181
synth_24799,181
synth_24839,181
synth_24733,181
synth_24794,181
synth_24800,181
synth_24708,181
synth_24840,181
synth_24870,181
synth_24810,181
synth_24834,181
synth_24759,181
synth_24765,181
synth_24780,181
synth_24720,181
synth_24869,181
synth_24798,181
synth_24745,181
synth_24763,181
synth_24782,181
synth_24875,181
synth_24735,181
synth_24812,181
synth_24712,181
synth_24820,181
synth_24876,181
synth_24728,181
synth_24770,181
synth_24777,181
synth_24778,181
synth_24750,181
synth_24813,181
synth_24788,181
synth_24824,181
synth_24844,181
synth_24849,181
synth_24724,181
synth_24817,181
synth_24831,181
synth_24856,181
synth_24756,181
synth_24740,181
synth_24751,181
synth_24760,181
synth_24806,181
synth_24737,181
synth_24710,181
synth_24738,181
synth_24753,181
synth_24809,181
synth_24789,181
synth_24873,181
synth_24793,181
synth_24867,181
synth_24713,181
synth_24718,181
synth_24769,181
synth_24734,181
synth_24783,181
synth_24762,181
synth_24837,181
synth_24855,181
synth_24716,181
synth_24895,180
synth_25038,180
synth_24893,180
synth_25016,180
synth_25024,180
synth_25025,180
synth_25022,180
synth_24908,180
synth_24974,180
synth_24998,180
synth_24973,180
synth_25020,180
synth_24931,180
synth_25002,180
synth_25011,180
synth_24965,180
synth_24996,180
synth_24885,180
synth_24939,180
synth_24967,180
synth_24912,180
synth_24940,180
synth_24914,180
synth_24972,180
synth_25043,180
synth_25048,180
synth_24961,180
synth_25027,180
synth_24896,180
synth_24950,180
synth_24889,180
synth_24958,180
synth_25039,180
synth_24883,180
synth_24917,180
synth_24936,180
synth_24959,180
synth_24969,180
synth_24943,180
synth_25045,180
synth_25006,180
synth_24913,180
synth_24927,180
synth_25003,180
synth_25012,180
synth_24938,180
synth_24962,180
synth_24915,180
synth_24964,180
synth_25044,180
synth_24894,180
synth_24884,180
synth_25046,180
synth_24924,180
synth_24991,180
synth_25029,180
synth_24977,180
synth_24941,180
synth_25017,180
synth_24946,180
synth_24948,180
synth_24949,180
synth_24957,180
synth_24942,180
synth_24988,180
synth_24919,180
synth_24907,180
synth_24922,180
synth_24999,180
synth_24899,180
synth_24901,180
synth_25047,180
synth_25049,180
synth_24921,180
synth_24994,180
synth_25040,180
synth_24945,180
synth_24960,180
synth_25030,180
synth_25010,180
synth_25005,180
synth_24881,180
synth_25035,180
synth_24923,180
synth_25036,180
synth_24911,180
synth_24904,180
synth_24906,180
synth_24978,180
synth_25013,180
synth_25023,180
synth_24979,180
synth_24920,180
synth_24932,180
synth_24905,180
synth_24935,180
synth_24970,180
synth_24930,180
synth_24997,180
synth_24971,180
synth_24880,180
synth_24937,180
synth_25021,180
synth_25014,180
synth_24975,180
synth_24986,180
synth_25042,180
synth_24918,180
synth_24929,180
synth_24992,180
synth_24878,180
synth_25033,180
synth_24910,180
synth_25000,180
synth_25041,180
synth_24903,180
synth_24909,180
synth_24928,180
synth_25031,180
synth_25009,180
synth_25050,180
synth_24985,180
synth_24976,180
synth_25037,180
synth_24984,180
synth_24980,180
synth_24900,180
synth_24926,180
synth_24987,180
synth_24892,180
synth_24956,180
synth_25034,180
synth_24947,180
synth_24888,180
synth_24951,180
synth_24966,180
synth_24886,180
synth_24879,180
synth_25015,180
synth_24952,180
synth_24891,180
synth_24990,180
synth_24944,180
synth_24982,180
synth_25008,180
synth_25028,180
synth_24989,180
synth_24897,180
synth_24993,180
synth_24925,180
synth_24968,180
synth_24887,180
synth_25019,180
synth_24953,180
synth_24933,180
synth_25032,180
synth_24890,180
synth_24898,180
synth_25001,180
synth_25004,180
synth_25018,180
synth_24963,180
synth_24902,180
synth_25026,180
synth_24983,180
synth_24954,180
synth_24882,180
synth_25007,180
synth_24981,180
synth_24916,180
synth_24995,180
synth_24934,180
synth_24955,180
synth_25121,179
synth_25221,179
synth_25215,179
synth_25087,179
synth_25143,179
synth_25119,179
synth_25163,179
synth_25117,179
synth_25164,179
synth_25068,179
synth_25210,179
synth_25092,179
synth_25213,179
synth_25200,179
synth_25212,179
synth_25225,179
synth_25079,179
synth_25084,179
synth_25191,179
synth_25193,179
synth_25132,179
synth_25056,179
synth_25133,179
synth_25086,179
synth_25201,179
synth_25089,179
synth_25162,179
synth_25209,179
synth_25128,179
synth_25138,179
synth_25099,179
synth_25071,179
synth_25134,179
synth_25151,179
synth_25172,179
synth_25180,179
synth_25222,179
synth_25139,179
synth_25123,179
synth_25135,179
synth_25075,179
synth_25118,179
synth_25067,179
synth_25070,179
synth_25145,179
synth_25146,179
synth_25112,179
synth_25205,179
synth_25100,179
synth_25066,179
synth_25148,179
synth_25197,179
synth_25211,179
synth_25058,179
synth_25109,179
synth_25189,179
synth_25179,179
synth_25111,179
synth_25140,179
synth_25194,179
synth_25166,179
synth_25167,179
synth_25082,179
synth_25170,179
synth_25054,179
synth_25105,179
synth_25076,179
synth_25159,179
synth_25220,179
synth_25085,179
synth_25064,179
synth_25178,179
synth_25055,179
synth_25124,179
synth_25144,179
synth_25204,179
synth_25142,179
synth_25190,179
synth_25062,179
synth_25090,179
synth_25114,179
synth_25214,179
synth_25088,179
synth_25184,179
synth_25185,179
synth_25098,179
synth_25150,179
synth_25129,179
synth_25095,179
synth_25195,179
synth_25107,179
synth_25113,179
synth_25177,179
synth_25125,179
synth_25141,179
synth_25157,179
synth_25175,179
synth_25183,179
synth_25216,179
synth_25102,179
synth_25115,179
synth_25127,179
synth_25063,179
synth_25152,179
synth_25196,179
synth_25219,179
synth_25116,179
synth_25155,179
synth_25073,179
synth_25165,179
synth_25106,179
synth_25198,179
synth_25120,179
synth_25081,179
synth_25097,179
synth_25103,179
synth_25069,179
synth_25224,179
synth_25218,179
synth_25060,179
synth_25093,179
synth_25126,179
synth_25202,179
synth_25187,179
synth_25122,179
synth_25158,179
synth_25161,179
synth_25173,179
synth_25094,179
synth_25110,179
synth_25083,179
synth_25181,179
synth_25192,179
synth_25208,179
synth_25057,179
synth_25078,179
synth_25130,179
synth_25217,179
synth_25186,179
synth_25080,179
synth_25091,179
synth_25174,179
synth_25206,179
synth_25154,179
synth_25061,179
synth_25136,179
synth_25077,179
synth_25101,179
synth_25131,179
synth_25153,179
synth_25137,179
synth_25149,179
synth_25074,179
synth_25203,179
synth_25182,179
synth_25051,179
synth_25169,179
synth_25096,179
synth_25168,179
synth_25223,179
synth_25059,179
synth_25207,179
synth_25199,179
synth_25052,179
synth_25072,179
synth_25065,179
synth_25160,179
synth_25156,179
synth_25053,179
synth_25176,179
synth_25171,179
synth_25226,179
synth_25108,179
synth_25188,179
synth_25147,179
synth_25104,179
synth_25259,178
synth_25390,178
synth_25290,178
synth_25346,178
synth_25301,178
synth_25355,178
synth_25363,178
synth_25364,178
synth_25385,178
synth_25337,178
synth_25396,178
synth_25326,178
synth_25395,178
synth_25345,178
synth_25309,178
synth_25295,178
synth_25401,178
synth_25257,178
synth_25247,178
synth_25242,178
synth_25317,178
synth_25325,178
synth_25260,178
synth_25331,178
synth_25369,178
synth_25353,178
synth_25361,178
synth_25235,178
synth_25251,178
synth_25365,178
synth_25262,178
synth_25238,178
synth_25287,178
synth_25360,178
synth_25386,178
synth_25316,178
synth_25294,178
synth_25343,178
synth_25311,178
synth_25320,178
synth_25278,178
synth_25321,178
synth_25341,178
synth_25305,178
synth_25319,178
synth_25228,178
synth_25276,178
synth_25300,178
synth_25322,178
synth_25285,178
synth_25338,178
synth_25349,178
synth_25387,178
synth_25229,178
synth_25348,178
synth_25362,178
synth_25399,178
synth_25393,178
synth_25352,178
synth_25398,178
synth_25375,178
synth_25384,178
synth_25248,178
synth_25241,178
synth_25400,178
synth_25315,178
synth_25318,178
synth_25381,178
synth_25394,178
synth_25280,178
synth_25307,178
synth_25347,178
synth_25379,178
synth_25310,178
synth_25344,178
synth_25230,178
synth_25327,178
synth_25368,178
synth_25286,178
synth_25281,178
synth_25372,178
synth_25392,178
synth_25249,178
synth_25377,178
synth_25277,178
synth_25373,178
synth_25232,178
synth_25233,178
synth_25282,178
synth_25358,178
synth_25237,178
synth_25328,178
synth_25371,178
synth_25256,178
synth_25266,178
synth_25370,178
synth_25378,178
synth_25313,178
synth_25388,178
synth_25291,178
synth_25323,178
synth_25402,178
synth_25288,178
synth_25330,178
synth_25264,178
synth_25350,178
synth_25268,178
synth_25279,178
synth_25334,178
synth_25397,178
synth_25289,178
synth_25383,178
synth_25239,178
synth_25272,178
synth_25252,178
synth_25299,178
synth_25351,178
synth_25234,178
synth_25332,178
synth_25333,178
synth_25376,178
synth_25267,178
synth_25297,178
synth_25357,178
synth_25340,178
synth_25236,178
synth_25227,178
synth_25283,178
synth_25245,178
synth_25261,178
synth_25274,178
synth_25312,178
synth_25244,178
synth_25303,178
synth_25253,178
synth_25335,178
synth_25308,178
synth_25270,178
synth_25382,178
synth_25302,178
synth_25265,178
synth_25336,178
synth_25391,178
synth_25273,178
synth_25240,178
synth_25292,178
synth_25275,178
synth_25367,178
synth_25254,178
synth_25271,178
synth_25374,178
synth_25329,178
synth_25269,178
synth_25304,178
synth_25354,178
synth_25258,178
synth_25293,178
synth_25389,178
synth_25243,178
synth_25284,178
synth_25380,178
synth_25250,178
synth_25403,178
synth_25255,178
synth_25298,178
synth_25324,178
synth_25366,178
synth_25231,178
synth_25314,178
synth_25342,178
synth_25359,178
synth_25246,178
synth_25306,178
synth_25356,178
synth_25339,178
synth_25296,178
synth_25263,178
synth_25502,177
synth_25429,177
synth_25475,177
synth_25579,177
synth_25571,177
synth_25419,177
synth_25543,177
synth_25547,177
synth_25415,177
synth_25577,177
synth_25456,177
synth_25466,177
synth_25496,177
synth_25491,177
synth_25432,177
synth_25504,177
synth_25559,177
synth_25412,177
synth_25534,177
synth_25495,177
synth_25486,177
synth_25417,177
synth_25512,177
synth_25498,177
synth_25555,177
synth_25576,177
synth_25492,177
synth_25573,177
synth_25462,177
synth_25451,177
synth_25464,177
synth_25523,177
synth_25468,177
synth_25565,177
synth_25421,177
synth_25453,177
synth_25538,177
synth_25560,177
synth_25489,177
synth_25499,177
synth_25477,177
synth_25537,177
synth_25553,177
synth_25455,177
synth_25435,177
synth_25445,177
synth_25410,177
synth_25430,177
synth_25433,177
synth_25461,177
synth_25436,177
synth_25516,177
synth_25488,177
synth_25532,177
synth_25469,177
synth_25566,177
synth_25472,177
synth_25487,177
synth_25529,177
synth_25444,177
synth_25459,177
synth_25470,177
synth_25552,177
synth_25431,177
synth_25500,177
synth_25524,177
synth_25506,177
synth_25497,177
synth_25578,177
synth_25405,177
synth_25557,177
synth_25507,177
synth_25476,177
synth_25564,177
synth_25551,177
synth_25554,177
synth_25582,177
synth_25440,177
synth_25438,177
synth_25448,177
synth_25411,177
synth_25407,177
synth_25408,177
synth_25505,177
synth_25452,177
synth_25541,177
synth_25404,177
synth_25511,177
synth_25416,177
synth_25562,177
synth_25485,177
synth_25508,177
synth_25528,177
synth_25556,177
synth_25561,177
synth_25570,177
synth_25533,177
synth_25447,177
synth_25572,177
synth_25437,177
synth_25574,177
synth_25414,177
synth_25510,177
synth_25482,177
synth_25425,177
synth_25550,177
synth_25441,177
synth_25569,177
synth_25460,177
synth_25426,177
synth_25509,177
synth_25457,177
synth_25481,177
synth_25535,177
synth_25563,177
synth_25580,177
synth_25517,177
synth_25503,177
synth_25484,177
synth_25428,177
synth_25420,177
synth_25423,177
synth_25480,177
synth_25536,177
synth_25519,177
synth_25567,177
synth_25442,177
synth_25518,177
synth_25418,177
synth_25521,177
synth_25454,177
synth_25540,177
synth_25434,177
synth_25558,177
synth_25531,177
synth_25583,177
synth_25568,177
synth_25581,177
synth_25515,177
synth_25478,177
synth_25424,177
synth_25450,177
synth_25463,177
synth_25465,177
synth_25520,177
synth_25409,177
synth_25575,177
synth_25439,177
synth_25493,177
synth_25549,177
synth_25458,177
synth_25406,177
synth_25526,177
synth_25542,177
synth_25584,177
synth_25427,177
synth_25494,177
synth_25483,177
synth_25413,177
synth_25443,177
synth_25490,177
synth_25446,177
synth_25513,177
synth_25522,177
synth_25545,177
synth_25473,177
synth_25530,177
synth_25422,177
synth_25467,177
synth_25539,177
synth_25449,177
synth_25479,177
synth_25474,177
synth_25544,177
synth_25546,177
synth_25548,177
synth_25471,177
synth_25514,177
synth_25501,177
synth_25527,177
synth_25525,177
synth_25643,176
synth_25730,176
synth_25641,176
synth_25621,176
synth_25647,176
synth_25597,176
synth_25696,176
synth_25613,176
synth_25639,176
synth_25692,176
synth_25617,176
synth_25758,176
synth_25657,176
synth_25688,176
synth_25680,176
synth_25701,176
synth_25763,176
synth_25717,176
synth_25655,176
synth_25623,176
synth_25630,176
synth_25599,176
synth_25642,176
synth_25650,176
synth_25660,176
synth_25691,176
synth_25607,176
synth_25733,176
synth_25615,176
synth_25738,176
synth_25750,176
synth_25747,176
synth_25715,176
synth_25673,176
synth_25714,176
synth_25625,176
synth_25670,176
synth_25720,176
synth_25618,176
synth_25765,176
synth_25716,176
synth_25658,176
synth_25752,176
synth_25651,176
synth_25687,176
synth_25736,176
synth_25586,176
synth_25636,176
synth_25682,176
synth_25664,176
synth_25740,176
synth_25619,176
synth_25711,176
synth_25728,176
synth_25742,176
synth_25764,176
synth_25606,176
synth_25629,176
synth_25662,176
synth_25693,176
synth_25697,176
synth_25732,176
synth_25587,176
synth_25656,176
synth_25661,176
synth_25595,176
synth_25601,176
synth_25594,176
synth_25721,176
synth_25749,176
synth_25724,176
synth_25726,176
synth_25744,176
synth_25678,176
synth_25627,176
synth_25719,176
synth_25727,176
synth_25734,176
synth_25649,176
synth_25679,176
synth_25731,176
synth_25591,176
synth_25645,176
synth_25659,176
synth_25706,176
synth_25600,176
synth_25602,176
synth_25668,176
synth_25596,176
synth_25609,176
synth_25698,176
synth_25677,176
synth_25690,176
synth_25718,176
synth_25704,176
synth_25754,176
synth_25604,176
synth_25622,176
synth_25703,176
synth_25614,176
synth_25686,176
synth_25700,176
synth_25633,176
synth_25654,176
synth_25644,176
synth_25585,176
synth_25638,176
synth_25666,176
synth_25603,176
synth_25713,176
synth_25757,176
synth_25612,176
synth_25745,176
synth_25725,176
synth_25685,176
synth_25653,176
synth_25746,176
synth_25592,176
synth_25709,176
synth_25635,176
synth_25589,176
synth_25689,176
synth_25671,176
synth_25699,176
synth_25761,176
synth_25608,176
synth_25743,176
synth_25762,176
synth_25598,176
synth_25675,176
synth_25735,176
synth_25737,176
synth_25646,176
synth_25637,176
synth_25684,176
synth_25760,176
synth_25683,176
synth_25739,176
synth_25616,176
synth_25729,176
synth_25663,176
synth_25766,176
synth_25620,176
synth_25648,176
synth_25741,176
synth_25611,176
synth_25712,176
synth_25753,176
synth_25667,176
synth_25751,176
synth_25632,176
synth_25665,176
synth_25708,176
synth_25755,176
synth_25590,176
synth_25695,176
synth_25652,176
synth_25694,176
synth_25628,176
synth_25605,176
synth_25756,176
synth_25610,176
synth_25710,176
synth_25723,176
synth_25634,176
synth_25702,176
synth_25748,176
synth_25631,176
synth_25624,176
synth_25707,176
synth_25626,176
synth_25681,176
synth_25672,176
synth_25705,176
synth_25640,176
synth_25593,176
synth_25588,176
synth_25674,176
synth_25722,176
synth_25669,176
synth_25676,176
synth_25759,176
synth_25781,175
synth_25912,175
synth_25787,175
synth_25776,175
synth_25824,175
synth_25784,175
synth_25868,175
synth_25937,175
synth_25882,175
synth_25843,175
synth_25851,175
synth_25771,175
synth_25854,175
synth_25830,175
synth_25863,175
synth_25870,175
synth_25918,175
synth_25772,175
synth_25785,175
synth_25793,175
synth_25942,175
synth_25916,175
synth_25921,175
synth_25886,175
synth_25786,175
synth_25832,175
synth_25838,175
synth_25839,175
synth_25848,175
synth_25880,175
synth_25925,175
synth_25770,175
synth_25860,175
synth_25949,175
synth_25823,175
synth_25915,175
synth_25811,175
synth_25847,175
synth_25927,175
synth_25930,175
synth_25901,175
synth_25906,175
synth_25794,175
synth_25796,175
synth_25943,175
synth_25789,175
synth_25835,175
synth_25944,175
synth_25820,175
synth_25878,175
synth_25922,175
synth_25801,175
synth_25902,175
synth_25913,175
synth_25779,175
synth_25861,175
synth_25821,175
synth_25896,175
synth_25862,175
synth_25934,175
synth_25888,175
synth_25905,175
synth_25903,175
synth_25841,175
synth_25926,175
synth_25950,175
synth_25767,175
synth_25890,175
synth_25947,175
synth_25790,175
synth_25884,175
synth_25889,175
synth_25945,175
synth_25783,175
synth_25814,175
synth_25773,175
synth_25923,175
synth_25827,175
synth_25865,175
synth_25935,175
synth_25842,175
synth_25857,175
synth_25897,175
synth_25864,175
synth_25892,175
synth_25856,175
synth_25879,175
synth_25825,175
synth_25828,175
synth_25768,175
synth_25829,175
synth_25806,175
synth_25813,175
synth_25919,175
synth_25822,175
synth_25816,175
synth_25924,175
synth_25802,175
synth_25931,175
synth_25855,175
synth_25911,175
synth_25815,175
synth_25891,175
synth_25780,175
synth_25928,175
synth_25817,175
synth_25831,175
synth_25788,175
synth_25849,175
synth_25852,175
synth_25792,175
synth_25951,175
synth_25808,175
synth_25836,175
synth_25799,175
synth_25819,175
synth_25844,175
synth_25887,175
synth_25826,175
synth_25846,175
synth_25917,175
synth_25809,175
synth_25940,175
synth_25804,175
synth_25775,175
synth_25810,175
synth_25936,175
synth_25769,175
synth_25800,175
synth_25867,175
synth_25881,175
synth_25845,175
synth_25877,175
synth_25833,175
synth_25850,175
synth_25874,175
synth_25777,175
synth_25932,175
synth_25837,175
synth_25873,175
synth_25853,175
synth_25900,175
synth_25933,175
synth_25782,175
synth_25899,175
synth_25795,175
synth_25812,175
synth_25908,175
synth_25774,175
synth_25895,175
synth_25840,175
synth_25883,175
synth_25872,175
synth_25876,175
synth_25797,175
synth_25859,175
synth_25885,175
synth_25904,175
synth_25791,175
synth_25907,175
synth_25834,175
synth_25875,175
synth_25893,175
synth_25938,175
synth_25929,175
synth_25866,175
synth_25871,175
synth_25798,175
synth_25914,175
synth_25869,175
synth_25894,175
synth_25910,175
synth_25948,175
synth_25778,175
synth_25803,175
synth_25818,175
synth_25909,175
synth_25920,175
synth_25939,175
synth_25805,175
synth_25941,175
synth_25946,175
synth_25807,175
synth_25858,175
synth_25898,175
synth_25965,174
synth_26007,174
synth_26045,174
synth_26033,174
synth_26064,174
synth_26128,174
synth_25964,174
synth_25981,174
synth_25971,174
synth_25997,174
synth_26018,174
synth_26034,174
synth_25959,174
synth_26070,174
synth_26004,174
synth_25960,174
synth_26099,174
synth_25974,174
synth_26130,174
synth_26006,174
synth_26114,174
synth_26009,174
synth_26043,174
synth_26058,174
synth_25996,174
synth_26040,174
synth_26016,174
synth_26022,174
synth_26062,174
synth_26111,174
synth_25985,174
synth_26069,174
synth_25977,174
synth_26081,174
synth_26027,174
synth_26056,174
synth_26028,174
synth_25995,174
synth_26010,174
synth_26067,174
synth_26017,174
synth_25962,174
synth_26077,174
synth_26131,174
synth_26049,174
synth_26029,174
synth_26087,174
synth_26101,174
synth_26005,174
synth_26060,174
synth_26094,174
synth_26032,174
synth_25958,174
synth_26133,174
synth_25989,174
synth_25983,174
synth_26042,174
synth_26092,174
synth_26127,174
synth_26079,174
synth_26014,174
synth_26125,174
synth_25987,174
synth_26050,174
synth_26076,174
synth_26078,174
synth_25982,174
synth_25998,174
synth_25992,174
synth_26136,174
synth_26036,174
synth_26093,174
synth_26035,174
synth_26063,174
synth_26011,174
synth_26044,174
synth_26075,174
synth_26134,174
synth_25972,174
synth_25953,174
synth_25967,174
synth_26025,174
synth_25991,174
synth_26129,174
synth_26051,174
synth_26126,174
synth_25968,174
synth_26041,174
synth_25978,174
synth_26048,174
synth_26059,174
synth_25979,174
synth_25999,174
synth_26097,174
synth_26120,174
synth_26088,174
synth_26066,174
synth_26138,174
synth_26083,174
synth_25994,174
synth_25976,174
synth_26021,174
synth_26013,174
synth_26135,174
synth_26057,174
synth_25966,174
synth_25975,174
synth_26002,174
synth_26039,174
synth_26061,174
synth_26096,174
synth_26116,174
synth_25954,174
synth_26065,174
synth_26104,174
synth_26107,174
synth_26037,174
synth_26080,174
synth_26112,174
synth_26098,174
synth_26122,174
synth_25973,174
synth_26084,174
synth_26132,174
synth_25986,174
synth_25990,174
synth_26117,174
synth_26008,174
synth_26001,174
synth_25952,174
synth_26015,174
synth_26091,174
synth_26100,174
synth_26113,174
synth_25993,174
synth_26030,174
synth_26086,174
synth_26110,174
synth_26123,174
synth_26124,174
synth_26089,174
synth_26118,174
synth_25957,174
synth_26054,174
synth_26082,174
synth_25961,174
synth_26071,174
synth_26105,174
synth_26121,174
synth_26000,174
synth_26109,174
synth_26106,174
synth_26047,174
synth_25970,174
synth_26003,174
synth_26019,174
synth_26119,174
synth_26020,174
synth_26072,174
synth_26053,174
synth_26095,174
synth_26023,174
synth_26115,174
synth_25963,174
synth_26024,174
synth_26074,174
synth_26103,174
synth_26102,174
synth_25969,174
synth_26031,174
synth_26012,174
synth_26052,174
synth_26055,174
synth_26073,174
synth_26046,174
synth_26085,174
synth_26038,174
synth_26137,174
synth_25984,174
synth_26068,174
synth_26090,174
synth_26108,174
synth_26026,174
synth_25988,174
synth_25955,174
synth_25956,174
synth_25980,174
synth_26191,173
synth_26327,173
synth_26228,173
synth_26181,173
synth_26321,173
synth_26156,173
synth_26212,173
synth_26198,173
synth_26167,173
synth_26166,173
synth_26202,173
synth_26210,173
synth_26278,173
synth_26155,173
synth_26171,173
synth_26177,173
synth_26315,173
synth_26190,173
synth_26308,173
synth_26142,173
synth_26312,173
synth_26216,173
synth_26254,173
synth_26154,173
synth_26186,173
synth_26291,173
synth_26217,173
synth_26218,173
synth_26146,173
synth_26316,173
synth_26184,173
synth_26203,173
synth_26149,173
synth_26180,173
synth_26290,173
synth_26293,173
synth_26173,173
synth_26277,173
synth_26204,173
synth_26272,173
synth_26259,173
synth_26294,173
synth_26281,173
synth_26270,173
synth_26169,173
synth_26296,173
synth_26304,173
synth_26197,173
synth_26193,173
synth_26266,173
synth_26139,173
synth_26189,173
synth_26159,173
synth_26288,173
synth_26248,173
synth_26246,173
synth_26247,173
synth_26238,173
synth_26300,173
synth_26192,173
synth_26303,173
synth_26307,173
synth_26164,173
synth_26263,173
synth_26280,173
synth_26151,173
synth_26265,173
synth_26289,173
synth_26302,173
synth_26201,173
synth_26219,173
synth_26287,173
synth_26205,173
synth_26168,173
synth_26262,173
synth_26160,173
synth_26231,173
synth_26273,173
synth_26199,173
synth_26229,173
synth_26297,173
synth_26267,173
synth_26214,173
synth_26292,173
synth_26251,173
synth_26311,173
synth_26285,173
synth_26245,173
synth_26283,173
synth_26295,173
synth_26153,173
synth_26250,173
synth_26240,173
synth_26244,173
synth_26261,173
synth_26324,173
synth_26195,173
synth_26225,173
synth_26148,173
synth_26174,173
synth_26158,173
synth_26161,173
synth_26309,173
synth_26162,173
synth_26157,173
synth_26313,173
synth_26179,173
synth_26145,173
synth_26187,173
synth_26326,173
synth_26269,173
synth_26183,173
synth_26220,173
synth_26236,173
synth_26206,173
synth_26221,173
synth_26255,173
synth_26241,173
synth_26242,173
synth_26306,173
synth_26298,173
synth_26211,173
synth_26239,173
synth_26152,173
synth_26253,173
synth_26194,173
synth_26196,173
synth_26323,173
synth_26275,173
synth_26284,173
synth_26182,173
synth_26223,173
synth_26318,173
synth_26301,173
synth_26227,173
synth_26230,173
synth_26258,173
synth_26271,173
synth_26276,173
synth_26299,173
synth_26310,173
synth_26249,173
synth_26322,173
synth_26260,173
synth_26317,173
synth_26256,173
synth_26268,173
synth_26286,173
synth_26185,173
synth_26178,173
synth_26141,173
synth_26252,173
synth_26314,173
synth_26143,173
synth_26163,173
synth_26215,173
synth_26150,173
synth_26282,173
synth_26222,173
synth_26188,173
synth_26224,173
synth_26279,173
synth_26207,173
synth_26226,173
synth_26325,173
synth_26176,173
synth_26144,173
synth_26257,173
synth_26172,173
synth_26147,173
synth_26232,173
synth_26234,173
synth_26208,173
synth_26140,173
synth_26319,173
synth_26175,173
synth_26237,173
synth_26274,173
synth_26305,173
synth_26170,173
synth_26209,173
synth_26213,173
synth_26264,173
synth_26235,173
synth_26165,173
synth_26233,173
synth_26200,173
synth_26243,173
synth_26320,173
synth_26352,172
synth_26385,172
synth_26411,172
synth_26429,172
synth_26329,172
synth_26402,172
synth_26328,172
synth_26416,172
synth_26387,172
synth_26499,172
synth_26408,172
synth_26426,172
synth_26345,172
synth_26468,172
synth_26388,172
synth_26435,172
synth_26502,172
synth_26512,172
synth_26370,172
synth_26420,172
synth_26467,172
synth_26376,172
synth_26510,172
synth_26338,172
synth_26443,172
synth_26493,172
synth_26418,172
synth_26366,172
synth_26394,172
synth_26478,172
synth_26358,172
synth_26399,172
synth_26498,172
synth_26365,172
synth_26461,172
synth_26504,172
synth_26342,172
synth_26407,172
synth_26464,172
synth_26359,172
synth_26369,172
synth_26465,172
synth_26384,172
synth_26410,172
synth_26486,172
synth_26375,172
synth_26419,172
synth_26496,172
synth_26336,172
synth_26481,172
synth_26517,172
synth_26451,172
synth_26346,172
synth_26373,172
synth_26428,172
synth_26491,172
synth_26495,172
synth_26405,172
synth_26412,172
synth_26501,172
synth_26332,172
synth_26423,172
synth_26471,172
synth_26492,172
synth_26513,172
synth_26434,172
synth_26438,172
synth_26355,172
synth_26389,172
synth_26441,172
synth_26453,172
synth_26494,172
synth_26339,172
synth_26382,172
synth_26427,172
synth_26479,172
synth_26334,172
synth_26400,172
synth_26421,172
synth_26459,172
synth_26445,172
synth_26381,172
synth_26490,172
synth_26380,172
synth_26393,172
synth_26361,172
synth_26395,172
synth_26430,172
synth_26474,172
synth_26508,172
synth_26364,172
synth_26409,172
synth_26415,172
synth_26377,172
synth_26391,172
synth_26439,172
synth_26354,172
synth_26386,172
synth_26483,172
synth_26473,172
synth_26450,172
synth_26357,172
synth_26506,172
synth_26368,172
synth_26433,172
synth_26452,172
synth_26333,172
synth_26378,172
synth_26392,172
synth_26397,172
synth_26362,172
synth_26456,172
synth_26398,172
synth_26425,172
synth_26337,172
synth_26466,172
synth_26348,172
synth_26457,172
synth_26472,172
synth_26353,172
synth_26363,172
synth_26454,172
synth_26516,172
synth_26349,172
synth_26463,172
synth_26437,172
synth_26440,172
synth_26413,172
synth_26414,172
synth_26515,172
synth_26360,172
synth_26476,172
synth_26489,172
synth_26518,172
synth_26482,172
synth_26511,172
synth_26371,172
synth_26519,172
synth_26503,172
synth_26487,172
synth_26447,172
synth_26422,172
synth_26488,172
synth_26475,172
synth_26406,172
synth_26460,172
synth_26462,172
synth_26350,172
synth_26497,172
synth_26356,172
synth_26372,172
synth_26442,172
synth_26446,172
synth_26455,172
synth_26344,172
synth_26404,172
synth_26436,172
synth_26367,172
synth_26351,172
synth_26330,172
synth_26448,172
synth_26396,172
synth_26417,172
synth_26505,172
synth_26500,172
synth_26379,172
synth_26509,172
synth_26347,172
synth_26390,172
synth_26484,172
synth_26343,172
synth_26424,172
synth_26470,172
synth_26485,172
synth_26458,172
synth_26335,172
synth_26449,172
synth_26514,172
synth_26401,172
synth_26444,172
synth_26340,172
synth_26341,172
synth_26469,172
synth_26477,172
synth_26480,172
synth_26383,172
synth_26431,172
synth_26331,172
synth_26374,172
synth_26403,172
synth_26432,172
synth_26507,172
synth_26618,171
synth_26623,171
synth_26645,171
synth_26676,171
synth_26697,171
synth_26671,171
synth_26575,171
synth_26679,171
synth_26637,171
synth_26535,171
synth_26668,171
synth_26710,171
synth_26644,171
synth_26596,171
synth_26646,171
synth_26581,171
synth_26681,171
synth_26536,171
synth_26617,171
synth_26629,171
synth_26642,171
synth_26604,171
synth_26616,171
synth_26682,171
synth_26663,171
synth_26543,171
synth_26600,171
synth_26700,171
synth_26711,171
synth_26530,171
synth_26630,171
synth_26709,171
synth_26555,171
synth_26570,171
synth_26614,171
synth_26566,171
synth_26598,171
synth_26691,171
synth_26591,171
synth_26606,171
synth_26655,171
synth_26627,171
synth_26532,171
synth_26699,171
synth_26626,171
synth_26684,171
synth_26587,171
synth_26592,171
synth_26638,171
synth_26639,171
synth_26523,171
synth_26613,171
synth_26651,171
synth_26661,171
synth_26706,171
synth_26696,171
synth_26522,171
synth_26539,171
synth_26544,171
synth_26546,171
synth_26525,171
synth_26612,171
synth_26714,171
synth_26521,171
synth_26582,171
synth_26619,171
synth_26526,171
synth_26527,171
synth_26666,171
synth_26547,171
synth_26557,171
synth_26675,171
synth_26688,171
synth_26548,171
synth_26549,171
synth_26607,171
synth_26680,171
synth_26542,171
synth_26605,171
synth_26708,171
synth_26648,171
synth_26672,171
synth_26608,171
synth_26556,171
synth_26624,171
synth_26635,171
synth_26703,171
synth_26701,171
synth_26551,171
synth_26665,171
synth_26704,171
synth_26702,171
synth_26584,171
synth_26634,171
synth_26653,171
synth_26580,171
synth_26695,171
synth_26632,171
synth_26585,171
synth_26552,171
synth_26569,171
synth_26578,171
synth_26586,171
synth_26564,171
synth_26565,171
synth_26631,171
synth_26579,171
synth_26636,171
synth_26643,171
synth_26589,171
synth_26649,171
synth_26652,171
synth_26658,171
synth_26689,171
synth_26692,171
synth_26577,171
synth_26685,171
synth_26572,171
synth_26678,171
synth_26561,171
synth_26603,171
synth_26568,171
synth_26650,171
synth_26677,171
synth_26633,171
synth_26712,171
synth_26705,171
synth_26707,171
synth_26528,171
synth_26576,171
synth_26602,171
synth_26625,171
synth_26647,171
synth_26534,171
synth_26533,171
synth_26590,171
synth_26667,171
synth_26641,171
synth_26597,171
synth_26611,171
synth_26560,171
synth_26529,171
synth_26674,171
synth_26524,171
synth_26540,171
synth_26610,171
synth_26659,171
synth_26545,171
synth_26690,171
synth_26640,171
synth_26553,171
synth_26594,171
synth_26595,171
synth_26538,171
synth_26567,171
synth_26670,171
synth_26559,171
synth_26588,171
synth_26558,171
synth_26662,171
synth_26593,171
synth_26657,171
synth_26686,171
synth_26571,171
synth_26660,171
synth_26563,171
synth_26698,171
synth_26654,171
synth_26573,171
synth_26574,171
synth_26601,171
synth_26673,171
synth_26620,171
synth_26599,171
synth_26683,171
synth_26541,171
synth_26694,171
synth_26537,171
synth_26687,171
synth_26562,171
synth_26628,171
synth_26609,171
synth_26520,171
synth_26622,171
synth_26713,171
synth_26664,171
synth_26583,171
synth_26554,171
synth_26531,171
synth_26693,171
synth_26550,171
synth_26669,171
synth_26615,171
synth_26656,171
synth_26621,171
synth_26900,170
synth_26786,170
synth_26764,170
synth_26814,170
synth_26774,170
synth_26857,170
synth_26838,170
synth_26895,170
synth_26779,170
synth_26828,170
synth_26738,170
synth_26737,170
synth_26804,170
synth_26812,170
synth_26740,170
synth_26887,170
synth_26796,170
synth_26846,170
synth_26861,170
synth_26821,170
synth_26798,170
synth_26725,170
synth_26759,170
synth_26732,170
synth_26773,170
synth_26845,170
synth_26905,170
synth_26893,170
synth_26808,170
synth_26722,170
synth_26791,170
synth_26859,170
synth_26769,170
synth_26831,170
synth_26733,170
synth_26891,170
synth_26800,170
synth_26899,170
synth_26743,170
synth_26777,170
synth_26799,170
synth_26776,170
synth_26803,170
synth_26829,170
synth_26849,170
synth_26729,170
synth_26863,170
synth_26820,170
synth_26775,170
synth_26746,170
synth_26882,170
synth_26728,170
synth_26835,170
synth_26901,170
synth_26890,170
synth_26896,170
synth_26736,170
synth_26721,170
synth_26730,170
synth_26822,170
synth_26744,170
synth_26864,170
synth_26870,170
synth_26723,170
synth_26749,170
synth_26852,170
synth_26789,170
synth_26790,170
synth_26739,170
synth_26735,170
synth_26816,170
synth_26850,170
synth_26856,170
synth_26754,170
synth_26841,170
synth_26906,170
synth_26805,170
synth_26766,170
synth_26869,170
synth_26908,170
synth_26788,170
synth_26751,170
synth_26726,170
synth_26806,170
synth_26855,170
synth_26860,170
synth_26748,170
synth_26783,170
synth_26879,170
synth_26717,170
synth_26763,170
synth_26854,170
synth_26910,170
synth_26865,170
synth_26888,170
synth_26731,170
synth_26719,170
synth_26755,170
synth_26794,170
synth_26745,170
synth_26862,170
synth_26797,170
synth_26716,170
synth_26756,170
synth_26767,170
synth_26819,170
synth_26902,170
synth_26771,170
synth_26878,170
synth_26781,170
synth_26802,170
synth_26760,170
synth_26832,170
synth_26843,170
synth_26765,170
synth_26818,170
synth_26813,170
synth_26824,170
synth_26810,170
synth_26833,170
synth_26886,170
synth_26907,170
synth_26753,170
synth_26741,170
synth_26817,170
synth_26840,170
synth_26839,170
synth_26897,170
synth_26782,170
synth_26844,170
synth_26768,170
synth_26720,170
synth_26889,170
synth_26837,170
synth_26876,170
synth_26877,170
synth_26762,170
synth_26724,170
synth_26853,170
synth_26883,170
synth_26742,170
synth_26734,170
synth_26795,170
synth_26809,170
synth_26834,170
synth_26847,170
synth_26880,170
synth_26752,170
synth_26761,170
synth_26851,170
synth_26875,170
synth_26903,170
synth_26911,170
synth_26718,170
synth_26780,170
synth_26826,170
synth_26848,170
synth_26868,170
synth_26750,170
synth_26793,170
synth_26872,170
synth_26894,170
synth_26811,170
synth_26827,170
synth_26885,170
synth_26866,170
synth_26892,170
synth_26909,170
synth_26867,170
synth_26874,170
synth_26770,170
synth_26778,170
synth_26898,170
synth_26873,170
synth_26830,170
synth_26881,170
synth_26823,170
synth_26785,170
synth_26787,170
synth_26747,170
synth_26801,170
synth_26815,170
synth_26842,170
synth_26758,170
synth_26858,170
synth_26884,170
synth_26784,170
synth_26904,170
synth_26757,170
synth_26807,170
synth_26715,170
synth_26772,170
synth_26727,170
synth_26825,170
synth_26871,170
synth_26792,170
synth_26836,170
synth_27033,169
synth_27109,169
synth_26943,169
synth_26960,169
synth_27038,169
synth_27107,169
synth_27007,169
synth_27023,169
synth_27028,169
synth_27093,169
synth_27097,169
synth_27080,169
synth_27008,169
synth_27076,169
synth_26939,169
synth_26947,169
synth_27044,169
synth_27017,169
synth_27021,169
synth_26992,169
synth_27010,169
synth_27013,169
synth_27019,169
synth_27062,169
synth_27098,169
synth_26964,169
synth_27063,169
synth_27060,169
synth_27022,169
synth_27106,169
synth_26976,169
synth_26997,169
synth_27030,169
synth_26953,169
synth_26941,169
synth_26990,169
synth_27042,169
synth_27005,169
synth_26975,169
synth_26966,169
synth_27102,169
synth_27046,169
synth_27071,169
synth_26930,169
synth_27092,169
synth_26979,169
synth_27095,169
synth_26915,169
synth_27012,169
synth_26986,169
synth_26954,169
synth_27018,169
synth_26921,169
synth_26955,169
synth_27015,169
synth_26961,169
synth_27006,169
synth_27086,169
synth_26965,169
synth_27075,169
synth_27085,169
synth_26973,169
synth_27068,169
synth_26945,169
synth_27049,169
synth_27031,169
synth_27072,169
synth_26929,169
synth_26940,169
synth_27045,169
synth_27036,169
synth_26922,169
synth_27096,169
synth_26970,169
synth_26984,169
synth_26989,169
synth_27083,169
synth_27040,169
synth_27108,169
synth_27065,169
synth_27100,169
synth_27016,169
synth_27039,169
synth_27073,169
synth_27101,169
synth_27014,169
synth_27064,169
synth_26980,169
synth_27037,169
synth_26912,169
synth_26999,169
synth_27079,169
synth_26959,169
synth_27078,169
synth_26963,169
synth_27020,169
synth_27034,169
synth_26996,169
synth_27067,169
synth_27081,169
synth_26993,169
synth_27089,169
synth_27110,169
synth_26914,169
synth_26974,169
synth_27032,169
synth_27001,169
synth_26988,169
synth_26982,169
synth_26972,169
synth_27052,169
synth_26944,169
synth_27074,169
synth_26942,169
synth_27077,169
synth_26919,169
synth_26920,169
synth_26935,169
synth_27027,169
synth_26936,169
synth_27047,169
synth_26949,169
synth_27009,169
synth_26971,169
synth_26978,169
synth_27026,169
synth_27035,169
synth_27043,169
synth_27041,169
synth_27090,169
synth_26967,169
synth_27024,169
synth_26924,169
synth_27025,169
synth_26985,169
synth_26923,169
synth_27029,169
synth_26994,169
synth_26983,169
synth_26951,169
synth_26952,169
synth_26948,169
synth_27058,169
synth_26926,169
synth_27061,169
synth_26968,169
synth_27003,169
synth_27055,169
synth_26933,169
synth_26928,169
synth_27048,169
synth_27105,169
synth_26932,169
synth_26969,169
synth_26977,169
synth_27056,169
synth_26938,169
synth_27002,169
synth_27057,169
synth_27069,169
synth_27087,169
synth_26916,169
synth_26958,169
synth_27000,169
synth_26917,169
synth_26931,169
synth_26925,169
synth_26956,169
synth_27088,169
synth_26934,169
synth_27094,169
synth_27103,169
synth_26981,169
synth_27082,169
synth_27111,169
synth_26991,169
synth_27004,169
synth_27084,169
synth_27050,169
synth_27059,169
synth_26957,169
synth_26962,169
synth_26998,169
synth_27099,169
synth_27011,169
synth_27054,169
synth_26946,169
synth_27066,169
synth_26927,169
synth_26987,169
synth_26937,169
synth_27104,169
synth_26995,169
synth_27053,169
synth_26913,169
synth_26918,169
synth_26950,169
synth_27051,169
synth_27070,169
synth_27091,169
synth_27274,168
synth_27124,168
synth_27280,168
synth_27198,168
synth_27157,168
synth_27303,168
synth_27245,168
synth_27301,168
synth_27243,168
synth_27298,168
synth_27185,168
synth_27193,168
synth_27156,168
synth_27217,168
synth_27222,168
synth_27250,168
synth_27268,168
synth_27216,168
synth_27239,168
synth_27300,168
synth_27125,168
synth_27214,168
synth_27262,168
synth_27270,168
synth_27218,168
synth_27130,168
synth_27288,168
synth_27154,168
synth_27176,168
synth_27219,168
synth_27117,168
synth_27123,168
synth_27143,168
synth_27191,168
synth_27118,168
synth_27161,168
synth_27114,168
synth_27164,168
synth_27251,168
synth_27248,168
synth_27307,168
synth_27235,168
synth_27134,168
synth_27260,168
synth_27257,168
synth_27210,168
synth_27236,168
synth_27255,168
synth_27261,168
synth_27177,168
synth_27133,168
synth_27291,168
synth_27165,168
synth_27201,168
synth_27147,168
synth_27174,168
synth_27258,168
synth_27160,168
synth_27205,168
synth_27141,168
synth_27187,168
synth_27310,168
synth_27120,168
synth_27181,168
synth_27184,168
synth_27266,168
synth_27146,168
synth_27132,168
synth_27128,168
synth_27168,168
synth_27206,168
synth_27313,168
synth_27127,168
synth_27215,168
synth_27211,168
synth_27115,168
synth_27221,168
synth_27228,168
synth_27299,168
synth_27186,168
synth_27212,168
synth_27136,168
synth_27180,168
synth_27256,168
synth_27241,168
synth_27263,168
synth_27232,168
synth_27244,168
synth_27122,168
synth_27276,168
synth_27293,168
synth_27138,168
synth_27153,168
synth_27226,168
synth_27295,168
synth_27131,168
synth_27166,168
synth_27178,168
synth_27139,168
synth_27302,168
synth_27203,168
synth_27297,168
synth_27289,168
synth_27207,168
synth_27112,168
synth_27246,168
synth_27273,168
synth_27148,168
synth_27281,168
synth_27144,168
synth_27292,168
synth_27169,168
synth_27171,168
synth_27311,168
synth_27247,168
synth_27308,168
synth_27199,168
synth_27252,168
synth_27275,168
synth_27195,168
synth_27312,168
synth_27278,168
synth_27229,168
synth_27126,168
synth_27162,168
synth_27259,168
synth_27271,168
synth_27224,168
synth_27231,168
synth_27269,168
synth_27149,168
synth_27282,168
synth_27294,168
synth_27175,168
synth_27188,168
synth_27230,168
synth_27208,168
synth_27253,168
synth_27286,168
synth_27237,168
synth_27306,168
synth_27249,168
synth_27197,168
synth_27267,168
synth_27309,168
synth_27202,168
synth_27189,168
synth_27170,168
synth_27190,168
synth_27304,168
synth_27296,168
synth_27142,168
synth_27145,168
synth_27238,168
synth_27140,168
synth_27183,168
synth_27277,168
synth_27113,168
synth_27121,168
synth_27284,168
synth_27204,168
synth_27137,168
synth_27172,168
synth_27196,168
synth_27272,168
synth_27150,168
synth_27283,168
synth_27279,168
synth_27223,168
synth_27158,168
synth_27182,168
synth_27163,168
synth_27290,168
synth_27209,168
synth_27240,168
synth_27234,168
synth_27129,168
synth_27200,168
synth_27265,168
synth_27242,168
synth_27264,168
synth_27227,168
synth_27287,168
synth_27119,168
synth_27220,168
synth_27152,168
synth_27192,168
synth_27213,168
synth_27305,168
synth_27179,168
synth_27194,168
synth_27285,168
synth_27155,168
synth_27254,168
synth_27116,168
synth_27159,168
synth_27233,168
synth_27167,168
synth_27151,168
synth_27135,168
synth_27173,168
synth_27225,168
synth_27355,167
synth_27433,167
synth_27477,167
synth_27381,167
synth_27384,167
synth_27436,167
synth_27517,167
synth_27367,167
synth_27369,167
synth_27416,167
synth_27440,167
synth_27397,167
synth_27426,167
synth_27490,167
synth_27323,167
synth_27403,167
synth_27330,167
synth_27405,167
synth_27383,167
synth_27492,167
synth_27501,167
synth_27329,167
synth_27322,167
synth_27371,167
synth_27402,167
synth_27485,167
synth_27494,167
synth_27349,167
synth_27404,167
synth_27481,167
synth_27399,167
synth_27505,167
synth_27448,167
synth_27459,167
synth_27421,167
synth_27316,167
synth_27507,167
synth_27429,167
synth_27408,167
synth_27438,167
synth_27319,167
synth_27468,167
synth_27354,167
synth_27432,167
synth_27372,167
synth_27503,167
synth_27339,167
synth_27382,167
synth_27361,167
synth_27457,167
synth_27335,167
synth_27443,167
synth_27452,167
synth_27320,167
synth_27491,167
synth_27506,167
synth_27338,167
synth_27373,167
synth_27407,167
synth_27364,167
synth_27480,167
synth_27346,167
synth_27318,167
synth_27362,167
synth_27487,167
synth_27488,167
synth_27363,167
synth_27376,167
synth_27484,167
synth_27359,167
synth_27395,167
synth_27428,167
synth_27472,167
synth_27340,167
synth_27495,167
synth_27410,167
synth_27499,167
synth_27357,167
synth_27334,167
synth_27437,167
synth_27409,167
synth_27343,167
synth_27430,167
synth_27502,167
synth_27351,167
synth_27332,167
synth_27345,167
synth_27435,167
synth_27449,167
synth_27479,167
synth_27511,167
synth_27509,167
synth_27324,167
synth_27497,167
synth_27500,167
synth_27513,167
synth_27314,167
synth_27458,167
synth_27328,167
synth_27462,167
synth_27360,167
synth_27375,167
synth_27333,167
synth_27419,167
synth_27394,167
synth_27401,167
synth_27325,167
synth_27386,167
synth_27380,167
synth_27423,167
synth_27422,167
synth_27406,167
synth_27420,167
synth_27331,167
synth_27350,167
synth_27390,167
synth_27342,167
synth_27431,167
synth_27411,167
synth_27461,167
synth_27344,167
synth_27473,167
synth_27425,167
synth_27439,167
synth_27460,167
synth_27465,167
synth_27417,167
synth_27471,167
synth_27474,167
synth_27478,167
synth_27470,167
synth_27445,167
synth_27456,167
synth_27352,167
synth_27389,167
synth_27434,167
synth_27455,167
synth_27418,167
synth_27512,167
synth_27515,167
synth_27413,167
synth_27441,167
synth_27454,167
synth_27348,167
synth_27353,167
synth_27365,167
synth_27385,167
synth_27496,167
synth_27377,167
synth_27341,167
synth_27467,167
synth_27508,167
synth_27464,167
synth_27374,167
synth_27427,167
synth_27446,167
synth_27466,167
synth_27463,167
synth_27516,167
synth_27358,167
synth_27378,167
synth_27392,167
synth_27321,167
synth_27414,167
synth_27379,167
synth_27489,167
synth_27327,167
synth_27510,167
synth_27391,167
synth_27444,167
synth_27476,167
synth_27514,167
synth_27453,167
synth_27424,167
synth_27415,167
synth_27518,167
synth_27451,167
synth_27498,167
synth_27315,167
synth_27368,167
synth_27398,167
synth_27475,167
synth_27336,167
synth_27396,167
synth_27412,167
synth_27317,167
synth_27366,167
synth_27442,167
synth_27447,167
synth_27483,167
synth_27347,167
synth_27469,167
synth_27504,167
synth_27393,167
synth_27450,167
synth_27482,167
synth_27388,167
synth_27356,167
synth_27326,167
synth_27387,167
synth_27486,167
synth_27493,167
synth_27337,167
synth_27370,167
synth_27400,167
synth_27655,166
synth_27722,166
synth_27525,166
synth_27700,166
synth_27604,166
synth_27578,166
synth_27613,166
synth_27676,166
synth_27663,166
synth_27664,166
synth_27726,166
synth_27537,166
synth_27711,166
synth_27524,166
synth_27559,166
synth_27634,166
synth_27540,166
synth_27672,166
synth_27705,166
synth_27632,166
synth_27606,166
synth_27594,166
synth_27642,166
synth_27622,166
synth_27657,166
synth_27647,166
synth_27686,166
synth_27526,166
synth_27546,166
synth_27659,166
synth_27644,166
synth_27695,166
synth_27591,166
synth_27608,166
synth_27662,166
synth_27690,166
synth_27538,166
synth_27637,166
synth_27656,166
synth_27595,166
synth_27683,166
synth_27557,166
synth_27573,166
synth_27582,166
synth_27710,166
synth_27552,166
synth_27572,166
synth_27598,166
synth_27696,166
synth_27599,166
synth_27616,166
synth_27596,166
synth_27579,166
synth_27646,166
synth_27666,166
synth_27601,166
synth_27669,166
synth_27670,166
synth_27584,166
synth_27629,166
synth_27597,166
synth_27621,166
synth_27631,166
synth_27640,166
synth_27566,166
synth_27569,166
synth_27694,166
synth_27709,166
synth_27623,166
synth_27724,166
synth_27519,166
synth_27636,166
synth_27530,166
synth_27624,166
synth_27627,166
synth_27528,166
synth_27527,166
synth_27682,166
synth_27539,166
synth_27548,166
synth_27554,166
synth_27648,166
synth_27681,166
synth_27549,166
synth_27590,166
synth_27585,166
synth_27702,166
synth_27674,166
synth_27693,166
synth_27617,166
synth_27698,166
synth_27704,166
synth_27543,166
synth_27574,166
synth_27609,166
synth_27614,166
synth_27592,166
synth_27535,166
synth_27611,166
synth_27723,166
synth_27580,166
synth_27589,166
synth_27534,166
synth_27570,166
synth_27661,166
synth_27545,166
synth_27575,166
synth_27697,166
synth_27536,166
synth_27520,166
synth_27605,166
synth_27576,166
synth_27687,166
synth_27725,166
synth_27560,166
synth_27701,166
synth_27610,166
synth_27714,166
synth_27563,166
synth_27677,166
synth_27588,166
synth_27673,166
synth_27630,166
synth_27671,166
synth_27706,166
synth_27717,166
synth_27689,166
synth_27593,166
synth_27600,166
synth_27625,166
synth_27547,166
synth_27586,166
synth_27532,166
synth_27567,166
synth_27635,166
synth_27638,166
synth_27581,166
synth_27602,166
synth_27542,166
synth_27685,166
synth_27521,166
synth_27612,166
synth_27556,166
synth_27568,166
synth_27603,166
synth_27583,166
synth_27643,166
synth_27692,166
synth_27562,166
synth_27639,166
synth_27649,166
synth_27680,166
synth_27653,166
synth_27531,166
synth_27553,166
synth_27558,166
synth_27561,166
synth_27615,166
synth_27688,166
synth_27541,166
synth_27577,166
synth_27628,166
synth_27652,166
synth_27529,166
synth_27665,166
synth_27551,166
synth_27565,166
synth_27571,166
synth_27626,166
synth_27679,166
synth_27523,166
synth_27650,166
synth_27522,166
synth_27719,166
synth_27713,166
synth_27660,166
synth_27675,166
synth_27641,166
synth_27684,166
synth_27718,166
synth_27721,166
synth_27533,166
synth_27555,166
synth_27651,166
synth_27667,166
synth_27708,166
synth_27712,166
synth_27654,166
synth_27691,166
synth_27633,166
synth_27720,166
synth_27564,166
synth_27703,166
synth_27658,166
synth_27544,166
synth_27618,166
synth_27678,166
synth_27619,166
synth_27668,166
synth_27607,166
synth_27587,166
synth_27707,166
synth_27550,166
synth_27699,166
synth_27715,166
synth_27645,166
synth_27620,166
synth_27716,166
synth_27747,165
synth_27843,165
synth_27780,165
synth_27912,165
synth_27801,165
synth_27920,165
synth_27890,165
synth_27810,165
synth_27811,165
synth_27919,165
synth_27795,165
synth_27911,165
synth_27922,165
synth_27782,165
synth_27836,165
synth_27741,165
synth_27799,165
synth_27879,165
synth_27794,165
synth_27880,165
synth_27806,165
synth_27858,165
synth_27927,165
synth_27876,165
synth_27745,165
synth_27797,165
synth_27825,165
synth_27844,165
synth_27889,165
synth_27892,165
synth_27930,165
synth_27868,165
synth_27732,165
synth_27788,165
synth_27882,165
synth_27862,165
synth_27755,165
synth_27884,165
synth_27781,165
synth_27839,165
synth_27753,165
synth_27853,165
synth_27870,165
synth_27758,165
synth_27937,165
synth_27869,165
synth_27793,165
synth_27914,165
synth_27926,165
synth_27932,165
synth_27883,165
synth_27888,165
synth_27739,165
synth_27816,165
synth_27903,165
synth_27907,165
synth_27767,165
synth_27834,165
synth_27865,165
synth_27809,165
synth_27875,165
synth_27902,165
synth_27728,165
synth_27749,165
synth_27772,165
synth_27855,165
synth_27859,165
synth_27893,165
synth_27771,165
synth_27733,165
synth_27867,165
synth_27833,165
synth_27840,165
synth_27847,165
synth_27900,165
synth_27885,165
synth_27904,165
synth_27819,165
synth_27846,165
synth_27734,165
synth_27851,165
synth_27736,165
synth_27861,165
synth_27776,165
synth_27838,165
synth_27775,165
synth_27845,165
synth_27783,165
synth_27928,165
synth_27814,165
synth_27906,165
synth_27916,165
synth_27759,165
synth_27727,165
synth_27828,165
synth_27848,165
synth_27931,165
synth_27899,165
synth_27854,165
synth_27792,165
synth_27895,165
synth_27918,165
synth_27886,165
synth_27765,165
synth_27766,165
synth_27803,165
synth_27761,165
synth_27786,165
synth_27832,165
synth_27898,165
synth_27731,165
synth_27909,165
synth_27929,165
synth_27757,165
synth_27756,165
synth_27790,165
synth_27823,165
synth_27774,165
synth_27857,165
synth_27881,165
synth_27742,165
synth_27827,165
synth_27924,165
synth_27750,165
synth_27777,165
synth_27815,165
synth_27740,165
synth_27752,165
synth_27807,165
synth_27923,165
synth_27817,165
synth_27830,165
synth_27917,165
synth_27878,165
synth_27738,165
synth_27743,165
synth_27770,165
synth_27763,165
synth_27841,165
synth_27864,165
synth_27877,165
synth_27821,165
synth_27891,165
synth_27842,165
synth_27787,165
synth_27822,165
synth_27873,165
synth_27820,165
synth_27901,165
synth_27856,165
synth_27737,165
synth_27791,165
synth_27915,165
synth_27874,165
synth_27802,165
synth_27748,165
synth_27779,165
synth_27894,165
synth_27826,165
synth_27813,165
synth_27837,165
synth_27768,165
synth_27773,165
synth_27730,165
synth_27798,165
synth_27746,165
synth_27735,165
synth_27808,165
synth_27764,165
synth_27910,165
synth_27785,165
synth_27796,165
synth_27908,165
synth_27936,165
synth_27789,165
synth_27872,165
synth_27871,165
synth_27762,165
synth_27835,165
synth_27896,165
synth_27824,165
synth_27913,165
synth_27921,165
synth_27784,165
synth_27852,165
synth_27744,165
synth_27760,165
synth_27751,165
synth_27860,165
synth_27933,165
synth_27849,165
synth_27935,165
synth_27897,165
synth_27934,165
synth_27729,165
synth_27905,165
synth_27769,165
synth_27778,165
synth_27800,165
synth_27804,165
synth_27925,165
synth_27829,165
synth_27805,165
synth_27831,165
synth_27818,165
synth_27850,165
synth_27863,165
synth_27866,165
synth_27887,165
synth_27754,165
synth_27812,165
synth_28072,164
synth_28123,164
synth_28125,164
synth_27976,164
synth_28003,164
synth_28031,164
synth_28127,164
synth_27971,164
synth_28033,164
synth_27958,164
synth_27981,164
synth_28082,164
synth_27996,164
synth_28075,164
synth_27999,164
synth_28096,164
synth_28138,164
synth_28017,164
synth_28020,164
synth_28074,164
synth_28083,164
synth_28146,164
synth_28131,164
synth_28042,164
synth_27940,164
synth_27982,164
synth_28014,164
synth_28024,164
synth_27965,164
synth_28021,164
synth_28069,164
synth_27963,164
synth_28065,164
synth_28067,164
synth_28035,164
synth_28109,164
synth_28132,164
synth_28049,164
synth_28053,164
synth_28016,164
synth_28077,164
synth_27939,164
synth_27972,164
synth_28103,164
synth_28005,164
synth_28150,164
synth_28028,164
synth_28064,164
synth_28007,164
synth_28027,164
synth_28039,164
synth_28071,164
synth_28139,164
synth_28044,164
synth_28048,164
synth_28051,164
synth_28099,164
synth_28149,164
synth_28015,164
synth_28050,164
synth_28098,164
synth_28052,164
synth_27987,164
synth_28080,164
synth_28010,164
synth_28085,164
synth_28059,164
synth_28122,164
synth_28034,164
synth_27983,164
synth_28126,164
synth_28151,164
synth_27980,164
synth_28112,164
synth_28114,164
synth_28054,164
synth_27986,164
synth_28060,164
synth_28087,164
synth_28140,164
synth_28078,164
synth_28025,164
synth_28041,164
synth_28142,164
synth_28045,164
synth_27938,164
synth_28002,164
synth_28120,164
synth_28144,164
synth_28057,164
synth_28022,164
synth_28070,164
synth_28063,164
synth_28092,164
synth_27998,164
synth_28012,164
synth_28102,164
synth_28128,164
synth_27945,164
synth_27979,164
synth_27944,164
synth_27970,164
synth_28013,164
synth_28134,164
synth_28105,164
synth_27947,164
synth_27993,164
synth_28093,164
synth_27968,164
synth_28129,164
synth_27962,164
synth_28094,164
synth_27992,164
synth_28061,164
synth_27949,164
synth_28095,164
synth_28089,164
synth_27991,164
synth_28066,164
synth_28101,164
synth_28019,164
synth_27974,164
synth_27975,164
synth_28108,164
synth_28119,164
synth_28148,164
synth_27960,164
synth_28055,164
synth_28068,164
synth_27942,164
synth_28046,164
synth_28026,164
synth_28006,164
synth_28116,164
synth_28008,164
synth_28023,164
synth_28141,164
synth_28004,164
synth_28124,164
synth_28135,164
synth_27948,164
synth_28030,164
synth_27964,164
synth_28076,164
synth_28097,164
synth_28115,164
synth_27985,164
synth_27967,164
synth_27969,164
synth_28032,164
synth_28118,164
synth_27989,164
synth_28036,164
synth_28104,164
synth_27951,164
synth_28137,164
synth_27973,164
synth_28117,164
synth_27978,164
synth_28147,164
synth_28001,164
synth_28011,164
synth_28106,164
synth_28113,164
synth_27950,164
synth_27956,164
synth_27954,164
synth_27957,164
synth_28018,164
synth_27943,164
synth_27946,164
synth_28056,164
synth_27997,164
synth_28009,164
synth_27955,164
synth_28000,164
synth_28088,164
synth_27977,164
synth_28040,164
synth_28058,164
synth_28086,164
synth_28110,164
synth_27988,164
synth_27953,164
synth_27961,164
synth_28037,164
synth_28047,164
synth_28081,164
synth_28100,164
synth_27941,164
synth_27966,164
synth_28145,164
synth_28107,164
synth_28133,164
synth_28130,164
synth_28073,164
synth_28121,164
synth_27994,164
synth_28029,164
synth_28062,164
synth_28111,164
synth_27984,164
synth_27995,164
synth_28084,164
synth_28143,164
synth_28043,164
synth_27959,164
synth_28136,164
synth_27990,164
synth_28038,164
synth_28091,164
synth_28079,164
synth_28090,164
synth_27952,164
synth_28299,163
synth_28177,163
synth_28196,163
synth_28176,163
synth_28261,163
synth_28283,163
synth_28321,163
synth_28165,163
synth_28302,163
synth_28222,163
synth_28332,163
synth_28357,163
synth_28153,163
synth_28244,163
synth_28248,163
synth_28340,163
synth_28298,163
synth_28341,163
synth_28355,163
synth_28274,163
synth_28329,163
synth_28307,163
synth_28215,163
synth_28291,163
synth_28178,163
synth_28206,163
synth_28239,163
synth_28353,163
synth_28333,163
synth_28168,163
synth_28229,163
synth_28293,163
synth_28363,163
synth_28170,163
synth_28203,163
synth_28304,163
synth_28350,163
synth_28349,163
synth_28328,163
synth_28326,163
synth_28322,163
synth_28157,163
synth_28191,163
synth_28288,163
synth_28262,163
synth_28243,163
synth_28216,163
synth_28316,163
synth_28260,163
synth_28214,163
synth_28319,163
synth_28277,163
synth_28361,163
synth_28278,163
synth_28201,163
synth_28247,163
synth_28323,163
synth_28342,163
synth_28266,163
synth_28179,163
synth_28173,163
synth_28252,163
synth_28327,163
synth_28331,163
synth_28336,163
synth_28162,163
synth_28167,163
synth_28210,163
synth_28258,163
synth_28338,163
synth_28205,163
synth_28270,163
synth_28231,163
synth_28337,163
synth_28223,163
synth_28271,163
synth_28265,163
synth_28204,163
synth_28312,163
synth_28324,163
synth_28154,163
synth_28200,163
synth_28236,163
synth_28242,163
synth_28187,163
synth_28189,163
synth_28348,163
synth_28301,163
synth_28306,163
synth_28276,163
synth_28284,163
synth_28358,163
synth_28190,163
synth_28155,163
synth_28351,163
synth_28163,163
synth_28202,163
synth_28209,163
synth_28156,163
synth_28181,163
synth_28235,163
synth_28240,163
synth_28365,163
synth_28194,163
synth_28297,163
synth_28195,163
synth_28282,163
synth_28315,163
synth_28268,163
synth_28275,163
synth_28212,163
synth_28309,163
synth_28230,163
synth_28233,163
synth_28296,163
synth_28219,163
synth_28305,163
synth_28347,163
synth_28368,163
synth_28169,163
synth_28280,163
synth_28184,163
synth_28253,163
synth_28300,163
synth_28303,163
synth_28221,163
synth_28269,163
synth_28164,163
synth_28160,163
synth_28174,163
synth_28199,163
synth_28232,163
synth_28207,163
synth_28272,163
synth_28344,163
synth_28213,163
synth_28325,163
synth_28228,163
synth_28161,163
synth_28352,163
synth_28225,163
synth_28292,163
synth_28311,163
synth_28256,163
synth_28295,163
synth_28197,163
synth_28294,163
synth_28362,163
synth_28241,163
synth_28263,163
synth_28264,163
synth_28310,163
synth_28313,163
synth_28158,163
synth_28245,163
synth_28330,163
synth_28249,163
synth_28259,163
synth_28289,163
synth_28175,163
synth_28192,163
synth_28286,163
synth_28220,163
synth_28354,163
synth_28356,163
synth_28166,163
synth_28227,163
synth_28290,163
synth_28334,163
synth_28343,163
synth_28345,163
synth_28367,163
synth_28183,163
synth_28360,163
synth_28193,163
synth_28250,163
synth_28279,163
synth_28318,163
synth_28172,163
synth_28234,163
synth_28273,163
synth_28238,163
synth_28180,163
synth_28364,163
synth_28188,163
synth_28359,163
synth_28285,163
synth_28198,163
synth_28246,163
synth_28339,163
synth_28255,163
synth_28366,163
synth_28224,163
synth_28314,163
synth_28317,163
synth_28159,163
synth_28217,163
synth_28237,163
synth_28254,163
synth_28171,163
synth_28182,163
synth_28226,163
synth_28185,163
synth_28208,163
synth_28218,163
synth_28308,163
synth_28346,163
synth_28152,163
synth_28267,163
synth_28251,163
synth_28281,163
synth_28320,163
synth_28287,163
synth_28186,163
synth_28211,163
synth_28335,163
synth_28257,163
synth_28388,162
synth_28410,162
synth_28455,162
synth_28493,162
synth_28490,162
synth_28379,162
synth_28406,162
synth_28463,162
synth_28440,162
synth_28507,162
synth_28464,162
synth_28502,162
synth_28558,162
synth_28416,162
synth_28521,162
synth_28578,162
synth_28386,162
synth_28442,162
synth_28573,162
synth_28486,162
synth_28511,162
synth_28548,162
synth_28448,162
synth_28509,162
synth_28449,162
synth_28562,162
synth_28580,162
synth_28461,162
synth_28549,162
synth_28483,162
synth_28576,162
synth_28421,162
synth_28465,162
synth_28446,162
synth_28459,162
synth_28487,162
synth_28418,162
synth_28389,162
synth_28381,162
synth_28402,162
synth_28423,162
synth_28435,162
synth_28516,162
synth_28519,162
synth_28525,162
synth_28373,162
synth_28377,162
synth_28534,162
synth_28380,162
synth_28390,162
synth_28582,162
synth_28569,162
synth_28472,162
synth_28512,162
synth_28482,162
synth_28474,162
synth_28577,162
synth_28522,162
synth_28378,162
synth_28444,162
synth_28497,162
synth_28407,162
synth_28415,162
synth_28420,162
synth_28556,162
synth_28527,162
synth_28441,162
synth_28561,162
synth_28437,162
synth_28586,162
synth_28567,162
synth_28467,162
synth_28398,162
synth_28500,162
synth_28424,162
synth_28447,162
synth_28494,162
synth_28382,162
synth_28387,162
synth_28458,162
synth_28475,162
synth_28551,162
synth_28403,162
synth_28430,162
synth_28496,162
synth_28523,162
synth_28535,162
synth_28429,162
synth_28395,162
synth_28473,162
synth_28581,162
synth_28536,162
synth_28571,162
synth_28409,162
synth_28517,162
synth_28499,162
synth_28439,162
synth_28471,162
synth_28405,162
synth_28452,162
synth_28484,162
synth_28560,162
synth_28451,162
synth_28587,162
synth_28566,162
synth_28529,162
synth_28514,162
synth_28563,162
synth_28543,162
synth_28538,162
synth_28431,162
synth_28456,162
synth_28476,162
synth_28466,162
synth_28518,162
synth_28501,162
synth_28524,162
synth_28540,162
synth_28574,162
synth_28450,162
synth_28414,162
synth_28531,162
synth_28436,162
synth_28445,162
synth_28454,162
synth_28550,162
synth_28371,162
synth_28453,162
synth_28478,162
synth_28457,162
synth_28528,162
synth_28539,162
synth_28510,162
synth_28545,162
synth_28468,162
synth_28489,162
synth_28554,162
synth_28568,162
synth_28385,162
synth_28432,162
synth_28397,162
synth_28513,162
synth_28547,162
synth_28485,162
synth_28552,162
synth_28544,162
synth_28579,162
synth_28413,162
synth_28506,162
synth_28559,162
synth_28411,162
synth_28504,162
synth_28553,162
synth_28565,162
synth_28392,162
synth_28460,162
synth_28575,162
synth_28480,162
synth_28495,162
synth_28401,162
synth_28537,162
synth_28404,162
synth_28526,162
synth_28376,162
synth_28479,162
synth_28426,162
synth_28488,162
synth_28583,162
synth_28515,162
synth_28419,162
synth_28443,162
synth_28425,162
synth_28391,162
synth_28503,162
synth_28532,162
synth_28422,162
synth_28374,162
synth_28393,162
synth_28417,162
synth_28505,162
synth_28383,162
synth_28481,162
synth_28530,162
synth_28588,162
synth_28433,162
synth_28546,162
synth_28508,162
synth_28369,162
synth_28492,162
synth_28541,162
synth_28400,162
synth_28462,162
synth_28570,162
synth_28585,162
synth_28477,162
synth_28408,162
synth_28434,162
synth_28412,162
synth_28427,162
synth_28564,162
synth_28372,162
synth_28384,162
synth_28470,162
synth_28584,162
synth_28399,162
synth_28555,162
synth_28428,162
synth_28557,162
synth_28394,162
synth_28491,162
synth_28438,162
synth_28533,162
synth_28572,162
synth_28370,162
synth_28396,162
synth_28469,162
synth_28498,162
synth_28520,162
synth_28375,162
synth_28542,162
synth_28784,161
synth_28644,161
synth_28592,161
synth_28630,161
synth_28746,161
synth_28747,161
synth_28742,161
synth_28791,161
synth_28594,161
synth_28619,161
synth_28810,161
synth_28799,161
synth_28722,161
synth_28764,161
synth_28614,161
synth_28649,161
synth_28752,161
synth_28672,161
synth_28786,161
synth_28647,161
synth_28773,161
synth_28655,161
synth_28709,161
synth_28716,161
synth_28645,161
synth_28772,161
synth_28804,161
synth_28808,161
synth_28589,161
synth_28766,161
synth_28671,161
synth_28673,161
synth_28611,161
synth_28737,161
synth_28698,161
synth_28785,161
synth_28606,161
synth_28705,161
synth_28693,161
synth_28686,161
synth_28677,161
synth_28703,161
synth_28631,161
synth_28656,161
synth_28661,161
synth_28615,161
synth_28730,161
synth_28795,161
synth_28663,161
synth_28702,161
synth_28646,161
synth_28744,161
synth_28774,161
synth_28666,161
synth_28680,161
synth_28675,161
synth_28688,161
synth_28762,161
synth_28763,161
synth_28779,161
synth_28598,161
synth_28745,161
synth_28788,161
synth_28767,161
synth_28610,161
synth_28624,161
synth_28600,161
synth_28660,161
synth_28602,161
synth_28694,161
synth_28682,161
synth_28729,161
synth_28741,161
synth_28726,161
synth_28768,161
synth_28679,161
synth_28756,161
synth_28769,161
synth_28792,161
synth_28667,161
synth_28717,161
synth_28638,161
synth_28626,161
synth_28609,161
synth_28724,161
synth_28674,161
synth_28718,161
synth_28662,161
synth_28731,161
synth_28735,161
synth_28801,161
synth_28596,161
synth_28639,161
synth_28685,161
synth_28781,161
synth_28654,161
synth_28719,161
synth_28776,161
synth_28652,161
synth_28678,161
synth_28789,161
synth_28800,161
synth_28665,161
synth_28669,161
synth_28641,161
synth_28720,161
synth_28740,161
synth_28625,161
synth_28608,161
synth_28634,161
synth_28721,161
synth_28707,161
synth_28687,161
synth_28759,161
synth_28618,161
synth_28699,161
synth_28748,161
synth_28749,161
synth_28628,161
synth_28802,161
synth_28782,161
synth_28681,161
synth_28793,161
synth_28727,161
synth_28636,161
synth_28732,161
synth_28805,161
synth_28643,161
synth_28771,161
synth_28695,161
synth_28755,161
synth_28796,161
synth_28640,161
synth_28670,161
synth_28743,161
synth_28754,161
synth_28704,161
synth_28714,161
synth_28657,161
synth_28617,161
synth_28605,161
synth_28725,161
synth_28597,161
synth_28623,161
synth_28595,161
synth_28708,161
synth_28601,161
synth_28758,161
synth_28591,161
synth_28733,161
synth_28642,161
synth_28697,161
synth_28806,161
synth_28621,161
synth_28627,161
synth_28632,161
synth_28633,161
synth_28620,161
synth_28753,161
synth_28803,161
synth_28712,161
synth_28780,161
synth_28653,161
synth_28664,161
synth_28683,161
synth_28723,161
synth_28690,161
synth_28590,161
synth_28691,161
synth_28599,161
synth_28676,161
synth_28777,161
synth_28807,161
synth_28593,161
synth_28612,161
synth_28798,161
synth_28711,161
synth_28775,161
synth_28651,161
synth_28734,161
synth_28736,161
synth_28622,161
synth_28794,161
synth_28706,161
synth_28710,161
synth_28750,161
synth_28760,161
synth_28797,161
synth_28761,161
synth_28765,161
synth_28637,161
synth_28648,161
synth_28684,161
synth_28713,161
synth_28603,161
synth_28650,161
synth_28659,161
synth_28689,161
synth_28739,161
synth_28787,161
synth_28607,161
synth_28668,161
synth_28700,161
synth_28738,161
synth_28770,161
synth_28809,161
synth_28783,161
synth_28728,161
synth_28778,161
synth_28715,161
synth_28751,161
synth_28757,161
synth_28635,161
synth_28658,161
synth_28616,161
synth_28629,161
synth_28692,161
synth_28701,161
synth_28790,161
synth_28604,161
synth_28613,161
synth_28696,161
synth_28939,160
synth_28877,160
synth_28986,160
synth_28994,160
synth_28874,160
synth_28922,160
synth_28923,160
synth_28973,160
synth_28891,160
synth_28978,160
synth_28871,160
synth_28932,160
synth_29001,160
synth_28820,160
synth_28906,160
synth_29007,160
synth_28967,160
synth_28920,160
synth_28882,160
synth_28935,160
synth_28812,160
synth_28971,160
synth_28811,160
synth_28859,160
synth_28974,160
synth_29010,160
synth_28873,160
synth_28968,160
synth_28993,160
synth_29024,160
synth_28870,160
synth_29033,160
synth_28953,160
synth_29004,160
synth_28910,160
synth_28848,160
synth_29025,160
synth_28903,160
synth_28868,160
synth_28955,160
synth_28822,160
synth_28840,160
synth_28913,160
synth_28852,160
synth_28815,160
synth_28823,160
synth_28827,160
synth_28952,160
synth_28989,160
synth_28895,160
synth_29012,160
synth_28908,160
synth_28887,160
synth_28921,160
synth_28843,160
synth_28911,160
synth_28854,160
synth_28931,160
synth_28918,160
synth_28969,160
synth_28976,160
synth_28947,160
synth_28866,160
synth_28980,160
synth_28888,160
synth_28894,160
synth_28849,160
synth_28819,160
synth_28831,160
synth_28844,160
synth_28880,160
synth_29021,160
synth_28838,160
synth_28937,160
synth_28821,160
synth_28834,160
synth_28835,160
synth_28902,160
synth_28982,160
synth_28837,160
synth_28896,160
synth_28916,160
synth_28945,160
synth_28855,160
synth_28883,160
synth_29000,160
synth_28957,160
synth_28997,160
synth_28956,160
synth_29003,160
synth_28943,160
synth_28929,160
synth_28829,160
synth_28847,160
synth_28963,160
synth_29006,160
synth_29013,160
synth_28878,160
synth_28996,160
synth_29029,160
synth_29023,160
synth_28830,160
synth_28869,160
synth_28962,160
synth_28885,160
synth_29020,160
synth_28940,160
synth_28977,160
synth_28907,160
synth_28979,160
synth_29018,160
synth_28893,160
synth_28965,160
synth_28949,160
synth_28865,160
synth_28889,160
synth_28981,160
synth_28987,160
synth_28828,160
synth_28861,160
synth_29019,160
synth_28832,160
synth_28985,160
synth_28817,160
synth_28946,160
synth_29036,160
synth_28905,160
synth_28856,160
synth_28988,160
synth_28948,160
synth_29008,160
synth_28959,160
synth_28927,160
synth_28825,160
synth_28984,160
synth_28862,160
synth_28875,160
synth_29005,160
synth_28928,160
synth_28899,160
synth_28942,160
synth_28941,160
synth_29032,160
synth_28892,160
synth_28934,160
synth_28884,160
synth_28998,160
synth_28936,160
synth_28912,160
synth_28924,160
synth_29009,160
synth_28839,160
synth_29014,160
synth_28975,160
synth_28850,160
synth_28930,160
synth_28995,160
synth_29002,160
synth_28872,160
synth_28958,160
synth_29017,160
synth_28876,160
synth_29035,160
synth_28944,160
synth_28851,160
synth_28909,160
synth_28833,160
synth_28915,160
synth_28961,160
synth_28970,160
synth_29026,160
synth_28926,160
synth_28886,160
synth_28917,160
synth_28966,160
synth_28867,160
synth_28964,160
synth_29016,160
synth_28900,160
synth_28919,160
synth_28814,160
synth_28954,160
synth_28879,160
synth_28841,160
synth_28972,160
synth_28990,160
synth_29030,160
synth_28836,160
synth_28881,160
synth_28858,160
synth_28901,160
synth_29027,160
synth_28818,160
synth_28951,160
synth_28816,160
synth_28999,160
synth_29034,160
synth_28898,160
synth_28813,160
synth_28857,160
synth_28826,160
synth_28845,160
synth_28950,160
synth_28842,160
synth_28890,160
synth_28824,160
synth_28938,160
synth_29015,160
synth_28914,160
synth_28846,160
synth_28853,160
synth_28863,160
synth_28897,160
synth_28904,160
synth_28864,160
synth_29028,160
synth_28992,160
synth_29031,160
synth_29022,160
synth_28925,160
synth_28983,160
synth_28933,160
synth_28860,160
synth_28960,160
synth_28991,160
synth_29011,160
synth_29074,159
synth_29256,159
synth_29040,159
synth_29097,159
synth_29102,159
synth_29243,159
synth_29232,159
synth_29139,159
synth_29210,159
synth_29061,159
synth_29215,159
synth_29241,159
synth_29251,159
synth_29180,159
synth_29218,159
synth_29105,159
synth_29173,159
synth_29107,159
synth_29222,159
synth_29231,159
synth_29233,159
synth_29193,159
synth_29057,159
synth_29236,159
synth_29046,159
synth_29114,159
synth_29172,159
synth_29141,159
synth_29200,159
synth_29208,159
synth_29050,159
synth_29147,159
synth_29202,159
synth_29125,159
synth_29263,159
synth_29088,159
synth_29137,159
synth_29127,159
synth_29068,159
synth_29185,159
synth_29207,159
synth_29192,159
synth_29079,159
synth_29094,159
synth_29109,159
synth_29178,159
synth_29209,159
synth_29090,159
synth_29121,159
synth_29123,159
synth_29155,159
synth_29099,159
synth_29100,159
synth_29070,159
synth_29122,159
synth_29106,159
synth_29078,159
synth_29171,159
synth_29174,159
synth_29077,159
synth_29118,159
synth_29101,159
synth_29144,159
synth_29073,159
synth_29230,159
synth_29255,159
synth_29198,159
synth_29131,159
synth_29179,159
synth_29103,159
synth_29199,159
synth_29242,159
synth_29217,159
synth_29091,159
synth_29146,159
synth_29051,159
synth_29093,159
synth_29133,159
synth_29115,159
synth_29158,159
synth_29229,159
synth_29165,159
synth_29235,159
synth_29116,159
synth_29260,159
synth_29064,159
synth_29072,159
synth_29037,159
synth_29162,159
synth_29066,159
synth_29152,159
synth_29239,159
synth_29053,159
synth_29128,159
synth_29135,159
synth_29223,159
synth_29228,159
synth_29246,159
synth_29253,159
synth_29104,159
synth_29150,159
synth_29169,159
synth_29059,159
synth_29048,159
synth_29096,159
synth_29112,159
synth_29142,159
synth_29084,159
synth_29261,159
synth_29089,159
synth_29160,159
synth_29201,159
synth_29138,159
synth_29252,159
synth_29257,159
synth_29184,159
synth_29205,159
synth_29175,159
synth_29262,159
synth_29083,159
synth_29092,159
synth_29140,159
synth_29075,159
synth_29153,159
synth_29240,159
synth_29244,159
synth_29149,159
synth_29194,159
synth_29087,159
synth_29060,159
synth_29176,159
synth_29203,159
synth_29159,159
synth_29187,159
synth_29065,159
synth_29212,159
synth_29156,159
synth_29238,159
synth_29120,159
synth_29126,159
synth_29170,159
synth_29195,159
synth_29130,159
synth_29129,159
synth_29206,159
synth_29247,159
synth_29052,159
synth_29085,159
synth_29047,159
synth_29211,159
synth_29254,159
synth_29226,159
synth_29108,159
synth_29204,159
synth_29168,159
synth_29154,159
synth_29181,159
synth_29248,159
synth_29081,159
synth_29039,159
synth_29186,159
synth_29044,159
synth_29196,159
synth_29082,159
synth_29183,159
synth_29220,159
synth_29177,159
synth_29119,159
synth_29124,159
synth_29197,159
synth_29049,159
synth_29076,159
synth_29161,159
synth_29043,159
synth_29143,159
synth_29264,159
synth_29071,159
synth_29216,159
synth_29063,159
synth_29227,159
synth_29219,159
synth_29259,159
synth_29132,159
synth_29221,159
synth_29062,159
synth_29182,159
synth_29249,159
synth_29067,159
synth_29086,159
synth_29157,159
synth_29069,159
synth_29056,159
synth_29041,159
synth_29117,159
synth_29190,159
synth_29224,159
synth_29038,159
synth_29188,159
synth_29214,159
synth_29237,159
synth_29055,159
synth_29136,159
synth_29167,159
synth_29045,159
synth_29163,159
synth_29042,159
synth_29145,159
synth_29245,159
synth_29234,159
synth_29250,159
synth_29134,159
synth_29098,159
synth_29225,159
synth_29148,159
synth_29189,159
synth_29213,159
synth_29095,159
synth_29151,159
synth_29164,159
synth_29166,159
synth_29258,159
synth_29080,159
synth_29113,159
synth_29054,159
synth_29111,159
synth_29265,159
synth_29191,159
synth_29058,159
synth_29110,159
synth_29444,158
synth_29465,158
synth_29416,158
synth_29392,158
synth_29357,158
synth_29411,158
synth_29342,158
synth_29467,158
synth_29324,158
synth_29309,158
synth_29364,158
synth_29478,158
synth_29495,158
synth_29286,158
synth_29283,158
synth_29335,158
synth_29337,158
synth_29430,158
synth_29349,158
synth_29378,158
synth_29295,158
synth_29399,158
synth_29425,158
synth_29489,158
synth_29401,158
synth_29385,158
synth_29367,158
synth_29421,158
synth_29290,158
synth_29315,158
synth_29344,158
synth_29469,158
synth_29379,158
synth_29415,158
synth_29375,158
synth_29274,158
synth_29302,158
synth_29351,158
synth_29270,158
synth_29484,158
synth_29284,158
synth_29427,158
synth_29431,158
synth_29331,158
synth_29353,158
synth_29400,158
synth_29381,158
synth_29406,158
synth_29438,158
synth_29464,158
synth_29276,158
synth_29332,158
synth_29494,158
synth_29486,158
synth_29443,158
synth_29492,158
synth_29272,158
synth_29333,158
synth_29395,158
synth_29426,158
synth_29485,158
synth_29268,158
synth_29307,158
synth_29473,158
synth_29435,158
synth_29282,158
synth_29418,158
synth_29299,158
synth_29477,158
synth_29482,158
synth_29312,158
synth_29336,158
synth_29388,158
synth_29377,158
synth_29463,158
synth_29429,158
synth_29361,158
synth_29386,158
synth_29303,158
synth_29285,158
synth_29423,158
synth_29372,158
synth_29374,158
synth_29287,158
synth_29301,158
synth_29318,158
synth_29393,158
synth_29414,158
synth_29362,158
synth_29456,158
synth_29368,158
synth_29391,158
synth_29365,158
synth_29278,158
synth_29479,158
synth_29347,158
synth_29316,158
synth_29340,158
synth_29319,158
synth_29498,158
synth_29329,158
synth_29404,158
synth_29358,158
synth_29460,158
synth_29433,158
synth_29271,158
synth_29376,158
synth_29398,158
synth_29412,158
synth_29420,158
synth_29354,158
synth_29440,158
synth_29313,158
synth_29317,158
synth_29348,158
synth_29383,158
synth_29496,158
synth_29359,158
synth_29476,158
synth_29447,158
synth_29441,158
synth_29305,158
synth_29437,158
synth_29304,158
synth_29279,158
synth_29296,158
synth_29330,158
synth_29452,158
synth_29454,158
synth_29293,158
synth_29422,158
synth_29475,158
synth_29468,158
synth_29409,158
synth_29472,158
synth_29308,158
synth_29327,158
synth_29457,158
synth_29363,158
synth_29356,158
synth_29320,158
synth_29389,158
synth_29449,158
synth_29288,158
synth_29387,158
synth_29397,158
synth_29346,158
synth_29371,158
synth_29408,158
synth_29442,158
synth_29300,158
synth_29451,158
synth_29436,158
synth_29405,158
synth_29453,158
synth_29458,158
synth_29487,158
synth_29370,158
synth_29298,158
synth_29497,158
synth_29280,158
synth_29289,158
synth_29322,158
synth_29267,158
synth_29369,158
synth_29491,158
synth_29410,158
synth_29445,158
synth_29470,158
synth_29461,158
synth_29483,158
synth_29334,158
synth_29339,158
synth_29407,158
synth_29471,158
synth_29490,158
synth_29311,158
synth_29396,158
synth_29328,158
synth_29382,158
synth_29428,158
synth_29321,158
synth_29402,158
synth_29360,158
synth_29273,158
synth_29459,158
synth_29269,158
synth_29343,158
synth_29432,158
synth_29474,158
synth_29417,158
synth_29424,158
synth_29281,158
synth_29466,158
synth_29488,158
synth_29390,158
synth_29403,158
synth_29413,158
synth_29352,158
synth_29480,158
synth_29341,158
synth_29373,158
synth_29314,158
synth_29297,158
synth_29310,158
synth_29366,158
synth_29448,158
synth_29326,158
synth_29462,158
synth_29345,158
synth_29277,158
synth_29338,158
synth_29323,158
synth_29455,158
synth_29493,158
synth_29450,158
synth_29355,158
synth_29275,158
synth_29325,158
synth_29439,158
synth_29292,158
synth_29384,158
synth_29350,158
synth_29380,158
synth_29266,158
synth_29291,158
synth_29306,158
synth_29394,158
synth_29419,158
synth_29446,158
synth_29481,158
synth_29294,158
synth_29434,158
synth_29531,157
synth_29586,157
synth_29617,157
synth_29676,157
synth_29592,157
synth_29668,157
synth_29528,157
synth_29609,157
synth_29626,157
synth_29655,157
synth_29685,157
synth_29523,157
synth_29596,157
synth_29636,157
synth_29727,157
synth_29703,157
synth_29713,157
synth_29571,157
synth_29597,157
synth_29671,157
synth_29514,157
synth_29618,157
synth_29642,157
synth_29679,157
synth_29714,157
synth_29550,157
synth_29704,157
synth_29603,157
synth_29622,157
synth_29677,157
synth_29505,157
synth_29610,157
synth_29709,157
synth_29674,157
synth_29695,157
synth_29578,157
synth_29565,157
synth_29694,157
synth_29706,157
synth_29613,157
synth_29711,157
synth_29557,157
synth_29721,157
synth_29591,157
synth_29629,157
synth_29696,157
synth_29611,157
synth_29590,157
synth_29659,157
synth_29533,157
synth_29718,157
synth_29722,157
synth_29650,157
synth_29708,157
synth_29662,157
synth_29690,157
synth_29672,157
synth_29598,157
synth_29511,157
synth_29681,157
synth_29585,157
synth_29501,157
synth_29527,157
synth_29602,157
synth_29725,157
synth_29500,157
synth_29675,157
synth_29683,157
synth_29631,157
synth_29661,157
synth_29719,157
synth_29615,157
synth_29608,157
synth_29644,157
synth_29652,157
synth_29555,157
synth_29503,157
synth_29574,157
synth_29627,157
synth_29657,157
synth_29620,157
synth_29559,157
synth_29567,157
synth_29548,157
synth_29549,157
synth_29515,157
synth_29686,157
synth_29689,157
synth_29539,157
synth_29540,157
synth_29645,157
synth_29678,157
synth_29507,157
synth_29513,157
synth_29556,157
synth_29582,157
synth_29666,157
synth_29687,157
synth_29728,157
synth_29568,157
synth_29639,157
synth_29647,157
synth_29564,157
synth_29518,157
synth_29542,157
synth_29684,157
synth_29530,157
synth_29525,157
synth_29673,157
synth_29688,157
synth_29600,157
synth_29614,157
synth_29720,157
synth_29729,157
synth_29512,157
synth_29593,157
synth_29510,157
synth_29509,157
synth_29624,157
synth_29651,157
synth_29648,157
synth_29637,157
synth_29702,157
synth_29599,157
synth_29698,157
synth_29699,157
synth_29526,157
synth_29663,157
synth_29524,157
synth_29646,157
synth_29649,157
synth_29589,157
synth_29607,157
synth_29701,157
synth_29584,157
synth_29535,157
synth_29570,157
synth_29669,157
synth_29693,157
synth_29588,157
synth_29665,157
synth_29587,157
synth_29634,157
synth_29730,157
synth_29606,157
synth_29554,157
synth_29536,157
synth_29640,157
synth_29653,157
synth_29519,157
synth_29643,157
synth_29569,157
synth_29619,157
synth_29562,157
synth_29697,157
synth_29546,157
synth_29561,157
synth_29664,157
synth_29734,157
synth_29532,157
synth_29545,157
synth_29632,157
synth_29529,157
synth_29670,157
synth_29707,157
synth_29552,157
synth_29705,157
synth_29502,157
synth_29667,157
synth_29625,157
synth_29710,157
synth_29692,157
synth_29616,157
synth_29641,157
synth_29724,157
synth_29716,157
synth_29573,157
synth_29553,157
synth_29572,157
synth_29715,157
synth_29506,157
synth_29504,157
synth_29638,157
synth_29612,157
synth_29732,157
synth_29691,157
synth_29604,157
synth_29575,157
synth_29595,157
synth_29633,157
synth_29517,157
synth_29658,157
synth_29551,157
synth_29558,157
synth_29635,157
synth_29563,157
synth_29621,157
synth_29576,157
synth_29560,157
synth_29577,157
synth_29660,157
synth_29544,157
synth_29543,157
synth_29522,157
synth_29700,157
synth_29521,157
synth_29580,157
synth_29723,157
synth_29508,157
synth_29581,157
synth_29682,157
synth_29566,157
synth_29534,157
synth_29537,157
synth_29541,157
synth_29499,157
synth_29654,157
synth_29538,157
synth_29630,157
synth_29547,157
synth_29594,157
synth_29516,157
synth_29579,157
synth_29605,157
synth_29583,157
synth_29623,157
synth_29656,157
synth_29680,157
synth_29712,157
synth_29601,157
synth_29717,157
synth_29726,157
synth_29731,157
synth_29733,157
synth_29520,157
synth_29628,157
synth_29829,156
synth_29834,156
synth_29896,156
synth_29940,156
synth_29959,156
synth_29960,156
synth_29737,156
synth_29825,156
synth_29822,156
synth_29957,156
synth_29826,156
synth_29844,156
synth_29745,156
synth_29881,156
synth_29792,156
synth_29868,156
synth_29964,156
synth_29743,156
synth_29796,156
synth_29797,156
synth_29966,156
synth_29883,156
synth_29742,156
synth_29850,156
synth_29929,156
synth_29770,156
synth_29843,156
synth_29875,156
synth_29919,156
synth_29738,156
synth_29928,156
synth_29933,156
synth_29972,156
synth_29765,156
synth_29885,156
synth_29749,156
synth_29821,156
synth_29759,156
synth_29773,156
synth_29915,156
synth_29871,156
synth_29870,156
synth_29967,156
synth_29910,156
synth_29924,156
synth_29748,156
synth_29889,156
synth_29793,156
synth_29898,156
synth_29788,156
synth_29806,156
synth_29913,156
synth_29852,156
synth_29917,156
synth_29950,156
synth_29758,156
synth_29884,156
synth_29813,156
synth_29892,156
synth_29918,156
synth_29973,156
synth_29778,156
synth_29942,156
synth_29886,156
synth_29941,156
synth_29846,156
synth_29905,156
synth_29741,156
synth_29895,156
synth_29815,156
synth_29832,156
synth_29740,156
synth_29840,156
synth_29861,156
synth_29931,156
synth_29752,156
synth_29782,156
synth_29934,156
synth_29814,156
synth_29835,156
synth_29946,156
synth_29904,156
synth_29831,156
synth_29836,156
synth_29794,156
synth_29760,156
synth_29944,156
synth_29735,156
synth_29824,156
synth_29848,156
synth_29841,156
synth_29847,156
synth_29894,156
synth_29780,156
synth_29906,156
synth_29810,156
synth_29827,156
synth_29777,156
synth_29779,156
synth_29787,156
synth_29927,156
synth_29790,156
synth_29879,156
synth_29882,156
synth_29803,156
synth_29938,156
synth_29971,156
synth_29860,156
synth_29804,156
synth_29858,156
synth_29867,156
synth_29808,156
synth_29926,156
synth_29816,156
synth_29951,156
synth_29903,156
synth_29854,156
synth_29891,156
synth_29893,156
synth_29857,156
synth_29874,156
synth_29769,156
synth_29753,156
synth_29838,156
synth_29923,156
synth_29952,156
synth_29812,156
synth_29866,156
synth_29888,156
synth_29932,156
synth_29961,156
synth_29784,156
synth_29939,156
synth_29801,156
synth_29783,156
synth_29955,156
synth_29736,156
synth_29762,156
synth_29764,156
synth_29962,156
synth_29958,156
synth_29791,156
synth_29930,156
synth_29949,156
synth_29864,156
synth_29766,156
synth_29851,156
synth_29947,156
synth_29823,156
synth_29907,156
synth_29837,156
synth_29887,156
synth_29969,156
synth_29865,156
synth_29900,156
synth_29744,156
synth_29802,156
synth_29817,156
synth_29922,156
synth_29799,156
synth_29798,156
synth_29830,156
synth_29912,156
synth_29853,156
synth_29754,156
synth_29839,156
synth_29909,156
synth_29772,156
synth_29953,156
synth_29795,156
synth_29818,156
synth_29807,156
synth_29869,156
synth_29916,156
synth_29965,156
synth_29914,156
synth_29925,156
synth_29763,156
synth_29774,156
synth_29805,156
synth_29862,156
synth_29945,156
synth_29756,156
synth_29855,156
synth_29785,156
synth_29943,156
synth_29856,156
synth_29897,156
synth_29739,156
synth_29859,156
synth_29956,156
synth_29761,156
synth_29800,156
synth_29755,156
synth_29828,156
synth_29863,156
synth_29963,156
synth_29890,156
synth_29954,156
synth_29901,156
synth_29873,156
synth_29937,156
synth_29833,156
synth_29878,156
synth_29948,156
synth_29849,156
synth_29746,156
synth_29747,156
synth_29775,156
synth_29819,156
synth_29757,156
synth_29809,156
synth_29936,156
synth_29845,156
synth_29771,156
synth_29876,156
synth_29935,156
synth_29781,156
synth_29786,156
synth_29908,156
synth_29811,156
synth_29968,156
synth_29789,156
synth_29750,156
synth_29902,156
synth_29920,156
synth_29911,156
synth_29842,156
synth_29767,156
synth_29751,156
synth_29768,156
synth_29880,156
synth_29877,156
synth_29820,156
synth_29872,156
synth_29899,156
synth_29776,156
synth_29921,156
synth_29970,156
synth_30037,155
synth_30136,155
synth_30017,155
synth_30148,155
synth_30067,155
synth_30175,155
synth_30121,155
synth_30070,155
synth_30011,155
synth_30061,155
synth_30102,155
synth_29992,155
synth_30211,155
synth_30001,155
synth_30115,155
synth_29979,155
synth_30059,155
synth_30212,155
synth_29976,155
synth_30106,155
synth_30122,155
synth_30193,155
synth_29993,155
synth_30215,155
synth_30196,155
synth_30186,155
synth_30094,155
synth_30119,155
synth_30074,155
synth_30087,155
synth_30024,155
synth_30154,155
synth_30163,155
synth_30091,155
synth_30204,155
synth_30153,155
synth_30133,155
synth_29982,155
synth_30192,155
synth_29974,155
synth_30123,155
synth_30131,155
synth_30028,155
synth_30144,155
synth_30051,155
synth_30114,155
synth_30089,155
synth_30183,155
synth_30058,155
synth_30213,155
synth_29997,155
synth_30021,155
synth_30181,155
synth_30151,155
synth_30005,155
synth_30178,155
synth_30035,155
synth_30164,155
synth_29987,155
synth_30022,155
synth_29990,155
synth_30072,155
synth_30143,155
synth_29975,155
synth_30006,155
synth_30086,155
synth_30014,155
synth_30146,155
synth_30023,155
synth_30048,155
synth_30064,155
synth_30068,155
synth_30118,155
synth_30046,155
synth_30095,155
synth_30142,155
synth_30084,155
synth_30180,155
synth_30065,155
synth_30158,155
synth_30161,155
synth_29984,155
synth_29989,155
synth_30125,155
synth_30069,155
synth_30206,155
synth_30020,155
synth_30039,155
synth_30063,155
synth_30031,155
synth_30066,155
synth_30187,155
synth_30200,155
synth_29981,155
synth_30156,155
synth_30162,155
synth_29998,155
synth_30033,155
synth_30045,155
synth_30076,155
synth_30117,155
synth_30124,155
synth_30056,155
synth_30034,155
synth_30195,155
synth_30101,155
synth_30040,155
synth_30077,155
synth_30208,155
synth_30041,155
synth_30004,155
synth_30071,155
synth_30075,155
synth_30189,155
synth_29994,155
synth_30113,155
synth_29985,155
synth_30015,155
synth_30165,155
synth_30138,155
synth_30081,155
synth_30209,155
synth_30128,155
synth_30083,155
synth_30116,155
synth_30105,155
synth_30139,155
synth_30111,155
synth_30073,155
synth_30092,155
synth_30099,155
synth_29980,155
synth_29995,155
synth_30013,155
synth_30019,155
synth_30107,155
synth_30171,155
synth_30103,155
synth_30147,155
synth_30088,155
synth_30080,155
synth_30177,155
synth_30185,155
synth_30036,155
synth_30182,155
synth_30026,155
synth_30216,155
synth_30060,155
synth_30126,155
synth_30078,155
synth_30190,155
synth_30085,155
synth_30008,155
synth_30110,155
synth_30145,155
synth_29977,155
synth_29999,155
synth_30194,155
synth_30159,155
synth_30012,155
synth_30044,155
synth_30057,155
synth_29978,155
synth_30050,155
synth_30052,155
synth_30055,155
synth_30104,155
synth_30009,155
synth_30130,155
synth_30140,155
synth_30090,155
synth_30149,155
synth_30010,155
synth_29986,155
synth_30191,155
synth_30197,155
synth_29988,155
synth_30173,155
synth_30214,155
synth_30054,155
synth_29996,155
synth_30120,155
synth_30129,155
synth_30155,155
synth_29983,155
synth_30082,155
synth_30188,155
synth_30184,155
synth_30079,155
synth_30007,155
synth_30167,155
synth_30038,155
synth_30207,155
synth_30137,155
synth_30160,155
synth_30047,155
synth_30108,155
synth_30203,155
synth_30170,155
synth_30093,155
synth_30169,155
synth_30100,155
synth_30002,155
synth_30127,155
synth_30210,155
synth_30172,155
synth_30030,155
synth_30135,155
synth_30032,155
synth_30202,155
synth_30027,155
synth_30199,155
synth_30201,155
synth_30141,155
synth_30000,155
synth_30003,155
synth_30053,155
synth_30098,155
synth_30097,155
synth_30166,155
synth_30179,155
synth_30150,155
synth_30168,155
synth_30016,155
synth_30132,155
synth_30062,155
synth_30042,155
synth_30176,155
synth_30152,155
synth_30096,155
synth_30112,155
synth_30157,155
synth_30043,155
synth_30049,155
synth_30109,155
synth_30174,155
synth_30205,155
synth_30025,155
synth_30134,155
synth_30198,155
synth_30018,155
synth_29991,155
synth_30029,155
synth_30337,154
synth_30327,154
synth_30283,154
synth_30461,154
synth_30363,154
synth_30264,154
synth_30333,154
synth_30254,154
synth_30276,154
synth_30310,154
synth_30394,154
synth_30331,154
synth_30351,154
synth_30224,154
synth_30233,154
synth_30238,154
synth_30248,154
synth_30281,154
synth_30237,154
synth_30435,154
synth_30316,154
synth_30332,154
synth_30256,154
synth_30431,154
synth_30367,154
synth_30246,154
synth_30360,154
synth_30266,154
synth_30290,154
synth_30349,154
synth_30313,154
synth_30371,154
synth_30439,154
synth_30255,154
synth_30273,154
synth_30239,154
synth_30405,154
synth_30350,154
synth_30443,154
synth_30229,154
synth_30297,154
synth_30250,154
synth_30321,154
synth_30329,154
synth_30253,154
synth_30412,154
synth_30260,154
synth_30403,154
synth_30418,154
synth_30364,154
synth_30361,154
synth_30388,154
synth_30415,154
synth_30353,154
synth_30372,154
synth_30447,154
synth_30325,154
synth_30440,154
synth_30356,154
synth_30269,154
synth_30389,154
synth_30366,154
synth_30345,154
synth_30374,154
synth_30230,154
synth_30341,154
synth_30426,154
synth_30324,154
synth_30451,154
synth_30348,154
synth_30301,154
synth_30312,154
synth_30288,154
synth_30220,154
synth_30293,154
synth_30318,154
synth_30326,154
synth_30379,154
synth_30320,154
synth_30390,154
synth_30434,154
synth_30343,154
synth_30278,154
synth_30285,154
synth_30462,154
synth_30275,154
synth_30409,154
synth_30330,154
synth_30413,154
synth_30358,154
synth_30373,154
synth_30404,154
synth_30437,154
synth_30314,154
synth_30302,154
synth_30263,154
synth_30384,154
synth_30428,154
synth_30436,154
synth_30448,154
synth_30284,154
synth_30420,154
synth_30218,154
synth_30221,154
synth_30259,154
synth_30401,154
synth_30225,154
synth_30247,154
synth_30453,154
synth_30279,154
synth_30433,154
synth_30228,154
synth_30408,154
synth_30422,154
synth_30442,154
synth_30280,154
synth_30261,154
synth_30277,154
synth_30381,154
synth_30400,154
synth_30430,154
synth_30309,154
synth_30416,154
synth_30354,154
synth_30315,154
synth_30368,154
synth_30362,154
synth_30449,154
synth_30460,154
synth_30236,154
synth_30244,154
synth_30258,154
synth_30375,154
synth_30425,154
synth_30432,154
synth_30295,154
synth_30339,154
synth_30304,154
synth_30395,154
synth_30299,154
synth_30271,154
synth_30307,154
synth_30217,154
synth_30303,154
synth_30411,154
synth_30286,154
synth_30296,154
synth_30393,154
synth_30444,154
synth_30231,154
synth_30234,154
synth_30340,154
synth_30429,154
synth_30226,154
synth_30355,154
synth_30457,154
synth_30265,154
synth_30387,154
synth_30398,154
synth_30399,154
synth_30235,154
synth_30282,154
synth_30232,154
synth_30458,154
synth_30386,154
synth_30311,154
synth_30456,154
synth_30396,154
synth_30267,154
synth_30346,154
synth_30406,154
synth_30376,154
synth_30446,154
synth_30455,154
synth_30240,154
synth_30397,154
synth_30222,154
synth_30274,154
synth_30323,154
synth_30249,154
synth_30424,154
synth_30308,154
synth_30380,154
synth_30243,154
synth_30392,154
synth_30445,154
synth_30359,154
synth_30252,154
synth_30357,154
synth_30262,154
synth_30289,154
synth_30410,154
synth_30352,154
synth_30441,154
synth_30454,154
synth_30370,154
synth_30402,154
synth_30438,154
synth_30291,154
synth_30427,154
synth_30344,154
synth_30417,154
synth_30319,154
synth_30242,154
synth_30347,154
synth_30385,154
synth_30378,154
synth_30383,154
synth_30423,154
synth_30223,154
synth_30257,154
synth_30268,154
synth_30294,154
synth_30407,154
synth_30421,154
synth_30419,154
synth_30270,154
synth_30219,154
synth_30322,154
synth_30450,154
synth_30335,154
synth_30342,154
synth_30227,154
synth_30241,154
synth_30452,154
synth_30272,154
synth_30382,154
synth_30298,154
synth_30251,154
synth_30300,154
synth_30317,154
synth_30328,154
synth_30338,154
synth_30287,154
synth_30306,154
synth_30377,154
synth_30459,154
synth_30292,154
synth_30365,154
synth_30414,154
synth_30336,154
synth_30245,154
synth_30369,154
synth_30391,154
synth_30305,154
synth_30334,154
synth_30659,153
synth_30551,153
synth_30642,153
synth_30470,153
synth_30475,153
synth_30612,153
synth_30649,153
synth_30505,153
synth_30706,153
synth_30479,153
synth_30578,153
synth_30687,153
synth_30592,153
synth_30633,153
synth_30608,153
synth_30543,153
synth_30493,153
synth_30518,153
synth_30564,153
synth_30653,153
synth_30561,153
synth_30650,153
synth_30467,153
synth_30574,153
synth_30512,153
synth_30553,153
synth_30463,153
synth_30652,153
synth_30656,153
synth_30515,153
synth_30556,153
synth_30571,153
synth_30666,153
synth_30620,153
synth_30501,153
synth_30545,153
synth_30492,153
synth_30654,153
synth_30636,153
synth_30548,153
synth_30503,153
synth_30599,153
synth_30694,153
synth_30540,153
synth_30628,153
synth_30468,153
synth_30502,153
synth_30481,153
synth_30598,153
synth_30664,153
synth_30525,153
synth_30630,153
synth_30689,153
synth_30549,153
synth_30670,153
synth_30573,153
synth_30651,153
synth_30522,153
synth_30629,153
synth_30499,153
synth_30613,153
synth_30684,153
synth_30517,153
synth_30557,153
synth_30634,153
synth_30533,153
synth_30497,153
synth_30532,153
synth_30483,153
synth_30586,153
synth_30513,153
synth_30539,153
synth_30603,153
synth_30638,153
synth_30643,153
synth_30696,153
synth_30605,153
synth_30487,153
synth_30641,153
synth_30482,153
synth_30509,153
synth_30572,153
synth_30624,153
synth_30708,153
synth_30585,153
synth_30469,153
synth_30601,153
synth_30678,153
synth_30524,153
synth_30669,153
synth_30552,153
synth_30473,153
synth_30466,153
synth_30491,153
synth_30621,153
synth_30640,153
synth_30673,153
synth_30614,153
synth_30622,153
synth_30663,153
synth_30676,153
synth_30569,153
synth_30510,153
synth_30683,153
synth_30496,153
synth_30623,153
synth_30544,153
synth_30704,153
synth_30511,153
synth_30581,153
synth_30655,153
synth_30465,153
synth_30550,153
synth_30542,153
synth_30472,153
synth_30558,153
synth_30546,153
synth_30478,153
synth_30589,153
synth_30692,153
synth_30710,153
synth_30521,153
synth_30609,153
synth_30611,153
synth_30560,153
synth_30627,153
synth_30594,153
synth_30494,153
synth_30648,153
synth_30490,153
synth_30602,153
synth_30575,153
synth_30536,153
synth_30688,153
synth_30471,153
synth_30685,153
synth_30693,153
synth_30480,153
synth_30711,153
synth_30529,153
synth_30691,153
synth_30686,153
synth_30495,153
synth_30498,153
synth_30568,153
synth_30665,153
synth_30554,153
synth_30677,153
synth_30500,153
synth_30528,153
synth_30657,153
synth_30697,153
synth_30477,153
synth_30537,153
synth_30610,153
synth_30579,153
synth_30488,153
synth_30625,153
synth_30590,153
synth_30595,153
synth_30520,153
synth_30639,153
synth_30679,153
synth_30606,153
synth_30600,153
synth_30591,153
synth_30617,153
synth_30588,153
synth_30535,153
synth_30566,153
synth_30702,153
synth_30580,153
synth_30547,153
synth_30519,153
synth_30618,153
synth_30587,153
synth_30712,153
synth_30527,153
synth_30672,153
synth_30559,153
synth_30700,153
synth_30644,153
synth_30661,153
synth_30631,153
synth_30534,153
synth_30485,153
synth_30584,153
synth_30647,153
synth_30698,153
synth_30531,153
synth_30538,153
synth_30646,153
synth_30675,153
synth_30504,153
synth_30582,153
synth_30464,153
synth_30681,153
synth_30565,153
synth_30707,153
synth_30593,153
synth_30530,153
synth_30682,153
synth_30555,153
synth_30526,153
synth_30637,153
synth_30506,153
synth_30645,153
synth_30583,153
synth_30567,153
synth_30474,153
synth_30563,153
synth_30484,153
synth_30619,153
synth_30709,153
synth_30660,153
synth_30577,153
synth_30604,153
synth_30701,153
synth_30690,153
synth_30541,153
synth_30570,153
synth_30615,153
synth_30662,153
synth_30507,153
synth_30476,153
synth_30562,153
synth_30658,153
synth_30516,153
synth_30597,153
synth_30616,153
synth_30668,153
synth_30695,153
synth_30489,153
synth_30607,153
synth_30626,153
synth_30699,153
synth_30596,153
synth_30523,153
synth_30671,153
synth_30576,153
synth_30705,153
synth_30635,153
synth_30632,153
synth_30667,153
synth_30680,153
synth_30703,153
synth_30508,153
synth_30514,153
synth_30674,153
synth_30486,153
synth_30869,152
synth_30903,152
synth_30943,152
synth_30932,152
synth_30926,152
synth_30832,152
synth_30945,152
synth_30942,152
synth_30728,152
synth_30895,152
synth_30898,152
synth_30902,152
synth_30937,152
synth_30799,152
synth_30805,152
synth_30755,152
synth_30811,152
synth_30733,152
synth_30935,152
synth_30847,152
synth_30871,152
synth_30816,152
synth_30803,152
synth_30960,152
synth_30827,152
synth_30765,152
synth_30819,152
synth_30918,152
synth_30769,152
synth_30846,152
synth_30893,152
synth_30780,152
synth_30872,152
synth_30947,152
synth_30763,152
synth_30792,152
synth_30795,152
synth_30800,152
synth_30829,152
synth_30717,152
synth_30923,152
synth_30916,152
synth_30955,152
synth_30753,152
synth_30808,152
synth_30946,152
synth_30857,152
synth_30736,152
synth_30954,152
synth_30739,152
synth_30726,152
synth_30859,152
synth_30860,152
synth_30848,152
synth_30787,152
synth_30850,152
synth_30915,152
synth_30961,152
synth_30740,152
synth_30764,152
synth_30788,152
synth_30809,152
synth_30817,152
synth_30933,152
synth_30854,152
synth_30855,152
synth_30737,152
synth_30899,152
synth_30965,152
synth_30796,152
synth_30757,152
synth_30776,152
synth_30786,152
synth_30727,152
synth_30863,152
synth_30749,152
synth_30929,152
synth_30797,152
synth_30882,152
synth_30911,152
synth_30912,152
synth_30849,152
synth_30881,152
synth_30891,152
synth_30713,152
synth_30734,152
synth_30747,152
synth_30839,152
synth_30853,152
synth_30921,152
synth_30750,152
synth_30824,152
synth_30777,152
synth_30953,152
synth_30798,152
synth_30833,152
synth_30843,152
synth_30959,152
synth_30867,152
synth_30922,152
synth_30746,152
synth_30724,152
synth_30812,152
synth_30767,152
synth_30721,152
synth_30760,152
synth_30723,152
synth_30908,152
synth_30861,152
synth_30914,152
synth_30731,152
synth_30894,152
synth_30732,152
synth_30813,152
synth_30837,152
synth_30775,152
synth_30865,152
synth_30949,152
synth_30875,152
synth_30880,152
synth_30963,152
synth_30784,152
synth_30840,152
synth_30735,152
synth_30864,152
synth_30957,152
synth_30715,152
synth_30866,152
synth_30868,152
synth_30841,152
synth_30718,152
synth_30772,152
synth_30873,152
synth_30793,152
synth_30920,152
synth_30940,152
synth_30828,152
synth_30838,152
synth_30885,152
synth_30748,152
synth_30845,152
synth_30876,152
synth_30892,152
synth_30948,152
synth_30806,152
synth_30874,152
synth_30714,152
synth_30781,152
synth_30807,152
synth_30896,152
synth_30907,152
synth_30910,152
synth_30768,152
synth_30852,152
synth_30822,152
synth_30877,152
synth_30931,152
synth_30720,152
synth_30820,152
synth_30719,152
synth_30744,152
synth_30758,152
synth_30939,152
synth_30890,152
synth_30759,152
synth_30782,152
synth_30779,152
synth_30851,152
synth_30930,152
synth_30725,152
synth_30936,152
synth_30917,152
synth_30925,152
synth_30801,152
synth_30830,152
synth_30879,152
synth_30836,152
synth_30791,152
synth_30938,152
synth_30909,152
synth_30825,152
synth_30730,152
synth_30842,152
synth_30901,152
synth_30964,152
synth_30952,152
synth_30741,152
synth_30858,152
synth_30889,152
synth_30897,152
synth_30802,152
synth_30835,152
synth_30886,152
synth_30905,152
synth_30951,152
synth_30862,152
synth_30962,152
synth_30752,152
synth_30716,152
synth_30743,152
synth_30754,152
synth_30826,152
synth_30831,152
synth_30778,152
synth_30815,152
synth_30927,152
synth_30941,152
synth_30756,152
synth_30771,152
synth_30956,152
synth_30944,152
synth_30814,152
synth_30774,152
synth_30789,152
synth_30722,152
synth_30745,152
synth_30888,152
synth_30934,152
synth_30738,152
synth_30794,152
synth_30773,152
synth_30729,152
synth_30906,152
synth_30950,152
synth_30887,152
synth_30904,152
synth_30761,152
synth_30878,152
synth_30870,152
synth_30834,152
synth_30928,152
synth_30958,152
synth_30751,152
synth_30785,152
synth_30856,152
synth_30742,152
synth_30884,152
synth_30818,152
synth_30790,152
synth_30900,152
synth_30762,152
synth_30766,152
synth_30770,152
synth_30913,152
synth_30823,152
synth_30924,152
synth_30883,152
synth_30821,152
synth_30810,152
synth_30844,152
synth_30919,152
synth_30783,152
synth_30804,152
synth_31032,151
synth_31207,151
synth_31146,151
synth_31145,151
synth_31025,151
synth_31205,151
synth_31124,151
synth_31004,151
synth_30972,151
synth_31127,151
synth_31034,151
synth_31057,151
synth_31187,151
synth_31102,151
synth_31176,151
synth_31143,151
synth_31111,151
synth_31199,151
synth_30983,151
synth_31072,151
synth_30974,151
synth_31110,151
synth_31169,151
synth_31010,151
synth_31011,151
synth_31191,151
synth_30995,151
synth_31125,151
synth_31062,151
synth_31058,151
synth_31183,151
synth_31006,151
synth_31201,151
synth_31069,151
synth_31130,151
synth_31170,151
synth_31137,151
synth_30966,151
synth_31080,151
synth_31087,151
synth_31179,151
synth_30967,151
synth_31002,151
synth_31031,151
synth_30981,151
synth_31071,151
synth_31075,151
synth_31163,151
synth_31081,151
synth_31026,151
synth_30977,151
synth_30985,151
synth_31030,151
synth_31061,151
synth_31171,151
synth_31134,151
synth_30970,151
synth_31085,151
synth_30982,151
synth_30988,151
synth_31215,151
synth_31077,151
synth_31066,151
synth_31108,151
synth_31155,151
synth_31090,151
synth_31092,151
synth_31114,151
synth_31132,151
synth_30989,151
synth_30971,151
synth_31105,151
synth_31174,151
synth_31208,151
synth_31158,151
synth_31159,151
synth_30976,151
synth_31009,151
synth_31216,151
synth_31097,151
synth_31122,151
synth_31086,151
synth_31150,151
synth_31157,151
synth_31083,151
synth_31106,151
synth_30994,151
synth_31064,151
synth_31177,151
synth_31019,151
synth_31101,151
synth_31198,151
synth_31078,151
synth_31115,151
synth_31088,151
synth_31113,151
synth_31218,151
synth_31138,151
synth_31156,151
synth_30979,151
synth_31014,151
synth_31178,151
synth_31074,151
synth_31104,151
synth_31065,151
synth_31151,151
synth_31185,151
synth_31154,151
synth_31136,151
synth_31084,151
synth_31121,151
synth_31140,151
synth_31020,151
synth_31023,151
synth_31194,151
synth_30980,151
synth_31109,151
synth_31022,151
synth_31144,151
synth_31027,151
synth_31043,151
synth_31047,151
synth_31103,151
synth_31141,151
synth_31195,151
synth_31211,151
synth_31142,151
synth_31000,151
synth_31073,151
synth_31117,151
synth_31189,151
synth_31012,151
synth_31068,151
synth_31153,151
synth_31123,151
synth_31188,151
synth_31196,151
synth_31214,151
synth_31182,151
synth_31076,151
synth_31175,151
synth_31059,151
synth_31091,151
synth_31165,151
synth_31220,151
synth_30990,151
synth_31209,151
synth_31051,151
synth_31095,151
synth_31135,151
synth_31015,151
synth_31037,151
synth_31162,151
synth_30969,151
synth_30992,151
synth_31147,151
synth_31028,151
synth_31107,151
synth_31118,151
synth_31213,151
synth_31039,151
synth_31060,151
synth_31221,151
synth_31167,151
synth_31152,151
synth_31164,151
synth_31200,151
synth_31129,151
synth_31035,151
synth_30997,151
synth_31001,151
synth_31133,151
synth_30984,151
synth_31190,151
synth_30993,151
synth_31149,151
synth_30996,151
synth_31094,151
synth_31186,151
synth_31210,151
synth_31005,151
synth_31024,151
synth_31219,151
synth_31049,151
synth_31119,151
synth_31166,151
synth_30978,151
synth_31041,151
synth_31050,151
synth_31048,151
synth_30991,151
synth_31100,151
synth_31116,151
synth_31038,151
synth_31063,151
synth_31112,151
synth_31161,151
synth_31217,151
synth_31099,151
synth_31168,151
synth_31013,151
synth_31089,151
synth_30968,151
synth_31021,151
synth_31203,151
synth_30975,151
synth_31044,151
synth_31131,151
synth_31053,151
synth_31067,151
synth_31040,151
synth_31033,151
synth_31192,151
synth_31007,151
synth_31046,151
synth_31029,151
synth_31148,151
synth_31054,151
synth_31223,151
synth_31017,151
synth_31008,151
synth_31193,151
synth_31036,151
synth_31045,151
synth_31056,151
synth_31173,151
synth_31160,151
synth_31126,151
synth_31139,151
synth_30973,151
synth_31222,151
synth_30986,151
synth_31082,151
synth_31055,151
synth_31172,151
synth_31212,151
synth_31184,151
synth_31197,151
synth_31202,151
synth_31018,151
synth_31003,151
synth_31070,151
synth_31016,151
synth_31052,151
synth_31096,151
synth_31098,151
synth_30998,151
synth_31042,151
synth_31079,151
synth_30987,151
synth_31093,151
synth_31180,151
synth_31204,151
synth_30999,151
synth_31181,151
synth_31120,151
synth_31128,151
synth_31206,151
synth_31331,150
synth_31445,150
synth_31279,150
synth_31333,150
synth_31340,150
synth_31349,150
synth_31256,150
synth_31370,150
synth_31288,150
synth_31283,150
synth_31482,150
synth_31437,150
synth_31404,150
synth_31327,150
synth_31456,150
synth_31413,150
synth_31332,150
synth_31255,150
synth_31403,150
synth_31460,150
synth_31275,150
synth_31462,150
synth_31338,150
synth_31400,150
synth_31379,150
synth_31436,150
synth_31311,150
synth_31346,150
synth_31259,150
synth_31383,150
synth_31277,150
synth_31242,150
synth_31454,150
synth_31280,150
synth_31394,150
synth_31409,150
synth_31236,150
synth_31335,150
synth_31380,150
synth_31248,150
synth_31421,150
synth_31459,150
synth_31264,150
synth_31455,150
synth_31357,150
synth_31469,150
synth_31247,150
synth_31478,150
synth_31254,150
synth_31328,150
synth_31430,150
synth_31467,150
synth_31240,150
synth_31270,150
synth_31314,150
synth_31252,150
synth_31439,150
synth_31330,150
synth_31291,150
synth_31476,150
synth_31372,150
synth_31308,150
synth_31244,150
synth_31451,150
synth_31423,150
synth_31354,150
synth_31262,150
synth_31457,150
synth_31429,150
synth_31238,150
synth_31273,150
synth_31358,150
synth_31241,150
synth_31392,150
synth_31424,150
synth_31461,150
synth_31474,150
synth_31232,150
synth_31306,150
synth_31342,150
synth_31452,150
synth_31272,150
synth_31351,150
synth_31312,150
synth_31470,150
synth_31365,150
synth_31465,150
synth_31265,150
synth_31463,150
synth_31386,150
synth_31405,150
synth_31406,150
synth_31360,150
synth_31443,150
synth_31348,150
synth_31228,150
synth_31286,150
synth_31296,150
synth_31353,150
synth_31391,150
synth_31227,150
synth_31235,150
synth_31425,150
synth_31253,150
synth_31287,150
synth_31418,150
synth_31245,150
synth_31225,150
synth_31224,150
synth_31341,150
synth_31375,150
synth_31293,150
synth_31366,150
synth_31325,150
synth_31258,150
synth_31292,150
synth_31381,150
synth_31407,150
synth_31388,150
synth_31384,150
synth_31378,150
synth_31226,150
synth_31302,150
synth_31385,150
synth_31395,150
synth_31257,150
synth_31363,150
synth_31251,150
synth_31284,150
synth_31323,150
synth_31431,150
synth_31393,150
synth_31329,150
synth_31300,150
synth_31468,150
synth_31477,150
synth_31303,150
synth_31313,150
synth_31373,150
synth_31417,150
synth_31475,150
synth_31343,150
synth_31440,150
synth_31268,150
synth_31419,150
synth_31449,150
synth_31458,150
synth_31450,150
synth_31237,150
synth_31444,150
synth_31271,150
synth_31401,150
synth_31309,150
synth_31433,150
synth_31473,150
synth_31276,150
synth_31282,150
synth_31371,150
synth_31261,150
synth_31322,150
synth_31453,150
synth_31484,150
synth_31368,150
synth_31374,150
synth_31448,150
synth_31269,150
synth_31246,150
synth_31278,150
synth_31315,150
synth_31367,150
synth_31432,150
synth_31376,150
synth_31361,150
synth_31435,150
synth_31479,150
synth_31231,150
synth_31274,150
synth_31411,150
synth_31334,150
synth_31428,150
synth_31359,150
synth_31442,150
synth_31298,150
synth_31337,150
synth_31382,150
synth_31319,150
synth_31290,150
synth_31297,150
synth_31414,150
synth_31249,150
synth_31387,150
synth_31480,150
synth_31239,150
synth_31307,150
synth_31310,150
synth_31402,150
synth_31318,150
synth_31233,150
synth_31321,150
synth_31326,150
synth_31464,150
synth_31362,150
synth_31347,150
synth_31389,150
synth_31304,150
synth_31412,150
synth_31410,150
synth_31446,150
synth_31336,150
synth_31364,150
synth_31281,150
synth_31396,150
synth_31397,150
synth_31316,150
synth_31481,150
synth_31399,150
synth_31408,150
synth_31229,150
synth_31301,150
synth_31438,150
synth_31243,150
synth_31320,150
synth_31427,150
synth_31350,150
synth_31369,150
synth_31299,150
synth_31422,150
synth_31441,150
synth_31267,150
synth_31294,150
synth_31250,150
synth_31234,150
synth_31263,150
synth_31426,150
synth_31317,150
synth_31230,150
synth_31398,150
synth_31305,150
synth_31472,150
synth_31324,150
synth_31377,150
synth_31390,150
synth_31466,150
synth_31260,150
synth_31352,150
synth_31355,150
synth_31471,150
synth_31345,150
synth_31289,150
synth_31416,150
synth_31344,150
synth_31415,150
synth_31356,150
synth_31483,150
synth_31295,150
synth_31339,150
synth_31266,150
synth_31285,150
synth_31434,150
synth_31447,150
synth_31420,150
synth_31514,149
synth_31642,149
synth_31538,149
synth_31560,149
synth_31660,149
synth_31725,149
synth_31676,149
synth_31731,149
synth_31519,149
synth_31571,149
synth_31603,149
synth_31508,149
synth_31606,149
synth_31621,149
synth_31704,149
synth_31506,149
synth_31627,149
synth_31574,149
synth_31586,149
synth_31511,149
synth_31720,149
synth_31527,149
synth_31549,149
synth_31623,149
synth_31624,149
synth_31708,149
synth_31629,149
synth_31619,149
synth_31608,149
synth_31620,149
synth_31618,149
synth_31545,149
synth_31587,149
synth_31727,149
synth_31497,149
synth_31487,149
synth_31654,149
synth_31681,149
synth_31555,149
synth_31491,149
synth_31671,149
synth_31526,149
synth_31701,149
synth_31500,149
synth_31559,149
synth_31509,149
synth_31600,149
synth_31609,149
synth_31664,149
synth_31709,149
synth_31512,149
synth_31493,149
synth_31558,149
synth_31688,149
synth_31488,149
synth_31577,149
synth_31625,149
synth_31687,149
synth_31513,149
synth_31496,149
synth_31689,149
synth_31685,149
synth_31546,149
synth_31553,149
synth_31532,149
synth_31569,149
synth_31592,149
synth_31507,149
synth_31501,149
synth_31579,149
synth_31652,149
synth_31522,149
synth_31607,149
synth_31504,149
synth_31557,149
synth_31678,149
synth_31580,149
synth_31521,149
synth_31562,149
synth_31622,149
synth_31611,149
synth_31516,149
synth_31573,149
synth_31498,149
synth_31705,149
synth_31515,149
synth_31567,149
synth_31637,149
synth_31692,149
synth_31602,149
synth_31615,149
synth_31638,149
synth_31628,149
synth_31748,149
synth_31492,149
synth_31632,149
synth_31668,149
synth_31719,149
synth_31736,149
synth_31649,149
synth_31582,149
synth_31735,149
synth_31536,149
synth_31717,149
synth_31540,149
synth_31539,149
synth_31683,149
synth_31601,149
synth_31535,149
synth_31711,149
synth_31747,149
synth_31518,149
synth_31550,149
synth_31598,149
synth_31604,149
synth_31565,149
synth_31616,149
synth_31645,149
synth_31599,149
synth_31651,149
synth_31583,149
synth_31646,149
synth_31737,149
synth_31499,149
synth_31630,149
synth_31633,149
synth_31739,149
synth_31718,149
synth_31596,149
synth_31584,149
synth_31672,149
synth_31663,149
synth_31702,149
synth_31575,149
synth_31647,149
synth_31694,149
synth_31593,149
synth_31707,149
synth_31697,149
synth_31581,149
synth_31743,149
synth_31594,149
synth_31566,149
synth_31721,149
synth_31680,149
synth_31631,149
synth_31662,149
synth_31591,149
synth_31585,149
synth_31530,149
synth_31648,149
synth_31588,149
synth_31684,149
synth_31525,149
synth_31528,149
synth_31529,149
synth_31640,149
synth_31494,149
synth_31741,149
synth_31703,149
synth_31495,149
synth_31541,149
synth_31568,149
synth_31533,149
synth_31634,149
synth_31612,149
synth_31730,149
synth_31510,149
synth_31542,149
synth_31578,149
synth_31732,149
synth_31740,149
synth_31746,149
synth_31653,149
synth_31729,149
synth_31544,149
synth_31524,149
synth_31659,149
synth_31661,149
synth_31675,149
synth_31734,149
synth_31738,149
synth_31728,149
synth_31626,149
synth_31722,149
synth_31749,149
synth_31505,149
synth_31639,149
synth_31742,149
synth_31712,149
synth_31576,149
synth_31677,149
synth_31691,149
synth_31547,149
synth_31563,149
synth_31531,149
synth_31644,149
synth_31733,149
synth_31605,149
synth_31490,149
synth_31590,149
synth_31614,149
synth_31693,149
synth_31715,149
synth_31710,149
synth_31517,149
synth_31610,149
synth_31714,149
synth_31589,149
synth_31744,149
synth_31745,149
synth_31650,149
synth_31713,149
synth_31669,149
synth_31670,149
synth_31523,149
synth_31716,149
synth_31655,149
synth_31658,149
synth_31699,149
synth_31657,149
synth_31674,149
synth_31502,149
synth_31543,149
synth_31597,149
synth_31503,149
synth_31696,149
synth_31485,149
synth_31706,149
synth_31613,149
synth_31700,149
synth_31665,149
synth_31561,149
synth_31572,149
synth_31548,149
synth_31595,149
synth_31556,149
synth_31643,149
synth_31489,149
synth_31537,149
synth_31617,149
synth_31551,149
synth_31554,149
synth_31723,149
synth_31679,149
synth_31656,149
synth_31695,149
synth_31570,149
synth_31724,149
synth_31698,149
synth_31682,149
synth_31667,149
synth_31726,149
synth_31564,149
synth_31636,149
synth_31686,149
synth_31673,149
synth_31690,149
synth_31666,149
synth_31486,149
synth_31552,149
synth_31635,149
synth_31520,149
synth_31534,149
synth_31641,149
synth_31904,148
synth_31994,148
synth_31825,148
synth_31985,148
synth_31768,148
synth_31946,148
synth_31807,148
synth_31822,148
synth_31975,148
synth_31990,148
synth_32006,148
synth_31893,148
synth_31920,148
synth_31952,148
synth_31953,148
synth_31756,148
synth_31986,148
synth_31995,148
synth_31750,148
synth_31800,148
synth_31783,148
synth_31848,148
synth_31857,148
synth_31914,148
synth_31947,148
synth_31898,148
synth_31957,148
synth_31779,148
synth_31843,148
synth_31956,148
synth_31961,148
synth_31824,148
synth_31871,148
synth_31921,148
synth_31802,148
synth_31864,148
synth_31834,148
synth_31771,148
synth_31796,148
synth_31803,148
synth_31816,148
synth_31861,148
synth_31844,148
synth_31964,148
synth_31999,148
synth_31840,148
synth_32007,148
synth_31837,148
synth_31777,148
synth_31974,148
synth_31826,148
synth_31924,148
synth_31856,148
synth_31988,148
synth_31879,148
synth_31775,148
synth_31900,148
synth_31954,148
synth_31770,148
synth_31863,148
synth_31785,148
synth_31880,148
synth_31938,148
synth_31983,148
synth_31810,148
synth_31930,148
synth_31932,148
synth_31980,148
synth_31887,148
synth_31905,148
synth_31989,148
synth_31781,148
synth_31811,148
synth_31828,148
synth_31782,148
synth_31917,148
synth_31814,148
synth_31854,148
synth_31925,148
synth_31806,148
synth_31968,148
synth_31836,148
synth_31944,148
synth_31899,148
synth_31774,148
synth_31911,148
synth_31972,148
synth_32019,148
synth_31973,148
synth_31830,148
synth_32009,148
synth_31883,148
synth_31992,148
synth_31784,148
synth_32000,148
synth_31852,148
synth_31841,148
synth_31902,148
synth_31915,148
synth_31788,148
synth_31978,148
synth_31786,148
synth_31797,148
synth_31950,148
synth_31971,148
synth_31969,148
synth_31821,148
synth_31847,148
synth_31941,148
synth_31959,148
synth_31997,148
synth_31780,148
synth_31895,148
synth_31813,148
synth_31882,148
synth_31955,148
synth_31753,148
synth_31819,148
synth_31759,148
synth_31820,148
synth_31846,148
synth_31851,148
synth_31835,148
synth_31923,148
synth_31967,148
synth_32012,148
synth_32010,148
synth_31838,148
synth_31751,148
synth_31793,148
synth_31809,148
synth_31845,148
synth_31865,148
synth_31888,148
synth_31970,148
synth_31754,148
synth_31890,148
synth_31897,148
synth_31870,148
synth_31922,148
synth_31965,148
synth_31801,148
synth_31827,148
synth_31789,148
synth_31791,148
synth_32008,148
synth_31817,148
synth_31889,148
synth_31795,148
synth_31962,148
synth_31839,148
synth_31832,148
synth_31792,148
synth_31872,148
synth_31884,148
synth_31960,148
synth_31896,148
synth_31940,148
synth_31958,148
synth_31776,148
synth_31881,148
synth_31910,148
synth_31998,148
synth_31862,148
synth_31993,148
synth_31799,148
synth_31766,148
synth_31934,148
synth_32016,148
synth_31855,148
synth_31860,148
synth_31874,148
synth_31875,148
synth_31913,148
synth_31966,148
synth_31804,148
synth_31869,148
synth_31760,148
synth_31787,148
synth_31868,148
synth_31765,148
synth_31849,148
synth_31908,148
synth_31752,148
synth_31912,148
synth_31831,148
synth_31935,148
synth_31982,148
synth_31818,148
synth_31991,148
synth_31906,148
synth_31877,148
synth_31755,148
synth_31951,148
synth_31929,148
synth_31763,148
synth_32001,148
synth_32002,148
synth_31892,148
synth_31939,148
synth_31987,148
synth_32014,148
synth_31858,148
synth_31943,148
synth_31931,148
synth_32003,148
synth_31829,148
synth_31901,148
synth_31798,148
synth_31790,148
synth_32005,148
synth_31769,148
synth_31936,148
synth_31977,148
synth_31996,148
synth_31918,148
synth_31778,148
synth_31859,148
synth_31919,148
synth_31928,148
synth_31945,148
synth_31909,148
synth_32013,148
synth_31815,148
synth_31772,148
synth_32017,148
synth_31903,148
synth_31767,148
synth_31794,148
synth_31850,148
synth_31949,148
synth_31885,148
synth_31823,148
synth_31876,148
synth_31891,148
synth_31948,148
synth_31981,148
synth_31842,148
synth_31976,148
synth_32015,148
synth_31927,148
synth_31933,148
synth_31963,148
synth_31942,148
synth_32004,148
synth_31937,148
synth_31979,148
synth_31916,148
synth_31926,148
synth_32011,148
synth_31762,148
synth_31805,148
synth_31764,148
synth_31886,148
synth_31757,148
synth_31853,148
synth_31984,148
synth_31758,148
synth_31812,148
synth_31894,148
synth_31907,148
synth_31761,148
synth_31866,148
synth_31867,148
synth_31873,148
synth_31808,148
synth_31773,148
synth_31833,148
synth_31878,148
synth_32018,148
synth_32046,147
synth_32075,147
synth_32202,147
synth_32032,147
synth_32081,147
synth_32136,147
synth_32085,147
synth_32147,147
synth_32209,147
synth_32167,147
synth_32079,147
synth_32132,147
synth_32190,147
synth_32121,147
synth_32235,147
synth_32117,147
synth_32168,147
synth_32064,147
synth_32247,147
synth_32027,147
synth_32269,147
synth_32241,147
synth_32239,147
synth_32256,147
synth_32292,147
synth_32024,147
synth_32188,147
synth_32244,147
synth_32138,147
synth_32227,147
synth_32254,147
synth_32289,147
synth_32087,147
synth_32151,147
synth_32201,147
synth_32206,147
synth_32278,147
synth_32280,147
synth_32153,147
synth_32157,147
synth_32242,147
synth_32282,147
synth_32099,147
synth_32279,147
synth_32140,147
synth_32268,147
synth_32112,147
synth_32110,147
synth_32107,147
synth_32260,147
synth_32161,147
synth_32023,147
synth_32105,147
synth_32098,147
synth_32208,147
synth_32082,147
synth_32038,147
synth_32065,147
synth_32221,147
synth_32253,147
synth_32124,147
synth_32022,147
synth_32045,147
synth_32270,147
synth_32215,147
synth_32220,147
synth_32118,147
synth_32020,147
synth_32255,147
synth_32031,147
synth_32146,147
synth_32210,147
synth_32219,147
synth_32128,147
synth_32166,147
synth_32180,147
synth_32258,147
synth_32076,147
synth_32125,147
synth_32115,147
synth_32200,147
synth_32228,147
synth_32267,147
synth_32216,147
synth_32108,147
synth_32041,147
synth_32034,147
synth_32039,147
synth_32231,147
synth_32284,147
synth_32026,147
synth_32130,147
synth_32056,147
synth_32233,147
synth_32230,147
synth_32291,147
synth_32172,147
synth_32265,147
synth_32175,147
synth_32186,147
synth_32120,147
synth_32059,147
synth_32197,147
synth_32037,147
synth_32067,147
synth_32048,147
synth_32021,147
synth_32086,147
synth_32113,147
synth_32163,147
synth_32212,147
synth_32096,147
synth_32198,147
synth_32199,147
synth_32275,147
synth_32144,147
synth_32205,147
synth_32164,147
synth_32229,147
synth_32133,147
synth_32245,147
synth_32173,147
synth_32035,147
synth_32232,147
synth_32276,147
synth_32142,147
synth_32119,147
synth_32154,147
synth_32141,147
synth_32072,147
synth_32158,147
synth_32176,147
synth_32111,147
synth_32043,147
synth_32214,147
synth_32189,147
synth_32042,147
synth_32055,147
synth_32177,147
synth_32060,147
synth_32090,147
synth_32182,147
synth_32263,147
synth_32226,147
synth_32237,147
synth_32171,147
synth_32028,147
synth_32192,147
synth_32145,147
synth_32238,147
synth_32029,147
synth_32187,147
synth_32093,147
synth_32152,147
synth_32109,147
synth_32143,147
synth_32025,147
synth_32286,147
synth_32194,147
synth_32053,147
synth_32155,147
synth_32277,147
synth_32122,147
synth_32057,147
synth_32134,147
synth_32100,147
synth_32095,147
synth_32139,147
synth_32204,147
synth_32271,147
synth_32273,147
synth_32196,147
synth_32044,147
synth_32135,147
synth_32222,147
synth_32184,147
synth_32077,147
synth_32078,147
synth_32073,147
synth_32030,147
synth_32149,147
synth_32162,147
synth_32083,147
synth_32106,147
synth_32071,147
synth_32084,147
synth_32179,147
synth_32116,147
synth_32203,147
synth_32285,147
synth_32207,147
synth_32264,147
synth_32266,147
synth_32089,147
synth_32094,147
synth_32249,147
synth_32252,147
synth_32091,147
synth_32181,147
synth_32033,147
synth_32218,147
synth_32290,147
synth_32070,147
synth_32097,147
synth_32129,147
synth_32069,147
synth_32114,147
synth_32165,147
synth_32051,147
synth_32054,147
synth_32261,147
synth_32288,147
synth_32036,147
synth_32223,147
synth_32102,147
synth_32183,147
synth_32092,147
synth_32131,147
synth_32148,147
synth_32178,147
synth_32225,147
synth_32174,147
synth_32193,147
synth_32262,147
synth_32088,147
synth_32101,147
synth_32281,147
synth_32063,147
synth_32211,147
synth_32248,147
synth_32251,147
synth_32047,147
synth_32049,147
synth_32080,147
synth_32234,147
synth_32240,147
synth_32040,147
synth_32058,147
synth_32213,147
synth_32160,147
synth_32217,147
synth_32259,147
synth_32103,147
synth_32050,147
synth_32074,147
synth_32156,147
synth_32224,147
synth_32195,147
synth_32127,147
synth_32169,147
synth_32185,147
synth_32052,147
synth_32243,147
synth_32068,147
synth_32137,147
synth_32250,147
synth_32126,147
synth_32274,147
synth_32283,147
synth_32150,147
synth_32246,147
synth_32287,147
synth_32159,147
synth_32236,147
synth_32123,147
synth_32062,147
synth_32257,147
synth_32104,147
synth_32191,147
synth_32061,147
synth_32170,147
synth_32272,147
synth_32066,147
synth_32452,146
synth_32565,146
synth_32372,146
synth_32322,146
synth_32397,146
synth_32539,146
synth_32564,146
synth_32313,146
synth_32328,146
synth_32406,146
synth_32392,146
synth_32417,146
synth_32499,146
synth_32466,146
synth_32477,146
synth_32461,146
synth_32537,146
synth_32429,146
synth_32338,146
synth_32352,146
synth_32556,146
synth_32555,146
synth_32334,146
synth_32310,146
synth_32364,146
synth_32494,146
synth_32308,146
synth_32319,146
synth_32420,146
synth_32534,146
synth_32389,146
synth_32488,146
synth_32487,146
synth_32342,146
synth_32394,146
synth_32363,146
synth_32359,146
synth_32558,146
synth_32378,146
synth_32379,146
synth_32448,146
synth_32324,146
synth_32503,146
synth_32532,146
synth_32376,146
synth_32381,146
synth_32566,146
synth_32396,146
synth_32450,146
synth_32483,146
synth_32531,146
synth_32542,146
synth_32305,146
synth_32345,146
synth_32535,146
synth_32529,146
synth_32333,146
synth_32517,146
synth_32294,146
synth_32369,146
synth_32385,146
synth_32553,146
synth_32332,146
synth_32387,146
synth_32445,146
synth_32404,146
synth_32495,146
synth_32507,146
synth_32442,146
synth_32434,146
synth_32490,146
synth_32341,146
synth_32475,146
synth_32329,146
synth_32358,146
synth_32361,146
synth_32456,146
synth_32509,146
synth_32365,146
synth_32326,146
synth_32457,146
synth_32407,146
synth_32302,146
synth_32491,146
synth_32377,146
synth_32522,146
synth_32536,146
synth_32354,146
synth_32512,146
synth_32502,146
synth_32390,146
synth_32567,146
synth_32544,146
synth_32449,146
synth_32485,146
synth_32570,146
synth_32533,146
synth_32427,146
synth_32438,146
synth_32317,146
synth_32411,146
synth_32546,146
synth_32357,146
synth_32402,146
synth_32470,146
synth_32489,146
synth_32501,146
synth_32337,146
synth_32353,146
synth_32386,146
synth_32399,146
synth_32414,146
synth_32464,146
synth_32472,146
synth_32498,146
synth_32510,146
synth_32479,146
synth_32360,146
synth_32409,146
synth_32561,146
synth_32331,146
synth_32339,146
synth_32351,146
synth_32557,146
synth_32559,146
synth_32435,146
synth_32311,146
synth_32421,146
synth_32424,146
synth_32418,146
synth_32511,146
synth_32300,146
synth_32403,146
synth_32554,146
synth_32410,146
synth_32455,146
synth_32520,146
synth_32425,146
synth_32395,146
synth_32518,146
synth_32548,146
synth_32568,146
synth_32454,146
synth_32383,146
synth_32476,146
synth_32321,146
synth_32327,146
synth_32540,146
synth_32513,146
synth_32500,146
synth_32408,146
synth_32316,146
synth_32462,146
synth_32350,146
synth_32437,146
synth_32484,146
synth_32504,146
synth_32525,146
synth_32422,146
synth_32482,146
synth_32371,146
synth_32526,146
synth_32551,146
synth_32467,146
synth_32492,146
synth_32306,146
synth_32478,146
synth_32299,146
synth_32508,146
synth_32471,146
synth_32423,146
synth_32298,146
synth_32451,146
synth_32514,146
synth_32486,146
synth_32560,146
synth_32412,146
synth_32443,146
synth_32497,146
synth_32530,146
synth_32370,146
synth_32441,146
synth_32547,146
synth_32401,146
synth_32325,146
synth_32336,146
synth_32346,146
synth_32349,146
synth_32468,146
synth_32549,146
synth_32447,146
synth_32320,146
synth_32374,146
synth_32380,146
synth_32391,146
synth_32463,146
synth_32496,146
synth_32521,146
synth_32296,146
synth_32344,146
synth_32432,146
synth_32460,146
synth_32552,146
synth_32318,146
synth_32384,146
synth_32430,146
synth_32469,146
synth_32400,146
synth_32481,146
synth_32323,146
synth_32446,146
synth_32347,146
synth_32398,146
synth_32473,146
synth_32297,146
synth_32366,146
synth_32303,146
synth_32362,146
synth_32368,146
synth_32519,146
synth_32563,146
synth_32348,146
synth_32335,146
synth_32343,146
synth_32388,146
synth_32431,146
synth_32413,146
synth_32440,146
synth_32493,146
synth_32293,146
synth_32527,146
synth_32523,146
synth_32356,146
synth_32309,146
synth_32439,146
synth_32550,146
synth_32524,146
synth_32312,146
synth_32355,146
synth_32474,146
synth_32367,146
synth_32515,146
synth_32459,146
synth_32393,146
synth_32433,146
synth_32382,146
synth_32541,146
synth_32453,146
synth_32458,146
synth_32340,146
synth_32436,146
synth_32444,146
synth_32545,146
synth_32415,146
synth_32528,146
synth_32330,146
synth_32516,146
synth_32307,146
synth_32315,146
synth_32480,146
synth_32562,146
synth_32538,146
synth_32416,146
synth_32543,146
synth_32465,146
synth_32304,146
synth_32373,146
synth_32295,146
synth_32428,146
synth_32505,146
synth_32506,146
synth_32426,146
synth_32375,146
synth_32569,146
synth_32419,146
synth_32405,146
synth_32301,146
synth_32314,146
synth_32674,145
synth_32799,145
synth_32614,145
synth_32739,145
synth_32650,145
synth_32801,145
synth_32638,145
synth_32818,145
synth_32830,145
synth_32839,145
synth_32603,145
synth_32725,145
synth_32793,145
synth_32722,145
synth_32677,145
synth_32627,145
synth_32694,145
synth_32584,145
synth_32600,145
synth_32756,145
synth_32754,145
synth_32619,145
synth_32813,145
synth_32648,145
synth_32669,145
synth_32811,145
synth_32690,145
synth_32631,145
synth_32710,145
synth_32730,145
synth_32715,145
synth_32695,145
synth_32575,145
synth_32661,145
synth_32685,145
synth_32771,145
synth_32613,145
synth_32841,145
synth_32573,145
synth_32781,145
synth_32737,145
synth_32829,145
synth_32637,145
synth_32773,145
synth_32621,145
synth_32652,145
synth_32680,145
synth_32836,145
synth_32663,145
synth_32749,145
synth_32589,145
synth_32828,145
synth_32604,145
synth_32704,145
synth_32789,145
synth_32729,145
synth_32606,145
synth_32597,145
synth_32682,145
synth_32761,145
synth_32592,145
synth_32833,145
synth_32586,145
synth_32731,145
synth_32741,145
synth_32701,145
synth_32784,145
synth_32655,145
synth_32617,145
synth_32757,145
synth_32762,145
synth_32595,145
synth_32791,145
synth_32786,145
synth_32782,145
synth_32697,145
synth_32809,145
synth_32785,145
synth_32847,145
synth_32743,145
synth_32806,145
synth_32768,145
synth_32716,145
synth_32724,145
synth_32848,145
synth_32684,145
synth_32802,145
synth_32607,145
synth_32581,145
synth_32582,145
synth_32620,145
synth_32823,145
synth_32783,145
synth_32778,145
synth_32599,145
synth_32732,145
synth_32616,145
synth_32689,145
synth_32717,145
synth_32751,145
synth_32774,145
synth_32611,145
synth_32629,145
synth_32819,145
synth_32834,145
synth_32590,145
synth_32615,145
synth_32708,145
synth_32718,145
synth_32671,145
synth_32850,145
synth_32712,145
synth_32579,145
synth_32658,145
synth_32821,145
synth_32622,145
synth_32642,145
synth_32844,145
synth_32585,145
synth_32703,145
synth_32831,145
synth_32698,145
synth_32752,145
synth_32845,145
synth_32593,145
synth_32636,145
synth_32632,145
synth_32740,145
synth_32820,145
synth_32610,145
synth_32846,145
synth_32727,145
synth_32623,145
synth_32653,145
synth_32736,145
synth_32683,145
synth_32626,145
synth_32634,145
synth_32667,145
synth_32711,145
synth_32766,145
synth_32772,145
synth_32775,145
synth_32825,145
synth_32765,145
synth_32843,145
synth_32733,145
synth_32678,145
synth_32664,145
synth_32776,145
synth_32779,145
synth_32838,145
synth_32792,145
synth_32602,145
synth_32755,145
synth_32770,145
synth_32723,145
synth_32668,145
synth_32577,145
synth_32728,145
synth_32748,145
synth_32693,145
synth_32721,145
synth_32657,145
synth_32735,145
synth_32797,145
synth_32827,145
synth_32807,145
synth_32675,145
synth_32746,145
synth_32758,145
synth_32814,145
synth_32777,145
synth_32738,145
synth_32842,145
synth_32705,145
synth_32654,145
synth_32676,145
synth_32790,145
synth_32643,145
synth_32759,145
synth_32787,145
synth_32788,145
synth_32672,145
synth_32692,145
synth_32608,145
synth_32651,145
synth_32795,145
synth_32665,145
synth_32745,145
synth_32598,145
synth_32805,145
synth_32706,145
synth_32601,145
synth_32635,145
synth_32639,145
synth_32804,145
synth_32702,145
synth_32633,145
synth_32753,145
synth_32580,145
synth_32822,145
synth_32647,145
synth_32769,145
synth_32812,145
synth_32594,145
synth_32625,145
synth_32588,145
synth_32700,145
synth_32794,145
synth_32832,145
synth_32628,145
synth_32660,145
synth_32714,145
synth_32666,145
synth_32641,145
synth_32687,145
synth_32609,145
synth_32578,145
synth_32815,145
synth_32826,145
synth_32852,145
synth_32764,145
synth_32849,145
synth_32618,145
synth_32605,145
synth_32591,145
synth_32649,145
synth_32780,145
synth_32742,145
synth_32796,145
synth_32840,145
synth_32851,145
synth_32576,145
synth_32707,145
synth_32587,145
synth_32803,145
synth_32686,145
synth_32656,145
synth_32696,145
synth_32646,145
synth_32824,145
synth_32817,145
synth_32571,145
synth_32810,145
synth_32713,145
synth_32673,145
synth_32572,145
synth_32734,145
synth_32612,145
synth_32816,145
synth_32574,145
synth_32767,145
synth_32688,145
synth_32744,145
synth_32670,145
synth_32679,145
synth_32750,145
synth_32837,145
synth_32709,145
synth_32726,145
synth_32763,145
synth_32624,145
synth_32699,145
synth_32719,145
synth_32596,145
synth_32644,145
synth_32691,145
synth_32659,145
synth_32760,145
synth_32720,145
synth_32630,145
synth_32800,145
synth_32808,145
synth_32835,145
synth_32640,145
synth_32681,145
synth_32747,145
synth_32798,145
synth_32645,145
synth_32662,145
synth_32583,145
synth_32853,144
synth_32879,144
synth_32861,144
synth_33043,144
synth_33063,144
synth_32942,144
synth_32955,144
synth_33049,144
synth_32980,144
synth_32915,144
synth_32922,144
synth_33053,144
synth_33094,144
synth_33108,144
synth_33065,144
synth_32871,144
synth_32872,144
synth_33020,144
synth_32918,144
synth_33077,144
synth_32925,144
synth_33073,144
synth_33128,144
synth_32999,144
synth_32945,144
synth_32916,144
synth_33030,144
synth_33068,144
synth_32886,144
synth_32997,144
synth_32921,144
synth_33113,144
synth_32905,144
synth_33018,144
synth_33050,144
synth_32902,144
synth_32896,144
synth_32973,144
synth_32869,144
synth_32970,144
synth_33011,144
synth_33002,144
synth_33022,144
synth_33120,144
synth_32885,144
synth_33115,144
synth_32887,144
synth_32963,144
synth_32993,144
synth_33003,144
synth_32903,144
synth_32989,144
synth_33124,144
synth_32863,144
synth_32935,144
synth_33105,144
synth_32870,144
synth_32895,144
synth_33086,144
synth_32857,144
synth_32907,144
synth_33045,144
synth_33121,144
synth_33060,144
synth_33131,144
synth_32938,144
synth_32917,144
synth_33099,144
synth_33034,144
synth_33130,144
synth_33117,144
synth_33039,144
synth_33057,144
synth_33100,144
synth_33072,144
synth_32966,144
synth_32868,144
synth_33005,144
synth_32867,144
synth_33101,144
synth_33008,144
synth_32985,144
synth_32904,144
synth_33095,144
synth_33033,144
synth_32978,144
synth_32992,144
synth_33032,144
synth_33061,144
synth_32897,144
synth_33129,144
synth_32943,144
synth_33096,144
synth_33103,144
synth_32967,144
synth_32948,144
synth_32909,144
synth_33007,144
synth_33083,144
synth_32900,144
synth_32960,144
synth_32934,144
synth_33051,144
synth_33079,144
synth_33092,144
synth_32958,144
synth_32974,144
synth_32979,144
synth_33097,144
synth_33125,144
synth_32865,144
synth_33054,144
synth_32983,144
synth_32911,144
synth_33004,144
synth_33098,144
synth_32968,144
synth_32882,144
synth_33059,144
synth_32929,144
synth_32953,144
synth_32914,144
synth_33029,144
synth_33040,144
synth_32972,144
synth_33110,144
synth_32961,144
synth_32881,144
synth_33074,144
synth_33135,144
synth_32982,144
synth_33066,144
synth_32910,144
synth_32995,144
synth_33116,144
synth_32941,144
synth_32949,144
synth_33023,144
synth_32932,144
synth_33012,144
synth_33126,144
synth_33138,144
synth_33111,144
synth_33016,144
synth_32919,144
synth_33000,144
synth_32891,144
synth_32923,144
synth_33042,144
synth_33123,144
synth_32913,144
synth_33037,144
synth_33081,144
synth_32977,144
synth_32859,144
synth_32884,144
synth_33009,144
synth_32912,144
synth_32957,144
synth_32873,144
synth_33112,144
synth_32939,144
synth_33035,144
synth_32975,144
synth_32976,144
synth_32991,144
synth_32892,144
synth_33085,144
synth_32920,144
synth_33056,144
synth_33078,144
synth_33087,144
synth_32969,144
synth_32901,144
synth_33006,144
synth_32954,144
synth_32880,144
synth_32878,144
synth_32971,144
synth_32906,144
synth_32926,144
synth_33114,144
synth_33118,144
synth_32946,144
synth_32994,144
synth_32856,144
synth_32964,144
synth_32990,144
synth_33024,144
synth_32950,144
synth_33001,144
synth_33119,144
synth_32930,144
synth_32854,144
synth_33107,144
synth_33134,144
synth_33044,144
synth_33048,144
synth_32940,144
synth_32981,144
synth_33010,144
synth_33071,144
synth_32959,144
synth_32986,144
synth_32876,144
synth_32855,144
synth_32944,144
synth_32890,144
synth_33052,144
synth_32998,144
synth_33069,144
synth_32908,144
synth_33047,144
synth_33062,144
synth_33104,144
synth_32888,144
synth_32893,144
synth_33015,144
synth_33089,144
synth_32956,144
synth_32965,144
synth_33014,144
synth_32987,144
synth_33017,144
synth_32864,144
synth_32947,144
synth_32862,144
synth_33027,144
synth_32860,144
synth_32933,144
synth_33109,144
synth_32988,144
synth_32883,144
synth_33036,144
synth_33136,144
synth_33084,144
synth_33102,144
synth_32899,144
synth_33058,144
synth_32889,144
synth_32952,144
synth_33021,144
synth_33090,144
synth_33093,144
synth_32984,144
synth_32874,144
synth_32931,144
synth_33025,144
synth_33031,144
synth_33013,144
synth_33080,144
synth_32924,144
synth_32927,144
synth_32951,144
synth_33132,144
synth_32866,144
synth_33055,144
synth_33070,144
synth_32894,144
synth_33091,144
synth_32858,144
synth_32936,144
synth_33038,144
synth_32875,144
synth_33041,144
synth_32898,144
synth_32962,144
synth_33046,144
synth_33067,144
synth_33019,144
synth_32877,144
synth_33064,144
synth_33026,144
synth_33075,144
synth_33076,144
synth_33122,144
synth_33133,144
synth_33137,144
synth_33028,144
synth_33106,144
synth_32937,144
synth_33082,144
synth_33088,144
synth_33127,144
synth_32928,144
synth_32996,144
synth_33218,143
synth_33221,143
synth_33225,143
synth_33258,143
synth_33410,143
synth_33322,143
synth_33155,143
synth_33156,143
synth_33164,143
synth_33388,143
synth_33201,143
synth_33270,143
synth_33397,143
synth_33269,143
synth_33289,143
synth_33380,143
synth_33371,143
synth_33426,143
synth_33142,143
synth_33396,143
synth_33424,143
synth_33274,143
synth_33306,143
synth_33404,143
synth_33200,143
synth_33210,143
synth_33299,143
synth_33159,143
synth_33243,143
synth_33366,143
synth_33389,143
synth_33317,143
synth_33367,143
synth_33342,143
synth_33190,143
synth_33295,143
synth_33203,143
synth_33241,143
synth_33297,143
synth_33304,143
synth_33261,143
synth_33411,143
synth_33412,143
synth_33318,143
synth_33405,143
synth_33179,143
synth_33331,143
synth_33229,143
synth_33240,143
synth_33230,143
synth_33393,143
synth_33169,143
synth_33145,143
synth_33242,143
synth_33341,143
synth_33239,143
synth_33260,143
synth_33272,143
synth_33386,143
synth_33316,143
synth_33199,143
synth_33365,143
synth_33330,143
synth_33167,143
synth_33235,143
synth_33312,143
synth_33337,143
synth_33173,143
synth_33344,143
synth_33163,143
synth_33209,143
synth_33326,143
synth_33346,143
synth_33400,143
synth_33194,143
synth_33358,143
synth_33147,143
synth_33246,143
synth_33281,143
synth_33335,143
synth_33207,143
synth_33219,143
synth_33401,143
synth_33417,143
synth_33336,143
synth_33144,143
synth_33183,143
synth_33193,143
synth_33151,143
synth_33290,143
synth_33166,143
synth_33217,143
synth_33314,143
synth_33176,143
synth_33226,143
synth_33205,143
synth_33418,143
synth_33349,143
synth_33383,143
synth_33387,143
synth_33408,143
synth_33182,143
synth_33278,143
synth_33343,143
synth_33348,143
synth_33319,143
synth_33140,143
synth_33351,143
synth_33340,143
synth_33394,143
synth_33362,143
synth_33172,143
synth_33165,143
synth_33170,143
synth_33180,143
synth_33192,143
synth_33291,143
synth_33414,143
synth_33141,143
synth_33357,143
synth_33376,143
synth_33257,143
synth_33323,143
synth_33423,143
synth_33325,143
synth_33181,143
synth_33385,143
synth_33303,143
synth_33372,143
synth_33160,143
synth_33287,143
synth_33399,143
synth_33429,143
synth_33280,143
synth_33402,143
synth_33150,143
synth_33321,143
synth_33255,143
synth_33368,143
synth_33162,143
synth_33198,143
synth_33214,143
synth_33353,143
synth_33375,143
synth_33395,143
synth_33174,143
synth_33285,143
synth_33320,143
synth_33227,143
synth_33377,143
synth_33204,143
synth_33250,143
synth_33361,143
synth_33364,143
synth_33220,143
synth_33345,143
synth_33157,143
synth_33233,143
synth_33315,143
synth_33236,143
synth_33187,143
synth_33352,143
synth_33379,143
synth_33428,143
synth_33296,143
synth_33308,143
synth_33392,143
synth_33292,143
synth_33184,143
synth_33300,143
synth_33369,143
synth_33416,143
synth_33152,143
synth_33298,143
synth_33168,143
synth_33256,143
synth_33391,143
synth_33419,143
synth_33275,143
synth_33403,143
synth_33212,143
synth_33216,143
synth_33237,143
synth_33277,143
synth_33354,143
synth_33381,143
synth_33251,143
synth_33186,143
synth_33262,143
synth_33305,143
synth_33307,143
synth_33356,143
synth_33332,143
synth_33324,143
synth_33374,143
synth_33197,143
synth_33206,143
synth_33284,143
synth_33294,143
synth_33158,143
synth_33178,143
synth_33248,143
synth_33301,143
synth_33249,143
synth_33253,143
synth_33267,143
synth_33406,143
synth_33425,143
synth_33398,143
synth_33148,143
synth_33222,143
synth_33185,143
synth_33422,143
synth_33409,143
synth_33384,143
synth_33413,143
synth_33208,143
synth_33293,143
synth_33390,143
synth_33146,143
synth_33245,143
synth_33252,143
synth_33175,143
synth_33154,143
synth_33211,143
synth_33415,143
synth_33139,143
synth_33161,143
synth_33264,143
synth_33313,143
synth_33171,143
synth_33153,143
synth_33311,143
synth_33427,143
synth_33228,143
synth_33263,143
synth_33334,143
synth_33276,143
synth_33247,143
synth_33177,143
synth_33238,143
synth_33282,143
synth_33355,143
synth_33310,143
synth_33231,143
synth_33347,143
synth_33373,143
synth_33232,143
synth_33363,143
synth_33268,143
synth_33329,143
synth_33420,143
synth_33143,143
synth_33149,143
synth_33309,143
synth_33327,143
synth_33188,143
synth_33189,143
synth_33202,143
synth_33259,143
synth_33288,143
synth_33382,143
synth_33234,143
synth_33421,143
synth_33215,143
synth_33254,143
synth_33224,143
synth_33360,143
synth_33378,143
synth_33191,143
synth_33370,143
synth_33407,143
synth_33333,143
synth_33213,143
synth_33271,143
synth_33283,143
synth_33223,143
synth_33266,143
synth_33328,143
synth_33244,143
synth_33339,143
synth_33195,143
synth_33196,143
synth_33286,143
synth_33359,143
synth_33265,143
synth_33279,143
synth_33350,143
synth_33273,143
synth_33338,143
synth_33302,143
synth_33671,142
synth_33653,142
synth_33482,142
synth_33724,142
synth_33685,142
synth_33566,142
synth_33534,142
synth_33716,142
synth_33520,142
synth_33602,142
synth_33662,142
synth_33583,142
synth_33434,142
synth_33541,142
synth_33608,142
synth_33595,142
synth_33516,142
synth_33569,142
synth_33430,142
synth_33470,142
synth_33613,142
synth_33619,142
synth_33628,142
synth_33577,142
synth_33527,142
synth_33610,142
synth_33679,142
synth_33656,142
synth_33594,142
synth_33519,142
synth_33538,142
synth_33697,142
synth_33446,142
synth_33542,142
synth_33651,142
synth_33456,142
synth_33493,142
synth_33544,142
synth_33579,142
synth_33673,142
synth_33479,142
synth_33499,142
synth_33500,142
synth_33606,142
synth_33494,142
synth_33526,142
synth_33529,142
synth_33509,142
synth_33495,142
synth_33522,142
synth_33611,142
synth_33467,142
synth_33539,142
synth_33717,142
synth_33680,142
synth_33665,142
synth_33670,142
synth_33517,142
synth_33592,142
synth_33648,142
synth_33476,142
synth_33477,142
synth_33485,142
synth_33637,142
synth_33543,142
synth_33593,142
synth_33720,142
synth_33464,142
synth_33712,142
synth_33601,142
synth_33659,142
synth_33540,142
synth_33551,142
synth_33705,142
synth_33718,142
synth_33438,142
synth_33654,142
synth_33518,142
synth_33548,142
synth_33555,142
synth_33664,142
synth_33675,142
synth_33536,142
synth_33573,142
synth_33510,142
synth_33642,142
synth_33471,142
synth_33490,142
synth_33725,142
synth_33501,142
synth_33451,142
synth_33640,142
synth_33695,142
synth_33433,142
synth_33462,142
synth_33700,142
synth_33605,142
synth_33692,142
synth_33480,142
synth_33513,142
synth_33585,142
synth_33473,142
synth_33506,142
synth_33627,142
synth_33469,142
synth_33502,142
synth_33432,142
synth_33545,142
synth_33624,142
synth_33535,142
synth_33512,142
synth_33481,142
synth_33546,142
synth_33444,142
synth_33478,142
synth_33445,142
synth_33447,142
synth_33655,142
synth_33531,142
synth_33525,142
synth_33567,142
synth_33631,142
synth_33514,142
synth_33719,142
synth_33688,142
synth_33503,142
synth_33570,142
synth_33533,142
synth_33530,142
synth_33713,142
synth_33508,142
synth_33475,142
synth_33572,142
synth_33580,142
synth_33636,142
synth_33689,142
synth_33698,142
synth_33714,142
synth_33435,142
synth_33515,142
synth_33630,142
synth_33549,142
synth_33487,142
synth_33633,142
synth_33635,142
synth_33723,142
synth_33588,142
synth_33612,142
synth_33652,142
synth_33488,142
synth_33599,142
synth_33683,142
synth_33491,142
synth_33715,142
synth_33591,142
synth_33663,142
synth_33455,142
synth_33596,142
synth_33669,142
synth_33660,142
synth_33575,142
synth_33694,142
synth_33563,142
synth_33441,142
synth_33442,142
synth_33459,142
synth_33621,142
synth_33687,142
synth_33552,142
synth_33615,142
synth_33489,142
synth_33436,142
synth_33706,142
synth_33559,142
synth_33589,142
synth_33708,142
synth_33431,142
synth_33643,142
synth_33634,142
synth_33584,142
synth_33704,142
synth_33561,142
synth_33439,142
synth_33676,142
synth_33709,142
synth_33682,142
synth_33496,142
synth_33452,142
synth_33562,142
synth_33574,142
synth_33578,142
synth_33696,142
synth_33638,142
synth_33556,142
synth_33576,142
synth_33668,142
synth_33437,142
synth_33453,142
synth_33639,142
synth_33497,142
synth_33649,142
synth_33722,142
synth_33609,142
synth_33666,142
synth_33674,142
synth_33603,142
synth_33617,142
synth_33657,142
synth_33645,142
synth_33661,142
synth_33702,142
synth_33532,142
synth_33626,142
synth_33678,142
synth_33564,142
synth_33711,142
synth_33528,142
synth_33483,142
synth_33582,142
synth_33550,142
synth_33474,142
synth_33701,142
synth_33554,142
synth_33565,142
synth_33667,142
synth_33721,142
synth_33600,142
synth_33629,142
synth_33553,142
synth_33460,142
synth_33468,142
synth_33507,142
synth_33571,142
synth_33641,142
synth_33686,142
synth_33547,142
synth_33710,142
synth_33466,142
synth_33623,142
synth_33699,142
synth_33505,142
synth_33458,142
synth_33492,142
synth_33693,142
synth_33498,142
synth_33449,142
synth_33650,142
synth_33484,142
synth_33690,142
synth_33703,142
synth_33586,142
synth_33504,142
synth_33521,142
synth_33587,142
synth_33486,142
synth_33597,142
synth_33598,142
synth_33620,142
synth_33568,142
synth_33614,142
synth_33581,142
synth_33681,142
synth_33440,142
synth_33523,142
synth_33560,142
synth_33590,142
synth_33658,142
synth_33461,142
synth_33607,142
synth_33616,142
synth_33511,142
synth_33448,142
synth_33625,142
synth_33465,142
synth_33443,142
synth_33632,142
synth_33622,142
synth_33672,142
synth_33558,142
synth_33644,142
synth_33618,142
synth_33454,142
synth_33472,142
synth_33450,142
synth_33557,142
synth_33646,142
synth_33463,142
synth_33524,142
synth_33691,142
synth_33677,142
synth_33457,142
synth_33604,142
synth_33647,142
synth_33537,142
synth_33707,142
synth_33684,142
synth_33783,141
synth_33870,141
synth_33920,141
synth_34009,141
synth_33807,141
synth_33897,141
synth_33832,141
synth_33956,141
synth_33727,141
synth_33909,141
synth_33821,141
synth_33997,141
synth_33801,141
synth_33802,141
synth_33789,141
synth_33861,141
synth_33858,141
synth_33972,141
synth_33971,141
synth_34002,141
synth_33746,141
synth_33817,141
synth_33742,141
synth_33862,141
synth_33903,141
synth_33967,141
synth_33830,141
synth_34023,141
synth_33895,141
synth_33743,141
synth_33845,141
synth_33777,141
synth_33786,141
synth_33945,141
synth_33846,141
synth_33934,141
synth_34007,141
synth_33812,141
synth_33894,141
synth_33937,141
synth_33910,141
synth_33933,141
synth_33994,141
synth_33863,141
synth_33779,141
synth_33930,141
synth_33781,141
synth_33887,141
synth_33726,141
synth_33805,141
synth_33880,141
synth_33760,141
synth_33770,141
synth_33776,141
synth_33761,141
synth_33864,141
synth_33954,141
synth_33738,141
synth_33728,141
synth_33835,141
synth_33782,141
synth_33784,141
synth_33916,141
synth_33825,141
synth_33847,141
synth_33901,141
synth_33882,141
synth_33923,141
synth_33778,141
synth_33986,141
synth_34018,141
synth_33766,141
synth_33907,141
synth_33764,141
synth_33788,141
synth_33891,141
synth_33811,141
synth_33965,141
synth_33755,141
synth_34003,141
synth_33837,141
synth_33919,141
synth_33737,141
synth_33868,141
synth_33963,141
synth_33939,141
synth_33982,141
synth_33959,141
synth_33970,141
synth_33816,141
synth_33978,141
synth_33900,141
synth_33913,141
synth_33839,141
synth_33848,141
synth_33769,141
synth_33772,141
synth_33921,141
synth_33941,141
synth_33984,141
synth_33735,141
synth_33854,141
synth_34015,141
synth_33785,141
synth_34004,141
synth_33828,141
synth_33762,141
synth_33872,141
synth_33936,141
synth_34008,141
synth_33979,141
synth_33758,141
synth_33943,141
synth_33962,141
synth_33926,141
synth_34006,141
synth_33838,141
synth_33898,141
synth_33773,141
synth_33987,141
synth_34017,141
synth_33881,141
synth_34012,141
synth_33751,141
synth_33928,141
synth_33993,141
synth_33853,141
synth_33990,141
synth_33842,141
synth_34014,141
synth_33932,141
synth_33822,141
synth_33749,141
synth_33980,141
synth_33856,141
synth_33793,141
synth_34025,141
synth_33806,141
synth_33940,141
synth_33763,141
synth_33810,141
synth_33798,141
synth_33912,141
synth_33951,141
synth_33938,141
synth_33850,141
synth_34020,141
synth_33815,141
synth_33985,141
synth_33989,141
synth_33774,141
synth_33851,141
synth_34001,141
synth_34022,141
synth_33804,141
synth_33771,141
synth_33826,141
synth_33893,141
synth_34011,141
synth_33809,141
synth_33834,141
synth_33865,141
synth_33918,141
synth_33734,141
synth_34021,141
synth_33752,141
synth_33884,141
synth_33966,141
synth_33731,141
synth_33879,141
synth_33739,141
synth_33794,141
synth_33927,141
synth_33796,141
synth_33833,141
synth_33852,141
synth_33905,141
synth_33948,141
synth_33799,141
synth_33876,141
synth_33953,141
synth_34016,141
synth_33754,141
synth_33922,141
synth_33753,141
synth_34010,141
synth_33958,141
synth_33747,141
synth_33767,141
synth_33973,141
synth_34024,141
synth_33869,141
synth_33814,141
synth_33860,141
synth_33988,141
synth_33819,141
synth_33977,141
synth_33969,141
synth_33820,141
synth_33924,141
synth_33964,141
synth_33840,141
synth_33946,141
synth_33732,141
synth_33759,141
synth_33889,141
synth_33886,141
synth_33915,141
synth_33944,141
synth_33800,141
synth_33873,141
synth_33968,141
synth_33896,141
synth_33998,141
synth_33950,141
synth_33996,141
synth_33729,141
synth_33757,141
synth_33787,141
synth_33797,141
synth_33849,141
synth_33892,141
synth_33906,141
synth_33813,141
synth_33899,141
synth_33790,141
synth_33929,141
synth_33818,141
synth_33765,141
synth_33844,141
synth_33914,141
synth_33885,141
synth_33890,141
synth_33878,141
synth_34019,141
synth_33949,141
synth_33748,141
synth_33836,141
synth_33961,141
synth_34005,141
synth_33808,141
synth_33911,141
synth_33857,141
synth_33827,141
synth_33866,141
synth_33981,141
synth_33931,141
synth_33874,141
synth_33823,141
synth_33780,141
synth_33831,141
synth_33904,141
synth_33935,141
synth_33976,141
synth_33768,141
synth_33875,141
synth_33792,141
synth_33925,141
synth_33957,141
synth_33741,141
synth_33855,141
synth_33740,141
synth_33756,141
synth_33824,141
synth_33841,141
synth_33859,141
synth_33733,141
synth_33947,141
synth_33791,141
synth_33843,141
synth_33877,141
synth_33983,141
synth_33730,141
synth_33795,141
synth_33745,141
synth_33960,141
synth_33999,141
synth_33883,141
synth_33888,141
synth_33991,141
synth_33975,141
synth_33775,141
synth_33871,141
synth_33750,141
synth_33908,141
synth_33902,141
synth_33917,141
synth_33829,141
synth_33955,141
synth_34013,141
synth_34000,141
synth_33803,141
synth_33736,141
synth_33744,141
synth_33867,141
synth_33992,141
synth_33952,141
synth_33974,141
synth_33995,141
synth_33942,141
synth_34030,140
synth_34183,140
synth_34273,140
synth_34264,140
synth_34302,140
synth_34186,140
synth_34114,140
synth_34181,140
synth_34211,140
synth_34046,140
synth_34280,140
synth_34056,140
synth_34241,140
synth_34040,140
synth_34061,140
synth_34068,140
synth_34078,140
synth_34263,140
synth_34307,140
synth_34232,140
synth_34243,140
synth_34150,140
synth_34231,140
synth_34230,140
synth_34063,140
synth_34237,140
synth_34245,140
synth_34324,140
synth_34084,140
synth_34275,140
synth_34214,140
synth_34166,140
synth_34223,140
synth_34152,140
synth_34075,140
synth_34097,140
synth_34281,140
synth_34304,140
synth_34314,140
synth_34107,140
synth_34259,140
synth_34278,140
synth_34298,140
synth_34315,140
synth_34329,140
synth_34027,140
synth_34234,140
synth_34308,140
synth_34154,140
synth_34088,140
synth_34201,140
synth_34188,140
synth_34242,140
synth_34033,140
synth_34034,140
synth_34122,140
synth_34240,140
synth_34316,140
synth_34131,140
synth_34156,140
synth_34305,140
synth_34151,140
synth_34065,140
synth_34112,140
synth_34135,140
synth_34144,140
synth_34171,140
synth_34202,140
synth_34210,140
synth_34219,140
synth_34141,140
synth_34172,140
synth_34306,140
synth_34123,140
synth_34137,140
synth_34168,140
synth_34235,140
synth_34250,140
synth_34252,140
synth_34323,140
synth_34167,140
synth_34255,140
synth_34026,140
synth_34124,140
synth_34074,140
synth_34090,140
synth_34165,140
synth_34047,140
synth_34062,140
synth_34303,140
synth_34265,140
synth_34184,140
synth_34087,140
synth_34095,140
synth_34116,140
synth_34162,140
synth_34262,140
synth_34066,140
synth_34036,140
synth_34093,140
synth_34319,140
synth_34187,140
synth_34286,140
synth_34052,140
synth_34197,140
synth_34276,140
synth_34133,140
synth_34217,140
synth_34028,140
synth_34083,140
synth_34205,140
synth_34058,140
synth_34111,140
synth_34191,140
synth_34195,140
synth_34094,140
synth_34175,140
synth_34321,140
synth_34140,140
synth_34169,140
synth_34279,140
synth_34045,140
synth_34193,140
synth_34120,140
synth_34226,140
synth_34248,140
synth_34126,140
synth_34132,140
synth_34115,140
synth_34174,140
synth_34283,140
synth_34096,140
synth_34244,140
synth_34072,140
synth_34251,140
synth_34322,140
synth_34051,140
synth_34109,140
synth_34312,140
synth_34128,140
synth_34297,140
synth_34170,140
synth_34196,140
synth_34309,140
synth_34059,140
synth_34194,140
synth_34282,140
synth_34330,140
synth_34080,140
synth_34179,140
synth_34050,140
synth_34108,140
synth_34247,140
synth_34101,140
synth_34102,140
synth_34185,140
synth_34190,140
synth_34225,140
synth_34227,140
synth_34246,140
synth_34254,140
synth_34300,140
synth_34318,140
synth_34198,140
synth_34213,140
synth_34267,140
synth_34272,140
synth_34105,140
synth_34212,140
synth_34145,140
synth_34287,140
synth_34295,140
synth_34209,140
synth_34317,140
synth_34035,140
synth_34099,140
synth_34060,140
synth_34311,140
synth_34049,140
synth_34147,140
synth_34326,140
synth_34142,140
synth_34159,140
synth_34199,140
synth_34206,140
synth_34293,140
synth_34222,140
synth_34117,140
synth_34182,140
synth_34288,140
synth_34160,140
synth_34221,140
synth_34157,140
synth_34070,140
synth_34119,140
synth_34220,140
synth_34129,140
synth_34208,140
synth_34239,140
synth_34277,140
synth_34055,140
synth_34092,140
synth_34224,140
synth_34320,140
synth_34086,140
synth_34218,140
synth_34143,140
synth_34238,140
synth_34270,140
synth_34207,140
synth_34081,140
synth_34098,140
synth_34215,140
synth_34313,140
synth_34173,140
synth_34271,140
synth_34134,140
synth_34177,140
synth_34284,140
synth_34130,140
synth_34104,140
synth_34180,140
synth_34153,140
synth_34249,140
synth_34192,140
synth_34233,140
synth_34256,140
synth_34266,140
synth_34294,140
synth_34089,140
synth_34203,140
synth_34216,140
synth_34125,140
synth_34289,140
synth_34076,140
synth_34236,140
synth_34029,140
synth_34258,140
synth_34077,140
synth_34091,140
synth_34261,140
synth_34292,140
synth_34054,140
synth_34260,140
synth_34229,140
synth_34328,140
synth_34039,140
synth_34100,140
synth_34110,140
synth_34149,140
synth_34032,140
synth_34079,140
synth_34291,140
synth_34327,140
synth_34053,140
synth_34103,140
synth_34106,140
synth_34136,140
synth_34204,140
synth_34139,140
synth_34296,140
synth_34071,140
synth_34228,140
synth_34301,140
synth_34176,140
synth_34274,140
synth_34042,140
synth_34082,140
synth_34127,140
synth_34037,140
synth_34043,140
synth_34310,140
synth_34085,140
synth_34161,140
synth_34118,140
synth_34148,140
synth_34038,140
synth_34189,140
synth_34146,140
synth_34325,140
synth_34158,140
synth_34268,140
synth_34064,140
synth_34067,140
synth_34113,140
synth_34253,140
synth_34041,140
synth_34057,140
synth_34178,140
synth_34200,140
synth_34069,140
synth_34121,140
synth_34164,140
synth_34299,140
synth_34257,140
synth_34269,140
synth_34044,140
synth_34073,140
synth_34155,140
synth_34285,140
synth_34031,140
synth_34048,140
synth_34138,140
synth_34290,140
synth_34163,140
synth_34519,139
synth_34348,139
synth_34527,139
synth_34564,139
synth_34563,139
synth_34582,139
synth_34614,139
synth_34560,139
synth_34404,139
synth_34418,139
synth_34427,139
synth_34493,139
synth_34370,139
synth_34439,139
synth_34372,139
synth_34511,139
synth_34569,139
synth_34617,139
synth_34408,139
synth_34504,139
synth_34335,139
synth_34358,139
synth_34332,139
synth_34413,139
synth_34541,139
synth_34633,139
synth_34460,139
synth_34580,139
synth_34494,139
synth_34437,139
synth_34540,139
synth_34470,139
synth_34479,139
synth_34604,139
synth_34624,139
synth_34634,139
synth_34495,139
synth_34553,139
synth_34446,139
synth_34556,139
synth_34632,139
synth_34461,139
synth_34499,139
synth_34525,139
synth_34639,139
synth_34516,139
synth_34627,139
synth_34454,139
synth_34562,139
synth_34498,139
synth_34508,139
synth_34626,139
synth_34399,139
synth_34407,139
synth_34503,139
synth_34403,139
synth_34423,139
synth_34445,139
synth_34630,139
synth_34464,139
synth_34559,139
synth_34362,139
synth_34468,139
synth_34581,139
synth_34389,139
synth_34552,139
synth_34571,139
synth_34590,139
synth_34589,139
synth_34593,139
synth_34369,139
synth_34430,139
synth_34554,139
synth_34640,139
synth_34375,139
synth_34512,139
synth_34345,139
synth_34466,139
synth_34452,139
synth_34612,139
synth_34506,139
synth_34616,139
synth_34546,139
synth_34433,139
synth_34534,139
synth_34579,139
synth_34609,139
synth_34595,139
synth_34346,139
synth_34398,139
synth_34585,139
synth_34355,139
synth_34386,139
synth_34557,139
synth_34381,139
synth_34474,139
synth_34533,139
synth_34485,139
synth_34610,139
synth_34450,139
synth_34615,139
synth_34347,139
synth_34472,139
synth_34542,139
synth_34412,139
synth_34417,139
synth_34509,139
synth_34591,139
synth_34393,139
synth_34488,139
synth_34368,139
synth_34583,139
synth_34342,139
synth_34528,139
synth_34637,139
synth_34373,139
synth_34471,139
synth_34578,139
synth_34611,139
synth_34350,139
synth_34510,139
synth_34576,139
synth_34402,139
synth_34555,139
synth_34469,139
synth_34602,139
synth_34351,139
synth_34390,139
synth_34558,139
synth_34606,139
synth_34448,139
synth_34339,139
synth_34500,139
synth_34341,139
synth_34568,139
synth_34587,139
synth_34457,139
synth_34473,139
synth_34535,139
synth_34465,139
synth_34547,139
synth_34359,139
synth_34420,139
synth_34608,139
synth_34343,139
synth_34401,139
synth_34478,139
synth_34411,139
synth_34518,139
synth_34570,139
synth_34441,139
synth_34623,139
synth_34397,139
synth_34505,139
synth_34522,139
synth_34629,139
synth_34622,139
synth_34575,139
synth_34489,139
synth_34360,139
synth_34618,139
synth_34374,139
synth_34380,139
synth_34536,139
synth_34361,139
synth_34467,139
synth_34365,139
synth_34490,139
synth_34529,139
synth_34538,139
synth_34405,139
synth_34364,139
synth_34410,139
synth_34462,139
synth_34638,139
synth_34481,139
synth_34613,139
synth_34422,139
synth_34447,139
synth_34513,139
synth_34384,139
synth_34572,139
synth_34524,139
synth_34551,139
synth_34455,139
synth_34477,139
synth_34502,139
synth_34507,139
synth_34584,139
synth_34592,139
synth_34354,139
synth_34363,139
synth_34475,139
synth_34435,139
synth_34520,139
synth_34440,139
synth_34331,139
synth_34628,139
synth_34521,139
synth_34515,139
synth_34336,139
synth_34340,139
synth_34598,139
synth_34438,139
synth_34619,139
synth_34442,139
synth_34483,139
synth_34449,139
synth_34353,139
synth_34382,139
synth_34409,139
synth_34544,139
synth_34432,139
synth_34383,139
synth_34605,139
synth_34395,139
synth_34497,139
synth_34429,139
synth_34334,139
synth_34400,139
synth_34577,139
synth_34594,139
synth_34599,139
synth_34371,139
synth_34635,139
synth_34385,139
synth_34523,139
synth_34357,139
synth_34543,139
synth_34487,139
synth_34492,139
synth_34391,139
synth_34379,139
synth_34394,139
synth_34526,139
synth_34537,139
synth_34451,139
synth_34463,139
synth_34561,139
synth_34349,139
synth_34396,139
synth_34530,139
synth_34596,139
synth_34338,139
synth_34443,139
synth_34356,139
synth_34482,139
synth_34378,139
synth_34566,139
synth_34621,139
synth_34456,139
synth_34549,139
synth_34601,139
synth_34550,139
synth_34574,139
synth_34458,139
synth_34496,139
synth_34501,139
synth_34377,139
synth_34344,139
synth_34406,139
synth_34567,139
synth_34517,139
synth_34631,139
synth_34366,139
synth_34484,139
synth_34532,139
synth_34539,139
synth_34414,139
synth_34545,139
synth_34607,139
synth_34453,139
synth_34426,139
synth_34444,139
synth_34434,139
synth_34588,139
synth_34419,139
synth_34548,139
synth_34476,139
synth_34486,139
synth_34416,139
synth_34436,139
synth_34597,139
synth_34603,139
synth_34333,139
synth_34387,139
synth_34514,139
synth_34337,139
synth_34565,139
synth_34480,139
synth_34586,139
synth_34459,139
synth_34573,139
synth_34415,139
synth_34491,139
synth_34431,139
synth_34531,139
synth_34620,139
synth_34367,139
synth_34352,139
synth_34392,139
synth_34376,139
synth_34388,139
synth_34424,139
synth_34625,139
synth_34636,139
synth_34425,139
synth_34421,139
synth_34600,139
synth_34428,139
synth_34888,138
synth_34666,138
synth_34945,138
synth_34792,138
synth_34894,138
synth_34787,138
synth_34891,138
synth_34931,138
synth_34905,138
synth_34873,138
synth_34901,138
synth_34656,138
synth_34778,138
synth_34767,138
synth_34882,138
synth_34747,138
synth_34936,138
synth_34720,138
synth_34847,138
synth_34684,138
synth_34729,138
synth_34828,138
synth_34812,138
synth_34642,138
synth_34926,138
synth_34726,138
synth_34731,138
synth_34743,138
synth_34753,138
synth_34808,138
synth_34892,138
synth_34951,138
synth_34898,138
synth_34679,138
synth_34893,138
synth_34895,138
synth_34809,138
synth_34748,138
synth_34837,138
synth_34707,138
synth_34698,138
synth_34952,138
synth_34709,138
synth_34785,138
synth_34703,138
synth_34734,138
synth_34933,138
synth_34827,138
synth_34715,138
synth_34783,138
synth_34791,138
synth_34665,138
synth_34838,138
synth_34682,138
synth_34772,138
synth_34799,138
synth_34759,138
synth_34948,138
synth_34648,138
synth_34815,138
synth_34855,138
synth_34744,138
synth_34683,138
synth_34701,138
synth_34711,138
synth_34939,138
synth_34704,138
synth_34835,138
synth_34884,138
synth_34928,138
synth_34678,138
synth_34765,138
synth_34857,138
synth_34913,138
synth_34796,138
synth_34920,138
synth_34746,138
synth_34732,138
synth_34740,138
synth_34823,138
synth_34854,138
synth_34897,138
synth_34923,138
synth_34649,138
synth_34793,138
synth_34802,138
synth_34650,138
synth_34673,138
synth_34725,138
synth_34779,138
synth_34702,138
synth_34820,138
synth_34798,138
synth_34710,138
synth_34883,138
synth_34762,138
synth_34937,138
synth_34692,138
synth_34677,138
synth_34713,138
synth_34716,138
synth_34758,138
synth_34851,138
synth_34943,138
synth_34641,138
synth_34777,138
synth_34825,138
synth_34935,138
synth_34663,138
synth_34829,138
synth_34858,138
synth_34880,138
synth_34932,138
synth_34769,138
synth_34868,138
synth_34741,138
synth_34782,138
synth_34845,138
synth_34940,138
synth_34925,138
synth_34651,138
synth_34944,138
synth_34800,138
synth_34818,138
synth_34797,138
synth_34814,138
synth_34813,138
synth_34848,138
synth_34790,138
synth_34689,138
synth_34869,138
synth_34646,138
synth_34853,138
synth_34687,138
synth_34770,138
synth_34852,138
synth_34745,138
synth_34694,138
synth_34761,138
synth_34816,138
synth_34910,138
synth_34927,138
synth_34947,138
synth_34821,138
synth_34900,138
synth_34881,138
synth_34706,138
synth_34724,138
synth_34705,138
synth_34938,138
synth_34831,138
synth_34735,138
synth_34672,138
synth_34819,138
synth_34875,138
synth_34664,138
synth_34930,138
synth_34742,138
synth_34817,138
synth_34886,138
synth_34712,138
synth_34754,138
synth_34730,138
synth_34915,138
synth_34878,138
synth_34909,138
synth_34849,138
synth_34921,138
synth_34844,138
synth_34859,138
synth_34645,138
synth_34934,138
synth_34876,138
synth_34824,138
synth_34647,138
synth_34661,138
synth_34675,138
synth_34896,138
synth_34676,138
synth_34693,138
synth_34738,138
synth_34681,138
synth_34922,138
synth_34671,138
synth_34908,138
synth_34904,138
synth_34660,138
synth_34727,138
synth_34654,138
synth_34906,138
synth_34699,138
synth_34776,138
synth_34789,138
synth_34659,138
synth_34719,138
synth_34655,138
synth_34755,138
synth_34757,138
synth_34774,138
synth_34668,138
synth_34749,138
synth_34877,138
synth_34862,138
synth_34866,138
synth_34890,138
synth_34690,138
synth_34795,138
synth_34723,138
synth_34811,138
synth_34760,138
synth_34771,138
synth_34653,138
synth_34850,138
synth_34942,138
synth_34861,138
synth_34914,138
synth_34860,138
synth_34924,138
synth_34846,138
synth_34929,138
synth_34700,138
synth_34670,138
synth_34807,138
synth_34907,138
synth_34806,138
synth_34889,138
synth_34733,138
synth_34918,138
synth_34834,138
synth_34953,138
synth_34833,138
synth_34879,138
synth_34652,138
synth_34714,138
synth_34912,138
synth_34691,138
synth_34775,138
synth_34887,138
synth_34911,138
synth_34950,138
synth_34903,138
synth_34657,138
synth_34667,138
synth_34674,138
synth_34773,138
synth_34722,138
synth_34786,138
synth_34695,138
synth_34830,138
synth_34717,138
synth_34946,138
synth_34832,138
synth_34658,138
synth_34697,138
synth_34842,138
synth_34763,138
synth_34680,138
synth_34788,138
synth_34843,138
synth_34856,138
synth_34885,138
synth_34764,138
synth_34696,138
synth_34826,138
synth_34874,138
synth_34840,138
synth_34955,138
synth_34721,138
synth_34662,138
synth_34864,138
synth_34784,138
synth_34917,138
synth_34804,138
synth_34805,138
synth_34643,138
synth_34794,138
synth_34899,138
synth_34902,138
synth_34916,138
synth_34686,138
synth_34870,138
synth_34839,138
synth_34949,138
synth_34728,138
synth_34750,138
synth_34954,138
synth_34752,138
synth_34822,138
synth_34718,138
synth_34736,138
synth_34863,138
synth_34941,138
synth_34751,138
synth_34644,138
synth_34803,138
synth_34841,138
synth_34781,138
synth_34919,138
synth_34872,138
synth_34865,138
synth_34739,138
synth_34756,138
synth_34836,138
synth_34708,138
synth_34867,138
synth_34871,138
synth_34766,138
synth_34768,138
synth_34801,138
synth_34685,138
synth_34669,138
synth_34688,138
synth_34810,138
synth_34737,138
synth_34780,138
synth_35230,137
synth_35234,137
synth_34958,137
synth_35155,137
synth_35195,137
synth_35199,137
synth_34966,137
synth_35197,137
synth_35074,137
synth_35150,137
synth_35171,137
synth_35249,137
synth_35040,137
synth_34963,137
synth_35233,137
synth_35168,137
synth_34959,137
synth_35180,137
synth_35216,137
synth_35042,137
synth_35086,137
synth_35217,137
synth_35160,137
synth_35000,137
synth_35173,137
synth_35005,137
synth_35093,137
synth_35094,137
synth_35011,137
synth_34957,137
synth_34993,137
synth_35053,137
synth_35113,137
synth_35129,137
synth_35211,137
synth_35021,137
synth_35069,137
synth_35159,137
synth_35248,137
synth_35061,137
synth_35237,137
synth_35172,137
synth_35206,137
synth_35101,137
synth_35006,137
synth_35082,137
synth_35119,137
synth_35198,137
synth_35179,137
synth_35207,137
synth_35229,137
synth_35002,137
synth_35066,137
synth_35154,137
synth_35084,137
synth_35122,137
synth_35013,137
synth_35027,137
synth_35151,137
synth_35181,137
synth_35131,137
synth_35187,137
synth_35241,137
synth_34980,137
synth_35035,137
synth_35200,137
synth_35260,137
synth_35114,137
synth_34991,137
synth_35111,137
synth_35134,137
synth_35014,137
synth_35055,137
synth_35174,137
synth_35032,137
synth_35109,137
synth_34988,137
synth_34990,137
synth_35026,137
synth_35037,137
synth_35193,137
synth_35228,137
synth_35190,137
synth_35275,137
synth_35046,137
synth_35120,137
synth_35124,137
synth_35033,137
synth_34984,137
synth_34983,137
synth_35219,137
synth_35030,137
synth_35162,137
synth_35176,137
synth_35184,137
synth_34964,137
synth_35104,137
synth_35161,137
synth_35209,137
synth_35221,137
synth_35158,137
synth_35268,137
synth_35137,137
synth_35128,137
synth_35016,137
synth_34997,137
synth_35036,137
synth_35188,137
synth_35067,137
synth_35125,137
synth_34967,137
synth_35222,137
synth_35245,137
synth_35205,137
synth_35050,137
synth_35185,137
synth_35057,137
synth_34965,137
synth_35141,137
synth_35175,137
synth_35018,137
synth_35007,137
synth_35139,137
synth_35157,137
synth_35242,137
synth_35068,137
synth_35070,137
synth_35020,137
synth_35183,137
synth_35038,137
synth_35210,137
synth_35262,137
synth_34973,137
synth_34956,137
synth_35024,137
synth_35212,137
synth_35103,137
synth_34992,137
synth_35019,137
synth_35023,137
synth_35130,137
synth_35192,137
synth_35225,137
synth_35170,137
synth_35194,137
synth_35004,137
synth_34982,137
synth_35255,137
synth_35041,137
synth_35148,137
synth_35047,137
synth_35060,137
synth_35062,137
synth_35081,137
synth_35169,137
synth_34999,137
synth_35072,137
synth_35177,137
synth_35127,137
synth_35064,137
synth_35065,137
synth_34961,137
synth_35039,137
synth_35083,137
synth_35133,137
synth_35218,137
synth_35243,137
synth_35273,137
synth_35100,137
synth_35251,137
synth_34987,137
synth_35049,137
synth_35191,137
synth_35270,137
synth_34970,137
synth_35182,137
synth_35076,137
synth_35189,137
synth_35224,137
synth_35232,137
synth_35031,137
synth_35256,137
synth_35095,137
synth_35246,137
synth_34968,137
synth_35090,137
synth_35008,137
synth_35059,137
synth_35149,137
synth_35247,137
synth_35261,137
synth_35165,137
synth_34995,137
synth_35118,137
synth_35102,137
synth_34986,137
synth_35022,137
synth_35108,137
synth_35142,137
synth_34979,137
synth_35143,137
synth_35263,137
synth_35138,137
synth_35220,137
synth_34969,137
synth_35058,137
synth_35054,137
synth_35274,137
synth_35087,137
synth_34974,137
synth_34996,137
synth_35231,137
synth_34962,137
synth_35001,137
synth_35045,137
synth_35126,137
synth_35202,137
synth_35276,137
synth_35254,137
synth_35265,137
synth_35145,137
synth_35264,137
synth_35010,137
synth_35253,137
synth_35147,137
synth_35272,137
synth_35063,137
synth_35017,137
synth_35240,137
synth_34975,137
synth_35146,137
synth_35167,137
synth_35156,137
synth_35250,137
synth_35178,137
synth_35003,137
synth_35080,137
synth_35153,137
synth_35186,137
synth_35238,137
synth_35107,137
synth_35116,137
synth_34978,137
synth_35115,137
synth_35259,137
synth_34985,137
synth_35123,137
synth_35051,137
synth_35073,137
synth_35166,137
synth_35025,137
synth_35208,137
synth_35213,137
synth_34976,137
synth_35029,137
synth_35034,137
synth_35196,137
synth_35043,137
synth_35099,137
synth_35012,137
synth_34971,137
synth_34998,137
synth_35136,137
synth_34972,137
synth_35048,137
synth_35144,137
synth_34977,137
synth_34989,137
synth_35140,137
synth_35223,137
synth_35078,137
synth_35079,137
synth_35085,137
synth_35097,137
synth_35105,137
synth_35252,137
synth_35269,137
synth_35236,137
synth_35052,137
synth_35028,137
synth_35056,137
synth_35257,137
synth_35132,137
synth_35266,137
synth_35239,137
synth_35258,137
synth_35135,137
synth_35077,137
synth_34981,137
synth_35009,137
synth_34994,137
synth_35152,137
synth_35204,137
synth_35226,137
synth_35163,137
synth_35110,137
synth_35164,137
synth_35106,137
synth_35112,137
synth_35235,137
synth_35044,137
synth_35098,137
synth_35201,137
synth_35121,137
synth_35096,137
synth_35015,137
synth_35215,137
synth_35227,137
synth_35203,137
synth_35244,137
synth_35117,137
synth_35267,137
synth_35271,137
synth_35089,137
synth_35092,137
synth_35071,137
synth_34960,137
synth_35091,137
synth_35214,137
synth_35075,137
synth_35088,137
synth_35462,136
synth_35529,136
synth_35537,136
synth_35582,136
synth_35590,136
synth_35324,136
synth_35442,136
synth_35361,136
synth_35596,136
synth_35520,136
synth_35578,136
synth_35359,136
synth_35332,136
synth_35312,136
synth_35281,136
synth_35422,136
synth_35441,136
synth_35456,136
synth_35557,136
synth_35413,136
synth_35424,136
synth_35343,136
synth_35362,136
synth_35344,136
synth_35490,136
synth_35307,136
synth_35523,136
synth_35600,136
synth_35289,136
synth_35291,136
synth_35494,136
synth_35551,136
synth_35391,136
synth_35416,136
synth_35579,136
synth_35513,136
synth_35559,136
synth_35576,136
synth_35502,136
synth_35504,136
synth_35511,136
synth_35303,136
synth_35597,136
synth_35497,136
synth_35373,136
synth_35535,136
synth_35348,136
synth_35563,136
synth_35457,136
synth_35286,136
synth_35461,136
synth_35366,136
synth_35319,136
synth_35430,136
synth_35370,136
synth_35476,136
synth_35556,136
synth_35574,136
synth_35588,136
synth_35380,136
synth_35451,136
synth_35459,136
synth_35414,136
synth_35500,136
synth_35501,136
synth_35394,136
synth_35435,136
synth_35527,136
synth_35428,136
synth_35455,136
synth_35460,136
synth_35311,136
synth_35285,136
synth_35503,136
synth_35325,136
synth_35452,136
synth_35518,136
synth_35519,136
synth_35279,136
synth_35341,136
synth_35377,136
synth_35458,136
synth_35465,136
synth_35479,136
synth_35508,136
synth_35573,136
synth_35400,136
synth_35390,136
synth_35549,136
synth_35383,136
synth_35558,136
synth_35484,136
synth_35514,136
synth_35288,136
synth_35543,136
synth_35517,136
synth_35552,136
synth_35330,136
synth_35493,136
synth_35317,136
synth_35378,136
synth_35420,136
synth_35309,136
synth_35464,136
synth_35316,136
synth_35405,136
synth_35584,136
synth_35538,136
synth_35335,136
synth_35315,136
synth_35374,136
synth_35566,136
synth_35470,136
synth_35386,136
synth_35445,136
synth_35542,136
synth_35580,136
synth_35489,136
synth_35287,136
synth_35403,136
synth_35555,136
synth_35450,136
synth_35495,136
synth_35532,136
synth_35337,136
synth_35283,136
synth_35320,136
synth_35510,136
synth_35602,136
synth_35284,136
synth_35318,136
synth_35526,136
synth_35427,136
synth_35352,136
synth_35439,136
synth_35393,136
synth_35294,136
synth_35349,136
synth_35533,136
synth_35541,136
synth_35321,136
synth_35339,136
synth_35350,136
synth_35375,136
synth_35384,136
synth_35313,136
synth_35336,136
synth_35474,136
synth_35564,136
synth_35531,136
synth_35536,136
synth_35282,136
synth_35482,136
synth_35387,136
synth_35446,136
synth_35516,136
synth_35505,136
synth_35371,136
synth_35379,136
synth_35506,136
synth_35304,136
synth_35396,136
synth_35599,136
synth_35357,136
synth_35365,136
synth_35438,136
synth_35314,136
synth_35483,136
synth_35571,136
synth_35388,136
synth_35496,136
synth_35421,136
synth_35322,136
synth_35363,136
synth_35544,136
synth_35545,136
synth_35296,136
synth_35351,136
synth_35367,136
synth_35548,136
synth_35346,136
synth_35521,136
synth_35340,136
synth_35409,136
synth_35466,136
synth_35534,136
synth_35561,136
synth_35399,136
synth_35437,136
synth_35565,136
synth_35443,136
synth_35395,136
synth_35415,136
synth_35434,136
synth_35449,136
synth_35554,136
synth_35577,136
synth_35575,136
synth_35525,136
synth_35448,136
synth_35568,136
synth_35546,136
synth_35278,136
synth_35385,136
synth_35586,136
synth_35360,136
synth_35587,136
synth_35353,136
synth_35492,136
synth_35468,136
synth_35369,136
synth_35410,136
synth_35423,136
synth_35426,136
synth_35463,136
synth_35595,136
synth_35310,136
synth_35598,136
synth_35411,136
synth_35583,136
synth_35601,136
synth_35334,136
synth_35356,136
synth_35473,136
synth_35528,136
synth_35425,136
synth_35328,136
synth_35358,136
synth_35392,136
synth_35345,136
synth_35481,136
synth_35406,136
synth_35440,136
synth_35485,136
synth_35581,136
synth_35338,136
synth_35382,136
synth_35562,136
synth_35418,136
synth_35444,136
synth_35372,136
synth_35509,136
synth_35560,136
synth_35295,136
synth_35376,136
synth_35277,136
synth_35305,136
synth_35436,136
synth_35539,136
synth_35429,136
synth_35454,136
synth_35408,136
synth_35488,136
synth_35404,136
synth_35467,136
synth_35293,136
synth_35301,136
synth_35327,136
synth_35487,136
synth_35292,136
synth_35419,136
synth_35512,136
synth_35290,136
synth_35540,136
synth_35280,136
synth_35478,136
synth_35553,136
synth_35591,136
synth_35297,136
synth_35550,136
synth_35306,136
synth_35469,136
synth_35547,136
synth_35567,136
synth_35471,136
synth_35499,136
synth_35593,136
synth_35354,136
synth_35331,136
synth_35401,136
synth_35402,136
synth_35524,136
synth_35585,136
synth_35570,136
synth_35298,136
synth_35480,136
synth_35491,136
synth_35589,136
synth_35572,136
synth_35342,136
synth_35407,136
synth_35333,136
synth_35515,136
synth_35472,136
synth_35507,136
synth_35355,136
synth_35592,136
synth_35594,136
synth_35397,136
synth_35432,136
synth_35323,136
synth_35447,136
synth_35431,136
synth_35326,136
synth_35486,136
synth_35412,136
synth_35530,136
synth_35302,136
synth_35308,136
synth_35329,136
synth_35368,136
synth_35398,136
synth_35453,136
synth_35389,136
synth_35433,136
synth_35381,136
synth_35498,136
synth_35522,136
synth_35475,136
synth_35299,136
synth_35300,136
synth_35417,136
synth_35364,136
synth_35477,136
synth_35569,136
synth_35347,136
synth_35811,135
synth_35930,135
synth_35688,135
synth_35883,135
synth_35801,135
synth_35842,135
synth_35623,135
synth_35857,135
synth_35928,135
synth_35647,135
synth_35670,135
synth_35876,135
synth_35733,135
synth_35910,135
synth_35882,135
synth_35656,135
synth_35784,135
synth_35776,135
synth_35683,135
synth_35755,135
synth_35659,135
synth_35918,135
synth_35807,135
synth_35631,135
synth_35862,135
synth_35855,135
synth_35860,135
synth_35728,135
synth_35852,135
synth_35816,135
synth_35859,135
synth_35672,135
synth_35767,135
synth_35629,135
synth_35693,135
synth_35760,135
synth_35788,135
synth_35790,135
synth_35625,135
synth_35824,135
synth_35708,135
synth_35863,135
synth_35745,135
synth_35820,135
synth_35604,135
synth_35768,135
synth_35740,135
synth_35906,135
synth_35873,135
synth_35710,135
synth_35612,135
synth_35909,135
synth_35675,135
synth_35618,135
synth_35622,135
synth_35912,135
synth_35690,135
synth_35818,135
synth_35893,135
synth_35648,135
synth_35651,135
synth_35719,135
synth_35774,135
synth_35681,135
synth_35911,135
synth_35858,135
synth_35762,135
synth_35796,135
synth_35914,135
synth_35677,135
synth_35772,135
synth_35839,135
synth_35765,135
synth_35645,135
synth_35812,135
synth_35603,135
synth_35819,135
synth_35639,135
synth_35926,135
synth_35832,135
synth_35849,135
synth_35715,135
synth_35678,135
synth_35638,135
synth_35650,135
synth_35888,135
synth_35777,135
synth_35804,135
synth_35844,135
synth_35646,135
synth_35653,135
synth_35879,135
synth_35919,135
synth_35627,135
synth_35751,135
synth_35611,135
synth_35665,135
synth_35709,135
synth_35903,135
synth_35643,135
synth_35798,135
synth_35663,135
synth_35701,135
synth_35705,135
synth_35884,135
synth_35716,135
synth_35901,135
synth_35785,135
synth_35759,135
synth_35878,135
synth_35668,135
synth_35700,135
synth_35702,135
synth_35714,135
synth_35757,135
synth_35758,135
synth_35626,135
synth_35752,135
synth_35617,135
synth_35731,135
synth_35920,135
synth_35684,135
synth_35880,135
synth_35875,135
synth_35845,135
synth_35868,135
synth_35616,135
synth_35927,135
synth_35848,135
synth_35889,135
synth_35837,135
synth_35738,135
synth_35932,135
synth_35666,135
synth_35669,135
synth_35810,135
synth_35828,135
synth_35658,135
synth_35723,135
synth_35729,135
synth_35632,135
synth_35743,135
synth_35929,135
synth_35694,135
synth_35763,135
synth_35664,135
synth_35916,135
synth_35654,135
synth_35695,135
synth_35718,135
synth_35808,135
synth_35621,135
synth_35635,135
synth_35769,135
synth_35861,135
synth_35756,135
synth_35792,135
synth_35864,135
synth_35870,135
synth_35606,135
synth_35739,135
synth_35746,135
synth_35829,135
synth_35838,135
synth_35793,135
synth_35730,135
synth_35789,135
synth_35674,135
synth_35783,135
synth_35613,135
synth_35712,135
synth_35791,135
synth_35872,135
synth_35782,135
synth_35685,135
synth_35827,135
synth_35732,135
synth_35787,135
synth_35649,135
synth_35809,135
synth_35797,135
synth_35744,135
synth_35748,135
synth_35835,135
synth_35894,135
synth_35913,135
synth_35689,135
synth_35692,135
synth_35841,135
synth_35711,135
synth_35680,135
synth_35737,135
synth_35722,135
synth_35741,135
synth_35660,135
synth_35853,135
synth_35605,135
synth_35704,135
synth_35676,135
synth_35770,135
synth_35902,135
synth_35925,135
synth_35931,135
synth_35900,135
synth_35800,135
synth_35781,135
synth_35847,135
synth_35655,135
synth_35892,135
synth_35686,135
synth_35773,135
synth_35641,135
synth_35657,135
synth_35721,135
synth_35749,135
synth_35856,135
synth_35615,135
synth_35652,135
synth_35717,135
synth_35825,135
synth_35619,135
synth_35735,135
synth_35806,135
synth_35843,135
synth_35822,135
synth_35610,135
synth_35706,135
synth_35794,135
synth_35815,135
synth_35890,135
synth_35799,135
synth_35630,135
synth_35921,135
synth_35813,135
synth_35703,135
synth_35877,135
synth_35850,135
synth_35874,135
synth_35899,135
synth_35865,135
synth_35754,135
synth_35831,135
synth_35609,135
synth_35667,135
synth_35644,135
synth_35628,135
synth_35881,135
synth_35607,135
synth_35633,135
synth_35713,135
synth_35814,135
synth_35699,135
synth_35771,135
synth_35742,135
synth_35897,135
synth_35636,135
synth_35866,135
synth_35867,135
synth_35634,135
synth_35896,135
synth_35907,135
synth_35691,135
synth_35697,135
synth_35871,135
synth_35908,135
synth_35750,135
synth_35834,135
synth_35851,135
synth_35803,135
synth_35753,135
synth_35778,135
synth_35915,135
synth_35775,135
synth_35736,135
synth_35905,135
synth_35924,135
synth_35614,135
synth_35795,135
synth_35869,135
synth_35933,135
synth_35886,135
synth_35637,135
synth_35661,135
synth_35696,135
synth_35764,135
synth_35727,135
synth_35786,135
synth_35624,135
synth_35671,135
synth_35682,135
synth_35846,135
synth_35720,135
synth_35802,135
synth_35620,135
synth_35766,135
synth_35823,135
synth_35891,135
synth_35895,135
synth_35673,135
synth_35642,135
synth_35917,135
synth_35747,135
synth_35922,135
synth_35779,135
synth_35833,135
synth_35887,135
synth_35761,135
synth_35854,135
synth_35923,135
synth_35904,135
synth_35640,135
synth_35821,135
synth_35805,135
synth_35662,135
synth_35724,135
synth_35687,135
synth_35898,135
synth_35725,135
synth_35734,135
synth_35780,135
synth_35826,135
synth_35836,135
synth_35698,135
synth_35885,135
synth_35679,135
synth_35726,135
synth_35707,135
synth_35817,135
synth_35608,135
synth_35830,135
synth_35840,135
synth_36260,134
synth_36050,134
synth_36240,134
synth_35974,134
synth_36164,134
synth_36092,134
synth_35985,134
synth_35988,134
synth_35999,134
synth_36205,134
synth_36236,134
synth_36008,134
synth_36069,134
synth_36210,134
synth_36224,134
synth_36086,134
synth_36242,134
synth_36048,134
synth_36178,134
synth_36020,134
synth_36043,134
synth_36139,134
synth_36080,134
synth_36097,134
synth_36018,134
synth_36113,134
synth_36070,134
synth_36078,134
synth_35951,134
synth_35969,134
synth_35975,134
synth_36228,134
synth_35944,134
synth_36036,134
synth_36265,134
synth_36160,134
synth_36189,134
synth_36202,134
synth_36055,134
synth_36211,134
synth_36261,134
synth_36180,134
synth_36269,134
synth_36137,134
synth_36095,134
synth_36216,134
synth_36247,134
synth_36066,134
synth_36165,134
synth_36251,134
synth_36268,134
synth_35937,134
synth_36073,134
synth_35997,134
synth_36101,134
synth_36062,134
synth_35978,134
synth_36208,134
synth_36017,134
synth_36162,134
synth_35956,134
synth_36176,134
synth_36270,134
synth_36109,134
synth_36149,134
synth_36140,134
synth_36091,134
synth_36225,134
synth_36147,134
synth_36145,134
synth_36209,134
synth_36029,134
synth_36121,134
synth_36124,134
synth_36125,134
synth_36138,134
synth_36081,134
synth_36015,134
synth_36244,134
synth_36254,134
synth_36196,134
synth_36218,134
synth_36102,134
synth_36104,134
synth_35970,134
synth_36054,134
synth_35954,134
synth_36259,134
synth_36028,134
synth_36106,134
synth_36126,134
synth_36156,134
synth_35971,134
synth_35947,134
synth_36263,134
synth_35996,134
synth_36222,134
synth_36185,134
synth_36266,134
synth_36072,134
synth_36090,134
synth_36190,134
synth_35980,134
synth_36002,134
synth_36203,134
synth_36219,134
synth_36089,134
synth_36114,134
synth_36172,134
synth_36039,134
synth_36246,134
synth_36198,134
synth_35989,134
synth_35977,134
synth_36187,134
synth_36093,134
synth_36132,134
synth_36158,134
synth_36245,134
synth_35950,134
synth_36127,134
synth_36233,134
synth_35939,134
synth_36148,134
synth_36258,134
synth_35938,134
synth_36038,134
synth_36152,134
synth_36256,134
synth_36051,134
synth_35959,134
synth_36252,134
synth_36237,134
synth_36192,134
synth_35994,134
synth_36105,134
synth_36191,134
synth_36214,134
synth_36197,134
synth_36157,134
synth_36174,134
synth_36088,134
synth_36133,134
synth_36207,134
synth_35973,134
synth_36221,134
synth_35935,134
synth_35981,134
synth_35993,134
synth_36267,134
synth_36131,134
synth_35936,134
synth_36204,134
synth_35940,134
synth_35990,134
synth_36001,134
synth_36201,134
synth_35957,134
synth_36025,134
synth_36243,134
synth_36009,134
synth_36096,134
synth_35983,134
synth_36016,134
synth_36006,134
synth_36173,134
synth_36227,134
synth_35976,134
synth_36182,134
synth_36220,134
synth_36004,134
synth_36215,134
synth_36076,134
synth_36141,134
synth_36144,134
synth_35945,134
synth_35965,134
synth_36085,134
synth_36223,134
synth_36068,134
synth_36100,134
synth_36234,134
synth_35979,134
synth_35948,134
synth_35963,134
synth_36059,134
synth_36142,134
synth_36179,134
synth_36235,134
synth_36129,134
synth_36023,134
synth_35991,134
synth_36213,134
synth_36013,134
synth_36034,134
synth_35961,134
synth_36026,134
synth_36064,134
synth_36146,134
synth_36123,134
synth_35962,134
synth_36033,134
synth_36167,134
synth_36241,134
synth_36031,134
synth_36053,134
synth_36120,134
synth_36257,134
synth_36060,134
synth_35952,134
synth_36040,134
synth_36007,134
synth_36122,134
synth_36206,134
synth_36075,134
synth_36116,134
synth_36150,134
synth_36226,134
synth_35949,134
synth_35998,134
synth_36035,134
synth_36154,134
synth_35967,134
synth_35986,134
synth_36011,134
synth_36098,134
synth_36010,134
synth_36032,134
synth_36041,134
synth_36111,134
synth_36238,134
synth_36027,134
synth_36046,134
synth_36232,134
synth_36099,134
synth_35972,134
synth_36151,134
synth_36030,134
synth_36188,134
synth_36253,134
synth_36130,134
synth_36229,134
synth_36058,134
synth_36067,134
synth_36161,134
synth_35968,134
synth_36166,134
synth_36021,134
synth_36195,134
synth_36049,134
synth_36175,134
synth_36118,134
synth_36249,134
synth_36107,134
synth_36077,134
synth_35964,134
synth_36117,134
synth_36212,134
synth_36003,134
synth_35987,134
synth_36087,134
synth_36163,134
synth_36264,134
synth_35941,134
synth_36084,134
synth_36103,134
synth_36181,134
synth_36094,134
synth_35960,134
synth_36042,134
synth_36231,134
synth_36005,134
synth_36134,134
synth_36186,134
synth_36012,134
synth_36014,134
synth_36262,134
synth_36052,134
synth_36061,134
synth_36022,134
synth_36248,134
synth_35958,134
synth_36169,134
synth_36184,134
synth_35946,134
synth_36065,134
synth_36136,134
synth_36168,134
synth_36177,134
synth_36019,134
synth_36119,134
synth_35942,134
synth_36044,134
synth_35982,134
synth_36193,134
synth_36000,134
synth_36108,134
synth_36171,134
synth_36230,134
synth_36200,134
synth_35953,134
synth_36024,134
synth_36057,134
synth_36250,134
synth_35934,134
synth_35943,134
synth_35995,134
synth_36071,134
synth_36082,134
synth_36056,134
synth_36239,134
synth_36110,134
synth_36170,134
synth_36255,134
synth_36063,134
synth_36079,134
synth_36153,134
synth_36194,134
synth_36083,134
synth_35966,134
synth_36074,134
synth_36045,134
synth_36155,134
synth_35992,134
synth_36112,134
synth_36199,134
synth_35984,134
synth_36037,134
synth_36159,134
synth_36128,134
synth_36115,134
synth_36183,134
synth_35955,134
synth_36135,134
synth_36217,134
synth_36047,134
synth_36143,134
synth_36407,133
synth_36432,133
synth_36511,133
synth_36612,133
synth_36541,133
synth_36310,133
synth_36491,133
synth_36380,133
synth_36516,133
synth_36487,133
synth_36386,133
synth_36296,133
synth_36577,133
synth_36583,133
synth_36551,133
synth_36351,133
synth_36404,133
synth_36481,133
synth_36344,133
synth_36297,133
synth_36533,133
synth_36534,133
synth_36453,133
synth_36469,133
synth_36323,133
synth_36434,133
synth_36500,133
synth_36512,133
synth_36528,133
synth_36483,133
synth_36514,133
synth_36359,133
synth_36367,133
synth_36397,133
synth_36412,133
synth_36294,133
synth_36317,133
synth_36452,133
synth_36424,133
synth_36475,133
synth_36322,133
synth_36532,133
synth_36542,133
synth_36343,133
synth_36370,133
synth_36406,133
synth_36597,133
synth_36571,133
synth_36591,133
synth_36340,133
synth_36550,133
synth_36354,133
synth_36464,133
synth_36399,133
synth_36526,133
synth_36598,133
synth_36450,133
synth_36320,133
synth_36282,133
synth_36295,133
synth_36315,133
synth_36611,133
synth_36477,133
synth_36273,133
synth_36488,133
synth_36593,133
synth_36382,133
synth_36307,133
synth_36308,133
synth_36478,133
synth_36578,133
synth_36415,133
synth_36348,133
synth_36521,133
synth_36607,133
synth_36372,133
synth_36316,133
synth_36579,133
synth_36305,133
synth_36378,133
synth_36383,133
synth_36431,133
synth_36490,133
synth_36517,133
synth_36479,133
synth_36555,133
synth_36355,133
synth_36529,133
synth_36271,133
synth_36345,133
synth_36433,133
synth_36440,133
synth_36409,133
synth_36410,133
synth_36522,133
synth_36561,133
synth_36471,133
synth_36570,133
synth_36545,133
synth_36325,133
synth_36467,133
synth_36300,133
synth_36601,133
synth_36499,133
synth_36272,133
synth_36552,133
synth_36411,133
synth_36318,133
synth_36430,133
synth_36608,133
synth_36279,133
synth_36509,133
synth_36584,133
synth_36334,133
synth_36356,133
synth_36374,133
synth_36546,133
synth_36292,133
synth_36365,133
synth_36387,133
synth_36324,133
synth_36418,133
synth_36543,133
synth_36590,133
synth_36327,133
synth_36445,133
synth_36414,133
synth_36588,133
synth_36364,133
synth_36428,133
synth_36573,133
synth_36472,133
synth_36575,133
synth_36420,133
synth_36458,133
synth_36609,133
synth_36400,133
synth_36291,133
synth_36486,133
synth_36610,133
synth_36531,133
synth_36276,133
synth_36492,133
synth_36444,133
synth_36494,133
synth_36342,133
synth_36439,133
synth_36480,133
synth_36405,133
synth_36476,133
synth_36338,133
synth_36421,133
synth_36455,133
synth_36566,133
synth_36574,133
synth_36375,133
synth_36394,133
synth_36520,133
synth_36523,133
synth_36402,133
synth_36568,133
synth_36581,133
synth_36508,133
synth_36290,133
synth_36429,133
synth_36535,133
synth_36377,133
synth_36557,133
synth_36309,133
synth_36395,133
synth_36427,133
synth_36423,133
synth_36470,133
synth_36285,133
synth_36413,133
synth_36426,133
synth_36513,133
synth_36416,133
synth_36604,133
synth_36287,133
synth_36556,133
synth_36280,133
synth_36482,133
synth_36442,133
synth_36507,133
synth_36459,133
synth_36580,133
synth_36510,133
synth_36332,133
synth_36385,133
synth_36425,133
synth_36447,133
synth_36347,133
synth_36599,133
synth_36527,133
synth_36333,133
synth_36289,133
synth_36293,133
synth_36314,133
synth_36288,133
synth_36437,133
synth_36605,133
synth_36401,133
synth_36331,133
synth_36321,133
synth_36362,133
synth_36518,133
synth_36391,133
synth_36586,133
synth_36595,133
synth_36326,133
synth_36553,133
synth_36330,133
synth_36357,133
synth_36389,133
synth_36303,133
synth_36361,133
synth_36403,133
synth_36603,133
synth_36565,133
synth_36388,133
synth_36501,133
synth_36537,133
synth_36301,133
synth_36274,133
synth_36466,133
synth_36596,133
synth_36311,133
synth_36337,133
synth_36286,133
synth_36576,133
synth_36548,133
synth_36349,133
synth_36606,133
synth_36350,133
synth_36393,133
synth_36398,133
synth_36408,133
synth_36502,133
synth_36419,133
synth_36336,133
synth_36396,133
synth_36602,133
synth_36544,133
synth_36304,133
synth_36435,133
synth_36353,133
synth_36390,133
synth_36563,133
synth_36504,133
synth_36298,133
synth_36329,133
synth_36461,133
synth_36524,133
synth_36554,133
synth_36346,133
synth_36360,133
synth_36564,133
synth_36384,133
synth_36335,133
synth_36369,133
synth_36506,133
synth_36379,133
synth_36456,133
synth_36371,133
synth_36339,133
synth_36366,133
synth_36547,133
synth_36451,133
synth_36540,133
synth_36582,133
synth_36560,133
synth_36594,133
synth_36352,133
synth_36463,133
synth_36373,133
synth_36515,133
synth_36449,133
synth_36454,133
synth_36536,133
synth_36358,133
synth_36363,133
synth_36495,133
synth_36277,133
synth_36312,133
synth_36275,133
synth_36457,133
synth_36569,133
synth_36585,133
synth_36392,133
synth_36473,133
synth_36474,133
synth_36381,133
synth_36562,133
synth_36462,133
synth_36468,133
synth_36567,133
synth_36525,133
synth_36328,133
synth_36519,133
synth_36539,133
synth_36436,133
synth_36587,133
synth_36284,133
synth_36441,133
synth_36465,133
synth_36319,133
synth_36505,133
synth_36559,133
synth_36446,133
synth_36484,133
synth_36306,133
synth_36448,133
synth_36493,133
synth_36281,133
synth_36503,133
synth_36485,133
synth_36592,133
synth_36278,133
synth_36302,133
synth_36600,133
synth_36299,133
synth_36496,133
synth_36558,133
synth_36589,133
synth_36549,133
synth_36313,133
synth_36368,133
synth_36283,133
synth_36443,133
synth_36460,133
synth_36530,133
synth_36376,133
synth_36438,133
synth_36572,133
synth_36417,133
synth_36498,133
synth_36341,133
synth_36497,133
synth_36422,133
synth_36538,133
synth_36489,133
synth_36730,132
synth_36683,132
synth_36826,132
synth_36648,132
synth_36634,132
synth_36895,132
synth_36905,132
synth_36637,132
synth_36775,132
synth_36890,132
synth_36838,132
synth_36643,132
synth_36860,132
synth_36701,132
synth_36854,132
synth_36654,132
synth_36746,132
synth_36928,132
synth_36934,132
synth_36862,132
synth_36738,132
synth_36803,132
synth_36627,132
synth_36706,132
synth_36716,132
synth_36923,132
synth_36702,132
synth_36736,132
synth_36810,132
synth_36844,132
synth_36846,132
synth_36748,132
synth_36825,132
synth_36628,132
synth_36685,132
synth_36830,132
synth_36938,132
synth_36752,132
synth_36758,132
synth_36806,132
synth_36828,132
synth_36617,132
synth_36720,132
synth_36725,132
synth_36908,132
synth_36670,132
synth_36715,132
synth_36807,132
synth_36788,132
synth_36882,132
synth_36889,132
synth_36845,132
synth_36641,132
synth_36912,132
synth_36936,132
synth_36653,132
synth_36894,132
synth_36794,132
synth_36948,132
synth_36687,132
synth_36811,132
synth_36816,132
synth_36713,132
synth_36728,132
synth_36832,132
synth_36669,132
synth_36945,132
synth_36632,132
synth_36821,132
synth_36659,132
synth_36872,132
synth_36662,132
synth_36851,132
synth_36783,132
synth_36906,132
synth_36647,132
synth_36621,132
synth_36883,132
synth_36618,132
synth_36808,132
synth_36842,132
synth_36651,132
synth_36661,132
synth_36712,132
synth_36910,132
synth_36753,132
synth_36694,132
synth_36671,132
synth_36904,132
synth_36781,132
synth_36868,132
synth_36897,132
synth_36693,132
synth_36790,132
synth_36942,132
synth_36684,132
synth_36695,132
synth_36743,132
synth_36792,132
synth_36786,132
synth_36924,132
synth_36932,132
synth_36944,132
synth_36960,132
synth_36766,132
synth_36734,132
synth_36921,132
synth_36762,132
synth_36843,132
synth_36679,132
synth_36929,132
synth_36625,132
synth_36640,132
synth_36769,132
synth_36827,132
synth_36858,132
synth_36869,132
synth_36925,132
synth_36951,132
synth_36954,132
synth_36657,132
synth_36776,132
synth_36823,132
synth_36721,132
synth_36689,132
synth_36699,132
synth_36793,132
synth_36871,132
synth_36652,132
synth_36764,132
synth_36946,132
synth_36739,132
synth_36649,132
synth_36698,132
synth_36795,132
synth_36911,132
synth_36939,132
synth_36952,132
synth_36680,132
synth_36785,132
synth_36711,132
synth_36943,132
synth_36672,132
synth_36881,132
synth_36887,132
synth_36888,132
synth_36710,132
synth_36812,132
synth_36704,132
synth_36903,132
synth_36959,132
synth_36859,132
synth_36900,132
synth_36853,132
synth_36619,132
synth_36879,132
synth_36915,132
synth_36935,132
synth_36902,132
synth_36770,132
synth_36813,132
synth_36891,132
synth_36760,132
synth_36677,132
synth_36876,132
synth_36829,132
synth_36837,132
synth_36676,132
synth_36740,132
synth_36857,132
synth_36745,132
synth_36926,132
synth_36620,132
synth_36719,132
synth_36773,132
synth_36818,132
synth_36624,132
synth_36841,132
synth_36658,132
synth_36696,132
synth_36755,132
synth_36757,132
synth_36820,132
synth_36682,132
synth_36909,132
synth_36655,132
synth_36817,132
synth_36815,132
synth_36629,132
synth_36673,132
synth_36674,132
synth_36831,132
synth_36623,132
synth_36735,132
synth_36750,132
synth_36690,132
synth_36797,132
synth_36737,132
synth_36756,132
synth_36880,132
synth_36616,132
synth_36949,132
synth_36714,132
synth_36878,132
synth_36839,132
synth_36779,132
synth_36913,132
synth_36731,132
synth_36742,132
synth_36744,132
synth_36896,132
synth_36886,132
synth_36898,132
synth_36692,132
synth_36814,132
synth_36703,132
synth_36874,132
synth_36804,132
synth_36809,132
synth_36751,132
synth_36729,132
synth_36642,132
synth_36772,132
synth_36958,132
synth_36836,132
synth_36917,132
synth_36918,132
synth_36636,132
synth_36937,132
synth_36901,132
synth_36663,132
synth_36733,132
synth_36940,132
synth_36822,132
synth_36848,132
synth_36697,132
synth_36791,132
synth_36787,132
synth_36957,132
synth_36707,132
synth_36922,132
synth_36759,132
synth_36877,132
synth_36660,132
synth_36899,132
synth_36678,132
synth_36840,132
synth_36916,132
synth_36884,132
synth_36955,132
synth_36920,132
synth_36613,132
synth_36777,132
synth_36873,132
synth_36718,132
synth_36638,132
synth_36675,132
synth_36761,132
synth_36771,132
synth_36615,132
synth_36691,132
synth_36705,132
synth_36708,132
synth_36780,132
synth_36644,132
synth_36667,132
synth_36767,132
synth_36855,132
synth_36635,132
synth_36656,132
synth_36927,132
synth_36799,132
synth_36833,132
synth_36849,132
synth_36866,132
synth_36885,132
synth_36614,132
synth_36668,132
synth_36686,132
synth_36796,132
synth_36950,132
synth_36622,132
synth_36681,132
synth_36801,132
synth_36665,132
synth_36930,132
synth_36765,132
synth_36768,132
synth_36724,132
synth_36645,132
synth_36892,132
synth_36722,132
synth_36749,132
synth_36852,132
synth_36798,132
synth_36784,132
synth_36847,132
synth_36700,132
synth_36633,132
synth_36763,132
synth_36861,132
synth_36723,132
synth_36819,132
synth_36864,132
synth_36631,132
synth_36717,132
synth_36867,132
synth_36893,132
synth_36931,132
synth_36805,132
synth_36747,132
synth_36953,132
synth_36639,132
synth_36782,132
synth_36856,132
synth_36907,132
synth_36688,132
synth_36947,132
synth_36870,132
synth_36914,132
synth_36941,132
synth_36646,132
synth_36789,132
synth_36732,132
synth_36650,132
synth_36933,132
synth_36709,132
synth_36727,132
synth_36800,132
synth_36919,132
synth_36626,132
synth_36754,132
synth_36726,132
synth_36741,132
synth_36824,132
synth_36834,132
synth_36875,132
synth_36664,132
synth_36666,132
synth_36956,132
synth_36835,132
synth_36774,132
synth_36863,132
synth_36802,132
synth_36850,132
synth_36778,132
synth_36630,132
synth_36865,132
synth_37010,131
synth_36982,131
synth_37062,131
synth_37286,131
synth_37190,131
synth_37037,131
synth_37246,131
synth_37293,131
synth_37061,131
synth_37148,131
synth_37031,131
synth_37198,131
synth_37222,131
synth_37000,131
synth_37185,131
synth_37271,131
synth_37077,131
synth_37151,131
synth_36999,131
synth_37292,131
synth_37043,131
synth_37274,131
synth_37305,131
synth_37006,131
synth_37075,131
synth_36976,131
synth_37233,131
synth_37129,131
synth_37110,131
synth_37168,131
synth_37056,131
synth_37103,131
synth_37223,131
synth_37257,131
synth_37042,131
synth_37099,131
synth_37192,131
synth_36994,131
synth_37036,131
synth_37051,131
synth_37097,131
synth_37211,131
synth_37214,131
synth_37199,131
synth_37252,131
synth_37088,131
synth_37283,131
synth_36963,131
synth_37085,131
synth_37231,131
synth_37280,131
synth_37311,131
synth_37149,131
synth_37247,131
synth_37250,131
synth_37259,131
synth_37025,131
synth_36973,131
synth_37038,131
synth_37158,131
synth_37086,131
synth_37172,131
synth_37277,131
synth_37296,131
synth_37206,131
synth_37273,131
synth_37013,131
synth_37044,131
synth_37204,131
synth_37166,131
synth_37218,131
synth_36985,131
synth_37081,131
synth_37265,131
synth_37309,131
synth_37074,131
synth_37243,131
synth_37281,131
synth_36969,131
synth_37207,131
synth_37160,131
synth_37261,131
synth_37300,131
synth_37210,131
synth_37298,131
synth_37002,131
synth_37197,131
synth_37155,131
synth_37098,131
synth_37182,131
synth_37020,131
synth_37105,131
synth_37297,131
synth_37073,131
synth_37262,131
synth_37159,131
synth_37263,131
synth_37117,131
synth_37219,131
synth_37244,131
synth_37113,131
synth_37173,131
synth_37072,131
synth_37100,131
synth_37301,131
synth_37028,131
synth_37047,131
synth_37041,131
synth_37241,131
synth_37018,131
synth_37139,131
synth_37225,131
synth_37132,131
synth_37171,131
synth_37135,131
synth_36990,131
synth_37237,131
synth_37288,131
synth_36981,131
synth_37282,131
synth_37209,131
synth_37163,131
synth_37196,131
synth_37040,131
synth_37234,131
synth_37255,131
synth_37067,131
synth_37154,131
synth_36980,131
synth_36993,131
synth_37240,131
synth_36971,131
synth_37032,131
synth_37029,131
synth_37224,131
synth_37187,131
synth_37137,131
synth_37229,131
synth_37242,131
synth_37256,131
synth_37287,131
synth_37133,131
synth_37254,131
synth_37184,131
synth_37024,131
synth_37141,131
synth_37114,131
synth_36964,131
synth_37180,131
synth_37145,131
synth_37205,131
synth_37059,131
synth_37112,131
synth_36991,131
synth_37203,131
synth_37084,131
synth_37080,131
synth_37094,131
synth_37118,131
synth_37195,131
synth_37303,131
synth_37201,131
synth_37125,131
synth_37134,131
synth_37063,131
synth_37208,131
synth_37251,131
synth_36966,131
synth_36977,131
synth_37186,131
synth_37306,131
synth_37106,131
synth_37022,131
synth_37095,131
synth_37015,131
synth_37115,131
synth_37087,131
synth_37290,131
synth_37313,131
synth_37009,131
synth_37069,131
synth_37193,131
synth_37150,131
synth_37258,131
synth_36975,131
synth_37016,131
synth_37048,131
synth_37049,131
synth_37200,131
synth_37142,131
synth_37279,131
synth_37039,131
synth_37217,131
synth_37230,131
synth_37294,131
synth_37126,131
synth_37174,131
synth_37236,131
synth_37278,131
synth_37045,131
synth_37314,131
synth_36965,131
synth_37130,131
synth_37027,131
synth_37068,131
synth_37216,131
synth_37269,131
synth_37035,131
synth_37164,131
synth_36972,131
synth_36974,131
synth_37034,131
synth_37270,131
synth_36983,131
synth_37089,131
synth_37289,131
synth_37202,131
synth_37161,131
synth_37153,131
synth_37284,131
synth_37226,131
synth_37046,131
synth_37052,131
synth_37124,131
synth_37050,131
synth_37003,131
synth_37014,131
synth_37033,131
synth_37170,131
synth_37127,131
synth_37143,131
synth_37267,131
synth_36987,131
synth_37017,131
synth_37023,131
synth_37169,131
synth_36968,131
synth_37007,131
synth_37227,131
synth_37079,131
synth_37131,131
synth_37021,131
synth_37057,131
synth_37183,131
synth_37221,131
synth_37004,131
synth_37128,131
synth_37152,131
synth_37266,131
synth_37078,131
synth_37308,131
synth_37116,131
synth_37285,131
synth_37179,131
synth_37248,131
synth_36997,131
synth_37011,131
synth_37119,131
synth_37070,131
synth_37272,131
synth_36984,131
synth_37107,131
synth_37121,131
synth_37235,131
synth_37275,131
synth_37295,131
synth_37138,131
synth_36998,131
synth_37156,131
synth_37239,131
synth_37268,131
synth_37108,131
synth_37055,131
synth_37120,131
synth_37307,131
synth_37109,131
synth_37122,131
synth_37212,131
synth_37291,131
synth_37312,131
synth_37001,131
synth_37008,131
synth_36992,131
synth_37188,131
synth_37253,131
synth_36967,131
synth_36988,131
synth_37123,131
synth_36979,131
synth_36989,131
synth_37104,131
synth_37228,131
synth_37091,131
synth_36995,131
synth_37065,131
synth_37144,131
synth_37076,131
synth_37213,131
synth_37189,131
synth_36996,131
synth_37012,131
synth_37066,131
synth_37019,131
synth_37178,131
synth_36962,131
synth_37245,131
synth_37260,131
synth_37005,131
synth_37276,131
synth_36970,131
synth_37299,131
synth_37136,131
synth_37157,131
synth_37090,131
synth_37310,131
synth_37082,131
synth_37092,131
synth_36986,131
synth_37175,131
synth_37238,131
synth_37304,131
synth_37102,131
synth_37191,131
synth_37194,131
synth_37232,131
synth_37064,131
synth_37071,131
synth_37302,131
synth_37215,131
synth_37060,131
synth_37054,131
synth_37111,131
synth_37176,131
synth_37053,131
synth_37101,131
synth_37162,131
synth_37167,131
synth_37140,131
synth_37030,131
synth_37220,131
synth_37177,131
synth_37058,131
synth_37146,131
synth_37096,131
synth_37181,131
synth_37264,131
synth_37147,131
synth_37093,131
synth_37315,131
synth_37083,131
synth_37165,131
synth_36961,131
synth_37026,131
synth_37249,131
synth_36978,131
synth_37472,130
synth_37417,130
synth_37478,130
synth_37595,130
synth_37501,130
synth_37555,130
synth_37392,130
synth_37470,130
synth_37589,130
synth_37597,130
synth_37369,130
synth_37604,130
synth_37343,130
synth_37468,130
synth_37438,130
synth_37455,130
synth_37323,130
synth_37486,130
synth_37558,130
synth_37599,130
synth_37480,130
synth_37624,130
synth_37364,130
synth_37373,130
synth_37404,130
synth_37445,130
synth_37594,130
synth_37633,130
synth_37380,130
synth_37388,130
synth_37512,130
synth_37561,130
synth_37325,130
synth_37341,130
synth_37363,130
synth_37317,130
synth_37387,130
synth_37410,130
synth_37451,130
synth_37473,130
synth_37645,130
synth_37636,130
synth_37449,130
synth_37623,130
synth_37616,130
synth_37524,130
synth_37498,130
synth_37340,130
synth_37418,130
synth_37566,130
synth_37641,130
synth_37650,130
synth_37673,130
synth_37475,130
synth_37485,130
synth_37506,130
synth_37510,130
synth_37565,130
synth_37664,130
synth_37571,130
synth_37613,130
synth_37461,130
synth_37389,130
synth_37610,130
synth_37608,130
synth_37428,130
synth_37514,130
synth_37529,130
synth_37361,130
synth_37411,130
synth_37346,130
synth_37483,130
synth_37609,130
synth_37339,130
synth_37531,130
synth_37436,130
synth_37647,130
synth_37631,130
synth_37551,130
synth_37507,130
synth_37456,130
synth_37560,130
synth_37627,130
synth_37435,130
synth_37643,130
synth_37357,130
synth_37372,130
synth_37405,130
synth_37606,130
synth_37620,130
synth_37316,130
synth_37552,130
synth_37526,130
synth_37350,130
synth_37550,130
synth_37553,130
synth_37601,130
synth_37358,130
synth_37603,130
synth_37591,130
synth_37568,130
synth_37541,130
synth_37614,130
synth_37618,130
synth_37331,130
synth_37563,130
synth_37384,130
synth_37425,130
synth_37530,130
synth_37646,130
synth_37393,130
synth_37508,130
synth_37653,130
synth_37333,130
synth_37562,130
synth_37545,130
synth_37628,130
synth_37477,130
synth_37556,130
synth_37395,130
synth_37326,130
synth_37600,130
synth_37442,130
synth_37460,130
synth_37574,130
synth_37642,130
synth_37463,130
synth_37328,130
synth_37371,130
synth_37409,130
synth_37467,130
synth_37612,130
synth_37492,130
synth_37320,130
synth_37484,130
synth_37465,130
synth_37487,130
synth_37575,130
synth_37522,130
synth_37598,130
synth_37375,130
synth_37443,130
synth_37347,130
synth_37462,130
synth_37525,130
synth_37644,130
synth_37354,130
synth_37444,130
synth_37439,130
synth_37578,130
synth_37567,130
synth_37674,130
synth_37663,130
synth_37356,130
synth_37433,130
synth_37471,130
synth_37520,130
synth_37661,130
synth_37615,130
synth_37321,130
synth_37513,130
synth_37658,130
synth_37515,130
synth_37538,130
synth_37360,130
synth_37345,130
synth_37441,130
synth_37536,130
synth_37342,130
synth_37355,130
synth_37667,130
synth_37579,130
synth_37572,130
synth_37671,130
synth_37652,130
synth_37482,130
synth_37494,130
synth_37535,130
synth_37570,130
synth_37504,130
synth_37344,130
synth_37385,130
synth_37559,130
synth_37528,130
synth_37637,130
synth_37424,130
synth_37505,130
synth_37586,130
synth_37590,130
synth_37416,130
synth_37539,130
synth_37396,130
synth_37440,130
synth_37496,130
synth_37670,130
synth_37367,130
synth_37381,130
synth_37469,130
synth_37446,130
synth_37452,130
synth_37497,130
synth_37621,130
synth_37334,130
synth_37348,130
synth_37450,130
synth_37581,130
synth_37668,130
synth_37626,130
synth_37335,130
synth_37432,130
synth_37383,130
synth_37362,130
synth_37423,130
synth_37427,130
synth_37593,130
synth_37318,130
synth_37359,130
synth_37502,130
synth_37592,130
synth_37437,130
synth_37583,130
synth_37459,130
synth_37379,130
synth_37338,130
synth_37376,130
synth_37588,130
synth_37457,130
synth_37557,130
synth_37353,130
synth_37336,130
synth_37406,130
synth_37458,130
synth_37509,130
synth_37605,130
synth_37431,130
synth_37549,130
synth_37607,130
synth_37402,130
synth_37490,130
synth_37500,130
synth_37632,130
synth_37403,130
synth_37352,130
synth_37519,130
synth_37634,130
synth_37511,130
synth_37533,130
synth_37368,130
synth_37378,130
synth_37391,130
synth_37503,130
synth_37527,130
synth_37651,130
synth_37329,130
synth_37543,130
synth_37638,130
synth_37370,130
synth_37629,130
synth_37649,130
synth_37366,130
synth_37602,130
synth_37619,130
synth_37319,130
synth_37434,130
synth_37548,130
synth_37351,130
synth_37630,130
synth_37400,130
synth_37580,130
synth_37639,130
synth_37401,130
synth_37544,130
synth_37408,130
synth_37662,130
synth_37542,130
synth_37491,130
synth_37397,130
synth_37327,130
synth_37421,130
synth_37332,130
synth_37448,130
synth_37481,130
synth_37547,130
synth_37464,130
synth_37377,130
synth_37523,130
synth_37564,130
synth_37665,130
synth_37453,130
synth_37382,130
synth_37493,130
synth_37669,130
synth_37447,130
synth_37532,130
synth_37672,130
synth_37386,130
synth_37479,130
synth_37587,130
synth_37429,130
synth_37516,130
synth_37474,130
synth_37518,130
synth_37596,130
synth_37584,130
synth_37466,130
synth_37534,130
synth_37625,130
synth_37660,130
synth_37635,130
synth_37659,130
synth_37374,130
synth_37488,130
synth_37622,130
synth_37426,130
synth_37640,130
synth_37656,130
synth_37413,130
synth_37476,130
synth_37666,130
synth_37349,130
synth_37495,130
synth_37546,130
synth_37675,130
synth_37365,130
synth_37554,130
synth_37648,130
synth_37407,130
synth_37414,130
synth_37337,130
synth_37540,130
synth_37576,130
synth_37537,130
synth_37398,130
synth_37569,130
synth_37585,130
synth_37330,130
synth_37394,130
synth_37430,130
synth_37415,130
synth_37582,130
synth_37611,130
synth_37657,130
synth_37573,130
synth_37489,130
synth_37517,130
synth_37617,130
synth_37521,130
synth_37577,130
synth_37655,130
synth_37419,130
synth_37499,130
synth_37322,130
synth_37390,130
synth_37454,130
synth_37324,130
synth_37412,130
synth_37420,130
synth_37422,130
synth_37399,130
synth_37654,130
synth_37895,129
synth_38015,129
synth_37872,129
synth_37969,129
synth_37995,129
synth_37843,129
synth_37827,129
synth_37858,129
synth_37782,129
synth_37987,129
synth_37793,129
synth_37840,129
synth_37805,129
synth_37832,129
synth_37950,129
synth_37908,129
synth_37913,129
synth_38001,129
synth_37779,129
synth_38028,129
synth_37752,129
synth_38017,129
synth_38037,129
synth_37702,129
synth_37772,129
synth_37960,129
synth_37964,129
synth_37869,129
synth_37877,129
synth_37691,129
synth_37822,129
synth_37882,129
synth_37735,129
synth_37764,129
synth_37689,129
synth_37761,129
synth_37849,129
synth_37982,129
synth_37743,129
synth_38025,129
synth_37836,129
synth_37716,129
synth_37774,129
synth_37857,129
synth_37722,129
synth_37916,129
synth_37739,129
synth_37756,129
synth_37975,129
synth_37979,129
synth_37718,129
synth_37842,129
synth_37742,129
synth_37796,129
synth_37697,129
synth_37970,129
synth_37986,129
synth_37711,129
synth_37906,129
synth_37719,129
synth_37811,129
synth_37902,129
synth_37806,129
synth_37853,129
synth_38019,129
synth_37708,129
synth_38003,129
synth_37677,129
synth_37860,129
synth_37720,129
synth_37773,129
synth_37814,129
synth_37945,129
synth_38021,129
synth_37738,129
synth_37794,129
synth_37957,129
synth_37780,129
synth_38014,129
synth_37907,129
synth_37922,129
synth_38000,129
synth_37749,129
synth_37826,129
synth_37838,129
synth_37723,129
synth_37815,129
synth_37873,129
synth_37892,129
synth_37683,129
synth_37863,129
synth_37889,129
synth_37690,129
synth_37755,129
synth_37804,129
synth_38006,129
synth_37953,129
synth_37956,129
synth_37880,129
synth_37931,129
synth_37939,129
synth_37974,129
synth_37845,129
synth_37891,129
synth_38039,129
synth_37740,129
synth_37983,129
synth_37955,129
synth_37696,129
synth_37847,129
synth_37951,129
synth_38012,129
synth_37831,129
synth_37852,129
synth_37868,129
synth_37835,129
synth_37976,129
synth_38024,129
synth_37929,129
synth_37967,129
synth_38042,129
synth_37871,129
synth_37887,129
synth_37898,129
synth_37903,129
synth_37943,129
synth_37824,129
synth_37813,129
synth_37855,129
synth_37870,129
synth_37680,129
synth_37839,129
synth_37894,129
synth_37973,129
synth_37693,129
synth_37770,129
synth_37961,129
synth_37821,129
synth_37937,129
synth_37810,129
synth_37819,129
synth_37688,129
synth_38016,129
synth_37679,129
synth_37861,129
synth_37867,129
synth_38013,129
synth_38020,129
synth_37684,129
synth_37893,129
synth_37736,129
synth_37762,129
synth_37799,129
synth_37834,129
synth_37714,129
synth_37848,129
synth_37678,129
synth_38011,129
synth_37971,129
synth_37984,129
synth_37745,129
synth_37707,129
synth_37923,129
synth_37803,129
synth_37837,129
synth_37731,129
synth_37685,129
synth_37769,129
synth_37798,129
synth_37759,129
synth_37784,129
synth_37911,129
synth_37925,129
synth_37767,129
synth_37766,129
synth_37704,129
synth_37698,129
synth_37876,129
synth_37900,129
synth_37924,129
synth_37737,129
synth_37758,129
synth_38029,129
synth_37778,129
synth_37817,129
synth_37786,129
synth_37878,129
synth_37885,129
synth_37935,129
synth_37962,129
synth_37812,129
synth_38004,129
synth_38023,129
synth_37713,129
synth_37703,129
synth_37920,129
synth_37921,129
synth_37990,129
synth_37947,129
synth_37734,129
synth_37888,129
synth_38009,129
synth_37862,129
synth_37825,129
synth_37705,129
synth_37726,129
synth_37896,129
synth_37941,129
synth_38033,129
synth_37875,129
synth_37717,129
synth_37741,129
synth_37791,129
synth_37999,129
synth_37789,129
synth_37897,129
synth_37997,129
synth_37676,129
synth_37818,129
synth_38030,129
synth_37712,129
synth_37912,129
synth_37692,129
synth_37700,129
synth_37800,129
synth_37864,129
synth_37938,129
synth_37965,129
synth_37994,129
synth_37807,129
synth_37841,129
synth_37910,129
synth_37750,129
synth_37760,129
synth_37850,129
synth_37710,129
synth_37795,129
synth_37936,129
synth_37952,129
synth_37823,129
synth_37709,129
synth_37944,129
synth_38032,129
synth_38002,129
synth_38026,129
synth_37954,129
synth_37765,129
synth_37744,129
synth_37972,129
synth_37830,129
synth_37886,129
synth_37917,129
synth_37942,129
synth_37991,129
synth_37909,129
synth_37905,129
synth_37918,129
synth_37747,129
synth_37930,129
synth_37968,129
synth_37788,129
synth_37851,129
synth_37884,129
synth_37701,129
synth_38005,129
synth_38007,129
synth_37732,129
synth_37787,129
synth_37781,129
synth_37996,129
synth_37748,129
synth_37940,129
synth_37808,129
synth_37776,129
synth_37816,129
synth_37844,129
synth_38036,129
synth_37934,129
synth_37948,129
synth_37966,129
synth_37927,129
synth_37846,129
synth_37874,129
synth_37946,129
synth_38022,129
synth_37977,129
synth_37746,129
synth_37879,129
synth_37933,129
synth_37978,129
synth_37730,129
synth_37992,129
synth_38038,129
synth_37919,129
synth_37682,129
synth_37763,129
synth_37958,129
synth_37768,129
synth_37783,129
synth_37724,129
synth_37981,129
synth_37949,129
synth_37792,129
synth_37802,129
synth_37901,129
synth_37681,129
synth_37988,129
synth_37993,129
synth_38027,129
synth_38040,129
synth_37715,129
synth_37725,129
synth_37926,129
synth_37695,129
synth_38010,129
synth_38034,129
synth_37959,129
synth_37963,129
synth_38031,129
synth_37706,129
synth_37859,129
synth_37890,129
synth_37809,129
synth_37915,129
synth_37753,129
synth_37729,129
synth_37833,129
synth_37914,129
synth_37785,129
synth_37928,129
synth_37733,129
synth_37686,129
synth_37777,129
synth_37801,129
synth_37721,129
synth_37728,129
synth_37866,129
synth_37985,129
synth_38041,129
synth_37881,129
synth_37828,129
synth_37771,129
synth_37899,129
synth_37932,129
synth_37727,129
synth_37694,129
synth_37790,129
synth_38018,129
synth_37856,129
synth_37757,129
synth_37751,129
synth_37865,129
synth_37820,129
synth_37687,129
synth_37998,129
synth_38035,129
synth_37829,129
synth_37904,129
synth_37854,129
synth_37883,129
synth_38008,129
synth_37754,129
synth_37797,129
synth_37980,129
synth_37699,129
synth_37775,129
synth_37989,129
synth_38147,128
synth_38106,128
synth_38251,128
synth_38281,128
synth_38412,128
synth_38415,128
synth_38111,128
synth_38316,128
synth_38124,128
synth_38127,128
synth_38411,128
synth_38335,128
synth_38139,128
synth_38391,128
synth_38196,128
synth_38056,128
synth_38079,128
synth_38346,128
synth_38295,128
synth_38360,128
synth_38118,128
synth_38190,128
synth_38389,128
synth_38108,128
synth_38350,128
synth_38044,128
synth_38132,128
synth_38176,128
synth_38364,128
synth_38308,128
synth_38185,128
synth_38171,128
synth_38266,128
synth_38388,128
synth_38061,128
synth_38095,128
synth_38089,128
synth_38386,128
synth_38135,128
synth_38087,128
synth_38280,128
synth_38357,128
synth_38081,128
synth_38105,128
synth_38296,128
synth_38153,128
synth_38264,128
synth_38374,128
synth_38165,128
synth_38101,128
synth_38220,128
synth_38189,128
synth_38348,128
synth_38187,128
synth_38194,128
synth_38349,128
synth_38312,128
synth_38248,128
synth_38402,128
synth_38172,128
synth_38358,128
synth_38126,128
synth_38229,128
synth_38342,128
synth_38325,128
synth_38107,128
synth_38200,128
synth_38071,128
synth_38260,128
synth_38099,128
synth_38243,128
synth_38080,128
synth_38270,128
synth_38069,128
synth_38232,128
synth_38409,128
synth_38129,128
synth_38168,128
synth_38151,128
synth_38291,128
synth_38390,128
synth_38345,128
synth_38193,128
synth_38236,128
synth_38327,128
synth_38267,128
synth_38299,128
synth_38183,128
synth_38366,128
synth_38404,128
synth_38104,128
synth_38354,128
synth_38063,128
synth_38162,128
synth_38045,128
synth_38224,128
synth_38161,128
synth_38202,128
synth_38203,128
synth_38059,128
synth_38234,128
synth_38249,128
synth_38191,128
synth_38230,128
synth_38083,128
synth_38136,128
synth_38159,128
synth_38072,128
synth_38114,128
synth_38405,128
synth_38085,128
synth_38244,128
synth_38278,128
synth_38293,128
synth_38145,128
synth_38324,128
synth_38157,128
synth_38279,128
synth_38253,128
synth_38283,128
synth_38376,128
synth_38096,128
synth_38164,128
synth_38088,128
synth_38237,128
synth_38300,128
synth_38209,128
synth_38385,128
synth_38285,128
synth_38049,128
synth_38177,128
synth_38298,128
synth_38353,128
synth_38368,128
synth_38174,128
synth_38180,128
synth_38212,128
synth_38254,128
synth_38247,128
synth_38250,128
synth_38091,128
synth_38131,128
synth_38384,128
synth_38116,128
synth_38148,128
synth_38222,128
synth_38152,128
synth_38302,128
synth_38098,128
synth_38380,128
synth_38306,128
synth_38303,128
synth_38338,128
synth_38058,128
synth_38377,128
synth_38392,128
synth_38407,128
synth_38255,128
synth_38078,128
synth_38233,128
synth_38340,128
synth_38138,128
synth_38297,128
synth_38341,128
synth_38326,128
synth_38070,128
synth_38413,128
synth_38213,128
synth_38128,128
synth_38086,128
synth_38337,128
synth_38258,128
synth_38055,128
synth_38065,128
synth_38092,128
synth_38221,128
synth_38263,128
synth_38097,128
synth_38239,128
synth_38375,128
synth_38122,128
synth_38287,128
synth_38317,128
synth_38110,128
synth_38363,128
synth_38075,128
synth_38292,128
synth_38401,128
synth_38178,128
synth_38115,128
synth_38216,128
synth_38319,128
synth_38047,128
synth_38100,128
synth_38274,128
synth_38331,128
synth_38383,128
synth_38093,128
synth_38160,128
synth_38339,128
synth_38142,128
synth_38273,128
synth_38373,128
synth_38146,128
synth_38149,128
synth_38332,128
synth_38328,128
synth_38094,128
synth_38379,128
synth_38276,128
synth_38140,128
synth_38382,128
synth_38314,128
synth_38144,128
synth_38052,128
synth_38113,128
synth_38170,128
synth_38381,128
synth_38090,128
synth_38294,128
synth_38372,128
synth_38256,128
synth_38227,128
synth_38219,128
synth_38166,128
synth_38275,128
synth_38228,128
synth_38112,128
synth_38150,128
synth_38125,128
synth_38211,128
synth_38365,128
synth_38397,128
synth_38367,128
synth_38396,128
synth_38158,128
synth_38184,128
synth_38198,128
synth_38315,128
synth_38215,128
synth_38330,128
synth_38269,128
synth_38334,128
synth_38073,128
synth_38119,128
synth_38371,128
synth_38208,128
synth_38246,128
synth_38048,128
synth_38288,128
synth_38355,128
synth_38359,128
synth_38241,128
synth_38406,128
synth_38109,128
synth_38282,128
synth_38336,128
synth_38064,128
synth_38277,128
synth_38181,128
synth_38265,128
synth_38301,128
synth_38261,128
synth_38272,128
synth_38309,128
synth_38182,128
synth_38210,128
synth_38225,128
synth_38313,128
synth_38179,128
synth_38060,128
synth_38130,128
synth_38143,128
synth_38217,128
synth_38242,128
synth_38231,128
synth_38305,128
synth_38067,128
synth_38102,128
synth_38262,128
synth_38050,128
synth_38068,128
synth_38133,128
synth_38207,128
synth_38197,128
synth_38323,128
synth_38403,128
synth_38333,128
synth_38076,128
synth_38352,128
synth_38399,128
synth_38408,128
synth_38137,128
synth_38154,128
synth_38175,128
synth_38192,128
synth_38356,128
synth_38361,128
synth_38304,128
synth_38362,128
synth_38369,128
synth_38394,128
synth_38077,128
synth_38163,128
synth_38245,128
synth_38286,128
synth_38235,128
synth_38054,128
synth_38268,128
synth_38057,128
synth_38343,128
synth_38043,128
synth_38214,128
synth_38378,128
synth_38400,128
synth_38167,128
synth_38103,128
synth_38351,128
synth_38329,128
synth_38218,128
synth_38066,128
synth_38205,128
synth_38155,128
synth_38199,128
synth_38082,128
synth_38117,128
synth_38188,128
synth_38393,128
synth_38186,128
synth_38398,128
synth_38311,128
synth_38169,128
synth_38195,128
synth_38240,128
synth_38226,128
synth_38238,128
synth_38344,128
synth_38289,128
synth_38310,128
synth_38259,128
synth_38141,128
synth_38206,128
synth_38320,128
synth_38074,128
synth_38322,128
synth_38395,128
synth_38284,128
synth_38410,128
synth_38201,128
synth_38046,128
synth_38370,128
synth_38156,128
synth_38347,128
synth_38123,128
synth_38134,128
synth_38204,128
synth_38307,128
synth_38271,128
synth_38223,128
synth_38387,128
synth_38173,128
synth_38053,128
synth_38084,128
synth_38290,128
synth_38414,128
synth_38062,128
synth_38121,128
synth_38318,128
synth_38321,128
synth_38051,128
synth_38252,128
synth_38120,128
synth_38257,128
synth_38538,127
synth_38772,127
synth_38684,127
synth_38658,127
synth_38417,127
synth_38795,127
synth_38477,127
synth_38789,127
synth_38671,127
synth_38756,127
synth_38660,127
synth_38463,127
synth_38741,127
synth_38715,127
synth_38788,127
synth_38442,127
synth_38495,127
synth_38580,127
synth_38610,127
synth_38456,127
synth_38774,127
synth_38776,127
synth_38736,127
synth_38548,127
synth_38614,127
synth_38683,127
synth_38437,127
synth_38488,127
synth_38573,127
synth_38792,127
synth_38794,127
synth_38512,127
synth_38624,127
synth_38668,127
synth_38713,127
synth_38642,127
synth_38567,127
synth_38664,127
synth_38505,127
synth_38716,127
synth_38761,127
synth_38690,127
synth_38785,127
synth_38449,127
synth_38509,127
synth_38773,127
synth_38446,127
synth_38576,127
synth_38592,127
synth_38661,127
synth_38439,127
synth_38731,127
synth_38745,127
synth_38440,127
synth_38443,127
synth_38621,127
synth_38673,127
synth_38575,127
synth_38669,127
synth_38537,127
synth_38616,127
synth_38633,127
synth_38536,127
synth_38649,127
synth_38726,127
synth_38482,127
synth_38450,127
synth_38553,127
synth_38670,127
synth_38778,127
synth_38657,127
synth_38421,127
synth_38543,127
synth_38534,127
synth_38651,127
synth_38714,127
synth_38725,127
synth_38444,127
synth_38559,127
synth_38587,127
synth_38607,127
synth_38522,127
synth_38709,127
synth_38748,127
synth_38606,127
synth_38678,127
synth_38701,127
synth_38474,127
synth_38540,127
synth_38682,127
synth_38732,127
synth_38735,127
synth_38429,127
synth_38451,127
synth_38628,127
synth_38698,127
synth_38765,127
synth_38775,127
synth_38420,127
synth_38528,127
synth_38531,127
synth_38533,127
synth_38551,127
synth_38556,127
synth_38552,127
synth_38602,127
synth_38452,127
synth_38458,127
synth_38506,127
synth_38518,127
synth_38615,127
synth_38640,127
synth_38710,127
synth_38720,127
synth_38656,127
synth_38542,127
synth_38612,127
synth_38618,127
synth_38419,127
synth_38464,127
synth_38423,127
synth_38426,127
synth_38747,127
synth_38466,127
synth_38793,127
synth_38499,127
synth_38583,127
synth_38784,127
synth_38427,127
synth_38465,127
synth_38749,127
synth_38555,127
synth_38734,127
synth_38511,127
synth_38544,127
synth_38623,127
synth_38707,127
synth_38492,127
synth_38535,127
synth_38634,127
synth_38702,127
synth_38753,127
synth_38468,127
synth_38485,127
synth_38486,127
synth_38589,127
synth_38627,127
synth_38744,127
synth_38752,127
synth_38696,127
synth_38431,127
synth_38467,127
synth_38595,127
synth_38686,127
synth_38712,127
synth_38441,127
synth_38582,127
synth_38770,127
synth_38521,127
synth_38600,127
synth_38608,127
synth_38613,127
synth_38455,127
synth_38529,127
synth_38588,127
synth_38758,127
synth_38541,127
synth_38737,127
synth_38647,127
synth_38503,127
synth_38593,127
synth_38688,127
synth_38733,127
synth_38750,127
synth_38424,127
synth_38685,127
synth_38643,127
synth_38554,127
synth_38498,127
synth_38561,127
synth_38461,127
synth_38545,127
synth_38687,127
synth_38462,127
synth_38724,127
synth_38697,127
synth_38549,127
synth_38790,127
synth_38693,127
synth_38641,127
synth_38655,127
synth_38760,127
synth_38523,127
synth_38524,127
synth_38516,127
synth_38764,127
synth_38635,127
synth_38695,127
synth_38703,127
synth_38786,127
synth_38644,127
synth_38719,127
synth_38743,127
synth_38783,127
synth_38617,127
synth_38631,127
synth_38568,127
synth_38708,127
synth_38636,127
synth_38625,127
synth_38740,127
synth_38473,127
synth_38418,127
synth_38722,127
synth_38476,127
synth_38487,127
synth_38546,127
synth_38435,127
synth_38591,127
synth_38652,127
synth_38691,127
synth_38721,127
synth_38754,127
synth_38757,127
synth_38558,127
synth_38564,127
synth_38676,127
synth_38494,127
synth_38526,127
synth_38547,127
synth_38566,127
synth_38574,127
synth_38739,127
synth_38705,127
synth_38514,127
synth_38781,127
synth_38428,127
synth_38578,127
synth_38620,127
synth_38493,127
synth_38694,127
synth_38530,127
synth_38759,127
synth_38706,127
synth_38481,127
synth_38520,127
synth_38550,127
synth_38763,127
synth_38590,127
synth_38677,127
synth_38457,127
synth_38425,127
synth_38519,127
synth_38662,127
synth_38674,127
synth_38718,127
synth_38525,127
synth_38594,127
synth_38730,127
synth_38672,127
synth_38453,127
synth_38609,127
synth_38769,127
synth_38475,127
synth_38727,127
synth_38751,127
synth_38666,127
synth_38717,127
synth_38562,127
synth_38527,127
synth_38605,127
synth_38729,127
synth_38663,127
synth_38650,127
synth_38454,127
synth_38517,127
synth_38699,127
synth_38436,127
synth_38570,127
synth_38603,127
synth_38637,127
synth_38502,127
synth_38507,127
synth_38584,127
synth_38648,127
synth_38472,127
synth_38483,127
synth_38515,127
synth_38742,127
synth_38560,127
synth_38565,127
synth_38586,127
synth_38585,127
synth_38692,127
synth_38479,127
synth_38432,127
synth_38491,127
synth_38626,127
synth_38416,127
synth_38777,127
synth_38478,127
synth_38768,127
synth_38704,127
synth_38659,127
synth_38438,127
synth_38746,127
synth_38500,127
synth_38539,127
synth_38700,127
synth_38738,127
synth_38604,127
synth_38484,127
synth_38791,127
synth_38422,127
synth_38470,127
synth_38557,127
synth_38622,127
synth_38782,127
synth_38433,127
synth_38445,127
synth_38448,127
synth_38611,127
synth_38460,127
synth_38447,127
synth_38508,127
synth_38762,127
synth_38579,127
synth_38675,127
synth_38532,127
synth_38596,127
synth_38629,127
synth_38653,127
synth_38689,127
synth_38728,127
synth_38723,127
synth_38490,127
synth_38581,127
synth_38599,127
synth_38480,127
synth_38571,127
synth_38513,127
synth_38601,127
synth_38766,127
synth_38496,127
synth_38630,127
synth_38667,127
synth_38434,127
synth_38572,127
synth_38646,127
synth_38767,127
synth_38771,127
synth_38430,127
synth_38471,127
synth_38638,127
synth_38489,127
synth_38639,127
synth_38469,127
synth_38577,127
synth_38665,127
synth_38681,127
synth_38597,127
synth_38711,127
synth_38510,127
synth_38563,127
synth_38504,127
synth_38497,127
synth_38755,127
synth_38787,127
synth_38632,127
synth_38780,127
synth_38654,127
synth_38679,127
synth_38501,127
synth_38680,127
synth_38459,127
synth_38569,127
synth_38598,127
synth_38645,127
synth_38619,127
synth_38779,127
synth_38978,126
synth_38935,126
synth_38964,126
synth_39001,126
synth_39133,126
synth_38946,126
synth_39111,126
synth_39170,126
synth_38869,126
synth_38820,126
synth_38953,126
synth_39019,126
synth_39145,126
synth_39054,126
synth_39064,126
synth_38806,126
synth_38845,126
synth_38863,126
synth_39104,126
synth_38807,126
synth_38962,126
synth_38944,126
synth_39119,126
synth_38858,126
synth_38938,126
synth_38891,126
synth_39108,126
synth_38949,126
synth_39029,126
synth_38958,126
synth_38881,126
synth_39073,126
synth_39129,126
synth_38838,126
synth_38893,126
synth_39087,126
synth_39116,126
synth_39179,126
synth_38859,126
synth_38877,126
synth_38822,126
synth_39089,126
synth_38952,126
synth_39158,126
synth_38853,126
synth_39053,126
synth_38979,126
synth_39051,126
synth_38861,126
synth_39042,126
synth_39101,126
synth_38802,126
synth_38876,126
synth_39091,126
synth_39142,126
synth_38987,126
synth_39008,126
synth_39132,126
synth_38865,126
synth_39057,126
synth_39148,126
synth_39175,126
synth_38950,126
synth_39099,126
synth_39151,126
synth_39182,126
synth_38872,126
synth_38879,126
synth_38864,126
synth_39115,126
synth_39144,126
synth_38803,126
synth_39131,126
synth_39153,126
synth_38988,126
synth_38995,126
synth_38873,126
synth_39012,126
synth_39162,126
synth_38916,126
synth_38849,126
synth_38983,126
synth_39163,126
synth_39025,126
synth_39068,126
synth_38907,126
synth_38999,126
synth_38825,126
synth_38940,126
synth_38834,126
synth_38981,126
synth_39004,126
synth_38905,126
synth_38841,126
synth_39098,126
synth_39105,126
synth_38824,126
synth_39007,126
synth_38848,126
synth_38823,126
synth_38860,126
synth_38924,126
synth_39096,126
synth_39157,126
synth_39040,126
synth_38815,126
synth_38890,126
synth_39177,126
synth_39114,126
synth_38923,126
synth_39159,126
synth_38921,126
synth_39161,126
synth_38796,126
synth_39033,126
synth_39178,126
synth_38948,126
synth_38829,126
synth_38985,126
synth_39031,126
synth_38931,126
synth_38996,126
synth_39061,126
synth_38959,126
synth_38875,126
synth_38818,126
synth_38960,126
synth_39013,126
synth_39123,126
synth_38840,126
synth_39066,126
synth_39106,126
synth_38867,126
synth_39113,126
synth_39181,126
synth_38909,126
synth_38925,126
synth_39071,126
synth_38883,126
synth_39107,126
synth_39135,126
synth_39021,126
synth_39045,126
synth_39076,126
synth_39117,126
synth_39165,126
synth_38889,126
synth_39010,126
synth_38837,126
synth_38951,126
synth_39164,126
synth_38900,126
synth_39084,126
synth_38918,126
synth_39017,126
synth_39067,126
synth_39138,126
synth_38835,126
synth_38917,126
synth_39110,126
synth_38816,126
synth_38937,126
synth_38797,126
synth_38991,126
synth_39011,126
synth_39169,126
synth_39147,126
synth_38839,126
synth_39038,126
synth_39086,126
synth_39141,126
synth_38862,126
synth_38897,126
synth_39140,126
synth_38989,126
synth_39035,126
synth_39090,126
synth_39171,126
synth_38809,126
synth_38920,126
synth_38874,126
synth_38892,126
synth_39018,126
synth_39126,126
synth_39149,126
synth_38878,126
synth_38871,126
synth_38819,126
synth_38912,126
synth_39150,126
synth_39014,126
synth_38896,126
synth_39059,126
synth_39070,126
synth_39180,126
synth_38922,126
synth_39139,126
synth_39027,126
synth_38814,126
synth_39137,126
synth_39039,126
synth_39052,126
synth_39075,126
synth_39023,126
synth_38927,126
synth_38894,126
synth_39168,126
synth_38886,126
synth_39044,126
synth_38870,126
synth_38826,126
synth_38831,126
synth_38884,126
synth_38973,126
synth_39124,126
synth_38810,126
synth_39176,126
synth_38828,126
synth_38930,126
synth_38947,126
synth_38856,126
synth_38901,126
synth_39088,126
synth_39109,126
synth_38833,126
synth_38902,126
synth_38975,126
synth_39024,126
synth_39063,126
synth_38913,126
synth_38976,126
synth_39036,126
synth_39048,126
synth_39160,126
synth_38812,126
synth_39134,126
synth_39173,126
synth_39009,126
synth_39156,126
synth_39000,126
synth_38963,126
synth_38966,126
synth_39083,126
synth_38846,126
synth_38885,126
synth_39032,126
synth_39130,126
synth_39034,126
synth_38827,126
synth_39003,126
synth_38908,126
synth_38866,126
synth_39092,126
synth_39082,126
synth_39002,126
synth_39041,126
synth_39055,126
synth_38868,126
synth_38974,126
synth_38968,126
synth_39081,126
synth_39122,126
synth_38808,126
synth_39050,126
synth_39154,126
synth_39118,126
synth_39155,126
synth_39174,126
synth_39058,126
synth_38852,126
synth_38903,126
synth_38954,126
synth_38842,126
synth_39072,126
synth_39074,126
synth_38926,126
synth_38850,126
synth_39085,126
synth_38982,126
synth_39095,126
synth_38906,126
synth_38992,126
synth_39062,126
synth_39080,126
synth_39152,126
synth_39166,126
synth_39049,126
synth_38857,126
synth_38847,126
synth_38957,126
synth_39077,126
synth_39167,126
synth_38961,126
synth_38932,126
synth_38895,126
synth_39005,126
synth_38956,126
synth_38887,126
synth_38933,126
synth_38994,126
synth_39006,126
synth_38821,126
synth_38990,126
synth_39037,126
synth_39102,126
synth_39030,126
synth_39127,126
synth_39136,126
synth_38936,126
synth_38969,126
synth_38811,126
synth_38880,126
synth_38993,126
synth_38851,126
synth_38910,126
synth_38915,126
synth_38970,126
synth_38898,126
synth_39047,126
synth_39026,126
synth_39078,126
synth_39093,126
synth_39103,126
synth_39112,126
synth_38941,126
synth_39028,126
synth_39100,126
synth_38836,126
synth_38899,126
synth_38801,126
synth_38919,126
synth_38799,126
synth_38914,126
synth_39015,126
synth_38977,126
synth_38929,126
synth_39016,126
synth_39120,126
synth_39065,126
synth_38945,126
synth_38939,126
synth_38832,126
synth_38980,126
synth_39097,126
synth_39060,126
synth_38854,126
synth_38984,126
synth_38798,126
synth_39046,126
synth_38943,126
synth_38934,126
synth_38955,126
synth_38882,126
synth_38805,126
synth_38855,126
synth_39079,126
synth_39094,126
synth_38904,126
synth_38967,126
synth_38971,126
synth_39143,126
synth_38928,126
synth_38997,126
synth_38911,126
synth_39125,126
synth_38800,126
synth_38986,126
synth_39022,126
synth_39146,126
synth_38965,126
synth_38942,126
synth_39121,126
synth_39172,126
synth_38813,126
synth_38844,126
synth_39043,126
synth_39128,126
synth_38843,126
synth_38972,126
synth_39020,126
synth_38804,126
synth_38817,126
synth_38998,126
synth_38830,126
synth_39069,126
synth_39056,126
synth_38888,126
synth_39222,125
synth_39334,125
synth_39205,125
synth_39202,125
synth_39274,125
synth_39527,125
synth_39191,125
synth_39217,125
synth_39256,125
synth_39329,125
synth_39446,125
synth_39450,125
synth_39339,125
synth_39327,125
synth_39188,125
synth_39361,125
synth_39554,125
synth_39206,125
synth_39292,125
synth_39306,125
synth_39444,125
synth_39489,125
synth_39212,125
synth_39393,125
synth_39521,125
synth_39257,125
synth_39364,125
synth_39557,125
synth_39350,125
synth_39517,125
synth_39289,125
synth_39492,125
synth_39301,125
synth_39533,125
synth_39545,125
synth_39382,125
synth_39335,125
synth_39570,125
synth_39219,125
synth_39315,125
synth_39394,125
synth_39520,125
synth_39299,125
synth_39488,125
synth_39540,125
synth_39573,125
synth_39221,125
synth_39532,125
synth_39464,125
synth_39263,125
synth_39213,125
synth_39369,125
synth_39546,125
synth_39319,125
synth_39345,125
synth_39412,125
synth_39541,125
synth_39243,125
synth_39308,125
synth_39497,125
synth_39208,125
synth_39423,125
synth_39434,125
synth_39344,125
synth_39199,125
synth_39238,125
synth_39330,125
synth_39555,125
synth_39359,125
synth_39491,125
synth_39525,125
synth_39410,125
synth_39479,125
synth_39265,125
synth_39195,125
synth_39425,125
synth_39294,125
synth_39196,125
synth_39310,125
synth_39237,125
synth_39325,125
synth_39235,125
synth_39184,125
synth_39304,125
synth_39529,125
synth_39197,125
synth_39260,125
synth_39280,125
synth_39431,125
synth_39440,125
synth_39247,125
synth_39512,125
synth_39233,125
synth_39251,125
synth_39402,125
synth_39209,125
synth_39300,125
synth_39565,125
synth_39574,125
synth_39338,125
synth_39229,125
synth_39314,125
synth_39363,125
synth_39454,125
synth_39240,125
synth_39550,125
synth_39203,125
synth_39284,125
synth_39309,125
synth_39354,125
synth_39258,125
synth_39456,125
synth_39340,125
synth_39379,125
synth_39500,125
synth_39563,125
synth_39373,125
synth_39494,125
synth_39259,125
synth_39378,125
synth_39501,125
synth_39391,125
synth_39561,125
synth_39432,125
synth_39465,125
synth_39322,125
synth_39389,125
synth_39435,125
synth_39566,125
synth_39528,125
synth_39264,125
synth_39201,125
synth_39448,125
synth_39302,125
synth_39332,125
synth_39223,125
synth_39351,125
synth_39381,125
synth_39530,125
synth_39399,125
synth_39271,125
synth_39404,125
synth_39436,125
synth_39513,125
synth_39536,125
synth_39239,125
synth_39349,125
synth_39414,125
synth_39544,125
synth_39403,125
synth_39347,125
synth_39433,125
synth_39478,125
synth_39569,125
synth_39418,125
synth_39468,125
synth_39254,125
synth_39341,125
synth_39320,125
synth_39384,125
synth_39415,125
synth_39548,125
synth_39241,125
synth_39275,125
synth_39453,125
synth_39498,125
synth_39291,125
synth_39305,125
synth_39535,125
synth_39318,125
synth_39215,125
synth_39323,125
synth_39408,125
synth_39499,125
synth_39337,125
synth_39244,125
synth_39385,125
synth_39218,125
synth_39234,125
synth_39313,125
synth_39451,125
synth_39269,125
synth_39348,125
synth_39507,125
synth_39293,125
synth_39282,125
synth_39417,125
synth_39477,125
synth_39539,125
synth_39559,125
synth_39189,125
synth_39261,125
synth_39443,125
synth_39316,125
synth_39355,125
synth_39411,125
synth_39459,125
synth_39462,125
synth_39571,125
synth_39288,125
synth_39336,125
synth_39560,125
synth_39368,125
synth_39190,125
synth_39413,125
synth_39296,125
synth_39445,125
synth_39511,125
synth_39365,125
synth_39442,125
synth_39485,125
synth_39486,125
synth_39490,125
synth_39375,125
synth_39522,125
synth_39204,125
synth_39231,125
synth_39438,125
synth_39449,125
synth_39460,125
synth_39194,125
synth_39452,125
synth_39509,125
synth_39290,125
synth_39388,125
synth_39421,125
synth_39255,125
synth_39405,125
synth_39515,125
synth_39575,125
synth_39439,125
synth_39441,125
synth_39572,125
synth_39220,125
synth_39253,125
synth_39437,125
synth_39232,125
synth_39287,125
synth_39307,125
synth_39474,125
synth_39506,125
synth_39286,125
synth_39518,125
synth_39519,125
synth_39526,125
synth_39428,125
synth_39357,125
synth_39262,125
synth_39457,125
synth_39326,125
synth_39429,125
synth_39469,125
synth_39473,125
synth_39396,125
synth_39447,125
synth_39281,125
synth_39298,125
synth_39367,125
synth_39370,125
synth_39407,125
synth_39475,125
synth_39266,125
synth_39224,125
synth_39386,125
synth_39576,125
synth_39207,125
synth_39504,125
synth_39567,125
synth_39246,125
synth_39342,125
synth_39200,125
synth_39252,125
synth_39353,125
synth_39277,125
synth_39362,125
synth_39380,125
synth_39424,125
synth_39273,125
synth_39356,125
synth_39374,125
synth_39216,125
synth_39295,125
synth_39419,125
synth_39226,125
synth_39321,125
synth_39467,125
synth_39383,125
synth_39496,125
synth_39538,125
synth_39328,125
synth_39376,125
synth_39552,125
synth_39236,125
synth_39285,125
synth_39483,125
synth_39562,125
synth_39514,125
synth_39568,125
synth_39198,125
synth_39400,125
synth_39225,125
synth_39549,125
synth_39185,125
synth_39387,125
synth_39210,125
synth_39397,125
synth_39283,125
synth_39371,125
synth_39333,125
synth_39472,125
synth_39183,125
synth_39471,125
synth_39395,125
synth_39543,125
synth_39476,125
synth_39553,125
synth_39267,125
synth_39484,125
synth_39487,125
synth_39510,125
synth_39343,125
synth_39406,125
synth_39214,125
synth_39227,125
synth_39242,125
synth_39470,125
synth_39508,125
synth_39250,125
synth_39211,125
synth_39331,125
synth_39346,125
synth_39312,125
synth_39398,125
synth_39420,125
synth_39279,125
synth_39537,125
synth_39401,125
synth_39531,125
synth_39409,125
synth_39502,125
synth_39503,125
synth_39311,125
synth_39430,125
synth_39551,125
synth_39317,125
synth_39480,125
synth_39524,125
synth_39542,125
synth_39481,125
synth_39193,125
synth_39230,125
synth_39360,125
synth_39493,125
synth_39278,125
synth_39458,125
synth_39358,125
synth_39297,125
synth_39482,125
synth_39534,125
synth_39372,125
synth_39416,125
synth_39270,125
synth_39245,125
synth_39352,125
synth_39377,125
synth_39392,125
synth_39427,125
synth_39228,125
synth_39276,125
synth_39366,125
synth_39422,125
synth_39558,125
synth_39186,125
synth_39390,125
synth_39523,125
synth_39461,125
synth_39463,125
synth_39268,125
synth_39249,125
synth_39248,125
synth_39303,125
synth_39426,125
synth_39466,125
synth_39516,125
synth_39547,125
synth_39564,125
synth_39187,125
synth_39192,125
synth_39272,125
synth_39495,125
synth_39556,125
synth_39505,125
synth_39324,125
synth_39455,125
synth_39955,124
synth_39706,124
synth_39754,124
synth_39787,124
synth_39647,124
synth_39674,124
synth_39946,124
synth_39818,124
synth_39928,124
synth_39972,124
synth_39621,124
synth_39796,124
synth_39887,124
synth_39779,124
synth_39822,124
synth_39671,124
synth_39718,124
synth_39839,124
synth_39937,124
synth_39714,124
synth_39874,124
synth_39605,124
synth_39635,124
synth_39814,124
synth_39870,124
synth_39895,124
synth_39930,124
synth_39954,124
synth_39637,124
synth_39970,124
synth_39665,124
synth_39841,124
synth_39586,124
synth_39804,124
synth_39650,124
synth_39738,124
synth_39717,124
synth_39593,124
synth_39707,124
synth_39728,124
synth_39941,124
synth_39801,124
synth_39885,124
synth_39687,124
synth_39792,124
synth_39794,124
synth_39883,124
synth_39959,124
synth_39922,124
synth_39702,124
synth_39821,124
synth_39831,124
synth_39840,124
synth_39762,124
synth_39774,124
synth_39906,124
synth_39973,124
synth_39711,124
synth_39797,124
synth_39799,124
synth_39723,124
synth_39806,124
synth_39793,124
synth_39606,124
synth_39949,124
synth_39953,124
synth_39960,124
synth_39646,124
synth_39854,124
synth_39938,124
synth_39756,124
synth_39603,124
synth_39614,124
synth_39592,124
synth_39808,124
synth_39653,124
synth_39843,124
synth_39882,124
synth_39950,124
synth_39786,124
synth_39812,124
synth_39912,124
synth_39729,124
synth_39862,124
synth_39934,124
synth_39663,124
synth_39623,124
synth_39764,124
synth_39853,124
synth_39684,124
synth_39890,124
synth_39893,124
synth_39670,124
synth_39742,124
synth_39845,124
synth_39624,124
synth_39700,124
synth_39745,124
synth_39613,124
synth_39776,124
synth_39807,124
synth_39795,124
synth_39956,124
synth_39712,124
synth_39713,124
synth_39604,124
synth_39835,124
synth_39628,124
synth_39589,124
synth_39694,124
synth_39915,124
synth_39765,124
synth_39749,124
synth_39855,124
synth_39863,124
synth_39865,124
synth_39943,124
synth_39777,124
synth_39864,124
synth_39945,124
synth_39976,124
synth_39739,124
synth_39909,124
synth_39629,124
synth_39689,124
synth_39803,124
synth_39963,124
synth_39913,124
synth_39625,124
synth_39828,124
synth_39641,124
synth_39679,124
synth_39830,124
synth_39975,124
synth_39747,124
synth_39846,124
synth_39908,124
synth_39727,124
synth_39741,124
synth_39897,124
synth_39688,124
synth_39743,124
synth_39691,124
synth_39658,124
synth_39716,124
synth_39892,124
synth_39809,124
synth_39825,124
synth_39837,124
synth_39638,124
synth_39642,124
synth_39790,124
synth_39596,124
synth_39724,124
synth_39750,124
synth_39751,124
synth_39668,124
synth_39690,124
synth_39692,124
synth_39748,124
synth_39925,124
synth_39669,124
synth_39686,124
synth_39918,124
synth_39730,124
synth_39858,124
synth_39609,124
synth_39931,124
synth_39610,124
synth_39932,124
synth_39581,124
synth_39631,124
synth_39683,124
synth_39967,124
synth_39644,124
synth_39591,124
synth_39935,124
synth_39788,124
synth_39838,124
synth_39775,124
synth_39836,124
synth_39752,124
synth_39780,124
synth_39810,124
synth_39656,124
synth_39708,124
synth_39740,124
synth_39662,124
synth_39884,124
synth_39602,124
synth_39929,124
synth_39753,124
synth_39579,124
synth_39676,124
synth_39630,124
synth_39901,124
synth_39627,124
synth_39598,124
synth_39722,124
synth_39948,124
synth_39695,124
synth_39888,124
synth_39891,124
synth_39936,124
synth_39736,124
synth_39878,124
synth_39719,124
synth_39834,124
synth_39778,124
synth_39633,124
synth_39634,124
synth_39849,124
synth_39832,124
synth_39927,124
synth_39648,124
synth_39582,124
synth_39903,124
synth_39737,124
synth_39636,124
synth_39632,124
synth_39798,124
synth_39827,124
synth_39704,124
synth_39951,124
synth_39731,124
synth_39580,124
synth_39820,124
synth_39933,124
synth_39866,124
synth_39917,124
synth_39643,124
synth_39697,124
synth_39851,124
synth_39732,124
synth_39783,124
synth_39699,124
synth_39595,124
synth_39902,124
synth_39789,124
synth_39823,124
synth_39900,124
synth_39619,124
synth_39678,124
synth_39844,124
synth_39968,124
synth_39856,124
synth_39881,124
synth_39829,124
synth_39861,124
synth_39608,124
synth_39824,124
synth_39923,124
synth_39733,124
synth_39850,124
synth_39939,124
synth_39904,124
synth_39940,124
synth_39583,124
synth_39590,124
synth_39859,124
synth_39693,124
synth_39744,124
synth_39942,124
synth_39802,124
synth_39607,124
synth_39965,124
synth_39771,124
synth_39772,124
synth_39826,124
synth_39811,124
synth_39966,124
synth_39705,124
synth_39773,124
synth_39616,124
synth_39800,124
synth_39746,124
synth_39905,124
synth_39916,124
synth_39666,124
synth_39696,124
synth_39974,124
synth_39876,124
synth_39869,124
synth_39868,124
synth_39958,124
synth_39710,124
synth_39842,124
synth_39782,124
synth_39759,124
synth_39971,124
synth_39715,124
synth_39654,124
synth_39767,124
synth_39652,124
synth_39682,124
synth_39926,124
synth_39817,124
synth_39651,124
synth_39660,124
synth_39889,124
synth_39952,124
synth_39659,124
synth_39734,124
synth_39766,124
synth_39784,124
synth_39919,124
synth_39701,124
synth_39726,124
synth_39768,124
synth_39815,124
synth_39626,124
synth_39657,124
synth_39860,124
synth_39957,124
synth_39588,124
synth_39664,124
synth_39805,124
synth_39907,124
synth_39681,124
synth_39781,124
synth_39877,124
synth_39680,124
synth_39879,124
synth_39645,124
synth_39725,124
synth_39852,124
synth_39873,124
synth_39813,124
synth_39833,124
synth_39677,124
synth_39760,124
synth_39944,124
synth_39577,124
synth_39857,124
synth_39672,124
synth_39673,124
synth_39594,124
synth_39769,124
synth_39899,124
synth_39761,124
synth_39770,124
synth_39910,124
synth_39640,124
synth_39703,124
synth_39872,124
synth_39720,124
synth_39584,124
synth_39611,124
synth_39785,124
synth_39667,124
synth_39597,124
synth_39615,124
synth_39921,124
synth_39962,124
synth_39964,124
synth_39655,124
synth_39685,124
synth_39920,124
synth_39612,124
synth_39639,124
synth_39880,124
synth_39947,124
synth_39847,124
synth_39735,124
synth_39758,124
synth_39911,124
synth_39914,124
synth_39871,124
synth_39599,124
synth_39585,124
synth_39698,124
synth_39675,124
synth_39617,124
synth_39709,124
synth_39961,124
synth_39755,124
synth_39791,124
synth_39618,124
synth_39649,124
synth_39819,124
synth_39898,124
synth_39763,124
synth_39578,124
synth_39600,124
synth_39816,124
synth_39601,124
synth_39969,124
synth_39977,124
synth_39867,124
synth_39924,124
synth_39721,124
synth_39620,124
synth_39875,124
synth_39757,124
synth_39587,124
synth_39848,124
synth_39896,124
synth_39622,124
synth_39661,124
synth_39886,124
synth_39894,124
synth_40315,123
synth_40329,123
synth_40001,123
synth_40281,123
synth_40310,123
synth_40321,123
synth_40334,123
synth_40378,123
synth_40165,123
synth_40168,123
synth_40322,123
synth_40348,123
synth_40163,123
synth_40064,123
synth_40079,123
synth_40187,123
synth_40210,123
synth_40225,123
synth_40244,123
synth_40245,123
synth_40314,123
synth_40142,123
synth_40331,123
synth_40227,123
synth_40010,123
synth_40134,123
synth_40259,123
synth_40044,123
synth_40242,123
synth_40003,123
synth_40135,123
synth_40223,123
synth_40061,123
synth_39988,123
synth_39989,123
synth_40160,123
synth_40087,123
synth_40182,123
synth_39983,123
synth_40251,123
synth_40267,123
synth_40263,123
synth_40283,123
synth_40335,123
synth_40350,123
synth_40358,123
synth_40272,123
synth_40353,123
synth_40376,123
synth_40018,123
synth_40193,123
synth_40299,123
synth_40054,123
synth_40085,123
synth_40137,123
synth_40248,123
synth_40368,123
synth_40369,123
synth_40090,123
synth_40303,123
synth_40025,123
synth_40105,123
synth_39996,123
synth_40291,123
synth_40344,123
synth_40176,123
synth_39992,123
synth_40078,123
synth_40318,123
synth_40026,123
synth_40133,123
synth_40089,123
synth_40158,123
synth_40145,123
synth_39980,123
synth_40201,123
synth_40215,123
synth_40295,123
synth_40343,123
synth_40068,123
synth_40305,123
synth_40285,123
synth_40326,123
synth_40098,123
synth_40330,123
synth_40112,123
synth_40362,123
synth_40382,123
synth_40384,123
synth_40280,123
synth_40338,123
synth_40198,123
synth_40349,123
synth_40207,123
synth_40250,123
synth_40185,123
synth_40235,123
synth_40156,123
synth_40340,123
synth_40063,123
synth_40119,123
synth_40046,123
synth_40067,123
synth_40197,123
synth_40122,123
synth_40040,123
synth_40075,123
synth_40164,123
synth_40114,123
synth_39993,123
synth_40224,123
synth_39997,123
synth_40149,123
synth_40361,123
synth_40023,123
synth_40096,123
synth_40120,123
synth_40247,123
synth_40106,123
synth_39978,123
synth_39994,123
synth_40208,123
synth_40255,123
synth_40239,123
synth_40029,123
synth_40180,123
synth_40153,123
synth_39984,123
synth_40166,123
synth_40312,123
synth_40320,123
synth_40192,123
synth_40132,123
synth_40342,123
synth_40262,123
synth_40048,123
synth_40057,123
synth_40217,123
synth_40009,123
synth_40049,123
synth_40367,123
synth_40109,123
synth_40363,123
synth_39991,123
synth_40253,123
synth_40002,123
synth_40038,123
synth_40216,123
synth_40241,123
synth_40179,123
synth_40188,123
synth_40364,123
synth_40258,123
synth_40058,123
synth_40234,123
synth_40252,123
synth_40095,123
synth_40211,123
synth_40209,123
synth_40332,123
synth_40385,123
synth_40206,123
synth_40237,123
synth_40256,123
synth_40337,123
synth_40374,123
synth_40050,123
synth_40131,123
synth_40074,123
synth_40357,123
synth_40230,123
synth_40130,123
synth_40076,123
synth_40015,123
synth_40354,123
synth_40170,123
synth_40214,123
synth_40304,123
synth_40339,123
synth_40069,123
synth_40162,123
synth_40004,123
synth_40172,123
synth_40274,123
synth_40221,123
synth_40190,123
synth_40174,123
synth_40151,123
synth_40333,123
synth_40027,123
synth_40097,123
synth_40268,123
synth_40093,123
synth_40116,123
synth_40155,123
synth_39995,123
synth_40232,123
synth_40293,123
synth_40024,123
synth_40175,123
synth_40323,123
synth_40359,123
synth_40196,123
synth_40276,123
synth_40301,123
synth_40030,123
synth_40017,123
synth_39979,123
synth_40240,123
synth_40031,123
synth_40351,123
synth_40094,123
synth_40167,123
synth_40177,123
synth_40071,123
synth_40231,123
synth_40271,123
synth_40125,123
synth_40243,123
synth_40013,123
synth_40036,123
synth_40060,123
synth_40043,123
synth_40226,123
synth_40345,123
synth_40084,123
synth_40124,123
synth_40194,123
synth_40115,123
synth_40045,123
synth_40275,123
synth_40019,123
synth_40088,123
synth_40101,123
synth_40110,123
synth_40144,123
synth_40309,123
synth_40375,123
synth_40066,123
synth_40080,123
synth_40148,123
synth_40246,123
synth_40039,123
synth_40365,123
synth_40006,123
synth_40129,123
synth_40181,123
synth_40108,123
synth_40128,123
synth_40286,123
synth_40261,123
synth_40270,123
synth_40324,123
synth_40139,123
synth_40307,123
synth_40035,123
synth_40055,123
synth_40169,123
synth_40233,123
synth_40184,123
synth_40218,123
synth_40254,123
synth_40065,123
synth_40062,123
synth_39987,123
synth_40317,123
synth_40034,123
synth_40127,123
synth_40099,123
synth_40371,123
synth_40051,123
synth_40117,123
synth_40159,123
synth_40189,123
synth_40100,123
synth_40021,123
synth_40073,123
synth_40383,123
synth_40008,123
synth_40102,123
synth_40205,123
synth_40327,123
synth_40341,123
synth_40041,123
synth_40302,123
synth_40346,123
synth_40011,123
synth_40296,123
synth_40311,123
synth_40072,123
synth_40298,123
synth_40220,123
synth_40381,123
synth_39985,123
synth_40355,123
synth_40292,123
synth_40183,123
synth_40308,123
synth_40104,123
synth_40126,123
synth_40264,123
synth_40289,123
synth_40347,123
synth_40273,123
synth_40290,123
synth_40372,123
synth_40022,123
synth_40086,123
synth_40279,123
synth_40288,123
synth_40212,123
synth_40352,123
synth_40012,123
synth_40313,123
synth_40319,123
synth_40042,123
synth_40028,123
synth_40150,123
synth_40070,123
synth_40173,123
synth_40257,123
synth_40282,123
synth_40103,123
synth_39982,123
synth_40157,123
synth_40032,123
synth_40146,123
synth_40370,123
synth_40033,123
synth_40249,123
synth_40007,123
synth_40118,123
synth_40266,123
synth_40284,123
synth_40147,123
synth_40236,123
synth_40121,123
synth_40366,123
synth_40091,123
synth_40016,123
synth_40005,123
synth_39981,123
synth_40037,123
synth_40178,123
synth_40111,123
synth_40238,123
synth_40316,123
synth_40123,123
synth_40141,123
synth_40199,123
synth_40202,123
synth_40152,123
synth_40278,123
synth_39986,123
synth_40077,123
synth_40213,123
synth_40260,123
synth_40328,123
synth_40020,123
synth_39998,123
synth_40082,123
synth_40356,123
synth_40083,123
synth_40154,123
synth_40059,123
synth_40222,123
synth_40014,123
synth_40056,123
synth_40203,123
synth_40377,123
synth_40379,123
synth_40092,123
synth_40297,123
synth_40229,123
synth_40000,123
synth_40140,123
synth_40161,123
synth_40380,123
synth_40052,123
synth_40113,123
synth_40287,123
synth_39990,123
synth_40300,123
synth_40219,123
synth_40306,123
synth_40195,123
synth_40294,123
synth_40325,123
synth_39999,123
synth_40200,123
synth_40228,123
synth_40171,123
synth_40138,123
synth_40265,123
synth_40336,123
synth_40053,123
synth_40269,123
synth_40136,123
synth_40277,123
synth_40191,123
synth_40047,123
synth_40186,123
synth_40081,123
synth_40143,123
synth_40204,123
synth_40360,123
synth_40373,123
synth_40107,123
synth_40620,122
synth_40682,122
synth_40532,122
synth_40671,122
synth_40435,122
synth_40446,122
synth_40500,122
synth_40506,122
synth_40540,122
synth_40544,122
synth_40470,122
synth_40748,122
synth_40395,122
synth_40469,122
synth_40523,122
synth_40760,122
synth_40436,122
synth_40617,122
synth_40654,122
synth_40407,122
synth_40461,122
synth_40549,122
synth_40788,122
synth_40525,122
synth_40582,122
synth_40497,122
synth_40600,122
synth_40427,122
synth_40495,122
synth_40503,122
synth_40616,122
synth_40763,122
synth_40558,122
synth_40775,122
synth_40483,122
synth_40721,122
synth_40637,122
synth_40644,122
synth_40601,122
synth_40679,122
synth_40694,122
synth_40714,122
synth_40418,122
synth_40458,122
synth_40724,122
synth_40393,122
synth_40652,122
synth_40562,122
synth_40533,122
synth_40536,122
synth_40596,122
synth_40618,122
synth_40646,122
synth_40787,122
synth_40710,122
synth_40751,122
synth_40758,122
synth_40706,122
synth_40504,122
synth_40474,122
synth_40387,122
synth_40586,122
synth_40590,122
synth_40704,122
synth_40713,122
synth_40524,122
synth_40411,122
synth_40482,122
synth_40659,122
synth_40745,122
synth_40548,122
synth_40711,122
synth_40595,122
synth_40691,122
synth_40624,122
synth_40686,122
synth_40403,122
synth_40507,122
synth_40768,122
synth_40782,122
synth_40703,122
synth_40397,122
synth_40394,122
synth_40396,122
synth_40449,122
synth_40635,122
synth_40740,122
synth_40386,122
synth_40468,122
synth_40765,122
synth_40693,122
synth_40598,122
synth_40608,122
synth_40761,122
synth_40520,122
synth_40738,122
synth_40499,122
synth_40501,122
synth_40655,122
synth_40636,122
synth_40750,122
synth_40784,122
synth_40428,122
synth_40626,122
synth_40707,122
synth_40793,122
synth_40509,122
synth_40656,122
synth_40669,122
synth_40466,122
synth_40545,122
synth_40772,122
synth_40792,122
synth_40720,122
synth_40754,122
synth_40687,122
synth_40664,122
synth_40742,122
synth_40389,122
synth_40423,122
synth_40464,122
synth_40473,122
synth_40567,122
synth_40676,122
synth_40801,122
synth_40420,122
synth_40667,122
synth_40402,122
synth_40465,122
synth_40445,122
synth_40442,122
synth_40467,122
synth_40731,122
synth_40640,122
synth_40692,122
synth_40588,122
synth_40607,122
synth_40634,122
synth_40795,122
synth_40660,122
synth_40798,122
synth_40684,122
synth_40437,122
synth_40417,122
synth_40757,122
synth_40444,122
synth_40702,122
synth_40447,122
synth_40767,122
synth_40583,122
synth_40739,122
synth_40425,122
synth_40625,122
synth_40717,122
synth_40726,122
synth_40770,122
synth_40486,122
synth_40493,122
synth_40785,122
synth_40565,122
synth_40603,122
synth_40666,122
synth_40737,122
synth_40675,122
synth_40743,122
synth_40475,122
synth_40609,122
synth_40776,122
synth_40496,122
synth_40611,122
synth_40733,122
synth_40766,122
synth_40510,122
synth_40542,122
synth_40543,122
synth_40643,122
synth_40519,122
synth_40559,122
synth_40613,122
synth_40406,122
synth_40480,122
synth_40508,122
synth_40426,122
synth_40429,122
synth_40560,122
synth_40632,122
synth_40440,122
synth_40749,122
synth_40443,122
synth_40463,122
synth_40432,122
synth_40460,122
synth_40592,122
synth_40597,122
synth_40658,122
synth_40673,122
synth_40623,122
synth_40570,122
synth_40629,122
synth_40696,122
synth_40492,122
synth_40779,122
synth_40441,122
synth_40511,122
synth_40547,122
synth_40681,122
synth_40494,122
synth_40790,122
synth_40610,122
synth_40404,122
synth_40433,122
synth_40522,122
synth_40642,122
synth_40405,122
synth_40457,122
synth_40591,122
synth_40699,122
synth_40746,122
synth_40716,122
synth_40563,122
synth_40526,122
synth_40515,122
synth_40408,122
synth_40612,122
synth_40479,122
synth_40401,122
synth_40453,122
synth_40708,122
synth_40712,122
synth_40672,122
synth_40698,122
synth_40557,122
synth_40488,122
synth_40599,122
synth_40650,122
synth_40661,122
synth_40725,122
synth_40685,122
synth_40398,122
synth_40419,122
synth_40573,122
synth_40668,122
synth_40551,122
synth_40678,122
synth_40415,122
synth_40744,122
synth_40794,122
synth_40723,122
synth_40715,122
synth_40719,122
synth_40783,122
synth_40422,122
synth_40505,122
synth_40677,122
synth_40534,122
synth_40581,122
synth_40585,122
synth_40561,122
synth_40718,122
synth_40388,122
synth_40409,122
synth_40574,122
synth_40697,122
synth_40414,122
synth_40554,122
synth_40593,122
synth_40621,122
synth_40701,122
synth_40410,122
synth_40800,122
synth_40797,122
synth_40777,122
synth_40605,122
synth_40670,122
synth_40730,122
synth_40755,122
synth_40773,122
synth_40452,122
synth_40729,122
synth_40587,122
synth_40476,122
synth_40550,122
synth_40796,122
synth_40627,122
synth_40639,122
synth_40424,122
synth_40566,122
synth_40728,122
synth_40688,122
synth_40662,122
synth_40552,122
synth_40674,122
synth_40529,122
synth_40412,122
synth_40462,122
synth_40579,122
synth_40657,122
synth_40421,122
synth_40491,122
synth_40502,122
synth_40594,122
synth_40606,122
synth_40628,122
synth_40454,122
synth_40541,122
synth_40431,122
synth_40478,122
synth_40484,122
synth_40521,122
synth_40577,122
synth_40517,122
synth_40789,122
synth_40471,122
synth_40399,122
synth_40472,122
synth_40487,122
synth_40631,122
synth_40516,122
synth_40391,122
synth_40413,122
synth_40732,122
synth_40747,122
synth_40416,122
synth_40438,122
synth_40630,122
synth_40663,122
synth_40665,122
synth_40727,122
synth_40752,122
synth_40456,122
synth_40513,122
synth_40535,122
synth_40762,122
synth_40439,122
synth_40680,122
synth_40451,122
synth_40530,122
synth_40722,122
synth_40778,122
synth_40578,122
synth_40641,122
synth_40434,122
synth_40546,122
synth_40645,122
synth_40780,122
synth_40619,122
synth_40539,122
synth_40735,122
synth_40683,122
synth_40705,122
synth_40572,122
synth_40584,122
synth_40651,122
synth_40392,122
synth_40575,122
synth_40791,122
synth_40564,122
synth_40569,122
synth_40647,122
synth_40736,122
synth_40771,122
synth_40786,122
synth_40709,122
synth_40531,122
synth_40538,122
synth_40576,122
synth_40615,122
synth_40448,122
synth_40649,122
synth_40477,122
synth_40622,122
synth_40450,122
synth_40589,122
synth_40518,122
synth_40700,122
synth_40781,122
synth_40514,122
synth_40568,122
synth_40571,122
synth_40764,122
synth_40498,122
synth_40580,122
synth_40638,122
synth_40756,122
synth_40689,122
synth_40734,122
synth_40602,122
synth_40759,122
synth_40459,122
synth_40695,122
synth_40604,122
synth_40490,122
synth_40741,122
synth_40528,122
synth_40485,122
synth_40553,122
synth_40400,122
synth_40769,122
synth_40774,122
synth_40512,122
synth_40614,122
synth_40799,122
synth_40390,122
synth_40648,122
synth_40653,122
synth_40690,122
synth_40481,122
synth_40489,122
synth_40430,122
synth_40537,122
synth_40527,122
synth_40633,122
synth_40455,122
synth_40555,122
synth_40556,122
synth_40753,122
synth_41004,121
synth_41200,121
synth_40883,121
synth_40961,121
synth_41033,121
synth_40806,121
synth_40836,121
synth_41199,121
synth_41223,121
synth_40906,121
synth_41012,121
synth_40882,121
synth_40967,121
synth_41140,121
synth_40950,121
synth_41079,121
synth_40925,121
synth_40955,121
synth_40973,121
synth_41048,121
synth_40828,121
synth_40850,121
synth_41116,121
synth_41093,121
synth_40915,121
synth_40888,121
synth_40894,121
synth_40839,121
synth_40910,121
synth_40939,121
synth_41113,121
synth_40884,121
synth_40913,121
synth_40815,121
synth_40902,121
synth_41100,121
synth_40985,121
synth_41092,121
synth_41081,121
synth_41087,121
synth_41151,121
synth_41026,121
synth_41120,121
synth_41060,121
synth_40940,121
synth_41061,121
synth_41070,121
synth_41222,121
synth_41001,121
synth_41193,121
synth_40816,121
synth_40938,121
synth_41069,121
synth_41202,121
synth_41098,121
synth_41127,121
synth_41184,121
synth_41194,121
synth_40917,121
synth_41058,121
synth_40857,121
synth_40963,121
synth_41046,121
synth_41080,121
synth_41143,121
synth_40981,121
synth_41006,121
synth_40947,121
synth_41162,121
synth_41011,121
synth_41038,121
synth_41096,121
synth_40831,121
synth_40841,121
synth_40931,121
synth_41133,121
synth_41148,121
synth_41164,121
synth_40899,121
synth_41035,121
synth_41089,121
synth_41207,121
synth_40838,121
synth_40845,121
synth_41074,121
synth_41117,121
synth_41158,121
synth_41185,121
synth_41206,121
synth_40907,121
synth_41134,121
synth_41041,121
synth_41156,121
synth_41187,121
synth_41205,121
synth_40873,121
synth_41124,121
synth_40934,121
synth_41183,121
synth_41020,121
synth_40843,121
synth_41225,121
synth_40827,121
synth_41170,121
synth_40919,121
synth_40807,121
synth_40848,121
synth_40926,121
synth_40935,121
synth_40954,121
synth_40849,121
synth_41034,121
synth_40956,121
synth_41101,121
synth_41161,121
synth_41176,121
synth_41135,121
synth_40814,121
synth_40886,121
synth_40895,121
synth_40864,121
synth_40928,121
synth_41086,121
synth_41197,121
synth_41208,121
synth_40993,121
synth_40859,121
synth_41112,121
synth_40872,121
synth_41040,121
synth_41165,121
synth_41180,121
synth_40818,121
synth_41118,121
synth_41163,121
synth_40805,121
synth_40869,121
synth_41002,121
synth_41059,121
synth_41136,121
synth_40892,121
synth_40810,121
synth_41175,121
synth_40820,121
synth_41097,121
synth_41108,121
synth_40887,121
synth_41003,121
synth_41018,121
synth_41095,121
synth_40904,121
synth_40813,121
synth_41008,121
synth_41029,121
synth_41044,121
synth_40896,121
synth_41141,121
synth_41013,121
synth_41103,121
synth_40803,121
synth_41073,121
synth_41102,121
synth_41188,121
synth_40972,121
synth_41007,121
synth_41106,121
synth_41128,121
synth_41166,121
synth_40958,121
synth_41090,121
synth_40824,121
synth_40970,121
synth_40812,121
synth_40833,121
synth_40854,121
synth_41049,121
synth_41000,121
synth_41178,121
synth_40809,121
synth_41182,121
synth_41203,121
synth_41010,121
synth_41031,121
synth_41154,121
synth_41042,121
synth_41032,121
synth_40937,121
synth_40908,121
synth_40844,121
synth_41137,121
synth_40964,121
synth_40890,121
synth_40832,121
synth_40877,121
synth_40893,121
synth_40965,121
synth_41216,121
synth_40866,121
synth_40992,121
synth_41077,121
synth_40847,121
synth_40861,121
synth_40957,121
synth_40962,121
synth_40871,121
synth_40976,121
synth_41149,121
synth_40865,121
synth_40835,121
synth_41138,121
synth_40932,121
synth_40867,121
synth_40951,121
synth_40914,121
synth_40936,121
synth_41132,121
synth_41181,121
synth_41210,121
synth_40804,121
synth_40851,121
synth_40897,121
synth_40933,121
synth_40983,121
synth_40846,121
synth_41192,121
synth_40830,121
synth_41111,121
synth_41177,121
synth_40944,121
synth_41064,121
synth_40863,121
synth_40978,121
synth_41071,121
synth_41201,121
synth_41024,121
synth_41015,121
synth_41053,121
synth_41129,121
synth_41152,121
synth_41209,121
synth_40885,121
synth_40969,121
synth_40977,121
synth_40995,121
synth_41028,121
synth_41160,121
synth_40862,121
synth_41036,121
synth_40829,121
synth_40986,121
synth_41119,121
synth_41110,121
synth_41045,121
synth_41169,121
synth_41174,121
synth_40876,121
synth_40974,121
synth_41037,121
synth_41221,121
synth_41171,121
synth_40878,121
synth_41063,121
synth_40802,121
synth_40858,121
synth_40930,121
synth_41019,121
synth_41145,121
synth_41220,121
synth_40949,121
synth_41065,121
synth_40982,121
synth_41122,121
synth_40911,121
synth_40971,121
synth_40817,121
synth_40822,121
synth_40870,121
synth_40874,121
synth_40990,121
synth_40856,121
synth_40912,121
synth_40880,121
synth_41082,121
synth_41144,121
synth_41167,121
synth_41173,121
synth_40808,121
synth_41139,121
synth_40853,121
synth_40879,121
synth_40997,121
synth_41099,121
synth_40842,121
synth_40852,121
synth_40948,121
synth_40998,121
synth_41150,121
synth_40819,121
synth_40941,121
synth_41190,121
synth_40924,121
synth_41121,121
synth_40900,121
synth_40923,121
synth_40875,121
synth_40922,121
synth_41017,121
synth_41083,121
synth_41085,121
synth_41094,121
synth_41114,121
synth_40988,121
synth_41204,121
synth_40889,121
synth_41107,121
synth_41131,121
synth_41014,121
synth_40898,121
synth_41054,121
synth_40980,121
synth_41072,121
synth_40921,121
synth_40959,121
synth_40918,121
synth_40811,121
synth_40927,121
synth_41062,121
synth_40837,121
synth_41105,121
synth_40929,121
synth_41055,121
synth_41068,121
synth_41224,121
synth_41023,121
synth_41123,121
synth_40966,121
synth_41022,121
synth_40868,121
synth_41057,121
synth_41195,121
synth_40920,121
synth_40994,121
synth_41039,121
synth_41153,121
synth_40821,121
synth_41109,121
synth_40905,121
synth_40968,121
synth_41021,121
synth_41142,121
synth_41215,121
synth_40952,121
synth_41198,121
synth_40840,121
synth_40860,121
synth_40891,121
synth_41104,121
synth_41168,121
synth_41211,121
synth_40945,121
synth_40996,121
synth_41146,121
synth_41051,121
synth_41157,121
synth_41052,121
synth_41179,121
synth_40975,121
synth_40989,121
synth_41050,121
synth_40991,121
synth_41088,121
synth_41159,121
synth_41155,121
synth_41196,121
synth_40881,121
synth_40987,121
synth_41076,121
synth_41219,121
synth_40953,121
synth_40834,121
synth_40943,121
synth_41091,121
synth_41218,121
synth_41147,121
synth_41217,121
synth_40825,121
synth_41027,121
synth_41047,121
synth_41130,121
synth_40916,121
synth_41016,121
synth_41126,121
synth_40901,121
synth_40942,121
synth_40999,121
synth_41212,121
synth_41213,121
synth_41030,121
synth_41084,121
synth_40823,121
synth_40979,121
synth_40826,121
synth_41043,121
synth_41078,121
synth_40960,121
synth_40984,121
synth_41172,121
synth_41025,121
synth_41115,121
synth_41125,121
synth_41189,121
synth_41191,121
synth_40946,121
synth_41009,121
synth_41056,121
synth_41066,121
synth_41067,121
synth_41075,121
synth_41186,121
synth_40855,121
synth_41005,121
synth_41214,121
synth_40903,121
synth_40909,121
synth_41309,120
synth_41324,120
synth_41362,120
synth_41493,120
synth_41317,120
synth_41491,120
synth_41460,120
synth_41502,120
synth_41269,120
synth_41408,120
synth_41620,120
synth_41400,120
synth_41522,120
synth_41427,120
synth_41549,120
synth_41604,120
synth_41380,120
synth_41598,120
synth_41314,120
synth_41469,120
synth_41610,120
synth_41284,120
synth_41447,120
synth_41326,120
synth_41340,120
synth_41472,120
synth_41570,120
synth_41282,120
synth_41470,120
synth_41363,120
synth_41446,120
synth_41456,120
synth_41423,120
synth_41486,120
synth_41553,120
synth_41329,120
synth_41519,120
synth_41607,120
synth_41291,120
synth_41414,120
synth_41266,120
synth_41292,120
synth_41483,120
synth_41605,120
synth_41360,120
synth_41557,120
synth_41276,120
synth_41325,120
synth_41279,120
synth_41306,120
synth_41484,120
synth_41576,120
synth_41635,120
synth_41274,120
synth_41416,120
synth_41275,120
synth_41448,120
synth_41574,120
synth_41228,120
synth_41458,120
synth_41289,120
synth_41367,120
synth_41252,120
synth_41651,120
synth_41494,120
synth_41619,120
synth_41421,120
synth_41561,120
synth_41538,120
synth_41417,120
synth_41457,120
synth_41535,120
synth_41514,120
synth_41601,120
synth_41398,120
synth_41372,120
synth_41236,120
synth_41342,120
synth_41507,120
synth_41634,120
synth_41226,120
synth_41239,120
synth_41503,120
synth_41251,120
synth_41327,120
synth_41508,120
synth_41516,120
synth_41303,120
synth_41463,120
synth_41293,120
synth_41361,120
synth_41370,120
synth_41464,120
synth_41495,120
synth_41532,120
synth_41633,120
synth_41521,120
synth_41375,120
synth_41564,120
synth_41407,120
synth_41523,120
synth_41235,120
synth_41563,120
synth_41281,120
synth_41287,120
synth_41471,120
synth_41599,120
synth_41629,120
synth_41234,120
synth_41341,120
synth_41501,120
synth_41603,120
synth_41335,120
synth_41355,120
synth_41351,120
synth_41435,120
synth_41530,120
synth_41630,120
synth_41242,120
synth_41244,120
synth_41308,120
synth_41527,120
synth_41650,120
synth_41606,120
synth_41268,120
synth_41323,120
synth_41551,120
synth_41636,120
synth_41612,120
synth_41307,120
synth_41313,120
synth_41597,120
synth_41653,120
synth_41336,120
synth_41587,120
synth_41376,120
synth_41579,120
synth_41333,120
synth_41450,120
synth_41546,120
synth_41566,120
synth_41641,120
synth_41311,120
synth_41312,120
synth_41412,120
synth_41558,120
synth_41624,120
synth_41628,120
synth_41395,120
synth_41420,120
synth_41588,120
synth_41646,120
synth_41298,120
synth_41394,120
synth_41406,120
synth_41402,120
synth_41543,120
synth_41655,120
synth_41656,120
synth_41377,120
synth_41454,120
synth_41548,120
synth_41331,120
synth_41565,120
synth_41578,120
synth_41638,120
synth_41271,120
synth_41580,120
synth_41584,120
synth_41540,120
synth_41358,120
synth_41410,120
synth_41616,120
synth_41652,120
synth_41593,120
synth_41555,120
synth_41640,120
synth_41265,120
synth_41590,120
synth_41334,120
synth_41258,120
synth_41257,120
synth_41518,120
synth_41644,120
synth_41250,120
synth_41319,120
synth_41433,120
synth_41537,120
synth_41467,120
synth_41611,120
synth_41304,120
synth_41365,120
synth_41475,120
synth_41241,120
synth_41545,120
synth_41550,120
synth_41283,120
synth_41396,120
synth_41569,120
synth_41296,120
synth_41350,120
synth_41627,120
synth_41479,120
synth_41556,120
synth_41288,120
synth_41373,120
synth_41415,120
synth_41247,120
synth_41439,120
synth_41452,120
synth_41359,120
synth_41429,120
synth_41643,120
synth_41352,120
synth_41404,120
synth_41478,120
synth_41618,120
synth_41338,120
synth_41511,120
synth_41626,120
synth_41581,120
synth_41366,120
synth_41500,120
synth_41270,120
synth_41353,120
synth_41525,120
synth_41480,120
synth_41506,120
synth_41310,120
synth_41528,120
synth_41384,120
synth_41449,120
synth_41498,120
synth_41337,120
synth_41389,120
synth_41589,120
synth_41240,120
synth_41536,120
synth_41642,120
synth_41399,120
synth_41426,120
synth_41444,120
synth_41560,120
synth_41648,120
synth_41600,120
synth_41487,120
synth_41617,120
synth_41602,120
synth_41297,120
synth_41316,120
synth_41615,120
synth_41391,120
synth_41497,120
synth_41533,120
synth_41562,120
synth_41595,120
synth_41614,120
synth_41488,120
synth_41568,120
synth_41356,120
synth_41382,120
synth_41623,120
synth_41639,120
synth_41230,120
synth_41238,120
synth_41246,120
synth_41302,120
synth_41374,120
synth_41261,120
synth_41513,120
synth_41442,120
synth_41631,120
synth_41465,120
synth_41349,120
synth_41424,120
synth_41492,120
synth_41594,120
synth_41441,120
synth_41267,120
synth_41388,120
synth_41572,120
synth_41445,120
synth_41596,120
synth_41645,120
synth_41277,120
synth_41397,120
synth_41547,120
synth_41278,120
synth_41476,120
synth_41625,120
synth_41227,120
synth_41413,120
synth_41477,120
synth_41609,120
synth_41243,120
synth_41436,120
synth_41451,120
synth_41473,120
synth_41520,120
synth_41582,120
synth_41364,120
synth_41481,120
synth_41280,120
synth_41348,120
synth_41632,120
synth_41637,120
synth_41295,120
synth_41347,120
synth_41379,120
synth_41453,120
synth_41534,120
synth_41539,120
synth_41541,120
synth_41392,120
synth_41321,120
synth_41592,120
synth_41299,120
synth_41369,120
synth_41386,120
synth_41345,120
synth_41260,120
synth_41346,120
synth_41438,120
synth_41474,120
synth_41232,120
synth_41490,120
synth_41504,120
synth_41300,120
synth_41509,120
synth_41253,120
synth_41315,120
synth_41621,120
synth_41259,120
synth_41273,120
synth_41301,120
synth_41272,120
synth_41567,120
synth_41512,120
synth_41332,120
synth_41531,120
synth_41649,120
synth_41428,120
synth_41455,120
synth_41245,120
synth_41381,120
synth_41425,120
synth_41263,120
synth_41357,120
synth_41489,120
synth_41390,120
synth_41654,120
synth_41526,120
synth_41411,120
synth_41554,120
synth_41647,120
synth_41583,120
synth_41248,120
synth_41254,120
synth_41585,120
synth_41378,120
synth_41542,120
synth_41613,120
synth_41383,120
synth_41468,120
synth_41586,120
synth_41401,120
synth_41328,120
synth_41344,120
synth_41419,120
synth_41418,120
synth_41229,120
synth_41354,120
synth_41517,120
synth_41256,120
synth_41339,120
synth_41529,120
synth_41496,120
synth_41552,120
synth_41622,120
synth_41231,120
synth_41499,120
synth_41608,120
synth_41368,120
synth_41559,120
synth_41305,120
synth_41573,120
synth_41286,120
synth_41459,120
synth_41264,120
synth_41505,120
synth_41462,120
synth_41262,120
synth_41322,120
synth_41285,120
synth_41443,120
synth_41485,120
synth_41249,120
synth_41294,120
synth_41393,120
synth_41422,120
synth_41430,120
synth_41409,120
synth_41403,120
synth_41510,120
synth_41318,120
synth_41431,120
synth_41591,120
synth_41515,120
synth_41387,120
synth_41461,120
synth_41320,120
synth_41434,120
synth_41385,120
synth_41437,120
synth_41290,120
synth_41577,120
synth_41237,120
synth_41343,120
synth_41524,120
synth_41571,120
synth_41330,120
synth_41371,120
synth_41405,120
synth_41482,120
synth_41544,120
synth_41466,120
synth_41575,120
synth_41255,120
synth_41440,120
synth_41432,120
synth_41233,120
synth_41657,120
synth_41746,119
synth_41873,119
synth_42097,119
synth_41902,119
synth_41944,119
synth_41940,119
synth_41844,119
synth_42024,119
synth_41959,119
synth_41663,119
synth_41773,119
synth_42013,119
synth_42032,119
synth_41799,119
synth_41915,119
synth_41971,119
synth_42007,119
synth_41918,119
synth_41969,119
synth_41699,119
synth_41755,119
synth_41701,119
synth_41737,119
synth_41768,119
synth_41995,119
synth_42077,119
synth_42023,119
synth_41723,119
synth_41758,119
synth_41809,119
synth_42057,119
synth_42082,119
synth_41702,119
synth_41983,119
synth_41676,119
synth_41727,119
synth_41735,119
synth_41738,119
synth_41980,119
synth_42089,119
synth_41763,119
synth_42034,119
synth_42040,119
synth_42093,119
synth_41829,119
synth_41932,119
synth_41826,119
synth_41938,119
synth_41732,119
synth_41823,119
synth_42063,119
synth_41837,119
synth_42086,119
synth_41734,119
synth_41798,119
synth_41685,119
synth_41979,119
synth_42037,119
synth_42039,119
synth_42080,119
synth_41972,119
synth_41855,119
synth_41807,119
synth_41834,119
synth_41897,119
synth_42035,119
synth_41824,119
synth_41867,119
synth_41923,119
synth_41731,119
synth_42016,119
synth_41870,119
synth_41922,119
synth_41783,119
synth_41871,119
synth_41987,119
synth_41762,119
synth_42002,119
synth_41978,119
synth_42003,119
synth_42078,119
synth_41674,119
synth_41696,119
synth_41752,119
synth_41861,119
synth_41780,119
synth_42036,119
synth_42068,119
synth_41689,119
synth_41792,119
synth_41821,119
synth_41775,119
synth_42030,119
synth_41736,119
synth_41833,119
synth_41961,119
synth_41778,119
synth_41779,119
synth_41997,119
synth_41759,119
synth_41679,119
synth_41681,119
synth_41793,119
synth_41814,119
synth_41815,119
synth_41770,119
synth_42028,119
synth_41964,119
synth_41672,119
synth_42065,119
synth_41669,119
synth_41816,119
synth_41933,119
synth_41939,119
synth_41747,119
synth_41822,119
synth_41866,119
synth_41937,119
synth_42073,119
synth_41795,119
synth_41869,119
synth_41881,119
synth_41665,119
synth_41966,119
synth_41850,119
synth_41916,119
synth_41934,119
synth_42061,119
synth_41845,119
synth_41854,119
synth_41876,119
synth_41951,119
synth_42018,119
synth_41892,119
synth_41920,119
synth_41675,119
synth_41756,119
synth_42041,119
synth_41884,119
synth_41984,119
synth_41970,119
synth_41968,119
synth_41806,119
synth_41863,119
synth_42021,119
synth_41712,119
synth_41687,119
synth_41827,119
synth_41841,119
synth_41710,119
synth_41858,119
synth_41813,119
synth_41692,119
synth_41853,119
synth_41947,119
synth_42058,119
synth_41661,119
synth_41830,119
synth_42060,119
synth_42000,119
synth_41718,119
synth_41753,119
synth_41754,119
synth_41810,119
synth_41819,119
synth_41929,119
synth_41953,119
synth_41982,119
synth_42081,119
synth_41707,119
synth_41728,119
synth_42064,119
synth_42025,119
synth_41678,119
synth_41965,119
synth_41985,119
synth_41739,119
synth_41942,119
synth_41683,119
synth_42015,119
synth_41910,119
synth_41952,119
synth_41852,119
synth_41886,119
synth_41900,119
synth_42050,119
synth_41847,119
synth_41926,119
synth_41956,119
synth_42052,119
synth_41948,119
synth_42095,119
synth_41694,119
synth_41904,119
synth_42090,119
synth_41658,119
synth_41839,119
synth_42046,119
synth_41925,119
synth_42043,119
synth_41811,119
synth_42067,119
synth_41765,119
synth_41931,119
synth_41992,119
synth_42056,119
synth_41943,119
synth_42011,119
synth_41688,119
synth_41851,119
synth_41909,119
synth_41967,119
synth_42075,119
synth_41686,119
synth_41981,119
synth_41660,119
synth_42010,119
synth_42066,119
synth_42085,119
synth_42092,119
synth_41691,119
synth_42053,119
synth_42033,119
synth_41698,119
synth_41700,119
synth_41800,119
synth_42045,119
synth_41662,119
synth_42014,119
synth_41720,119
synth_41890,119
synth_41860,119
synth_41914,119
synth_41888,119
synth_41784,119
synth_41989,119
synth_42084,119
synth_41750,119
synth_41868,119
synth_41917,119
synth_42083,119
synth_42051,119
synth_41805,119
synth_42087,119
synth_41771,119
synth_41993,119
synth_41974,119
synth_41741,119
synth_41818,119
synth_41999,119
synth_41790,119
synth_41677,119
synth_41911,119
synth_41794,119
synth_41820,119
synth_41877,119
synth_41975,119
synth_41838,119
synth_41894,119
synth_42062,119
synth_41941,119
synth_42094,119
synth_41772,119
synth_41704,119
synth_41725,119
synth_41950,119
synth_42055,119
synth_41828,119
synth_41991,119
synth_42088,119
synth_41786,119
synth_41667,119
synth_41742,119
synth_42091,119
synth_41812,119
synth_42096,119
synth_42008,119
synth_41865,119
synth_42044,119
synth_42020,119
synth_41745,119
synth_41889,119
synth_41986,119
synth_41973,119
synth_41716,119
synth_41883,119
synth_41898,119
synth_42079,119
synth_41846,119
synth_41930,119
synth_41744,119
synth_41749,119
synth_41859,119
synth_41835,119
synth_41887,119
synth_41788,119
synth_41693,119
synth_42001,119
synth_42012,119
synth_42027,119
synth_41703,119
synth_41893,119
synth_41899,119
synth_41708,119
synth_41751,119
synth_41906,119
synth_41908,119
synth_41928,119
synth_42049,119
synth_41874,119
synth_41954,119
synth_41733,119
synth_41797,119
synth_41903,119
synth_41680,119
synth_41994,119
synth_41673,119
synth_41726,119
synth_41879,119
synth_42042,119
synth_41791,119
synth_41927,119
synth_41843,119
synth_41882,119
synth_42071,119
synth_41706,119
synth_41832,119
synth_41785,119
synth_41831,119
synth_41896,119
synth_42048,119
synth_41895,119
synth_41996,119
synth_42029,119
synth_41668,119
synth_41724,119
synth_41748,119
synth_41796,119
synth_42017,119
synth_41804,119
synth_42009,119
synth_41777,119
synth_41802,119
synth_41945,119
synth_41990,119
synth_42047,119
synth_41684,119
synth_41803,119
synth_41880,119
synth_41664,119
synth_41848,119
synth_41946,119
synth_41715,119
synth_41721,119
synth_41936,119
synth_41957,119
synth_41789,119
synth_41817,119
synth_42019,119
synth_41717,119
synth_41757,119
synth_41901,119
synth_42069,119
synth_41955,119
synth_41976,119
synth_42074,119
synth_42026,119
synth_41695,119
synth_41713,119
synth_41729,119
synth_41781,119
synth_41988,119
synth_42054,119
synth_41776,119
synth_42006,119
synth_41891,119
synth_41670,119
synth_41787,119
synth_41709,119
synth_41766,119
synth_41842,119
synth_41856,119
synth_41690,119
synth_41671,119
synth_42022,119
synth_41722,119
synth_41719,119
synth_41836,119
synth_42072,119
synth_41825,119
synth_42031,119
synth_41949,119
synth_41769,119
synth_41711,119
synth_41808,119
synth_41878,119
synth_41919,119
synth_41921,119
synth_41705,119
synth_41912,119
synth_41924,119
synth_42076,119
synth_41760,119
synth_41862,119
synth_41875,119
synth_41962,119
synth_41666,119
synth_41935,119
synth_41782,119
synth_41840,119
synth_41857,119
synth_41963,119
synth_41659,119
synth_41697,119
synth_41801,119
synth_42038,119
synth_41774,119
synth_41730,119
synth_41740,119
synth_41913,119
synth_41764,119
synth_41767,119
synth_42070,119
synth_41761,119
synth_41998,119
synth_42059,119
synth_41864,119
synth_41872,119
synth_41907,119
synth_41977,119
synth_41714,119
synth_41905,119
synth_41958,119
synth_41960,119
synth_41682,119
synth_41743,119
synth_41885,119
synth_41849,119
synth_42004,119
synth_42005,119
synth_42156,118
synth_42247,118
synth_42439,118
synth_42510,118
synth_42128,118
synth_42341,118
synth_42407,118
synth_42100,118
synth_42357,118
synth_42217,118
synth_42231,118
synth_42432,118
synth_42286,118
synth_42437,118
synth_42213,118
synth_42465,118
synth_42335,118
synth_42297,118
synth_42360,118
synth_42528,118
synth_42291,118
synth_42298,118
synth_42295,118
synth_42475,118
synth_42333,118
synth_42391,118
synth_42502,118
synth_42170,118
synth_42118,118
synth_42187,118
synth_42460,118
synth_42201,118
synth_42334,118
synth_42120,118
synth_42189,118
synth_42300,118
synth_42504,118
synth_42356,118
synth_42185,118
synth_42235,118
synth_42146,118
synth_42433,118
synth_42478,118
synth_42505,118
synth_42265,118
synth_42390,118
synth_42374,118
synth_42461,118
synth_42150,118
synth_42444,118
synth_42410,118
synth_42449,118
synth_42223,118
synth_42508,118
synth_42524,118
synth_42389,118
synth_42206,118
synth_42368,118
synth_42294,118
synth_42314,118
synth_42352,118
synth_42107,118
synth_42330,118
synth_42456,118
synth_42522,118
synth_42171,118
synth_42490,118
synth_42324,118
synth_42257,118
synth_42191,118
synth_42469,118
synth_42166,118
synth_42228,118
synth_42246,118
synth_42188,118
synth_42234,118
synth_42270,118
synth_42304,118
synth_42252,118
synth_42119,118
synth_42346,118
synth_42428,118
synth_42284,118
synth_42443,118
synth_42479,118
synth_42260,118
synth_42415,118
synth_42419,118
synth_42458,118
synth_42106,118
synth_42179,118
synth_42482,118
synth_42382,118
synth_42385,118
synth_42220,118
synth_42435,118
synth_42499,118
synth_42527,118
synth_42386,118
synth_42210,118
synth_42329,118
synth_42523,118
synth_42205,118
synth_42169,118
synth_42227,118
synth_42412,118
synth_42351,118
synth_42467,118
synth_42340,118
synth_42394,118
synth_42417,118
synth_42183,118
synth_42103,118
synth_42133,118
synth_42249,118
synth_42277,118
synth_42282,118
synth_42446,118
synth_42495,118
synth_42259,118
synth_42313,118
synth_42240,118
synth_42264,118
synth_42520,118
synth_42369,118
synth_42376,118
synth_42539,118
synth_42098,118
synth_42363,118
synth_42114,118
synth_42245,118
synth_42459,118
synth_42153,118
synth_42372,118
synth_42429,118
synth_42532,118
synth_42370,118
synth_42378,118
synth_42518,118
synth_42131,118
synth_42463,118
synth_42347,118
synth_42353,118
synth_42447,118
synth_42299,118
synth_42511,118
synth_42533,118
synth_42302,118
synth_42371,118
synth_42464,118
synth_42540,118
synth_42285,118
synth_42327,118
synth_42487,118
synth_42421,118
synth_42462,118
synth_42162,118
synth_42399,118
synth_42273,118
synth_42331,118
synth_42474,118
synth_42431,118
synth_42366,118
synth_42320,118
synth_42414,118
synth_42445,118
synth_42157,118
synth_42485,118
synth_42208,118
synth_42342,118
synth_42424,118
synth_42323,118
synth_42159,118
synth_42125,118
synth_42203,118
synth_42211,118
synth_42214,118
synth_42136,118
synth_42288,118
synth_42303,118
synth_42538,118
synth_42218,118
synth_42161,118
synth_42202,118
synth_42392,118
synth_42530,118
synth_42140,118
synth_42491,118
synth_42222,118
synth_42261,118
synth_42267,118
synth_42387,118
synth_42317,118
synth_42177,118
synth_42509,118
synth_42413,118
synth_42132,118
synth_42287,118
synth_42514,118
synth_42226,118
synth_42525,118
synth_42129,118
synth_42380,118
synth_42207,118
synth_42373,118
synth_42281,118
synth_42138,118
synth_42426,118
synth_42448,118
synth_42455,118
synth_42379,118
synth_42242,118
synth_42381,118
synth_42268,118
synth_42305,118
synth_42453,118
synth_42359,118
synth_42517,118
synth_42212,118
synth_42328,118
synth_42122,118
synth_42395,118
synth_42232,118
synth_42481,118
synth_42486,118
synth_42117,118
synth_42404,118
synth_42436,118
synth_42175,118
synth_42534,118
synth_42535,118
synth_42402,118
synth_42438,118
synth_42315,118
synth_42425,118
synth_42466,118
synth_42283,118
synth_42405,118
synth_42480,118
synth_42529,118
synth_42484,118
synth_42258,118
synth_42492,118
synth_42269,118
synth_42434,118
synth_42137,118
synth_42536,118
synth_42126,118
synth_42176,118
synth_42544,118
synth_42196,118
synth_42280,118
synth_42198,118
synth_42263,118
synth_42309,118
synth_42496,118
synth_42497,118
synth_42348,118
synth_42349,118
synth_42375,118
synth_42519,118
synth_42139,118
synth_42256,118
synth_42164,118
synth_42545,118
synth_42416,118
synth_42149,118
synth_42393,118
synth_42500,118
synth_42512,118
synth_42141,118
synth_42152,118
synth_42494,118
synth_42472,118
synth_42325,118
synth_42354,118
synth_42293,118
synth_42182,118
synth_42216,118
synth_42452,118
synth_42318,118
synth_42290,118
synth_42409,118
synth_42483,118
synth_42099,118
synth_42279,118
synth_42310,118
synth_42278,118
synth_42420,118
synth_42200,118
synth_42457,118
synth_42507,118
synth_42296,118
synth_42358,118
synth_42215,118
synth_42109,118
synth_42197,118
synth_42230,118
synth_42301,118
synth_42537,118
synth_42111,118
synth_42244,118
synth_42254,118
synth_42209,118
synth_42332,118
synth_42406,118
synth_42470,118
synth_42147,118
synth_42184,118
synth_42401,118
synth_42513,118
synth_42233,118
synth_42541,118
synth_42121,118
synth_42221,118
synth_42476,118
synth_42250,118
synth_42219,118
synth_42262,118
synth_42336,118
synth_42112,118
synth_42451,118
synth_42143,118
synth_42163,118
synth_42123,118
synth_42531,118
synth_42355,118
synth_42134,118
synth_42408,118
synth_42477,118
synth_42430,118
synth_42473,118
synth_42193,118
synth_42144,118
synth_42411,118
synth_42180,118
synth_42423,118
synth_42239,118
synth_42384,118
synth_42229,118
synth_42124,118
synth_42403,118
synth_42493,118
synth_42275,118
synth_42101,118
synth_42377,118
synth_42104,118
synth_42165,118
synth_42361,118
synth_42350,118
synth_42397,118
synth_42110,118
synth_42130,118
synth_42274,118
synth_42396,118
synth_42418,118
synth_42160,118
synth_42489,118
synth_42312,118
synth_42422,118
synth_42543,118
synth_42398,118
synth_42383,118
synth_42142,118
synth_42266,118
synth_42272,118
synth_42515,118
synth_42116,118
synth_42440,118
synth_42454,118
synth_42172,118
synth_42204,118
synth_42488,118
synth_42186,118
synth_42364,118
synth_42322,118
synth_42102,118
synth_42321,118
synth_42167,118
synth_42441,118
synth_42319,118
synth_42148,118
synth_42450,118
synth_42338,118
synth_42243,118
synth_42442,118
synth_42501,118
synth_42253,118
synth_42339,118
synth_42127,118
synth_42388,118
synth_42135,118
synth_42271,118
synth_42292,118
synth_42306,118
synth_42503,118
synth_42199,118
synth_42471,118
synth_42113,118
synth_42311,118
synth_42345,118
synth_42151,118
synth_42289,118
synth_42506,118
synth_42155,118
synth_42190,118
synth_42337,118
synth_42241,118
synth_42195,118
synth_42255,118
synth_42168,118
synth_42225,118
synth_42498,118
synth_42145,118
synth_42158,118
synth_42238,118
synth_42367,118
synth_42427,118
synth_42468,118
synth_42108,118
synth_42343,118
synth_42194,118
synth_42526,118
synth_42173,118
synth_42174,118
synth_42237,118
synth_42516,118
synth_42521,118
synth_42178,118
synth_42365,118
synth_42326,118
synth_42105,118
synth_42236,118
synth_42308,118
synth_42316,118
synth_42115,118
synth_42248,118
synth_42307,118
synth_42344,118
synth_42362,118
synth_42400,118
synth_42154,118
synth_42192,118
synth_42181,118
synth_42276,118
synth_42542,118
synth_42251,118
synth_42224,118
synth_42808,117
synth_42939,117
synth_42806,117
synth_42929,117
synth_42721,117
synth_42568,117
synth_42862,117
synth_42901,117
synth_42948,117
synth_42636,117
synth_42778,117
synth_42951,117
synth_42592,117
synth_42866,117
synth_42884,117
synth_42754,117
synth_42796,117
synth_42770,117
synth_42551,117
synth_42598,117
synth_42740,117
synth_42660,117
synth_42846,117
synth_42976,117
synth_42831,117
synth_42608,117
synth_42665,117
synth_42726,117
synth_42731,117
synth_42877,117
synth_42907,117
synth_42928,117
synth_42585,117
synth_42652,117
synth_42818,117
synth_42857,117
synth_42804,117
synth_42955,117
synth_42688,117
synth_42694,117
synth_42697,117
synth_42714,117
synth_42646,117
synth_42844,117
synth_42674,117
synth_42890,117
synth_42696,117
synth_42869,117
synth_42925,117
synth_42643,117
synth_42892,117
synth_42921,117
synth_42566,117
synth_42639,117
synth_42817,117
synth_42897,117
synth_42908,117
synth_42670,117
synth_42649,117
synth_42803,117
synth_42827,117
synth_42715,117
synth_42825,117
synth_42932,117
synth_42614,117
synth_42904,117
synth_42579,117
synth_42609,117
synth_42616,117
synth_42835,117
synth_42995,117
synth_42572,117
synth_42645,117
synth_42713,117
synth_42725,117
synth_42864,117
synth_42563,117
synth_42703,117
synth_42922,117
synth_42582,117
synth_42668,117
synth_42912,117
synth_42747,117
synth_42822,117
synth_42843,117
synth_42940,117
synth_42974,117
synth_42994,117
synth_42624,117
synth_42549,117
synth_42860,117
synth_42944,117
synth_42719,117
synth_42959,117
synth_42599,117
synth_42732,117
synth_42589,117
synth_42638,117
synth_42720,117
synth_42727,117
synth_42829,117
synth_42569,117
synth_42910,117
synth_42933,117
synth_42834,117
synth_42705,117
synth_42734,117
synth_42838,117
synth_42936,117
synth_42620,117
synth_42661,117
synth_42815,117
synth_42605,117
synth_42685,117
synth_42972,117
synth_42647,117
synth_42676,117
synth_42767,117
synth_42930,117
synth_42604,117
synth_42562,117
synth_42821,117
synth_42841,117
synth_42564,117
synth_42594,117
synth_42708,117
synth_42781,117
synth_42845,117
synth_42634,117
synth_42820,117
synth_42979,117
synth_42992,117
synth_42982,117
synth_42595,117
synth_42683,117
synth_42794,117
synth_42986,117
synth_42675,117
synth_42760,117
synth_42903,117
synth_42777,117
synth_42813,117
synth_42573,117
synth_42567,117
synth_42973,117
synth_42775,117
synth_42627,117
synth_42875,117
synth_42695,117
synth_42975,117
synth_42619,117
synth_42669,117
synth_42733,117
synth_42735,117
synth_42745,117
synth_42653,117
synth_42680,117
synth_42655,117
synth_42666,117
synth_42698,117
synth_42969,117
synth_42783,117
synth_42858,117
synth_42965,117
synth_42755,117
synth_42810,117
synth_42867,117
synth_42681,117
synth_42742,117
synth_42752,117
synth_42788,117
synth_42980,117
synth_43001,117
synth_42970,117
synth_42759,117
synth_42802,117
synth_42870,117
synth_42960,117
synth_42555,117
synth_42577,117
synth_42741,117
synth_42814,117
synth_42938,117
synth_42711,117
synth_42801,117
synth_42916,117
synth_42937,117
synth_42805,117
synth_42809,117
synth_42790,117
synth_42580,117
synth_42601,117
synth_42784,117
synth_42611,117
synth_42650,117
synth_42991,117
synth_42793,117
synth_42946,117
synth_42771,117
synth_42812,117
synth_42552,117
synth_42840,117
synth_42996,117
synth_42848,117
synth_42981,117
synth_42722,117
synth_42757,117
synth_42851,117
synth_42878,117
synth_42898,117
synth_42977,117
synth_42617,117
synth_42635,117
synth_42672,117
synth_42824,117
synth_42707,117
synth_42626,117
synth_42704,117
synth_42853,117
synth_42642,117
synth_42644,117
synth_42950,117
synth_42997,117
synth_42993,117
synth_42623,117
synth_42931,117
synth_42618,117
synth_42648,117
synth_42553,117
synth_42909,117
synth_42590,117
synth_42889,117
synth_42856,117
synth_42967,117
synth_42640,117
synth_42756,117
synth_42787,117
synth_42837,117
synth_42628,117
synth_42571,117
synth_42603,117
synth_42612,117
synth_42800,117
synth_42927,117
synth_42962,117
synth_42691,117
synth_42701,117
synth_42560,117
synth_42749,117
synth_42581,117
synth_42593,117
synth_42659,117
synth_42729,117
synth_42765,117
synth_42557,117
synth_42859,117
synth_42547,117
synth_42954,117
synth_42789,117
synth_42915,117
synth_42570,117
synth_42684,117
synth_42710,117
synth_42724,117
synth_42651,117
synth_43002,117
synth_42895,117
synth_42687,117
synth_42923,117
synth_42591,117
synth_42905,117
synth_42911,117
synth_42750,117
synth_42883,117
synth_42894,117
synth_42682,117
synth_43000,117
synth_42679,117
synth_42989,117
synth_42556,117
synth_42559,117
synth_42893,117
synth_42990,117
synth_42914,117
synth_42706,117
synth_42730,117
synth_42797,117
synth_42891,117
synth_42769,117
synth_42786,117
synth_42942,117
synth_42854,117
synth_42880,117
synth_42882,117
synth_42945,117
synth_42736,117
synth_42667,117
synth_42774,117
synth_42872,117
synth_42782,117
synth_42746,117
synth_42662,117
synth_42772,117
synth_42546,117
synth_42968,117
synth_42863,117
synth_42934,117
synth_42584,117
synth_42629,117
synth_42958,117
synth_42748,117
synth_42799,117
synth_42876,117
synth_42637,117
synth_42761,117
synth_42919,117
synth_42998,117
synth_42576,117
synth_42738,117
synth_42852,117
synth_42574,117
synth_42832,117
synth_42839,117
synth_42956,117
synth_42978,117
synth_42999,117
synth_42763,117
synth_42833,117
synth_42887,117
synth_42548,117
synth_42906,117
synth_42983,117
synth_42949,117
synth_42575,117
synth_42663,117
synth_42596,117
synth_42723,117
synth_42926,117
synth_42689,117
synth_42935,117
synth_42830,117
synth_42673,117
synth_42692,117
synth_42795,117
synth_42988,117
synth_42622,117
synth_42753,117
synth_42776,117
synth_42558,117
synth_42881,117
synth_42952,117
synth_42602,117
synth_42693,117
synth_42785,117
synth_42751,117
synth_42826,117
synth_42578,117
synth_42686,117
synth_42758,117
synth_42610,117
synth_42625,117
synth_42743,117
synth_42712,117
synth_42847,117
synth_42861,117
synth_42971,117
synth_42768,117
synth_42664,117
synth_42744,117
synth_42828,117
synth_42850,117
synth_42868,117
synth_42900,117
synth_42606,117
synth_42658,117
synth_42678,117
synth_42709,117
synth_42917,117
synth_42583,117
synth_42690,117
synth_42819,117
synth_42961,117
synth_42811,117
synth_42791,117
synth_42924,117
synth_42941,117
synth_42716,117
synth_42947,117
synth_42957,117
synth_42737,117
synth_42873,117
synth_42885,117
synth_42896,117
synth_42597,117
synth_42615,117
synth_42632,117
synth_42842,117
synth_42554,117
synth_42920,117
synth_42963,117
synth_42600,117
synth_42739,117
synth_42964,117
synth_42654,117
synth_42762,117
synth_42836,117
synth_42899,117
synth_42985,117
synth_42550,117
synth_42641,117
synth_42888,117
synth_42607,117
synth_42630,117
synth_42728,117
synth_42792,117
synth_42943,117
synth_42702,117
synth_42717,117
synth_42849,117
synth_42918,117
synth_42631,117
synth_42816,117
synth_42913,117
synth_42588,117
synth_42633,117
synth_42764,117
synth_42586,117
synth_42677,117
synth_42779,117
synth_42879,117
synth_42565,117
synth_42699,117
synth_42871,117
synth_42902,117
synth_42613,117
synth_42823,117
synth_42657,117
synth_42671,117
synth_42780,117
synth_42766,117
synth_42773,117
synth_42621,117
synth_42656,117
synth_42798,117
synth_42966,117
synth_42718,117
synth_42886,117
synth_42984,117
synth_42587,117
synth_42807,117
synth_42874,117
synth_42953,117
synth_42987,117
synth_42561,117
synth_42700,117
synth_42855,117
synth_42865,117
synth_43330,116
synth_43205,116
synth_43218,116
synth_43242,116
synth_43252,116
synth_43260,116
synth_43284,116
synth_43245,116
synth_43398,116
synth_43441,116
synth_43247,116
synth_43229,116
synth_43395,116
synth_43067,116
synth_43393,116
synth_43339,116
synth_43384,116
synth_43375,116
synth_43190,116
synth_43259,116
synth_43447,116
synth_43075,116
synth_43280,116
synth_43310,116
synth_43055,116
synth_43196,116
synth_43232,116
synth_43266,116
synth_43326,116
synth_43336,116
synth_43098,116
synth_43111,116
synth_43294,116
synth_43126,116
synth_43278,116
synth_43020,116
synth_43465,116
synth_43095,116
synth_43302,116
synth_43010,116
synth_43217,116
synth_43362,116
synth_43305,116
synth_43388,116
synth_43040,116
synth_43255,116
synth_43061,116
synth_43094,116
synth_43328,116
synth_43452,116
synth_43345,116
synth_43286,116
synth_43445,116
synth_43088,116
synth_43177,116
synth_43451,116
synth_43083,116
synth_43204,116
synth_43206,116
synth_43248,116
synth_43432,116
synth_43015,116
synth_43017,116
synth_43253,116
synth_43424,116
synth_43009,116
synth_43358,116
synth_43203,116
synth_43149,116
synth_43037,116
synth_43189,116
synth_43070,116
synth_43235,116
synth_43241,116
synth_43403,116
synth_43046,116
synth_43198,116
synth_43374,116
synth_43164,116
synth_43071,116
synth_43090,116
synth_43277,116
synth_43415,116
synth_43120,116
synth_43423,116
synth_43251,116
synth_43291,116
synth_43383,116
synth_43367,116
synth_43077,116
synth_43319,116
synth_43421,116
synth_43237,116
synth_43268,116
synth_43079,116
synth_43101,116
synth_43351,116
synth_43215,116
synth_43227,116
synth_43293,116
synth_43274,116
synth_43174,116
synth_43238,116
synth_43214,116
synth_43271,116
synth_43386,116
synth_43023,116
synth_43325,116
synth_43103,116
synth_43030,116
synth_43380,116
synth_43434,116
synth_43091,116
synth_43342,116
synth_43263,116
synth_43324,116
synth_43281,116
synth_43298,116
synth_43450,116
synth_43144,116
synth_43361,116
synth_43440,116
synth_43114,116
synth_43184,116
synth_43391,116
synth_43006,116
synth_43161,116
synth_43146,116
synth_43431,116
synth_43028,116
synth_43052,116
synth_43192,116
synth_43412,116
synth_43141,116
synth_43143,116
synth_43299,116
synth_43429,116
synth_43003,116
synth_43025,116
synth_43273,116
synth_43385,116
synth_43012,116
synth_43292,116
synth_43394,116
synth_43308,116
synth_43034,116
synth_43154,116
synth_43035,116
synth_43059,116
synth_43033,116
synth_43049,116
synth_43166,116
synth_43265,116
synth_43297,116
synth_43316,116
synth_43100,116
synth_43178,116
synth_43378,116
synth_43150,116
synth_43272,116
synth_43446,116
synth_43455,116
synth_43267,116
synth_43359,116
synth_43463,116
synth_43113,116
synth_43296,116
synth_43329,116
synth_43457,116
synth_43134,116
synth_43314,116
synth_43140,116
synth_43155,116
synth_43327,116
synth_43407,116
synth_43107,116
synth_43221,116
synth_43262,116
synth_43444,116
synth_43130,116
synth_43142,116
synth_43193,116
synth_43021,116
synth_43048,116
synth_43405,116
synth_43230,116
synth_43406,116
synth_43104,116
synth_43341,116
synth_43396,116
synth_43443,116
synth_43099,116
synth_43207,116
synth_43024,116
synth_43312,116
synth_43159,116
synth_43427,116
synth_43462,116
synth_43467,116
synth_43129,116
synth_43236,116
synth_43348,116
synth_43360,116
synth_43185,116
synth_43414,116
synth_43381,116
synth_43333,116
synth_43039,116
synth_43435,116
synth_43068,116
synth_43073,116
synth_43116,116
synth_43397,116
synth_43276,116
synth_43285,116
synth_43409,116
synth_43353,116
synth_43145,116
synth_43223,116
synth_43370,116
synth_43402,116
synth_43031,116
synth_43199,116
synth_43208,116
synth_43167,116
synth_43105,116
synth_43309,116
synth_43311,116
synth_43224,116
synth_43439,116
synth_43004,116
synth_43212,116
synth_43282,116
synth_43029,116
synth_43234,116
synth_43442,116
synth_43089,116
synth_43060,116
synth_43043,116
synth_43153,116
synth_43331,116
synth_43338,116
synth_43376,116
synth_43123,116
synth_43131,116
synth_43225,116
synth_43344,116
synth_43210,116
synth_43300,116
synth_43027,116
synth_43080,116
synth_43382,116
synth_43038,116
synth_43053,116
synth_43171,116
synth_43287,116
synth_43425,116
synth_43122,116
synth_43172,116
synth_43363,116
synth_43321,116
synth_43209,116
synth_43279,116
synth_43371,116
synth_43366,116
synth_43387,116
synth_43136,116
synth_43168,116
synth_43379,116
synth_43008,116
synth_43137,116
synth_43256,116
synth_43261,116
synth_43426,116
synth_43121,116
synth_43372,116
synth_43306,116
synth_43093,116
synth_43081,116
synth_43085,116
synth_43401,116
synth_43147,116
synth_43269,116
synth_43133,116
synth_43200,116
synth_43050,116
synth_43335,116
synth_43062,116
synth_43392,116
synth_43173,116
synth_43354,116
synth_43368,116
synth_43416,116
synth_43191,116
synth_43019,116
synth_43119,116
synth_43318,116
synth_43456,116
synth_43054,116
synth_43169,116
synth_43250,116
synth_43194,116
synth_43356,116
synth_43036,116
synth_43264,116
synth_43323,116
synth_43179,116
synth_43026,116
synth_43108,116
synth_43092,116
synth_43220,116
synth_43464,116
synth_43369,116
synth_43187,116
synth_43233,116
synth_43074,116
synth_43096,116
synth_43118,116
synth_43347,116
synth_43213,116
synth_43222,116
synth_43249,116
synth_43365,116
synth_43066,116
synth_43110,116
synth_43246,116
synth_43288,116
synth_43315,116
synth_43453,116
synth_43399,116
synth_43313,116
synth_43165,116
synth_43022,116
synth_43051,116
synth_43175,116
synth_43410,116
synth_43461,116
synth_43086,116
synth_43158,116
synth_43186,116
synth_43047,116
synth_43468,116
synth_43163,116
synth_43056,116
synth_43317,116
synth_43390,116
synth_43197,116
synth_43125,116
synth_43180,116
synth_43307,116
synth_43240,116
synth_43182,116
synth_43301,116
synth_43087,116
synth_43239,116
synth_43373,116
synth_43408,116
synth_43117,116
synth_43151,116
synth_43152,116
synth_43418,116
synth_43211,116
synth_43258,116
synth_43082,116
synth_43303,116
synth_43018,116
synth_43355,116
synth_43413,116
synth_43389,116
synth_43422,116
synth_43007,116
synth_43072,116
synth_43078,116
synth_43045,116
synth_43188,116
synth_43343,116
synth_43042,116
synth_43290,116
synth_43436,116
synth_43437,116
synth_43460,116
synth_43138,116
synth_43433,116
synth_43183,116
synth_43032,116
synth_43124,116
synth_43014,116
synth_43115,116
synth_43216,116
synth_43400,116
synth_43097,116
synth_43257,116
synth_43084,116
synth_43011,116
synth_43013,116
synth_43231,116
synth_43202,116
synth_43226,116
synth_43466,116
synth_43058,116
synth_43228,116
synth_43057,116
synth_43063,116
synth_43106,116
synth_43069,116
synth_43135,116
synth_43419,116
synth_43454,116
synth_43364,116
synth_43352,116
synth_43428,116
synth_43076,116
synth_43201,116
synth_43181,116
synth_43005,116
synth_43270,116
synth_43157,116
synth_43244,116
synth_43128,116
synth_43459,116
synth_43139,116
synth_43195,116
synth_43219,116
synth_43275,116
synth_43332,116
synth_43283,116
synth_43337,116
synth_43417,116
synth_43109,116
synth_43438,116
synth_43064,116
synth_43127,116
synth_43289,116
synth_43160,116
synth_43254,116
synth_43322,116
synth_43357,116
synth_43448,116
synth_43044,116
synth_43162,116
synth_43156,116
synth_43170,116
synth_43176,116
synth_43334,116
synth_43411,116
synth_43132,116
synth_43065,116
synth_43350,116
synth_43320,116
synth_43112,116
synth_43346,116
synth_43102,116
synth_43295,116
synth_43458,116
synth_43377,116
synth_43304,116
synth_43243,116
synth_43404,116
synth_43420,116
synth_43016,116
synth_43430,116
synth_43449,116
synth_43340,116
synth_43349,116
synth_43041,116
synth_43148,116
synth_43924,115
synth_43483,115
synth_43713,115
synth_43490,115
synth_43916,115
synth_43545,115
synth_43523,115
synth_43598,115
synth_43633,115
synth_43834,115
synth_43839,115
synth_43554,115
synth_43618,115
synth_43702,115
synth_43754,115
synth_43776,115
synth_43724,115
synth_43938,115
synth_43663,115
synth_43740,115
synth_43812,115
synth_43816,115
synth_43721,115
synth_43741,115
synth_43659,115
synth_43900,115
synth_43792,115
synth_43515,115
synth_43722,115
synth_43851,115
synth_43737,115
synth_43790,115
synth_43594,115
synth_43940,115
synth_43543,115
synth_43575,115
synth_43577,115
synth_43608,115
synth_43627,115
synth_43646,115
synth_43689,115
synth_43819,115
synth_43907,115
synth_43943,115
synth_43544,115
synth_43878,115
synth_43927,115
synth_43507,115
synth_43568,115
synth_43736,115
synth_43541,115
synth_43530,115
synth_43682,115
synth_43571,115
synth_43867,115
synth_43525,115
synth_43696,115
synth_43766,115
synth_43794,115
synth_43478,115
synth_43648,115
synth_43846,115
synth_43852,115
synth_43877,115
synth_43860,115
synth_43884,115
synth_43914,115
synth_43707,115
synth_43845,115
synth_43535,115
synth_43550,115
synth_43855,115
synth_43781,115
synth_43848,115
synth_43558,115
synth_43813,115
synth_43842,115
synth_43719,115
synth_43540,115
synth_43613,115
synth_43920,115
synth_43926,115
synth_43472,115
synth_43803,115
synth_43548,115
synth_43720,115
synth_43746,115
synth_43788,115
synth_43917,115
synth_43495,115
synth_43697,115
synth_43750,115
synth_43502,115
synth_43509,115
synth_43869,115
synth_43874,115
synth_43728,115
synth_43854,115
synth_43903,115
synth_43937,115
synth_43742,115
synth_43861,115
synth_43666,115
synth_43862,115
synth_43534,115
synth_43549,115
synth_43649,115
synth_43930,115
synth_43759,115
synth_43771,115
synth_43799,115
synth_43610,115
synth_43667,115
synth_43868,115
synth_43600,115
synth_43837,115
synth_43841,115
synth_43908,115
synth_43643,115
synth_43671,115
synth_43679,115
synth_43712,115
synth_43640,115
synth_43661,115
synth_43701,115
synth_43625,115
synth_43656,115
synth_43760,115
synth_43757,115
synth_43486,115
synth_43505,115
synth_43673,115
synth_43573,115
synth_43561,115
synth_43563,115
synth_43619,115
synth_43901,115
synth_43636,115
synth_43872,115
synth_43718,115
synth_43517,115
synth_43830,115
synth_43739,115
synth_43578,115
synth_43583,115
synth_43763,115
synth_43519,115
synth_43595,115
synth_43817,115
synth_43822,115
synth_43894,115
synth_43755,115
synth_43843,115
synth_43606,115
synth_43669,115
synth_43835,115
synth_43935,115
synth_43553,115
synth_43565,115
synth_43489,115
synth_43677,115
synth_43858,115
synth_43474,115
synth_43557,115
synth_43597,115
synth_43833,115
synth_43923,115
synth_43652,115
synth_43831,115
synth_43885,115
synth_43703,115
synth_43749,115
synth_43533,115
synth_43801,115
synth_43859,115
synth_43761,115
synth_43785,115
synth_43797,115
synth_43555,115
synth_43826,115
synth_43918,115
synth_43520,115
synth_43512,115
synth_43590,115
synth_43699,115
synth_43772,115
synth_43715,115
synth_43779,115
synth_43481,115
synth_43528,115
synth_43693,115
synth_43714,115
synth_43879,115
synth_43524,115
synth_43647,115
synth_43587,115
synth_43599,115
synth_43804,115
synth_43665,115
synth_43513,115
synth_43556,115
synth_43569,115
synth_43576,115
synth_43774,115
synth_43829,115
synth_43514,115
synth_43685,115
synth_43889,115
synth_43639,115
synth_43516,115
synth_43684,115
synth_43764,115
synth_43508,115
synth_43510,115
synth_43609,115
synth_43902,115
synth_43628,115
synth_43678,115
synth_43745,115
synth_43770,115
synth_43886,115
synth_43621,115
synth_43932,115
synth_43615,115
synth_43634,115
synth_43850,115
synth_43506,115
synth_43567,115
synth_43732,115
synth_43694,115
synth_43591,115
synth_43473,115
synth_43469,115
synth_43644,115
synth_43863,115
synth_43492,115
synth_43687,115
synth_43925,115
synth_43807,115
synth_43560,115
synth_43815,115
synth_43904,115
synth_43698,115
synth_43782,115
synth_43564,115
synth_43562,115
synth_43623,115
synth_43674,115
synth_43748,115
synth_43933,115
synth_43529,115
synth_43614,115
synth_43645,115
synth_43836,115
synth_43942,115
synth_43690,115
synth_43479,115
synth_43500,115
synth_43588,115
synth_43913,115
synth_43941,115
synth_43642,115
synth_43522,115
synth_43635,115
synth_43547,115
synth_43806,115
synth_43711,115
synth_43751,115
synth_43915,115
synth_43582,115
synth_43729,115
synth_43838,115
synth_43898,115
synth_43480,115
synth_43484,115
synth_43622,115
synth_43475,115
synth_43584,115
synth_43873,115
synth_43499,115
synth_43871,115
synth_43891,115
synth_43488,115
synth_43753,115
synth_43477,115
synth_43504,115
synth_43668,115
synth_43783,115
synth_43496,115
synth_43762,115
synth_43787,115
synth_43537,115
synth_43637,115
synth_43683,115
synth_43897,115
synth_43704,115
synth_43795,115
synth_43527,115
synth_43579,115
synth_43921,115
synth_43581,115
synth_43730,115
synth_43880,115
synth_43551,115
synth_43800,115
synth_43922,115
synth_43931,115
synth_43485,115
synth_43620,115
synth_43710,115
synth_43470,115
synth_43632,115
synth_43747,115
synth_43789,115
synth_43809,115
synth_43875,115
synth_43611,115
synth_43680,115
synth_43899,115
synth_43808,115
synth_43810,115
synth_43929,115
synth_43758,115
synth_43865,115
synth_43572,115
synth_43585,115
synth_43471,115
synth_43503,115
synth_43641,115
synth_43864,115
synth_43909,115
synth_43936,115
synth_43511,115
synth_43651,115
synth_43607,115
synth_43882,115
synth_43526,115
synth_43866,115
synth_43890,115
synth_43521,115
synth_43566,115
synth_43664,115
synth_43688,115
synth_43939,115
synth_43546,115
synth_43552,115
synth_43605,115
synth_43731,115
synth_43775,115
synth_43586,115
synth_43743,115
synth_43881,115
synth_43765,115
synth_43824,115
synth_43570,115
synth_43617,115
synth_43777,115
synth_43827,115
synth_43744,115
synth_43814,115
synth_43840,115
synth_43856,115
synth_43536,115
synth_43602,115
synth_43658,115
synth_43630,115
synth_43734,115
synth_43773,115
synth_43820,115
synth_43725,115
synth_43532,115
synth_43832,115
synth_43870,115
synth_43892,115
synth_43905,115
synth_43662,115
synth_43752,115
synth_43709,115
synth_43612,115
synth_43657,115
synth_43934,115
synth_43708,115
synth_43906,115
synth_43601,115
synth_43672,115
synth_43849,115
synth_43727,115
synth_43482,115
synth_43681,115
synth_43538,115
synth_43726,115
synth_43738,115
synth_43476,115
synth_43888,115
synth_43780,115
synth_43705,115
synth_43796,115
synth_43716,115
synth_43559,115
synth_43616,115
synth_43805,115
synth_43893,115
synth_43501,115
synth_43769,115
synth_43887,115
synth_43592,115
synth_43670,115
synth_43675,115
synth_43686,115
synth_43828,115
synth_43847,115
synth_43735,115
synth_43626,115
synth_43655,115
synth_43733,115
synth_43786,115
synth_43493,115
synth_43692,115
synth_43596,115
synth_43911,115
synth_43928,115
synth_43542,115
synth_43756,115
synth_43857,115
synth_43574,115
synth_43768,115
synth_43487,115
synth_43498,115
synth_43802,115
synth_43791,115
synth_43676,115
synth_43876,115
synth_43912,115
synth_43494,115
synth_43518,115
synth_43589,115
synth_43531,115
synth_43629,115
synth_43631,115
synth_43604,115
synth_43660,115
synth_43811,115
synth_43853,115
synth_43798,115
synth_43654,115
synth_43895,115
synth_43580,115
synth_43793,115
synth_43910,115
synth_43919,115
synth_43717,115
synth_43603,115
synth_43706,115
synth_43491,115
synth_43593,115
synth_43624,115
synth_43883,115
synth_43539,115
synth_43823,115
synth_43695,115
synth_43825,115
synth_43844,115
synth_43723,115
synth_43691,115
synth_43497,115
synth_43650,115
synth_43778,115
synth_43784,115
synth_43818,115
synth_43638,115
synth_43653,115
synth_43700,115
synth_43767,115
synth_43821,115
synth_43896,115
synth_44042,114
synth_44305,114
synth_43985,114
synth_44000,114
synth_44403,114
synth_44358,114
synth_44417,114
synth_44067,114
synth_44413,114
synth_44225,114
synth_44294,114
synth_43952,114
synth_44218,114
synth_44238,114
synth_44155,114
synth_44176,114
synth_44250,114
synth_44306,114
synth_44170,114
synth_44338,114
synth_44350,114
synth_44258,114
synth_44263,114
synth_44352,114
synth_44423,114
synth_43973,114
synth_44023,114
synth_44380,114
synth_44383,114
synth_44177,114
synth_44131,114
synth_44151,114
synth_44361,114
synth_44035,114
synth_44190,114
synth_44236,114
synth_44027,114
synth_44283,114
synth_44006,114
synth_43999,114
synth_43953,114
synth_44083,114
synth_44140,114
synth_43976,114
synth_44167,114
synth_44076,114
synth_44137,114
synth_44141,114
synth_44341,114
synth_44172,114
synth_44227,114
synth_43956,114
synth_44244,114
synth_44025,114
synth_44323,114
synth_44291,114
synth_44049,114
synth_44089,114
synth_44282,114
synth_44310,114
synth_44389,114
synth_44344,114
synth_44056,114
synth_44090,114
synth_44295,114
synth_44036,114
synth_44051,114
synth_44092,114
synth_44164,114
synth_44414,114
synth_44179,114
synth_44235,114
synth_44393,114
synth_43957,114
synth_44094,114
synth_44173,114
synth_44200,114
synth_44217,114
synth_44359,114
synth_43971,114
synth_44044,114
synth_44068,114
synth_44124,114
synth_44243,114
synth_44197,114
synth_44147,114
synth_44411,114
synth_43960,114
synth_44063,114
synth_44340,114
synth_44031,114
synth_44252,114
synth_44297,114
synth_44331,114
synth_44386,114
synth_44130,114
synth_44153,114
synth_44348,114
synth_44374,114
synth_44085,114
synth_44188,114
synth_44354,114
synth_43988,114
synth_43989,114
synth_43955,114
synth_44016,114
synth_44262,114
synth_44144,114
synth_43997,114
synth_44208,114
synth_44278,114
synth_44355,114
synth_44382,114
synth_44248,114
synth_44069,114
synth_44425,114
synth_44280,114
synth_44105,114
synth_44086,114
synth_44156,114
synth_44226,114
synth_44328,114
synth_44368,114
synth_44397,114
synth_44422,114
synth_43965,114
synth_44391,114
synth_44210,114
synth_44329,114
synth_43968,114
synth_44015,114
synth_44205,114
synth_44259,114
synth_44399,114
synth_44118,114
synth_43950,114
synth_43983,114
synth_44002,114
synth_44064,114
synth_44135,114
synth_44158,114
synth_44293,114
synth_43967,114
synth_44047,114
synth_44367,114
synth_44320,114
synth_44048,114
synth_44013,114
synth_44316,114
synth_44396,114
synth_43949,114
synth_44299,114
synth_44360,114
synth_44096,114
synth_44106,114
synth_44381,114
synth_44077,114
synth_44424,114
synth_44223,114
synth_43998,114
synth_44219,114
synth_44260,114
synth_44078,114
synth_44138,114
synth_44185,114
synth_44230,114
synth_44369,114
synth_44376,114
synth_44136,114
synth_44408,114
synth_44037,114
synth_44286,114
synth_43974,114
synth_44373,114
synth_44110,114
synth_44351,114
synth_44371,114
synth_44400,114
synth_43948,114
synth_44203,114
synth_44401,114
synth_44146,114
synth_44287,114
synth_44102,114
synth_44222,114
synth_44074,114
synth_44132,114
synth_44148,114
synth_44112,114
synth_44254,114
synth_44198,114
synth_44194,114
synth_44183,114
synth_44285,114
synth_44009,114
synth_44128,114
synth_44342,114
synth_44168,114
synth_44175,114
synth_44202,114
synth_44261,114
synth_44269,114
synth_44126,114
synth_44274,114
synth_44343,114
synth_44412,114
synth_43984,114
synth_44071,114
synth_44012,114
synth_44390,114
synth_43959,114
synth_44195,114
synth_44337,114
synth_44301,114
synth_44309,114
synth_44115,114
synth_44014,114
synth_44312,114
synth_44370,114
synth_44143,114
synth_43975,114
synth_44032,114
synth_44088,114
synth_44362,114
synth_44231,114
synth_43986,114
synth_43977,114
synth_44247,114
synth_44296,114
synth_44421,114
synth_44187,114
synth_44237,114
synth_44357,114
synth_44116,114
synth_43978,114
synth_44007,114
synth_44103,114
synth_44204,114
synth_44212,114
synth_43958,114
synth_44304,114
synth_44427,114
synth_44111,114
synth_44267,114
synth_44416,114
synth_44026,114
synth_44232,114
synth_44061,114
synth_44113,114
synth_44279,114
synth_44160,114
synth_44008,114
synth_44215,114
synth_44255,114
synth_44104,114
synth_44108,114
synth_44178,114
synth_44307,114
synth_44075,114
synth_44127,114
synth_44303,114
synth_43954,114
synth_44060,114
synth_44221,114
synth_43972,114
synth_43992,114
synth_44033,114
synth_44065,114
synth_44107,114
synth_44152,114
synth_44266,114
synth_44080,114
synth_44265,114
synth_44300,114
synth_43946,114
synth_44387,114
synth_43961,114
synth_44366,114
synth_44129,114
synth_44375,114
synth_44339,114
synth_44165,114
synth_44241,114
synth_44311,114
synth_44072,114
synth_44214,114
synth_44257,114
synth_44385,114
synth_44289,114
synth_44379,114
synth_43944,114
synth_44024,114
synth_44330,114
synth_44159,114
synth_44189,114
synth_44321,114
synth_44010,114
synth_44319,114
synth_44162,114
synth_44011,114
synth_44030,114
synth_44099,114
synth_44018,114
synth_43980,114
synth_44242,114
synth_44410,114
synth_44040,114
synth_44275,114
synth_44277,114
synth_44349,114
synth_44322,114
synth_44281,114
synth_44251,114
synth_44327,114
synth_44392,114
synth_44133,114
synth_44201,114
synth_44318,114
synth_44028,114
synth_44246,114
synth_44224,114
synth_44273,114
synth_43994,114
synth_44157,114
synth_44057,114
synth_44145,114
synth_44192,114
synth_44206,114
synth_44288,114
synth_44245,114
synth_44325,114
synth_43963,114
synth_43964,114
synth_44082,114
synth_44302,114
synth_44039,114
synth_44228,114
synth_44264,114
synth_44174,114
synth_44256,114
synth_44364,114
synth_44017,114
synth_44229,114
synth_44346,114
synth_44059,114
synth_44332,114
synth_44315,114
synth_44062,114
synth_44186,114
synth_44253,114
synth_44270,114
synth_44038,114
synth_44313,114
synth_44317,114
synth_44326,114
synth_44415,114
synth_44117,114
synth_44022,114
synth_44347,114
synth_44019,114
synth_44394,114
synth_44345,114
synth_44356,114
synth_44398,114
synth_44407,114
synth_44004,114
synth_44046,114
synth_44058,114
synth_44336,114
synth_44353,114
synth_44384,114
synth_43970,114
synth_43991,114
synth_44003,114
synth_44052,114
synth_44055,114
synth_44193,114
synth_43990,114
synth_43993,114
synth_44207,114
synth_44213,114
synth_44268,114
synth_44119,114
synth_44180,114
synth_44079,114
synth_44154,114
synth_44220,114
synth_44249,114
synth_44271,114
synth_44405,114
synth_44409,114
synth_44142,114
synth_43982,114
synth_44239,114
synth_44284,114
synth_44418,114
synth_43996,114
synth_43981,114
synth_44365,114
synth_44240,114
synth_44053,114
synth_44029,114
synth_44166,114
synth_44209,114
synth_44333,114
synth_44372,114
synth_44139,114
synth_44066,114
synth_44150,114
synth_44292,114
synth_44298,114
synth_43987,114
synth_44001,114
synth_44081,114
synth_44095,114
synth_44290,114
synth_44395,114
synth_44091,114
synth_44163,114
synth_44234,114
synth_44021,114
synth_44171,114
synth_44363,114
synth_43951,114
synth_44020,114
synth_44043,114
synth_44054,114
synth_44149,114
synth_44199,114
synth_43979,114
synth_44084,114
synth_44101,114
synth_43947,114
synth_44034,114
synth_44272,114
synth_44335,114
synth_44161,114
synth_43962,114
synth_44125,114
synth_44050,114
synth_44216,114
synth_44402,114
synth_44041,114
synth_44109,114
synth_44134,114
synth_44324,114
synth_44388,114
synth_44404,114
synth_44426,114
synth_43995,114
synth_44121,114
synth_44196,114
synth_44211,114
synth_44420,114
synth_44122,114
synth_44191,114
synth_44406,114
synth_44123,114
synth_44308,114
synth_44419,114
synth_43969,114
synth_44334,114
synth_44073,114
synth_44181,114
synth_43966,114
synth_44233,114
synth_44314,114
synth_44005,114
synth_44114,114
synth_44276,114
synth_44097,114
synth_44377,114
synth_43945,114
synth_44100,114
synth_44184,114
synth_44087,114
synth_44378,114
synth_44120,114
synth_44182,114
synth_44093,114
synth_44098,114
synth_44045,114
synth_44169,114
synth_44070,114
synth_44454,113
synth_44677,113
synth_44777,113
synth_44787,113
synth_44702,113
synth_44476,113
synth_44513,113
synth_44554,113
synth_44569,113
synth_44817,113
synth_44850,113
synth_44455,113
synth_44696,113
synth_44916,113
synth_44497,113
synth_44738,113
synth_44802,113
synth_44551,113
synth_44552,113
synth_44543,113
synth_44583,113
synth_44872,113
synth_44462,113
synth_44653,113
synth_44664,113
synth_44697,113
synth_44733,113
synth_44815,113
synth_44853,113
synth_44538,113
synth_44910,113
synth_44575,113
synth_44744,113
synth_44794,113
synth_44466,113
synth_44496,113
synth_44642,113
synth_44844,113
synth_44849,113
synth_44864,113
synth_44457,113
synth_44605,113
synth_44500,113
synth_44674,113
synth_44438,113
synth_44590,113
synth_44591,113
synth_44594,113
synth_44608,113
synth_44785,113
synth_44890,113
synth_44475,113
synth_44492,113
synth_44648,113
synth_44718,113
synth_44824,113
synth_44880,113
synth_44447,113
synth_44780,113
synth_44863,113
synth_44823,113
synth_44698,113
synth_44728,113
synth_44915,113
synth_44483,113
synth_44548,113
synth_44618,113
synth_44691,113
synth_44891,113
synth_44735,113
synth_44587,113
synth_44655,113
synth_44665,113
synth_44679,113
synth_44693,113
synth_44517,113
synth_44553,113
synth_44859,113
synth_44628,113
synth_44685,113
synth_44759,113
synth_44481,113
synth_44565,113
synth_44848,113
synth_44692,113
synth_44746,113
synth_44472,113
synth_44682,113
synth_44816,113
synth_44799,113
synth_44558,113
synth_44528,113
synth_44616,113
synth_44632,113
synth_44573,113
synth_44660,113
synth_44703,113
synth_44753,113
synth_44861,113
synth_44603,113
synth_44896,113
synth_44495,113
synth_44593,113
synth_44865,113
synth_44444,113
synth_44650,113
synth_44670,113
synth_44902,113
synth_44822,113
synth_44727,113
synth_44841,113
synth_44881,113
synth_44839,113
synth_44619,113
synth_44567,113
synth_44584,113
synth_44756,113
synth_44906,113
synth_44857,113
synth_44574,113
synth_44835,113
synth_44836,113
synth_44711,113
synth_44907,113
synth_44726,113
synth_44596,113
synth_44606,113
synth_44858,113
synth_44494,113
synth_44527,113
synth_44523,113
synth_44789,113
synth_44888,113
synth_44652,113
synth_44716,113
synth_44792,113
synth_44895,113
synth_44437,113
synth_44450,113
synth_44474,113
synth_44592,113
synth_44831,113
synth_44602,113
synth_44585,113
synth_44734,113
synth_44441,113
synth_44595,113
synth_44439,113
synth_44442,113
synth_44449,113
synth_44681,113
synth_44845,113
synth_44856,113
synth_44520,113
synth_44633,113
synth_44793,113
synth_44909,113
synth_44535,113
synth_44566,113
synth_44521,113
synth_44625,113
synth_44820,113
synth_44630,113
synth_44762,113
synth_44514,113
synth_44742,113
synth_44743,113
synth_44783,113
synth_44784,113
synth_44838,113
synth_44530,113
synth_44532,113
synth_44577,113
synth_44581,113
synth_44622,113
synth_44668,113
synth_44819,113
synth_44826,113
synth_44617,113
synth_44736,113
synth_44814,113
synth_44588,113
synth_44760,113
synth_44714,113
synth_44766,113
synth_44840,113
synth_44678,113
synth_44683,113
synth_44621,113
synth_44721,113
synth_44772,113
synth_44812,113
synth_44705,113
synth_44729,113
synth_44436,113
synth_44564,113
synth_44688,113
synth_44695,113
synth_44867,113
synth_44549,113
synth_44599,113
synth_44686,113
synth_44540,113
synth_44531,113
synth_44638,113
synth_44647,113
synth_44562,113
synth_44464,113
synth_44465,113
synth_44546,113
synth_44723,113
synth_44846,113
synth_44463,113
synth_44882,113
synth_44453,113
synth_44732,113
synth_44430,113
synth_44529,113
synth_44428,113
synth_44468,113
synth_44730,113
synth_44460,113
synth_44515,113
synth_44666,113
synth_44748,113
synth_44797,113
synth_44452,113
synth_44482,113
synth_44434,113
synth_44458,113
synth_44598,113
synth_44601,113
synth_44754,113
synth_44659,113
synth_44662,113
synth_44717,113
synth_44485,113
synth_44774,113
synth_44813,113
synth_44847,113
synth_44699,113
synth_44615,113
synth_44713,113
synth_44833,113
synth_44561,113
synth_44918,113
synth_44568,113
synth_44825,113
synth_44636,113
synth_44749,113
synth_44503,113
synth_44651,113
synth_44747,113
synth_44555,113
synth_44801,113
synth_44518,113
synth_44649,113
synth_44873,113
synth_44432,113
synth_44623,113
synth_44654,113
synth_44706,113
synth_44488,113
synth_44764,113
synth_44775,113
synth_44781,113
synth_44522,113
synth_44559,113
synth_44634,113
synth_44904,113
synth_44604,113
synth_44490,113
synth_44572,113
synth_44600,113
synth_44473,113
synth_44510,113
synth_44609,113
synth_44435,113
synth_44669,113
synth_44709,113
synth_44586,113
synth_44612,113
synth_44614,113
synth_44631,113
synth_44658,113
synth_44484,113
synth_44645,113
synth_44866,113
synth_44541,113
synth_44487,113
synth_44672,113
synth_44707,113
synth_44597,113
synth_44663,113
synth_44901,113
synth_44607,113
synth_44761,113
synth_44467,113
synth_44557,113
synth_44689,113
synth_44722,113
synth_44667,113
synth_44687,113
synth_44701,113
synth_44715,113
synth_44778,113
synth_44796,113
synth_44828,113
synth_44646,113
synth_44673,113
synth_44431,113
synth_44533,113
synth_44755,113
synth_44505,113
synth_44795,113
synth_44579,113
synth_44611,113
synth_44671,113
synth_44779,113
synth_44870,113
synth_44524,113
synth_44582,113
synth_44676,113
synth_44740,113
synth_44767,113
synth_44798,113
synth_44830,113
synth_44433,113
synth_44589,113
synth_44440,113
synth_44445,113
synth_44570,113
synth_44739,113
synth_44758,113
synth_44919,113
synth_44477,113
synth_44480,113
synth_44610,113
synth_44661,113
synth_44493,113
synth_44507,113
synth_44641,113
synth_44694,113
synth_44443,113
synth_44512,113
synth_44624,113
synth_44627,113
synth_44827,113
synth_44829,113
synth_44855,113
synth_44498,113
synth_44504,113
synth_44629,113
synth_44635,113
synth_44501,113
synth_44657,113
synth_44643,113
synth_44545,113
synth_44446,113
synth_44509,113
synth_44805,113
synth_44752,113
synth_44791,113
synth_44491,113
synth_44547,113
synth_44675,113
synth_44854,113
synth_44889,113
synth_44516,113
synth_44806,113
synth_44834,113
synth_44620,113
synth_44768,113
synth_44471,113
synth_44803,113
synth_44885,113
synth_44519,113
synth_44737,113
synth_44821,113
synth_44700,113
synth_44534,113
synth_44868,113
synth_44782,113
synth_44862,113
synth_44506,113
synth_44899,113
synth_44892,113
synth_44917,113
synth_44640,113
synth_44912,113
synth_44893,113
synth_44429,113
synth_44763,113
synth_44773,113
synth_44837,113
synth_44486,113
synth_44637,113
synth_44807,113
synth_44884,113
synth_44720,113
synth_44786,113
synth_44731,113
synth_44771,113
synth_44832,113
synth_44626,113
synth_44860,113
synth_44745,113
synth_44800,113
synth_44876,113
synth_44886,113
synth_44451,113
synth_44508,113
synth_44525,113
synth_44810,113
synth_44526,113
synth_44571,113
synth_44804,113
synth_44684,113
synth_44808,113
synth_44877,113
synth_44560,113
synth_44751,113
synth_44461,113
synth_44724,113
synth_44790,113
synth_44536,113
synth_44580,113
synth_44712,113
synth_44469,113
synth_44680,113
synth_44770,113
synth_44894,113
synth_44544,113
synth_44757,113
synth_44537,113
synth_44898,113
synth_44842,113
synth_44908,113
synth_44913,113
synth_44556,113
synth_44470,113
synth_44874,113
synth_44879,113
synth_44903,113
synth_44690,113
synth_44769,113
synth_44809,113
synth_44887,113
synth_44499,113
synth_44818,113
synth_44883,113
synth_44478,113
synth_44708,113
synth_44710,113
synth_44869,113
synth_44511,113
synth_44550,113
synth_44456,113
synth_44843,113
synth_44921,113
synth_44489,113
synth_44578,113
synth_44914,113
synth_44920,113
synth_44448,113
synth_44563,113
synth_44656,113
synth_44851,113
synth_44871,113
synth_44479,113
synth_44776,113
synth_44644,113
synth_44900,113
synth_44502,113
synth_44639,113
synth_44704,113
synth_44875,113
synth_44765,113
synth_44459,113
synth_44741,113
synth_44911,113
synth_44542,113
synth_44539,113
synth_44576,113
synth_44725,113
synth_44788,113
synth_44905,113
synth_44811,113
synth_44719,113
synth_44852,113
synth_44878,113
synth_44750,113
synth_44613,113
synth_44897,113
synth_45070,112
synth_45130,112
synth_45242,112
synth_45305,112
synth_45396,112
synth_44972,112
synth_45010,112
synth_45259,112
synth_45284,112
synth_45302,112
synth_45328,112
synth_45329,112
synth_44940,112
synth_45207,112
synth_44995,112
synth_45091,112
synth_45136,112
synth_45252,112
synth_45264,112
synth_45038,112
synth_45061,112
synth_45369,112
synth_45177,112
synth_45303,112
synth_45165,112
synth_45166,112
synth_45364,112
synth_45421,112
synth_44950,112
synth_44980,112
synth_44937,112
synth_45124,112
synth_45360,112
synth_45419,112
synth_44936,112
synth_45034,112
synth_45105,112
synth_45263,112
synth_45358,112
synth_44947,112
synth_45146,112
synth_45238,112
synth_45376,112
synth_44978,112
synth_45352,112
synth_45048,112
synth_45011,112
synth_45295,112
synth_45397,112
synth_44924,112
synth_45016,112
synth_45050,112
synth_45032,112
synth_45053,112
synth_45117,112
synth_45140,112
synth_45170,112
synth_45197,112
synth_44930,112
synth_45058,112
synth_45201,112
synth_45339,112
synth_44943,112
synth_45127,112
synth_45208,112
synth_45235,112
synth_45148,112
synth_44931,112
synth_45138,112
synth_45191,112
synth_44993,112
synth_45043,112
synth_45109,112
synth_45240,112
synth_45299,112
synth_44926,112
synth_45027,112
synth_45040,112
synth_45057,112
synth_45075,112
synth_45014,112
synth_45142,112
synth_45222,112
synth_45065,112
synth_45225,112
synth_45307,112
synth_45412,112
synth_44999,112
synth_45033,112
synth_45322,112
synth_45054,112
synth_45410,112
synth_44944,112
synth_44968,112
synth_45351,112
synth_45005,112
synth_45344,112
synth_44982,112
synth_45132,112
synth_45342,112
synth_45274,112
synth_45063,112
synth_45243,112
synth_45367,112
synth_45179,112
synth_45193,112
synth_45250,112
synth_45392,112
synth_45013,112
synth_45169,112
synth_45332,112
synth_45348,112
synth_45089,112
synth_45108,112
synth_45147,112
synth_45172,112
synth_45200,112
synth_45399,112
synth_44994,112
synth_45019,112
synth_45072,112
synth_45158,112
synth_45377,112
synth_45425,112
synth_45171,112
synth_45289,112
synth_45185,112
synth_45194,112
synth_45407,112
synth_45424,112
synth_45220,112
synth_45291,112
synth_45028,112
synth_45131,112
synth_45258,112
synth_44987,112
synth_45160,112
synth_45227,112
synth_45345,112
synth_45035,112
synth_45219,112
synth_45006,112
synth_45062,112
synth_45319,112
synth_45073,112
synth_45137,112
synth_45002,112
synth_45017,112
synth_45133,112
synth_45285,112
synth_45039,112
synth_45135,112
synth_45156,112
synth_45315,112
synth_45150,112
synth_45203,112
synth_45310,112
synth_45068,112
synth_45226,112
synth_45239,112
synth_45414,112
synth_44960,112
synth_45003,112
synth_45081,112
synth_45113,112
synth_45278,112
synth_45372,112
synth_45413,112
synth_45415,112
synth_44939,112
synth_45099,112
synth_45114,112
synth_45286,112
synth_44948,112
synth_45161,112
synth_44977,112
synth_45281,112
synth_44945,112
synth_45004,112
synth_45149,112
synth_44991,112
synth_45218,112
synth_45234,112
synth_44957,112
synth_45417,112
synth_45283,112
synth_45311,112
synth_45031,112
synth_45080,112
synth_45202,112
synth_45206,112
synth_45221,112
synth_45309,112
synth_44979,112
synth_45400,112
synth_45023,112
synth_45111,112
synth_45155,112
synth_45316,112
synth_45338,112
synth_44933,112
synth_45096,112
synth_45125,112
synth_45409,112
synth_45159,112
synth_45401,112
synth_45128,112
synth_45144,112
synth_45324,112
synth_45362,112
synth_45036,112
synth_45167,112
synth_45268,112
synth_45394,112
synth_45196,112
synth_45261,112
synth_45300,112
synth_44923,112
synth_44971,112
synth_45205,112
synth_45313,112
synth_44935,112
synth_45044,112
synth_45077,112
synth_45209,112
synth_45350,112
synth_45365,112
synth_45408,112
synth_45162,112
synth_45229,112
synth_45337,112
synth_44973,112
synth_45066,112
synth_45126,112
synth_45198,112
synth_45383,112
synth_45388,112
synth_44954,112
synth_45037,112
synth_45389,112
synth_45422,112
synth_44928,112
synth_45233,112
synth_45270,112
synth_45042,112
synth_45088,112
synth_45181,112
synth_45245,112
synth_45346,112
synth_45152,112
synth_45380,112
synth_44983,112
synth_45195,112
synth_45385,112
synth_44927,112
synth_44938,112
synth_45118,112
synth_45173,112
synth_45180,112
synth_44967,112
synth_44963,112
synth_45199,112
synth_45347,112
synth_45085,112
synth_45255,112
synth_45357,112
synth_45356,112
synth_45041,112
synth_45217,112
synth_45355,112
synth_45420,112
synth_45327,112
synth_45334,112
synth_44956,112
synth_45078,112
synth_45183,112
synth_44922,112
synth_44981,112
synth_45015,112
synth_45079,112
synth_45151,112
synth_45000,112
synth_45020,112
synth_45375,112
synth_44942,112
synth_45049,112
synth_45100,112
synth_44958,112
synth_45087,112
synth_45265,112
synth_45343,112
synth_45107,112
synth_45393,112
synth_45404,112
synth_45182,112
synth_45186,112
synth_44969,112
synth_45129,112
synth_45381,112
synth_45092,112
synth_45280,112
synth_45298,112
synth_45279,112
synth_45318,112
synth_45331,112
synth_45371,112
synth_45223,112
synth_45260,112
synth_45363,112
synth_45086,112
synth_45378,112
synth_45382,112
synth_45001,112
synth_45082,112
synth_45213,112
synth_45267,112
synth_45308,112
synth_45084,112
synth_45333,112
synth_45097,112
synth_45326,112
synth_44964,112
synth_44988,112
synth_45056,112
synth_45157,112
synth_45248,112
synth_45272,112
synth_44996,112
synth_45123,112
synth_45257,112
synth_45321,112
synth_45060,112
synth_45103,112
synth_45115,112
synth_45241,112
synth_45059,112
synth_45374,112
synth_45423,112
synth_45009,112
synth_45190,112
synth_44975,112
synth_45354,112
synth_45098,112
synth_45215,112
synth_45292,112
synth_45323,112
synth_45093,112
synth_45277,112
synth_45253,112
synth_44976,112
synth_44989,112
synth_45244,112
synth_45314,112
synth_45064,112
synth_45273,112
synth_45288,112
synth_45411,112
synth_45012,112
synth_45026,112
synth_45051,112
synth_45214,112
synth_45330,112
synth_45224,112
synth_45007,112
synth_45112,112
synth_45134,112
synth_44990,112
synth_45008,112
synth_45153,112
synth_45269,112
synth_45386,112
synth_45184,112
synth_45249,112
synth_45256,112
synth_44955,112
synth_45294,112
synth_45340,112
synth_45174,112
synth_45336,112
synth_45120,112
synth_45122,112
synth_45335,112
synth_45067,112
synth_45102,112
synth_45168,112
synth_44997,112
synth_45164,112
synth_45187,112
synth_45282,112
synth_45116,112
synth_45254,112
synth_45379,112
synth_45387,112
synth_45121,112
synth_45366,112
synth_44961,112
synth_44986,112
synth_45104,112
synth_45143,112
synth_45390,112
synth_45416,112
synth_45176,112
synth_45192,112
synth_45406,112
synth_45154,112
synth_45052,112
synth_45076,112
synth_45228,112
synth_45391,112
synth_44959,112
synth_45090,112
synth_45178,112
synth_45262,112
synth_45276,112
synth_45405,112
synth_44952,112
synth_45188,112
synth_45361,112
synth_44946,112
synth_45145,112
synth_45325,112
synth_44998,112
synth_45025,112
synth_45251,112
synth_45312,112
synth_44941,112
synth_45398,112
synth_45139,112
synth_45232,112
synth_45266,112
synth_44985,112
synth_45024,112
synth_45341,112
synth_45290,112
synth_45119,112
synth_45306,112
synth_45030,112
synth_45141,112
synth_45211,112
synth_45231,112
synth_45237,112
synth_45296,112
synth_44949,112
synth_45426,112
synth_44925,112
synth_44951,112
synth_45071,112
synth_45293,112
synth_45045,112
synth_45046,112
synth_45204,112
synth_45402,112
synth_44953,112
synth_45163,112
synth_45297,112
synth_45074,112
synth_45287,112
synth_44984,112
synth_45083,112
synth_45275,112
synth_45384,112
synth_45403,112
synth_44965,112
synth_44974,112
synth_45029,112
synth_45047,112
synth_44966,112
synth_45022,112
synth_45095,112
synth_45069,112
synth_45349,112
synth_45373,112
synth_45317,112
synth_45359,112
synth_45018,112
synth_45055,112
synth_45094,112
synth_45236,112
synth_45247,112
synth_45353,112
synth_45246,112
synth_45271,112
synth_45210,112
synth_45230,112
synth_45418,112
synth_44932,112
synth_44934,112
synth_45101,112
synth_45189,112
synth_45370,112
synth_45320,112
synth_44992,112
synth_45021,112
synth_45106,112
synth_45368,112
synth_44970,112
synth_45216,112
synth_45395,112
synth_45212,112
synth_44929,112
synth_45110,112
synth_45175,112
synth_45301,112
synth_45304,112
synth_44962,112
synth_45770,111
synth_45904,111
synth_45762,111
synth_45829,111
synth_45808,111
synth_45878,111
synth_45910,111
synth_45608,111
synth_45532,111
synth_45901,111
synth_45501,111
synth_45855,111
synth_45782,111
synth_45760,111
synth_45836,111
synth_45694,111
synth_45883,111
synth_45621,111
synth_45448,111
synth_45487,111
synth_45708,111
synth_45530,111
synth_45723,111
synth_45726,111
synth_45861,111
synth_45463,111
synth_45525,111
synth_45925,111
synth_45460,111
synth_45659,111
synth_45834,111
synth_45909,111
synth_45892,111
synth_45751,111
synth_45642,111
synth_45748,111
synth_45552,111
synth_45658,111
synth_45784,111
synth_45796,111
synth_45893,111
synth_45739,111
synth_45683,111
synth_45809,111
synth_45789,111
synth_45602,111
synth_45926,111
synth_45514,111
synth_45574,111
synth_45862,111
synth_45923,111
synth_45591,111
synth_45902,111
synth_45863,111
synth_45818,111
synth_45887,111
synth_45738,111
synth_45851,111
synth_45905,111
synth_45740,111
synth_45881,111
synth_45440,111
synth_45468,111
synth_45495,111
synth_45906,111
synth_45675,111
synth_45725,111
synth_45507,111
synth_45800,111
synth_45645,111
synth_45656,111
synth_45568,111
synth_45746,111
synth_45509,111
synth_45598,111
synth_45671,111
synth_45939,111
synth_45565,111
synth_45444,111
synth_45684,111
synth_45917,111
synth_45729,111
synth_45488,111
synth_45601,111
synth_45624,111
synth_45452,111
synth_45494,111
synth_45613,111
synth_45538,111
synth_45449,111
synth_45517,111
synth_45580,111
synth_45806,111
synth_45812,111
synth_45845,111
synth_45896,111
synth_45791,111
synth_45792,111
synth_45742,111
synth_45826,111
synth_45619,111
synth_45437,111
synth_45443,111
synth_45814,111
synth_45562,111
synth_45564,111
synth_45722,111
synth_45727,111
synth_45736,111
synth_45743,111
synth_45663,111
synth_45780,111
synth_45567,111
synth_45703,111
synth_45596,111
synth_45566,111
synth_45631,111
synth_45714,111
synth_45466,111
synth_45474,111
synth_45510,111
synth_45515,111
synth_45799,111
synth_45492,111
synth_45697,111
synth_45536,111
synth_45432,111
synth_45584,111
synth_45761,111
synth_45918,111
synth_45934,111
synth_45665,111
synth_45692,111
synth_45805,111
synth_45822,111
synth_45542,111
synth_45576,111
synth_45579,111
synth_45524,111
synth_45769,111
synth_45914,111
synth_45573,111
synth_45548,111
synth_45603,111
synth_45933,111
synth_45490,111
synth_45560,111
synth_45462,111
synth_45609,111
synth_45758,111
synth_45885,111
synth_45747,111
synth_45500,111
synth_45833,111
synth_45872,111
synth_45543,111
synth_45797,111
synth_45605,111
synth_45712,111
synth_45823,111
synth_45622,111
synth_45753,111
synth_45595,111
synth_45850,111
synth_45523,111
synth_45898,111
synth_45556,111
synth_45475,111
synth_45653,111
synth_45550,111
synth_45691,111
synth_45793,111
synth_45755,111
synth_45641,111
synth_45646,111
synth_45537,111
synth_45533,111
synth_45865,111
synth_45555,111
synth_45456,111
synth_45660,111
synth_45816,111
synth_45844,111
synth_45868,111
synth_45561,111
synth_45644,111
synth_45879,111
synth_45558,111
synth_45810,111
synth_45427,111
synth_45465,111
synth_45587,111
synth_45688,111
synth_45679,111
synth_45763,111
synth_45700,111
synth_45737,111
synth_45777,111
synth_45831,111
synth_45669,111
synth_45894,111
synth_45707,111
synth_45832,111
synth_45471,111
synth_45572,111
synth_45766,111
synth_45544,111
synth_45617,111
synth_45750,111
synth_45434,111
synth_45891,111
synth_45611,111
synth_45886,111
synth_45634,111
synth_45715,111
synth_45597,111
synth_45522,111
synth_45570,111
synth_45655,111
synth_45840,111
synth_45620,111
synth_45483,111
synth_45903,111
synth_45593,111
synth_45670,111
synth_45772,111
synth_45674,111
synth_45433,111
synth_45502,111
synth_45513,111
synth_45866,111
synth_45778,111
synth_45651,111
synth_45554,111
synth_45682,111
synth_45625,111
synth_45706,111
synth_45756,111
synth_45528,111
synth_45680,111
synth_45804,111
synth_45612,111
synth_45664,111
synth_45846,111
synth_45626,111
synth_45745,111
synth_45529,111
synth_45549,111
synth_45935,111
synth_45787,111
synth_45643,111
synth_45520,111
synth_45927,111
synth_45928,111
synth_45476,111
synth_45511,111
synth_45519,111
synth_45650,111
synth_45472,111
synth_45649,111
synth_45677,111
synth_45733,111
synth_45794,111
synth_45871,111
synth_45508,111
synth_45858,111
synth_45633,111
synth_45728,111
synth_45819,111
synth_45776,111
synth_45553,111
synth_45830,111
synth_45744,111
synth_45667,111
synth_45668,111
synth_45720,111
synth_45638,111
synth_45704,111
synth_45672,111
synth_45685,111
synth_45695,111
synth_45900,111
synth_45623,111
synth_45731,111
synth_45435,111
synth_45710,111
synth_45718,111
synth_45801,111
synth_45802,111
synth_45853,111
synth_45607,111
synth_45719,111
synth_45534,111
synth_45599,111
synth_45545,111
synth_45627,111
synth_45478,111
synth_45551,111
synth_45907,111
synth_45446,111
synth_45464,111
synth_45781,111
synth_45616,111
synth_45485,111
synth_45590,111
synth_45661,111
synth_45912,111
synth_45571,111
synth_45681,111
synth_45820,111
synth_45600,111
synth_45457,111
synth_45786,111
synth_45807,111
synth_45938,111
synth_45461,111
synth_45493,111
synth_45647,111
synth_45604,111
synth_45453,111
synth_45512,111
synth_45614,111
synth_45654,111
synth_45705,111
synth_45588,111
synth_45526,111
synth_45788,111
synth_45773,111
synth_45795,111
synth_45847,111
synth_45635,111
synth_45445,111
synth_45825,111
synth_45856,111
synth_45547,111
synth_45930,111
synth_45489,111
synth_45678,111
synth_45870,111
synth_45429,111
synth_45540,111
synth_45932,111
synth_45467,111
synth_45837,111
synth_45447,111
synth_45828,111
synth_45874,111
synth_45890,111
synth_45913,111
synth_45931,111
synth_45686,111
synth_45867,111
synth_45895,111
synth_45632,111
synth_45477,111
synth_45518,111
synth_45521,111
synth_45884,111
synth_45436,111
synth_45701,111
synth_45915,111
synth_45480,111
synth_45889,111
synth_45479,111
synth_45594,111
synth_45785,111
synth_45450,111
synth_45527,111
synth_45592,111
synth_45937,111
synth_45702,111
synth_45815,111
synth_45713,111
synth_45839,111
synth_45470,111
synth_45482,111
synth_45854,111
synth_45636,111
synth_45841,111
synth_45583,111
synth_45711,111
synth_45922,111
synth_45441,111
synth_45639,111
synth_45852,111
synth_45559,111
synth_45629,111
synth_45589,111
synth_45821,111
synth_45827,111
synth_45496,111
synth_45586,111
synth_45936,111
synth_45484,111
synth_45606,111
synth_45779,111
synth_45648,111
synth_45689,111
synth_45798,111
synth_45503,111
synth_45842,111
synth_45724,111
synth_45817,111
synth_45882,111
synth_45628,111
synth_45428,111
synth_45459,111
synth_45499,111
synth_45899,111
synth_45864,111
synth_45505,111
synth_45843,111
synth_45775,111
synth_45921,111
synth_45569,111
synth_45911,111
synth_45699,111
synth_45811,111
synth_45916,111
synth_45431,111
synth_45469,111
synth_45640,111
synth_45430,111
synth_45473,111
synth_45790,111
synth_45869,111
synth_45734,111
synth_45752,111
synth_45698,111
synth_45771,111
synth_45497,111
synth_45803,111
synth_45876,111
synth_45741,111
synth_45506,111
synth_45563,111
synth_45774,111
synth_45849,111
synth_45859,111
synth_45491,111
synth_45676,111
synth_45458,111
synth_45877,111
synth_45888,111
synth_45535,111
synth_45730,111
synth_45757,111
synth_45575,111
synth_45709,111
synth_45759,111
synth_45783,111
synth_45838,111
synth_45577,111
synth_45860,111
synth_45451,111
synth_45615,111
synth_45920,111
synth_45873,111
synth_45897,111
synth_45439,111
synth_45481,111
synth_45582,111
synth_45610,111
synth_45687,111
synth_45824,111
synth_45630,111
synth_45721,111
synth_45442,111
synth_45486,111
synth_45516,111
synth_45848,111
synth_45857,111
synth_45541,111
synth_45618,111
synth_45498,111
synth_45764,111
synth_45578,111
synth_45929,111
synth_45652,111
synth_45717,111
synth_45662,111
synth_45666,111
synth_45546,111
synth_45768,111
synth_45690,111
synth_45765,111
synth_45908,111
synth_45735,111
synth_45835,111
synth_45875,111
synth_45557,111
synth_45581,111
synth_45754,111
synth_45767,111
synth_45940,111
synth_45657,111
synth_45919,111
synth_45504,111
synth_45585,111
synth_45673,111
synth_45749,111
synth_45455,111
synth_45531,111
synth_45637,111
synth_45880,111
synth_45454,111
synth_45539,111
synth_45924,111
synth_45438,111
synth_45696,111
synth_45693,111
synth_45813,111
synth_45716,111
synth_45732,111
synth_45982,110
synth_46207,110
synth_46394,110
synth_45968,110
synth_46255,110
synth_45950,110
synth_46134,110
synth_46066,110
synth_46006,110
synth_46015,110
synth_46396,110
synth_46343,110
synth_46320,110
synth_46430,110
synth_46389,110
synth_46392,110
synth_46188,110
synth_46321,110
synth_46338,110
synth_46355,110
synth_46369,110
synth_45983,110
synth_46220,110
synth_46034,110
synth_46314,110
synth_45998,110
synth_46001,110
synth_46401,110
synth_45966,110
synth_46224,110
synth_46412,110
synth_46182,110
synth_45970,110
synth_45991,110
synth_46260,110
synth_45969,110
synth_46420,110
synth_46421,110
synth_45954,110
synth_46169,110
synth_46013,110
synth_46186,110
synth_46136,110
synth_46330,110
synth_46024,110
synth_46180,110
synth_46377,110
synth_45995,110
synth_46202,110
synth_45981,110
synth_46097,110
synth_45967,110
synth_46092,110
synth_46094,110
synth_46199,110
synth_46365,110
synth_45962,110
synth_46158,110
synth_46219,110
synth_46352,110
synth_46366,110
synth_46383,110
synth_46404,110
synth_46131,110
synth_46140,110
synth_46175,110
synth_45977,110
synth_45979,110
synth_46048,110
synth_46243,110
synth_46279,110
synth_46438,110
synth_46309,110
synth_46390,110
synth_46422,110
synth_45972,110
synth_46231,110
synth_46240,110
synth_46298,110
synth_46376,110
synth_46147,110
synth_46009,110
synth_46063,110
synth_46157,110
synth_46370,110
synth_46393,110
synth_46414,110
synth_46197,110
synth_46424,110
synth_46146,110
synth_46419,110
synth_46120,110
synth_46133,110
synth_46020,110
synth_46176,110
synth_46023,110
synth_46431,110
synth_46409,110
synth_46201,110
synth_46323,110
synth_45964,110
synth_46149,110
synth_46223,110
synth_46115,110
synth_46204,110
synth_46229,110
synth_46335,110
synth_46453,110
synth_46069,110
synth_46353,110
synth_46374,110
synth_46459,110
synth_46010,110
synth_46118,110
synth_45944,110
synth_46181,110
synth_46191,110
synth_46044,110
synth_46214,110
synth_46402,110
synth_45985,110
synth_46454,110
synth_46031,110
synth_46128,110
synth_46122,110
synth_46002,110
synth_46190,110
synth_46163,110
synth_46232,110
synth_46161,110
synth_46119,110
synth_46415,110
synth_46209,110
synth_45989,110
synth_46083,110
synth_46345,110
synth_46380,110
synth_46141,110
synth_46168,110
synth_46089,110
synth_46417,110
synth_46429,110
synth_46464,110
synth_46166,110
synth_46399,110
synth_46053,110
synth_46111,110
synth_46291,110
synth_46378,110
synth_46388,110
synth_46286,110
synth_46262,110
synth_46117,110
synth_46192,110
synth_46150,110
synth_46164,110
synth_46008,110
synth_46185,110
synth_46228,110
synth_46331,110
synth_45963,110
synth_46462,110
synth_45987,110
synth_46361,110
synth_46319,110
synth_45948,110
synth_46249,110
synth_46055,110
synth_46266,110
synth_46364,110
synth_46123,110
synth_46217,110
synth_46152,110
synth_46052,110
synth_46296,110
synth_46358,110
synth_46347,110
synth_46458,110
synth_46460,110
synth_46308,110
synth_46382,110
synth_46300,110
synth_46311,110
synth_46427,110
synth_46151,110
synth_46033,110
synth_46423,110
synth_46101,110
synth_46159,110
synth_46457,110
synth_46077,110
synth_46096,110
synth_46282,110
synth_46465,110
synth_46281,110
synth_46257,110
synth_46267,110
synth_46354,110
synth_46450,110
synth_46129,110
synth_46210,110
synth_46326,110
synth_46371,110
synth_46373,110
synth_46109,110
synth_46278,110
synth_46356,110
synth_46360,110
synth_46054,110
synth_46235,110
synth_46303,110
synth_46456,110
synth_46090,110
synth_46155,110
synth_46183,110
synth_46367,110
synth_45973,110
synth_46139,110
synth_46041,110
synth_46287,110
synth_46184,110
synth_46435,110
synth_46386,110
synth_46432,110
synth_45951,110
synth_46213,110
synth_46017,110
synth_46337,110
synth_46239,110
synth_46334,110
synth_46346,110
synth_46035,110
synth_46073,110
synth_45980,110
synth_46072,110
synth_46102,110
synth_46242,110
synth_45941,110
synth_46391,110
synth_46344,110
synth_46007,110
synth_46244,110
synth_46130,110
synth_46144,110
synth_46440,110
synth_45986,110
synth_46091,110
synth_45946,110
synth_46071,110
synth_46037,110
synth_46050,110
synth_46413,110
synth_46256,110
synth_46222,110
synth_46336,110
synth_46036,110
synth_46095,110
synth_46434,110
synth_45993,110
synth_46317,110
synth_46342,110
synth_46258,110
synth_46178,110
synth_46274,110
synth_46271,110
synth_46313,110
synth_46316,110
synth_46322,110
synth_46028,110
synth_46100,110
synth_46171,110
synth_46200,110
synth_46261,110
synth_45957,110
synth_46065,110
synth_46061,110
synth_46237,110
synth_46226,110
synth_46049,110
synth_46106,110
synth_46026,110
synth_46038,110
synth_46056,110
synth_46070,110
synth_46403,110
synth_46302,110
synth_46148,110
synth_45984,110
synth_46463,110
synth_46078,110
synth_45956,110
synth_46449,110
synth_46212,110
synth_46067,110
synth_46193,110
synth_46306,110
synth_45961,110
synth_46406,110
synth_46058,110
synth_46143,110
synth_46112,110
synth_46114,110
synth_46167,110
synth_45949,110
synth_45942,110
synth_46057,110
synth_46042,110
synth_46273,110
synth_46145,110
synth_46443,110
synth_46051,110
synth_46107,110
synth_46046,110
synth_46264,110
synth_46080,110
synth_46127,110
synth_46362,110
synth_46400,110
synth_46333,110
synth_46103,110
synth_46154,110
synth_46307,110
synth_46448,110
synth_46075,110
synth_46328,110
synth_46253,110
synth_46121,110
synth_46387,110
synth_46441,110
synth_45997,110
synth_46312,110
synth_46318,110
synth_46004,110
synth_46385,110
synth_46325,110
synth_45959,110
synth_46079,110
synth_46275,110
synth_46110,110
synth_46270,110
synth_46426,110
synth_46436,110
synth_46179,110
synth_46384,110
synth_46177,110
synth_46234,110
synth_46105,110
synth_46216,110
synth_46397,110
synth_46068,110
synth_46082,110
synth_46288,110
synth_46165,110
synth_46416,110
synth_46099,110
synth_46411,110
synth_46215,110
synth_46247,110
synth_46280,110
synth_46162,110
synth_46221,110
synth_46451,110
synth_46003,110
synth_46088,110
synth_46198,110
synth_46276,110
synth_46230,110
synth_45952,110
synth_46124,110
synth_46011,110
synth_46039,110
synth_46000,110
synth_46022,110
synth_46269,110
synth_46379,110
synth_46381,110
synth_45953,110
synth_46087,110
synth_46350,110
synth_46142,110
synth_46310,110
synth_46315,110
synth_46398,110
synth_46284,110
synth_46428,110
synth_46093,110
synth_46251,110
synth_46295,110
synth_46332,110
synth_46218,110
synth_46160,110
synth_46444,110
synth_46108,110
synth_46126,110
synth_46005,110
synth_46189,110
synth_46268,110
synth_46372,110
synth_46294,110
synth_46408,110
synth_46461,110
synth_46277,110
synth_45958,110
synth_45978,110
synth_46252,110
synth_46018,110
synth_46043,110
synth_46254,110
synth_45965,110
synth_46187,110
synth_45971,110
synth_46173,110
synth_46211,110
synth_46339,110
synth_46104,110
synth_46194,110
synth_45975,110
synth_46074,110
synth_46208,110
synth_46327,110
synth_46029,110
synth_45960,110
synth_46153,110
synth_46170,110
synth_46329,110
synth_46433,110
synth_46227,110
synth_46125,110
synth_46442,110
synth_46019,110
synth_46113,110
synth_46205,110
synth_45974,110
synth_45947,110
synth_46236,110
synth_46446,110
synth_45990,110
synth_45992,110
synth_46047,110
synth_46225,110
synth_46375,110
synth_46233,110
synth_46085,110
synth_46137,110
synth_46172,110
synth_46259,110
synth_46297,110
synth_46368,110
synth_46012,110
synth_46418,110
synth_45996,110
synth_46348,110
synth_46395,110
synth_46410,110
synth_46059,110
synth_46305,110
synth_46272,110
synth_46076,110
synth_46245,110
synth_46299,110
synth_46285,110
synth_46359,110
synth_46132,110
synth_46156,110
synth_46040,110
synth_46084,110
synth_46304,110
synth_46447,110
synth_46116,110
synth_46135,110
synth_46283,110
synth_46324,110
synth_45988,110
synth_46030,110
synth_46363,110
synth_46014,110
synth_46174,110
synth_46340,110
synth_46025,110
synth_46357,110
synth_46301,110
synth_46032,110
synth_46292,110
synth_45943,110
synth_45945,110
synth_46452,110
synth_46086,110
synth_46203,110
synth_46349,110
synth_46405,110
synth_46265,110
synth_46293,110
synth_45976,110
synth_46445,110
synth_46062,110
synth_45994,110
synth_46016,110
synth_46021,110
synth_46081,110
synth_46206,110
synth_46060,110
synth_46064,110
synth_46196,110
synth_46439,110
synth_46290,110
synth_46455,110
synth_46045,110
synth_46195,110
synth_46241,110
synth_46246,110
synth_46248,110
synth_45955,110
synth_46407,110
synth_45999,110
synth_46027,110
synth_46238,110
synth_46341,110
synth_46351,110
synth_46425,110
synth_46098,110
synth_46437,110
synth_46138,110
synth_46263,110
synth_46250,110
synth_46289,110
synth_46515,109
synth_46932,109
synth_46556,109
synth_46820,109
synth_46952,109
synth_46664,109
synth_46608,109
synth_46521,109
synth_46668,109
synth_46776,109
synth_46916,109
synth_46557,109
synth_46628,109
synth_46988,109
synth_46853,109
synth_46936,109
synth_46944,109
synth_46502,109
synth_46826,109
synth_46980,109
synth_46870,109
synth_46953,109
synth_46975,109
synth_46691,109
synth_46734,109
synth_46889,109
synth_46882,109
synth_46578,109
synth_46815,109
synth_46884,109
synth_46895,109
synth_46545,109
synth_46593,109
synth_46636,109
synth_46522,109
synth_46632,109
synth_46640,109
synth_46780,109
synth_46473,109
synth_46475,109
synth_46907,109
synth_46485,109
synth_46769,109
synth_46696,109
synth_46750,109
synth_46866,109
synth_46596,109
synth_46992,109
synth_46993,109
synth_46541,109
synth_46680,109
synth_46558,109
synth_46732,109
synth_46950,109
synth_46911,109
synth_46943,109
synth_46663,109
synth_46738,109
synth_46823,109
synth_46624,109
synth_46504,109
synth_46878,109
synth_46724,109
synth_46477,109
synth_46850,109
synth_46909,109
synth_46486,109
synth_46468,109
synth_46740,109
synth_46833,109
synth_46532,109
synth_46912,109
synth_46686,109
synth_46523,109
synth_46710,109
synth_46918,109
synth_46971,109
synth_46600,109
synth_46781,109
synth_46858,109
synth_46939,109
synth_46478,109
synth_46945,109
synth_46817,109
synth_46766,109
synth_46849,109
synth_46891,109
synth_46652,109
synth_46958,109
synth_46754,109
synth_46885,109
synth_46896,109
synth_46923,109
synth_46986,109
synth_46994,109
synth_46934,109
synth_46540,109
synth_46586,109
synth_46656,109
synth_46863,109
synth_46519,109
synth_46807,109
synth_46812,109
synth_46972,109
synth_46743,109
synth_46774,109
synth_46638,109
synth_46989,109
synth_46512,109
synth_46759,109
synth_46592,109
synth_46622,109
synth_46641,109
synth_46782,109
synth_46799,109
synth_46827,109
synth_46785,109
synth_46499,109
synth_46500,109
synth_46722,109
synth_46762,109
synth_46764,109
synth_46935,109
synth_46492,109
synth_46814,109
synth_46834,109
synth_46914,109
synth_46642,109
synth_46671,109
synth_46751,109
synth_46995,109
synth_46493,109
synth_46748,109
synth_46577,109
synth_46666,109
synth_46673,109
synth_46727,109
synth_46787,109
synth_46809,109
synth_46813,109
synth_46729,109
synth_46538,109
synth_46708,109
synth_46736,109
synth_46838,109
synth_46650,109
synth_46857,109
synth_46513,109
synth_46810,109
synth_46610,109
synth_46899,109
synth_46982,109
synth_46741,109
synth_46763,109
synth_46917,109
synth_46961,109
synth_46714,109
synth_46758,109
synth_46881,109
synth_46635,109
synth_46848,109
synth_46886,109
synth_46954,109
synth_46830,109
synth_46883,109
synth_46644,109
synth_46930,109
synth_46965,109
synth_46494,109
synth_46802,109
synth_46831,109
synth_46615,109
synth_46672,109
synth_46771,109
synth_46819,109
synth_46551,109
synth_46587,109
synth_46536,109
synth_46808,109
synth_46568,109
synth_46682,109
synth_46509,109
synth_46922,109
synth_46937,109
synth_46659,109
synth_46619,109
synth_46900,109
synth_46589,109
synth_46643,109
synth_46818,109
synth_46894,109
synth_46825,109
synth_46618,109
synth_46964,109
synth_46765,109
synth_46582,109
synth_46794,109
synth_46940,109
synth_46946,109
synth_46701,109
synth_46702,109
synth_46711,109
synth_46569,109
synth_46990,109
synth_46476,109
synth_46599,109
synth_46559,109
synth_46611,109
synth_46491,109
synth_46693,109
synth_46698,109
synth_46723,109
synth_46597,109
synth_46862,109
synth_46647,109
synth_46511,109
synth_46717,109
synth_46803,109
synth_46755,109
synth_46756,109
synth_46617,109
synth_46631,109
synth_46951,109
synth_46660,109
synth_46725,109
synth_46981,109
synth_46767,109
synth_46887,109
synth_46584,109
synth_46633,109
synth_46804,109
synth_46816,109
synth_46800,109
synth_46880,109
synth_46877,109
synth_46517,109
synth_46601,109
synth_46487,109
synth_46518,109
synth_46690,109
synth_46544,109
synth_46639,109
synth_46529,109
synth_46657,109
synth_46948,109
synth_46539,109
synth_46720,109
synth_46681,109
synth_46938,109
synth_46496,109
synth_46718,109
synth_46567,109
synth_46621,109
synth_46856,109
synth_46879,109
synth_46949,109
synth_46928,109
synth_46874,109
synth_46977,109
synth_46550,109
synth_46471,109
synth_46605,109
synth_46626,109
synth_46483,109
synth_46744,109
synth_46581,109
synth_46947,109
synth_46712,109
synth_46634,109
synth_46489,109
synth_46747,109
synth_47000,109
synth_46564,109
synth_46583,109
synth_46503,109
synth_46516,109
synth_46661,109
synth_46623,109
synth_46783,109
synth_46929,109
synth_46903,109
synth_46630,109
synth_46646,109
synth_46520,109
synth_46997,109
synth_46552,109
synth_46480,109
synth_46692,109
synth_46854,109
synth_46481,109
synth_46822,109
synth_46969,109
synth_46679,109
synth_46689,109
synth_46893,109
synth_46770,109
synth_46843,109
synth_46616,109
synth_46571,109
synth_46572,109
synth_46956,109
synth_46966,109
synth_46772,109
synth_46555,109
synth_46594,109
synth_46959,109
synth_46580,109
synth_46707,109
synth_46897,109
synth_46498,109
synth_46479,109
synth_46805,109
synth_46888,109
synth_46730,109
synth_46801,109
synth_46963,109
synth_46542,109
synth_46791,109
synth_46998,109
synth_46549,109
synth_46719,109
synth_46844,109
synth_46528,109
synth_46927,109
synth_46967,109
synth_46996,109
synth_46510,109
synth_46806,109
synth_46910,109
synth_46484,109
synth_46865,109
synth_46811,109
synth_46733,109
synth_46904,109
synth_46658,109
synth_46745,109
synth_46839,109
synth_46704,109
synth_46749,109
synth_46543,109
synth_46606,109
synth_46861,109
synth_46898,109
synth_46979,109
synth_46867,109
synth_46821,109
synth_46579,109
synth_46469,109
synth_46669,109
synth_46901,109
synth_46721,109
synth_46835,109
synth_46547,109
synth_46598,109
synth_46684,109
synth_46505,109
synth_46761,109
synth_46627,109
synth_46960,109
synth_46913,109
synth_46576,109
synth_46591,109
synth_46530,109
synth_46715,109
synth_46753,109
synth_46566,109
synth_46775,109
synth_46574,109
synth_46501,109
synth_46919,109
synth_46654,109
synth_46675,109
synth_46637,109
synth_46793,109
synth_46859,109
synth_46778,109
synth_46924,109
synth_46976,109
synth_46563,109
synth_46840,109
synth_46490,109
synth_46846,109
synth_46653,109
synth_46869,109
synth_46497,109
synth_46561,109
synth_46570,109
synth_46602,109
synth_46697,109
synth_46797,109
synth_46942,109
synth_46526,109
synth_46685,109
synth_46789,109
synth_46926,109
synth_46921,109
synth_46595,109
synth_46790,109
synth_46906,109
synth_46991,109
synth_46999,109
synth_46508,109
synth_46716,109
synth_46554,109
synth_46604,109
synth_46612,109
synth_46645,109
synth_46695,109
synth_46527,109
synth_46588,109
synth_46955,109
synth_46560,109
synth_46548,109
synth_46905,109
synth_46488,109
synth_46506,109
synth_46662,109
synth_46933,109
synth_46620,109
synth_46728,109
synth_46590,109
synth_46703,109
synth_46670,109
synth_46852,109
synth_46925,109
synth_46525,109
synth_46902,109
synth_46962,109
synth_46575,109
synth_46609,109
synth_46607,109
synth_46699,109
synth_46915,109
synth_46613,109
synth_46534,109
synth_46920,109
synth_46687,109
synth_46847,109
synth_46676,109
synth_46752,109
synth_46585,109
synth_46649,109
synth_46683,109
synth_46726,109
synth_46553,109
synth_46855,109
synth_46978,109
synth_46828,109
synth_46795,109
synth_46851,109
synth_46482,109
synth_46871,109
synth_46892,109
synth_46786,109
synth_46742,109
synth_46768,109
synth_46565,109
synth_46796,109
synth_46737,109
synth_46573,109
synth_46970,109
synth_46706,109
synth_46824,109
synth_46842,109
synth_46739,109
synth_46625,109
synth_46941,109
synth_46931,109
synth_46875,109
synth_46876,109
synth_46983,109
synth_46533,109
synth_46665,109
synth_46984,109
synth_46798,109
synth_46629,109
synth_46731,109
synth_46973,109
synth_46868,109
synth_46968,109
synth_46531,109
synth_46667,109
synth_46678,109
synth_46836,109
synth_46562,109
synth_46535,109
synth_46829,109
synth_46603,109
synth_46648,109
synth_46974,109
synth_46655,109
synth_46694,109
synth_46908,109
synth_46514,109
synth_46651,109
synth_46788,109
synth_46760,109
synth_46860,109
synth_46987,109
synth_47001,109
synth_46467,109
synth_46777,109
synth_46474,109
synth_46546,109
synth_46705,109
synth_46614,109
synth_46985,109
synth_46537,109
synth_46735,109
synth_46773,109
synth_46470,109
synth_46688,109
synth_46524,109
synth_46466,109
synth_46872,109
synth_46472,109
synth_46674,109
synth_46873,109
synth_46507,109
synth_46713,109
synth_46832,109
synth_46890,109
synth_46677,109
synth_46746,109
synth_46700,109
synth_46837,109
synth_46709,109
synth_46757,109
synth_46864,109
synth_46495,109
synth_46779,109
synth_46845,109
synth_46784,109
synth_46792,109
synth_46841,109
synth_46957,109
synth_47060,108
synth_47289,108
synth_47329,108
synth_47356,108
synth_47196,108
synth_47423,108
synth_47099,108
synth_47122,108
synth_47431,108
synth_47432,108
synth_47226,108
synth_47381,108
synth_47148,108
synth_47168,108
synth_47292,108
synth_47029,108
synth_47459,108
synth_47021,108
synth_47030,108
synth_47106,108
synth_47184,108
synth_47234,108
synth_47265,108
synth_47288,108
synth_47448,108
synth_47461,108
synth_47216,108
synth_47390,108
synth_47480,108
synth_47114,108
synth_47158,108
synth_47290,108
synth_47500,108
synth_47273,108
synth_47062,108
synth_47067,108
synth_47434,108
synth_47224,108
synth_47312,108
synth_47417,108
synth_47046,108
synth_47077,108
synth_47264,108
synth_47367,108
synth_47173,108
synth_47236,108
synth_47031,108
synth_47051,108
synth_47268,108
synth_47304,108
synth_47413,108
synth_47486,108
synth_47293,108
synth_47117,108
synth_47507,108
synth_47281,108
synth_47336,108
synth_47445,108
synth_47466,108
synth_47178,108
synth_47215,108
synth_47368,108
synth_47429,108
synth_47205,108
synth_47068,108
synth_47310,108
synth_47022,108
synth_47302,108
synth_47164,108
synth_47177,108
synth_47203,108
synth_47331,108
synth_47371,108
synth_47538,108
synth_47137,108
synth_47241,108
synth_47359,108
synth_47039,108
synth_47212,108
synth_47386,108
synth_47388,108
synth_47392,108
synth_47418,108
synth_47074,108
synth_47190,108
synth_47328,108
synth_47405,108
synth_47454,108
synth_47010,108
synth_47489,108
synth_47244,108
synth_47024,108
synth_47094,108
synth_47395,108
synth_47517,108
synth_47301,108
synth_47372,108
synth_47527,108
synth_47052,108
synth_47211,108
synth_47490,108
synth_47054,108
synth_47042,108
synth_47064,108
synth_47523,108
synth_47038,108
synth_47544,108
synth_47249,108
synth_47028,108
synth_47133,108
synth_47295,108
synth_47254,108
synth_47385,108
synth_47240,108
synth_47321,108
synth_47337,108
synth_47484,108
synth_47050,108
synth_47135,108
synth_47056,108
synth_47180,108
synth_47246,108
synth_47363,108
synth_47536,108
synth_47209,108
synth_47006,108
synth_47366,108
synth_47453,108
synth_47350,108
synth_47411,108
synth_47481,108
synth_47123,108
synth_47243,108
synth_47272,108
synth_47066,108
synth_47113,108
synth_47309,108
synth_47342,108
synth_47485,108
synth_47160,108
synth_47195,108
synth_47347,108
synth_47379,108
synth_47036,108
synth_47532,108
synth_47150,108
synth_47154,108
synth_47239,108
synth_47335,108
synth_47364,108
synth_47420,108
synth_47543,108
synth_47100,108
synth_47111,108
synth_47181,108
synth_47199,108
synth_47410,108
synth_47492,108
synth_47058,108
synth_47447,108
synth_47269,108
synth_47127,108
synth_47151,108
synth_47355,108
synth_47394,108
synth_47516,108
synth_47508,108
synth_47258,108
synth_47280,108
synth_47525,108
synth_47208,108
synth_47322,108
synth_47467,108
synth_47267,108
synth_47519,108
synth_47057,108
synth_47121,108
synth_47433,108
synth_47497,108
synth_47524,108
synth_47530,108
synth_47227,108
synth_47189,108
synth_47225,108
synth_47136,108
synth_47161,108
synth_47210,108
synth_47296,108
synth_47403,108
synth_47482,108
synth_47192,108
synth_47221,108
synth_47017,108
synth_47130,108
synth_47175,108
synth_47374,108
synth_47103,108
synth_47220,108
synth_47496,108
synth_47520,108
synth_47255,108
synth_47470,108
synth_47539,108
synth_47340,108
synth_47353,108
synth_47377,108
synth_47521,108
synth_47155,108
synth_47218,108
synth_47283,108
synth_47515,108
synth_47541,108
synth_47233,108
synth_47522,108
synth_47533,108
synth_47228,108
synth_47105,108
synth_47188,108
synth_47404,108
synth_47513,108
synth_47116,108
synth_47282,108
synth_47274,108
synth_47093,108
synth_47349,108
synth_47473,108
synth_47307,108
synth_47040,108
synth_47266,108
synth_47375,108
synth_47087,108
synth_47488,108
synth_47502,108
synth_47107,108
synth_47380,108
synth_47422,108
synth_47534,108
synth_47012,108
synth_47535,108
synth_47004,108
synth_47142,108
synth_47020,108
synth_47170,108
synth_47370,108
synth_47526,108
synth_47026,108
synth_47129,108
synth_47166,108
synth_47358,108
synth_47463,108
synth_47511,108
synth_47131,108
synth_47191,108
synth_47073,108
synth_47278,108
synth_47320,108
synth_47341,108
synth_47446,108
synth_47479,108
synth_47090,108
synth_47041,108
synth_47316,108
synth_47352,108
synth_47510,108
synth_47528,108
synth_47125,108
synth_47391,108
synth_47398,108
synth_47419,108
synth_47049,108
synth_47483,108
synth_47185,108
synth_47253,108
synth_47332,108
synth_47430,108
synth_47443,108
synth_47518,108
synth_47546,108
synth_47138,108
synth_47324,108
synth_47400,108
synth_47034,108
synth_47048,108
synth_47305,108
synth_47464,108
synth_47217,108
synth_47080,108
synth_47259,108
synth_47299,108
synth_47346,108
synth_47540,108
synth_47070,108
synth_47207,108
synth_47095,108
synth_47143,108
synth_47201,108
synth_47384,108
synth_47194,108
synth_47451,108
synth_47345,108
synth_47140,108
synth_47147,108
synth_47162,108
synth_47435,108
synth_47079,108
synth_47369,108
synth_47408,108
synth_47442,108
synth_47444,108
synth_47008,108
synth_47016,108
synth_47086,108
synth_47146,108
synth_47421,108
synth_47257,108
synth_47277,108
synth_47348,108
synth_47406,108
synth_47468,108
synth_47477,108
synth_47343,108
synth_47076,108
synth_47078,108
synth_47179,108
synth_47387,108
synth_47402,108
synth_47112,108
synth_47134,108
synth_47015,108
synth_47157,108
synth_47169,108
synth_47465,108
synth_47002,108
synth_47089,108
synth_47102,108
synth_47153,108
synth_47542,108
synth_47144,108
synth_47287,108
synth_47043,108
synth_47229,108
synth_47096,108
synth_47187,108
synth_47223,108
synth_47279,108
synth_47437,108
synth_47063,108
synth_47204,108
synth_47018,108
synth_47230,108
synth_47317,108
synth_47382,108
synth_47506,108
synth_47033,108
synth_47101,108
synth_47152,108
synth_47163,108
synth_47252,108
synth_47300,108
synth_47428,108
synth_47047,108
synth_47085,108
synth_47319,108
synth_47365,108
synth_47401,108
synth_47027,108
synth_47053,108
synth_47303,108
synth_47414,108
synth_47547,108
synth_47072,108
synth_47083,108
synth_47088,108
synth_47339,108
synth_47548,108
synth_47354,108
synth_47306,108
synth_47457,108
synth_47458,108
synth_47145,108
synth_47197,108
synth_47276,108
synth_47471,108
synth_47037,108
synth_47238,108
synth_47409,108
synth_47512,108
synth_47149,108
synth_47159,108
synth_47214,108
synth_47373,108
synth_47271,108
synth_47110,108
synth_47165,108
synth_47326,108
synth_47376,108
synth_47425,108
synth_47440,108
synth_47323,108
synth_47378,108
synth_47242,108
synth_47260,108
synth_47183,108
synth_47311,108
synth_47537,108
synth_47069,108
synth_47284,108
synth_47436,108
synth_47469,108
synth_47065,108
synth_47318,108
synth_47061,108
synth_47460,108
synth_47206,108
synth_47219,108
synth_47389,108
synth_47186,108
synth_47452,108
synth_47011,108
synth_47509,108
synth_47115,108
synth_47503,108
synth_47139,108
synth_47032,108
synth_47075,108
synth_47126,108
synth_47330,108
synth_47396,108
synth_47082,108
synth_47357,108
synth_47455,108
synth_47108,108
synth_47013,108
synth_47262,108
synth_47505,108
synth_47182,108
synth_47213,108
synth_47247,108
synth_47441,108
synth_47474,108
synth_47529,108
synth_47055,108
synth_47499,108
synth_47438,108
synth_47092,108
synth_47514,108
synth_47476,108
synth_47456,108
synth_47118,108
synth_47450,108
synth_47495,108
synth_47019,108
synth_47231,108
synth_47313,108
synth_47275,108
synth_47315,108
synth_47245,108
synth_47351,108
synth_47009,108
synth_47045,108
synth_47084,108
synth_47007,108
synth_47091,108
synth_47120,108
synth_47156,108
synth_47167,108
synth_47362,108
synth_47426,108
synth_47494,108
synth_47334,108
synth_47504,108
synth_47071,108
synth_47202,108
synth_47338,108
synth_47383,108
synth_47097,108
synth_47198,108
synth_47308,108
synth_47098,108
synth_47222,108
synth_47491,108
synth_47003,108
synth_47044,108
synth_47232,108
synth_47286,108
synth_47294,108
synth_47325,108
synth_47407,108
synth_47035,108
synth_47360,108
synth_47427,108
synth_47248,108
synth_47270,108
synth_47545,108
synth_47361,108
synth_47475,108
synth_47124,108
synth_47297,108
synth_47141,108
synth_47250,108
synth_47416,108
synth_47472,108
synth_47119,108
synth_47081,108
synth_47291,108
synth_47333,108
synth_47415,108
synth_47498,108
synth_47104,108
synth_47397,108
synth_47478,108
synth_47171,108
synth_47172,108
synth_47493,108
synth_47023,108
synth_47200,108
synth_47256,108
synth_47501,108
synth_47005,108
synth_47344,108
synth_47424,108
synth_47025,108
synth_47176,108
synth_47393,108
synth_47298,108
synth_47327,108
synth_47449,108
synth_47462,108
synth_47128,108
synth_47531,108
synth_47014,108
synth_47235,108
synth_47251,108
synth_47261,108
synth_47314,108
synth_47059,108
synth_47174,108
synth_47285,108
synth_47412,108
synth_47439,108
synth_47237,108
synth_47263,108
synth_47399,108
synth_47132,108
synth_47193,108
synth_47487,108
synth_47109,108
synth_47554,107
synth_47881,107
synth_47712,107
synth_47915,107
synth_47588,107
synth_47788,107
synth_47627,107
synth_47824,107
synth_47782,107
synth_48043,107
synth_47858,107
synth_47693,107
synth_47817,107
synth_47909,107
synth_47977,107
synth_47820,107
synth_47865,107
synth_47590,107
synth_47668,107
synth_47787,107
synth_48063,107
synth_47921,107
synth_47561,107
synth_47866,107
synth_47903,107
synth_47944,107
synth_48101,107
synth_47751,107
synth_48003,107
synth_47674,107
synth_47991,107
synth_48029,107
synth_48060,107
synth_47904,107
synth_47780,107
synth_47797,107
synth_48002,107
synth_48027,107
synth_47806,107
synth_47807,107
synth_47906,107
synth_47913,107
synth_47969,107
synth_47902,107
synth_47580,107
synth_47658,107
synth_47941,107
synth_47970,107
synth_47930,107
synth_47647,107
synth_47677,107
synth_47914,107
synth_47774,107
synth_47784,107
synth_47893,107
synth_47926,107
synth_47581,107
synth_47769,107
synth_47894,107
synth_47999,107
synth_47551,107
synth_47975,107
synth_48086,107
synth_47822,107
synth_47571,107
synth_48026,107
synth_47985,107
synth_48085,107
synth_48090,107
synth_47724,107
synth_47870,107
synth_47572,107
synth_47960,107
synth_48004,107
synth_48097,107
synth_47876,107
synth_47912,107
synth_48053,107
synth_47621,107
synth_47831,107
synth_47860,107
synth_47888,107
synth_47550,107
synth_47615,107
synth_48107,107
synth_47826,107
synth_48023,107
synth_48104,107
synth_47555,107
synth_47574,107
synth_47882,107
synth_48080,107
synth_47744,107
synth_47983,107
synth_47987,107
synth_47995,107
synth_47981,107
synth_47553,107
synth_47582,107
synth_47781,107
synth_47810,107
synth_47694,107
synth_47828,107
synth_47790,107
synth_48021,107
synth_47614,107
synth_47761,107
synth_47763,107
synth_47776,107
synth_48095,107
synth_47562,107
synth_48032,107
synth_47837,107
synth_47568,107
synth_47592,107
synth_47748,107
synth_47576,107
synth_47739,107
synth_47798,107
synth_47818,107
synth_47589,107
synth_47727,107
synth_47965,107
synth_48042,107
synth_47709,107
synth_47738,107
synth_47992,107
synth_47713,107
synth_47756,107
synth_47973,107
synth_48033,107
synth_47958,107
synth_48000,107
synth_48062,107
synth_47594,107
synth_47640,107
synth_47600,107
synth_47954,107
synth_48010,107
synth_47657,107
synth_47829,107
synth_48091,107
synth_48008,107
synth_47955,107
synth_47729,107
synth_47796,107
synth_47846,107
synth_47932,107
synth_47667,107
synth_48064,107
synth_48070,107
synth_47984,107
synth_47612,107
synth_47816,107
synth_47717,107
synth_47722,107
synth_47719,107
synth_47786,107
synth_47956,107
synth_47659,107
synth_47716,107
synth_47768,107
synth_48040,107
synth_47632,107
synth_47887,107
synth_47911,107
synth_47596,107
synth_47613,107
synth_47726,107
synth_47664,107
synth_48020,107
synth_47741,107
synth_47753,107
synth_47814,107
synth_47642,107
synth_47945,107
synth_48009,107
synth_47629,107
synth_47933,107
synth_48044,107
synth_47862,107
synth_47942,107
synth_47631,107
synth_47731,107
synth_47734,107
synth_47867,107
synth_48075,107
synth_47732,107
synth_47733,107
synth_47720,107
synth_47681,107
synth_47745,107
synth_47680,107
synth_47836,107
synth_47850,107
synth_47901,107
synth_47575,107
synth_48030,107
synth_47868,107
synth_47949,107
synth_47585,107
synth_47616,107
synth_47697,107
synth_47875,107
synth_47735,107
synth_47853,107
synth_48082,107
synth_48083,107
synth_47839,107
synth_47749,107
synth_47900,107
synth_47998,107
synth_47746,107
synth_47686,107
synth_47883,107
synth_47618,107
synth_47740,107
synth_47764,107
synth_47770,107
synth_47963,107
synth_47757,107
synth_47863,107
synth_47884,107
synth_47766,107
synth_47809,107
synth_47871,107
synth_47923,107
synth_47556,107
synth_48005,107
synth_48016,107
synth_47619,107
synth_47841,107
synth_47924,107
synth_47971,107
synth_47654,107
synth_47891,107
synth_48069,107
synth_47989,107
synth_47623,107
synth_47646,107
synth_47685,107
synth_48028,107
synth_48100,107
synth_47628,107
synth_47591,107
synth_48056,107
synth_47813,107
synth_47974,107
synth_47573,107
synth_47606,107
synth_47652,107
synth_48076,107
synth_47669,107
synth_47689,107
synth_47626,107
synth_47892,107
synth_48092,107
synth_47855,107
synth_47795,107
synth_47819,107
synth_48068,107
synth_47695,107
synth_47917,107
synth_47663,107
synth_47916,107
synth_47775,107
synth_47947,107
synth_47670,107
synth_48025,107
synth_48049,107
synth_47705,107
synth_47812,107
synth_48061,107
synth_47821,107
synth_47650,107
synth_48012,107
synth_48013,107
synth_47857,107
synth_47578,107
synth_47885,107
synth_47687,107
synth_47767,107
synth_47783,107
synth_47622,107
synth_47833,107
synth_48059,107
synth_48099,107
synth_47801,107
synth_47873,107
synth_47678,107
synth_47723,107
synth_47919,107
synth_47665,107
synth_48039,107
synth_48041,107
synth_47742,107
synth_47952,107
synth_48014,107
synth_48048,107
synth_47560,107
synth_47577,107
synth_48055,107
synth_47918,107
synth_47847,107
synth_47877,107
synth_47777,107
synth_47730,107
synth_47843,107
synth_47794,107
synth_47832,107
synth_47920,107
synth_47569,107
synth_47666,107
synth_47791,107
synth_47721,107
synth_47639,107
synth_47682,107
synth_48007,107
synth_47929,107
synth_47634,107
synth_47951,107
synth_48031,107
synth_48093,107
synth_47598,107
synth_47699,107
synth_47563,107
synth_47673,107
synth_47808,107
synth_48034,107
synth_48051,107
synth_47939,107
synth_47804,107
synth_47943,107
synth_47799,107
synth_47994,107
synth_48024,107
synth_48050,107
synth_47872,107
synth_47715,107
synth_47967,107
synth_47889,107
synth_47645,107
synth_47936,107
synth_47948,107
synth_47845,107
synth_47557,107
synth_47728,107
synth_48036,107
synth_48073,107
synth_47702,107
synth_47805,107
synth_48094,107
synth_47834,107
synth_47593,107
synth_47950,107
synth_48072,107
synth_47940,107
synth_47684,107
synth_48022,107
synth_47583,107
synth_47641,107
synth_47896,107
synth_47706,107
synth_47758,107
synth_47869,107
synth_47637,107
synth_47737,107
synth_48035,107
synth_48098,107
synth_47704,107
synth_47854,107
synth_47934,107
synth_47633,107
synth_48106,107
synth_47559,107
synth_47671,107
synth_47785,107
synth_47747,107
synth_47803,107
synth_47859,107
synth_47927,107
synth_47566,107
synth_48015,107
synth_47762,107
synth_47660,107
synth_47601,107
synth_47611,107
synth_47937,107
synth_47635,107
synth_48084,107
synth_47922,107
synth_47778,107
synth_47890,107
synth_47996,107
synth_47755,107
synth_47907,107
synth_47564,107
synth_47718,107
synth_47609,107
synth_47928,107
synth_47773,107
synth_47792,107
synth_47707,107
synth_47620,107
synth_47835,107
synth_47595,107
synth_47961,107
synth_48038,107
synth_48065,107
synth_47636,107
synth_47653,107
synth_48011,107
synth_47848,107
synth_47886,107
synth_47842,107
synth_47683,107
synth_47959,107
synth_47825,107
synth_47604,107
synth_48045,107
synth_47879,107
synth_47849,107
synth_47851,107
synth_47874,107
synth_47982,107
synth_47672,107
synth_47772,107
synth_47978,107
synth_48057,107
synth_48079,107
synth_47811,107
synth_48087,107
synth_47838,107
synth_47644,107
synth_47688,107
synth_47736,107
synth_48017,107
synth_47750,107
synth_47844,107
synth_47935,107
synth_47656,107
synth_47765,107
synth_47968,107
synth_48088,107
synth_47714,107
synth_47878,107
synth_47905,107
synth_48066,107
synth_47608,107
synth_47754,107
synth_47584,107
synth_47605,107
synth_47610,107
synth_47661,107
synth_47897,107
synth_47972,107
synth_47779,107
synth_48074,107
synth_47802,107
synth_47899,107
synth_47570,107
synth_47990,107
synth_48001,107
synth_47759,107
synth_47856,107
synth_47789,107
synth_47962,107
synth_48047,107
synth_48058,107
synth_47840,107
synth_47597,107
synth_47643,107
synth_47771,107
synth_47607,107
synth_48089,107
synth_47552,107
synth_48018,107
synth_47558,107
synth_48052,107
synth_47760,107
synth_47852,107
synth_47815,107
synth_47964,107
synth_47549,107
synth_47931,107
synth_47953,107
synth_47979,107
synth_48006,107
synth_47725,107
synth_47691,107
synth_47988,107
synth_47864,107
synth_47946,107
synth_47675,107
synth_47703,107
synth_48096,107
synth_47587,107
synth_47625,107
synth_48081,107
synth_48102,107
synth_47676,107
synth_47861,107
synth_47898,107
synth_47938,107
synth_47690,107
synth_47700,107
synth_47743,107
synth_47648,107
synth_47793,107
synth_47895,107
synth_47993,107
synth_47655,107
synth_47908,107
synth_47602,107
synth_47638,107
synth_47966,107
synth_47976,107
synth_47662,107
synth_47692,107
synth_48054,107
synth_48071,107
synth_48103,107
synth_47586,107
synth_47649,107
synth_47567,107
synth_48077,107
synth_47599,107
synth_47617,107
synth_47800,107
synth_47679,107
synth_47980,107
synth_48037,107
synth_47752,107
synth_47579,107
synth_47630,107
synth_47696,107
synth_47925,107
synth_47565,107
synth_47603,107
synth_48067,107
synth_47624,107
synth_47698,107
synth_47708,107
synth_47710,107
synth_47910,107
synth_48019,107
synth_48078,107
synth_47823,107
synth_47880,107
synth_47986,107
synth_47997,107
synth_47651,107
synth_47957,107
synth_47827,107
synth_48105,107
synth_47701,107
synth_47711,107
synth_48046,107
synth_47830,107
synth_48161,106
synth_48228,106
synth_48454,106
synth_48146,106
synth_48211,106
synth_48238,106
synth_48241,106
synth_48673,106
synth_48315,106
synth_48534,106
synth_48550,106
synth_48562,106
synth_48215,106
synth_48506,106
synth_48252,106
synth_48281,106
synth_48538,106
synth_48290,106
synth_48307,106
synth_48650,106
synth_48157,106
synth_48284,106
synth_48590,106
synth_48524,106
synth_48604,106
synth_48194,106
synth_48448,106
synth_48163,106
synth_48471,106
synth_48371,106
synth_48382,106
synth_48218,106
synth_48619,106
synth_48172,106
synth_48563,106
synth_48308,106
synth_48358,106
synth_48407,106
synth_48183,106
synth_48398,106
synth_48439,106
synth_48225,106
synth_48473,106
synth_48319,106
synth_48123,106
synth_48212,106
synth_48227,106
synth_48257,106
synth_48297,106
synth_48432,106
synth_48424,106
synth_48527,106
synth_48633,106
synth_48664,106
synth_48236,106
synth_48337,106
synth_48626,106
synth_48642,106
synth_48361,106
synth_48484,106
synth_48357,106
synth_48427,106
synth_48485,106
synth_48670,106
synth_48589,106
synth_48648,106
synth_48135,106
synth_48569,106
synth_48112,106
synth_48148,106
synth_48232,106
synth_48359,106
synth_48645,106
synth_48652,106
synth_48430,106
synth_48480,106
synth_48581,106
synth_48422,106
synth_48174,106
synth_48274,106
synth_48552,106
synth_48570,106
synth_48606,106
synth_48374,106
synth_48558,106
synth_48623,106
synth_48120,106
synth_48167,106
synth_48305,106
synth_48187,106
synth_48272,106
synth_48348,106
synth_48179,106
synth_48517,106
synth_48616,106
synth_48151,106
synth_48354,106
synth_48368,106
synth_48144,106
synth_48311,106
synth_48230,106
synth_48259,106
synth_48119,106
synth_48433,106
synth_48488,106
synth_48269,106
synth_48206,106
synth_48535,106
synth_48567,106
synth_48366,106
synth_48549,106
synth_48243,106
synth_48260,106
synth_48468,106
synth_48597,106
synth_48507,106
synth_48168,106
synth_48343,106
synth_48521,106
synth_48190,106
synth_48223,106
synth_48283,106
synth_48364,106
synth_48536,106
synth_48547,106
synth_48555,106
synth_48574,106
synth_48544,106
synth_48128,106
synth_48321,106
synth_48511,106
synth_48620,106
synth_48643,106
synth_48158,106
synth_48288,106
synth_48323,106
synth_48344,106
synth_48667,106
synth_48475,106
synth_48579,106
synth_48204,106
synth_48526,106
synth_48339,106
synth_48248,106
synth_48603,106
synth_48612,106
synth_48110,106
synth_48162,106
synth_48346,106
synth_48656,106
synth_48141,106
synth_48456,106
synth_48586,106
synth_48175,106
synth_48666,106
synth_48245,106
synth_48647,106
synth_48661,106
synth_48186,106
synth_48303,106
synth_48467,106
synth_48396,106
synth_48470,106
synth_48304,106
synth_48515,106
synth_48267,106
synth_48353,106
synth_48224,106
synth_48349,106
synth_48156,106
synth_48594,106
synth_48216,106
synth_48200,106
synth_48611,106
synth_48628,106
synth_48270,106
synth_48295,106
synth_48392,106
synth_48403,106
synth_48256,106
synth_48651,106
synth_48233,106
synth_48566,106
synth_48159,106
synth_48335,106
synth_48533,106
synth_48584,106
synth_48177,106
synth_48246,106
synth_48365,106
synth_48377,106
synth_48644,106
synth_48342,106
synth_48217,106
synth_48409,106
synth_48512,106
synth_48324,106
synth_48578,106
synth_48373,106
synth_48499,106
synth_48459,106
synth_48383,106
synth_48234,106
synth_48340,106
synth_48391,106
synth_48458,106
synth_48580,106
synth_48520,106
synth_48434,106
synth_48293,106
synth_48583,106
synth_48621,106
synth_48170,106
synth_48495,106
synth_48425,106
synth_48523,106
synth_48665,106
synth_48463,106
synth_48208,106
synth_48375,106
synth_48573,106
synth_48309,106
synth_48275,106
synth_48482,106
synth_48599,106
synth_48113,106
synth_48253,106
synth_48263,106
synth_48296,106
synth_48381,106
synth_48565,106
synth_48378,106
synth_48554,106
synth_48394,106
synth_48490,106
synth_48532,106
synth_48150,106
synth_48387,106
synth_48176,106
synth_48313,106
synth_48447,106
synth_48385,106
synth_48441,106
synth_48591,106
synth_48325,106
synth_48229,106
synth_48136,106
synth_48436,106
synth_48615,106
synth_48419,106
synth_48164,106
synth_48317,106
synth_48326,106
synth_48250,106
synth_48282,106
synth_48486,106
synth_48585,106
synth_48109,106
synth_48469,106
synth_48539,106
synth_48668,106
synth_48219,106
synth_48404,106
synth_48415,106
synth_48429,106
synth_48568,106
synth_48184,106
synth_48341,106
synth_48418,106
synth_48614,106
synth_48193,106
synth_48478,106
synth_48497,106
synth_48678,106
synth_48345,106
synth_48625,106
synth_48496,106
synth_48310,106
synth_48402,106
synth_48121,106
synth_48607,106
synth_48659,106
synth_48209,106
synth_48529,106
synth_48610,106
synth_48130,106
synth_48235,106
synth_48663,106
synth_48242,106
synth_48254,106
synth_48210,106
synth_48380,106
synth_48582,106
synth_48395,106
synth_48627,106
synth_48127,106
synth_48298,106
synth_48379,106
synth_48508,106
synth_48314,106
synth_48188,106
synth_48195,106
synth_48451,106
synth_48251,106
synth_48367,106
synth_48413,106
synth_48576,106
synth_48355,106
synth_48617,106
synth_48632,106
synth_48131,106
synth_48237,106
synth_48255,106
synth_48420,106
synth_48537,106
synth_48292,106
synth_48139,106
synth_48646,106
synth_48350,106
synth_48503,106
synth_48198,106
synth_48220,106
synth_48222,106
synth_48455,106
synth_48564,106
synth_48376,106
synth_48108,106
synth_48111,106
synth_48363,106
synth_48226,106
synth_48138,106
synth_48414,106
synth_48169,106
synth_48166,106
synth_48196,106
synth_48258,106
synth_48352,106
synth_48483,106
synth_48412,106
synth_48519,106
synth_48192,106
synth_48268,106
synth_48276,106
synth_48592,106
synth_48118,106
synth_48516,106
synth_48498,106
synth_48214,106
synth_48453,106
synth_48134,106
synth_48279,106
synth_48328,106
synth_48654,106
synth_48240,106
synth_48502,106
synth_48437,106
synth_48384,106
synth_48608,106
synth_48675,106
synth_48438,106
synth_48513,106
synth_48300,106
synth_48423,106
synth_48557,106
synth_48221,106
synth_48205,106
synth_48408,106
synth_48426,106
synth_48428,106
synth_48360,106
synth_48362,106
synth_48440,106
synth_48489,106
synth_48500,106
synth_48677,106
synth_48618,106
synth_48301,106
synth_48336,106
synth_48446,106
synth_48449,106
synth_48504,106
synth_48372,106
synth_48460,106
synth_48201,106
synth_48435,106
synth_48637,106
synth_48160,106
synth_48302,106
synth_48658,106
synth_48306,106
synth_48316,106
synth_48369,106
synth_48509,106
synth_48635,106
synth_48462,106
synth_48477,106
synth_48247,106
synth_48145,106
synth_48655,106
synth_48602,106
synth_48641,106
synth_48541,106
synth_48572,106
synth_48598,106
synth_48505,106
synth_48609,106
synth_48356,106
synth_48445,106
synth_48671,106
synth_48327,106
synth_48605,106
synth_48122,106
synth_48278,106
synth_48331,106
synth_48397,106
synth_48165,106
synth_48443,106
synth_48400,106
synth_48125,106
synth_48264,106
synth_48401,106
synth_48514,106
synth_48203,106
synth_48546,106
synth_48548,106
synth_48277,106
synth_48560,106
synth_48273,106
synth_48472,106
synth_48213,106
synth_48338,106
synth_48450,106
synth_48559,106
synth_48662,106
synth_48143,106
synth_48596,106
synth_48649,106
synth_48525,106
synth_48545,106
synth_48601,106
synth_48191,106
synth_48465,106
synth_48207,106
synth_48494,106
synth_48629,106
synth_48116,106
synth_48638,106
synth_48152,106
synth_48518,106
synth_48630,106
synth_48181,106
synth_48266,106
synth_48466,106
synth_48182,106
synth_48287,106
synth_48390,106
synth_48653,106
synth_48140,106
synth_48334,106
synth_48189,106
synth_48291,106
synth_48153,106
synth_48231,106
synth_48180,106
synth_48262,106
synth_48492,106
synth_48571,106
synth_48405,106
synth_48461,106
synth_48501,106
synth_48669,106
synth_48636,106
synth_48154,106
synth_48197,106
synth_48393,106
synth_48587,106
synth_48624,106
synth_48129,106
synth_48199,106
synth_48261,106
synth_48476,106
synth_48530,106
synth_48137,106
synth_48178,106
synth_48347,106
synth_48595,106
synth_48318,106
synth_48244,106
synth_48561,106
synth_48115,106
synth_48124,106
synth_48126,106
synth_48634,106
synth_48320,106
synth_48640,106
synth_48660,106
synth_48588,106
synth_48149,106
synth_48542,106
synth_48330,106
synth_48493,106
synth_48421,106
synth_48185,106
synth_48386,106
synth_48577,106
synth_48133,106
synth_48639,106
synth_48674,106
synth_48202,106
synth_48117,106
synth_48452,106
synth_48114,106
synth_48249,106
synth_48593,106
synth_48531,106
synth_48416,106
synth_48271,106
synth_48299,106
synth_48474,106
synth_48289,106
synth_48540,106
synth_48147,106
synth_48487,106
synth_48672,106
synth_48370,106
synth_48510,106
synth_48631,106
synth_48294,106
synth_48457,106
synth_48491,106
synth_48556,106
synth_48173,106
synth_48332,106
synth_48622,106
synth_48657,106
synth_48410,106
synth_48132,106
synth_48388,106
synth_48464,106
synth_48551,106
synth_48676,106
synth_48239,106
synth_48528,106
synth_48600,106
synth_48280,106
synth_48406,106
synth_48286,106
synth_48442,106
synth_48142,106
synth_48155,106
synth_48575,106
synth_48399,106
synth_48411,106
synth_48444,106
synth_48543,106
synth_48613,106
synth_48285,106
synth_48329,106
synth_48417,106
synth_48522,106
synth_48351,106
synth_48171,106
synth_48431,106
synth_48479,106
synth_48322,106
synth_48312,106
synth_48265,106
synth_48553,106
synth_48333,106
synth_48481,106
synth_48389,106
synth_48758,105
synth_49057,105
synth_49248,105
synth_48687,105
synth_48862,105
synth_48900,105
synth_48977,105
synth_48733,105
synth_48875,105
synth_48794,105
synth_49231,105
synth_48947,105
synth_49029,105
synth_49084,105
synth_48882,105
synth_49119,105
synth_48777,105
synth_49261,105
synth_48922,105
synth_48969,105
synth_48852,105
synth_49016,105
synth_49031,105
synth_49188,105
synth_48903,105
synth_48888,105
synth_48689,105
synth_48906,105
synth_48973,105
synth_49028,105
synth_48849,105
synth_49221,105
synth_48788,105
synth_48823,105
synth_49157,105
synth_48828,105
synth_48692,105
synth_48899,105
synth_49211,105
synth_49230,105
synth_48738,105
synth_48976,105
synth_48739,105
synth_48772,105
synth_48864,105
synth_49070,105
synth_49117,105
synth_48935,105
synth_49256,105
synth_48859,105
synth_48927,105
synth_48959,105
synth_48970,105
synth_49066,105
synth_49090,105
synth_49123,105
synth_49163,105
synth_49206,105
synth_48682,105
synth_48717,105
synth_48797,105
synth_48892,105
synth_49127,105
synth_48802,105
synth_49138,105
synth_48881,105
synth_48769,105
synth_49148,105
synth_48893,105
synth_49109,105
synth_49233,105
synth_48960,105
synth_49017,105
synth_48783,105
synth_49120,105
synth_49195,105
synth_48948,105
synth_49240,105
synth_49087,105
synth_48763,105
synth_49187,105
synth_48890,105
synth_49222,105
synth_48764,105
synth_48841,105
synth_48982,105
synth_48992,105
synth_49164,105
synth_48896,105
synth_49040,105
synth_49088,105
synth_49036,105
synth_49038,105
synth_49184,105
synth_49214,105
synth_48810,105
synth_48770,105
synth_48942,105
synth_48944,105
synth_49137,105
synth_49236,105
synth_48829,105
synth_49125,105
synth_48923,105
synth_48974,105
synth_48723,105
synth_49077,105
synth_48705,105
synth_48800,105
synth_48876,105
synth_49186,105
synth_49007,105
synth_48939,105
synth_48780,105
synth_49026,105
synth_48952,105
synth_49030,105
synth_49043,105
synth_49091,105
synth_49161,105
synth_49181,105
synth_49020,105
synth_48752,105
synth_48796,105
synth_48765,105
synth_48889,105
synth_49054,105
synth_49061,105
synth_48744,105
synth_48972,105
synth_49114,105
synth_49131,105
synth_49175,105
synth_49219,105
synth_48989,105
synth_49111,105
synth_48851,105
synth_48748,105
synth_48750,105
synth_48835,105
synth_49179,105
synth_48961,105
synth_49008,105
synth_48891,105
synth_48932,105
synth_48799,105
synth_49237,105
synth_48697,105
synth_48718,105
synth_48887,105
synth_49013,105
synth_49059,105
synth_49052,105
synth_48768,105
synth_48988,105
synth_49153,105
synth_48825,105
synth_48883,105
synth_48998,105
synth_49074,105
synth_49165,105
synth_48714,105
synth_48949,105
synth_48760,105
synth_49047,105
synth_49193,105
synth_48804,105
synth_48826,105
synth_48905,105
synth_49217,105
synth_49140,105
synth_49171,105
synth_48719,105
synth_49024,105
synth_49216,105
synth_49039,105
synth_49051,105
synth_48716,105
synth_49003,105
synth_49246,105
synth_48736,105
synth_49149,105
synth_49180,105
synth_48845,105
synth_48773,105
synth_48761,105
synth_49082,105
synth_49253,105
synth_48872,105
synth_49095,105
synth_49220,105
synth_48720,105
synth_48833,105
synth_49183,105
synth_48999,105
synth_48991,105
synth_49006,105
synth_48679,105
synth_49207,105
synth_49228,105
synth_48784,105
synth_49154,105
synth_49129,105
synth_48766,105
synth_48870,105
synth_48801,105
synth_48925,105
synth_48690,105
synth_48873,105
synth_49160,105
synth_48818,105
synth_49215,105
synth_48995,105
synth_49092,105
synth_49173,105
synth_48874,105
synth_48965,105
synth_49159,105
synth_48834,105
synth_48812,105
synth_49227,105
synth_48926,105
synth_48683,105
synth_48884,105
synth_48771,105
synth_48776,105
synth_48945,105
synth_49135,105
synth_48706,105
synth_48725,105
synth_48726,105
synth_48811,105
synth_48684,105
synth_48839,105
synth_49213,105
synth_48814,105
synth_48702,105
synth_48759,105
synth_48962,105
synth_49198,105
synth_48791,105
synth_49115,105
synth_48694,105
synth_48863,105
synth_48946,105
synth_48950,105
synth_49124,105
synth_49200,105
synth_49018,105
synth_48737,105
synth_48822,105
synth_48846,105
synth_49242,105
synth_48984,105
synth_48994,105
synth_49152,105
synth_48819,105
synth_49009,105
synth_49058,105
synth_49130,105
synth_49133,105
synth_49116,105
synth_49172,105
synth_48978,105
synth_48868,105
synth_48898,105
synth_48993,105
synth_49235,105
synth_48680,105
synth_48753,105
synth_48986,105
synth_49067,105
synth_49136,105
synth_49145,105
synth_49252,105
synth_49224,105
synth_48774,105
synth_49100,105
synth_49166,105
synth_48968,105
synth_49249,105
synth_49034,105
synth_49093,105
synth_49106,105
synth_48997,105
synth_49139,105
synth_49094,105
synth_49134,105
synth_49239,105
synth_48940,105
synth_49178,105
synth_48803,105
synth_49202,105
synth_49102,105
synth_49081,105
synth_49099,105
synth_49101,105
synth_48762,105
synth_48878,105
synth_48967,105
synth_49105,105
synth_49112,105
synth_48913,105
synth_49174,105
synth_48850,105
synth_48918,105
synth_48934,105
synth_49014,105
synth_49226,105
synth_49083,105
synth_49113,105
synth_48711,105
synth_48907,105
synth_48943,105
synth_49055,105
synth_49078,105
synth_49107,105
synth_48957,105
synth_49223,105
synth_49062,105
synth_49122,105
synth_49155,105
synth_49185,105
synth_49190,105
synth_49203,105
synth_48685,105
synth_48919,105
synth_49075,105
synth_48708,105
synth_49176,105
synth_48709,105
synth_48734,105
synth_48941,105
synth_48704,105
synth_48885,105
synth_48924,105
synth_48858,105
synth_49053,105
synth_48955,105
synth_49232,105
synth_49250,105
synth_48880,105
synth_49060,105
synth_49085,105
synth_48727,105
synth_48909,105
synth_48779,105
synth_48877,105
synth_48985,105
synth_48936,105
synth_48688,105
synth_48879,105
synth_49182,105
synth_48915,105
synth_49212,105
synth_49201,105
synth_49245,105
synth_48710,105
synth_48757,105
synth_48732,105
synth_48831,105
synth_49229,105
synth_48693,105
synth_49209,105
synth_49005,105
synth_48916,105
synth_49001,105
synth_48712,105
synth_49225,105
synth_48853,105
synth_49097,105
synth_49254,105
synth_48707,105
synth_48728,105
synth_49241,105
synth_48816,105
synth_49192,105
synth_49238,105
synth_48691,105
synth_48743,105
synth_48964,105
synth_49076,105
synth_49132,105
synth_49010,105
synth_49128,105
synth_49208,105
synth_48781,105
synth_48895,105
synth_48855,105
synth_49151,105
synth_49196,105
synth_49204,105
synth_48921,105
synth_48996,105
synth_49012,105
synth_49033,105
synth_49073,105
synth_48930,105
synth_49064,105
synth_49037,105
synth_48843,105
synth_49144,105
synth_48686,105
synth_48735,105
synth_48981,105
synth_48980,105
synth_49056,105
synth_49255,105
synth_49258,105
synth_48854,105
synth_48860,105
synth_48987,105
synth_49103,105
synth_49079,105
synth_48785,105
synth_48857,105
synth_49126,105
synth_49162,105
synth_49194,105
synth_49021,105
synth_48897,105
synth_49015,105
synth_48730,105
synth_48842,105
synth_48951,105
synth_49042,105
synth_49046,105
synth_48956,105
synth_49025,105
synth_48866,105
synth_49177,105
synth_48911,105
synth_48713,105
synth_48755,105
synth_48830,105
synth_49071,105
synth_49143,105
synth_49002,105
synth_48740,105
synth_48837,105
synth_49259,105
synth_48696,105
synth_48861,105
synth_48953,105
synth_49048,105
synth_49044,105
synth_48904,105
synth_48793,105
synth_48749,105
synth_48990,105
synth_49244,105
synth_48756,105
synth_48908,105
synth_49011,105
synth_49243,105
synth_49141,105
synth_49147,105
synth_48787,105
synth_49158,105
synth_49032,105
synth_48681,105
synth_48979,105
synth_49000,105
synth_48699,105
synth_48789,105
synth_49072,105
synth_48795,105
synth_49023,105
synth_48701,105
synth_49247,105
synth_48869,105
synth_49065,105
synth_49069,105
synth_48745,105
synth_49080,105
synth_48724,105
synth_49118,105
synth_48806,105
synth_48954,105
synth_48958,105
synth_48975,105
synth_49197,105
synth_49218,105
synth_48809,105
synth_48912,105
synth_48929,105
synth_48751,105
synth_48871,105
synth_48886,105
synth_48767,105
synth_48836,105
synth_48902,105
synth_48746,105
synth_48792,105
synth_48920,105
synth_49063,105
synth_48729,105
synth_48695,105
synth_48742,105
synth_48747,105
synth_49108,105
synth_49168,105
synth_49251,105
synth_48798,105
synth_49022,105
synth_48894,105
synth_49019,105
synth_48938,105
synth_48754,105
synth_49086,105
synth_49205,105
synth_48815,105
synth_48901,105
synth_48856,105
synth_48867,105
synth_48840,105
synth_48937,105
synth_49049,105
synth_48847,105
synth_49142,105
synth_49110,105
synth_49004,105
synth_48933,105
synth_49096,105
synth_49146,105
synth_48817,105
synth_49257,105
synth_49035,105
synth_49068,105
synth_48808,105
synth_48848,105
synth_49189,105
synth_48700,105
synth_48790,105
synth_49045,105
synth_49050,105
synth_49167,105
synth_49170,105
synth_48715,105
synth_48698,105
synth_48782,105
synth_48805,105
synth_48827,105
synth_48910,105
synth_48731,105
synth_48917,105
synth_48722,105
synth_48971,105
synth_49098,105
synth_48775,105
synth_48820,105
synth_49260,105
synth_48928,105
synth_48703,105
synth_49169,105
synth_48838,105
synth_48741,105
synth_49150,105
synth_48721,105
synth_48832,105
synth_48931,105
synth_48963,105
synth_49041,105
synth_49191,105
synth_48807,105
synth_48813,105
synth_48914,105
synth_48786,105
synth_48821,105
synth_48966,105
synth_49234,105
synth_49210,105
synth_48778,105
synth_49104,105
synth_49156,105
synth_48865,105
synth_48824,105
synth_48983,105
synth_49121,105
synth_49027,105
synth_48844,105
synth_49089,105
synth_49199,105
synth_49350,104
synth_49399,104
synth_49520,104
synth_49808,104
synth_49360,104
synth_49677,104
synth_49328,104
synth_49334,104
synth_49519,104
synth_49538,104
synth_49848,104
synth_49533,104
synth_49553,104
synth_49456,104
synth_49478,104
synth_49668,104
synth_49827,104
synth_49853,104
synth_49741,104
synth_49309,104
synth_49264,104
synth_49540,104
synth_49537,104
synth_49768,104
synth_49491,104
synth_49325,104
synth_49339,104
synth_49523,104
synth_49837,104
synth_49838,104
synth_49711,104
synth_49356,104
synth_49501,104
synth_49551,104
synth_49774,104
synth_49452,104
synth_49602,104
synth_49609,104
synth_49776,104
synth_49436,104
synth_49418,104
synth_49336,104
synth_49635,104
synth_49641,104
synth_49385,104
synth_49498,104
synth_49626,104
synth_49761,104
synth_49482,104
synth_49752,104
synth_49849,104
synth_49404,104
synth_49765,104
synth_49692,104
synth_49805,104
synth_49439,104
synth_49448,104
synth_49461,104
synth_49679,104
synth_49502,104
synth_49693,104
synth_49797,104
synth_49487,104
synth_49724,104
synth_49794,104
synth_49277,104
synth_49560,104
synth_49575,104
synth_49580,104
synth_49812,104
synth_49617,104
synth_49496,104
synth_49811,104
synth_49374,104
synth_49744,104
synth_49796,104
synth_49421,104
synth_49587,104
synth_49627,104
synth_49690,104
synth_49295,104
synth_49816,104
synth_49453,104
synth_49512,104
synth_49740,104
synth_49279,104
synth_49292,104
synth_49534,104
synth_49588,104
synth_49590,104
synth_49700,104
synth_49392,104
synth_49506,104
synth_49497,104
synth_49707,104
synth_49643,104
synth_49783,104
synth_49795,104
synth_49663,104
synth_49682,104
synth_49300,104
synth_49606,104
synth_49759,104
synth_49290,104
synth_49570,104
synth_49842,104
synth_49851,104
synth_49566,104
synth_49647,104
synth_49686,104
synth_49778,104
synth_49494,104
synth_49381,104
synth_49743,104
synth_49426,104
synth_49481,104
synth_49753,104
synth_49814,104
synth_49349,104
synth_49592,104
synth_49787,104
synth_49843,104
synth_49667,104
synth_49714,104
synth_49749,104
synth_49316,104
synth_49470,104
synth_49810,104
synth_49323,104
synth_49637,104
synth_49271,104
synth_49320,104
synth_49440,104
synth_49532,104
synth_49674,104
synth_49799,104
synth_49375,104
synth_49531,104
synth_49791,104
synth_49424,104
synth_49579,104
synth_49654,104
synth_49377,104
synth_49409,104
synth_49535,104
synth_49597,104
synth_49754,104
synth_49847,104
synth_49572,104
synth_49338,104
synth_49681,104
synth_49332,104
synth_49411,104
synth_49420,104
synth_49719,104
synth_49739,104
synth_49475,104
synth_49577,104
synth_49715,104
synth_49729,104
synth_49563,104
synth_49614,104
synth_49645,104
synth_49344,104
synth_49526,104
synth_49623,104
synth_49698,104
synth_49780,104
synth_49280,104
synth_49689,104
synth_49428,104
synth_49340,104
synth_49586,104
synth_49648,104
synth_49578,104
synth_49665,104
synth_49818,104
synth_49372,104
synth_49713,104
synth_49619,104
synth_49416,104
synth_49358,104
synth_49302,104
synth_49396,104
synth_49446,104
synth_49489,104
synth_49738,104
synth_49762,104
synth_49781,104
synth_49351,104
synth_49417,104
synth_49552,104
synth_49610,104
synth_49530,104
synth_49649,104
synth_49742,104
synth_49367,104
synth_49387,104
synth_49684,104
synth_49422,104
synth_49821,104
synth_49850,104
synth_49369,104
synth_49383,104
synth_49467,104
synth_49770,104
synth_49514,104
synth_49688,104
synth_49324,104
synth_49371,104
synth_49333,104
synth_49373,104
synth_49444,104
synth_49604,104
synth_49747,104
synth_49782,104
synth_49425,104
synth_49355,104
synth_49785,104
synth_49275,104
synth_49389,104
synth_49517,104
synth_49611,104
synth_49672,104
synth_49727,104
synth_49775,104
synth_49313,104
synth_49485,104
synth_49662,104
synth_49683,104
synth_49476,104
synth_49488,104
synth_49644,104
synth_49723,104
synth_49311,104
synth_49419,104
synth_49633,104
synth_49671,104
synth_49745,104
synth_49790,104
synth_49459,104
synth_49415,104
synth_49384,104
synth_49398,104
synth_49430,104
synth_49347,104
synth_49788,104
synth_49401,104
synth_49833,104
synth_49521,104
synth_49675,104
synth_49472,104
synth_49564,104
synth_49823,104
synth_49832,104
synth_49555,104
synth_49543,104
synth_49622,104
synth_49657,104
synth_49789,104
synth_49438,104
synth_49516,104
synth_49548,104
synth_49669,104
synth_49288,104
synth_49393,104
synth_49601,104
synth_49608,104
synth_49639,104
synth_49722,104
synth_49317,104
synth_49287,104
synth_49276,104
synth_49400,104
synth_49581,104
synth_49801,104
synth_49528,104
synth_49779,104
synth_49728,104
synth_49828,104
synth_49322,104
synth_49653,104
synth_49764,104
synth_49281,104
synth_49314,104
synth_49495,104
synth_49825,104
synth_49830,104
synth_49342,104
synth_49432,104
synth_49505,104
synth_49518,104
synth_49303,104
synth_49407,104
synth_49758,104
synth_49463,104
synth_49615,104
synth_49852,104
synth_49460,104
synth_49477,104
synth_49748,104
synth_49760,104
synth_49301,104
synth_49510,104
synth_49708,104
synth_49265,104
synth_49286,104
synth_49353,104
synth_49363,104
synth_49658,104
synth_49678,104
synth_49694,104
synth_49433,104
synth_49549,104
synth_49550,104
synth_49829,104
synth_49486,104
synth_49457,104
synth_49298,104
synth_49354,104
synth_49695,104
synth_49471,104
synth_49378,104
synth_49631,104
synth_49656,104
synth_49703,104
synth_49576,104
synth_49809,104
synth_49701,104
synth_49600,104
synth_49798,104
synth_49312,104
synth_49437,104
synth_49574,104
synth_49267,104
synth_49262,104
synth_49731,104
synth_49269,104
synth_49395,104
synth_49844,104
synth_49509,104
synth_49484,104
synth_49335,104
synth_49364,104
synth_49613,104
synth_49464,104
synth_49556,104
synth_49640,104
synth_49541,104
synth_49329,104
synth_49388,104
synth_49458,104
synth_49734,104
synth_49490,104
synth_49598,104
synth_49629,104
synth_49716,104
synth_49642,104
synth_49293,104
synth_49636,104
synth_49284,104
synth_49756,104
synth_49413,104
synth_49710,104
synth_49721,104
synth_49835,104
synth_49319,104
synth_49268,104
synth_49547,104
synth_49766,104
synth_49289,104
synth_49544,104
synth_49562,104
synth_49595,104
synth_49735,104
synth_49582,104
synth_49441,104
synth_49515,104
synth_49492,104
synth_49584,104
synth_49447,104
synth_49451,104
synth_49792,104
synth_49414,104
synth_49820,104
synth_49272,104
synth_49618,104
synth_49772,104
synth_49297,104
synth_49522,104
synth_49330,104
synth_49697,104
synth_49571,104
synth_49569,104
synth_49841,104
synth_49391,104
synth_49594,104
synth_49493,104
synth_49815,104
synth_49263,104
synth_49612,104
synth_49632,104
synth_49585,104
synth_49346,104
synth_49365,104
synth_49670,104
synth_49702,104
synth_49366,104
synth_49561,104
synth_49652,104
synth_49746,104
synth_49469,104
synth_49646,104
synth_49717,104
synth_49817,104
synth_49661,104
synth_49720,104
synth_49855,104
synth_49824,104
synth_49545,104
synth_49473,104
synth_49431,104
synth_49696,104
synth_49362,104
synth_49730,104
synth_49664,104
synth_49480,104
synth_49500,104
synth_49687,104
synth_49767,104
synth_49321,104
synth_49341,104
synth_49565,104
synth_49568,104
synth_49651,104
synth_49845,104
synth_49380,104
synth_49536,104
synth_49755,104
synth_49306,104
synth_49673,104
synth_49706,104
synth_49361,104
synth_49394,104
synth_49834,104
synth_49305,104
synth_49406,104
synth_49352,104
synth_49304,104
synth_49546,104
synth_49630,104
synth_49655,104
synth_49806,104
synth_49807,104
synth_49315,104
synth_49318,104
synth_49573,104
synth_49282,104
synth_49283,104
synth_49274,104
synth_49589,104
synth_49839,104
synth_49525,104
synth_49718,104
synth_49726,104
synth_49777,104
synth_49793,104
synth_49278,104
synth_49539,104
synth_49769,104
synth_49294,104
synth_49542,104
synth_49737,104
synth_49386,104
synth_49455,104
synth_49763,104
synth_49443,104
synth_49599,104
synth_49442,104
synth_49479,104
synth_49583,104
synth_49331,104
synth_49465,104
synth_49511,104
synth_49819,104
synth_49704,104
synth_49397,104
synth_49554,104
synth_49736,104
synth_49412,104
synth_49712,104
synth_49800,104
synth_49270,104
synth_49345,104
synth_49449,104
synth_49513,104
synth_49529,104
synth_49628,104
synth_49725,104
synth_49813,104
synth_49559,104
synth_49625,104
synth_49408,104
synth_49474,104
synth_49527,104
synth_49638,104
synth_49856,104
synth_49709,104
synth_49733,104
synth_49784,104
synth_49450,104
synth_49462,104
synth_49634,104
synth_49846,104
synth_49435,104
synth_49786,104
synth_49804,104
synth_49376,104
synth_49603,104
synth_49605,104
synth_49705,104
synth_49379,104
synth_49557,104
synth_49507,104
synth_49750,104
synth_49468,104
synth_49296,104
synth_49591,104
synth_49854,104
synth_49405,104
synth_49337,104
synth_49620,104
synth_49822,104
synth_49840,104
synth_49370,104
synth_49504,104
synth_49596,104
synth_49327,104
synth_49593,104
synth_49427,104
synth_49524,104
synth_49607,104
synth_49836,104
synth_49831,104
synth_49454,104
synth_49616,104
synth_49751,104
synth_49308,104
synth_49402,104
synth_49326,104
synth_49357,104
synth_49499,104
synth_49660,104
synth_49291,104
synth_49803,104
synth_49285,104
synth_49508,104
synth_49483,104
synth_49307,104
synth_49359,104
synth_49624,104
synth_49666,104
synth_49429,104
synth_49266,104
synth_49382,104
synth_49732,104
synth_49802,104
synth_49273,104
synth_49299,104
synth_49390,104
synth_49445,104
synth_49558,104
synth_49348,104
synth_49621,104
synth_49676,104
synth_49691,104
synth_49567,104
synth_49757,104
synth_49771,104
synth_49423,104
synth_49503,104
synth_49659,104
synth_49826,104
synth_49434,104
synth_49343,104
synth_49680,104
synth_49685,104
synth_49773,104
synth_49403,104
synth_49410,104
synth_49650,104
synth_49699,104
synth_49368,104
synth_49466,104
synth_49310,104
synth_49935,103
synth_49922,103
synth_49914,103
synth_49862,103
synth_49905,103
synth_49880,103
synth_49961,103
synth_49956,103
synth_49944,103
synth_49916,103
synth_49951,103
synth_49972,103
synth_49932,103
synth_49985,103
synth_49895,103
synth_49990,103
synth_49903,103
synth_49976,103
synth_49874,103
synth_49886,103
synth_49879,103
synth_49995,103
synth_49919,103
synth_49992,103
synth_49899,103
synth_49893,103
synth_49946,103
synth_49911,103
synth_49876,103
synth_49973,103
synth_49875,103
synth_49982,103
synth_49924,103
synth_49977,103
synth_49917,103
synth_49858,103
synth_49997,103
synth_49991,103
synth_49952,103
synth_49883,103
synth_49980,103
synth_49965,103
synth_49927,103
synth_49978,103
synth_49930,103
synth_49981,103
synth_49983,103
synth_49998,103
synth_49898,103
synth_49889,103
synth_49912,103
synth_49949,103
synth_49888,103
synth_49877,103
synth_49937,103
synth_49942,103
synth_49994,103
synth_49974,103
synth_49907,103
synth_49910,103
synth_49950,103
synth_49918,103
synth_49891,103
synth_49931,103
synth_49913,103
synth_49984,103
synth_49859,103
synth_49920,103
synth_49868,103
synth_49933,103
synth_49964,103
synth_49928,103
synth_49968,103
synth_49999,103
synth_49915,103
synth_49988,103
synth_49971,103
synth_49865,103
synth_49902,103
synth_50000,103
synth_49963,103
synth_49938,103
synth_49947,103
synth_49904,103
synth_49890,103
synth_49926,103
synth_49957,103
synth_49901,103
synth_49943,103
synth_49967,103
synth_49989,103
synth_49986,103
synth_49953,103
synth_49940,103
synth_49960,103
synth_49869,103
synth_49857,103
synth_49896,103
synth_49878,103
synth_49945,103
synth_49921,103
synth_49979,103
synth_49934,103
synth_49954,103
synth_49958,103
synth_49894,103
synth_49908,103
synth_49993,103
synth_49966,103
synth_49884,103
synth_49863,103
synth_49882,103
synth_49969,103
synth_49900,103
synth_49885,103
synth_49897,103
synth_49939,103
synth_49929,103
synth_49872,103
synth_49873,103
synth_49925,103
synth_49870,103
synth_49975,103
synth_49909,103
synth_49923,103
synth_49887,103
synth_49948,103
synth_49970,103
synth_49959,103
synth_49861,103
synth_49864,103
synth_49871,103
synth_49881,103
synth_49860,103
synth_49867,103
synth_49906,103
synth_49892,103
synth_49941,103
synth_49996,103
synth_49962,103
synth_49866,103
synth_49936,103
synth_49987,103
synth_49955,103
